{
    "logistic_regression": {
        "0": {
            "precision": 0.9254901960784314,
            "recall": 0.8905660377358491,
            "f1-score": 0.9076923076923077,
            "support": 265.0
        },
        "1": {
            "precision": 1.0,
            "recall": 1.0,
            "f1-score": 1.0,
            "support": 104.0
        },
        "2": {
            "precision": 0.9109792284866469,
            "recall": 0.941717791411043,
            "f1-score": 0.9260935143288085,
            "support": 326.0
        },
        "3": {
            "precision": 0.9265129682997119,
            "recall": 0.9069111424541608,
            "f1-score": 0.9166072701354241,
            "support": 709.0
        },
        "4": {
            "precision": 0.9642857142857143,
            "recall": 0.9435483870967742,
            "f1-score": 0.9538043478260869,
            "support": 372.0
        },
        "5": {
            "precision": 0.9296116504854369,
            "recall": 0.9433497536945813,
            "f1-score": 0.9364303178484108,
            "support": 406.0
        },
        "6": {
            "precision": 0.858195211786372,
            "recall": 0.8842504743833017,
            "f1-score": 0.8710280373831776,
            "support": 527.0
        },
        "accuracy": 0.9191583610188261,
        "macro avg": {
            "precision": 0.9307249956317589,
            "recall": 0.9300490838251013,
            "f1-score": 0.9302365421734592,
            "support": 2709.0
        },
        "weighted avg": {
            "precision": 0.9197258462143663,
            "recall": 0.9191583610188261,
            "f1-score": 0.9192902192227252,
            "support": 2709.0
        }
    },
    "decision_tree": {
        "0": {
            "precision": 0.8810408921933085,
            "recall": 0.8943396226415095,
            "f1-score": 0.8876404494382022,
            "support": 265.0
        },
        "1": {
            "precision": 1.0,
            "recall": 1.0,
            "f1-score": 1.0,
            "support": 104.0
        },
        "2": {
            "precision": 0.8945783132530121,
            "recall": 0.911042944785276,
            "f1-score": 0.9027355623100304,
            "support": 326.0
        },
        "3": {
            "precision": 0.8887343532684284,
            "recall": 0.9012693935119888,
            "f1-score": 0.8949579831932774,
            "support": 709.0
        },
        "4": {
            "precision": 0.9527777777777777,
            "recall": 0.9220430107526881,
            "f1-score": 0.9371584699453552,
            "support": 372.0
        },
        "5": {
            "precision": 0.9069212410501193,
            "recall": 0.9359605911330049,
            "f1-score": 0.9212121212121213,
            "support": 406.0
        },
        "6": {
            "precision": 0.841897233201581,
            "recall": 0.8083491461100569,
            "f1-score": 0.8247821878025169,
            "support": 527.0
        },
        "accuracy": 0.8955334071613141,
        "macro avg": {
            "precision": 0.9094214015348896,
            "recall": 0.9104292441335036,
            "f1-score": 0.9097838248430719,
            "support": 2709.0
        },
        "weighted avg": {
            "precision": 0.8953651613569359,
            "recall": 0.8955334071613141,
            "f1-score": 0.8952886701742143,
            "support": 2709.0
        }
    },
    "random_forest": {
        "0": {
            "precision": 0.9182879377431906,
            "recall": 0.8905660377358491,
            "f1-score": 0.9042145593869731,
            "support": 265.0
        },
        "1": {
            "precision": 1.0,
            "recall": 1.0,
            "f1-score": 1.0,
            "support": 104.0
        },
        "2": {
            "precision": 0.918429003021148,
            "recall": 0.9325153374233128,
            "f1-score": 0.9254185692541856,
            "support": 326.0
        },
        "3": {
            "precision": 0.9111111111111111,
            "recall": 0.92524682651622,
            "f1-score": 0.9181245626312107,
            "support": 709.0
        },
        "4": {
            "precision": 0.9641873278236914,
            "recall": 0.9408602150537635,
            "f1-score": 0.9523809523809523,
            "support": 372.0
        },
        "5": {
            "precision": 0.941747572815534,
            "recall": 0.9556650246305419,
            "f1-score": 0.9486552567237164,
            "support": 406.0
        },
        "6": {
            "precision": 0.8659003831417624,
            "recall": 0.857685009487666,
            "f1-score": 0.8617731172545281,
            "support": 527.0
        },
        "accuracy": 0.9191583610188261,
        "macro avg": {
            "precision": 0.9313804765223482,
            "recall": 0.9289340644067646,
            "f1-score": 0.9300810025187952,
            "support": 2709.0
        },
        "weighted avg": {
            "precision": 0.9191910810977654,
            "recall": 0.9191583610188261,
            "f1-score": 0.9191021808891179,
            "support": 2709.0
        }
    },
    "mlp": {
        "0": {
            "precision": 0.9260700389105059,
            "recall": 0.8981132075471698,
            "f1-score": 0.9118773946360154,
            "support": 265.0
        },
        "1": {
            "precision": 1.0,
            "recall": 1.0,
            "f1-score": 1.0,
            "support": 104.0
        },
        "2": {
            "precision": 0.9191616766467066,
            "recall": 0.941717791411043,
            "f1-score": 0.9303030303030303,
            "support": 326.0
        },
        "3": {
            "precision": 0.9225352112676056,
            "recall": 0.923836389280677,
            "f1-score": 0.923185341789993,
            "support": 709.0
        },
        "4": {
            "precision": 0.9669421487603306,
            "recall": 0.9435483870967742,
            "f1-score": 0.9551020408163265,
            "support": 372.0
        },
        "5": {
            "precision": 0.9396135265700483,
            "recall": 0.958128078817734,
            "f1-score": 0.948780487804878,
            "support": 406.0
        },
        "6": {
            "precision": 0.8766603415559773,
            "recall": 0.8766603415559773,
            "f1-score": 0.8766603415559773,
            "support": 527.0
        },
        "accuracy": 0.9250645994832042,
        "macro avg": {
            "precision": 0.9358547062444534,
            "recall": 0.9345720279584822,
            "f1-score": 0.9351298052723173,
            "support": 2709.0
        },
        "weighted avg": {
            "precision": 0.9251820977530917,
            "recall": 0.9250645994832042,
            "f1-score": 0.9250526179471725,
            "support": 2709.0
        }
    }
}