seed,model_name,display_name,input_type,explainer_type,sample_id,row_index,selection_seed,selection_group,selected_from_model,true_label,true_class_name,explained_predicted_label,explained_predicted_class_name,feature_rank,feature,shap_value,abs_shap_value,original_feature_value,model_input_feature_value
1,logistic_regression,Logistic Regression,scaled,linear,2573,192,1,barbunya_predicted_as_cali,decision_tree,0,BARBUNYA,2,CALI,1,ShapeFactor1,2.864522436524838,2.864522436524838,0.005314961869829,-1.1050931589179638
1,logistic_regression,Logistic Regression,scaled,linear,2573,192,1,barbunya_predicted_as_cali,decision_tree,0,BARBUNYA,2,CALI,2,roundness,0.864478182180753,0.864478182180753,0.9045325908282456,0.5183217787978041
1,logistic_regression,Logistic Regression,scaled,linear,2573,192,1,barbunya_predicted_as_cali,decision_tree,0,BARBUNYA,2,CALI,3,MinorAxisLength,0.7209073724313456,0.7209073724313456,240.5130294492974,0.8477767819176024
1,logistic_regression,Logistic Regression,scaled,linear,2573,192,1,barbunya_predicted_as_cali,decision_tree,0,BARBUNYA,2,CALI,4,EquivDiameter,0.7117837949454195,0.7117837949454195,293.6475351976314,0.6863912857027362
1,logistic_regression,Logistic Regression,scaled,linear,2573,192,1,barbunya_predicted_as_cali,decision_tree,0,BARBUNYA,2,CALI,5,ShapeFactor2,0.6380802963858163,0.6380802963858163,0.0014521595602311,-0.4494768743905221
1,logistic_regression,Logistic Regression,scaled,linear,2590,960,1,barbunya_predicted_as_cali,decision_tree,0,BARBUNYA,2,CALI,1,ShapeFactor1,1.9083878242870422,1.9083878242870422,0.0056897429947588,-0.7730868874382189
1,logistic_regression,Logistic Regression,scaled,linear,2590,960,1,barbunya_predicted_as_cali,decision_tree,0,BARBUNYA,2,CALI,2,ShapeFactor2,1.424755101845134,1.424755101845134,0.0011735798544305,-0.9168432112039804
1,logistic_regression,Logistic Regression,scaled,linear,2590,960,1,barbunya_predicted_as_cali,decision_tree,0,BARBUNYA,2,CALI,3,ShapeFactor4,-0.8435875152326169,0.8435875152326169,0.997570025272178,0.573635466516168
1,logistic_regression,Logistic Regression,scaled,linear,2590,960,1,barbunya_predicted_as_cali,decision_tree,0,BARBUNYA,2,CALI,4,Eccentricity,0.8079301895748937,0.8079301895748937,0.8148552227551156,0.7032443731176219
1,logistic_regression,Logistic Regression,scaled,linear,2590,960,1,barbunya_predicted_as_cali,decision_tree,0,BARBUNYA,2,CALI,5,MajorAxisLength,0.7917753710410586,0.7917753710410586,386.98786978852297,0.7839859399786914
1,logistic_regression,Logistic Regression,scaled,linear,2591,66,1,barbunya_predicted_as_cali,logistic_regression,0,BARBUNYA,2,CALI,1,ShapeFactor1,2.1510184589718713,2.1510184589718713,0.0055946377856745,-0.857337464017534
1,logistic_regression,Logistic Regression,scaled,linear,2591,66,1,barbunya_predicted_as_cali,logistic_regression,0,BARBUNYA,2,CALI,2,ShapeFactor4,1.808150026560628,1.808150026560628,0.9880679024330704,-1.603589852677381
1,logistic_regression,Logistic Regression,scaled,linear,2591,66,1,barbunya_predicted_as_cali,logistic_regression,0,BARBUNYA,2,CALI,3,ShapeFactor2,1.2537782851070078,1.2537782851070078,0.0012341266915417,-0.8152652682415545
1,logistic_regression,Logistic Regression,scaled,linear,2591,66,1,barbunya_predicted_as_cali,logistic_regression,0,BARBUNYA,2,CALI,4,roundness,-1.0460457983941331,1.0460457983941331,0.8358830384499509,-0.6420037727975543
1,logistic_regression,Logistic Regression,scaled,linear,2591,66,1,barbunya_predicted_as_cali,logistic_regression,0,BARBUNYA,2,CALI,5,EquivDiameter,0.7252003996239855,0.7252003996239855,294.29720826243783,0.6973523027999835
1,logistic_regression,Logistic Regression,scaled,linear,2668,479,1,barbunya_predicted_as_cali,random_forest,0,BARBUNYA,2,CALI,1,ShapeFactor1,2.4261760530295358,2.4261760530295358,0.0054867828128349,-0.9528826369494204
1,logistic_regression,Logistic Regression,scaled,linear,2668,479,1,barbunya_predicted_as_cali,random_forest,0,BARBUNYA,2,CALI,2,ShapeFactor2,1.172412766026773,1.172412766026773,0.00126294009984,-0.766925720144229
1,logistic_regression,Logistic Regression,scaled,linear,2668,479,1,barbunya_predicted_as_cali,random_forest,0,BARBUNYA,2,CALI,3,EquivDiameter,0.7791046087825125,0.7791046087825125,296.9074150628167,0.7413906397977282
1,logistic_regression,Logistic Regression,scaled,linear,2668,479,1,barbunya_predicted_as_cali,random_forest,0,BARBUNYA,2,CALI,4,MajorAxisLength,0.6929193015794123,0.6929193015794123,379.8828948294386,0.7010978884297809
1,logistic_regression,Logistic Regression,scaled,linear,2668,479,1,barbunya_predicted_as_cali,random_forest,0,BARBUNYA,2,CALI,5,ShapeFactor4,-0.5951428913774643,0.5951428913774643,0.9966797594380294,0.3696484893173773
1,logistic_regression,Logistic Regression,scaled,linear,2790,126,1,barbunya_predicted_as_cali,logistic_regression,0,BARBUNYA,2,CALI,1,ShapeFactor1,3.0430826323036726,3.0430826323036726,0.0052449706884774,-1.1670960443657297
1,logistic_regression,Logistic Regression,scaled,linear,2790,126,1,barbunya_predicted_as_cali,logistic_regression,0,BARBUNYA,2,CALI,2,ShapeFactor2,0.9057971157147569,0.9057971157147569,0.0013573548553531,-0.6085284015079594
1,logistic_regression,Logistic Regression,scaled,linear,2790,126,1,barbunya_predicted_as_cali,logistic_regression,0,BARBUNYA,2,CALI,3,EquivDiameter,0.876630429533916,0.876630429533916,301.6299138159141,0.8210666990012154
1,logistic_regression,Logistic Regression,scaled,linear,2790,126,1,barbunya_predicted_as_cali,logistic_regression,0,BARBUNYA,2,CALI,4,MinorAxisLength,0.8028156432528184,0.8028156432528184,244.4125876142546,0.9343446540621446
1,logistic_regression,Logistic Regression,scaled,linear,2790,126,1,barbunya_predicted_as_cali,logistic_regression,0,BARBUNYA,2,CALI,5,MajorAxisLength,0.6219838136570172,0.6219838136570172,374.7846255158424,0.6416204642151777
1,logistic_regression,Logistic Regression,scaled,linear,2883,553,1,barbunya_predicted_as_cali,mlp,0,BARBUNYA,2,CALI,1,ShapeFactor1,3.2805206612045454,3.2805206612045454,0.0051519008524589,-1.2495435508924289
1,logistic_regression,Logistic Regression,scaled,linear,2883,553,1,barbunya_predicted_as_cali,mlp,0,BARBUNYA,2,CALI,2,EquivDiameter,0.9477501181241074,0.9477501181241074,305.07374682444606,0.8791696349722938
1,logistic_regression,Logistic Regression,scaled,linear,2883,553,1,barbunya_predicted_as_cali,mlp,0,BARBUNYA,2,CALI,3,MinorAxisLength,0.8994004517358245,0.8994004517358245,249.01087878501625,1.0364239833900204
1,logistic_regression,Logistic Regression,scaled,linear,2883,553,1,barbunya_predicted_as_cali,mlp,0,BARBUNYA,2,CALI,4,ShapeFactor2,0.8738476020532001,0.8738476020532001,0.0013686689155652,-0.5895470803071935
1,logistic_regression,Logistic Regression,scaled,linear,2883,553,1,barbunya_predicted_as_cali,mlp,0,BARBUNYA,2,CALI,5,MajorAxisLength,0.6470822281380538,0.6470822281380538,376.5884966121909,0.6626647833412505
1,logistic_regression,Logistic Regression,scaled,linear,3330,895,1,barbunya_predicted_as_cali,logistic_regression,0,BARBUNYA,2,CALI,1,ShapeFactor1,4.319959795743747,4.319959795743747,0.0047444664147212,-1.610476318173805
1,logistic_regression,Logistic Regression,scaled,linear,3330,895,1,barbunya_predicted_as_cali,logistic_regression,0,BARBUNYA,2,CALI,2,EquivDiameter,1.767933656888721,1.767933656888721,344.7895442336276,1.5492382556600577
1,logistic_regression,Logistic Regression,scaled,linear,3330,895,1,barbunya_predicted_as_cali,logistic_regression,0,BARBUNYA,2,CALI,3,ShapeFactor2,1.7056946320275457,1.7056946320275457,0.0010740926824468,-1.0837503984893089
1,logistic_regression,Logistic Regression,scaled,linear,3330,895,1,barbunya_predicted_as_cali,logistic_regression,0,BARBUNYA,2,CALI,4,MajorAxisLength,1.5708484055316454,1.5708484055316454,442.9813402096897,1.4372169069278256
1,logistic_regression,Logistic Regression,scaled,linear,3330,895,1,barbunya_predicted_as_cali,logistic_regression,0,BARBUNYA,2,CALI,5,MinorAxisLength,1.3208597666337796,1.3208597666337796,269.0760699570991,1.4818592943824211
1,logistic_regression,Logistic Regression,scaled,linear,3750,1642,1,correct_bombay,logistic_regression,1,BOMBAY,1,BOMBAY,1,Area,10.342209377944668,10.342209377944668,188888.0,4.6286066232534
1,logistic_regression,Logistic Regression,scaled,linear,3750,1642,1,correct_bombay,logistic_regression,1,BOMBAY,1,BOMBAY,2,ConvexArea,10.326561142573489,10.326561142573489,191255.0,4.614467936921917
1,logistic_regression,Logistic Regression,scaled,linear,3750,1642,1,correct_bombay,logistic_regression,1,BOMBAY,1,BOMBAY,3,MinorAxisLength,7.263548584329003,7.263548584329003,384.8905253825387,4.052871328477645
1,logistic_regression,Logistic Regression,scaled,linear,3750,1642,1,correct_bombay,logistic_regression,1,BOMBAY,1,BOMBAY,4,EquivDiameter,6.189122675934595,6.189122675934595,490.4076581028639,4.006047260455602
1,logistic_regression,Logistic Regression,scaled,linear,3750,1642,1,correct_bombay,logistic_regression,1,BOMBAY,1,BOMBAY,5,Perimeter,5.096614330552159,5.096614330552159,1655.013,3.731813354690771
1,logistic_regression,Logistic Regression,scaled,linear,3869,806,1,correct_bombay,logistic_regression,1,BOMBAY,1,BOMBAY,1,ConvexArea,15.396498399483779,15.396498399483779,257425.0,6.834812830363772
1,logistic_regression,Logistic Regression,scaled,linear,3869,806,1,correct_bombay,logistic_regression,1,BOMBAY,1,BOMBAY,2,Area,15.200542556060332,15.200542556060332,251432.0,6.759250256079441
1,logistic_regression,Logistic Regression,scaled,linear,3869,806,1,correct_bombay,logistic_regression,1,BOMBAY,1,BOMBAY,3,MinorAxisLength,9.94768819722503,9.94768819722503,450.926186722595,5.518823737967868
1,logistic_regression,Logistic Regression,scaled,linear,3869,806,1,correct_bombay,logistic_regression,1,BOMBAY,1,BOMBAY,4,EquivDiameter,8.207191456230454,8.207191456230454,565.8031152369625,5.278088444659286
1,logistic_regression,Logistic Regression,scaled,linear,3869,806,1,correct_bombay,logistic_regression,1,BOMBAY,1,BOMBAY,5,Perimeter,6.82820948241541,6.82820948241541,1919.868,4.966718210859961
1,logistic_regression,Logistic Regression,scaled,linear,10986,2688,1,correct_dermason,decision_tree,3,DERMASON,3,DERMASON,1,ShapeFactor1,4.982755322622282,4.982755322622282,0.0082514737927259,1.496266167433999
1,logistic_regression,Logistic Regression,scaled,linear,10986,2688,1,correct_dermason,decision_tree,3,DERMASON,3,DERMASON,2,EquivDiameter,2.5925107465767443,2.5925107465767443,192.18255049217552,-1.0254842596683391
1,logistic_regression,Logistic Regression,scaled,linear,10986,2688,1,correct_dermason,decision_tree,3,DERMASON,3,DERMASON,3,MajorAxisLength,2.4294617903091424,2.4294617903091424,239.3587517793939,-0.9382847244682192
1,logistic_regression,Logistic Regression,scaled,linear,10986,2688,1,correct_dermason,decision_tree,3,DERMASON,3,DERMASON,4,MinorAxisLength,2.3962509210957466,2.3962509210957466,155.6394161022519,-1.0363669589548954
1,logistic_regression,Logistic Regression,scaled,linear,10986,2688,1,correct_dermason,decision_tree,3,DERMASON,3,DERMASON,5,Perimeter,1.9580844601527183,1.9580844601527183,637.9269999999999,-1.010420850975338
1,logistic_regression,Logistic Regression,scaled,linear,11387,453,1,correct_dermason,random_forest,3,DERMASON,3,DERMASON,1,ShapeFactor1,4.664724528877708,4.664724528877708,0.0081357126885662,1.3937172128097794
1,logistic_regression,Logistic Regression,scaled,linear,11387,453,1,correct_dermason,random_forest,3,DERMASON,3,DERMASON,2,EquivDiameter,2.407288726916449,2.407288726916449,196.96924167906303,-0.9447251720888842
1,logistic_regression,Logistic Regression,scaled,linear,11387,453,1,correct_dermason,random_forest,3,DERMASON,3,DERMASON,3,MinorAxisLength,2.339059447379963,2.339059447379963,156.8459450123447,-1.00958273468913
1,logistic_regression,Logistic Regression,scaled,linear,11387,453,1,correct_dermason,random_forest,3,DERMASON,3,DERMASON,4,MajorAxisLength,2.2006474449994933,2.2006474449994933,247.90330133330264,-0.8386023092640593
1,logistic_regression,Logistic Regression,scaled,linear,11387,453,1,correct_dermason,random_forest,3,DERMASON,3,DERMASON,5,Perimeter,1.8127222429865582,1.8127222429865582,655.5609999999999,-0.9282010996635354
1,logistic_regression,Logistic Regression,scaled,linear,11479,946,1,correct_dermason,mlp,3,DERMASON,3,DERMASON,1,ShapeFactor1,3.290486545289754,3.290486545289754,0.0076354991574007,0.950594498299858
1,logistic_regression,Logistic Regression,scaled,linear,11479,946,1,correct_dermason,mlp,3,DERMASON,3,DERMASON,2,MajorAxisLength,2.53356758336368,2.53356758336368,235.4711585150832,-0.9836381610037522
1,logistic_regression,Logistic Regression,scaled,linear,11479,946,1,correct_dermason,mlp,3,DERMASON,3,DERMASON,3,EquivDiameter,2.361402601957907,2.361402601957907,198.15507644289028,-0.9247182550333142
1,logistic_regression,Logistic Regression,scaled,linear,11479,946,1,correct_dermason,mlp,3,DERMASON,3,DERMASON,4,Perimeter,1.8429339094215118,1.8429339094215118,651.896,-0.9452894170366642
1,logistic_regression,Logistic Regression,scaled,linear,11479,946,1,correct_dermason,mlp,3,DERMASON,3,DERMASON,5,MinorAxisLength,1.8313745546340034,1.8313745546340034,167.55622157138953,-0.7718209646178646
1,logistic_regression,Logistic Regression,scaled,linear,11538,2056,1,correct_dermason,logistic_regression,3,DERMASON,3,DERMASON,1,ShapeFactor1,3.23578802507075,3.23578802507075,0.0076155892580419,0.9329569733234064
1,logistic_regression,Logistic Regression,scaled,linear,11538,2056,1,correct_dermason,logistic_regression,3,DERMASON,3,DERMASON,2,MajorAxisLength,2.5118735597371513,2.5118735597371513,236.2812723200096,-0.9741872121672096
1,logistic_regression,Logistic Regression,scaled,linear,11538,2056,1,correct_dermason,logistic_regression,3,DERMASON,3,DERMASON,3,EquivDiameter,2.3381903721832815,2.3381903721832815,198.7549499130856,-0.9145974362412423
1,logistic_regression,Logistic Regression,scaled,linear,11538,2056,1,correct_dermason,logistic_regression,3,DERMASON,3,DERMASON,4,Perimeter,1.8711836722789708,1.8711836722789708,648.4689999999999,-0.9612680428586868
1,logistic_regression,Logistic Regression,scaled,linear,11538,2056,1,correct_dermason,logistic_regression,3,DERMASON,3,DERMASON,5,MinorAxisLength,1.8271473250449453,1.8271473250449453,167.64540050624518,-0.7698412452999313
1,logistic_regression,Logistic Regression,scaled,linear,11655,859,1,correct_dermason,random_forest,3,DERMASON,3,DERMASON,1,ShapeFactor1,2.925920450353085,2.925920450353085,0.0075027995115829,0.8330402467539655
1,logistic_regression,Logistic Regression,scaled,linear,11655,859,1,correct_dermason,random_forest,3,DERMASON,3,DERMASON,2,MajorAxisLength,2.511555010406897,2.511555010406897,236.29316781779423,-0.974048436923208
1,logistic_regression,Logistic Regression,scaled,linear,11655,859,1,correct_dermason,random_forest,3,DERMASON,3,DERMASON,3,EquivDiameter,2.280402503476287,2.280402503476287,200.2483613463272,-0.889401211955936
1,logistic_regression,Logistic Regression,scaled,linear,11655,859,1,correct_dermason,random_forest,3,DERMASON,3,DERMASON,4,Perimeter,1.8564034491090193,1.8564034491090193,650.262,-0.9529080556690498
1,logistic_regression,Logistic Regression,scaled,linear,11655,859,1,correct_dermason,random_forest,3,DERMASON,3,DERMASON,5,MinorAxisLength,1.7150415859464687,1.7150415859464687,170.0104176394251,-0.7173392714495122
1,logistic_regression,Logistic Regression,scaled,linear,11678,1622,1,correct_dermason,logistic_regression,3,DERMASON,3,DERMASON,1,ShapeFactor1,3.4635081324919406,3.4635081324919406,0.0076984778700661,1.0063852683888008
1,logistic_regression,Logistic Regression,scaled,linear,11678,1622,1,correct_dermason,logistic_regression,3,DERMASON,3,DERMASON,2,MajorAxisLength,2.333330253996234,2.333330253996234,242.94856462354684,-0.8964052535635905
1,logistic_regression,Logistic Regression,scaled,linear,11678,1622,1,correct_dermason,logistic_regression,3,DERMASON,3,DERMASON,3,EquivDiameter,2.2725333527573164,2.2725333527573164,200.45172374602387,-0.8859701650790323
1,logistic_regression,Logistic Regression,scaled,linear,11678,1622,1,correct_dermason,logistic_regression,3,DERMASON,3,DERMASON,4,MinorAxisLength,1.8581053115975978,1.8581053115975978,166.9923013054856,-0.7843396591502806
1,logistic_regression,Logistic Regression,scaled,linear,11678,1622,1,correct_dermason,logistic_regression,3,DERMASON,3,DERMASON,5,Perimeter,1.8053692262171228,1.8053692262171228,656.453,-0.9240420876316576
1,logistic_regression,Logistic Regression,scaled,linear,13256,365,1,correct_dermason,decision_tree,3,DERMASON,6,SIRA,1,Perimeter,1.231928126241229,1.231928126241229,739.694,-0.5359251363474472
1,logistic_regression,Logistic Regression,scaled,linear,13256,365,1,correct_dermason,decision_tree,3,DERMASON,6,SIRA,2,ShapeFactor1,-0.8552495227078035,0.8552495227078035,0.0072396610226421,0.5999345144084177
1,logistic_regression,Logistic Regression,scaled,linear,13256,365,1,correct_dermason,decision_tree,3,DERMASON,6,SIRA,3,ConvexArea,0.849985248642269,0.849985248642269,39487.0,-0.4781314855940791
1,logistic_regression,Logistic Regression,scaled,linear,13256,365,1,correct_dermason,decision_tree,3,DERMASON,6,SIRA,4,Area,0.815861302425588,0.815861302425588,39118.0,-0.4735054400677232
1,logistic_regression,Logistic Regression,scaled,linear,13256,365,1,correct_dermason,decision_tree,3,DERMASON,6,SIRA,5,MinorAxisLength,0.733755518242068,0.733755518242068,176.5391833949771,-0.572404554417411
1,logistic_regression,Logistic Regression,scaled,linear,7727,318,1,correct_sira,logistic_regression,6,SIRA,6,SIRA,1,Perimeter,1.2095706274542513,1.2095706274542513,742.1579999999999,-0.5244365649948172
1,logistic_regression,Logistic Regression,scaled,linear,7727,318,1,correct_sira,logistic_regression,6,SIRA,6,SIRA,2,ConvexArea,0.8092154990182842,0.8092154990182842,40302.0,-0.4507840307330376
1,logistic_regression,Logistic Regression,scaled,linear,7727,318,1,correct_sira,logistic_regression,6,SIRA,6,SIRA,3,Area,0.7798494703546818,0.7798494703546818,39852.0,-0.4485007645353889
1,logistic_regression,Logistic Regression,scaled,linear,7727,318,1,correct_sira,logistic_regression,6,SIRA,6,SIRA,4,ShapeFactor1,-0.6669261121433335,0.6669261121433335,0.0070630900413808,0.4435160897850738
1,logistic_regression,Logistic Regression,scaled,linear,7727,318,1,correct_sira,logistic_regression,6,SIRA,6,SIRA,5,MinorAxisLength,0.6227417885655249,0.6227417885655249,181.02543252679925,-0.4728124917211475
1,logistic_regression,Logistic Regression,scaled,linear,8289,708,1,correct_sira,random_forest,6,SIRA,6,SIRA,1,Perimeter,0.8991153429589342,0.8991153429589342,776.373,-0.3649067480994252
1,logistic_regression,Logistic Regression,scaled,linear,8289,708,1,correct_sira,random_forest,6,SIRA,6,SIRA,2,ConvexArea,0.651839263046436,0.651839263046436,43448.0,-0.3452194994534838
1,logistic_regression,Logistic Regression,scaled,linear,8289,708,1,correct_sira,random_forest,6,SIRA,6,SIRA,3,Area,0.6326130833726797,0.6326130833726797,42853.0,-0.3462677519025072
1,logistic_regression,Logistic Regression,scaled,linear,8289,708,1,correct_sira,random_forest,6,SIRA,6,SIRA,4,MajorAxisLength,0.5165017308914649,0.5165017308914649,283.2678336337636,-0.4260326389690518
1,logistic_regression,Logistic Regression,scaled,linear,8289,708,1,correct_sira,random_forest,6,SIRA,6,SIRA,5,EquivDiameter,0.4269307207370929,0.4269307207370929,233.5853895485245,-0.3269525652592122
1,logistic_regression,Logistic Regression,scaled,linear,8419,1064,1,correct_sira,decision_tree,6,SIRA,6,SIRA,1,ShapeFactor4,1.0618667605207865,1.0618667605207865,0.989259861195775,-1.3304758505183816
1,logistic_regression,Logistic Regression,scaled,linear,8419,1064,1,correct_sira,decision_tree,6,SIRA,6,SIRA,2,Perimeter,0.7190122612126973,0.7190122612126973,796.222,-0.272359405251066
1,logistic_regression,Logistic Regression,scaled,linear,8419,1064,1,correct_sira,decision_tree,6,SIRA,6,SIRA,3,ConvexArea,0.6173225425058845,0.6173225425058845,44138.0,-0.32206643950978
1,logistic_regression,Logistic Regression,scaled,linear,8419,1064,1,correct_sira,decision_tree,6,SIRA,6,SIRA,4,Area,0.6053343658911758,0.6053343658911758,43409.0,-0.3273268805183412
1,logistic_regression,Logistic Regression,scaled,linear,8419,1064,1,correct_sira,decision_tree,6,SIRA,6,SIRA,5,MajorAxisLength,0.4451030288635811,0.4451030288635811,289.7391227424172,-0.3505372926356837
1,logistic_regression,Logistic Regression,scaled,linear,8633,1802,1,correct_sira,random_forest,6,SIRA,6,SIRA,1,ShapeFactor4,1.6509263434934625,1.6509263434934625,0.9863267925889592,-2.002531068264967
1,logistic_regression,Logistic Regression,scaled,linear,8633,1802,1,correct_sira,random_forest,6,SIRA,6,SIRA,2,Solidity,-0.7263813326740727,0.7263813326740727,0.9735330234189984,-2.919785840438625
1,logistic_regression,Logistic Regression,scaled,linear,8633,1802,1,correct_sira,random_forest,6,SIRA,6,SIRA,3,Perimeter,0.5990584730780173,0.5990584730780173,809.442,-0.2107202358996974
1,logistic_regression,Logistic Regression,scaled,linear,8633,1802,1,correct_sira,random_forest,6,SIRA,6,SIRA,4,Area,0.5568606736758418,0.5568606736758418,44397.0,-0.2936693608644635
1,logistic_regression,Logistic Regression,scaled,linear,8633,1802,1,correct_sira,random_forest,6,SIRA,6,SIRA,5,ConvexArea,0.5439870174153792,0.5439870174153792,45604.0,-0.2728745759192441
1,logistic_regression,Logistic Regression,scaled,linear,8840,308,1,correct_sira,mlp,6,SIRA,6,SIRA,1,Perimeter,0.6838609015127161,0.6838609015127161,800.096,-0.254296610843562
1,logistic_regression,Logistic Regression,scaled,linear,8840,308,1,correct_sira,mlp,6,SIRA,6,SIRA,2,ShapeFactor4,-0.6299496448964033,0.6299496448964033,0.9976838198761236,0.5997092709799912
1,logistic_regression,Logistic Regression,scaled,linear,8840,308,1,correct_sira,mlp,6,SIRA,6,SIRA,3,ConvexArea,0.5380341337279508,0.5380341337279508,45723.0,-0.2688815119579387
1,logistic_regression,Logistic Regression,scaled,linear,8840,308,1,correct_sira,mlp,6,SIRA,6,SIRA,4,Area,0.5131951007288301,0.5131951007288301,45287.0,-0.2633503401236222
1,logistic_regression,Logistic Regression,scaled,linear,8840,308,1,correct_sira,mlp,6,SIRA,6,SIRA,5,MajorAxisLength,0.3573238758113118,0.3573238758113118,297.6950695731053,-0.2577216339148466
1,logistic_regression,Logistic Regression,scaled,linear,9111,186,1,correct_sira,logistic_regression,6,SIRA,6,SIRA,1,Perimeter,0.617414487707099,0.617414487707099,807.419,-0.2201526140841013
1,logistic_regression,Logistic Regression,scaled,linear,9111,186,1,correct_sira,logistic_regression,6,SIRA,6,SIRA,2,ShapeFactor4,-0.5043871263967615,0.5043871263967615,0.9970586140534028,0.4564556033539767
1,logistic_regression,Logistic Regression,scaled,linear,9111,186,1,correct_sira,logistic_regression,6,SIRA,6,SIRA,3,ConvexArea,0.4734528493542522,0.4734528493542522,47014.0,-0.2255618012516755
1,logistic_regression,Logistic Regression,scaled,linear,9111,186,1,correct_sira,logistic_regression,6,SIRA,6,SIRA,4,Area,0.45127829953879806,0.45127829953879806,46549.0,-0.220358650039418
1,logistic_regression,Logistic Regression,scaled,linear,9111,186,1,correct_sira,logistic_regression,6,SIRA,6,SIRA,5,MinorAxisLength,0.2917498413966286,0.2917498413966286,194.4013666563265,-0.1758747088860905
1,logistic_regression,Logistic Regression,scaled,linear,9316,462,1,correct_sira,decision_tree,6,SIRA,6,SIRA,1,ShapeFactor4,-0.6552215306953729,0.6552215306953729,0.997809654642274,0.6285418427680326
1,logistic_regression,Logistic Regression,scaled,linear,9316,462,1,correct_sira,decision_tree,6,SIRA,6,SIRA,2,Perimeter,0.5296177513991438,0.5296177513991438,817.095,-0.1750375911912235
1,logistic_regression,Logistic Regression,scaled,linear,9316,462,1,correct_sira,decision_tree,6,SIRA,6,SIRA,3,ConvexArea,0.4174257087666902,0.4174257087666902,48134.0,-0.1879800227923302
1,logistic_regression,Logistic Regression,scaled,linear,9316,462,1,correct_sira,decision_tree,6,SIRA,6,SIRA,4,Area,0.39681898945881733,0.39681898945881733,47659.0,-0.1825450399019643
1,logistic_regression,Logistic Regression,scaled,linear,9316,462,1,correct_sira,decision_tree,6,SIRA,6,SIRA,5,MajorAxisLength,0.2894912331840957,0.2894912331840957,303.8431455041392,-0.1859969568212865
1,logistic_regression,Logistic Regression,scaled,linear,9877,2650,1,correct_sira,decision_tree,6,SIRA,6,SIRA,1,Eccentricity,0.557133343389855,0.557133343389855,0.7980424994634413,0.520274249533981
1,logistic_regression,Logistic Regression,scaled,linear,9877,2650,1,correct_sira,decision_tree,6,SIRA,6,SIRA,2,ShapeFactor2,0.35622407013174384,0.35622407013174384,0.0014126324380897,-0.5157905573162526
1,logistic_regression,Logistic Regression,scaled,linear,9877,2650,1,correct_sira,decision_tree,6,SIRA,6,SIRA,3,ShapeFactor4,-0.34598204678492467,0.34598204678492467,0.9962698772607256,0.2757320172381791
1,logistic_regression,Logistic Regression,scaled,linear,9877,2650,1,correct_sira,decision_tree,6,SIRA,6,SIRA,4,ConvexArea,0.162902412954623,0.162902412954623,53222.0,-0.0172513720770187
1,logistic_regression,Logistic Regression,scaled,linear,9877,2650,1,correct_sira,decision_tree,6,SIRA,6,SIRA,5,ShapeFactor3,0.15943198225623098,0.15943198225623098,0.6003533928173093,-0.4467131445921137
1,logistic_regression,Logistic Regression,scaled,linear,12877,2335,1,dermason_predicted_as_sira,mlp,3,DERMASON,6,SIRA,1,Perimeter,1.30706710653951,1.30706710653951,731.413,-0.5745358747285878
1,logistic_regression,Logistic Regression,scaled,linear,12877,2335,1,dermason_predicted_as_sira,mlp,3,DERMASON,6,SIRA,2,ConvexArea,0.9543858222192707,0.9543858222192707,37400.0,-0.5481611031339484
1,logistic_regression,Logistic Regression,scaled,linear,12877,2335,1,dermason_predicted_as_sira,mlp,3,DERMASON,6,SIRA,3,Area,0.9315996019559255,0.9315996019559255,36759.0,-0.5538678781886722
1,logistic_regression,Logistic Regression,scaled,linear,12877,2335,1,dermason_predicted_as_sira,mlp,3,DERMASON,6,SIRA,4,ShapeFactor1,-0.8833405915123418,0.8833405915123418,0.0072659990523572,0.6232665086369717
1,logistic_regression,Logistic Regression,scaled,linear,12877,2335,1,dermason_predicted_as_sira,mlp,3,DERMASON,6,SIRA,5,MinorAxisLength,0.7318252302606089,0.7318252302606089,176.61718953715626,-0.5706728644522918
1,logistic_regression,Logistic Regression,scaled,linear,13039,251,1,dermason_predicted_as_sira,decision_tree,3,DERMASON,3,DERMASON,1,ShapeFactor1,2.017605610634699,2.017605610634699,0.0071721789212545,0.5401543403734751
1,logistic_regression,Logistic Regression,scaled,linear,13039,251,1,dermason_predicted_as_sira,decision_tree,3,DERMASON,3,DERMASON,2,MajorAxisLength,1.5921077573280102,1.5921077573280102,270.6278272356995,-0.5734934685898104
1,logistic_regression,Logistic Regression,scaled,linear,13039,251,1,dermason_predicted_as_sira,decision_tree,3,DERMASON,3,DERMASON,3,EquivDiameter,1.5475496559413353,1.5475496559413353,219.1874716800481,-0.569868321614524
1,logistic_regression,Logistic Regression,scaled,linear,13039,251,1,dermason_predicted_as_sira,decision_tree,3,DERMASON,3,DERMASON,4,MinorAxisLength,1.3456765043568901,1.3456765043568901,177.80265694298475,-0.5443561930556468
1,logistic_regression,Logistic Regression,scaled,linear,13039,251,1,dermason_predicted_as_sira,decision_tree,3,DERMASON,3,DERMASON,5,Perimeter,1.18695743468909,1.18695743468909,731.473,-0.5742561205560403
1,logistic_regression,Logistic Regression,scaled,linear,13204,1694,1,dermason_predicted_as_sira,random_forest,3,DERMASON,3,DERMASON,1,MajorAxisLength,1.6505273569695076,1.6505273569695076,268.4462806050424,-0.5989438256451945
1,logistic_regression,Logistic Regression,scaled,linear,13204,1694,1,dermason_predicted_as_sira,random_forest,3,DERMASON,3,DERMASON,2,EquivDiameter,1.430905832722485,1.430905832722485,222.2018970795257,-0.5190101744449255
1,logistic_regression,Logistic Regression,scaled,linear,13204,1694,1,dermason_predicted_as_sira,random_forest,3,DERMASON,3,DERMASON,3,ShapeFactor1,1.3320570512820609,1.3320570512820609,0.0069226437826871,0.3190993686897703
1,logistic_regression,Logistic Regression,scaled,linear,13204,1694,1,dermason_predicted_as_sira,random_forest,3,DERMASON,3,DERMASON,4,Perimeter,1.1659617690929567,1.1659617690929567,734.02,-0.5623805559313854
1,logistic_regression,Logistic Regression,scaled,linear,13204,1694,1,dermason_predicted_as_sira,random_forest,3,DERMASON,3,DERMASON,5,ConvexArea,1.0784194794636868,1.0784194794636868,39208.0,-0.4874933750495767
1,logistic_regression,Logistic Regression,scaled,linear,13322,1696,1,dermason_predicted_as_sira,random_forest,3,DERMASON,6,SIRA,1,Perimeter,1.2344868984238297,1.2344868984238297,739.4119999999999,-0.5372399809584221
1,logistic_regression,Logistic Regression,scaled,linear,13322,1696,1,dermason_predicted_as_sira,random_forest,3,DERMASON,6,SIRA,2,ConvexArea,0.8167191339184041,0.8167191339184041,40152.0,-0.4558173046338428
1,logistic_regression,Logistic Regression,scaled,linear,13322,1696,1,dermason_predicted_as_sira,random_forest,3,DERMASON,6,SIRA,3,Area,0.7911828943442993,0.7911828943442993,39621.0,-0.456370083401832
1,logistic_regression,Logistic Regression,scaled,linear,13322,1696,1,dermason_predicted_as_sira,random_forest,3,DERMASON,6,SIRA,4,MajorAxisLength,0.5889320194322654,0.5889320194322654,276.7030457026375,-0.5026187611688365
1,logistic_regression,Logistic Regression,scaled,linear,13322,1696,1,dermason_predicted_as_sira,random_forest,3,DERMASON,6,SIRA,5,ShapeFactor1,-0.582302215236591,0.582302215236591,0.0069837471467816,0.3732288291626908
1,logistic_regression,Logistic Regression,scaled,linear,13372,2326,1,dermason_predicted_as_sira,logistic_regression,3,DERMASON,6,SIRA,1,Perimeter,1.0906693839053216,1.0906693839053216,755.262,-0.4633382537103743
1,logistic_regression,Logistic Regression,scaled,linear,13372,2326,1,dermason_predicted_as_sira,logistic_regression,3,DERMASON,6,SIRA,2,ShapeFactor1,-0.9772260158570407,0.9772260158570407,0.007354025503519,0.7012462464033744
1,logistic_regression,Logistic Regression,scaled,linear,13372,2326,1,dermason_predicted_as_sira,logistic_regression,3,DERMASON,6,SIRA,3,MinorAxisLength,0.7900763581131174,0.7900763581131174,174.2631647465524,-0.6229308148348102
1,logistic_regression,Logistic Regression,scaled,linear,13372,2326,1,dermason_predicted_as_sira,logistic_regression,3,DERMASON,6,SIRA,4,ConvexArea,0.7880552485999461,0.7880552485999461,40725.0,-0.4365901983327671
1,logistic_regression,Logistic Regression,scaled,linear,13372,2326,1,dermason_predicted_as_sira,logistic_regression,3,DERMASON,6,SIRA,5,Area,0.7677801097423615,0.7677801097423615,40098.0,-0.4401204509373586
1,logistic_regression,Logistic Regression,scaled,linear,13448,2291,1,dermason_predicted_as_sira,mlp,3,DERMASON,6,SIRA,1,Perimeter,1.1573335655562667,1.1573335655562667,747.915,-0.4975941521388541
1,logistic_regression,Logistic Regression,scaled,linear,13448,2291,1,dermason_predicted_as_sira,mlp,3,DERMASON,6,SIRA,2,ConvexArea,0.7569902001134498,0.7569902001134498,41346.0,-0.4157524443834336
1,logistic_regression,Logistic Regression,scaled,linear,13448,2291,1,dermason_predicted_as_sira,mlp,3,DERMASON,6,SIRA,3,Area,0.7281376569994569,0.7281376569994569,40906.0,-0.4125948680625275
1,logistic_regression,Logistic Regression,scaled,linear,13448,2291,1,dermason_predicted_as_sira,mlp,3,DERMASON,6,SIRA,4,MajorAxisLength,0.5711097786706791,0.5711097786706791,278.3183814056201,-0.4837739334546414
1,logistic_regression,Logistic Regression,scaled,linear,13448,2291,1,dermason_predicted_as_sira,mlp,3,DERMASON,6,SIRA,5,EquivDiameter,0.5164703249239223,0.5164703249239223,228.21730174755936,-0.41752073770366
1,logistic_regression,Logistic Regression,scaled,linear,13452,1015,1,dermason_predicted_as_sira,logistic_regression,3,DERMASON,6,SIRA,1,Perimeter,1.0218184501408778,1.0218184501408778,762.8499999999999,-0.4279586760221608
1,logistic_regression,Logistic Regression,scaled,linear,13452,1015,1,dermason_predicted_as_sira,logistic_regression,3,DERMASON,6,SIRA,2,ConvexArea,0.7517876799160331,0.7517876799160331,41450.0,-0.4122627078122087
1,logistic_regression,Logistic Regression,scaled,linear,13452,1015,1,dermason_predicted_as_sira,logistic_regression,3,DERMASON,6,SIRA,3,Area,0.7259298471313494,0.7259298471313494,40951.0,-0.4110618838677658
1,logistic_regression,Logistic Regression,scaled,linear,13452,1015,1,dermason_predicted_as_sira,logistic_regression,3,DERMASON,6,SIRA,4,ShapeFactor1,-0.5631854845910879,0.5631854845910879,0.0069658234065601,0.3573507772383139
1,logistic_regression,Logistic Regression,scaled,linear,13452,1015,1,dermason_predicted_as_sira,logistic_regression,3,DERMASON,6,SIRA,5,MinorAxisLength,0.555120362999757,0.555120362999757,183.7581266054588,-0.4121483083432993
1,logistic_regression,Logistic Regression,scaled,linear,13514,54,1,dermason_predicted_as_sira,decision_tree,3,DERMASON,6,SIRA,1,Perimeter,0.9312542474652158,0.9312542474652158,772.831,-0.3814215694188314
1,logistic_regression,Logistic Regression,scaled,linear,13514,54,1,dermason_predicted_as_sira,decision_tree,3,DERMASON,6,SIRA,2,ConvexArea,0.7099173971733641,0.7099173971733641,42287.0,-0.3841770394457158
1,logistic_regression,Logistic Regression,scaled,linear,13514,54,1,dermason_predicted_as_sira,decision_tree,3,DERMASON,6,SIRA,3,Area,0.6830002108070402,0.6830002108070402,41826.0,-0.3812538578585117
1,logistic_regression,Logistic Regression,scaled,linear,13514,54,1,dermason_predicted_as_sira,decision_tree,3,DERMASON,6,SIRA,4,ShapeFactor1,-0.6456594255782441,0.6456594255782441,0.0070431505144589,0.4258523187249647
1,logistic_regression,Logistic Regression,scaled,linear,13514,54,1,dermason_predicted_as_sira,decision_tree,3,DERMASON,6,SIRA,5,MinorAxisLength,0.6156460390480287,0.6156460390480287,181.3121835458421,-0.4664467896329238
1,logistic_regression,Logistic Regression,scaled,linear,7397,1303,1,sira_predicted_as_dermason,random_forest,6,SIRA,3,DERMASON,1,ShapeFactor1,3.307687279900699,3.307687279900699,0.0076417601109627,0.9561408711285776
1,logistic_regression,Logistic Regression,scaled,linear,7397,1303,1,sira_predicted_as_dermason,random_forest,6,SIRA,3,DERMASON,2,MinorAxisLength,1.849669425586329,1.849669425586329,167.17026734995972,-0.7803889188016558
1,logistic_regression,Logistic Regression,scaled,linear,7397,1303,1,sira_predicted_as_dermason,random_forest,6,SIRA,3,DERMASON,3,EquivDiameter,1.8454404448280146,1.8454404448280146,211.48908238252284,-0.6997523837413405
1,logistic_regression,Logistic Regression,scaled,linear,7397,1303,1,sira_predicted_as_dermason,random_forest,6,SIRA,3,DERMASON,4,MajorAxisLength,1.6504976233820934,1.6504976233820934,268.4473909380101,-0.5989308722798705
1,logistic_regression,Logistic Regression,scaled,linear,7397,1303,1,sira_predicted_as_dermason,random_forest,6,SIRA,3,DERMASON,5,Perimeter,1.419583144592063,1.419583144592063,703.253,-0.705833833044362
1,logistic_regression,Logistic Regression,scaled,linear,7419,1822,1,sira_predicted_as_dermason,decision_tree,6,SIRA,3,DERMASON,1,ShapeFactor1,2.8974073329063894,2.8974073329063894,0.0074924209255353,0.8238461987411663
1,logistic_regression,Logistic Regression,scaled,linear,7419,1822,1,sira_predicted_as_dermason,decision_tree,6,SIRA,3,DERMASON,2,EquivDiameter,1.754854853825611,1.754854853825611,213.8300850932451,-0.6602559475691353
1,logistic_regression,Logistic Regression,scaled,linear,7419,1822,1,sira_predicted_as_dermason,decision_tree,6,SIRA,3,DERMASON,3,MinorAxisLength,1.6910057428823875,1.6910057428823875,170.51748517329187,-0.7060826737572685
1,logistic_regression,Logistic Regression,scaled,linear,7419,1822,1,sira_predicted_as_dermason,decision_tree,6,SIRA,3,DERMASON,4,MajorAxisLength,1.6340837961899903,1.6340837961899903,269.0603278569013,-0.5917802282280812
1,logistic_regression,Logistic Regression,scaled,linear,7419,1822,1,sira_predicted_as_dermason,decision_tree,6,SIRA,3,DERMASON,5,Perimeter,1.2652110088956428,1.2652110088956428,721.98,-0.6185178932226467
1,logistic_regression,Logistic Regression,scaled,linear,7426,942,1,sira_predicted_as_dermason,logistic_regression,6,SIRA,3,DERMASON,1,ShapeFactor1,2.7809004924341716,2.7809004924341716,0.0074500132066587,0.7862785954398569
1,logistic_regression,Logistic Regression,scaled,linear,7426,942,1,sira_predicted_as_dermason,logistic_regression,6,SIRA,3,DERMASON,2,EquivDiameter,1.730237763183382,1.730237763183382,214.4662643717136,-0.6495225920924306
1,logistic_regression,Logistic Regression,scaled,linear,7426,942,1,sira_predicted_as_dermason,logistic_regression,6,SIRA,3,DERMASON,3,MinorAxisLength,1.6445947879681255,1.6445947879681255,171.49658494483035,-0.6843472411123696
1,logistic_regression,Logistic Regression,scaled,linear,7426,942,1,sira_predicted_as_dermason,logistic_regression,6,SIRA,3,DERMASON,4,MajorAxisLength,1.6321717973421448,1.6321717973421448,269.1317270905478,-0.590947270562062
1,logistic_regression,Logistic Regression,scaled,linear,7426,942,1,sira_predicted_as_dermason,logistic_regression,6,SIRA,3,DERMASON,5,Perimeter,1.2916637340224555,1.2916637340224555,718.771,-0.6334800788844126
1,logistic_regression,Logistic Regression,scaled,linear,7434,693,1,sira_predicted_as_dermason,logistic_regression,6,SIRA,3,DERMASON,1,ShapeFactor1,2.8912442210298437,2.8912442210298437,0.0074901775936004,0.8218589047664845
1,logistic_regression,Logistic Regression,scaled,linear,7434,693,1,sira_predicted_as_dermason,logistic_regression,6,SIRA,3,DERMASON,2,EquivDiameter,1.7076406119862104,1.7076406119862104,215.050242371104,-0.6396699551547406
1,logistic_regression,Logistic Regression,scaled,linear,7434,693,1,sira_predicted_as_dermason,logistic_regression,6,SIRA,3,DERMASON,3,MinorAxisLength,1.673276935528544,1.673276935528544,170.89149754304088,-0.6977798215788179
1,logistic_regression,Logistic Regression,scaled,linear,7434,693,1,sira_predicted_as_dermason,logistic_regression,6,SIRA,3,DERMASON,4,MajorAxisLength,1.553803011488186,1.553803011488186,272.05823055475423,-0.5568060988624974
1,logistic_regression,Logistic Regression,scaled,linear,7434,693,1,sira_predicted_as_dermason,logistic_regression,6,SIRA,3,DERMASON,5,Perimeter,1.2861737013224062,1.2861737013224062,719.437,-0.6303748075691316
1,logistic_regression,Logistic Regression,scaled,linear,7526,1439,1,sira_predicted_as_dermason,logistic_regression,6,SIRA,3,DERMASON,1,ShapeFactor1,2.3588832920427354,2.3588832920427354,0.0072964017386732,0.6501992484558039
1,logistic_regression,Logistic Regression,scaled,linear,7526,1439,1,sira_predicted_as_dermason,logistic_regression,6,SIRA,3,DERMASON,2,EquivDiameter,1.5313811333798997,1.5313811333798997,219.60531468052807,-0.562818646138767
1,logistic_regression,Logistic Regression,scaled,linear,7526,1439,1,sira_predicted_as_dermason,logistic_regression,6,SIRA,3,DERMASON,3,MinorAxisLength,1.4716801181564914,1.4716801181564914,175.1444459729213,-0.6033668957187264
1,logistic_regression,Logistic Regression,scaled,linear,7526,1439,1,sira_predicted_as_dermason,logistic_regression,6,SIRA,3,DERMASON,4,MajorAxisLength,1.438450451727658,1.438450451727658,276.365808655726,-0.5065530356581308
1,logistic_regression,Logistic Regression,scaled,linear,7526,1439,1,sira_predicted_as_dermason,logistic_regression,6,SIRA,3,DERMASON,5,Perimeter,1.1629776972650026,1.1629776972650026,734.382,-0.5606927057570137
1,logistic_regression,Logistic Regression,scaled,linear,7604,217,1,sira_predicted_as_dermason,decision_tree,6,SIRA,6,SIRA,1,Perimeter,1.2332256596529734,1.2332256596529734,739.5509999999999,-0.5365918837920196
1,logistic_regression,Logistic Regression,scaled,linear,7604,217,1,sira_predicted_as_dermason,decision_tree,6,SIRA,6,SIRA,2,ConvexArea,0.8655928092345183,0.8655928092345183,39175.0,-0.4886006953077538
1,logistic_regression,Logistic Regression,scaled,linear,7604,217,1,sira_predicted_as_dermason,decision_tree,6,SIRA,6,SIRA,3,Area,0.8338672184610412,0.8338672184610412,38751.0,-0.4860077778338904
1,logistic_regression,Logistic Regression,scaled,linear,7604,217,1,sira_predicted_as_dermason,decision_tree,6,SIRA,6,SIRA,4,ShapeFactor4,-0.7294565449244745,0.7294565449244745,0.998179288540195,0.7132362100175913
1,logistic_regression,Logistic Regression,scaled,linear,7604,217,1,sira_predicted_as_dermason,decision_tree,6,SIRA,6,SIRA,5,MajorAxisLength,0.6500565781437784,0.6500565781437784,271.1629633226162,-0.5672504645238611
1,logistic_regression,Logistic Regression,scaled,linear,7638,279,1,sira_predicted_as_dermason,random_forest,6,SIRA,6,SIRA,1,Perimeter,1.1722143683203263,1.1722143683203263,746.275,-0.5052407661884942
1,logistic_regression,Logistic Regression,scaled,linear,7638,279,1,sira_predicted_as_dermason,random_forest,6,SIRA,6,SIRA,2,ConvexArea,0.849985248642269,0.849985248642269,39487.0,-0.4781314855940791
1,logistic_regression,Logistic Regression,scaled,linear,7638,279,1,sira_predicted_as_dermason,random_forest,6,SIRA,6,SIRA,3,Area,0.8182653620597492,0.8182653620597492,39069.0,-0.4751746895242414
1,logistic_regression,Logistic Regression,scaled,linear,7638,279,1,sira_predicted_as_dermason,random_forest,6,SIRA,6,SIRA,4,ShapeFactor1,-0.6462169957808384,0.6462169957808384,0.0070436732891766,0.4263154276525553
1,logistic_regression,Logistic Regression,scaled,linear,7638,279,1,sira_predicted_as_dermason,random_forest,6,SIRA,6,SIRA,5,MinorAxisLength,0.6184032282233118,0.6184032282233118,181.2007609535202,-0.4689203049180181
1,logistic_regression,Logistic Regression,scaled,linear,7683,2179,1,sira_predicted_as_dermason,mlp,6,SIRA,6,SIRA,1,Perimeter,1.248823281574571,1.248823281574571,737.8319999999999,-0.5446068408355147
1,logistic_regression,Logistic Regression,scaled,linear,7683,2179,1,sira_predicted_as_dermason,mlp,6,SIRA,6,SIRA,2,ConvexArea,0.8315763310206414,0.8315763310206414,39855.0,-0.465783186957437
1,logistic_regression,Logistic Regression,scaled,linear,7683,2179,1,sira_predicted_as_dermason,mlp,6,SIRA,6,SIRA,3,Area,0.7990328849864587,0.7990328849864587,39461.0,-0.4618206938720956
1,logistic_regression,Logistic Regression,scaled,linear,7683,2179,1,sira_predicted_as_dermason,mlp,6,SIRA,6,SIRA,4,ShapeFactor1,-0.771564788322983,0.771564788322983,0.0071611986815947,0.530427307214889
1,logistic_regression,Logistic Regression,scaled,linear,7683,2179,1,sira_predicted_as_dermason,mlp,6,SIRA,6,SIRA,5,MinorAxisLength,0.6857406454301433,0.6857406454301433,178.47954412418304,-0.5293297001865769
1,decision_tree,Decision Tree,unscaled,tree,2573,192,1,barbunya_predicted_as_cali,decision_tree,0,BARBUNYA,2,CALI,1,roundness,0.3011225846120667,0.3011225846120667,0.9045325908282456,0.9045325908282456
1,decision_tree,Decision Tree,unscaled,tree,2573,192,1,barbunya_predicted_as_cali,decision_tree,0,BARBUNYA,2,CALI,2,MajorAxisLength,0.2111349896991045,0.2111349896991045,359.95047767229994,359.95047767229994
1,decision_tree,Decision Tree,unscaled,tree,2573,192,1,barbunya_predicted_as_cali,decision_tree,0,BARBUNYA,2,CALI,3,MinorAxisLength,0.18609072335332658,0.18609072335332658,240.5130294492974,240.5130294492974
1,decision_tree,Decision Tree,unscaled,tree,2573,192,1,barbunya_predicted_as_cali,decision_tree,0,BARBUNYA,2,CALI,4,Perimeter,0.179237458148174,0.179237458148174,969.983,969.983
1,decision_tree,Decision Tree,unscaled,tree,2573,192,1,barbunya_predicted_as_cali,decision_tree,0,BARBUNYA,2,CALI,5,ShapeFactor3,-0.047947527634416225,0.047947527634416225,0.6655293476884537,0.6655293476884537
1,decision_tree,Decision Tree,unscaled,tree,2590,960,1,barbunya_predicted_as_cali,decision_tree,0,BARBUNYA,2,CALI,1,MajorAxisLength,0.22817897048524244,0.22817897048524244,386.98786978852297,386.98786978852297
1,decision_tree,Decision Tree,unscaled,tree,2590,960,1,barbunya_predicted_as_cali,decision_tree,0,BARBUNYA,2,CALI,2,Perimeter,0.20684119143918656,0.20684119143918656,993.761,993.761
1,decision_tree,Decision Tree,unscaled,tree,2590,960,1,barbunya_predicted_as_cali,decision_tree,0,BARBUNYA,2,CALI,3,Solidity,0.12952072631299166,0.12952072631299166,0.9911111111111112,0.9911111111111112
1,decision_tree,Decision Tree,unscaled,tree,2590,960,1,barbunya_predicted_as_cali,decision_tree,0,BARBUNYA,2,CALI,4,MinorAxisLength,0.12878928279694127,0.12878928279694127,224.32314119220808,224.32314119220808
1,decision_tree,Decision Tree,unscaled,tree,2590,960,1,barbunya_predicted_as_cali,decision_tree,0,BARBUNYA,2,CALI,5,roundness,0.11929889890162963,0.11929889890162963,0.8654673100101826,0.8654673100101826
1,decision_tree,Decision Tree,unscaled,tree,2591,66,1,barbunya_predicted_as_cali,logistic_regression,0,BARBUNYA,2,CALI,1,MajorAxisLength,0.24019015859452866,0.24019015859452866,380.5696407327228,380.5696407327228
1,decision_tree,Decision Tree,unscaled,tree,2591,66,1,barbunya_predicted_as_cali,logistic_regression,0,BARBUNYA,2,CALI,2,Perimeter,0.23156164618066624,0.23156164618066624,1011.261,1011.261
1,decision_tree,Decision Tree,unscaled,tree,2591,66,1,barbunya_predicted_as_cali,logistic_regression,0,BARBUNYA,2,CALI,3,ShapeFactor4,0.14909754784960488,0.14909754784960488,0.9880679024330704,0.9880679024330704
1,decision_tree,Decision Tree,unscaled,tree,2591,66,1,barbunya_predicted_as_cali,logistic_regression,0,BARBUNYA,2,CALI,4,MinorAxisLength,0.13168669344582565,0.13168669344582565,230.3304483927484,230.3304483927484
1,decision_tree,Decision Tree,unscaled,tree,2591,66,1,barbunya_predicted_as_cali,logistic_regression,0,BARBUNYA,2,CALI,5,roundness,0.06684406840215523,0.06684406840215523,0.8358830384499509,0.8358830384499509
1,decision_tree,Decision Tree,unscaled,tree,2668,479,1,barbunya_predicted_as_cali,random_forest,0,BARBUNYA,0,BARBUNYA,1,ShapeFactor4,0.2364369598202797,0.2364369598202797,0.9966797594380294,0.9966797594380294
1,decision_tree,Decision Tree,unscaled,tree,2668,479,1,barbunya_predicted_as_cali,random_forest,0,BARBUNYA,0,BARBUNYA,2,Perimeter,0.14902302953323568,0.14902302953323568,1003.29,1003.29
1,decision_tree,Decision Tree,unscaled,tree,2668,479,1,barbunya_predicted_as_cali,random_forest,0,BARBUNYA,0,BARBUNYA,3,MajorAxisLength,0.14818277116360182,0.14818277116360182,379.8828948294386,379.8828948294386
1,decision_tree,Decision Tree,unscaled,tree,2668,479,1,barbunya_predicted_as_cali,random_forest,0,BARBUNYA,0,BARBUNYA,4,Extent,0.14721688391646442,0.14721688391646442,0.7035892849884151,0.7035892849884151
1,decision_tree,Decision Tree,unscaled,tree,2668,479,1,barbunya_predicted_as_cali,random_forest,0,BARBUNYA,0,BARBUNYA,5,ShapeFactor2,0.10049212708825789,0.10049212708825789,0.00126294009984,0.00126294009984
1,decision_tree,Decision Tree,unscaled,tree,2790,126,1,barbunya_predicted_as_cali,logistic_regression,0,BARBUNYA,0,BARBUNYA,1,Perimeter,0.3186656183904889,0.3186656183904889,1005.7759999999998,1005.7759999999998
1,decision_tree,Decision Tree,unscaled,tree,2790,126,1,barbunya_predicted_as_cali,logistic_regression,0,BARBUNYA,0,BARBUNYA,2,ShapeFactor3,0.23608485501995327,0.23608485501995327,0.6477169859362216,0.6477169859362216
1,decision_tree,Decision Tree,unscaled,tree,2790,126,1,barbunya_predicted_as_cali,logistic_regression,0,BARBUNYA,0,BARBUNYA,3,MajorAxisLength,0.1781508902608471,0.1781508902608471,374.7846255158424,374.7846255158424
1,decision_tree,Decision Tree,unscaled,tree,2790,126,1,barbunya_predicted_as_cali,logistic_regression,0,BARBUNYA,0,BARBUNYA,4,MinorAxisLength,0.174349673971101,0.174349673971101,244.4125876142546,244.4125876142546
1,decision_tree,Decision Tree,unscaled,tree,2790,126,1,barbunya_predicted_as_cali,logistic_regression,0,BARBUNYA,0,BARBUNYA,5,roundness,-0.11130531474819957,0.11130531474819957,0.8876587307353914,0.8876587307353914
1,decision_tree,Decision Tree,unscaled,tree,2883,553,1,barbunya_predicted_as_cali,mlp,0,BARBUNYA,2,CALI,1,roundness,0.3122194927863109,0.3122194927863109,0.8680784148896584,0.8680784148896584
1,decision_tree,Decision Tree,unscaled,tree,2883,553,1,barbunya_predicted_as_cali,mlp,0,BARBUNYA,2,CALI,2,Perimeter,0.21260577614926812,0.21260577614926812,1028.668,1028.668
1,decision_tree,Decision Tree,unscaled,tree,2883,553,1,barbunya_predicted_as_cali,mlp,0,BARBUNYA,2,CALI,3,MajorAxisLength,0.2096227710457968,0.2096227710457968,376.5884966121909,376.5884966121909
1,decision_tree,Decision Tree,unscaled,tree,2883,553,1,barbunya_predicted_as_cali,mlp,0,BARBUNYA,2,CALI,4,MinorAxisLength,0.12880460602192018,0.12880460602192018,249.01087878501625,249.01087878501625
1,decision_tree,Decision Tree,unscaled,tree,2883,553,1,barbunya_predicted_as_cali,mlp,0,BARBUNYA,2,CALI,5,ShapeFactor3,-0.042684538628781035,0.042684538628781035,0.6562594532217325,0.6562594532217325
1,decision_tree,Decision Tree,unscaled,tree,3330,895,1,barbunya_predicted_as_cali,logistic_regression,0,BARBUNYA,0,BARBUNYA,1,ShapeFactor4,0.30179754926961627,0.30179754926961627,0.997350170071718,0.997350170071718
1,decision_tree,Decision Tree,unscaled,tree,3330,895,1,barbunya_predicted_as_cali,logistic_regression,0,BARBUNYA,0,BARBUNYA,2,MajorAxisLength,0.17757198972260327,0.17757198972260327,442.9813402096897,442.9813402096897
1,decision_tree,Decision Tree,unscaled,tree,3330,895,1,barbunya_predicted_as_cali,logistic_regression,0,BARBUNYA,0,BARBUNYA,3,Solidity,0.171175917184091,0.171175917184091,0.9881675592151218,0.9881675592151218
1,decision_tree,Decision Tree,unscaled,tree,3330,895,1,barbunya_predicted_as_cali,logistic_regression,0,BARBUNYA,0,BARBUNYA,4,Compactness,0.09027153311123713,0.09027153311123713,0.7783387536604093,0.7783387536604093
1,decision_tree,Decision Tree,unscaled,tree,3330,895,1,barbunya_predicted_as_cali,logistic_regression,0,BARBUNYA,0,BARBUNYA,5,Perimeter,0.07824102280941969,0.07824102280941969,1170.4599999999998,1170.4599999999998
1,decision_tree,Decision Tree,unscaled,tree,3750,1642,1,correct_bombay,logistic_regression,1,BOMBAY,1,BOMBAY,1,MinorAxisLength,0.4882652189960639,0.4882652189960639,384.8905253825387,384.8905253825387
1,decision_tree,Decision Tree,unscaled,tree,3750,1642,1,correct_bombay,logistic_regression,1,BOMBAY,1,BOMBAY,2,Perimeter,0.1927141725157575,0.1927141725157575,1655.013,1655.013
1,decision_tree,Decision Tree,unscaled,tree,3750,1642,1,correct_bombay,logistic_regression,1,BOMBAY,1,BOMBAY,3,MajorAxisLength,0.18878479020144562,0.18878479020144562,630.1989919647748,630.1989919647748
1,decision_tree,Decision Tree,unscaled,tree,3750,1642,1,correct_bombay,logistic_regression,1,BOMBAY,1,BOMBAY,4,Compactness,0.09288145582334065,0.09288145582334065,0.7781790582906477,0.7781790582906477
1,decision_tree,Decision Tree,unscaled,tree,3750,1642,1,correct_bombay,logistic_regression,1,BOMBAY,1,BOMBAY,5,ShapeFactor2,-0.0021537002354549426,0.0021537002354549426,0.000754694622894,0.000754694622894
1,decision_tree,Decision Tree,unscaled,tree,3869,806,1,correct_bombay,logistic_regression,1,BOMBAY,1,BOMBAY,1,MinorAxisLength,0.5166025015689832,0.5166025015689832,450.926186722595,450.926186722595
1,decision_tree,Decision Tree,unscaled,tree,3869,806,1,correct_bombay,logistic_regression,1,BOMBAY,1,BOMBAY,2,MajorAxisLength,0.1974814812510175,0.1974814812510175,719.1256903918719,719.1256903918719
1,decision_tree,Decision Tree,unscaled,tree,3869,806,1,correct_bombay,logistic_regression,1,BOMBAY,1,BOMBAY,3,Perimeter,0.1927141725157575,0.1927141725157575,1919.868,1919.868
1,decision_tree,Decision Tree,unscaled,tree,3869,806,1,correct_bombay,logistic_regression,1,BOMBAY,1,BOMBAY,4,ShapeFactor2,0.031587603453339164,0.031587603453339164,0.0006760925307692,0.0006760925307692
1,decision_tree,Decision Tree,unscaled,tree,3869,806,1,correct_bombay,logistic_regression,1,BOMBAY,1,BOMBAY,5,Compactness,0.022106178512055277,0.022106178512055277,0.7867930777561853,0.7867930777561853
1,decision_tree,Decision Tree,unscaled,tree,10986,2688,1,correct_dermason,decision_tree,3,DERMASON,3,DERMASON,1,MajorAxisLength,0.34345366890582535,0.34345366890582535,239.3587517793939,239.3587517793939
1,decision_tree,Decision Tree,unscaled,tree,10986,2688,1,correct_dermason,decision_tree,3,DERMASON,3,DERMASON,2,ShapeFactor1,0.1770179708624946,0.1770179708624946,0.0082514737927259,0.0082514737927259
1,decision_tree,Decision Tree,unscaled,tree,10986,2688,1,correct_dermason,decision_tree,3,DERMASON,3,DERMASON,3,MinorAxisLength,0.1337378306694386,0.1337378306694386,155.6394161022519,155.6394161022519
1,decision_tree,Decision Tree,unscaled,tree,10986,2688,1,correct_dermason,decision_tree,3,DERMASON,3,DERMASON,4,Perimeter,0.13074428300834626,0.13074428300834626,637.9269999999999,637.9269999999999
1,decision_tree,Decision Tree,unscaled,tree,10986,2688,1,correct_dermason,decision_tree,3,DERMASON,3,DERMASON,5,Extent,-0.04133822698422073,0.04133822698422073,0.8105736720038003,0.8105736720038003
1,decision_tree,Decision Tree,unscaled,tree,11387,453,1,correct_dermason,random_forest,3,DERMASON,3,DERMASON,1,MajorAxisLength,0.3314894339466778,0.3314894339466778,247.90330133330264,247.90330133330264
1,decision_tree,Decision Tree,unscaled,tree,11387,453,1,correct_dermason,random_forest,3,DERMASON,3,DERMASON,2,Perimeter,0.1372509563076556,0.1372509563076556,655.5609999999999,655.5609999999999
1,decision_tree,Decision Tree,unscaled,tree,11387,453,1,correct_dermason,random_forest,3,DERMASON,3,DERMASON,3,ShapeFactor1,0.07456104382801904,0.07456104382801904,0.0081357126885662,0.0081357126885662
1,decision_tree,Decision Tree,unscaled,tree,11387,453,1,correct_dermason,random_forest,3,DERMASON,3,DERMASON,4,MinorAxisLength,0.06880085422020048,0.06880085422020048,156.8459450123447,156.8459450123447
1,decision_tree,Decision Tree,unscaled,tree,11387,453,1,correct_dermason,random_forest,3,DERMASON,3,DERMASON,5,Compactness,0.041113184360898655,0.041113184360898655,0.7945406157146756,0.7945406157146756
1,decision_tree,Decision Tree,unscaled,tree,11479,946,1,correct_dermason,mlp,3,DERMASON,3,DERMASON,1,MajorAxisLength,0.36740082509981103,0.36740082509981103,235.4711585150832,235.4711585150832
1,decision_tree,Decision Tree,unscaled,tree,11479,946,1,correct_dermason,mlp,3,DERMASON,3,DERMASON,2,ShapeFactor1,0.17262540756988576,0.17262540756988576,0.0076354991574007,0.0076354991574007
1,decision_tree,Decision Tree,unscaled,tree,11479,946,1,correct_dermason,mlp,3,DERMASON,3,DERMASON,3,MinorAxisLength,0.12559300470930354,0.12559300470930354,167.55622157138953,167.55622157138953
1,decision_tree,Decision Tree,unscaled,tree,11479,946,1,correct_dermason,mlp,3,DERMASON,3,DERMASON,4,Perimeter,0.11099140269780866,0.11099140269780866,651.896,651.896
1,decision_tree,Decision Tree,unscaled,tree,11479,946,1,correct_dermason,mlp,3,DERMASON,3,DERMASON,5,ShapeFactor2,-0.04845068996808024,0.04845068996808024,0.0023620393335764,0.0023620393335764
1,decision_tree,Decision Tree,unscaled,tree,11538,2056,1,correct_dermason,logistic_regression,3,DERMASON,3,DERMASON,1,MajorAxisLength,0.393101640827564,0.393101640827564,236.2812723200096,236.2812723200096
1,decision_tree,Decision Tree,unscaled,tree,11538,2056,1,correct_dermason,logistic_regression,3,DERMASON,3,DERMASON,2,MinorAxisLength,0.11400656928206418,0.11400656928206418,167.64540050624518,167.64540050624518
1,decision_tree,Decision Tree,unscaled,tree,11538,2056,1,correct_dermason,logistic_regression,3,DERMASON,3,DERMASON,3,Perimeter,0.09509518347269406,0.09509518347269406,648.4689999999999,648.4689999999999
1,decision_tree,Decision Tree,unscaled,tree,11538,2056,1,correct_dermason,logistic_regression,3,DERMASON,3,DERMASON,4,ShapeFactor1,0.08536306273077188,0.08536306273077188,0.0076155892580419,0.0076155892580419
1,decision_tree,Decision Tree,unscaled,tree,11538,2056,1,correct_dermason,logistic_regression,3,DERMASON,3,DERMASON,5,Compactness,0.049845012419072666,0.049845012419072666,0.8411794466888601,0.8411794466888601
1,decision_tree,Decision Tree,unscaled,tree,11655,859,1,correct_dermason,random_forest,3,DERMASON,3,DERMASON,1,MajorAxisLength,0.35914018214292104,0.35914018214292104,236.29316781779423,236.29316781779423
1,decision_tree,Decision Tree,unscaled,tree,11655,859,1,correct_dermason,random_forest,3,DERMASON,3,DERMASON,2,ShapeFactor1,0.1494049711026887,0.1494049711026887,0.0075027995115829,0.0075027995115829
1,decision_tree,Decision Tree,unscaled,tree,11655,859,1,correct_dermason,random_forest,3,DERMASON,3,DERMASON,3,MinorAxisLength,0.10981659357822794,0.10981659357822794,170.0104176394251,170.0104176394251
1,decision_tree,Decision Tree,unscaled,tree,11655,859,1,correct_dermason,random_forest,3,DERMASON,3,DERMASON,4,Perimeter,0.10245650622193402,0.10245650622193402,650.262,650.262
1,decision_tree,Decision Tree,unscaled,tree,11655,859,1,correct_dermason,random_forest,3,DERMASON,3,DERMASON,5,roundness,-0.04954096073145865,0.04954096073145865,0.9359678608914328,0.9359678608914328
1,decision_tree,Decision Tree,unscaled,tree,11678,1622,1,correct_dermason,logistic_regression,3,DERMASON,3,DERMASON,1,MajorAxisLength,0.35581354502688767,0.35581354502688767,242.94856462354684,242.94856462354684
1,decision_tree,Decision Tree,unscaled,tree,11678,1622,1,correct_dermason,logistic_regression,3,DERMASON,3,DERMASON,2,ShapeFactor1,0.17248940809230592,0.17248940809230592,0.0076984778700661,0.0076984778700661
1,decision_tree,Decision Tree,unscaled,tree,11678,1622,1,correct_dermason,logistic_regression,3,DERMASON,3,DERMASON,3,Perimeter,0.1333908777397664,0.1333908777397664,656.453,656.453
1,decision_tree,Decision Tree,unscaled,tree,11678,1622,1,correct_dermason,logistic_regression,3,DERMASON,3,DERMASON,4,MinorAxisLength,0.11766533585121966,0.11766533585121966,166.9923013054856,166.9923013054856
1,decision_tree,Decision Tree,unscaled,tree,11678,1622,1,correct_dermason,logistic_regression,3,DERMASON,3,DERMASON,5,ShapeFactor2,-0.04244469898883073,0.04244469898883073,0.0022007284570944,0.0022007284570944
1,decision_tree,Decision Tree,unscaled,tree,13256,365,1,correct_dermason,decision_tree,3,DERMASON,3,DERMASON,1,Perimeter,0.47219051731783007,0.47219051731783007,739.694,739.694
1,decision_tree,Decision Tree,unscaled,tree,13256,365,1,correct_dermason,decision_tree,3,DERMASON,3,DERMASON,2,Solidity,0.1927020155876099,0.1927020155876099,0.9906551523286145,0.9906551523286145
1,decision_tree,Decision Tree,unscaled,tree,13256,365,1,correct_dermason,decision_tree,3,DERMASON,3,DERMASON,3,MajorAxisLength,-0.11272624009935019,0.11272624009935019,283.2010598837166,283.2010598837166
1,decision_tree,Decision Tree,unscaled,tree,13256,365,1,correct_dermason,decision_tree,3,DERMASON,3,DERMASON,4,Compactness,0.09037323089029398,0.09037323089029398,0.7880404423548908,0.7880404423548908
1,decision_tree,Decision Tree,unscaled,tree,13256,365,1,correct_dermason,decision_tree,3,DERMASON,3,DERMASON,5,Extent,0.0596519317232351,0.0596519317232351,0.7432360541115671,0.7432360541115671
1,decision_tree,Decision Tree,unscaled,tree,7727,318,1,correct_sira,logistic_regression,6,SIRA,6,SIRA,1,AspectRation,0.19277146222109628,0.19277146222109628,1.554910049931455,1.554910049931455
1,decision_tree,Decision Tree,unscaled,tree,7727,318,1,correct_sira,logistic_regression,6,SIRA,6,SIRA,2,MajorAxisLength,0.14500694144481252,0.14500694144481252,281.47826432910864,281.47826432910864
1,decision_tree,Decision Tree,unscaled,tree,7727,318,1,correct_sira,logistic_regression,6,SIRA,6,SIRA,3,Compactness,0.11797667181034355,0.11797667181034355,0.800267639706732,0.800267639706732
1,decision_tree,Decision Tree,unscaled,tree,7727,318,1,correct_sira,logistic_regression,6,SIRA,6,SIRA,4,Perimeter,0.08588943477899964,0.08588943477899964,742.1579999999999,742.1579999999999
1,decision_tree,Decision Tree,unscaled,tree,7727,318,1,correct_sira,logistic_regression,6,SIRA,6,SIRA,5,ShapeFactor4,0.07549327532128206,0.07549327532128206,0.995808392407526,0.995808392407526
1,decision_tree,Decision Tree,unscaled,tree,8289,708,1,correct_sira,random_forest,6,SIRA,6,SIRA,1,Perimeter,0.3841584291127365,0.3841584291127365,776.373,776.373
1,decision_tree,Decision Tree,unscaled,tree,8289,708,1,correct_sira,random_forest,6,SIRA,6,SIRA,2,Compactness,0.18954594621392842,0.18954594621392842,0.8246096514104264,0.8246096514104264
1,decision_tree,Decision Tree,unscaled,tree,8289,708,1,correct_sira,random_forest,6,SIRA,6,SIRA,3,roundness,0.07268087796762576,0.07268087796762576,0.8934088453062591,0.8934088453062591
1,decision_tree,Decision Tree,unscaled,tree,8289,708,1,correct_sira,random_forest,6,SIRA,6,SIRA,4,MajorAxisLength,0.061421104439736994,0.061421104439736994,283.2678336337636,283.2678336337636
1,decision_tree,Decision Tree,unscaled,tree,8289,708,1,correct_sira,random_forest,6,SIRA,6,SIRA,5,ShapeFactor4,0.03550919032056958,0.03550919032056958,0.996120453773128,0.996120453773128
1,decision_tree,Decision Tree,unscaled,tree,8419,1064,1,correct_sira,decision_tree,6,SIRA,6,SIRA,1,Perimeter,0.39607669583299454,0.39607669583299454,796.222,796.222
1,decision_tree,Decision Tree,unscaled,tree,8419,1064,1,correct_sira,decision_tree,6,SIRA,6,SIRA,2,Compactness,0.18335309245396864,0.18335309245396864,0.8114052419916169,0.8114052419916169
1,decision_tree,Decision Tree,unscaled,tree,8419,1064,1,correct_sira,decision_tree,6,SIRA,6,SIRA,3,roundness,0.05764008874223747,0.05764008874223747,0.8604414013391335,0.8604414013391335
1,decision_tree,Decision Tree,unscaled,tree,8419,1064,1,correct_sira,decision_tree,6,SIRA,6,SIRA,4,MajorAxisLength,0.0480194044694524,0.0480194044694524,289.7391227424172,289.7391227424172
1,decision_tree,Decision Tree,unscaled,tree,8419,1064,1,correct_sira,decision_tree,6,SIRA,6,SIRA,5,ShapeFactor4,0.039632482773445214,0.039632482773445214,0.989259861195775,0.989259861195775
1,decision_tree,Decision Tree,unscaled,tree,8633,1802,1,correct_sira,random_forest,6,SIRA,6,SIRA,1,Perimeter,0.39024199836564444,0.39024199836564444,809.442,809.442
1,decision_tree,Decision Tree,unscaled,tree,8633,1802,1,correct_sira,random_forest,6,SIRA,6,SIRA,2,MajorAxisLength,0.16164407764449,0.16164407764449,305.1900408299035,305.1900408299035
1,decision_tree,Decision Tree,unscaled,tree,8633,1802,1,correct_sira,random_forest,6,SIRA,6,SIRA,3,Compactness,0.13803890234901584,0.13803890234901584,0.7790431521650506,0.7790431521650506
1,decision_tree,Decision Tree,unscaled,tree,8633,1802,1,correct_sira,random_forest,6,SIRA,6,SIRA,4,roundness,0.044442305899150006,0.044442305899150006,0.8515144429669647,0.8515144429669647
1,decision_tree,Decision Tree,unscaled,tree,8633,1802,1,correct_sira,random_forest,6,SIRA,6,SIRA,5,EquivDiameter,0.027683221738719063,0.027683221738719063,237.75621141750847,237.75621141750847
1,decision_tree,Decision Tree,unscaled,tree,8840,308,1,correct_sira,mlp,6,SIRA,6,SIRA,1,Perimeter,0.38979316372463824,0.38979316372463824,800.096,800.096
1,decision_tree,Decision Tree,unscaled,tree,8840,308,1,correct_sira,mlp,6,SIRA,6,SIRA,2,Compactness,0.12767321514244473,0.12767321514244473,0.8066222425494943,0.8066222425494943
1,decision_tree,Decision Tree,unscaled,tree,8840,308,1,correct_sira,mlp,6,SIRA,6,SIRA,3,MajorAxisLength,0.06529505812164743,0.06529505812164743,297.6950695731053,297.6950695731053
1,decision_tree,Decision Tree,unscaled,tree,8840,308,1,correct_sira,mlp,6,SIRA,6,SIRA,4,roundness,0.06351651591691727,0.06351651591691727,0.8889947940923988,0.8889947940923988
1,decision_tree,Decision Tree,unscaled,tree,8840,308,1,correct_sira,mlp,6,SIRA,6,SIRA,5,EquivDiameter,0.03685659928745203,0.03685659928745203,240.1274646149859,240.1274646149859
1,decision_tree,Decision Tree,unscaled,tree,9111,186,1,correct_sira,logistic_regression,6,SIRA,6,SIRA,1,Perimeter,0.35838370610585335,0.35838370610585335,807.419,807.419
1,decision_tree,Decision Tree,unscaled,tree,9111,186,1,correct_sira,logistic_regression,6,SIRA,6,SIRA,2,MajorAxisLength,0.18647622550900364,0.18647622550900364,305.7739408863234,305.7739408863234
1,decision_tree,Decision Tree,unscaled,tree,9111,186,1,correct_sira,logistic_regression,6,SIRA,6,SIRA,3,Compactness,0.09969859029995154,0.09969859029995154,0.7961772548694888,0.7961772548694888
1,decision_tree,Decision Tree,unscaled,tree,9111,186,1,correct_sira,logistic_regression,6,SIRA,6,SIRA,4,roundness,0.04948706530340766,0.04948706530340766,0.8972682279850429,0.8972682279850429
1,decision_tree,Decision Tree,unscaled,tree,9111,186,1,correct_sira,logistic_regression,6,SIRA,6,SIRA,5,EquivDiameter,0.0347850672140348,0.0347850672140348,243.45025686549823,243.45025686549823
1,decision_tree,Decision Tree,unscaled,tree,9316,462,1,correct_sira,decision_tree,6,SIRA,6,SIRA,1,Perimeter,0.3618775626615143,0.3618775626615143,817.095,817.095
1,decision_tree,Decision Tree,unscaled,tree,9316,462,1,correct_sira,decision_tree,6,SIRA,6,SIRA,2,MajorAxisLength,0.1782537779288855,0.1782537779288855,303.8431455041392,303.8431455041392
1,decision_tree,Decision Tree,unscaled,tree,9316,462,1,correct_sira,decision_tree,6,SIRA,6,SIRA,3,Compactness,0.15494124179860158,0.15494124179860158,0.8107334253231755,0.8107334253231755
1,decision_tree,Decision Tree,unscaled,tree,9316,462,1,correct_sira,decision_tree,6,SIRA,6,SIRA,4,roundness,0.0491299116173554,0.0491299116173554,0.8970356098396858,0.8970356098396858
1,decision_tree,Decision Tree,unscaled,tree,9316,462,1,correct_sira,decision_tree,6,SIRA,6,SIRA,5,MinorAxisLength,0.028165470668394213,0.028165470668394213,200.151062092694,200.151062092694
1,decision_tree,Decision Tree,unscaled,tree,9877,2650,1,correct_sira,decision_tree,6,SIRA,6,SIRA,1,Perimeter,0.3079119965091875,0.3079119965091875,873.235,873.235
1,decision_tree,Decision Tree,unscaled,tree,9877,2650,1,correct_sira,decision_tree,6,SIRA,6,SIRA,2,MajorAxisLength,0.2678593103651486,0.2678593103651486,333.7856610072899,333.7856610072899
1,decision_tree,Decision Tree,unscaled,tree,9877,2650,1,correct_sira,decision_tree,6,SIRA,6,SIRA,3,Compactness,0.15866060115198613,0.15866060115198613,0.7748247497449402,0.7748247497449402
1,decision_tree,Decision Tree,unscaled,tree,9877,2650,1,correct_sira,decision_tree,6,SIRA,6,SIRA,4,roundness,0.053324718312075955,0.053324718312075955,0.8657246793932302,0.8657246793932302
1,decision_tree,Decision Tree,unscaled,tree,9877,2650,1,correct_sira,decision_tree,6,SIRA,6,SIRA,5,ShapeFactor2,-0.03507244559437786,0.03507244559437786,0.0014126324380897,0.0014126324380897
1,decision_tree,Decision Tree,unscaled,tree,12877,2335,1,dermason_predicted_as_sira,mlp,3,DERMASON,6,SIRA,1,Solidity,0.18248334905368144,0.18248334905368144,0.982860962566845,0.982860962566845
1,decision_tree,Decision Tree,unscaled,tree,12877,2335,1,dermason_predicted_as_sira,mlp,3,DERMASON,6,SIRA,2,ShapeFactor4,0.15135349235499174,0.15135349235499174,0.9921602240547652,0.9921602240547652
1,decision_tree,Decision Tree,unscaled,tree,12877,2335,1,dermason_predicted_as_sira,mlp,3,DERMASON,6,SIRA,3,Extent,0.14602191468796294,0.14602191468796294,0.7749831337493676,0.7749831337493676
1,decision_tree,Decision Tree,unscaled,tree,12877,2335,1,dermason_predicted_as_sira,mlp,3,DERMASON,6,SIRA,4,roundness,0.07489492020380577,0.07489492020380577,0.8634718862827261,0.8634718862827261
1,decision_tree,Decision Tree,unscaled,tree,12877,2335,1,dermason_predicted_as_sira,mlp,3,DERMASON,6,SIRA,5,MajorAxisLength,0.06142160935772636,0.06142160935772636,267.0908591655995,267.0908591655995
1,decision_tree,Decision Tree,unscaled,tree,13039,251,1,dermason_predicted_as_sira,decision_tree,3,DERMASON,6,SIRA,1,MinorAxisLength,0.22821525657386554,0.22821525657386554,177.80265694298475,177.80265694298475
1,decision_tree,Decision Tree,unscaled,tree,13039,251,1,dermason_predicted_as_sira,decision_tree,3,DERMASON,6,SIRA,2,roundness,0.19316546180354344,0.19316546180354344,0.8862058229432079,0.8862058229432079
1,decision_tree,Decision Tree,unscaled,tree,13039,251,1,dermason_predicted_as_sira,decision_tree,3,DERMASON,6,SIRA,3,AspectRation,0.10404118563194838,0.10404118563194838,1.5220685218583692,1.5220685218583692
1,decision_tree,Decision Tree,unscaled,tree,13039,251,1,dermason_predicted_as_sira,decision_tree,3,DERMASON,6,SIRA,4,ShapeFactor1,0.08584459566187866,0.08584459566187866,0.0071721789212545,0.0071721789212545
1,decision_tree,Decision Tree,unscaled,tree,13039,251,1,dermason_predicted_as_sira,decision_tree,3,DERMASON,6,SIRA,5,Compactness,0.07575083573016675,0.07575083573016675,0.8099221499833048,0.8099221499833048
1,decision_tree,Decision Tree,unscaled,tree,13204,1694,1,dermason_predicted_as_sira,random_forest,3,DERMASON,6,SIRA,1,MinorAxisLength,0.28782174922158704,0.28782174922158704,184.0619233177267,184.0619233177267
1,decision_tree,Decision Tree,unscaled,tree,13204,1694,1,dermason_predicted_as_sira,random_forest,3,DERMASON,6,SIRA,2,roundness,0.17137031194966224,0.17137031194966224,0.9044394215199986,0.9044394215199986
1,decision_tree,Decision Tree,unscaled,tree,13204,1694,1,dermason_predicted_as_sira,random_forest,3,DERMASON,6,SIRA,3,Compactness,0.08559638880146253,0.08559638880146253,0.8277331933179035,0.8277331933179035
1,decision_tree,Decision Tree,unscaled,tree,13204,1694,1,dermason_predicted_as_sira,random_forest,3,DERMASON,6,SIRA,4,ShapeFactor1,0.07464120358946023,0.07464120358946023,0.0069226437826871,0.0069226437826871
1,decision_tree,Decision Tree,unscaled,tree,13204,1694,1,dermason_predicted_as_sira,random_forest,3,DERMASON,6,SIRA,5,Perimeter,0.05360701838093306,0.05360701838093306,734.02,734.02
1,decision_tree,Decision Tree,unscaled,tree,13322,1696,1,dermason_predicted_as_sira,random_forest,3,DERMASON,3,DERMASON,1,MajorAxisLength,0.2934220883623407,0.2934220883623407,276.7030457026375,276.7030457026375
1,decision_tree,Decision Tree,unscaled,tree,13322,1696,1,dermason_predicted_as_sira,random_forest,3,DERMASON,3,DERMASON,2,Solidity,0.18172489318507934,0.18172489318507934,0.9867752540346684,0.9867752540346684
1,decision_tree,Decision Tree,unscaled,tree,13322,1696,1,dermason_predicted_as_sira,random_forest,3,DERMASON,3,DERMASON,3,roundness,0.1357984859897359,0.1357984859897359,0.9106726790433178,0.9106726790433178
1,decision_tree,Decision Tree,unscaled,tree,13322,1696,1,dermason_predicted_as_sira,random_forest,3,DERMASON,3,DERMASON,4,MinorAxisLength,-0.11024421832557214,0.11024421832557214,183.3441984080516,183.3441984080516
1,decision_tree,Decision Tree,unscaled,tree,13322,1696,1,dermason_predicted_as_sira,random_forest,3,DERMASON,3,DERMASON,5,Perimeter,0.10697684591425138,0.10697684591425138,739.4119999999999,739.4119999999999
1,decision_tree,Decision Tree,unscaled,tree,13372,2326,1,dermason_predicted_as_sira,logistic_regression,3,DERMASON,3,DERMASON,1,Perimeter,0.36537211532251074,0.36537211532251074,755.262,755.262
1,decision_tree,Decision Tree,unscaled,tree,13372,2326,1,dermason_predicted_as_sira,logistic_regression,3,DERMASON,3,DERMASON,2,ShapeFactor2,0.14827613701606346,0.14827613701606346,0.001563792702052,0.001563792702052
1,decision_tree,Decision Tree,unscaled,tree,13372,2326,1,dermason_predicted_as_sira,logistic_regression,3,DERMASON,3,DERMASON,3,ConvexArea,0.1304446596784066,0.1304446596784066,40725.0,40725.0
1,decision_tree,Decision Tree,unscaled,tree,13372,2326,1,dermason_predicted_as_sira,logistic_regression,3,DERMASON,3,DERMASON,4,Compactness,0.07713304032017021,0.07713304032017021,0.7662466201762249,0.7662466201762249
1,decision_tree,Decision Tree,unscaled,tree,13372,2326,1,dermason_predicted_as_sira,logistic_regression,3,DERMASON,3,DERMASON,5,MajorAxisLength,0.049699215601293374,0.049699215601293374,294.8817146401059,294.8817146401059
1,decision_tree,Decision Tree,unscaled,tree,13448,2291,1,dermason_predicted_as_sira,mlp,3,DERMASON,6,SIRA,1,Compactness,0.39223266068681845,0.39223266068681845,0.8199864507510066,0.8199864507510066
1,decision_tree,Decision Tree,unscaled,tree,13448,2291,1,dermason_predicted_as_sira,mlp,3,DERMASON,6,SIRA,2,ShapeFactor1,0.15221743214395528,0.15221743214395528,0.0068038522809763,0.0068038522809763
1,decision_tree,Decision Tree,unscaled,tree,13448,2291,1,dermason_predicted_as_sira,mlp,3,DERMASON,6,SIRA,3,roundness,0.05132252804061024,0.05132252804061024,0.9189510772586774,0.9189510772586774
1,decision_tree,Decision Tree,unscaled,tree,13448,2291,1,dermason_predicted_as_sira,mlp,3,DERMASON,6,SIRA,4,ShapeFactor3,0.04436333738257502,0.04436333738257502,0.672377779415233,0.672377779415233
1,decision_tree,Decision Tree,unscaled,tree,13448,2291,1,dermason_predicted_as_sira,mlp,3,DERMASON,6,SIRA,5,MinorAxisLength,0.03958164377907104,0.03958164377907104,188.1656213441918,188.1656213441918
1,decision_tree,Decision Tree,unscaled,tree,13452,1015,1,dermason_predicted_as_sira,logistic_regression,3,DERMASON,6,SIRA,1,Perimeter,0.35924111098037237,0.35924111098037237,762.8499999999999,762.8499999999999
1,decision_tree,Decision Tree,unscaled,tree,13452,1015,1,dermason_predicted_as_sira,logistic_regression,3,DERMASON,6,SIRA,2,Compactness,0.1579335145651036,0.1579335145651036,0.800479737842825,0.800479737842825
1,decision_tree,Decision Tree,unscaled,tree,13452,1015,1,dermason_predicted_as_sira,logistic_regression,3,DERMASON,6,SIRA,3,MajorAxisLength,0.08904340766751671,0.08904340766751671,285.25743432204376,285.25743432204376
1,decision_tree,Decision Tree,unscaled,tree,13452,1015,1,dermason_predicted_as_sira,logistic_regression,3,DERMASON,6,SIRA,4,MinorAxisLength,0.07987575041356394,0.07987575041356394,183.7581266054588,183.7581266054588
1,decision_tree,Decision Tree,unscaled,tree,13452,1015,1,dermason_predicted_as_sira,logistic_regression,3,DERMASON,6,SIRA,5,roundness,0.04695066645529651,0.04695066645529651,0.8842927702216007,0.8842927702216007
1,decision_tree,Decision Tree,unscaled,tree,13514,54,1,dermason_predicted_as_sira,decision_tree,3,DERMASON,6,SIRA,1,Perimeter,0.3549766946818288,0.3549766946818288,772.831,772.831
1,decision_tree,Decision Tree,unscaled,tree,13514,54,1,dermason_predicted_as_sira,decision_tree,3,DERMASON,6,SIRA,2,Compactness,0.1294724105044413,0.1294724105044413,0.7833663698986627,0.7833663698986627
1,decision_tree,Decision Tree,unscaled,tree,13514,54,1,dermason_predicted_as_sira,decision_tree,3,DERMASON,6,SIRA,3,ShapeFactor4,0.07185488273961933,0.07185488273961933,0.9970482165067734,0.9970482165067734
1,decision_tree,Decision Tree,unscaled,tree,13514,54,1,dermason_predicted_as_sira,decision_tree,3,DERMASON,6,SIRA,4,roundness,0.06779843295942592,0.06779843295942592,0.8800090299576121,0.8800090299576121
1,decision_tree,Decision Tree,unscaled,tree,13514,54,1,dermason_predicted_as_sira,decision_tree,3,DERMASON,6,SIRA,5,MajorAxisLength,0.067094888351653,0.067094888351653,294.5868134177609,294.5868134177609
1,decision_tree,Decision Tree,unscaled,tree,7397,1303,1,sira_predicted_as_dermason,random_forest,6,SIRA,3,DERMASON,1,Perimeter,0.3313425103873108,0.3313425103873108,703.253,703.253
1,decision_tree,Decision Tree,unscaled,tree,7397,1303,1,sira_predicted_as_dermason,random_forest,6,SIRA,3,DERMASON,2,MajorAxisLength,0.29475014273797145,0.29475014273797145,268.4473909380101,268.4473909380101
1,decision_tree,Decision Tree,unscaled,tree,7397,1303,1,sira_predicted_as_dermason,random_forest,6,SIRA,3,DERMASON,3,MinorAxisLength,0.10663124879183525,0.10663124879183525,167.17026734995972,167.17026734995972
1,decision_tree,Decision Tree,unscaled,tree,7397,1303,1,sira_predicted_as_dermason,random_forest,6,SIRA,3,DERMASON,4,ShapeFactor4,-0.08147360574959348,0.08147360574959348,0.996684447233076,0.996684447233076
1,decision_tree,Decision Tree,unscaled,tree,7397,1303,1,sira_predicted_as_dermason,random_forest,6,SIRA,3,DERMASON,5,ShapeFactor1,0.06037623701801469,0.06037623701801469,0.0076417601109627,0.0076417601109627
1,decision_tree,Decision Tree,unscaled,tree,7419,1822,1,sira_predicted_as_dermason,decision_tree,6,SIRA,3,DERMASON,1,MajorAxisLength,0.30541071568292083,0.30541071568292083,269.0603278569013,269.0603278569013
1,decision_tree,Decision Tree,unscaled,tree,7419,1822,1,sira_predicted_as_dermason,decision_tree,6,SIRA,3,DERMASON,2,ShapeFactor4,0.1240626057472613,0.1240626057472613,0.9965957517511812,0.9965957517511812
1,decision_tree,Decision Tree,unscaled,tree,7419,1822,1,sira_predicted_as_dermason,decision_tree,6,SIRA,3,DERMASON,3,ShapeFactor1,0.07459059083538487,0.07459059083538487,0.0074924209255353,0.0074924209255353
1,decision_tree,Decision Tree,unscaled,tree,7419,1822,1,sira_predicted_as_dermason,decision_tree,6,SIRA,3,DERMASON,4,Perimeter,0.07097116145786726,0.07097116145786726,721.98,721.98
1,decision_tree,Decision Tree,unscaled,tree,7419,1822,1,sira_predicted_as_dermason,decision_tree,6,SIRA,3,DERMASON,5,Extent,0.06463006871505726,0.06463006871505726,0.6921401588158199,0.6921401588158199
1,decision_tree,Decision Tree,unscaled,tree,7426,942,1,sira_predicted_as_dermason,logistic_regression,6,SIRA,3,DERMASON,1,MajorAxisLength,0.31325901997886696,0.31325901997886696,269.1317270905478,269.1317270905478
1,decision_tree,Decision Tree,unscaled,tree,7426,942,1,sira_predicted_as_dermason,logistic_regression,6,SIRA,3,DERMASON,2,ShapeFactor4,0.11713979773081885,0.11713979773081885,0.9965465724525387,0.9965465724525387
1,decision_tree,Decision Tree,unscaled,tree,7426,942,1,sira_predicted_as_dermason,logistic_regression,6,SIRA,3,DERMASON,3,ShapeFactor1,0.07787441794073531,0.07787441794073531,0.0074500132066587,0.0074500132066587
1,decision_tree,Decision Tree,unscaled,tree,7426,942,1,sira_predicted_as_dermason,logistic_regression,6,SIRA,3,DERMASON,4,Extent,0.06208406282563305,0.06208406282563305,0.6933515028213888,0.6933515028213888
1,decision_tree,Decision Tree,unscaled,tree,7426,942,1,sira_predicted_as_dermason,logistic_regression,6,SIRA,3,DERMASON,5,Perimeter,0.056911591062575,0.056911591062575,718.771,718.771
1,decision_tree,Decision Tree,unscaled,tree,7434,693,1,sira_predicted_as_dermason,logistic_regression,6,SIRA,3,DERMASON,1,MajorAxisLength,0.287809992752629,0.287809992752629,272.05823055475423,272.05823055475423
1,decision_tree,Decision Tree,unscaled,tree,7434,693,1,sira_predicted_as_dermason,logistic_regression,6,SIRA,3,DERMASON,2,Solidity,0.15432373787206569,0.15432373787206569,0.989242040471716,0.989242040471716
1,decision_tree,Decision Tree,unscaled,tree,7434,693,1,sira_predicted_as_dermason,logistic_regression,6,SIRA,3,DERMASON,3,MinorAxisLength,0.09550416796086772,0.09550416796086772,170.89149754304088,170.89149754304088
1,decision_tree,Decision Tree,unscaled,tree,7434,693,1,sira_predicted_as_dermason,logistic_regression,6,SIRA,3,DERMASON,4,EquivDiameter,0.08336722975121755,0.08336722975121755,215.050242371104,215.050242371104
1,decision_tree,Decision Tree,unscaled,tree,7434,693,1,sira_predicted_as_dermason,logistic_regression,6,SIRA,3,DERMASON,5,Perimeter,0.06960855572932736,0.06960855572932736,719.437,719.437
1,decision_tree,Decision Tree,unscaled,tree,7526,1439,1,sira_predicted_as_dermason,logistic_regression,6,SIRA,3,DERMASON,1,MajorAxisLength,0.3373932332462423,0.3373932332462423,276.365808655726,276.365808655726
1,decision_tree,Decision Tree,unscaled,tree,7526,1439,1,sira_predicted_as_dermason,logistic_regression,6,SIRA,3,DERMASON,2,MinorAxisLength,0.11399548267535063,0.11399548267535063,175.1444459729213,175.1444459729213
1,decision_tree,Decision Tree,unscaled,tree,7526,1439,1,sira_predicted_as_dermason,logistic_regression,6,SIRA,3,DERMASON,3,ShapeFactor4,0.10593298317033123,0.10593298317033123,0.9963341368497746,0.9963341368497746
1,decision_tree,Decision Tree,unscaled,tree,7526,1439,1,sira_predicted_as_dermason,logistic_regression,6,SIRA,3,DERMASON,4,Extent,-0.07471605639885506,0.07471605639885506,0.8126019050888184,0.8126019050888184
1,decision_tree,Decision Tree,unscaled,tree,7526,1439,1,sira_predicted_as_dermason,logistic_regression,6,SIRA,3,DERMASON,5,ShapeFactor1,0.07309572046016331,0.07309572046016331,0.0072964017386732,0.0072964017386732
1,decision_tree,Decision Tree,unscaled,tree,7604,217,1,sira_predicted_as_dermason,decision_tree,6,SIRA,3,DERMASON,1,MajorAxisLength,0.3056198297342502,0.3056198297342502,271.1629633226162,271.1629633226162
1,decision_tree,Decision Tree,unscaled,tree,7604,217,1,sira_predicted_as_dermason,decision_tree,6,SIRA,3,DERMASON,2,Perimeter,0.19095220927432854,0.19095220927432854,739.5509999999999,739.5509999999999
1,decision_tree,Decision Tree,unscaled,tree,7604,217,1,sira_predicted_as_dermason,decision_tree,6,SIRA,3,DERMASON,3,ShapeFactor4,0.1252652470742919,0.1252652470742919,0.998179288540195,0.998179288540195
1,decision_tree,Decision Tree,unscaled,tree,7604,217,1,sira_predicted_as_dermason,decision_tree,6,SIRA,3,DERMASON,4,EquivDiameter,0.0796963685831035,0.0796963685831035,222.12452723198373,222.12452723198373
1,decision_tree,Decision Tree,unscaled,tree,7604,217,1,sira_predicted_as_dermason,decision_tree,6,SIRA,3,DERMASON,5,MinorAxisLength,-0.06908976732320116,0.06908976732320116,182.2863325032997,182.2863325032997
1,decision_tree,Decision Tree,unscaled,tree,7638,279,1,sira_predicted_as_dermason,random_forest,6,SIRA,3,DERMASON,1,ConvexArea,0.17833540840210235,0.17833540840210235,39487.0,39487.0
1,decision_tree,Decision Tree,unscaled,tree,7638,279,1,sira_predicted_as_dermason,random_forest,6,SIRA,3,DERMASON,2,ShapeFactor1,0.16351004966948862,0.16351004966948862,0.0070436732891766,0.0070436732891766
1,decision_tree,Decision Tree,unscaled,tree,7638,279,1,sira_predicted_as_dermason,random_forest,6,SIRA,3,DERMASON,3,MajorAxisLength,0.15993540722067676,0.15993540722067676,275.189271734844,275.189271734844
1,decision_tree,Decision Tree,unscaled,tree,7638,279,1,sira_predicted_as_dermason,random_forest,6,SIRA,3,DERMASON,4,ShapeFactor4,0.13989819509128493,0.13989819509128493,0.9975872683330956,0.9975872683330956
1,decision_tree,Decision Tree,unscaled,tree,7638,279,1,sira_predicted_as_dermason,random_forest,6,SIRA,3,DERMASON,5,MinorAxisLength,-0.12146501547844286,0.12146501547844286,181.2007609535202,181.2007609535202
1,decision_tree,Decision Tree,unscaled,tree,7683,2179,1,sira_predicted_as_dermason,mlp,6,SIRA,3,DERMASON,1,Perimeter,0.5569931365976378,0.5569931365976378,737.8319999999999,737.8319999999999
1,decision_tree,Decision Tree,unscaled,tree,7683,2179,1,sira_predicted_as_dermason,mlp,6,SIRA,3,DERMASON,2,MajorAxisLength,-0.11721766240002578,0.11721766240002578,282.5880611744089,282.5880611744089
1,decision_tree,Decision Tree,unscaled,tree,7683,2179,1,sira_predicted_as_dermason,mlp,6,SIRA,3,DERMASON,3,Compactness,0.09957812769541313,0.09957812769541313,0.7932047256425413,0.7932047256425413
1,decision_tree,Decision Tree,unscaled,tree,7683,2179,1,sira_predicted_as_dermason,mlp,6,SIRA,3,DERMASON,4,ShapeFactor1,0.070078720729765,0.070078720729765,0.0071611986815947,0.0071611986815947
1,decision_tree,Decision Tree,unscaled,tree,7683,2179,1,sira_predicted_as_dermason,mlp,6,SIRA,3,DERMASON,5,roundness,0.03257573637927436,0.03257573637927436,0.9108837977431166,0.9108837977431166
1,random_forest,Random Forest,unscaled,tree,2573,192,1,barbunya_predicted_as_cali,decision_tree,0,BARBUNYA,2,CALI,1,roundness,0.14549613961815794,0.14549613961815794,0.9045325908282456,0.9045325908282456
1,random_forest,Random Forest,unscaled,tree,2573,192,1,barbunya_predicted_as_cali,decision_tree,0,BARBUNYA,2,CALI,2,Perimeter,0.09270438195794956,0.09270438195794956,969.983,969.983
1,random_forest,Random Forest,unscaled,tree,2573,192,1,barbunya_predicted_as_cali,decision_tree,0,BARBUNYA,2,CALI,3,Solidity,0.07974918611078342,0.07974918611078342,0.9917408622305528,0.9917408622305528
1,random_forest,Random Forest,unscaled,tree,2573,192,1,barbunya_predicted_as_cali,decision_tree,0,BARBUNYA,2,CALI,4,MajorAxisLength,0.0691786262056899,0.0691786262056899,359.95047767229994,359.95047767229994
1,random_forest,Random Forest,unscaled,tree,2573,192,1,barbunya_predicted_as_cali,decision_tree,0,BARBUNYA,2,CALI,5,MinorAxisLength,0.06543270807216095,0.06543270807216095,240.5130294492974,240.5130294492974
1,random_forest,Random Forest,unscaled,tree,2590,960,1,barbunya_predicted_as_cali,decision_tree,0,BARBUNYA,2,CALI,1,Perimeter,0.11054434565630991,0.11054434565630991,993.761,993.761
1,random_forest,Random Forest,unscaled,tree,2590,960,1,barbunya_predicted_as_cali,decision_tree,0,BARBUNYA,2,CALI,2,ShapeFactor4,-0.09376613456427542,0.09376613456427542,0.997570025272178,0.997570025272178
1,random_forest,Random Forest,unscaled,tree,2590,960,1,barbunya_predicted_as_cali,decision_tree,0,BARBUNYA,2,CALI,3,Solidity,0.08353637708278056,0.08353637708278056,0.9911111111111112,0.9911111111111112
1,random_forest,Random Forest,unscaled,tree,2590,960,1,barbunya_predicted_as_cali,decision_tree,0,BARBUNYA,2,CALI,4,MajorAxisLength,0.08230165675968408,0.08230165675968408,386.98786978852297,386.98786978852297
1,random_forest,Random Forest,unscaled,tree,2590,960,1,barbunya_predicted_as_cali,decision_tree,0,BARBUNYA,2,CALI,5,MinorAxisLength,0.07751881626967962,0.07751881626967962,224.32314119220808,224.32314119220808
1,random_forest,Random Forest,unscaled,tree,2591,66,1,barbunya_predicted_as_cali,logistic_regression,0,BARBUNYA,2,CALI,1,Perimeter,0.10683644244003063,0.10683644244003063,1011.261,1011.261
1,random_forest,Random Forest,unscaled,tree,2591,66,1,barbunya_predicted_as_cali,logistic_regression,0,BARBUNYA,2,CALI,2,MajorAxisLength,0.09062008073171499,0.09062008073171499,380.5696407327228,380.5696407327228
1,random_forest,Random Forest,unscaled,tree,2591,66,1,barbunya_predicted_as_cali,logistic_regression,0,BARBUNYA,2,CALI,3,MinorAxisLength,0.0873098422168358,0.0873098422168358,230.3304483927484,230.3304483927484
1,random_forest,Random Forest,unscaled,tree,2591,66,1,barbunya_predicted_as_cali,logistic_regression,0,BARBUNYA,2,CALI,4,ShapeFactor4,0.08694470214846581,0.08694470214846581,0.9880679024330704,0.9880679024330704
1,random_forest,Random Forest,unscaled,tree,2591,66,1,barbunya_predicted_as_cali,logistic_regression,0,BARBUNYA,2,CALI,5,ConvexArea,0.07953530605820991,0.07953530605820991,69648.0,69648.0
1,random_forest,Random Forest,unscaled,tree,2668,479,1,barbunya_predicted_as_cali,random_forest,0,BARBUNYA,2,CALI,1,ShapeFactor4,-0.10089237630922898,0.10089237630922898,0.9966797594380294,0.9966797594380294
1,random_forest,Random Forest,unscaled,tree,2668,479,1,barbunya_predicted_as_cali,random_forest,0,BARBUNYA,2,CALI,2,Perimeter,0.08652776947783666,0.08652776947783666,1003.29,1003.29
1,random_forest,Random Forest,unscaled,tree,2668,479,1,barbunya_predicted_as_cali,random_forest,0,BARBUNYA,2,CALI,3,roundness,0.08030205243736425,0.08030205243736425,0.8643484671476966,0.8643484671476966
1,random_forest,Random Forest,unscaled,tree,2668,479,1,barbunya_predicted_as_cali,random_forest,0,BARBUNYA,2,CALI,4,MajorAxisLength,0.07265309787539119,0.07265309787539119,379.8828948294386,379.8828948294386
1,random_forest,Random Forest,unscaled,tree,2668,479,1,barbunya_predicted_as_cali,random_forest,0,BARBUNYA,2,CALI,5,MinorAxisLength,0.07084511117878067,0.07084511117878067,232.8288056666925,232.8288056666925
1,random_forest,Random Forest,unscaled,tree,2790,126,1,barbunya_predicted_as_cali,logistic_regression,0,BARBUNYA,2,CALI,1,roundness,0.16177192723469,0.16177192723469,0.8876587307353914,0.8876587307353914
1,random_forest,Random Forest,unscaled,tree,2790,126,1,barbunya_predicted_as_cali,logistic_regression,0,BARBUNYA,2,CALI,2,Perimeter,0.07533208879375214,0.07533208879375214,1005.7759999999998,1005.7759999999998
1,random_forest,Random Forest,unscaled,tree,2790,126,1,barbunya_predicted_as_cali,logistic_regression,0,BARBUNYA,2,CALI,3,MajorAxisLength,0.06706652442586403,0.06706652442586403,374.7846255158424,374.7846255158424
1,random_forest,Random Forest,unscaled,tree,2790,126,1,barbunya_predicted_as_cali,logistic_regression,0,BARBUNYA,2,CALI,4,MinorAxisLength,0.06526009823882034,0.06526009823882034,244.4125876142546,244.4125876142546
1,random_forest,Random Forest,unscaled,tree,2790,126,1,barbunya_predicted_as_cali,logistic_regression,0,BARBUNYA,2,CALI,5,ConvexArea,0.06294102862214733,0.06294102862214733,72262.0,72262.0
1,random_forest,Random Forest,unscaled,tree,2883,553,1,barbunya_predicted_as_cali,mlp,0,BARBUNYA,0,BARBUNYA,1,roundness,-0.11966970291556986,0.11966970291556986,0.8680784148896584,0.8680784148896584
1,random_forest,Random Forest,unscaled,tree,2883,553,1,barbunya_predicted_as_cali,mlp,0,BARBUNYA,0,BARBUNYA,2,Perimeter,0.0921036491305808,0.0921036491305808,1028.668,1028.668
1,random_forest,Random Forest,unscaled,tree,2883,553,1,barbunya_predicted_as_cali,mlp,0,BARBUNYA,0,BARBUNYA,3,ShapeFactor4,-0.07725220163758986,0.07725220163758986,0.9924857985408702,0.9924857985408702
1,random_forest,Random Forest,unscaled,tree,2883,553,1,barbunya_predicted_as_cali,mlp,0,BARBUNYA,0,BARBUNYA,4,ShapeFactor3,0.0672696027812202,0.0672696027812202,0.6562594532217325,0.6562594532217325
1,random_forest,Random Forest,unscaled,tree,2883,553,1,barbunya_predicted_as_cali,mlp,0,BARBUNYA,0,BARBUNYA,5,Compactness,0.06611854140291945,0.06611854140291945,0.8100984219350958,0.8100984219350958
1,random_forest,Random Forest,unscaled,tree,3330,895,1,barbunya_predicted_as_cali,logistic_regression,0,BARBUNYA,0,BARBUNYA,1,ShapeFactor4,0.1930868997240974,0.1930868997240974,0.997350170071718,0.997350170071718
1,random_forest,Random Forest,unscaled,tree,3330,895,1,barbunya_predicted_as_cali,logistic_regression,0,BARBUNYA,0,BARBUNYA,2,Perimeter,0.0911687681992943,0.0911687681992943,1170.4599999999998,1170.4599999999998
1,random_forest,Random Forest,unscaled,tree,3330,895,1,barbunya_predicted_as_cali,logistic_regression,0,BARBUNYA,0,BARBUNYA,3,ShapeFactor1,0.053495966032538735,0.053495966032538735,0.0047444664147212,0.0047444664147212
1,random_forest,Random Forest,unscaled,tree,3330,895,1,barbunya_predicted_as_cali,logistic_regression,0,BARBUNYA,0,BARBUNYA,4,roundness,-0.05333463354148112,0.05333463354148112,0.8564357096222179,0.8564357096222179
1,random_forest,Random Forest,unscaled,tree,3330,895,1,barbunya_predicted_as_cali,logistic_regression,0,BARBUNYA,0,BARBUNYA,5,MinorAxisLength,0.05090813554060329,0.05090813554060329,269.0760699570991,269.0760699570991
1,random_forest,Random Forest,unscaled,tree,3750,1642,1,correct_bombay,logistic_regression,1,BOMBAY,1,BOMBAY,1,MinorAxisLength,0.1706528266310621,0.1706528266310621,384.8905253825387,384.8905253825387
1,random_forest,Random Forest,unscaled,tree,3750,1642,1,correct_bombay,logistic_regression,1,BOMBAY,1,BOMBAY,2,ShapeFactor1,0.14815611231313447,0.14815611231313447,0.0033363633050525,0.0033363633050525
1,random_forest,Random Forest,unscaled,tree,3750,1642,1,correct_bombay,logistic_regression,1,BOMBAY,1,BOMBAY,3,Area,0.1318502590368614,0.1318502590368614,188888.0,188888.0
1,random_forest,Random Forest,unscaled,tree,3750,1642,1,correct_bombay,logistic_regression,1,BOMBAY,1,BOMBAY,4,Perimeter,0.12235126494658521,0.12235126494658521,1655.013,1655.013
1,random_forest,Random Forest,unscaled,tree,3750,1642,1,correct_bombay,logistic_regression,1,BOMBAY,1,BOMBAY,5,EquivDiameter,0.12128293871544166,0.12128293871544166,490.4076581028639,490.4076581028639
1,random_forest,Random Forest,unscaled,tree,3869,806,1,correct_bombay,logistic_regression,1,BOMBAY,1,BOMBAY,1,MinorAxisLength,0.17488684925985978,0.17488684925985978,450.926186722595,450.926186722595
1,random_forest,Random Forest,unscaled,tree,3869,806,1,correct_bombay,logistic_regression,1,BOMBAY,1,BOMBAY,2,ShapeFactor1,0.1495361244728637,0.1495361244728637,0.0028601199942404,0.0028601199942404
1,random_forest,Random Forest,unscaled,tree,3869,806,1,correct_bombay,logistic_regression,1,BOMBAY,1,BOMBAY,3,Area,0.13046730974646314,0.13046730974646314,251432.0,251432.0
1,random_forest,Random Forest,unscaled,tree,3869,806,1,correct_bombay,logistic_regression,1,BOMBAY,1,BOMBAY,4,EquivDiameter,0.12123610904553221,0.12123610904553221,565.8031152369625,565.8031152369625
1,random_forest,Random Forest,unscaled,tree,3869,806,1,correct_bombay,logistic_regression,1,BOMBAY,1,BOMBAY,5,Perimeter,0.12059459419106794,0.12059459419106794,1919.868,1919.868
1,random_forest,Random Forest,unscaled,tree,10986,2688,1,correct_dermason,decision_tree,3,DERMASON,3,DERMASON,1,ConvexArea,0.12856346063043184,0.12856346063043184,29303.0,29303.0
1,random_forest,Random Forest,unscaled,tree,10986,2688,1,correct_dermason,decision_tree,3,DERMASON,3,DERMASON,2,Perimeter,0.1245129604076979,0.1245129604076979,637.9269999999999,637.9269999999999
1,random_forest,Random Forest,unscaled,tree,10986,2688,1,correct_dermason,decision_tree,3,DERMASON,3,DERMASON,3,MajorAxisLength,0.11881821831642225,0.11881821831642225,239.3587517793939,239.3587517793939
1,random_forest,Random Forest,unscaled,tree,10986,2688,1,correct_dermason,decision_tree,3,DERMASON,3,DERMASON,4,Area,0.0843280275342788,0.0843280275342788,29008.0,29008.0
1,random_forest,Random Forest,unscaled,tree,10986,2688,1,correct_dermason,decision_tree,3,DERMASON,3,DERMASON,5,ShapeFactor1,0.07587110252984369,0.07587110252984369,0.0082514737927259,0.0082514737927259
1,random_forest,Random Forest,unscaled,tree,11387,453,1,correct_dermason,random_forest,3,DERMASON,3,DERMASON,1,ConvexArea,0.13053170651329202,0.13053170651329202,30957.0,30957.0
1,random_forest,Random Forest,unscaled,tree,11387,453,1,correct_dermason,random_forest,3,DERMASON,3,DERMASON,2,Perimeter,0.12075734067261217,0.12075734067261217,655.5609999999999,655.5609999999999
1,random_forest,Random Forest,unscaled,tree,11387,453,1,correct_dermason,random_forest,3,DERMASON,3,DERMASON,3,MajorAxisLength,0.11314989830285734,0.11314989830285734,247.90330133330264,247.90330133330264
1,random_forest,Random Forest,unscaled,tree,11387,453,1,correct_dermason,random_forest,3,DERMASON,3,DERMASON,4,Area,0.07813623933140894,0.07813623933140894,30471.0,30471.0
1,random_forest,Random Forest,unscaled,tree,11387,453,1,correct_dermason,random_forest,3,DERMASON,3,DERMASON,5,ShapeFactor1,0.07577691831897822,0.07577691831897822,0.0081357126885662,0.0081357126885662
1,random_forest,Random Forest,unscaled,tree,11479,946,1,correct_dermason,mlp,3,DERMASON,3,DERMASON,1,Perimeter,0.12432126080817094,0.12432126080817094,651.896,651.896
1,random_forest,Random Forest,unscaled,tree,11479,946,1,correct_dermason,mlp,3,DERMASON,3,DERMASON,2,ConvexArea,0.12234130172370468,0.12234130172370468,31190.0,31190.0
1,random_forest,Random Forest,unscaled,tree,11479,946,1,correct_dermason,mlp,3,DERMASON,3,DERMASON,3,MajorAxisLength,0.12005473739488035,0.12005473739488035,235.4711585150832,235.4711585150832
1,random_forest,Random Forest,unscaled,tree,11479,946,1,correct_dermason,mlp,3,DERMASON,3,DERMASON,4,ShapeFactor1,0.08044716652184702,0.08044716652184702,0.0076354991574007,0.0076354991574007
1,random_forest,Random Forest,unscaled,tree,11479,946,1,correct_dermason,mlp,3,DERMASON,3,DERMASON,5,Area,0.08019796849933103,0.08019796849933103,30839.0,30839.0
1,random_forest,Random Forest,unscaled,tree,11538,2056,1,correct_dermason,logistic_regression,3,DERMASON,3,DERMASON,1,Perimeter,0.12523098643026867,0.12523098643026867,648.4689999999999,648.4689999999999
1,random_forest,Random Forest,unscaled,tree,11538,2056,1,correct_dermason,logistic_regression,3,DERMASON,3,DERMASON,2,MajorAxisLength,0.11925220374913824,0.11925220374913824,236.2812723200096,236.2812723200096
1,random_forest,Random Forest,unscaled,tree,11538,2056,1,correct_dermason,logistic_regression,3,DERMASON,3,DERMASON,3,ConvexArea,0.11537530586803083,0.11537530586803083,31397.0,31397.0
1,random_forest,Random Forest,unscaled,tree,11538,2056,1,correct_dermason,logistic_regression,3,DERMASON,3,DERMASON,4,ShapeFactor1,0.07515939210728036,0.07515939210728036,0.0076155892580419,0.0076155892580419
1,random_forest,Random Forest,unscaled,tree,11538,2056,1,correct_dermason,logistic_regression,3,DERMASON,3,DERMASON,5,Area,0.07424938469212561,0.07424938469212561,31026.0,31026.0
1,random_forest,Random Forest,unscaled,tree,11655,859,1,correct_dermason,random_forest,3,DERMASON,3,DERMASON,1,Perimeter,0.12752260793490786,0.12752260793490786,650.262,650.262
1,random_forest,Random Forest,unscaled,tree,11655,859,1,correct_dermason,random_forest,3,DERMASON,3,DERMASON,2,MajorAxisLength,0.1173257333682099,0.1173257333682099,236.29316781779423,236.29316781779423
1,random_forest,Random Forest,unscaled,tree,11655,859,1,correct_dermason,random_forest,3,DERMASON,3,DERMASON,3,ConvexArea,0.11619186732683136,0.11619186732683136,31769.0,31769.0
1,random_forest,Random Forest,unscaled,tree,11655,859,1,correct_dermason,random_forest,3,DERMASON,3,DERMASON,4,ShapeFactor1,0.07400959321466749,0.07400959321466749,0.0075027995115829,0.0075027995115829
1,random_forest,Random Forest,unscaled,tree,11655,859,1,correct_dermason,random_forest,3,DERMASON,3,DERMASON,5,Area,0.07199949218229669,0.07199949218229669,31494.0,31494.0
1,random_forest,Random Forest,unscaled,tree,11678,1622,1,correct_dermason,logistic_regression,3,DERMASON,3,DERMASON,1,ConvexArea,0.11942443490629061,0.11942443490629061,32083.0,32083.0
1,random_forest,Random Forest,unscaled,tree,11678,1622,1,correct_dermason,logistic_regression,3,DERMASON,3,DERMASON,2,Perimeter,0.11831232734640519,0.11831232734640519,656.453,656.453
1,random_forest,Random Forest,unscaled,tree,11678,1622,1,correct_dermason,logistic_regression,3,DERMASON,3,DERMASON,3,MajorAxisLength,0.11739085717647396,0.11739085717647396,242.94856462354684,242.94856462354684
1,random_forest,Random Forest,unscaled,tree,11678,1622,1,correct_dermason,logistic_regression,3,DERMASON,3,DERMASON,4,ShapeFactor1,0.07448759508895778,0.07448759508895778,0.0076984778700661,0.0076984778700661
1,random_forest,Random Forest,unscaled,tree,11678,1622,1,correct_dermason,logistic_regression,3,DERMASON,3,DERMASON,5,Area,0.07244568938541886,0.07244568938541886,31558.0,31558.0
1,random_forest,Random Forest,unscaled,tree,13256,365,1,correct_dermason,decision_tree,3,DERMASON,3,DERMASON,1,Perimeter,0.09213876066592627,0.09213876066592627,739.694,739.694
1,random_forest,Random Forest,unscaled,tree,13256,365,1,correct_dermason,decision_tree,3,DERMASON,3,DERMASON,2,ConvexArea,0.08083540549427477,0.08083540549427477,39487.0,39487.0
1,random_forest,Random Forest,unscaled,tree,13256,365,1,correct_dermason,decision_tree,3,DERMASON,3,DERMASON,3,MinorAxisLength,0.06338211327825874,0.06338211327825874,176.5391833949771,176.5391833949771
1,random_forest,Random Forest,unscaled,tree,13256,365,1,correct_dermason,decision_tree,3,DERMASON,3,DERMASON,4,ShapeFactor1,0.06035507824124001,0.06035507824124001,0.0072396610226421,0.0072396610226421
1,random_forest,Random Forest,unscaled,tree,13256,365,1,correct_dermason,decision_tree,3,DERMASON,3,DERMASON,5,EquivDiameter,0.03685660410257033,0.03685660410257033,223.173888506138,223.173888506138
1,random_forest,Random Forest,unscaled,tree,7727,318,1,correct_sira,logistic_regression,6,SIRA,3,DERMASON,1,Perimeter,0.10533275413332259,0.10533275413332259,742.1579999999999,742.1579999999999
1,random_forest,Random Forest,unscaled,tree,7727,318,1,correct_sira,logistic_regression,6,SIRA,3,DERMASON,2,roundness,0.05120024541860957,0.05120024541860957,0.9092163549534408,0.9092163549534408
1,random_forest,Random Forest,unscaled,tree,7727,318,1,correct_sira,logistic_regression,6,SIRA,3,DERMASON,3,ShapeFactor3,0.03232622483808949,0.03232622483808949,0.640428295161784,0.640428295161784
1,random_forest,Random Forest,unscaled,tree,7727,318,1,correct_sira,logistic_regression,6,SIRA,3,DERMASON,4,Compactness,0.02902897589775802,0.02902897589775802,0.800267639706732,0.800267639706732
1,random_forest,Random Forest,unscaled,tree,7727,318,1,correct_sira,logistic_regression,6,SIRA,3,DERMASON,5,ShapeFactor1,0.027034149425059033,0.027034149425059033,0.0070630900413808,0.0070630900413808
1,random_forest,Random Forest,unscaled,tree,8289,708,1,correct_sira,random_forest,6,SIRA,6,SIRA,1,Perimeter,0.13332200772034977,0.13332200772034977,776.373,776.373
1,random_forest,Random Forest,unscaled,tree,8289,708,1,correct_sira,random_forest,6,SIRA,6,SIRA,2,ConvexArea,0.08620463021086776,0.08620463021086776,43448.0,43448.0
1,random_forest,Random Forest,unscaled,tree,8289,708,1,correct_sira,random_forest,6,SIRA,6,SIRA,3,ShapeFactor3,0.06632695368794395,0.06632695368794395,0.6799810771992251,0.6799810771992251
1,random_forest,Random Forest,unscaled,tree,8289,708,1,correct_sira,random_forest,6,SIRA,6,SIRA,4,MinorAxisLength,0.06324863587268258,0.06324863587268258,193.36694264290952,193.36694264290952
1,random_forest,Random Forest,unscaled,tree,8289,708,1,correct_sira,random_forest,6,SIRA,6,SIRA,5,Compactness,0.06271941564421642,0.06271941564421642,0.8246096514104264,0.8246096514104264
1,random_forest,Random Forest,unscaled,tree,8419,1064,1,correct_sira,decision_tree,6,SIRA,6,SIRA,1,Perimeter,0.12848849461134573,0.12848849461134573,796.222,796.222
1,random_forest,Random Forest,unscaled,tree,8419,1064,1,correct_sira,decision_tree,6,SIRA,6,SIRA,2,ConvexArea,0.08329508708529104,0.08329508708529104,44138.0,44138.0
1,random_forest,Random Forest,unscaled,tree,8419,1064,1,correct_sira,decision_tree,6,SIRA,6,SIRA,3,ShapeFactor3,0.06977156899749158,0.06977156899749158,0.6583784667314744,0.6583784667314744
1,random_forest,Random Forest,unscaled,tree,8419,1064,1,correct_sira,decision_tree,6,SIRA,6,SIRA,4,MajorAxisLength,0.06632880486779386,0.06632880486779386,289.7391227424172,289.7391227424172
1,random_forest,Random Forest,unscaled,tree,8419,1064,1,correct_sira,decision_tree,6,SIRA,6,SIRA,5,Compactness,0.06359745343620449,0.06359745343620449,0.8114052419916169,0.8114052419916169
1,random_forest,Random Forest,unscaled,tree,8633,1802,1,correct_sira,random_forest,6,SIRA,6,SIRA,1,Perimeter,0.11101110763932326,0.11101110763932326,809.442,809.442
1,random_forest,Random Forest,unscaled,tree,8633,1802,1,correct_sira,random_forest,6,SIRA,6,SIRA,2,Solidity,-0.0708992978917293,0.0708992978917293,0.9735330234189984,0.9735330234189984
1,random_forest,Random Forest,unscaled,tree,8633,1802,1,correct_sira,random_forest,6,SIRA,6,SIRA,3,ConvexArea,0.06886027057393576,0.06886027057393576,45604.0,45604.0
1,random_forest,Random Forest,unscaled,tree,8633,1802,1,correct_sira,random_forest,6,SIRA,6,SIRA,4,MinorAxisLength,0.06545552006519366,0.06545552006519366,187.79004056387367,187.79004056387367
1,random_forest,Random Forest,unscaled,tree,8633,1802,1,correct_sira,random_forest,6,SIRA,6,SIRA,5,ShapeFactor3,0.05987065992544955,0.05987065992544955,0.6069082329352582,0.6069082329352582
1,random_forest,Random Forest,unscaled,tree,8840,308,1,correct_sira,mlp,6,SIRA,6,SIRA,1,Perimeter,0.1398055152772047,0.1398055152772047,800.096,800.096
1,random_forest,Random Forest,unscaled,tree,8840,308,1,correct_sira,mlp,6,SIRA,6,SIRA,2,ConvexArea,0.08523414531176862,0.08523414531176862,45723.0,45723.0
1,random_forest,Random Forest,unscaled,tree,8840,308,1,correct_sira,mlp,6,SIRA,6,SIRA,3,MajorAxisLength,0.07611704177446692,0.07611704177446692,297.6950695731053,297.6950695731053
1,random_forest,Random Forest,unscaled,tree,8840,308,1,correct_sira,mlp,6,SIRA,6,SIRA,4,ShapeFactor3,0.06902988153499678,0.06902988153499678,0.6506394421755752,0.6506394421755752
1,random_forest,Random Forest,unscaled,tree,8840,308,1,correct_sira,mlp,6,SIRA,6,SIRA,5,MinorAxisLength,0.06315514721141353,0.06315514721141353,194.1418214334817,194.1418214334817
1,random_forest,Random Forest,unscaled,tree,9111,186,1,correct_sira,logistic_regression,6,SIRA,6,SIRA,1,Perimeter,0.14045832286242546,0.14045832286242546,807.419,807.419
1,random_forest,Random Forest,unscaled,tree,9111,186,1,correct_sira,logistic_regression,6,SIRA,6,SIRA,2,ConvexArea,0.08770203671768109,0.08770203671768109,47014.0,47014.0
1,random_forest,Random Forest,unscaled,tree,9111,186,1,correct_sira,logistic_regression,6,SIRA,6,SIRA,3,MajorAxisLength,0.08213941450449232,0.08213941450449232,305.7739408863234,305.7739408863234
1,random_forest,Random Forest,unscaled,tree,9111,186,1,correct_sira,logistic_regression,6,SIRA,6,SIRA,4,ShapeFactor3,0.0688993873043533,0.0688993873043533,0.6338982211715148,0.6338982211715148
1,random_forest,Random Forest,unscaled,tree,9111,186,1,correct_sira,logistic_regression,6,SIRA,6,SIRA,5,Compactness,0.06466721385616515,0.06466721385616515,0.7961772548694888,0.7961772548694888
1,random_forest,Random Forest,unscaled,tree,9316,462,1,correct_sira,decision_tree,6,SIRA,6,SIRA,1,Perimeter,0.1412675248686957,0.1412675248686957,817.095,817.095
1,random_forest,Random Forest,unscaled,tree,9316,462,1,correct_sira,decision_tree,6,SIRA,6,SIRA,2,ConvexArea,0.08678541722876425,0.08678541722876425,48134.0,48134.0
1,random_forest,Random Forest,unscaled,tree,9316,462,1,correct_sira,decision_tree,6,SIRA,6,SIRA,3,MajorAxisLength,0.08021109597777579,0.08021109597777579,303.8431455041392,303.8431455041392
1,random_forest,Random Forest,unscaled,tree,9316,462,1,correct_sira,decision_tree,6,SIRA,6,SIRA,4,ShapeFactor3,0.06984405070467611,0.06984405070467611,0.657288686936249,0.657288686936249
1,random_forest,Random Forest,unscaled,tree,9316,462,1,correct_sira,decision_tree,6,SIRA,6,SIRA,5,Compactness,0.06628979954231207,0.06628979954231207,0.8107334253231755,0.8107334253231755
1,random_forest,Random Forest,unscaled,tree,9877,2650,1,correct_sira,decision_tree,6,SIRA,6,SIRA,1,Perimeter,0.10867164810468677,0.10867164810468677,873.235,873.235
1,random_forest,Random Forest,unscaled,tree,9877,2650,1,correct_sira,decision_tree,6,SIRA,6,SIRA,2,ConvexArea,0.07992540739129501,0.07992540739129501,53222.0,53222.0
1,random_forest,Random Forest,unscaled,tree,9877,2650,1,correct_sira,decision_tree,6,SIRA,6,SIRA,3,MinorAxisLength,0.06986924336634455,0.06986924336634455,201.1396295655063,201.1396295655063
1,random_forest,Random Forest,unscaled,tree,9877,2650,1,correct_sira,decision_tree,6,SIRA,6,SIRA,4,Compactness,0.06812012849680156,0.06812012849680156,0.7748247497449402,0.7748247497449402
1,random_forest,Random Forest,unscaled,tree,9877,2650,1,correct_sira,decision_tree,6,SIRA,6,SIRA,5,ShapeFactor3,0.06622231173721298,0.06622231173721298,0.6003533928173093,0.6003533928173093
1,random_forest,Random Forest,unscaled,tree,12877,2335,1,dermason_predicted_as_sira,mlp,3,DERMASON,6,SIRA,1,ShapeFactor4,0.08214117582179602,0.08214117582179602,0.9921602240547652,0.9921602240547652
1,random_forest,Random Forest,unscaled,tree,12877,2335,1,dermason_predicted_as_sira,mlp,3,DERMASON,6,SIRA,2,roundness,0.049582173709857694,0.049582173709857694,0.8634718862827261,0.8634718862827261
1,random_forest,Random Forest,unscaled,tree,12877,2335,1,dermason_predicted_as_sira,mlp,3,DERMASON,6,SIRA,3,Compactness,0.03848491669539996,0.03848491669539996,0.8099866822893717,0.8099866822893717
1,random_forest,Random Forest,unscaled,tree,12877,2335,1,dermason_predicted_as_sira,mlp,3,DERMASON,6,SIRA,4,ShapeFactor3,0.03750631068957034,0.03750631068957034,0.6560784254861437,0.6560784254861437
1,random_forest,Random Forest,unscaled,tree,12877,2335,1,dermason_predicted_as_sira,mlp,3,DERMASON,6,SIRA,5,Perimeter,0.03228924562789316,0.03228924562789316,731.413,731.413
1,random_forest,Random Forest,unscaled,tree,13039,251,1,dermason_predicted_as_sira,decision_tree,3,DERMASON,3,DERMASON,1,MajorAxisLength,0.07186186949485131,0.07186186949485131,270.6278272356995,270.6278272356995
1,random_forest,Random Forest,unscaled,tree,13039,251,1,dermason_predicted_as_sira,decision_tree,3,DERMASON,3,DERMASON,2,roundness,-0.07036837645198983,0.07036837645198983,0.8862058229432079,0.8862058229432079
1,random_forest,Random Forest,unscaled,tree,13039,251,1,dermason_predicted_as_sira,decision_tree,3,DERMASON,3,DERMASON,3,ConvexArea,0.05121397633292394,0.05121397633292394,38174.0,38174.0
1,random_forest,Random Forest,unscaled,tree,13039,251,1,dermason_predicted_as_sira,decision_tree,3,DERMASON,3,DERMASON,4,ShapeFactor1,0.04085467103367065,0.04085467103367065,0.0071721789212545,0.0071721789212545
1,random_forest,Random Forest,unscaled,tree,13039,251,1,dermason_predicted_as_sira,decision_tree,3,DERMASON,3,DERMASON,5,Area,0.038138044143046654,0.038138044143046654,37733.0,37733.0
1,random_forest,Random Forest,unscaled,tree,13204,1694,1,dermason_predicted_as_sira,random_forest,3,DERMASON,6,SIRA,1,roundness,0.04506855327085119,0.04506855327085119,0.9044394215199986,0.9044394215199986
1,random_forest,Random Forest,unscaled,tree,13204,1694,1,dermason_predicted_as_sira,random_forest,3,DERMASON,6,SIRA,2,ShapeFactor4,-0.042736354929970424,0.042736354929970424,0.999250048655873,0.999250048655873
1,random_forest,Random Forest,unscaled,tree,13204,1694,1,dermason_predicted_as_sira,random_forest,3,DERMASON,6,SIRA,3,MinorAxisLength,0.04057131830393615,0.04057131830393615,184.0619233177267,184.0619233177267
1,random_forest,Random Forest,unscaled,tree,13204,1694,1,dermason_predicted_as_sira,random_forest,3,DERMASON,6,SIRA,4,Compactness,0.03828629804357702,0.03828629804357702,0.8277331933179035,0.8277331933179035
1,random_forest,Random Forest,unscaled,tree,13204,1694,1,dermason_predicted_as_sira,random_forest,3,DERMASON,6,SIRA,5,Perimeter,0.03735723954882211,0.03735723954882211,734.02,734.02
1,random_forest,Random Forest,unscaled,tree,13322,1696,1,dermason_predicted_as_sira,random_forest,3,DERMASON,6,SIRA,1,ShapeFactor4,0.07452592061892642,0.07452592061892642,0.9943847141528392,0.9943847141528392
1,random_forest,Random Forest,unscaled,tree,13322,1696,1,dermason_predicted_as_sira,random_forest,3,DERMASON,6,SIRA,2,MinorAxisLength,0.052991351486105176,0.052991351486105176,183.3441984080516,183.3441984080516
1,random_forest,Random Forest,unscaled,tree,13322,1696,1,dermason_predicted_as_sira,random_forest,3,DERMASON,6,SIRA,3,Compactness,0.042131198616136664,0.042131198616136664,0.8117154944751649,0.8117154944751649
1,random_forest,Random Forest,unscaled,tree,13322,1696,1,dermason_predicted_as_sira,random_forest,3,DERMASON,6,SIRA,4,Area,0.03851136543685029,0.03851136543685029,39621.0,39621.0
1,random_forest,Random Forest,unscaled,tree,13322,1696,1,dermason_predicted_as_sira,random_forest,3,DERMASON,6,SIRA,5,ShapeFactor3,0.03725064546032344,0.03725064546032344,0.6588820439710613,0.6588820439710613
1,random_forest,Random Forest,unscaled,tree,13372,2326,1,dermason_predicted_as_sira,logistic_regression,3,DERMASON,6,SIRA,1,ShapeFactor4,0.051958857405911704,0.051958857405911704,0.9935263506429898,0.9935263506429898
1,random_forest,Random Forest,unscaled,tree,13372,2326,1,dermason_predicted_as_sira,logistic_regression,3,DERMASON,6,SIRA,2,ConvexArea,0.05156507306297215,0.05156507306297215,40725.0,40725.0
1,random_forest,Random Forest,unscaled,tree,13372,2326,1,dermason_predicted_as_sira,logistic_regression,3,DERMASON,6,SIRA,3,Solidity,0.05058203702329851,0.05058203702329851,0.9846040515653776,0.9846040515653776
1,random_forest,Random Forest,unscaled,tree,13372,2326,1,dermason_predicted_as_sira,logistic_regression,3,DERMASON,6,SIRA,4,Area,0.04572978312733451,0.04572978312733451,40098.0,40098.0
1,random_forest,Random Forest,unscaled,tree,13372,2326,1,dermason_predicted_as_sira,logistic_regression,3,DERMASON,6,SIRA,5,ShapeFactor3,0.04244805211537314,0.04244805211537314,0.5871338829314878,0.5871338829314878
1,random_forest,Random Forest,unscaled,tree,13448,2291,1,dermason_predicted_as_sira,mlp,3,DERMASON,6,SIRA,1,Perimeter,0.08134070182316175,0.08134070182316175,747.915,747.915
1,random_forest,Random Forest,unscaled,tree,13448,2291,1,dermason_predicted_as_sira,mlp,3,DERMASON,6,SIRA,2,ConvexArea,0.06796158759840759,0.06796158759840759,41346.0,41346.0
1,random_forest,Random Forest,unscaled,tree,13448,2291,1,dermason_predicted_as_sira,mlp,3,DERMASON,6,SIRA,3,Compactness,0.06624662232100441,0.06624662232100441,0.8199864507510066,0.8199864507510066
1,random_forest,Random Forest,unscaled,tree,13448,2291,1,dermason_predicted_as_sira,mlp,3,DERMASON,6,SIRA,4,ShapeFactor3,0.06583517099280103,0.06583517099280103,0.672377779415233,0.672377779415233
1,random_forest,Random Forest,unscaled,tree,13448,2291,1,dermason_predicted_as_sira,mlp,3,DERMASON,6,SIRA,5,MinorAxisLength,0.061167722039424846,0.061167722039424846,188.1656213441918,188.1656213441918
1,random_forest,Random Forest,unscaled,tree,13452,1015,1,dermason_predicted_as_sira,logistic_regression,3,DERMASON,6,SIRA,1,Perimeter,0.10453735276442153,0.10453735276442153,762.8499999999999,762.8499999999999
1,random_forest,Random Forest,unscaled,tree,13452,1015,1,dermason_predicted_as_sira,logistic_regression,3,DERMASON,6,SIRA,2,MajorAxisLength,0.06432181590674808,0.06432181590674808,285.25743432204376,285.25743432204376
1,random_forest,Random Forest,unscaled,tree,13452,1015,1,dermason_predicted_as_sira,logistic_regression,3,DERMASON,6,SIRA,3,MinorAxisLength,0.0630377199993285,0.0630377199993285,183.7581266054588,183.7581266054588
1,random_forest,Random Forest,unscaled,tree,13452,1015,1,dermason_predicted_as_sira,logistic_regression,3,DERMASON,6,SIRA,4,Compactness,0.05983966255683378,0.05983966255683378,0.800479737842825,0.800479737842825
1,random_forest,Random Forest,unscaled,tree,13452,1015,1,dermason_predicted_as_sira,logistic_regression,3,DERMASON,6,SIRA,5,ShapeFactor3,0.05795635185722166,0.05795635185722166,0.6407678106969178,0.6407678106969178
1,random_forest,Random Forest,unscaled,tree,13514,54,1,dermason_predicted_as_sira,decision_tree,3,DERMASON,6,SIRA,1,Perimeter,0.12784783649414783,0.12784783649414783,772.831,772.831
1,random_forest,Random Forest,unscaled,tree,13514,54,1,dermason_predicted_as_sira,decision_tree,3,DERMASON,6,SIRA,2,MinorAxisLength,0.056239764783260204,0.056239764783260204,181.3121835458421,181.3121835458421
1,random_forest,Random Forest,unscaled,tree,13514,54,1,dermason_predicted_as_sira,decision_tree,3,DERMASON,6,SIRA,3,ShapeFactor3,0.05574549768664935,0.05574549768664935,0.6136628694882087,0.6136628694882087
1,random_forest,Random Forest,unscaled,tree,13514,54,1,dermason_predicted_as_sira,decision_tree,3,DERMASON,6,SIRA,4,ShapeFactor1,0.05193134981602264,0.05193134981602264,0.0070431505144589,0.0070431505144589
1,random_forest,Random Forest,unscaled,tree,13514,54,1,dermason_predicted_as_sira,decision_tree,3,DERMASON,6,SIRA,5,roundness,0.051355519995348056,0.051355519995348056,0.8800090299576121,0.8800090299576121
1,random_forest,Random Forest,unscaled,tree,7397,1303,1,sira_predicted_as_dermason,random_forest,6,SIRA,3,DERMASON,1,Perimeter,0.12451571432771102,0.12451571432771102,703.253,703.253
1,random_forest,Random Forest,unscaled,tree,7397,1303,1,sira_predicted_as_dermason,random_forest,6,SIRA,3,DERMASON,2,MajorAxisLength,0.09901361861551532,0.09901361861551532,268.4473909380101,268.4473909380101
1,random_forest,Random Forest,unscaled,tree,7397,1303,1,sira_predicted_as_dermason,random_forest,6,SIRA,3,DERMASON,3,ConvexArea,0.09663320123876415,0.09663320123876415,35497.0,35497.0
1,random_forest,Random Forest,unscaled,tree,7397,1303,1,sira_predicted_as_dermason,random_forest,6,SIRA,3,DERMASON,4,ShapeFactor1,0.06960962856045934,0.06960962856045934,0.0076417601109627,0.0076417601109627
1,random_forest,Random Forest,unscaled,tree,7397,1303,1,sira_predicted_as_dermason,random_forest,6,SIRA,3,DERMASON,5,MinorAxisLength,0.06687808865102267,0.06687808865102267,167.17026734995972,167.17026734995972
1,random_forest,Random Forest,unscaled,tree,7419,1822,1,sira_predicted_as_dermason,decision_tree,6,SIRA,3,DERMASON,1,MajorAxisLength,0.08002790877257947,0.08002790877257947,269.0603278569013,269.0603278569013
1,random_forest,Random Forest,unscaled,tree,7419,1822,1,sira_predicted_as_dermason,decision_tree,6,SIRA,3,DERMASON,2,ConvexArea,0.07672385068461204,0.07672385068461204,36408.0,36408.0
1,random_forest,Random Forest,unscaled,tree,7419,1822,1,sira_predicted_as_dermason,decision_tree,6,SIRA,3,DERMASON,3,ShapeFactor1,0.058766724928133236,0.058766724928133236,0.0074924209255353,0.0074924209255353
1,random_forest,Random Forest,unscaled,tree,7419,1822,1,sira_predicted_as_dermason,decision_tree,6,SIRA,3,DERMASON,4,roundness,-0.05319020400225316,0.05319020400225316,0.8657390929530948,0.8657390929530948
1,random_forest,Random Forest,unscaled,tree,7419,1822,1,sira_predicted_as_dermason,decision_tree,6,SIRA,3,DERMASON,5,Perimeter,0.047354884491201975,0.047354884491201975,721.98,721.98
1,random_forest,Random Forest,unscaled,tree,7426,942,1,sira_predicted_as_dermason,logistic_regression,6,SIRA,3,DERMASON,1,MajorAxisLength,0.07779083703758778,0.07779083703758778,269.1317270905478,269.1317270905478
1,random_forest,Random Forest,unscaled,tree,7426,942,1,sira_predicted_as_dermason,logistic_regression,6,SIRA,3,DERMASON,2,roundness,-0.06704191543616807,0.06704191543616807,0.8786919078361368,0.8786919078361368
1,random_forest,Random Forest,unscaled,tree,7426,942,1,sira_predicted_as_dermason,logistic_regression,6,SIRA,3,DERMASON,3,ConvexArea,0.06605321712416033,0.06605321712416033,36539.0,36539.0
1,random_forest,Random Forest,unscaled,tree,7426,942,1,sira_predicted_as_dermason,logistic_regression,6,SIRA,3,DERMASON,4,ShapeFactor1,0.05902164826841898,0.05902164826841898,0.0074500132066587,0.0074500132066587
1,random_forest,Random Forest,unscaled,tree,7426,942,1,sira_predicted_as_dermason,logistic_regression,6,SIRA,3,DERMASON,5,MinorAxisLength,0.05658199711818596,0.05658199711818596,171.49658494483035,171.49658494483035
1,random_forest,Random Forest,unscaled,tree,7434,693,1,sira_predicted_as_dermason,logistic_regression,6,SIRA,3,DERMASON,1,ConvexArea,0.08025467967882075,0.08025467967882075,36717.0,36717.0
1,random_forest,Random Forest,unscaled,tree,7434,693,1,sira_predicted_as_dermason,logistic_regression,6,SIRA,3,DERMASON,2,MajorAxisLength,0.07085295922732264,0.07085295922732264,272.05823055475423,272.05823055475423
1,random_forest,Random Forest,unscaled,tree,7434,693,1,sira_predicted_as_dermason,logistic_regression,6,SIRA,3,DERMASON,3,Perimeter,0.06191842964753274,0.06191842964753274,719.437,719.437
1,random_forest,Random Forest,unscaled,tree,7434,693,1,sira_predicted_as_dermason,logistic_regression,6,SIRA,3,DERMASON,4,ShapeFactor1,0.05756220608172097,0.05756220608172097,0.0074901775936004,0.0074901775936004
1,random_forest,Random Forest,unscaled,tree,7434,693,1,sira_predicted_as_dermason,logistic_regression,6,SIRA,3,DERMASON,5,MinorAxisLength,0.05083569644459271,0.05083569644459271,170.89149754304088,170.89149754304088
1,random_forest,Random Forest,unscaled,tree,7526,1439,1,sira_predicted_as_dermason,logistic_regression,6,SIRA,3,DERMASON,1,Extent,-0.06592215569652969,0.06592215569652969,0.8126019050888184,0.8126019050888184
1,random_forest,Random Forest,unscaled,tree,7526,1439,1,sira_predicted_as_dermason,logistic_regression,6,SIRA,3,DERMASON,2,ConvexArea,0.05954625849871537,0.05954625849871537,38345.0,38345.0
1,random_forest,Random Forest,unscaled,tree,7526,1439,1,sira_predicted_as_dermason,logistic_regression,6,SIRA,3,DERMASON,3,MajorAxisLength,0.0586331665039639,0.0586331665039639,276.365808655726,276.365808655726
1,random_forest,Random Forest,unscaled,tree,7526,1439,1,sira_predicted_as_dermason,logistic_regression,6,SIRA,3,DERMASON,4,MinorAxisLength,0.048061083946914676,0.048061083946914676,175.1444459729213,175.1444459729213
1,random_forest,Random Forest,unscaled,tree,7526,1439,1,sira_predicted_as_dermason,logistic_regression,6,SIRA,3,DERMASON,5,ShapeFactor1,0.04498494680373565,0.04498494680373565,0.0072964017386732,0.0072964017386732
1,random_forest,Random Forest,unscaled,tree,7604,217,1,sira_predicted_as_dermason,decision_tree,6,SIRA,6,SIRA,1,roundness,0.06924495631398749,0.06924495631398749,0.8903413034812356,0.8903413034812356
1,random_forest,Random Forest,unscaled,tree,7604,217,1,sira_predicted_as_dermason,decision_tree,6,SIRA,6,SIRA,2,Compactness,0.042127993533014316,0.042127993533014316,0.819155110676789,0.819155110676789
1,random_forest,Random Forest,unscaled,tree,7604,217,1,sira_predicted_as_dermason,decision_tree,6,SIRA,6,SIRA,3,ShapeFactor3,0.036006492134177705,0.036006492134177705,0.6710150953479026,0.6710150953479026
1,random_forest,Random Forest,unscaled,tree,7604,217,1,sira_predicted_as_dermason,decision_tree,6,SIRA,6,SIRA,4,MinorAxisLength,0.03239115880678827,0.03239115880678827,182.2863325032997,182.2863325032997
1,random_forest,Random Forest,unscaled,tree,7604,217,1,sira_predicted_as_dermason,decision_tree,6,SIRA,6,SIRA,5,ShapeFactor1,0.031910191226291004,0.031910191226291004,0.0069975733096595,0.0069975733096595
1,random_forest,Random Forest,unscaled,tree,7638,279,1,sira_predicted_as_dermason,random_forest,6,SIRA,3,DERMASON,1,MajorAxisLength,0.0702511510979516,0.0702511510979516,275.189271734844,275.189271734844
1,random_forest,Random Forest,unscaled,tree,7638,279,1,sira_predicted_as_dermason,random_forest,6,SIRA,3,DERMASON,2,ShapeFactor4,0.05150060472444463,0.05150060472444463,0.9975872683330956,0.9975872683330956
1,random_forest,Random Forest,unscaled,tree,7638,279,1,sira_predicted_as_dermason,random_forest,6,SIRA,3,DERMASON,3,roundness,-0.05148888824281018,0.05148888824281018,0.8815447696859985,0.8815447696859985
1,random_forest,Random Forest,unscaled,tree,7638,279,1,sira_predicted_as_dermason,random_forest,6,SIRA,3,DERMASON,4,ConvexArea,0.050344845359946475,0.050344845359946475,39487.0,39487.0
1,random_forest,Random Forest,unscaled,tree,7638,279,1,sira_predicted_as_dermason,random_forest,6,SIRA,3,DERMASON,5,ShapeFactor3,0.02747896152832362,0.02747896152832362,0.6568699826120892,0.6568699826120892
1,random_forest,Random Forest,unscaled,tree,7683,2179,1,sira_predicted_as_dermason,mlp,6,SIRA,3,DERMASON,1,Perimeter,0.12160761344101696,0.12160761344101696,737.8319999999999,737.8319999999999
1,random_forest,Random Forest,unscaled,tree,7683,2179,1,sira_predicted_as_dermason,mlp,6,SIRA,3,DERMASON,2,ConvexArea,0.08610816405978268,0.08610816405978268,39855.0,39855.0
1,random_forest,Random Forest,unscaled,tree,7683,2179,1,sira_predicted_as_dermason,mlp,6,SIRA,3,DERMASON,3,ShapeFactor1,0.0604214831577611,0.0604214831577611,0.0071611986815947,0.0071611986815947
1,random_forest,Random Forest,unscaled,tree,7683,2179,1,sira_predicted_as_dermason,mlp,6,SIRA,3,DERMASON,4,MinorAxisLength,0.05603035850802264,0.05603035850802264,178.47954412418304,178.47954412418304
1,random_forest,Random Forest,unscaled,tree,7683,2179,1,sira_predicted_as_dermason,mlp,6,SIRA,3,DERMASON,5,roundness,0.04661672111364748,0.04661672111364748,0.9108837977431166,0.9108837977431166
1,mlp,MLP,scaled,kernel,2573,192,1,barbunya_predicted_as_cali,decision_tree,0,BARBUNYA,2,CALI,1,roundness,0.15471212797155623,0.15471212797155623,0.9045325908282456,0.5183217787978041
1,mlp,MLP,scaled,kernel,2573,192,1,barbunya_predicted_as_cali,decision_tree,0,BARBUNYA,2,CALI,2,ShapeFactor1,0.13357969584838392,0.13357969584838392,0.005314961869829,-1.1050931589179638
1,mlp,MLP,scaled,kernel,2573,192,1,barbunya_predicted_as_cali,decision_tree,0,BARBUNYA,2,CALI,3,Solidity,0.09660106674130152,0.09660106674130152,0.9917408622305528,0.9836686908010036
1,mlp,MLP,scaled,kernel,2573,192,1,barbunya_predicted_as_cali,decision_tree,0,BARBUNYA,2,CALI,4,MinorAxisLength,0.07403648536140044,0.07403648536140044,240.5130294492974,0.8477767819176024
1,mlp,MLP,scaled,kernel,2573,192,1,barbunya_predicted_as_cali,decision_tree,0,BARBUNYA,2,CALI,5,MajorAxisLength,0.06928443805163687,0.06928443805163687,359.95047767229994,0.4685623439233415
1,mlp,MLP,scaled,kernel,2590,960,1,barbunya_predicted_as_cali,decision_tree,0,BARBUNYA,2,CALI,1,EquivDiameter,0.12258501540616452,0.12258501540616452,294.27773893919004,0.69702382437514
1,mlp,MLP,scaled,kernel,2590,960,1,barbunya_predicted_as_cali,decision_tree,0,BARBUNYA,2,CALI,2,ShapeFactor1,0.10198230462901375,0.10198230462901375,0.0056897429947588,-0.7730868874382189
1,mlp,MLP,scaled,kernel,2590,960,1,barbunya_predicted_as_cali,decision_tree,0,BARBUNYA,2,CALI,3,Solidity,0.09915730973883564,0.09915730973883564,0.9911111111111112,0.8486606381606353
1,mlp,MLP,scaled,kernel,2590,960,1,barbunya_predicted_as_cali,decision_tree,0,BARBUNYA,2,CALI,4,MinorAxisLength,0.07702941775811624,0.07702941775811624,224.32314119220808,0.4883708909454604
1,mlp,MLP,scaled,kernel,2590,960,1,barbunya_predicted_as_cali,decision_tree,0,BARBUNYA,2,CALI,5,Eccentricity,0.07226210728982294,0.07226210728982294,0.8148552227551156,0.7032443731176219
1,mlp,MLP,scaled,kernel,2591,66,1,barbunya_predicted_as_cali,logistic_regression,0,BARBUNYA,2,CALI,1,ShapeFactor4,0.22162087009658163,0.22162087009658163,0.9880679024330704,-1.603589852677381
1,mlp,MLP,scaled,kernel,2591,66,1,barbunya_predicted_as_cali,logistic_regression,0,BARBUNYA,2,CALI,2,ShapeFactor3,0.0922764641998879,0.0922764641998879,0.5980038832622602,-0.4705300341422669
1,mlp,MLP,scaled,kernel,2591,66,1,barbunya_predicted_as_cali,logistic_regression,0,BARBUNYA,2,CALI,3,EquivDiameter,0.08656572325957043,0.08656572325957043,294.29720826243783,0.6973523027999835
1,mlp,MLP,scaled,kernel,2591,66,1,barbunya_predicted_as_cali,logistic_regression,0,BARBUNYA,2,CALI,4,MinorAxisLength,0.07548454028180329,0.07548454028180329,230.3304483927484,0.6217295381744266
1,mlp,MLP,scaled,kernel,2591,66,1,barbunya_predicted_as_cali,logistic_regression,0,BARBUNYA,2,CALI,5,MajorAxisLength,0.07085934987688117,0.07085934987688117,380.5696407327228,0.7091096027792653
1,mlp,MLP,scaled,kernel,2668,479,1,barbunya_predicted_as_cali,random_forest,0,BARBUNYA,2,CALI,1,Area,0.08599230919714215,0.08599230919714215,69236.0,0.5525038483285215
1,mlp,MLP,scaled,kernel,2668,479,1,barbunya_predicted_as_cali,random_forest,0,BARBUNYA,2,CALI,2,Solidity,0.08184445645376238,0.08184445645376238,0.9902740431374792,0.6692073373902208
1,mlp,MLP,scaled,kernel,2668,479,1,barbunya_predicted_as_cali,random_forest,0,BARBUNYA,2,CALI,3,ConvexArea,0.07969147288182506,0.07969147288182506,69916.0,0.5429184579232582
1,mlp,MLP,scaled,kernel,2668,479,1,barbunya_predicted_as_cali,random_forest,0,BARBUNYA,2,CALI,4,EquivDiameter,0.06275311088074986,0.06275311088074986,296.9074150628167,0.7413906397977282
1,mlp,MLP,scaled,kernel,2668,479,1,barbunya_predicted_as_cali,random_forest,0,BARBUNYA,2,CALI,5,MajorAxisLength,0.04088490690592941,0.04088490690592941,379.8828948294386,0.7010978884297809
1,mlp,MLP,scaled,kernel,2790,126,1,barbunya_predicted_as_cali,logistic_regression,0,BARBUNYA,2,CALI,1,roundness,0.17638273864775703,0.17638273864775703,0.8876587307353914,0.2331171366481719
1,mlp,MLP,scaled,kernel,2790,126,1,barbunya_predicted_as_cali,logistic_regression,0,BARBUNYA,2,CALI,2,MajorAxisLength,0.10448184616925682,0.10448184616925682,374.7846255158424,0.6416204642151777
1,mlp,MLP,scaled,kernel,2790,126,1,barbunya_predicted_as_cali,logistic_regression,0,BARBUNYA,2,CALI,3,AspectRation,0.09113668800454164,0.09113668800454164,1.533409670811833,-0.1934938154718743
1,mlp,MLP,scaled,kernel,2790,126,1,barbunya_predicted_as_cali,logistic_regression,0,BARBUNYA,2,CALI,4,Area,0.07177899387698358,0.07177899387698358,71456.0,0.628131068603429
1,mlp,MLP,scaled,kernel,2790,126,1,barbunya_predicted_as_cali,logistic_regression,0,BARBUNYA,2,CALI,5,ShapeFactor1,0.06466936385504192,0.06466936385504192,0.0052449706884774,-1.1670960443657297
1,mlp,MLP,scaled,kernel,2883,553,1,barbunya_predicted_as_cali,mlp,0,BARBUNYA,2,CALI,1,MajorAxisLength,0.09558788561644843,0.09558788561644843,376.5884966121909,0.6626647833412505
1,mlp,MLP,scaled,kernel,2883,553,1,barbunya_predicted_as_cali,mlp,0,BARBUNYA,2,CALI,2,Area,0.09350472584733514,0.09350472584733514,73097.0,0.6840338922390701
1,mlp,MLP,scaled,kernel,2883,553,1,barbunya_predicted_as_cali,mlp,0,BARBUNYA,2,CALI,3,ShapeFactor1,0.09088253289992507,0.09088253289992507,0.0051519008524589,-1.2495435508924289
1,mlp,MLP,scaled,kernel,2883,553,1,barbunya_predicted_as_cali,mlp,0,BARBUNYA,2,CALI,4,roundness,0.07895584396451084,0.07895584396451084,0.8680784148896584,-0.09783244710024
1,mlp,MLP,scaled,kernel,2883,553,1,barbunya_predicted_as_cali,mlp,0,BARBUNYA,2,CALI,5,AspectRation,0.06589800822032751,0.06589800822032751,1.5123375269773611,-0.2794370147428607
1,mlp,MLP,scaled,kernel,3330,895,1,barbunya_predicted_as_cali,logistic_regression,0,BARBUNYA,0,BARBUNYA,1,ShapeFactor4,0.2028645082875126,0.2028645082875126,0.997350170071718,0.523259953896213
1,mlp,MLP,scaled,kernel,3330,895,1,barbunya_predicted_as_cali,logistic_regression,0,BARBUNYA,0,BARBUNYA,2,MinorAxisLength,0.19604841415486118,0.19604841415486118,269.0760699570991,1.4818592943824211
1,mlp,MLP,scaled,kernel,3330,895,1,barbunya_predicted_as_cali,logistic_regression,0,BARBUNYA,0,BARBUNYA,3,Perimeter,0.12853396646533982,0.12853396646533982,1170.4599999999998,1.472551295181417
1,mlp,MLP,scaled,kernel,3330,895,1,barbunya_predicted_as_cali,logistic_regression,0,BARBUNYA,0,BARBUNYA,4,ShapeFactor1,0.06837472467270758,0.06837472467270758,0.0047444664147212,-1.610476318173805
1,mlp,MLP,scaled,kernel,3330,895,1,barbunya_predicted_as_cali,logistic_regression,0,BARBUNYA,0,BARBUNYA,5,Area,-0.06753730849434801,0.06753730849434801,93368.0,1.3745921725060293
1,mlp,MLP,scaled,kernel,3750,1642,1,correct_bombay,logistic_regression,1,BOMBAY,1,BOMBAY,1,ConvexArea,0.5078116088642042,0.5078116088642042,191255.0,4.614467936921917
1,mlp,MLP,scaled,kernel,3750,1642,1,correct_bombay,logistic_regression,1,BOMBAY,1,BOMBAY,2,Area,0.257728162029046,0.257728162029046,188888.0,4.6286066232534
1,mlp,MLP,scaled,kernel,3750,1642,1,correct_bombay,logistic_regression,1,BOMBAY,1,BOMBAY,3,MinorAxisLength,0.2173081248946773,0.2173081248946773,384.8905253825387,4.052871328477645
1,mlp,MLP,scaled,kernel,3750,1642,1,correct_bombay,logistic_regression,1,BOMBAY,1,BOMBAY,4,ShapeFactor1,-0.19718798756951433,0.19718798756951433,0.0033363633050525,-2.8578685484727733
1,mlp,MLP,scaled,kernel,3750,1642,1,correct_bombay,logistic_regression,1,BOMBAY,1,BOMBAY,5,Perimeter,0.15438691899439774,0.15438691899439774,1655.013,3.731813354690771
1,mlp,MLP,scaled,kernel,3869,806,1,correct_bombay,logistic_regression,1,BOMBAY,1,BOMBAY,1,ConvexArea,0.35995627730246976,0.35995627730246976,257425.0,6.834812830363772
1,mlp,MLP,scaled,kernel,3869,806,1,correct_bombay,logistic_regression,1,BOMBAY,1,BOMBAY,2,Area,0.3240922667880775,0.3240922667880775,251432.0,6.759250256079441
1,mlp,MLP,scaled,kernel,3869,806,1,correct_bombay,logistic_regression,1,BOMBAY,1,BOMBAY,3,Perimeter,0.27962305963182527,0.27962305963182527,1919.868,4.966718210859961
1,mlp,MLP,scaled,kernel,3869,806,1,correct_bombay,logistic_regression,1,BOMBAY,1,BOMBAY,4,ShapeFactor1,-0.16697077206891928,0.16697077206891928,0.0028601199942404,-3.279756833186981
1,mlp,MLP,scaled,kernel,3869,806,1,correct_bombay,logistic_regression,1,BOMBAY,1,BOMBAY,5,MinorAxisLength,0.12830066287601286,0.12830066287601286,450.926186722595,5.518823737967868
1,mlp,MLP,scaled,kernel,10986,2688,1,correct_dermason,decision_tree,3,DERMASON,3,DERMASON,1,ShapeFactor1,0.329708847802162,0.329708847802162,0.0082514737927259,1.496266167433999
1,mlp,MLP,scaled,kernel,10986,2688,1,correct_dermason,decision_tree,3,DERMASON,3,DERMASON,2,ShapeFactor2,0.16210273755030724,0.16210273755030724,0.00211528968947,0.6630402719763993
1,mlp,MLP,scaled,kernel,10986,2688,1,correct_dermason,decision_tree,3,DERMASON,3,DERMASON,3,MajorAxisLength,0.08545818211918507,0.08545818211918507,239.3587517793939,-0.9382847244682192
1,mlp,MLP,scaled,kernel,10986,2688,1,correct_dermason,decision_tree,3,DERMASON,3,DERMASON,4,EquivDiameter,0.05648414953547729,0.05648414953547729,192.18255049217552,-1.0254842596683391
1,mlp,MLP,scaled,kernel,10986,2688,1,correct_dermason,decision_tree,3,DERMASON,3,DERMASON,5,Area,0.046349434115800545,0.046349434115800545,29008.0,-0.8179158891575046
1,mlp,MLP,scaled,kernel,11387,453,1,correct_dermason,random_forest,3,DERMASON,3,DERMASON,1,ShapeFactor1,0.28160531092528784,0.28160531092528784,0.0081357126885662,1.3937172128097794
1,mlp,MLP,scaled,kernel,11387,453,1,correct_dermason,random_forest,3,DERMASON,3,DERMASON,2,ShapeFactor2,0.11042645098973607,0.11042645098973607,0.0020000450416659,0.4696971541539116
1,mlp,MLP,scaled,kernel,11387,453,1,correct_dermason,random_forest,3,DERMASON,3,DERMASON,3,MajorAxisLength,0.10012610457187632,0.10012610457187632,247.90330133330264,-0.8386023092640593
1,mlp,MLP,scaled,kernel,11387,453,1,correct_dermason,random_forest,3,DERMASON,3,DERMASON,4,ShapeFactor4,0.06048049276329942,0.06048049276329942,0.9977947631876488,0.6251297576373139
1,mlp,MLP,scaled,kernel,11387,453,1,correct_dermason,random_forest,3,DERMASON,3,DERMASON,5,Eccentricity,0.054823326180751454,0.054823326180751454,0.7744051503502714,0.2630328369801866
1,mlp,MLP,scaled,kernel,11479,946,1,correct_dermason,mlp,3,DERMASON,3,DERMASON,1,ShapeFactor2,0.21867764768100798,0.21867764768100798,0.0023620393335764,1.0770060953109155
1,mlp,MLP,scaled,kernel,11479,946,1,correct_dermason,mlp,3,DERMASON,3,DERMASON,2,ShapeFactor1,0.15953441877865196,0.15953441877865196,0.0076354991574007,0.950594498299858
1,mlp,MLP,scaled,kernel,11479,946,1,correct_dermason,mlp,3,DERMASON,3,DERMASON,3,MajorAxisLength,0.12520165463741248,0.12520165463741248,235.4711585150832,-0.9836381610037522
1,mlp,MLP,scaled,kernel,11479,946,1,correct_dermason,mlp,3,DERMASON,3,DERMASON,4,Perimeter,0.08161707507513452,0.08161707507513452,651.896,-0.9452894170366642
1,mlp,MLP,scaled,kernel,11479,946,1,correct_dermason,mlp,3,DERMASON,3,DERMASON,5,EquivDiameter,0.0500155474470526,0.0500155474470526,198.15507644289028,-0.9247182550333142
1,mlp,MLP,scaled,kernel,11538,2056,1,correct_dermason,logistic_regression,3,DERMASON,3,DERMASON,1,ShapeFactor1,0.16313574646282836,0.16313574646282836,0.0076155892580419,0.9329569733234064
1,mlp,MLP,scaled,kernel,11538,2056,1,correct_dermason,logistic_regression,3,DERMASON,3,DERMASON,2,roundness,0.15459178613530136,0.15459178613530136,0.92716539342989,0.9008649746833056
1,mlp,MLP,scaled,kernel,11538,2056,1,correct_dermason,logistic_regression,3,DERMASON,3,DERMASON,3,ShapeFactor2,0.12522982061978263,0.12522982061978263,0.0023520030785423,1.0601685165033252
1,mlp,MLP,scaled,kernel,11538,2056,1,correct_dermason,logistic_regression,3,DERMASON,3,DERMASON,4,MajorAxisLength,0.0760623007479626,0.0760623007479626,236.2812723200096,-0.9741872121672096
1,mlp,MLP,scaled,kernel,11538,2056,1,correct_dermason,logistic_regression,3,DERMASON,3,DERMASON,5,Perimeter,0.05440438222706936,0.05440438222706936,648.4689999999999,-0.9612680428586868
1,mlp,MLP,scaled,kernel,11655,859,1,correct_dermason,random_forest,3,DERMASON,3,DERMASON,1,ShapeFactor2,0.16086780607277965,0.16086780607277965,0.0023871204278869,1.11908403181201
1,mlp,MLP,scaled,kernel,11655,859,1,correct_dermason,random_forest,3,DERMASON,3,DERMASON,2,roundness,0.15471231166249266,0.15471231166249266,0.9359678608914328,1.049645666747136
1,mlp,MLP,scaled,kernel,11655,859,1,correct_dermason,random_forest,3,DERMASON,3,DERMASON,3,ShapeFactor1,0.11019607793924133,0.11019607793924133,0.0075027995115829,0.8330402467539655
1,mlp,MLP,scaled,kernel,11655,859,1,correct_dermason,random_forest,3,DERMASON,3,DERMASON,4,ConvexArea,0.08461187108894275,0.08461187108894275,31769.0,-0.7371102053701746
1,mlp,MLP,scaled,kernel,11655,859,1,correct_dermason,random_forest,3,DERMASON,3,DERMASON,5,Perimeter,0.08259000772634094,0.08259000772634094,650.262,-0.9529080556690498
1,mlp,MLP,scaled,kernel,11678,1622,1,correct_dermason,logistic_regression,3,DERMASON,3,DERMASON,1,ShapeFactor1,0.21852914399694276,0.21852914399694276,0.0076984778700661,1.0063852683888008
1,mlp,MLP,scaled,kernel,11678,1622,1,correct_dermason,logistic_regression,3,DERMASON,3,DERMASON,2,ShapeFactor2,0.2002239309866449,0.2002239309866449,0.0022007284570944,0.806378795978768
1,mlp,MLP,scaled,kernel,11678,1622,1,correct_dermason,logistic_regression,3,DERMASON,3,DERMASON,3,MajorAxisLength,0.06657116071217048,0.06657116071217048,242.94856462354684,-0.8964052535635905
1,mlp,MLP,scaled,kernel,11678,1622,1,correct_dermason,logistic_regression,3,DERMASON,3,DERMASON,4,Perimeter,0.05863108921978155,0.05863108921978155,656.453,-0.9240420876316576
1,mlp,MLP,scaled,kernel,11678,1622,1,correct_dermason,logistic_regression,3,DERMASON,3,DERMASON,5,roundness,0.0540876189058601,0.0540876189058601,0.9202632116427594,0.7842032105215924
1,mlp,MLP,scaled,kernel,13256,365,1,correct_dermason,decision_tree,3,DERMASON,3,DERMASON,1,Compactness,0.07793700080472836,0.07793700080472836,0.7880404423548908,-0.2011389950021566
1,mlp,MLP,scaled,kernel,13256,365,1,correct_dermason,decision_tree,3,DERMASON,3,DERMASON,2,MajorAxisLength,0.06894463293535598,0.06894463293535598,283.2010598837166,-0.4268116348230671
1,mlp,MLP,scaled,kernel,13256,365,1,correct_dermason,decision_tree,3,DERMASON,3,DERMASON,3,Eccentricity,0.06304079866616041,0.06304079866616041,0.7819266158148411,0.3448877180549213
1,mlp,MLP,scaled,kernel,13256,365,1,correct_dermason,decision_tree,3,DERMASON,3,DERMASON,4,ShapeFactor1,0.06004277045282284,0.06004277045282284,0.0072396610226421,0.5999345144084177
1,mlp,MLP,scaled,kernel,13256,365,1,correct_dermason,decision_tree,3,DERMASON,3,DERMASON,5,EquivDiameter,0.05249801111813794,0.05249801111813794,223.173888506138,-0.5026111343390388
1,mlp,MLP,scaled,kernel,7727,318,1,correct_sira,logistic_regression,6,SIRA,6,SIRA,1,Perimeter,0.08713355039400507,0.08713355039400507,742.1579999999999,-0.5244365649948172
1,mlp,MLP,scaled,kernel,7727,318,1,correct_sira,logistic_regression,6,SIRA,6,SIRA,2,ConvexArea,0.07255849824593787,0.07255849824593787,40302.0,-0.4507840307330376
1,mlp,MLP,scaled,kernel,7727,318,1,correct_sira,logistic_regression,6,SIRA,6,SIRA,3,AspectRation,0.06596430596513705,0.06596430596513705,1.554910049931455,-0.1058040492290776
1,mlp,MLP,scaled,kernel,7727,318,1,correct_sira,logistic_regression,6,SIRA,6,SIRA,4,Compactness,0.04820458880610775,0.04820458880610775,0.800267639706732,-0.0021914913493121
1,mlp,MLP,scaled,kernel,7727,318,1,correct_sira,logistic_regression,6,SIRA,6,SIRA,5,ShapeFactor3,0.03741242510416878,0.03741242510416878,0.640428295161784,-0.0404753743219731
1,mlp,MLP,scaled,kernel,8289,708,1,correct_sira,random_forest,6,SIRA,6,SIRA,1,roundness,0.1303118594162332,0.1303118594162332,0.8934088453062591,0.3303064791862322
1,mlp,MLP,scaled,kernel,8289,708,1,correct_sira,random_forest,6,SIRA,6,SIRA,2,ShapeFactor1,0.1232901865454566,0.1232901865454566,0.0066102217728925,0.0423349862264266
1,mlp,MLP,scaled,kernel,8289,708,1,correct_sira,random_forest,6,SIRA,6,SIRA,3,AspectRation,0.1193292311510932,0.1193292311510932,1.464923785638344,-0.4728149952697429
1,mlp,MLP,scaled,kernel,8289,708,1,correct_sira,random_forest,6,SIRA,6,SIRA,4,MajorAxisLength,0.08390006944014329,0.08390006944014329,283.2678336337636,-0.4260326389690518
1,mlp,MLP,scaled,kernel,8289,708,1,correct_sira,random_forest,6,SIRA,6,SIRA,5,Compactness,0.07567473838278427,0.07567473838278427,0.8246096514104264,0.3938749434178586
1,mlp,MLP,scaled,kernel,8419,1064,1,correct_sira,decision_tree,6,SIRA,6,SIRA,1,ShapeFactor2,0.11868544460856174,0.11868544460856174,0.0017846717892185,0.1083707332121432
1,mlp,MLP,scaled,kernel,8419,1064,1,correct_sira,decision_tree,6,SIRA,6,SIRA,2,ShapeFactor1,0.10828635768116976,0.10828635768116976,0.0066746325126682,0.0993943420309319
1,mlp,MLP,scaled,kernel,8419,1064,1,correct_sira,decision_tree,6,SIRA,6,SIRA,3,Perimeter,0.09724884480638674,0.09724884480638674,796.222,-0.272359405251066
1,mlp,MLP,scaled,kernel,8419,1064,1,correct_sira,decision_tree,6,SIRA,6,SIRA,4,ShapeFactor3,0.0873741338148508,0.0873741338148508,0.6583784667314744,0.1414848363793976
1,mlp,MLP,scaled,kernel,8419,1064,1,correct_sira,decision_tree,6,SIRA,6,SIRA,5,ShapeFactor4,0.08616852617044457,0.08616852617044457,0.989259861195775,-1.3304758505183816
1,mlp,MLP,scaled,kernel,8633,1802,1,correct_sira,random_forest,6,SIRA,6,SIRA,1,ShapeFactor4,0.1922585264270699,0.1922585264270699,0.9863267925889592,-2.002531068264967
1,mlp,MLP,scaled,kernel,8633,1802,1,correct_sira,random_forest,6,SIRA,6,SIRA,2,MajorAxisLength,0.128898745204889,0.128898745204889,305.1900408299035,-0.1702838079592775
1,mlp,MLP,scaled,kernel,8633,1802,1,correct_sira,random_forest,6,SIRA,6,SIRA,3,ShapeFactor2,0.1021109826086915,0.1021109826086915,0.0015618616197368,-0.2654324209558217
1,mlp,MLP,scaled,kernel,8633,1802,1,correct_sira,random_forest,6,SIRA,6,SIRA,4,roundness,0.10060083261755037,0.10060083261755037,0.8515144429669647,-0.3777993105678954
1,mlp,MLP,scaled,kernel,8633,1802,1,correct_sira,random_forest,6,SIRA,6,SIRA,5,AspectRation,0.06363351575627385,0.06363351575627385,1.6251662756635818,0.1807375032372621
1,mlp,MLP,scaled,kernel,8840,308,1,correct_sira,mlp,6,SIRA,6,SIRA,1,roundness,0.14991245586316493,0.14991245586316493,0.8889947940923988,0.2556994900354628
1,mlp,MLP,scaled,kernel,8840,308,1,correct_sira,mlp,6,SIRA,6,SIRA,2,MajorAxisLength,0.11580488639706733,0.11580488639706733,297.6950695731053,-0.2577216339148466
1,mlp,MLP,scaled,kernel,8840,308,1,correct_sira,mlp,6,SIRA,6,SIRA,3,Compactness,0.10322883120741178,0.10322883120741178,0.8066222425494943,0.1012036151410945
1,mlp,MLP,scaled,kernel,8840,308,1,correct_sira,mlp,6,SIRA,6,SIRA,4,ShapeFactor2,0.10200617787212768,0.10200617787212768,0.0017165585699871,-0.0059011433743632
1,mlp,MLP,scaled,kernel,8840,308,1,correct_sira,mlp,6,SIRA,6,SIRA,5,ShapeFactor1,0.08845456762220519,0.08845456762220519,0.0065735215309714,0.0098234490327876
1,mlp,MLP,scaled,kernel,9111,186,1,correct_sira,logistic_regression,6,SIRA,6,SIRA,1,roundness,0.13494989372245145,0.13494989372245145,0.8972682279850429,0.3955383733565036
1,mlp,MLP,scaled,kernel,9111,186,1,correct_sira,logistic_regression,6,SIRA,6,SIRA,2,ShapeFactor1,0.11014761762174037,0.11014761762174037,0.0065688616487212,0.0056954126176305
1,mlp,MLP,scaled,kernel,9111,186,1,correct_sira,logistic_regression,6,SIRA,6,SIRA,3,Perimeter,0.10610027532585602,0.10610027532585602,807.419,-0.2201526140841013
1,mlp,MLP,scaled,kernel,9111,186,1,correct_sira,logistic_regression,6,SIRA,6,SIRA,4,MajorAxisLength,0.092714159109644,0.092714159109644,305.7739408863234,-0.1634719137225415
1,mlp,MLP,scaled,kernel,9111,186,1,correct_sira,logistic_regression,6,SIRA,6,SIRA,5,ShapeFactor2,0.09173683043067063,0.09173683043067063,0.0016282044743443,-0.1541306416587729
1,mlp,MLP,scaled,kernel,9316,462,1,correct_sira,decision_tree,6,SIRA,6,SIRA,1,ShapeFactor1,0.13382864813369394,0.13382864813369394,0.006375357130954,-0.1657238750276785
1,mlp,MLP,scaled,kernel,9316,462,1,correct_sira,decision_tree,6,SIRA,6,SIRA,2,MajorAxisLength,0.11755737189086392,0.11755737189086392,303.8431455041392,-0.1859969568212865
1,mlp,MLP,scaled,kernel,9316,462,1,correct_sira,decision_tree,6,SIRA,6,SIRA,3,AspectRation,0.11082328230322269,0.11082328230322269,1.5180691140345954,-0.2560606116360697
1,mlp,MLP,scaled,kernel,9316,462,1,correct_sira,decision_tree,6,SIRA,6,SIRA,4,Compactness,0.10852189084851936,0.10852189084851936,0.8107334253231755,0.1680962583485981
1,mlp,MLP,scaled,kernel,9316,462,1,correct_sira,decision_tree,6,SIRA,6,SIRA,5,roundness,0.08649714144280862,0.08649714144280862,0.8970356098396858,0.391606624809401
1,mlp,MLP,scaled,kernel,9877,2650,1,correct_sira,decision_tree,6,SIRA,6,SIRA,1,roundness,0.1347754865447567,0.1347754865447567,0.8657246793932302,-0.1376156553453996
1,mlp,MLP,scaled,kernel,9877,2650,1,correct_sira,decision_tree,6,SIRA,6,SIRA,2,ShapeFactor1,0.12231155055428755,0.12231155055428755,0.006353828279506,-0.1847955764102676
1,mlp,MLP,scaled,kernel,9877,2650,1,correct_sira,decision_tree,6,SIRA,6,SIRA,3,ShapeFactor2,0.12191822646945438,0.12191822646945438,0.0014126324380897,-0.5157905573162526
1,mlp,MLP,scaled,kernel,9877,2650,1,correct_sira,decision_tree,6,SIRA,6,SIRA,4,EquivDiameter,0.09060660636038836,0.09060660636038836,258.62539125842284,0.095512058449739
1,mlp,MLP,scaled,kernel,9877,2650,1,correct_sira,decision_tree,6,SIRA,6,SIRA,5,Eccentricity,0.08036729666034058,0.08036729666034058,0.7980424994634413,0.520274249533981
1,mlp,MLP,scaled,kernel,12877,2335,1,dermason_predicted_as_sira,mlp,3,DERMASON,6,SIRA,1,roundness,0.1213030527899824,0.1213030527899824,0.8634718862827261,-0.1756927194779015
1,mlp,MLP,scaled,kernel,12877,2335,1,dermason_predicted_as_sira,mlp,3,DERMASON,6,SIRA,2,AspectRation,0.09342475465574161,0.09342475465574161,1.512258573842891,-0.2797590268277312
1,mlp,MLP,scaled,kernel,12877,2335,1,dermason_predicted_as_sira,mlp,3,DERMASON,6,SIRA,3,ConvexArea,0.08778634163733273,0.08778634163733273,37400.0,-0.5481611031339484
1,mlp,MLP,scaled,kernel,12877,2335,1,dermason_predicted_as_sira,mlp,3,DERMASON,6,SIRA,4,MinorAxisLength,0.06873389441036806,0.06873389441036806,176.61718953715626,-0.5706728644522918
1,mlp,MLP,scaled,kernel,12877,2335,1,dermason_predicted_as_sira,mlp,3,DERMASON,6,SIRA,5,ShapeFactor4,0.06242088743855962,0.06242088743855962,0.9921602240547652,-0.6659145142396414
1,mlp,MLP,scaled,kernel,13039,251,1,dermason_predicted_as_sira,decision_tree,3,DERMASON,3,DERMASON,1,ShapeFactor2,0.06085560504253189,0.06085560504253189,0.0019037239922668,0.3081016930405032
1,mlp,MLP,scaled,kernel,13039,251,1,dermason_predicted_as_sira,decision_tree,3,DERMASON,3,DERMASON,2,ShapeFactor1,0.05559714323554832,0.05559714323554832,0.0071721789212545,0.5401543403734751
1,mlp,MLP,scaled,kernel,13039,251,1,dermason_predicted_as_sira,decision_tree,3,DERMASON,3,DERMASON,3,ShapeFactor4,0.05386875885493882,0.05386875885493882,0.9984372076590252,0.7723333239288215
1,mlp,MLP,scaled,kernel,13039,251,1,dermason_predicted_as_sira,decision_tree,3,DERMASON,3,DERMASON,4,Eccentricity,0.053024840185489655,0.053024840185489655,0.7538900138504109,0.0397699547216319
1,mlp,MLP,scaled,kernel,13039,251,1,dermason_predicted_as_sira,decision_tree,3,DERMASON,3,DERMASON,5,EquivDiameter,0.03621250873141251,0.03621250873141251,219.1874716800481,-0.569868321614524
1,mlp,MLP,scaled,kernel,13204,1694,1,dermason_predicted_as_sira,random_forest,3,DERMASON,6,SIRA,1,ShapeFactor4,-0.1308110452777526,0.1308110452777526,0.999250048655873,0.958579916272566
1,mlp,MLP,scaled,kernel,13204,1694,1,dermason_predicted_as_sira,random_forest,3,DERMASON,6,SIRA,2,AspectRation,0.11812807896470812,0.11812807896470812,1.4584563486368218,-0.4991925784601669
1,mlp,MLP,scaled,kernel,13204,1694,1,dermason_predicted_as_sira,random_forest,3,DERMASON,6,SIRA,3,ShapeFactor3,0.07372169265486295,0.07372169265486295,0.685142239320254,0.4127881874649668
1,mlp,MLP,scaled,kernel,13204,1694,1,dermason_predicted_as_sira,random_forest,3,DERMASON,6,SIRA,4,MajorAxisLength,0.07301700166979005,0.07301700166979005,268.4462806050424,-0.5989438256451945
1,mlp,MLP,scaled,kernel,13204,1694,1,dermason_predicted_as_sira,random_forest,3,DERMASON,6,SIRA,5,ConvexArea,0.057248100904624066,0.057248100904624066,39208.0,-0.4874933750495767
1,mlp,MLP,scaled,kernel,13322,1696,1,dermason_predicted_as_sira,random_forest,3,DERMASON,6,SIRA,1,AspectRation,0.11040818590828073,0.11040818590828073,1.5091998989071154,-0.2922338994166564
1,mlp,MLP,scaled,kernel,13322,1696,1,dermason_predicted_as_sira,random_forest,3,DERMASON,6,SIRA,2,Area,0.10560905932068981,0.10560905932068981,39621.0,-0.456370083401832
1,mlp,MLP,scaled,kernel,13322,1696,1,dermason_predicted_as_sira,random_forest,3,DERMASON,6,SIRA,3,ShapeFactor4,0.07486415252166065,0.07486415252166065,0.9943847141528392,-0.156216182000762
1,mlp,MLP,scaled,kernel,13322,1696,1,dermason_predicted_as_sira,random_forest,3,DERMASON,6,SIRA,4,ShapeFactor3,0.06460494920878959,0.06460494920878959,0.6588820439710613,0.146589579822317
1,mlp,MLP,scaled,kernel,13322,1696,1,dermason_predicted_as_sira,random_forest,3,DERMASON,6,SIRA,5,ShapeFactor2,0.05959860412462192,0.05959860412462192,0.0018701808862145,0.2518272470755486
1,mlp,MLP,scaled,kernel,13372,2326,1,dermason_predicted_as_sira,logistic_regression,3,DERMASON,6,SIRA,1,ShapeFactor2,0.08156145013466314,0.08156145013466314,0.001563792702052,-0.2621926915392567
1,mlp,MLP,scaled,kernel,13372,2326,1,dermason_predicted_as_sira,logistic_regression,3,DERMASON,6,SIRA,2,Perimeter,0.06900404217669655,0.06900404217669655,755.262,-0.4633382537103743
1,mlp,MLP,scaled,kernel,13372,2326,1,dermason_predicted_as_sira,logistic_regression,3,DERMASON,6,SIRA,3,roundness,0.06606907306387579,0.06606907306387579,0.8833591398874561,0.1604447746380992
1,mlp,MLP,scaled,kernel,13372,2326,1,dermason_predicted_as_sira,logistic_regression,3,DERMASON,6,SIRA,4,ConvexArea,0.05724865035645782,0.05724865035645782,40725.0,-0.4365901983327671
1,mlp,MLP,scaled,kernel,13372,2326,1,dermason_predicted_as_sira,logistic_regression,3,DERMASON,6,SIRA,5,Compactness,0.04645382717227362,0.04645382717227362,0.7662466201762249,-0.5557440931890013
1,mlp,MLP,scaled,kernel,13448,2291,1,dermason_predicted_as_sira,mlp,3,DERMASON,6,SIRA,1,AspectRation,0.13063608477919586,0.13063608477919586,1.4791138754114983,-0.414940403931184
1,mlp,MLP,scaled,kernel,13448,2291,1,dermason_predicted_as_sira,mlp,3,DERMASON,6,SIRA,2,Compactness,0.08899667535776641,0.08899667535776641,0.8199864507510066,0.3186513084661212
1,mlp,MLP,scaled,kernel,13448,2291,1,dermason_predicted_as_sira,mlp,3,DERMASON,6,SIRA,3,ConvexArea,0.06694581767484661,0.06694581767484661,41346.0,-0.4157524443834336
1,mlp,MLP,scaled,kernel,13448,2291,1,dermason_predicted_as_sira,mlp,3,DERMASON,6,SIRA,4,ShapeFactor3,0.05738475932687534,0.05738475932687534,0.672377779415233,0.2833953398930438
1,mlp,MLP,scaled,kernel,13448,2291,1,dermason_predicted_as_sira,mlp,3,DERMASON,6,SIRA,5,EquivDiameter,0.048809236920760675,0.048809236920760675,228.21730174755936,-0.41752073770366
1,mlp,MLP,scaled,kernel,13452,1015,1,dermason_predicted_as_sira,logistic_regression,3,DERMASON,6,SIRA,1,roundness,0.15619346279251384,0.15619346279251384,0.8842927702216007,0.1762251416604927
1,mlp,MLP,scaled,kernel,13452,1015,1,dermason_predicted_as_sira,logistic_regression,3,DERMASON,6,SIRA,2,ShapeFactor2,0.13114589447513386,0.13114589447513386,0.0017642234737251,0.0740650960563742
1,mlp,MLP,scaled,kernel,13452,1015,1,dermason_predicted_as_sira,logistic_regression,3,DERMASON,6,SIRA,3,AspectRation,0.09515895483882612,0.09515895483882612,1.5523527562648205,-0.1162340273514962
1,mlp,MLP,scaled,kernel,13452,1015,1,dermason_predicted_as_sira,logistic_regression,3,DERMASON,6,SIRA,4,Compactness,0.08349526655877713,0.08349526655877713,0.800479737842825,0.0012595361830744
1,mlp,MLP,scaled,kernel,13452,1015,1,dermason_predicted_as_sira,logistic_regression,3,DERMASON,6,SIRA,5,MajorAxisLength,0.0680436379672067,0.0680436379672067,285.25743432204376,-0.4028215614689043
1,mlp,MLP,scaled,kernel,13514,54,1,dermason_predicted_as_sira,decision_tree,3,DERMASON,6,SIRA,1,roundness,0.16197214344430136,0.16197214344430136,0.8800090299576121,0.1038206887179069
1,mlp,MLP,scaled,kernel,13514,54,1,dermason_predicted_as_sira,decision_tree,3,DERMASON,6,SIRA,2,ShapeFactor2,0.15389965445835785,0.15389965445835785,0.0016360871182572,-0.1409061233853062
1,mlp,MLP,scaled,kernel,13514,54,1,dermason_predicted_as_sira,decision_tree,3,DERMASON,6,SIRA,3,Perimeter,0.10141806768184884,0.10141806768184884,772.831,-0.3814215694188314
1,mlp,MLP,scaled,kernel,13514,54,1,dermason_predicted_as_sira,decision_tree,3,DERMASON,6,SIRA,4,MinorAxisLength,0.08363575074437873,0.08363575074437873,181.3121835458421,-0.4664467896329238
1,mlp,MLP,scaled,kernel,13514,54,1,dermason_predicted_as_sira,decision_tree,3,DERMASON,6,SIRA,5,AspectRation,0.06959862465979473,0.06959862465979473,1.6247491352023729,0.1790361867474312
1,mlp,MLP,scaled,kernel,7397,1303,1,sira_predicted_as_dermason,random_forest,6,SIRA,3,DERMASON,1,ShapeFactor1,0.2360824186215841,0.2360824186215841,0.0076417601109627,0.9561408711285776
1,mlp,MLP,scaled,kernel,7397,1303,1,sira_predicted_as_dermason,random_forest,6,SIRA,3,DERMASON,2,Eccentricity,0.08057298567637507,0.08057298567637507,0.78243673076427,0.350439215793844
1,mlp,MLP,scaled,kernel,7397,1303,1,sira_predicted_as_dermason,random_forest,6,SIRA,3,DERMASON,3,EquivDiameter,0.07208153404424028,0.07208153404424028,211.48908238252284,-0.6997523837413405
1,mlp,MLP,scaled,kernel,7397,1303,1,sira_predicted_as_dermason,random_forest,6,SIRA,3,DERMASON,4,ShapeFactor2,0.06943058564976426,0.06943058564976426,0.0018158845141626,0.1607355559732511
1,mlp,MLP,scaled,kernel,7397,1303,1,sira_predicted_as_dermason,random_forest,6,SIRA,3,DERMASON,5,Perimeter,0.05788173119803276,0.05788173119803276,703.253,-0.705833833044362
1,mlp,MLP,scaled,kernel,7419,1822,1,sira_predicted_as_dermason,decision_tree,6,SIRA,3,DERMASON,1,ShapeFactor1,0.13913032500701197,0.13913032500701197,0.0074924209255353,0.8238461987411663
1,mlp,MLP,scaled,kernel,7419,1822,1,sira_predicted_as_dermason,decision_tree,6,SIRA,3,DERMASON,2,roundness,-0.09673981541842841,0.09673981541842841,0.8657390929530948,-0.1373720350853834
1,mlp,MLP,scaled,kernel,7419,1822,1,sira_predicted_as_dermason,decision_tree,6,SIRA,3,DERMASON,3,EquivDiameter,0.06398409330064793,0.06398409330064793,213.8300850932451,-0.6602559475691353
1,mlp,MLP,scaled,kernel,7419,1822,1,sira_predicted_as_dermason,decision_tree,6,SIRA,3,DERMASON,4,Eccentricity,0.058841120245482915,0.058841120245482915,0.7735364056068357,0.2535784297249516
1,mlp,MLP,scaled,kernel,7419,1822,1,sira_predicted_as_dermason,decision_tree,6,SIRA,3,DERMASON,5,ShapeFactor2,0.05238420849583559,0.05238420849583559,0.0018436500850154,0.2073171728994176
1,mlp,MLP,scaled,kernel,7426,942,1,sira_predicted_as_dermason,logistic_regression,6,SIRA,3,DERMASON,1,ShapeFactor1,0.16287079519738704,0.16287079519738704,0.0074500132066587,0.7862785954398569
1,mlp,MLP,scaled,kernel,7426,942,1,sira_predicted_as_dermason,logistic_regression,6,SIRA,3,DERMASON,2,EquivDiameter,0.08316578165616029,0.08316578165616029,214.4662643717136,-0.6495225920924306
1,mlp,MLP,scaled,kernel,7426,942,1,sira_predicted_as_dermason,logistic_regression,6,SIRA,3,DERMASON,3,Extent,0.06899856837023155,0.06899856837023155,0.6933515028213888,-1.1597660722179346
1,mlp,MLP,scaled,kernel,7426,942,1,sira_predicted_as_dermason,logistic_regression,6,SIRA,3,DERMASON,4,ShapeFactor4,0.056988442949817905,0.056988442949817905,0.9965465724525387,0.3391313004841668
1,mlp,MLP,scaled,kernel,7426,942,1,sira_predicted_as_dermason,logistic_regression,6,SIRA,3,DERMASON,5,ShapeFactor2,0.052035553472094896,0.052035553472094896,0.0018531610373455,0.2232734642500445
1,mlp,MLP,scaled,kernel,7434,693,1,sira_predicted_as_dermason,logistic_regression,6,SIRA,3,DERMASON,1,ShapeFactor1,0.12759886941560042,0.12759886941560042,0.0074901775936004,0.8218589047664845
1,mlp,MLP,scaled,kernel,7434,693,1,sira_predicted_as_dermason,logistic_regression,6,SIRA,3,DERMASON,2,roundness,-0.062319070155331606,0.062319070155331606,0.8818487004523222,0.1349150893014007
1,mlp,MLP,scaled,kernel,7434,693,1,sira_predicted_as_dermason,logistic_regression,6,SIRA,3,DERMASON,3,EquivDiameter,0.059830029230534855,0.059830029230534855,215.050242371104,-0.6396699551547406
1,mlp,MLP,scaled,kernel,7434,693,1,sira_predicted_as_dermason,logistic_regression,6,SIRA,3,DERMASON,4,MajorAxisLength,0.04477506031508728,0.04477506031508728,272.05823055475423,-0.5568060988624974
1,mlp,MLP,scaled,kernel,7434,693,1,sira_predicted_as_dermason,logistic_regression,6,SIRA,3,DERMASON,5,Eccentricity,0.032937557361837524,0.032937557361837524,0.7780978465148349,0.3032198466552713
1,mlp,MLP,scaled,kernel,7526,1439,1,sira_predicted_as_dermason,logistic_regression,6,SIRA,6,SIRA,1,AspectRation,0.16136925718078232,0.16136925718078232,1.5779307594969605,-0.0119135820279587
1,mlp,MLP,scaled,kernel,7526,1439,1,sira_predicted_as_dermason,logistic_regression,6,SIRA,6,SIRA,2,roundness,0.12877043202695604,0.12877043202695604,0.8825542096139839,0.1468397163208114
1,mlp,MLP,scaled,kernel,7526,1439,1,sira_predicted_as_dermason,logistic_regression,6,SIRA,6,SIRA,3,ConvexArea,0.0593847271162015,0.0593847271162015,38345.0,-0.5164514775588758
1,mlp,MLP,scaled,kernel,7526,1439,1,sira_predicted_as_dermason,logistic_regression,6,SIRA,6,SIRA,4,Area,0.04630153456764997,0.04630153456764997,37877.0,-0.5157817375277053
1,mlp,MLP,scaled,kernel,7526,1439,1,sira_predicted_as_dermason,logistic_regression,6,SIRA,6,SIRA,5,ShapeFactor3,0.04012045648733832,0.04012045648733832,0.6314181600512072,-0.1318107733627664
1,mlp,MLP,scaled,kernel,7604,217,1,sira_predicted_as_dermason,decision_tree,6,SIRA,6,SIRA,1,roundness,0.09430772501291895,0.09430772501291895,0.8903413034812356,0.2784584038987444
1,mlp,MLP,scaled,kernel,7604,217,1,sira_predicted_as_dermason,decision_tree,6,SIRA,6,SIRA,2,AspectRation,0.07751983742568254,0.07751983742568254,1.4875660703618998,-0.3804679420589728
1,mlp,MLP,scaled,kernel,7604,217,1,sira_predicted_as_dermason,decision_tree,6,SIRA,6,SIRA,3,Compactness,0.07626685570180886,0.07626685570180886,0.819155110676789,0.3051246573707862
1,mlp,MLP,scaled,kernel,7604,217,1,sira_predicted_as_dermason,decision_tree,6,SIRA,6,SIRA,4,ShapeFactor3,0.07532819871404688,0.07532819871404688,0.6710150953479026,0.2695818630107656
1,mlp,MLP,scaled,kernel,7604,217,1,sira_predicted_as_dermason,decision_tree,6,SIRA,6,SIRA,5,Perimeter,0.06327348611859064,0.06327348611859064,739.5509999999999,-0.5365918837920196
1,mlp,MLP,scaled,kernel,7638,279,1,sira_predicted_as_dermason,random_forest,6,SIRA,6,SIRA,1,roundness,0.1518896024641969,0.1518896024641969,0.8815447696859985,0.1297780035977961
1,mlp,MLP,scaled,kernel,7638,279,1,sira_predicted_as_dermason,random_forest,6,SIRA,6,SIRA,2,AspectRation,0.10454803237154997,0.10454803237154997,1.5186982123404702,-0.2534948204433204
1,mlp,MLP,scaled,kernel,7638,279,1,sira_predicted_as_dermason,random_forest,6,SIRA,6,SIRA,3,MajorAxisLength,0.0795920110452927,0.0795920110452927,275.189271734844,-0.5202787494725866
1,mlp,MLP,scaled,kernel,7638,279,1,sira_predicted_as_dermason,random_forest,6,SIRA,6,SIRA,4,MinorAxisLength,0.06705058867526474,0.06705058867526474,181.2007609535202,-0.4689203049180181
1,mlp,MLP,scaled,kernel,7638,279,1,sira_predicted_as_dermason,random_forest,6,SIRA,6,SIRA,5,Perimeter,0.06117983521274258,0.06117983521274258,746.275,-0.5052407661884942
1,mlp,MLP,scaled,kernel,7683,2179,1,sira_predicted_as_dermason,mlp,6,SIRA,3,DERMASON,1,roundness,0.09748296451816528,0.09748296451816528,0.9108837977431166,0.62567087884997
1,mlp,MLP,scaled,kernel,7683,2179,1,sira_predicted_as_dermason,mlp,6,SIRA,3,DERMASON,2,ShapeFactor1,0.06342705182048701,0.06342705182048701,0.0071611986815947,0.530427307214889
1,mlp,MLP,scaled,kernel,7683,2179,1,sira_predicted_as_dermason,mlp,6,SIRA,3,DERMASON,3,Compactness,0.06197518127185772,0.06197518127185772,0.7932047256425413,-0.117111458791705
1,mlp,MLP,scaled,kernel,7683,2179,1,sira_predicted_as_dermason,mlp,6,SIRA,3,DERMASON,4,Eccentricity,0.04068155741897867,0.04068155741897867,0.7753032870268212,0.272807111846454
1,mlp,MLP,scaled,kernel,7683,2179,1,sira_predicted_as_dermason,mlp,6,SIRA,3,DERMASON,5,ShapeFactor4,0.034699426617689044,0.034699426617689044,0.9961757090508864,0.2541552165383148
