seed,model_name,sample_id,true_label,predicted_label,class_0_probability,class_1_probability,class_2_probability,class_3_probability,class_4_probability,class_5_probability,class_6_probability
10,mlp,1223,5,5,2.2370090105177474e-06,2.8389379812901e-06,9.055379007981313e-07,7.914817893836668e-05,1.3760466602904685e-06,0.9998650330395895,4.846124991930955e-05
10,mlp,11769,3,3,1.7401373075599248e-07,1.0032829888703767e-06,9.555889904226875e-07,0.9950876738547509,0.0004977684629838887,0.00013380394226929245,0.00427862085428583
10,mlp,12059,3,3,7.754680567148143e-07,2.67757986771562e-06,7.500220735333369e-06,0.9521219952981237,0.0006310147517424893,0.0006934352269662118,0.04654260145450806
10,mlp,7126,4,4,8.512520238808132e-07,1.3236159795538463e-07,0.0004485263890144253,5.76935407985542e-08,0.9994679031434454,1.646755290263004e-06,8.088240508729212e-05
10,mlp,638,5,5,4.039485100781314e-07,7.926637323217174e-06,4.108162212105968e-06,0.002892210871947008,5.1103140710205074e-06,0.9968907664815732,0.00019947358436354644
10,mlp,13211,3,3,1.570649862659985e-05,9.52170248743282e-06,0.00011793700120094133,0.7175373195512808,0.0024898576992468803,0.01083268851448166,0.2689969690326757
10,mlp,12549,3,3,1.4103193437558791e-06,3.0542589623225723e-06,2.0178972956374832e-05,0.9153495578465658,0.0011760095070610674,0.0023604582248105636,0.08108933087030007
10,mlp,10682,3,3,5.115076864336535e-10,8.415304074917109e-08,6.175528038403477e-08,0.9997040119415632,2.0836031026517193e-05,0.00015699182350494063,0.00011801378407648189
10,mlp,2639,0,0,0.9998720962076515,4.757394995206544e-06,7.010757961626014e-05,1.5748292087235774e-09,1.5989196720960578e-06,5.1119536277204945e-05,3.1878695886172737e-07
10,mlp,11764,3,3,1.6385567799032628e-07,1.0379005988871951e-06,9.078951996173535e-07,0.9955695609917956,0.000981693895082109,0.00011613281775419974,0.0033305026438917537
10,mlp,10311,3,3,1.4957297577971832e-09,5.5952763775396676e-08,1.9756970375840774e-08,0.9998082537526691,5.2191462625933e-05,6.161660782252198e-06,0.00013331591845867585
10,mlp,1606,5,5,1.2162225975442248e-06,2.3000025225344312e-06,1.6789443477979546e-06,8.327469338735372e-06,3.593873023672417e-07,0.9999794179805859,6.699993305128122e-06
10,mlp,10888,3,3,2.4944087819986367e-08,4.171078755178184e-07,2.2640889306174913e-07,0.9986446284758933,0.00019008152835202038,4.0636077259041004e-05,0.0011239854576392456
10,mlp,13206,3,3,3.7302487138766394e-05,9.433912056532884e-06,9.572889377038214e-05,0.61031499400992,0.0032197969968772444,0.0034871072681781717,0.3828356364320589
10,mlp,1755,5,5,8.558995418837052e-06,1.4495446668011329e-05,0.00015408393124527025,0.0003038388325029715,1.526995593368951e-05,0.9973952172181751,0.002108535620056082
10,mlp,8677,6,6,0.006549220604126221,4.129047355957593e-06,0.00022919192606244847,0.012548150342887974,0.003015015586297385,0.0033454463463242923,0.9743088461469456
10,mlp,6761,4,4,5.664195575057782e-07,3.977870650634467e-08,3.0472094895804253e-05,5.406995452365349e-07,0.9991939296726791,2.617893793121936e-06,0.0007718334408228705
10,mlp,10611,3,3,2.912551529768057e-06,3.0585241557529784e-08,8.0796032098033e-10,0.9985058933346673,5.134833424444385e-05,0.0005992202479575804,0.0008405941383990485
10,mlp,13061,3,3,1.332185987834128e-06,2.25766740508821e-06,2.071450163361057e-05,0.9510713654146092,0.001503746637994339,0.003812030281591019,0.04358855331077868
10,mlp,9005,6,6,0.0019004103838549458,9.606698505142888e-05,0.0043593091642594815,0.007767941125443026,0.0017608309636541987,0.42023128849642866,0.5638841528813083
10,mlp,10789,3,3,2.2004582491932135e-08,2.9604902611377317e-07,1.008269837535577e-07,0.999315529412028,0.00012580670433645869,1.3236613019150673e-05,0.0005450083900241618
10,mlp,7761,6,6,2.213984835948542e-05,5.1612163507318255e-06,6.168298275537134e-05,0.13874284448695395,0.2554065142156938,0.00042270777377907047,0.6053389494761076
10,mlp,289,5,5,9.88010160968715e-06,9.622322107359383e-06,1.2286950162364021e-06,0.021487669471958744,2.6841852500762836e-05,0.977727057563783,0.0007376999930243199
10,mlp,12370,3,3,8.157670317212285e-08,3.441699334946442e-06,8.043579059736985e-06,0.9651086692425189,0.0002694498473237542,0.028293903929412133,0.006316410125647422
10,mlp,6968,4,4,4.7136458762382735e-05,1.2454288668368712e-06,0.014369904615635538,1.0698165119624056e-06,0.9829707492296972,4.65595541609737e-05,0.0025633348963649883
10,mlp,1721,5,5,1.6829505819956423e-06,9.072673233229148e-06,3.8001482561936e-05,0.00016999458112254085,4.843177978159549e-06,0.9992962722292762,0.0004801329052459008
10,mlp,6805,4,4,1.4494419577129666e-06,1.0809964939728443e-08,0.00039775763664692034,2.1283375602871425e-08,0.999450458092153,3.3758276463157193e-06,0.0001469269082556699
10,mlp,1890,5,5,7.374085292372046e-07,7.570604180689128e-06,2.6678078356630454e-05,5.029675849303748e-06,6.303303287807317e-07,0.9999285785889166,3.077531383865132e-05
10,mlp,3758,1,1,3.69641004260599e-07,0.999999114833558,5.155205359275092e-07,4.04565431662508e-28,4.8977453466352485e-12,3.742865369366777e-15,2.388359799004457e-24
10,mlp,6354,4,4,7.092557139680445e-07,2.7434818316166094e-07,8.013843050094744e-05,3.696466699105637e-06,0.9988551461449428,6.887408593371434e-06,0.0010531479453666302
10,mlp,9741,6,6,0.004782117467449849,3.050138029311854e-06,0.007784737781587531,0.00017027000367654134,0.011117546743910937,0.0009301307753450553,0.9752121470900007
10,mlp,5171,2,2,0.07923259559813044,0.00015375293614127732,0.9205282784278155,8.123468831003688e-11,6.576697690588486e-05,1.7285340619546787e-05,2.3206391526435375e-06
10,mlp,2726,0,0,0.9999788260459872,2.55740082963978e-07,6.896886366081821e-06,7.142417744860161e-10,1.2726497707683523e-06,1.261990412822628e-05,1.2805942308525648e-07
10,mlp,50,5,5,3.612359343959226e-08,1.6338863213638267e-06,9.046607136858049e-08,0.0015322702785374876,6.078182607190544e-07,0.9984573074259309,8.054001284735631e-06
10,mlp,7845,6,6,0.0003549084806081297,5.963984103340166e-06,9.65523504863856e-05,0.08247912478976309,0.003518696275940565,0.000791515236267487,0.912753238882831
10,mlp,2257,0,0,0.9460598284848573,1.9194755949232106e-06,0.010208307565176294,5.872667043056367e-06,0.040704772202901064,0.0004530783428550715,0.0025662212615723446
10,mlp,11131,3,3,4.632146748988426e-09,5.817557335196743e-07,5.799538844615753e-07,0.9948345593844883,4.698758234337891e-05,0.003964818518259575,0.0011524681731440443
10,mlp,4829,2,2,0.0037680426889450404,3.6332003988775576e-06,0.9948263600954639,4.594560807622162e-10,0.0013919905958252323,4.3410634380926065e-06,5.631896472787303e-06
10,mlp,9577,6,6,0.0024365771960161583,1.6887431666878703e-06,0.0030848444424884445,0.0003917137137291892,0.018172727076419003,0.0004948793501147762,0.9754175694780657
10,mlp,8329,6,6,8.652228282936068e-05,3.983618570043281e-06,9.253472338606846e-05,0.028766147748546175,0.09835894022224438,0.0005296757546578998,0.872162195649766
10,mlp,6061,4,4,6.586071004171666e-07,2.2618100733976932e-07,9.32346122448588e-05,8.5893327823375e-06,0.9982000694009172,6.1659754476264735e-06,0.0016910558905001893
10,mlp,3405,1,1,0.0023562612084872376,0.9969305219516771,0.000713179341785479,1.641357795575286e-20,3.699516393646944e-08,5.028859772646637e-10,4.54156021509177e-16
10,mlp,1795,5,5,4.201340219810284e-06,7.2758911907642224e-06,4.9969051364156433e-05,4.8543075218610955e-05,3.6045832030696353e-06,0.9994430184172179,0.00044338764158556896
10,mlp,6510,4,4,7.905531777145564e-05,7.606570747615473e-07,0.0013967075512238871,9.440145863005311e-06,0.9950051773288606,2.995009550920161e-05,0.0034789089036969395
10,mlp,2322,0,0,0.9998815344353653,1.0665700892322268e-08,4.655951606046102e-09,1.132120508025195e-09,6.67762029633385e-08,0.00011835958536704278,2.274929138267381e-08
10,mlp,7750,6,6,0.0002855915495364382,6.235609697534014e-06,1.5878682286441862e-05,0.1467808971009809,0.0028929548298363282,0.0007070100407735871,0.8493114321868888
10,mlp,6779,4,4,2.0805648014054102e-07,2.0194424825224418e-08,1.6428687129213055e-05,3.0811627113212825e-07,0.9994955293974547,1.2885189481003373e-06,0.0004862170292917125
10,mlp,8012,6,6,0.0001466649990118554,2.0432972493187026e-06,7.898968399675573e-05,0.028427008473464518,0.003248105191396846,0.00042345563096200914,0.9676737327239187
10,mlp,1844,5,6,0.0006816115409448775,9.431061913268895e-07,0.00010210100586548693,0.0034683518338415,0.0011706936052713818,0.0019862122627724004,0.992590086645113
10,mlp,8476,6,6,0.0013682893650560646,1.3465982691671208e-06,6.579483076981644e-05,0.006407380779107933,0.0034040563420331942,0.00033935402734055364,0.9884137780574233
10,mlp,9209,6,6,0.0008622030353275897,2.141703288924198e-06,0.0006467514365912159,0.0008845871619388922,0.002804658493965921,0.0003485501741765495,0.9944511079947108
10,mlp,2008,5,0,0.7473456415108514,0.00011627112349789595,0.055557811702262115,0.00011604188257295143,0.0023312282116825208,0.022827725716521557,0.17170527985261147
10,mlp,3792,1,1,3.589858155689039e-09,0.9999999932095183,3.2006101247259338e-09,2.2016902851017336e-31,1.328900462700246e-14,7.828798993550089e-17,2.076574859923753e-27
10,mlp,1169,5,5,8.309349325337816e-08,2.81988967538671e-06,2.50053399198468e-06,0.0004080704592811215,1.4640585408425696e-06,0.9995152688707033,6.979309431416864e-05
10,mlp,13514,3,6,0.00029171378414196667,4.176280622570022e-06,0.00013113058397403842,0.05192798084445652,0.006144136683370107,0.0010203757401883867,0.9404804860832465
10,mlp,6575,4,4,0.0012239726691425444,1.2252522526979648e-05,0.15579556544245315,3.12616663545719e-05,0.44249848586958745,0.001336890423822516,0.3991015714061127
10,mlp,9409,6,6,0.001527906065894597,2.7674482913032114e-06,0.0005115093091015927,0.001238648883024554,0.0013615781729851254,0.0027611880688246564,0.9925964020518783
10,mlp,4500,2,2,0.0007151603682282838,3.5333146620388586e-06,0.9989353730194493,9.004993847806802e-10,0.00031917346965681996,8.113441982925152e-06,1.864548552112851e-05
10,mlp,3558,1,1,2.2390263462471275e-06,0.9999920805523542,5.680380523198733e-06,4.1117204503784565e-25,4.029489030017987e-11,4.81704515905549e-13,2.8622756712797005e-21
10,mlp,5069,2,2,0.0009107102767739048,1.9006606075637296e-05,0.9990327164473947,1.7443468603815137e-11,3.3909290371249625e-05,3.2064355173525816e-06,4.5092642392699087e-07
10,mlp,12381,3,3,0.00014167125905187636,1.1006986760493029e-05,9.58892095145483e-06,0.9067972566865418,0.0012044170366166686,0.011475619493097125,0.08036043961698053
10,mlp,11994,3,3,1.589459910699677e-06,2.458021550129886e-06,3.600659379674664e-06,0.9638953513149287,0.0012573551208458853,0.00028129400911856974,0.03455835141426637
10,mlp,5312,2,2,0.013096178201729458,0.00018554108299375925,0.9864228162464659,2.3284968726806993e-11,0.0002921753978282048,2.8694159368495916e-06,4.196317607267443e-07
10,mlp,2736,0,0,0.9668121583383077,7.316683756267936e-06,0.03296657691036712,2.1964900256117848e-08,0.00015336808548036205,4.712918580941357e-05,1.3428831379036065e-05
10,mlp,3509,1,1,4.045836523134388e-06,0.9999958358168527,1.1834270909028148e-07,3.085162775159268e-25,2.377944345258171e-12,1.537132739754557e-12,1.986513414959421e-21
10,mlp,6516,4,4,1.747163416194058e-07,4.855403165503618e-09,3.740732846399872e-05,8.706211088236987e-08,0.9990371040137189,2.412174061559438e-06,0.0009228098498997547
10,mlp,2591,0,2,0.029074628505287636,1.9716382974459365e-05,0.9696241055657847,3.4812879562334956e-08,0.0008806540459337427,0.00021945809596199734,0.00018140259117756645
10,mlp,5599,4,4,6.818235555786695e-06,3.987821408488634e-06,5.6753160049754507e-05,0.06331073884313497,0.6624223071468438,0.00024305177608094483,0.27395634301692634
10,mlp,3976,2,4,0.0005097136487769489,1.4348037340869035e-06,0.14092634852896055,3.006556918304188e-07,0.8570770253997286,9.207165196491763e-05,0.0013931053111430262
10,mlp,4781,2,2,0.02211589310305007,1.060555805221499e-05,0.9775724425045687,5.577172324669364e-10,0.00026281810410563384,1.834452631087516e-05,1.989564619536357e-05
10,mlp,7684,6,3,5.499147270082113e-05,1.415256846669964e-05,4.93176057466779e-05,0.5226582237329503,0.043617277173149754,0.0010334513512374136,0.4325725860957483
10,mlp,4534,2,2,0.046452773046528166,2.4328573725728873e-05,0.9429668751104884,1.3504527560858628e-08,0.010275147733182638,9.022682309528938e-05,0.00019063520845239286
10,mlp,112,5,5,3.6727155322195683e-07,5.678348712216027e-07,6.776677574599891e-09,4.552050915493399e-05,7.309036324533519e-08,0.999953055544794,4.0897258594224e-07
10,mlp,3984,2,2,0.003982385067717912,6.614847569958043e-06,0.9921439807247964,8.094550959367051e-08,0.0026989709311329452,0.0001055664251041944,0.0010624010581690526
10,mlp,4000,2,2,0.030184384096301597,6.741158097704266e-06,0.953928380815011,3.205692979320658e-07,0.014610929091477048,0.00033284510610251085,0.000936399163712297
10,mlp,7209,4,4,0.007169959309488166,2.807165974665767e-06,0.02250705241922807,1.7069069758509495e-06,0.9511083748763932,0.00025686388916219404,0.01895323543277788
10,mlp,6790,4,4,1.7457453904307968e-07,1.3226770437147921e-08,2.018354116217079e-05,1.4557358421874298e-07,0.9995566676694123,8.077118077959373e-07,0.00042200770272426453
10,mlp,1276,5,5,0.0002945469425137798,2.630517416995679e-05,8.727746865685554e-05,0.012752704381759844,0.0001456650493512429,0.972031417353347,0.014662083630201168
10,mlp,3316,0,0,0.9999996644090199,4.0160585267194745e-08,2.2007382442070254e-07,1.7442706047220347e-14,1.5970544454915288e-08,5.934691925116466e-08,3.908923035189869e-11
10,mlp,12377,3,3,4.3914805928146424e-07,1.8795702285420983e-06,6.999086730463479e-06,0.9841566072210935,0.00047808056389972566,0.001984664600925183,0.013371329809063047
10,mlp,10403,3,3,1.293040559247479e-08,2.1330737142394588e-07,4.783882303231947e-08,0.9991458454920255,5.20967529510772e-05,7.123711857637202e-05,0.0007305465598468748
10,mlp,886,5,5,7.60505944063333e-08,5.225880163665068e-06,2.51983200760225e-06,0.0005087104025962481,1.5655460639078516e-06,0.9994203563690102,6.154591956405594e-05
10,mlp,6246,4,4,4.571945635370327e-06,8.463138963051434e-07,0.0003719328168035842,0.00014032120212046837,0.9885474199922143,0.00035333729071381664,0.0105815704386161
10,mlp,13071,3,3,9.476110371705552e-06,4.387894480295e-06,4.1721402079976006e-05,0.680869753240286,0.0015205533873416943,0.009136993815572312,0.30841711414986817
10,mlp,11246,3,3,8.031748425080445e-09,7.366931768884037e-07,8.005831373857735e-07,0.9960331177012564,6.002985547343949e-05,0.0028954766121517873,0.0010098305230557792
10,mlp,3103,0,0,0.9996642842891411,4.633862599290148e-05,0.00024668949338056933,4.8880151158594815e-11,7.446863277334294e-07,4.190711162281072e-05,3.574465466173423e-08
10,mlp,12789,3,3,1.1325225931894718e-06,7.142490429572706e-06,4.007966777089833e-05,0.8994701166466641,0.0005566556583293136,0.07341940858983519,0.02650546442437753
10,mlp,5647,4,4,1.1536104547301898e-09,1.65270352193532e-08,2.973025075138102e-07,3.7570485651420854e-05,0.9997410596269231,3.896894687918279e-07,0.00022066521480360775
10,mlp,4532,2,2,0.11884877709119415,4.431668269665219e-05,0.8805698319516603,7.153120270659427e-09,0.0004097922883865199,7.688039293250654e-05,5.039444000973711e-05
10,mlp,228,5,5,9.029367134248421e-09,3.201527350016454e-06,8.172309572495047e-07,0.004951137931780113,2.1558402726741045e-06,0.9949905250559687,5.215338430422975e-05
10,mlp,11230,3,3,4.689326484239563e-07,1.4980491270795793e-06,8.38461784903672e-07,0.9884871801035799,0.0005221401505736393,7.547957767433603e-05,0.01091239472461169
10,mlp,12610,3,3,4.251267375249364e-07,1.329565679046909e-06,2.3239472532313866e-06,0.980212090251358,0.002682862473474131,0.00037428389851890175,0.01672668473697906
10,mlp,1812,5,5,0.00047016394309983434,5.9166599350818015e-05,0.003769341135169434,0.006967669403386218,0.0008634200898159327,0.7601098734678216,0.22776036536135624
10,mlp,7267,4,4,0.0004636795097390546,1.9456952893101564e-06,0.023896278607945312,2.1268886361823165e-07,0.9749950846455956,3.296273826154453e-05,0.0006098361143054105
10,mlp,6490,4,4,1.2490487997071475e-06,8.712780358444194e-08,0.00017233126412813182,1.1006790074311627e-06,0.9951389718804339,6.162841880562817e-06,0.00468009715794681
10,mlp,3497,1,1,1.4034147875882758e-05,0.9998931311661199,9.28337894289476e-05,2.3604034028852157e-23,8.939700729905359e-10,2.6049793105197737e-12,1.4810770007440754e-19
10,mlp,10529,3,3,5.989387806817556e-09,2.1368751487394394e-07,8.1097674096145e-08,0.9991448876232423,5.563194073226269e-05,7.21376961846478e-05,0.0007270419652640838
10,mlp,2832,0,0,0.9999293976425696,3.345683968164657e-06,4.682360399251055e-07,5.687936921329889e-11,6.306085289386297e-08,6.672172559337827e-05,3.5940965973495627e-09
10,mlp,875,5,5,2.203986682257909e-07,1.1936133771142434e-06,4.748785457356692e-07,0.00015408151141949167,5.629918201856257e-07,0.9998213774394991,2.2089166670196428e-05
10,mlp,8611,6,6,0.0036377164375120353,3.141445110731103e-06,0.000530905975661015,0.009433913980623057,0.045333672927889125,0.0007090431735908067,0.9403516060596132
10,mlp,11553,3,3,2.296826301091272e-07,1.5577388613097307e-06,1.206527078830468e-06,0.9943627241031068,0.0003377388700194099,0.00017671860274765208,0.005119824475555918
10,mlp,2303,0,0,0.9729639658841834,0.00012732526927663746,0.02558484172166564,7.021161913017011e-07,0.00017744115660651733,0.0010057785996767737,0.00013994525239963148
10,mlp,5825,4,4,5.982785430895666e-06,5.3092847858013365e-08,0.00018939374525176218,9.590901974992828e-05,0.992561661688066,5.1926200427940734e-05,0.007095073468225424
10,mlp,9570,6,6,0.0005538825575651226,2.386448985429987e-06,0.0034471652684566452,0.0002089968677624813,0.10368507530220368,0.000389292511121745,0.8917132010439048
10,mlp,10163,3,3,7.103953666755828e-10,2.7168955112178852e-08,6.16364312353738e-09,0.9999024279502139,2.8836004549419746e-05,2.4436934039597204e-06,6.625830883921004e-05
10,mlp,4732,2,2,0.00012294645942054726,1.8136616200178072e-06,0.9997971182081057,2.8207367751090993e-11,7.64091045258284e-05,8.800329480580601e-07,8.325051725715697e-07
10,mlp,12784,3,3,2.0439713817051677e-06,3.0566109539887957e-06,1.287986722253069e-05,0.9519120150920871,0.0024884504598575675,0.0013896192137066686,0.04419193478479017
10,mlp,3970,2,2,0.06863762892389597,3.433327058245954e-05,0.8675697348552387,1.7833760301327496e-06,0.003573429921208211,0.016619735554696216,0.0435633540983485
10,mlp,3821,1,1,1.8031888923539017e-09,0.9999724420438194,2.7556021544735358e-05,1.9207022874822577e-29,1.314468137347253e-10,4.838883754872794e-17,3.353595510188042e-26
10,mlp,8999,6,6,0.0005475117727588707,8.789600239839652e-06,0.0014025272357899316,0.0043589967429497846,0.0016143202160161887,0.02476120152838602,0.9673066529038593
10,mlp,5087,2,2,4.1298141922141516e-05,9.493361668021172e-07,0.9993318757426513,9.144706451807582e-12,0.0006251889076264393,3.3894073058515026e-07,3.489217582017875e-07
10,mlp,8917,6,5,0.009640872266200877,3.5269676352089675e-05,0.0008759893521393555,0.006487531858277124,0.0007745316000271064,0.8168471235326252,0.16533868171437816
10,mlp,12089,3,3,1.2258305097168728e-06,1.3449854473890004e-06,2.0006891748129306e-06,0.9567568336805956,0.0046889872605928515,7.773427922496467e-05,0.03847187327445471
10,mlp,2897,0,0,0.746899383514249,0.00020875379656246605,0.2525232177012531,1.1258043055121967e-08,0.00015546204392573348,0.00018919087621997523,2.3980809746763312e-05
10,mlp,8019,6,6,0.003649396953548441,2.2528561486568573e-05,0.00021208304183376902,0.17952782637701456,0.0068099923560655,0.0037463287689920685,0.8060318439410591
10,mlp,4834,2,2,7.791988665433369e-05,1.963734207288594e-06,0.999470699708808,7.64732263632138e-11,0.0004455028683132705,1.7934948529199106e-06,2.120230690867923e-06
10,mlp,11272,3,3,8.017472488064333e-08,7.521428306807957e-07,4.47451025194229e-07,0.9972737744106118,0.0003469223976157766,6.489259262818226e-05,0.0023131308305635503
10,mlp,8362,6,6,0.00018900925234827687,3.2527939082548904e-06,9.722664380092112e-05,0.06135930351393243,0.0064488804979594945,0.0011996440638400406,0.9307026832342105
10,mlp,12012,3,3,5.034391496183442e-07,4.30208165451722e-06,1.2581774435444802e-05,0.9571256455611749,0.0004913157750900062,0.005774187129970823,0.036591464238524815
10,mlp,8605,6,6,4.838268858322734e-05,6.306182002865141e-07,7.0174042425429e-05,0.0038267365092482697,0.0014654606006293943,0.00011847300575474308,0.9944701425351586
10,mlp,12760,3,3,8.982256515110695e-07,1.5136182764282184e-06,5.416500586332235e-06,0.9696477913249486,0.00580463224393323,0.0006705277562691589,0.02386922033033467
10,mlp,5011,2,2,0.0011839924768776734,3.587371939687167e-05,0.998747764848423,2.2852437259973223e-11,1.4741367272986878e-05,1.694420979402263e-05,6.83355382937962e-07
10,mlp,12551,3,3,1.0288666070929774e-06,3.591016902088461e-06,1.6558271002968577e-05,0.9677371272213257,0.0008005975976101912,0.004152952445659577,0.027288144580892498
10,mlp,10109,3,3,1.4995169302276316e-09,1.4744688066946832e-07,1.3935970845358183e-08,0.9996172056259205,6.283617312790369e-06,0.0002646735723677279,0.00011167430203056026
10,mlp,2310,0,0,0.908879748771877,3.229742630817465e-05,0.08900811054424836,4.0892826399938484e-07,0.00019111117741897764,0.001077443168154456,0.0008108799837290811
10,mlp,13491,3,6,0.0013634933930056297,1.741325631416399e-05,9.710552439731363e-05,0.19216696361240826,0.003753572945861907,0.008334611728302214,0.7942668395397107
10,mlp,2790,0,2,0.05491070120623331,0.0003909207687370011,0.9444083550048428,6.0100174782317664e-09,9.225136456681121e-05,0.00017253741151881564,2.522823408357485e-05
10,mlp,2433,0,0,0.9997928635781929,5.734160398139897e-06,1.637375874339627e-05,1.0951219613177524e-08,2.274191570011589e-06,0.0001823856441868298,3.577156889324872e-07
10,mlp,10036,3,3,4.5869940486505496e-10,1.7563724816434533e-08,2.324403896845176e-09,0.9999232268990855,1.2041742796540643e-05,2.4790999088647103e-06,6.223191138084477e-05
10,mlp,6497,4,4,6.186090094490145e-07,4.0316104308905645e-08,3.598766900640771e-05,6.240128911418269e-07,0.9998777110875766,9.369247089699908e-07,8.408138070325824e-05
10,mlp,6191,4,4,5.4019099594681785e-05,2.1211509252266298e-07,0.00015311682648672602,4.203128992820221e-05,0.9800349575769668,4.216484303717564e-05,0.019673498248894018
10,mlp,12253,3,3,9.653387006352352e-07,2.125288822778963e-06,3.499066057350271e-06,0.9780380499163629,0.0014399611905966335,0.0003592307967237755,0.02015616840273597
10,mlp,8690,6,6,0.0005349972160227533,6.955098388364757e-06,7.935877412719771e-05,0.02501034596315958,0.002529182902539939,0.0011889155318929208,0.9706502445138693
10,mlp,8795,6,6,0.0002014677903712588,1.1953008597547594e-06,0.0002982690586057762,0.0013292042546159469,0.006917344259900328,0.0002259879861906204,0.9910265313494564
10,mlp,9949,6,6,0.01026101729838908,1.1485539460571358e-05,0.0078104427743601,0.00022668106509611023,0.08458573725641708,0.01739904600682073,0.8797055900594565
10,mlp,10625,3,3,3.0890441263844786e-09,1.1110284277798479e-07,5.162708435001244e-08,0.999596544214725,6.302183903844422e-05,3.5314062174887635e-05,0.0003049540650903171
10,mlp,8144,6,6,0.002275356986900652,9.742798873435866e-06,0.00019510552916334367,0.06338519882363153,0.006771531420288377,0.0013487657247920346,0.9260142987163507
10,mlp,5982,4,4,1.799239820979895e-09,7.506929231371842e-09,1.8660445319507227e-07,4.624063641565361e-06,0.9998683833928467,4.143136465320242e-07,0.0001263823192429881
10,mlp,12828,3,3,1.5012004955318174e-06,4.354360317085019e-06,1.9538815951105576e-05,0.9718572549522073,0.001273428524157045,0.00514680797037281,0.021697114176499107
10,mlp,6198,4,4,8.124805964286085e-11,2.966948055621848e-10,9.418599152492827e-09,4.7623207238197345e-07,0.9999829051809208,3.152584816781322e-08,1.657726461649774e-05
10,mlp,7633,6,3,2.2179601103055534e-05,5.554859559620472e-06,5.267511700229329e-05,0.5694705521955912,0.010331824787792144,0.0017687698912990444,0.4183484435476527
10,mlp,551,5,5,2.2007620486540045e-08,2.3375714232597296e-06,7.914847069291788e-07,0.0004379741905137593,6.236037971316898e-07,0.9995431838154326,1.506732650591003e-05
10,mlp,1658,5,5,2.0862239933643088e-05,3.2957290710589624e-05,0.00013211833274559299,0.0006966905711341997,2.9125781692800255e-05,0.9961993735550716,0.0028888722287115356
10,mlp,2802,0,0,0.9903364646738314,1.9530377709167368e-06,0.0083551766512936,1.302618279035068e-08,0.001197334365479553,4.662157717608648e-05,6.243666826568131e-05
10,mlp,8760,6,6,0.00019946738758366418,2.6080472614394954e-06,0.00029370060538262964,0.005230250564530191,0.0014376980067421152,0.0022206484922073573,0.9906156268962926
10,mlp,10689,3,3,3.5545783354058164e-08,3.327379770805717e-07,1.0577213538019732e-07,0.9983456377659656,0.0003729767579152331,1.2775663765143063e-05,0.0012681357564581011
10,mlp,5571,4,4,4.097564162794488e-08,5.337409128244077e-07,5.706930733943465e-07,0.0468098130227654,0.943480418023785,2.469508739212477e-05,0.00968392845642954
10,mlp,12304,3,3,4.32375603345073e-08,5.798668938669724e-07,8.340708098511319e-07,0.9972089258014056,0.0008078076471135464,0.00027226622597411655,0.001709543150242867
10,mlp,7923,6,6,0.00039663744575242274,7.636197546501289e-06,9.357242073911238e-06,0.17164164675653876,0.0026237337322715546,0.0013153963121569925,0.82400559231366
10,mlp,5197,2,2,0.007536274866693892,5.586036551516432e-05,0.9923774662850322,1.6091305587467655e-11,2.589282596928832e-05,4.032303613280605e-06,4.7333708507611723e-07
10,mlp,13409,3,6,0.00012852486141173264,9.98368149075154e-06,0.00020323506078134446,0.33910474587256256,0.006986159757972961,0.005723389918138686,0.647843960847642
10,mlp,12169,3,3,7.375424928972044e-08,5.905345376634258e-07,2.747307638334864e-06,0.9913515093503428,0.000416017061835738,0.001421183505995738,0.006807878485400448
10,mlp,6348,4,4,4.151883326601899e-06,9.81708770308806e-08,3.9735176780331305e-05,6.505305256418682e-06,0.9969120455503396,9.754064695782943e-06,0.003027709848724386
10,mlp,3683,1,1,9.228400916654869e-08,0.9999607258911619,3.918169999477439e-05,4.9953020514839555e-27,1.2482399903445363e-10,1.0151038398099964e-14,6.645583010709474e-23
10,mlp,9767,6,6,0.10936748051935789,6.753502988021749e-05,0.014265070103121431,0.0010977988097479541,0.003009144298250645,0.0954511920848324,0.7767417791548095
10,mlp,5295,2,2,0.0033318039438541727,2.2272460149122662e-05,0.9964972824667105,9.626652760503832e-12,0.00014754691173046234,9.210300651229978e-07,1.731778640567381e-07
10,mlp,8782,6,6,0.0003118876867118933,8.743558326354727e-07,0.0002503216799111142,0.0015928765873336422,0.003712355908528798,0.00014404799091951665,0.9939876357907623
10,mlp,5504,4,3,2.766100886560335e-06,1.6926979841115189e-06,2.425504103841423e-06,0.9292375686403769,0.05244716288613608,9.399883152746267e-05,0.01821438533898529
10,mlp,11688,3,3,5.978444467670429e-07,1.4250060521085196e-06,1.1078218010932164e-06,0.9872763576028347,0.001562875777513351,7.064673279013267e-05,0.011086989214561726
10,mlp,13118,3,6,0.0001243663541508238,6.912159796981742e-06,5.2786223644401005e-05,0.33061373948395295,0.0048385673973006865,0.001259344100666557,0.6631042842804875
10,mlp,4152,2,2,0.017811856837866902,7.765555534355455e-06,0.8580644282647365,8.094779852181667e-08,0.123303730742883,0.0003184086787041532,0.0004937289724765773
10,mlp,11042,3,3,1.1894969921127288e-07,5.643305510828806e-07,2.4572050050451275e-07,0.9946485416089859,0.0008554031047969909,1.5368769702987252e-05,0.004479757515763452
10,mlp,1685,5,5,1.6423419708027015e-06,5.7895760181827334e-06,5.71916964946156e-06,1.9929862421301953e-05,9.787341270971863e-07,0.9999374385659279,2.8501749885291012e-05
10,mlp,9343,6,6,0.0033318279238681654,3.4622491605175616e-05,0.005237164525920747,0.0029714822750163553,0.001466008697135551,0.2155833886831961,0.7713755054032579
10,mlp,4140,2,2,0.007954708502665471,9.231397822494086e-06,0.9912142130044733,1.3840299546969059e-08,0.0006938730345533397,5.0079639845696974e-05,7.78805803405111e-05
10,mlp,7372,6,3,7.050137520905419e-07,8.986973737252092e-06,1.5474594005764553e-05,0.968466242022399,0.0003779539158704623,0.015475193220146368,0.01565544426008918
10,mlp,7595,6,3,1.7387189687067914e-05,1.6985699000770264e-05,0.00011350935623197594,0.8722284692226486,0.0021307463754763074,0.018630767578760282,0.10686213457819496
10,mlp,7588,6,6,0.0001928503102074967,6.18517676225461e-06,5.390499432799729e-05,0.3116914460512645,0.03979422745248757,0.0007307321049745507,0.6475306539099757
10,mlp,5721,4,4,6.078783430107665e-10,5.517158148297001e-09,9.20623718104313e-08,1.9227291869978057e-05,0.9997542313431191,2.3348653917717915e-07,0.00022620969106363595
10,mlp,4761,2,2,0.040962530281702235,2.2686601723303565e-05,0.9567849321173896,2.4455232611645025e-09,0.0021481809952719486,3.3773619970303234e-05,4.789393841946808e-05
10,mlp,8620,6,6,0.0029643217180952593,4.455836317766773e-06,0.00018564142307990686,0.01630049059772685,0.003182931743933634,0.0005320360853268808,0.9768301225955197
10,mlp,848,5,5,1.2353605289549658e-07,7.150502438216244e-06,3.3823998689320703e-06,0.0009244031039360649,2.4747395325707728e-06,0.9989721800042134,9.028571395787084e-05
10,mlp,5979,4,4,3.7430491420368797e-07,1.8604607868569299e-07,1.0257226706172927e-05,5.5258924536955205e-05,0.992332456128229,1.3528517982760208e-05,0.007587938851552432
10,mlp,8874,6,6,0.00039703439620707485,1.4767684792091306e-06,0.0003724591649560479,0.002076583584977892,0.01967629990915957,0.00022206324831201154,0.9772540829279083
10,mlp,3437,1,1,1.7246506004682464e-05,0.9999771021340961,5.651297902257092e-06,2.873074301553262e-23,3.787504184148607e-11,2.412182271452028e-11,1.396255076252577e-19
10,mlp,11773,3,3,7.811544284911953e-08,7.97213476269899e-07,9.94936720156759e-07,0.9964377485672105,0.0006652056601507323,0.00014719272795345103,0.0027479827790459336
10,mlp,12214,3,3,8.122233828995818e-08,3.1241776246558307e-06,7.961717496956609e-06,0.9473678467483502,0.0002064956242335905,0.046549670813600424,0.00586481969635588
10,mlp,8649,6,6,0.000165743185754856,2.109919973075075e-06,0.0002305913013530982,0.008512425109314048,0.0161894899124195,0.0003356320798470423,0.9745640084913385
10,mlp,6668,4,4,2.8003656603323995e-05,1.1121989174597963e-06,0.003052993903749566,1.8513831081464803e-05,0.9877424506648826,0.0001796707412590561,0.008977255003506742
10,mlp,2862,0,0,0.9999957962706671,1.5514027756171043e-07,1.1299036779200418e-06,3.467065366330291e-11,1.459402627526121e-07,2.765183505398709e-06,7.526938661770583e-09
10,mlp,4590,2,2,0.17039615479964657,1.004553772204213e-05,0.8073056287489009,2.0031880840553627e-08,0.021946064922946137,8.203027173192804e-05,0.0002600556871717612
10,mlp,433,5,5,1.7093631519695532e-09,3.2375060597145186e-07,4.276441228742783e-08,1.0012710884765592e-05,2.1636020345290614e-08,0.9999892357324968,3.616962168642855e-07
10,mlp,13499,3,3,5.448537270249757e-05,2.5079440941404552e-05,0.0006085167714687872,0.5303370340613793,0.005359788263362612,0.06606249740668256,0.39755259868346277
10,mlp,3563,1,1,4.8044963186382765e-06,0.9999789878318642,1.6207448750936403e-05,9.667000254521983e-25,2.225535053007447e-10,5.127076147115947e-13,1.2463178310141105e-20
10,mlp,10697,3,3,3.645580512652738e-07,8.052687843848498e-07,1.04799441109779e-07,0.9986017496702835,0.0001171829706573639,6.240846814553279e-05,0.0012173842646368016
10,mlp,241,5,5,2.5673785588486296e-09,7.79091505135352e-07,7.676809371521261e-08,9.414269085504533e-05,9.251979169112076e-08,0.9999033664376398,1.5399247361842e-06
10,mlp,9111,6,6,0.0007064183486035553,8.936619287872728e-06,0.001409505518415313,0.0032855644407669966,0.0019755803619420278,0.015254131751190687,0.9773598629597935
10,mlp,3771,1,1,4.9807198416100397e-08,0.9999886472787918,1.130280548431737e-05,1.2630712932475672e-27,1.08523433685332e-10,2.0538485973042204e-15,1.7656138170700177e-24
10,mlp,788,5,5,0.0071582777134675405,4.4427826403351885e-06,4.3566969239759073e-10,2.539565185324616e-05,8.880980592863096e-07,0.992809976294106,1.0190242039098577e-06
10,mlp,9385,6,6,0.0008093918560035763,3.969972780845933e-06,0.0012479981475286514,0.001350222367030539,0.000961241188423477,0.026755374608802493,0.9688718018594304
10,mlp,2918,0,2,0.23620381394258308,0.00011444109200583467,0.7628655968595603,5.901491023462009e-09,0.00034021942922089754,0.0003104196890468064,0.00016550308609185736
10,mlp,2157,0,0,0.9975138225603107,1.432499492067044e-06,0.0008660840030271576,2.6027654786754607e-06,0.00017817704061167595,0.000579703204312339,0.0008581779267673149
10,mlp,2573,0,2,0.12531007527672505,0.0008017872487471327,0.8670337365658354,6.021479079700764e-08,7.656895437217911e-05,0.006632428645257665,0.00014534309427160106
10,mlp,12497,3,3,1.1716210027704515e-06,2.7704784820190884e-06,9.84038658140817e-06,0.961816552766396,0.0010097769865216133,0.0008668071809151645,0.0362930805801011
10,mlp,4787,2,2,0.001316561312336664,7.870617700675063e-06,0.9876622987934282,1.1988414800228305e-09,0.010898358897678186,2.6297836697577957e-05,8.86113433171838e-05
10,mlp,7074,4,4,8.718105517642801e-07,1.2324025715494504e-08,3.161306763489213e-05,1.9680701316305995e-08,0.9999604573771917,4.3615189889540684e-07,6.589587995831374e-06
10,mlp,12321,3,3,1.6287452653359662e-06,7.610296434371421e-06,3.329394820249646e-05,0.9047236510364776,0.0005731142962833982,0.03626444389638292,0.05839625778095392
10,mlp,5274,2,2,0.00011883300988416649,2.464065519299446e-05,0.9998428752024533,1.0547206302136208e-12,1.3361652267183612e-05,2.69753892011989e-07,1.972525537092474e-08
10,mlp,12656,3,3,7.993479700333974e-06,5.1105233050007485e-06,4.130775898334533e-05,0.5989240795722875,0.001779893218734146,0.0022591658726574095,0.39698244957433226
10,mlp,6552,4,4,6.199211175776879e-06,1.9079557155946027e-07,5.649077874826105e-05,1.2784683706335096e-05,0.99072915965641,2.6295583612289712e-05,0.009168879290775808
10,mlp,323,5,5,1.105527711684982e-09,6.486940120961671e-08,3.794949760876499e-09,9.62576535181863e-07,3.0279744743834634e-09,0.999998934770901,2.9854710622356073e-08
10,mlp,7455,6,6,2.5889683153876583e-05,4.223657170891201e-06,2.8490358269628147e-05,0.417155968879688,0.004508491348110336,0.00033066287294271693,0.5779462732006646
10,mlp,823,5,5,3.3303699042852063e-08,6.152522203521106e-07,1.8433358166120986e-07,2.154397875522896e-05,8.5316768489015e-08,0.9999756638400172,1.8739749579781054e-06
10,mlp,12158,3,3,6.528173255870176e-07,2.407715117781307e-06,8.117443790130486e-06,0.9652338146267466,0.0005463788259938729,0.00122048567436525,0.03298814289666086
10,mlp,8119,6,6,0.0005091315287804205,1.9692909834209956e-06,6.862481800031534e-05,0.04928285872904687,0.005701351491129119,0.00032490766329475634,0.9441111564787651
10,mlp,4146,2,2,0.004683675008658773,6.325379269055187e-06,0.9923564712129281,2.5465855980994088e-08,0.002515025291728751,5.9513006709944176e-05,0.00037896463484935145
10,mlp,11600,3,3,1.189190840766951e-07,1.094173591452595e-06,1.4905684792350689e-06,0.9950639691131722,0.0003812077263383524,0.00030625594660487393,0.00424586355272984
10,mlp,266,5,5,2.7804433133745435e-08,5.830072757294358e-06,9.71712290262458e-07,0.001808485274508972,1.582458511302384e-06,0.9981536840087423,2.9418668756796053e-05
10,mlp,11911,3,3,1.3652523969143305e-07,1.181950770923129e-06,2.285340258973832e-06,0.994304145846463,0.0003580356669017794,0.0004951624214530721,0.004839052248912496
10,mlp,8319,6,6,0.00012622348553525126,7.0963971038381405e-06,0.0001990938613511527,0.12755163589110297,0.007002413297313911,0.013304170675995996,0.8518093663915969
10,mlp,9860,6,6,0.016610107903934607,1.0417434044459649e-05,0.005949423955422986,0.00031127012223419113,0.002296617577506568,0.003959735472707814,0.9708624275341494
10,mlp,12176,3,3,2.4871310276049746e-05,5.868680220284978e-06,8.04932006776625e-06,0.8657257331567472,0.0033115845238991678,0.00037513022815425124,0.13054876278063532
10,mlp,12318,3,3,1.2557262801249985e-06,2.8319845424007103e-06,9.399087162455135e-06,0.9663113970608305,0.0008698124980212157,0.0012408588633910558,0.03156444477977238
10,mlp,550,5,5,1.0439146162232427e-07,8.107269160685362e-07,8.052651367769508e-08,4.260078850899392e-05,1.221700535727527e-07,0.9999547087757237,1.572620822298551e-06
10,mlp,8702,6,6,0.0007501932623597057,1.2203662573162134e-06,0.00026387910865045605,0.0035146165605649,0.014883521280389712,0.00026821787719003915,0.9803183515445878
10,mlp,4021,2,2,0.04856622324600469,2.603404470464263e-05,0.9251062161367348,4.967183183466749e-07,0.016668416255044127,0.0006329218276518195,0.00899969177154154
10,mlp,12935,3,3,0.0004529097552976453,9.384427322362479e-07,7.108407586356837e-06,0.6002535327879225,0.02877878760790616,0.0012898848026852514,0.36921683819586965
10,mlp,7604,6,6,0.0002766274683804127,1.1428884144294964e-05,0.00017615490567646214,0.2572234513759031,0.0034005644319444503,0.010847982178543675,0.7280637907554076
10,mlp,13412,3,5,2.5129281418455247e-05,2.66599493498488e-05,0.0002286537447178186,0.26716402385221144,0.0007012766191121062,0.6422308602491257,0.08962339630406473
10,mlp,2496,0,0,0.9999769916749628,2.7339338618513217e-09,5.233157520529485e-07,7.725314606015988e-09,1.2637604371084513e-05,9.063778291106617e-06,7.731673747199229e-07
10,mlp,11670,3,3,4.003724122980331e-08,1.6612601670706552e-06,2.9086786138669704e-06,0.9529504682115645,0.00010767730305786093,0.04037820591471483,0.00655903859464059
10,mlp,1336,5,5,1.9305825219644153e-05,1.834712530354568e-05,3.064472162164585e-05,0.0022214822472718687,2.013573136462676e-05,0.9964701305718957,0.0012199537773229536
10,mlp,5411,2,2,0.012133322120119723,0.0012615639032991187,0.9865870147973247,1.4235909670301117e-12,1.3749967845244976e-05,4.325098381098643e-06,2.4111606523258932e-08
10,mlp,11286,3,3,1.0191604322233034e-07,8.776027854869691e-07,8.80251094708879e-07,0.9941505826703251,0.000412179889937274,0.00013374174456900974,0.005301635925245209
10,mlp,13213,3,5,1.3938201983729202e-05,6.0504881199845625e-05,0.00025674290921917246,0.4145187560582154,0.0008519883793534209,0.5269538560749863,0.05734421349504202
10,mlp,1364,5,5,1.5413648198211217e-06,1.2634382628771603e-05,1.600527551300202e-05,0.0009803556155767756,8.191432122273133e-06,0.9984062947986433,0.0005749771306959325
10,mlp,699,5,5,3.2960096153172643e-08,4.876752846114856e-07,7.639620445885498e-08,1.3436183836679108e-05,5.3349620597379716e-08,0.9999851770990335,7.363359239838613e-07
10,mlp,5880,4,4,5.01396514014372e-06,7.21773288215061e-07,9.27972836539422e-05,0.00013937766367207792,0.9736031984482453,3.846615871611475e-05,0.026120424707284293
10,mlp,6278,4,4,0.06799669034358977,1.5479593238471394e-05,0.016750663674049943,0.00046030498983401914,0.8284585247498077,0.0021225576161703398,0.08419577903330974
10,mlp,11064,3,3,4.754159457416808e-07,1.0879347832607577e-06,2.451162743757122e-07,0.9945579919436159,0.00021798659657367458,0.000348135965461813,0.004874077027345156
10,mlp,9334,6,6,0.0007471240664024602,1.122127479601165e-06,0.0002806582362429343,0.0009176823707595367,0.0010835102527880802,0.0011152938287206796,0.9958546091176067
10,mlp,7880,6,6,0.00010516323712690823,1.969583713290171e-06,5.241932093735795e-05,0.041755955090010226,0.004858110099939777,0.0002812044694422424,0.9529451781988302
10,mlp,2577,0,0,0.9992846783297622,6.271017566634349e-05,0.00020561920611275383,2.7155230821047533e-08,1.4754287751327269e-05,0.0004311648986819894,1.0459467945004653e-06
10,mlp,12434,3,3,7.84897125778292e-07,2.7932964281428912e-06,9.173111548905053e-06,0.93045883887225,0.0006258442322372503,0.0019831474108713207,0.06691941817953859
10,mlp,13081,3,3,0.00026241565221173715,1.3709766318426472e-05,2.3613851848529912e-05,0.5917662253812073,0.0022994134825064633,0.05657529115438196,0.3490593307115255
10,mlp,11805,3,3,2.330426146783786e-07,2.0285046020044076e-06,9.136337713059797e-07,0.9664971262067775,0.023414328974794365,5.603796304036075e-05,0.010029331674399775
10,mlp,10885,3,3,2.4929292028834575e-09,2.080251719883957e-07,1.522192754885044e-07,0.9993564851642734,3.421975904626206e-05,0.00026767524341516464,0.00034125709588847297
10,mlp,10948,3,3,5.572005248724982e-08,5.724325669846647e-07,2.6550318135961444e-07,0.9973648586499007,0.0003015293695913016,2.566126824465868e-05,0.002307057056462651
10,mlp,3713,1,1,2.6123883719483065e-07,0.9999997308569473,7.904169697269907e-09,2.5221112506779163e-29,1.8514273714176085e-14,2.7444048720177267e-14,3.423761667017804e-25
10,mlp,3273,0,0,0.9999072625738936,7.73967598592961e-05,3.410542431076931e-06,5.886614080085809e-13,3.212733757761718e-08,1.1897848101991684e-05,1.4778788617954374e-10
10,mlp,12642,3,3,3.8587441950143656e-07,3.7598604335274963e-06,1.3016279648928446e-05,0.9237382917608601,0.0003226584160728968,0.0477645071474633,0.028157380661101652
10,mlp,11736,3,3,6.192201120455809e-07,1.8661174539560737e-06,1.0764279580939478e-06,0.9821224652061791,0.0015609727333299175,3.516701153540775e-05,0.016277833283431808
10,mlp,822,5,5,5.741531219040074e-09,4.043138134309987e-07,6.289361263573744e-08,3.638748933765946e-06,2.5045255128607903e-08,0.9999955106013405,3.5265551311656313e-07
10,mlp,6775,4,4,1.2172057717011162e-07,2.8179015228570483e-08,1.3280771436536665e-05,1.1178295876083867e-07,0.9998848170318534,6.393732762413057e-07,0.0001010011408827637
10,mlp,9171,6,6,0.00015580927040725298,8.6076597426533e-07,0.0009596241475942052,0.0002769521970552762,0.006974978796209416,0.00015489010803932825,0.9914768847147202
10,mlp,1346,5,5,5.127989031514192e-06,1.1733833686718927e-05,0.00015195343885803116,0.04029801271145409,0.00016675142878860562,0.9425327000559355,0.01683372054224558
10,mlp,9903,6,6,0.0018038978042371596,3.3873667364797743e-06,0.023411244985984205,0.0002032593833121834,0.22953319966276547,0.0010660179701601064,0.7439789928268044
10,mlp,3719,1,1,3.2268276080503974e-08,0.9999987149263817,1.2528022193118614e-06,5.2263747699903245e-28,3.1195808388016983e-12,3.2863392536865432e-15,1.7222924784266256e-24
10,mlp,3181,0,0,0.9569119059894184,1.2852892932305733e-05,0.04287800566859038,4.925136747725908e-10,0.00018821976417892123,7.890499391591784e-06,1.1246929748090907e-06
10,mlp,11410,3,3,1.5869455767694717e-08,6.391045650024623e-07,9.81021394692268e-07,0.9928267255808315,7.738592975094963e-05,0.0040140569931303455,0.003080195500871748
10,mlp,9114,6,6,1.4848941388564362e-05,1.941064993351708e-06,9.540824892263494e-05,0.0051478004197849665,0.08114609152964036,0.0007923002091687748,0.9128016095861013
10,mlp,13039,3,3,3.950758220405181e-05,7.3729160397235716e-06,5.160700864975228e-05,0.7088505041374695,0.003026178261621417,0.004920747030478328,0.2831040830635372
10,mlp,4462,2,2,0.1028985419182857,2.7930809101459604e-05,0.4641372897302971,1.8630375365239187e-08,0.4267700530847145,0.005905458971772365,0.00026070685545345946
10,mlp,1193,5,5,1.751411580054701e-05,1.283741027410111e-05,2.9307218171658736e-06,0.00017162616009056242,3.058193656464064e-06,0.9997378524982934,5.418090006785341e-05
10,mlp,600,5,5,2.41554819117642e-08,2.0318930135621994e-06,1.1130573752525681e-06,0.00045297400459397356,6.983503747840607e-07,0.9995212934510987,2.1865088061712194e-05
10,mlp,3880,2,6,0.048113268889798555,1.2397064968729939e-05,0.30130768660326784,8.722296623637933e-05,0.041315434472419296,0.0034541303971739315,0.6057098596061353
10,mlp,4879,2,2,0.005360564596464064,7.0873067678291914e-06,0.9936380023375674,4.1442844742556093e-10,0.0009771416140951026,6.643828218836227e-06,1.0559902458377427e-05
10,mlp,2547,0,0,0.9997130212689692,1.340227415705879e-05,5.678254468664366e-05,3.4240350495972377e-09,1.5296619415537025e-06,0.0002148528428213647,4.079833889439671e-07
10,mlp,1623,5,5,5.68917954257441e-06,2.0468874006973018e-05,0.0001554665716313016,0.0014784743376325777,2.962780714744084e-05,0.9958205302233227,0.0024897430067163705
10,mlp,7441,6,3,3.444765026662134e-05,9.774086717731086e-06,4.8337764105886055e-05,0.7662281300606173,0.0029990978918235187,0.002476741831753578,0.22820347071471528
10,mlp,12503,3,3,6.1313911010834e-06,5.017430103236708e-06,8.005421630658622e-06,0.9248239913141985,0.004470466150338908,0.0003574356884313577,0.07032895260419648
10,mlp,1876,5,5,0.15059704538318636,0.00019118189562786325,0.0004509287504049228,0.0013564082585417988,0.0004962158906293676,0.8384523927562278,0.008455827065381758
10,mlp,6669,4,4,1.2982860296558633e-06,3.2976123523875756e-07,0.0001792331509802376,3.49108901493907e-06,0.9987779841750993,2.3675769409112668e-05,0.001013987768231389
10,mlp,10365,3,3,1.4422822062732707e-08,2.8463523561663275e-07,6.453611471934344e-08,0.9992010644861249,6.817787007378576e-05,1.8991498716481593e-05,0.0007114025509124264
10,mlp,7906,6,6,5.749142121383882e-05,6.7731281373556135e-06,0.0001117243879912606,0.43046490037975,0.023543280554877,0.003564056916114817,0.5422517732119159
10,mlp,3575,1,1,5.724531760290178e-07,0.9999990948766534,3.326685392713147e-07,2.5438089937299398e-26,1.4639053414016301e-12,1.671132114649331e-13,1.1818076887411514e-22
10,mlp,6132,4,4,0.0002005207017589221,1.9247678157317463e-06,0.010537333433350369,2.66228183555267e-05,0.9646501686236647,0.0001886103885038759,0.024394819266550943
10,mlp,2650,0,0,0.9995929621479073,1.274109445558701e-06,0.00038688239378121165,2.767349198649478e-09,6.524980163071835e-06,1.1105875460549389e-05,1.2477258928645397e-06
10,mlp,6667,4,4,0.0028307314045464167,5.568150596424808e-06,0.04088479322429139,3.6287464497302174e-05,0.9170764137899274,0.000516444983604481,0.038649760982536724
10,mlp,2372,0,0,0.8354006015483895,1.2324117388122249e-05,0.15248573062702425,7.674192961172494e-07,0.003300466695081137,0.0014586099267979383,0.007341499666022859
10,mlp,2890,0,0,0.9999420286600684,1.7996670568130666e-07,5.127377216635159e-05,1.3898782894866766e-10,2.025768910665552e-06,4.0649279935529855e-06,4.2676516743746376e-07
10,mlp,6024,4,4,2.0633951601896824e-07,1.1406166346531955e-07,9.768532814071269e-06,1.7379687976124638e-05,0.9993990906709159,4.670377347715272e-06,0.0005687703297667174
10,mlp,9170,6,6,0.0015330870890872632,1.3467546343767946e-05,0.0029269620166325816,0.002141923103773514,0.0012494901586859795,0.06622876525749294,0.9259063048279839
10,mlp,6568,4,4,1.4817835863032665e-08,1.8561887822622895e-08,1.3816642358976042e-05,1.0687097210496037e-07,0.9998851392973881,3.5982330562978766e-07,0.00010054398625150091
10,mlp,11085,3,3,1.9370729507274916e-07,9.603280178686499e-07,4.564524910085628e-07,0.9876031023222864,0.000721535895049446,2.6609815709974297e-05,0.011647141479150299
10,mlp,8002,6,6,5.641020691427414e-05,9.886315610338508e-06,0.00021870475469502112,0.3780978846592234,0.006048664561308867,0.023013410837306413,0.5925550386649416
10,mlp,4026,2,2,0.002385902301778806,5.702460259637921e-06,0.9927539784363948,7.969128119580351e-08,0.0024452825080023065,0.0001572269844045821,0.0022518276178785683
10,mlp,11059,3,3,1.858128278041911e-08,4.976521709690254e-06,1.3220613296753023e-06,0.9867439432368494,4.820902266838568e-05,0.012450226901021128,0.0007513036751388298
10,mlp,9573,6,6,0.0029334039903047347,2.0576446531750035e-06,0.0017426159624520077,0.0002853282642791502,0.005293396637945551,0.00042376406289482263,0.9893194334374705
10,mlp,7638,6,6,0.00019281541425931594,7.5805179678095206e-06,0.0001404321409116226,0.19937278646229886,0.003706658575603166,0.004953037789253465,0.7916266890997058
10,mlp,4721,2,2,0.002424160651775169,1.4628682671276157e-05,0.9975052547665568,1.8605691098577902e-10,4.0263571201428696e-05,1.105328820951894e-05,4.6388535290950736e-06
10,mlp,9030,6,6,0.00010478514420415995,1.1927720215866841e-06,0.00037212231418257363,0.0025022998992473094,0.002332039193172621,0.0021002741319117208,0.99258728654526
10,mlp,10516,3,3,5.328271933730163e-09,2.1889926532871013e-07,8.421476158861175e-08,0.9995376984927316,4.593940317263525e-05,2.2694871025818326e-05,0.00039335879077110654
10,mlp,11120,3,3,2.064113099039678e-07,5.70714403473315e-07,2.7100575579590815e-07,0.9935183626214718,0.004376910442973096,2.954111354201745e-05,0.002074137690543846
10,mlp,2796,0,0,0.9999953980710491,2.1413599340565876e-08,6.781308866940236e-07,5.3583057824180646e-11,2.1043988589414876e-07,3.6632759682962788e-06,2.8615027749169418e-08
10,mlp,2161,0,6,0.23048227745856836,1.857818358739722e-05,0.04882253467926186,5.223440127281918e-05,0.04628942519568488,0.008176547165017636,0.6661584029166071
10,mlp,83,5,5,2.3296663439741908e-08,2.8864024444055594e-06,3.106798485951776e-07,0.004921877903441918,1.6566182370101218e-06,0.9950423752672708,3.086983209370194e-05
10,mlp,7742,6,6,4.435718894251003e-05,1.1137153088058698e-05,0.00010613658308998256,0.14740798014366505,0.002409483648742229,0.00565872405327064,0.8443621812292015
10,mlp,1773,5,5,1.0673868745939983e-06,4.630910571684287e-06,6.303486576146624e-06,1.1468127666138214e-05,8.925797388913597e-07,0.9999467872036976,2.8850304874995946e-05
10,mlp,10231,3,3,7.310340845370094e-10,4.22003365865504e-08,1.3378217207029141e-08,0.9998959470774037,2.2804570302915353e-05,6.604399242984019e-06,7.458764346260946e-05
10,mlp,8006,6,6,9.091820585423142e-05,8.658232997421794e-06,0.00025800278351639956,0.25396667476538526,0.006603367376839575,0.005219927051411176,0.7338524515839958
10,mlp,652,5,5,8.063064415868912e-09,3.1063583455111384e-07,3.358997271996512e-08,4.125795838991213e-06,2.2634954193873526e-08,0.9999952002090479,2.9907128727225423e-07
10,mlp,9336,6,6,0.0005196935568684463,9.067761022861426e-06,0.002670484034319871,0.0015895883763315812,0.0011032340538477865,0.06630262459087384,0.9278053076267356
10,mlp,5466,2,2,1.7785641502243385e-05,1.6195370967122133e-05,0.9999626601192205,7.262929736260701e-15,3.340374463821452e-06,1.8069273808886807e-08,4.245648748675274e-10
10,mlp,7144,4,2,0.016964601248803602,6.67466088564847e-06,0.6554069472261489,2.764341207810667e-06,0.31540468584609016,0.0004907032007077623,0.011723623476156258
10,mlp,6762,4,4,8.177145080248603e-05,3.7381601885620976e-07,0.002569595706365137,1.5768356115544942e-06,0.9888621895345305,4.819332504078577e-05,0.008436299331630613
10,mlp,4234,2,2,0.00018751751820388307,2.297674001294256e-06,0.9995416939649084,1.2044528975137395e-09,0.00021003544755986332,7.87549222292419e-06,5.057869865062901e-05
10,mlp,3697,1,1,8.939560335429144e-08,0.9999996482151358,2.623885219715209e-07,4.574572904495288e-28,7.32659716227801e-13,6.146924823385008e-15,2.024127843683744e-24
10,mlp,11360,3,3,1.8370316184481302e-07,7.714988294614351e-07,4.577469105186602e-07,0.9937766462219673,0.0028031969913576093,3.543886616068306e-05,0.003383304971612762
10,mlp,10869,3,3,1.6020985308312462e-08,2.2651613058263946e-07,6.046583610466124e-08,0.9969581589485422,0.0016761228209087192,4.465241444207981e-06,0.001360949986152655
10,mlp,11486,3,3,2.7421563045305855e-07,1.239067091682249e-06,6.068501774702323e-07,0.99634309342411,0.0006041250487824421,4.579699459809966e-05,0.003004864399609948
10,mlp,1309,5,5,1.9536589194403633e-06,4.990120247395792e-06,5.538533465924099e-06,0.0003945839582398616,3.4423862340934257e-06,0.9993955392854613,0.00019395205743193963
10,mlp,2619,0,2,0.010689585760994122,1.2012515802034117e-05,0.9879886724720893,1.8493762129916362e-08,0.000712907086164733,0.00011886933042984642,0.0004779343407577213
10,mlp,3207,0,0,0.999999298233675,8.086576279548094e-10,4.41703505391615e-08,2.959095685903289e-12,5.120576585579146e-07,1.4423805798550904e-07,4.886409811759958e-10
10,mlp,5246,2,2,0.007478277798072389,4.848897527640282e-05,0.9923949963733008,1.6282921358341624e-11,7.600237697330933e-05,1.97005215964041e-06,2.644079344993535e-07
10,mlp,4845,2,2,9.103976087294316e-05,7.053524903800214e-07,0.9991141909633378,1.4249481677635914e-11,0.0007923513522604406,1.1273962899053416e-06,5.851604990237807e-07
10,mlp,6632,4,4,7.103182123187483e-05,3.8433607547123525e-07,0.00040658559862021037,6.8334295852057e-06,0.990958277993006,3.897127480301987e-05,0.008517915546678429
10,mlp,3395,1,1,2.8085766241192796e-05,0.9999338421557387,3.807158958828704e-05,1.0698148764572423e-21,3.666882950832484e-10,1.2174338110270442e-10,4.5260992121640186e-18
10,mlp,8840,6,6,0.0015568837714770335,5.008976209015857e-06,0.0006657852642094478,0.0027038980306162193,0.0012360393266714347,0.006616161081402941,0.987216223549414
10,mlp,5731,4,4,1.5026587447168576e-10,1.9239737089483685e-10,5.649884512368228e-09,9.359579194496357e-07,0.9999908817907283,2.6157564333920146e-08,8.150101240435113e-06
10,mlp,1293,5,5,7.229856604392917e-08,4.993755069465607e-07,1.4745908084589736e-07,2.80213150297384e-06,5.5459993482227903e-08,0.9999955674721612,8.55803188642305e-07
10,mlp,5200,2,2,0.005009957963789247,8.904150757800647e-05,0.9948371327080503,2.366124044789043e-11,5.8959999816478465e-05,4.345254822267938e-06,5.625422823824249e-07
10,mlp,3364,1,1,0.002024831206259477,0.9929879141858408,0.004987215132466299,4.5128645740526235e-19,3.0959450562671735e-08,8.51597894210815e-09,3.893085067139612e-15
10,mlp,6197,4,4,2.605433804704567e-09,2.570268892591316e-09,2.469751653259178e-07,7.233943655850355e-07,0.9999114479301102,1.3585893189991786e-07,8.744066572420279e-05
10,mlp,5218,2,2,0.007223787058846643,6.189147939625065e-05,0.9926618995973109,1.5240735448716083e-11,4.548257181861477e-05,6.589521080564354e-06,3.49756306013805e-07
10,mlp,3485,1,1,1.8006020906721354e-06,0.9998970679181114,0.0001011310146097085,1.3040106687246672e-23,4.6345816827948473e-10,1.7302493568736377e-12,5.989427762250881e-20
10,mlp,6178,4,4,1.320550513203765e-08,1.2692865522818045e-08,9.554413509535663e-07,2.8119246338565087e-06,0.9996381537247633,7.33337346264362e-07,0.0003573196735349282
10,mlp,320,5,5,3.591144727286318e-08,1.110595535253412e-06,1.3668262319352833e-07,0.0001848542143586642,2.3273395243557495e-07,0.9998098424919198,3.7873701633621966e-06
10,mlp,7727,6,3,2.769358332978228e-05,8.189593530961323e-06,9.511668106260982e-05,0.6360166062664131,0.00599069516292893,0.0025204180059975622,0.35534128070673693
10,mlp,4056,2,2,0.04001265957891281,8.772525370665629e-06,0.9002877052790279,6.5326735367283e-07,0.05240472454741705,0.0005590599782226444,0.006726424823695286
10,mlp,8116,6,5,0.00028107689851982165,5.243063698150273e-05,0.0010327662612458956,0.11701386156683966,0.0015513219152221511,0.6140064062582952,0.2660621364628958
10,mlp,1100,5,5,3.3516309661988056e-09,2.8967178535844136e-07,4.587663797157543e-08,1.0928713830895104e-06,1.187568730777665e-08,0.9999984110155029,1.4533737225887487e-07
10,mlp,12185,3,3,6.30241797863257e-08,9.864889758666544e-07,3.175245549352224e-07,0.9901915669676233,0.006221936486489218,5.130578473539084e-05,0.0035338237234415013
10,mlp,6656,4,4,5.790956438083602e-10,3.604990315920833e-10,8.677180708920879e-08,3.878684806297766e-08,0.9999898342127055,2.231332492436112e-08,1.0016975719997118e-05
10,mlp,93,5,5,6.7823721880473e-09,3.275392444887237e-06,3.535689708666033e-07,0.0016865436080878914,8.501664821718203e-07,0.9982959299160831,1.3040565558834313e-05
10,mlp,2177,0,0,0.8854585377275097,8.826081011558776e-05,0.10215404551061609,6.862418738452039e-06,0.0006934713557468259,0.0037416567115587463,0.007857165465714655
10,mlp,5123,2,2,0.10390056862427506,0.0036407157128298044,0.8923716351117704,1.5948301307692863e-10,3.629020536485261e-05,5.013734479624152e-05,6.528414807012478e-07
10,mlp,6738,4,4,1.2292231211324606e-06,3.330760305313212e-08,3.0326269521660274e-05,6.883176777149955e-07,0.9991456015000523,2.704117805799263e-06,0.0008194172642184495
10,mlp,5590,4,4,9.256404969745401e-10,1.398235112107856e-08,3.8625171308231863e-08,0.0004907280242278281,0.9989264723426647,7.634879737446223e-07,0.0005819826119706824
10,mlp,7907,6,6,0.00018709295433469672,3.884333670923205e-06,7.772857629394082e-05,0.07950442914325472,0.011117042151302003,0.0008036088053229734,0.9083062140358209
10,mlp,5651,4,4,6.740808417227777e-11,1.2268013789626267e-09,2.9056428020630837e-08,2.1221025147335192e-05,0.9997997256305325,7.04894599109536e-08,0.00017895250422271666
10,mlp,874,5,5,1.8937502164374918e-07,3.6758413810947687e-06,1.8320281222072227e-06,0.0007033477179658209,1.8988375300614413e-06,0.999211940186745,7.71160132340105e-05
10,mlp,6509,4,4,1.6918487536616653e-08,6.716199752347571e-09,7.045603446557627e-07,1.16891654448335e-06,0.999774120404688,6.166548913692991e-07,0.00022336582884423443
10,mlp,1823,5,5,1.2614607019048496e-07,1.1359047975403447e-06,2.5740752715554077e-07,1.8359204966578263e-07,2.4130277881100342e-08,0.9999981821056155,9.071366196900917e-08
10,mlp,2028,0,6,0.0001260009547058643,8.840277941665968e-06,0.00016020941585234987,0.3380608266177609,0.0039753562837745865,0.006973200437740739,0.6506955660122239
10,mlp,10184,3,3,5.562314478361082e-10,1.940842619598095e-08,5.0212028148545815e-09,0.9998975279437312,3.558053669835834e-05,2.5070577670231603e-06,6.43594759428979e-05
10,mlp,6463,4,4,3.5067816276975157e-10,1.1777959415008987e-09,1.9977617124054564e-07,5.925230015854078e-08,0.9999825010055097,4.1020465611350786e-08,1.7197417079425787e-05
10,mlp,8380,6,6,6.251169005989598e-05,4.834234337769693e-06,0.0003587380777067586,0.046080877368149455,0.0029356235792431925,0.00462582858188891,0.945931586468614
10,mlp,9757,6,6,0.018321125124518223,3.8648361379761985e-05,0.011682433684408236,0.000669668785210372,0.0022955063122849276,0.03739524396708724,0.9295973737651113
10,mlp,12406,3,3,8.385147002177228e-07,2.338469785511352e-06,9.407436978022973e-06,0.9585697381694673,0.0004240053841356329,0.006599918409414703,0.034393753615518385
10,mlp,7279,4,2,0.00016588041449572426,3.5886588665459438e-06,0.9213776325696797,2.302782301704669e-08,0.07806346849662195,3.59522620470787e-05,0.00035345457046587404
10,mlp,6879,4,4,8.74635901676971e-08,1.6925033108103402e-08,6.500370111852046e-06,3.1758471886996576e-07,0.9997411789777647,1.4311237655548757e-06,0.0002504675550157005
10,mlp,5350,2,2,0.07578274719351355,0.0004899594763240899,0.923693474220326,9.994415556137152e-12,2.5519758544763688e-05,8.24124872115526e-06,5.809257623776385e-08
10,mlp,10101,3,3,2.0737150163075746e-10,1.3931416355647629e-08,3.752445473037094e-09,0.9999543905299147,9.975427779646838e-06,3.274004293227973e-06,3.2342146779217676e-05
10,mlp,5519,4,4,6.073062945067172e-08,1.279840277663244e-07,4.908061888889654e-07,0.024559184120910273,0.9744030877126919,1.1326244206091944e-05,0.0010257224013457016
10,mlp,10424,3,3,1.0692614151351364e-09,7.52806019978623e-08,3.609039011702644e-08,0.9997081708617549,3.457119186388375e-05,4.091839870679011e-05,0.00021622710742064658
10,mlp,6770,4,4,8.657519904936025e-09,3.185277047210075e-09,1.7092910356574702e-06,5.962620421742971e-08,0.9999341380712262,1.5909858506379939e-07,6.392207015157337e-05
10,mlp,9200,6,6,0.00467964973881336,4.011556041013975e-06,0.0007287823199927931,0.001249252134919336,0.002575390430059524,0.0005975921047580609,0.9901653217154159
10,mlp,3022,0,0,0.9956720144916054,0.0002762387181571864,0.003941782241116758,4.3613210016611097e-10,4.4327878047364625e-06,0.00010520015554041008,3.3116964334184756e-07
10,mlp,8183,6,6,0.003438477768037718,1.6788924287252647e-05,0.0003862622872187583,0.07031207030561124,0.006072867242278602,0.0037612598014631765,0.9160122736711033
10,mlp,301,5,5,1.342572915907024e-07,2.022398094493165e-06,3.919746298745585e-07,0.0005757462923387277,7.235273132074263e-07,0.9994055016661756,1.5479884156581908e-05
10,mlp,797,5,3,4.223986326800743e-06,1.0202333249427409e-05,9.907428509459487e-05,0.5664727130971243,0.0005581063732665395,0.38075193508304583,0.05210374484189254
10,mlp,1853,5,5,9.522636327642072e-06,1.3080464827599976e-05,5.992480616550686e-05,2.728238328968733e-05,4.08163124481289e-06,0.9995669132339151,0.0003191948442295838
10,mlp,3159,0,0,0.9820027994866671,1.1766027914332127e-05,0.017944675347769147,1.375008502378655e-10,2.6517282542838664e-05,1.275600647916724e-05,1.4857111263531026e-06
10,mlp,10212,3,3,1.2405120380052309e-09,7.04839098170811e-08,1.973947698823211e-08,0.9997509417013039,1.9321810185538328e-05,1.926352398590946e-05,0.0002103815006257701
10,mlp,7368,6,3,2.0328735961528762e-05,5.228371241505757e-06,4.708689595574027e-06,0.9395620368612041,0.0013888485939080747,0.00023785456759144288,0.058780994180497675
10,mlp,3678,1,1,2.8721546984455165e-07,0.9999819004845338,1.7812070075354297e-05,7.21643049624666e-27,2.2990625376836338e-10,1.4823284406359272e-14,1.9903272221140841e-22
10,mlp,4904,2,2,0.005354632928720244,8.008752485108534e-06,0.9944208837985304,1.6163404448702717e-10,0.00020298760579876815,8.448454807784171e-06,5.038298023507108e-06
10,mlp,5754,4,4,2.5212590590610185e-09,5.701174403477104e-09,1.6234138402700532e-07,1.009480996741525e-05,0.9997550987111417,2.384748836439556e-07,0.0002343974401898845
10,mlp,6692,4,4,8.60231243106217e-06,2.8060359608239707e-07,0.0005361313786864663,1.1535854992371634e-06,0.9989295363582711,5.879248185952699e-06,0.0005184165133300622
10,mlp,7938,6,6,0.00027750068539079574,1.2921516068563668e-05,0.0004097456994647276,0.10787867485269945,0.0024251963124393193,0.04370668686786161,0.8452892740660756
10,mlp,9254,6,6,0.0004976213580444707,1.7022763393146173e-06,0.0003764332014120459,0.001713113827703139,0.0009301584205482082,0.0077186754557327705,0.9887622954602201
10,mlp,8943,6,6,0.0008970600598622618,6.2490230485105326e-06,0.0009255952946659231,0.003003041120186214,0.0011461253327087156,0.03895418507493221,0.9550677440945962
10,mlp,6304,4,4,1.4589630492707021e-08,9.29434857480189e-10,5.151809701958821e-06,1.7267759356498862e-07,0.999580548740954,3.177303978620778e-07,0.000413793522287326
10,mlp,274,5,5,2.113344312176865e-08,2.8459880064044246e-06,1.2615163246966243e-06,0.005439810588048479,2.8542338195265395e-06,0.9944653231310648,8.788340929293212e-05
10,mlp,13256,3,3,8.813529128302897e-06,5.518109736144616e-06,5.628987099086135e-05,0.7991327767392504,0.009506178046474596,0.003122104413278914,0.1881683192911405
10,mlp,8906,6,6,0.0005137145850282663,3.7444852923176063e-06,0.0006755718627659484,0.002727036238006527,0.001518476538966228,0.004450759088687235,0.9901106972012536
10,mlp,12339,3,3,3.750998719326238e-07,4.308318385282378e-06,9.632947826022489e-06,0.9842273946241067,0.0006259415007331876,0.0032127393158599437,0.011919608193217
10,mlp,4557,2,2,0.03082342706453173,8.662441216570538e-05,0.9632003346370289,5.750434317523203e-09,0.00010782749983001723,0.005659217755763302,0.00012256288024584174
10,mlp,11589,3,3,9.61509206907629e-08,9.149860257977693e-07,1.3507067915035209e-06,0.9945070396252486,0.0003345582343797892,0.0002479642057461067,0.004908076090887543
10,mlp,1702,5,5,5.5905269566376735e-05,4.072543860362369e-05,0.00016745608947524128,0.0010249613221896233,5.9147369225456824e-05,0.9913917020447809,0.007260102466158828
10,mlp,9291,6,6,0.0002733840976007852,7.086697798759757e-06,0.0017962468753195057,0.003828209291592094,0.0032784024049080634,0.02896690437905556,0.9618497662537252
10,mlp,8549,6,6,0.00022290736791000582,1.1993171488011261e-05,0.0002024336128582822,0.05039487306881871,0.14206270410520772,0.0017664214419902667,0.8053386672317271
10,mlp,3043,0,0,0.9999426545843912,2.980761179727524e-08,3.10404858447528e-05,1.2395081311428864e-10,2.477761196182362e-05,1.0842772915535534e-06,4.1310894804240995e-07
10,mlp,12691,3,3,1.3837959470967045e-06,2.8182133820256338e-06,6.6624760633723864e-06,0.9751829676265276,0.0021316013760135748,0.0007668841286263402,0.021907682383439927
10,mlp,3078,0,0,0.7431724226600419,0.00011202983252411197,0.2566179310687624,6.045759606020724e-10,4.890886410613688e-05,4.1444860466739824e-05,7.262109522961426e-06
10,mlp,8909,6,6,0.0038017021275342094,2.071213245164801e-06,0.0005481675236257278,0.0024907613481661085,0.006797123381072614,0.0004939946532473745,0.9858661797531088
10,mlp,12204,3,3,3.387071306686186e-07,1.6962577156580995e-06,2.3132935820450826e-06,0.9931756467061945,0.0007534792300841973,0.0003062461960546543,0.005760279609238008
10,mlp,6882,4,4,2.1969459629504444e-11,6.696732883789954e-11,1.530453567170721e-08,4.5884355077418515e-09,0.9999984544301488,4.3288192714045496e-09,1.5212591240513667e-06
10,mlp,12777,3,3,4.395813158011883e-05,1.2310520413363272e-05,5.164182953160993e-05,0.7840786438159031,0.001964395645679466,0.005546655533649332,0.208302394523243
10,mlp,2040,0,6,0.07238289789767713,1.5584231187264626e-05,0.0010619960328934362,0.0059705611305046116,0.004139032998324717,0.004961572501168374,0.9114683552082445
10,mlp,10427,3,3,1.972426946073032e-09,9.86713710874883e-08,4.659836246602369e-08,0.9994007806575897,6.467803301291804e-05,3.933199098200157e-05,0.0004950620762549085
10,mlp,1367,5,5,0.0006445273153553662,7.799130404443101e-05,7.02693531251085e-05,0.018794236018831987,0.00034931091762780314,0.9631055672121456,0.016958097878869826
10,mlp,6731,4,4,5.247925815425457e-06,5.284456692766068e-07,0.0008185401900384134,1.0981338355167102e-06,0.9977026934847724,1.605292584163707e-05,0.0014558388940274058
10,mlp,3278,0,0,0.9960940117228863,0.0036072628804927217,0.0001897584237599199,2.894887881369542e-12,3.1188985586089e-07,0.00010865295133484474,2.1287756046361658e-09
10,mlp,5545,4,4,1.3560254052412633e-07,1.31327235415306e-06,3.3203682310537104e-06,0.1708210349658116,0.7907288704936134,0.00013319547595291162,0.03831212982149644
10,mlp,12383,3,3,1.9150147705533153e-06,3.706547353630036e-05,4.856982710480611e-05,0.7028945323266765,0.0004094847784262642,0.28078292017677225,0.01582551240271312
10,mlp,4712,2,2,0.00023100802205132978,1.3895382473893215e-06,0.9987034913220477,1.839367562160907e-10,0.0010580386878727484,2.0789891639776227e-06,3.9932566800840756e-06
10,mlp,2769,0,0,0.9946377164828183,1.079154070035415e-06,0.00430239254307232,1.8054151909508436e-08,0.0009994314849743613,3.488165847011687e-05,2.448062244272144e-05
10,mlp,3649,1,1,9.750353347395487e-08,0.9999881462096409,1.175624235073238e-05,2.417188030242509e-26,4.4454812715065416e-11,2.0107605981282496e-14,5.142619772598061e-23
10,mlp,10612,3,3,2.471034401131276e-07,3.848372854244478e-07,1.0379844568908298e-07,0.9983923745750135,0.00017855333693870146,2.0448149137221756e-05,0.0014078881997394792
10,mlp,5452,2,0,0.5066331535022136,0.007269827791664652,0.4860715719349203,3.084509525148403e-12,1.7378445179472213e-05,8.03526693286601e-06,3.30560046898635e-08
10,mlp,10970,3,3,1.804506008663794e-08,4.743771581195285e-07,3.9291490724064487e-07,0.9978903344735469,0.00011562911301590355,0.00015360090962111342,0.001839550166690512
10,mlp,12003,3,3,4.4127457834825094e-07,1.8925814078788578e-06,1.98479017543605e-06,0.9913300934116738,0.0008462815884145837,0.0001721883617071739,0.007647117992042797
10,mlp,3039,0,2,0.36635582616274903,0.00039177327888182897,0.6330039830720308,2.0524162816604305e-09,9.308258558979526e-05,0.00014392559459538694,1.1407253737107734e-05
10,mlp,11920,3,3,5.661640445233432e-07,1.8731033866575327e-06,1.7810598057654778e-06,0.9864408704194907,0.0010363996512878994,0.00012788322876452476,0.012390626373219997
10,mlp,10925,3,3,7.061461607521865e-08,3.132575116711224e-07,1.9319091995929e-07,0.9901034582843737,0.003973674941123789,9.220434234011238e-06,0.005913069277220721
10,mlp,6044,4,4,3.1634554442066163e-10,1.510325914111145e-09,5.179961634977821e-08,1.4098998903611376e-06,0.9999339369831518,9.508714294227739e-08,6.450440352691687e-05
10,mlp,7642,6,3,9.036593258319977e-06,7.986180901016861e-06,7.564901861040095e-05,0.8272442154154662,0.0017514114718519284,0.005695728371915707,0.16521597294799645
10,mlp,5027,2,2,0.0013982623248818078,1.270542087187668e-05,0.9812180598478226,3.3619828627640084e-10,0.017348486753288466,6.832082019860395e-06,1.565323491695262e-05
10,mlp,6641,4,4,1.6731396124097188e-09,7.863959489836929e-10,2.840171903980309e-07,4.4478358264508535e-08,0.9999759240603715,4.046507269109262e-08,2.370451947160017e-05
10,mlp,12075,3,3,1.2661904602322564e-06,2.946975539112134e-06,4.852928688872207e-06,0.9693210512703905,0.0007329127444993076,0.0004253982609645707,0.029511571629457587
10,mlp,8184,6,6,0.00040019050494183035,1.538683459712974e-06,6.736220493143269e-05,0.010635139924545844,0.0023048674426082313,0.00020779294200120858,0.9863831082975117
10,mlp,7832,6,3,0.00011428994379809026,2.3401582725723525e-05,0.0003498043533771999,0.5598961949575659,0.005428962897702651,0.036198123614660176,0.3979892226501703
10,mlp,700,5,5,2.3063032581323847e-08,1.0214567908915763e-06,2.4565113042876194e-07,4.267849576120877e-05,1.2826667971508437e-07,0.9999528649895287,3.0380770764252423e-06
10,mlp,10471,3,3,1.1777248395183842e-08,1.5881374818385212e-07,3.8813834215154177e-08,0.9995212834766136,0.00010723149547662838,5.9598053543997824e-06,0.0003653158177246235
10,mlp,12825,3,3,5.125339648331515e-06,5.033862890898881e-06,3.0186544359607618e-05,0.8909569483613509,0.0017688779886340358,0.0020085259981611077,0.10522530190495513
10,mlp,8730,6,6,0.0001227570154444274,2.841611979845345e-06,0.0003286802643084847,0.007852222642143756,0.023926407921685374,0.0014307089011030719,0.966336381643335
10,mlp,9276,6,6,0.0008870420371684546,6.2951398386528845e-06,0.0012819251171630863,0.0019344600783018258,0.0015110209079263514,0.014298198706693155,0.9800810580129086
10,mlp,9954,6,6,0.04030011288892536,3.327694412724324e-05,0.14115075849853295,9.8985307504676e-05,0.004277935102758384,0.04944771100627553,0.7646912202518759
10,mlp,1176,5,5,4.153153919553288e-08,3.2305710702079723e-06,5.400898532631693e-07,1.3422805373947155e-05,1.6374301611726694e-07,0.9999797815486987,2.819710448474882e-06
10,mlp,7967,6,6,0.000696388235801159,1.1050897766454952e-05,9.88184796080299e-05,0.13636503422227314,0.00432644850843951,0.0006309950047098485,0.8578712646514018
10,mlp,10496,3,3,3.1362714637616798e-09,1.1054618470081972e-07,4.747176191689244e-08,0.9994556915389713,7.014180134169879e-05,2.5207308210115078e-05,0.00044879819725891323
10,mlp,5986,4,4,1.4988217676928459e-06,1.3998649609137124e-07,9.455965632469754e-06,0.00010245267613690536,0.9868696253944379,1.9343691635253424e-05,0.012997483463893733
10,mlp,10208,3,3,4.219837996685207e-09,2.14991508199943e-07,1.693598658142036e-08,0.9993807996370351,1.9700762829423873e-05,0.00022372162998790935,0.0003755418228147617
10,mlp,5117,2,2,0.00013278109082636021,3.0074980665173385e-06,0.9996791963619145,9.400047597622023e-12,0.00018429285788791627,5.102555792476617e-07,2.1192632524068328e-07
10,mlp,8191,6,6,0.00011070238388223976,4.554659282491951e-06,5.9398312373579195e-05,0.0638008488156306,0.033464888494661386,0.000686203081789746,0.90187340425238
10,mlp,9054,6,5,0.0009180883285658072,5.6835030026990585e-05,0.0029951637483951027,0.0074996216125859895,0.0008368192291473543,0.7265745183044715,0.2611189537468072
10,mlp,5467,2,2,0.0001500986974436813,0.00017065102981545064,0.9996529026876365,6.235247462316194e-14,2.606647269514762e-05,2.7950765741462286e-07,1.6046893379157064e-09
10,mlp,5882,4,4,0.2106800465595115,2.4677426999802865e-07,1.1609479939255832e-05,0.011581948559040656,0.4534614820504758,0.2595970377805162,0.06466762879624674
10,mlp,10677,3,3,3.647231216157222e-09,1.8874748059106712e-07,1.0260065242301205e-07,0.9993144977784916,6.188659025471285e-05,7.371901661484073e-05,0.0005496016192747756
10,mlp,12652,3,3,1.8696439948568276e-06,2.7143163350641772e-06,1.2329732379023965e-05,0.9516383969477413,0.0015076948649229995,0.001631400619182375,0.04520559387544444
10,mlp,11346,3,3,1.7152692197438142e-07,8.615530545203082e-07,4.850191617675015e-07,0.9831452783731646,0.0028278220905926226,1.4122984333504545e-05,0.01401125845277122
10,mlp,12649,3,3,8.006856724881571e-06,3.976617832307823e-06,1.0503805858749894e-05,0.8471110174008775,0.012373981091355792,0.00017126579669786627,0.14032124843065294
10,mlp,4622,2,2,0.010359985911094377,1.701409778805921e-05,0.9894417547760381,7.88828647182855e-10,0.00015485470504879013,1.5105901653630292e-05,1.1283819548408599e-05
10,mlp,10323,3,3,1.3106212716705766e-10,2.601848523339835e-08,1.64806294307317e-08,0.9998558222026898,1.1455097369756497e-05,6.974837019178816e-05,6.29316995718207e-05
10,mlp,705,5,5,2.3565783957638944e-05,1.0279024042357034e-06,2.0981505491454435e-08,2.2069412466496066e-05,2.4014965992717415e-07,0.9999513942863999,1.6814836062374915e-06
10,mlp,2824,0,0,0.6817674194074467,0.00016235354954342531,0.31775828094436265,7.1296269599371384e-09,8.920695165456647e-05,0.00017333749672320044,4.939452064263894e-05
10,mlp,7276,4,4,7.653746089930108e-06,7.053947038014901e-08,0.000409148068290046,1.8697979010216633e-08,0.9995418316754614,1.5737621993747581e-06,3.9703510509776856e-05
10,mlp,5252,2,2,0.0010634112411617327,3.554240696227414e-05,0.9988652715503916,4.786412679729172e-12,2.5547114220520355e-05,1.006749820896166e-05,1.6018426849998996e-07
10,mlp,4448,2,2,0.0002190439183255812,2.9925478488474747e-06,0.9996158575660663,2.4647717179154574e-10,0.000153773750275251,2.868754681685098e-06,5.463216325323596e-06
10,mlp,9905,6,6,0.04532132651656901,8.273529461425803e-06,0.008927197452257512,0.00012438890422986778,0.02164586213756301,0.0036505476224964577,0.9203224038374228
10,mlp,7870,6,6,0.00012727336199521761,1.4582520559300816e-05,0.0003167731589529741,0.38434799327356933,0.005189537385005937,0.019181908018847584,0.5908219322810696
10,mlp,11096,3,3,4.238146863032827e-08,5.426903965794652e-07,3.344666623490774e-07,0.9981250208632778,0.0002859511647455034,5.7577160390785486e-05,0.0015305312730582766
10,mlp,3087,0,0,0.9931045361024659,0.0030120472544265513,0.00375642632336078,2.673862637291061e-10,4.941981095593034e-06,0.00012194672797423078,1.0134329069844675e-07
10,mlp,4391,2,2,0.0008143568273127473,2.5204579395632234e-06,0.9940578793522672,1.1226861549380416e-09,0.005082242921921634,1.5124274217096016e-05,2.7875043655610492e-05
10,mlp,2216,0,0,0.9999590000132915,3.1726365477513725e-10,9.536636259938878e-09,1.3740637053729795e-08,2.939041956773092e-06,3.6174561936046085e-05,1.8627882788600432e-06
10,mlp,8668,6,6,0.00013376092217471785,1.5709445668258467e-05,0.0012979171130257851,0.032872066421650935,0.0025761097212637163,0.2189620343223181,0.7441424020538986
10,mlp,12735,3,3,3.190972174975907e-06,4.764437020962458e-06,3.328731302180191e-05,0.896491472798725,0.0012844483547979676,0.003915371576187376,0.09826746454807198
10,mlp,3052,0,0,0.9996494515989369,6.186873134434761e-07,0.00032221817916908434,4.123774828933837e-10,2.2730519033418385e-05,4.524661904972732e-06,4.5594126480124576e-07
10,mlp,74,5,5,8.289957619982819e-09,4.27897158228539e-06,5.25982612374644e-07,0.006992413264315162,1.9610985999871494e-06,0.9929682771625499,3.253523038275672e-05
10,mlp,1656,5,5,0.0003667837891818711,1.679202140594653e-05,7.270683649373367e-05,0.0006277356236095682,3.072394975433687e-05,0.9967964421259277,0.002088815653626905
10,mlp,1343,5,5,2.818805478205721e-07,3.3896533080997834e-06,1.650162306844378e-06,3.479868903463845e-05,4.893750105083133e-07,0.9999446642542178,1.4725985574324393e-05
10,mlp,6685,4,4,7.58455687083017e-06,1.0269620801289783e-07,0.00013365118659003572,1.33013283689207e-06,0.9996497276267926,2.9589539331202516e-06,0.0002046448467684875
10,mlp,2170,0,0,0.9967187347248554,6.193507274456131e-07,0.0003735620483779473,7.413826589457294e-06,0.00034037496692439255,0.0019848306875320946,0.0005744643949933792
10,mlp,8355,6,6,0.0015716970598329022,9.129903033645425e-06,0.00032312288972760096,0.041569247524513304,0.0064091024729492135,0.0019383422943490608,0.9481793578555944
10,mlp,5961,4,4,4.663686017498591e-09,1.871050889487972e-09,1.790488410756905e-07,1.5239226508255508e-06,0.9998847064172173,1.3207201826682025e-07,0.00011345200453564441
10,mlp,339,5,5,7.227840729993508e-08,4.123020192614954e-06,1.9707791997236997e-06,0.005632028838060343,3.8417578282134245e-06,0.9942414430317285,0.00011652029458336138
10,mlp,2669,0,0,0.9999636530872298,1.1404788052318123e-07,3.229447368837172e-07,2.283638752292229e-10,1.346441827513571e-07,3.5747457121797116e-05,2.759048429294271e-08
10,mlp,4163,2,2,0.11160578374665812,3.821132463159146e-06,0.881721380128386,9.00259385961893e-08,0.005816928205580563,0.0007192909171174264,0.00013270584385621797
10,mlp,11694,3,3,1.4462329714957768e-07,1.4992070294590457e-06,2.2975118960365583e-06,0.9914701230614394,0.00022359218478767737,0.0007120814037525628,0.007590262007797469
10,mlp,688,5,5,8.876671300489287e-07,5.422927407364227e-06,2.361973568082116e-06,0.0017707057648773366,3.4066683424040627e-06,0.9981108003897483,0.00010641460892624347
10,mlp,11101,3,3,2.4659124350412345e-08,4.909760746432765e-07,3.6802561369597687e-07,0.9987027135572841,0.00017415942228595505,7.469980077271564e-05,0.0010475435588445175
10,mlp,11387,3,3,9.406711475272224e-07,1.1504437967026417e-06,6.149128578137203e-07,0.9943591601231829,0.0006439592624672741,4.003039301035588e-05,0.004954144193537273
10,mlp,5015,2,2,7.124615682348472e-05,1.5045302899450307e-06,0.9996477627079767,2.532522533521169e-12,0.00027808944174410904,7.644161138552995e-07,6.327445193918551e-07
10,mlp,8557,6,6,0.0002261293701229176,1.0973210378351919e-06,4.258795078112926e-05,0.00459222365264958,0.0037143473241925584,0.00012332997927531292,0.9913002844019407
10,mlp,467,5,5,2.3259515624772183e-09,4.041101232469597e-08,1.1114133991195984e-09,1.2393892156828614e-07,8.643446415944902e-10,0.999999827779911,3.5684454337066965e-09
10,mlp,4194,2,2,0.0829023989968012,2.799724104122009e-05,0.8993409470906237,1.3640120276197837e-07,0.009521229810487884,0.0008578811324435563,0.007349409327399344
10,mlp,13158,3,3,1.1830629382684906e-06,3.0253234153703114e-06,5.504453119519486e-06,0.9476182329779149,0.019791499646095827,0.000826177976808271,0.031754376559708045
10,mlp,8239,6,6,0.0003453902654781585,1.4765710765612318e-06,6.313660601118687e-05,0.024461037951568388,0.0019956597942309526,0.0014468315932026244,0.9716864672184322
10,mlp,7770,6,6,0.0008136484508054022,1.5330343671278787e-05,0.00015550081594066254,0.24864585838205827,0.0034210348020845324,0.03631201908579026,0.7106366081196496
10,mlp,13351,3,3,8.649143676483103e-05,1.3294992930692554e-05,0.00012920481147120762,0.5800164816155843,0.003944291701797911,0.004593434594604893,0.41121680084684625
10,mlp,9316,6,6,0.0017460302488985584,1.0414435544588745e-05,0.001769696968131091,0.0023034427536284467,0.001277806797844537,0.0550007149472466,0.9378918938487062
10,mlp,454,5,5,3.9641895466156484e-09,1.1832970241332476e-06,4.2709273598016796e-07,0.00045797561877096524,3.73060079752804e-07,0.9995316288339069,8.408133292810274e-06
10,mlp,9732,6,6,0.033575397984487505,4.335115030710952e-05,0.013915395136402574,0.000598874027655264,0.0022123643109933817,0.03941767846918026,0.9102369389209739
10,mlp,2047,0,5,0.0043584998027628415,0.0001816709993872725,0.007475402589128075,0.002016891736976479,0.000930127878592349,0.7845793628721639,0.20045804412098908
10,mlp,12892,3,3,1.1801828532227634e-06,2.3153971051741367e-06,1.9579457932626697e-05,0.9439975187524143,0.0009991484544544708,0.0035959106184496265,0.05138434713679079
10,mlp,8901,6,6,0.00018893743902816142,3.7137944990809433e-06,0.0006618257113157733,0.0050782606468272005,0.0026225255244135335,0.002304042321939004,0.9891406945619773
10,mlp,13127,3,3,2.5383557102451895e-06,5.739754242006343e-06,5.865956138008858e-05,0.8144184760799307,0.0008233482550271155,0.08546346525341056,0.09922777274029927
10,mlp,9426,6,6,0.011485471057610535,3.299850375378599e-06,0.0006587393808679702,0.0008445142196972366,0.0029100950289700114,0.001859902150821112,0.9822379783116578
10,mlp,5387,2,2,7.78442707770417e-05,1.547427739012944e-05,0.9997939105762768,8.214690140956403e-13,0.00011248452890030683,2.7214631798184374e-07,1.419951652132302e-08
10,mlp,6587,4,4,3.322253415510249e-07,9.297572648659909e-08,3.823637893362465e-05,1.8228865925940748e-06,0.9996795270035498,3.42909857983988e-06,0.00027655943127629837
10,mlp,4297,2,2,0.0031357686363150537,2.3690443912072362e-05,0.9967013817363617,3.0050199703615814e-09,5.98289083740276e-05,4.656650243731779e-05,3.2760767579822455e-05
10,mlp,4842,2,2,0.022225455880863994,0.00012742761162538423,0.977426767525802,4.016173231148691e-10,2.9849903324135736e-05,0.00018320679504173977,7.291881725378408e-06
10,mlp,6356,4,4,3.155815519682664e-08,1.9547081084180707e-08,2.1367435561045275e-06,2.0573843854674885e-06,0.9995813759762033,1.2580348644416897e-06,0.00041312075575421697
10,mlp,7541,6,6,5.835006822327179e-05,5.178401064827527e-06,1.907094948775872e-05,0.3075102868799679,0.0031408338657408805,0.0001961554603116476,0.6890701243752037
10,mlp,11743,3,3,3.2553472946311274e-06,3.2512257753877623e-06,2.0048301561216966e-06,0.9832536282203863,0.0007755015659293474,0.00020493156245066403,0.015757427248007428
10,mlp,2430,0,0,0.9988120963678507,2.9498722793269225e-07,0.0006969825388337202,5.6688305165759986e-08,0.00028009821754532567,5.803030009924548e-05,0.00015244090013791193
10,mlp,1726,5,0,0.7645896652155318,1.3829325579398178e-06,3.573207724378823e-08,1.823644133701888e-05,1.903640748123512e-05,0.235223604218087,0.00014803905292783042
10,mlp,2668,0,2,0.1822798461855408,4.635600364276454e-05,0.8149100371521326,3.709560814820166e-08,0.0003941694455642953,0.0013550419308089152,0.0010145121867022758
10,mlp,325,5,5,2.2988672471451517e-08,3.430318494474454e-06,4.4296653151740004e-07,0.0005735479890966774,6.381864056035308e-07,0.9994118459585892,1.0071592209999432e-05
10,mlp,10976,3,3,2.0868712233745266e-09,2.037858919932741e-07,1.960320331913961e-07,0.9992705821219628,5.0618198231699815e-05,0.0002681286609584052,0.00041026911405053166
10,mlp,9977,6,4,0.09431488727164096,1.2300890424009322e-05,0.0435051284746199,0.00013177506800168614,0.6881333709056527,0.002548891044257727,0.17135364634540282
10,mlp,12747,3,3,4.115806708339055e-05,1.0926859524532345e-05,6.37593575401922e-05,0.7251232672296241,0.0017840577962915543,0.013774066035810483,0.2592027646541256
10,mlp,11073,3,3,2.0224675359192407e-09,2.3683273654658952e-07,3.0367439357170687e-07,0.9966402424105414,4.9836573451826e-05,0.0022009766079920537,0.0011084018784170563
10,mlp,1320,5,5,1.3282982135223915e-06,5.833853491659536e-06,5.807670916103806e-06,0.00031962205993316735,3.225444089421491e-06,0.999457220166865,0.00020696250649106663
10,mlp,3199,0,0,0.9996394597325985,7.488220904459705e-07,0.0003559441374112328,1.8076976728928367e-11,3.105648467214869e-06,6.881491350303177e-07,5.3492220499423143e-08
10,mlp,13164,3,3,6.18616913811918e-06,4.479641857859102e-06,9.13375608022324e-05,0.6915586771135689,0.0015196029260856627,0.03133340371110408,0.27548631287744313
10,mlp,3065,0,2,0.2992075707713314,1.6317138989721516e-05,0.596852019519549,1.8654150048796047e-08,0.10380333956038093,7.998808895261579e-05,4.074626664621384e-05
10,mlp,2482,0,0,0.9745046306241765,1.3214189477635143e-05,0.024925236626814725,5.60886955114319e-08,7.549574807550307e-05,0.0003471608567898762,0.0001342058659700515
10,mlp,3739,1,1,1.0328687715022996e-07,0.9999996753041993,2.2140638104650385e-07,2.9230967846778587e-28,2.5403324522952583e-12,2.1109955775155597e-15,1.8266668687440098e-24
10,mlp,5188,2,2,2.0335392792046082e-05,2.2935256717448666e-06,0.9955800939092908,1.594195304939495e-11,0.004395945354161469,8.927041607103026e-07,4.3909798136819574e-07
10,mlp,2986,0,0,0.9995025478450911,2.2110571695102802e-08,1.8251868686247716e-05,1.3913396792332622e-09,0.0004761956912446447,2.7266898528498926e-06,2.544032140020935e-07
10,mlp,11979,3,3,1.197652865050259e-06,2.2718489577575228e-06,3.3765773619126665e-06,0.9765593064942099,0.0009163194195354464,0.000426762108302266,0.022090765898767562
10,mlp,5946,4,4,3.103311179099714e-08,3.4824765738472053e-08,1.0645032224230895e-05,4.656400934252407e-06,0.9996645404118857,7.834606317601112e-07,0.0003193088364464985
10,mlp,12472,3,3,1.8571914682318665e-06,4.524457262425838e-06,2.461270458910315e-05,0.9443877346399211,0.0006488453933538975,0.011804681900605464,0.043127743712799774
10,mlp,4267,2,2,0.0038567455062824825,9.316983509897921e-06,0.9957991483385639,4.036486966304377e-09,0.00013263725037778576,6.967566297213108e-05,0.00013247222180705798
10,mlp,400,5,5,1.2343362179720334e-05,1.3577073470099918e-05,7.749619120088653e-06,0.02637690363847169,3.053786261470017e-05,0.9724197670751775,0.001139121368966379
10,mlp,593,5,5,1.3910612062904053e-07,4.65351930593445e-06,4.5932204611978185e-06,0.0033606761272971302,4.3197567737187425e-06,0.9964343685699052,0.00019124970013637902
10,mlp,3826,1,1,1.555806813872189e-08,0.9999998499123951,1.345276493940377e-07,2.6874638924044628e-30,1.8874679757911323e-12,4.626176013673735e-17,9.016856478124909e-27
10,mlp,3047,0,0,0.9997692841621408,3.409859379275213e-06,0.0002181881459552843,1.2564538365537626e-10,1.7082020951274603e-06,7.345646847857709e-06,6.385793633387882e-08
10,mlp,11124,3,3,4.649275645369969e-07,9.94028482890355e-07,4.304675718314874e-07,0.9908059018667649,0.0005203234144704696,2.6514097427443358e-05,0.008645371197717926
10,mlp,9595,6,6,0.0015881975096935785,2.783830278940746e-06,0.0035433431106391194,0.000555842976944267,0.00562838405337042,0.0003415860736092913,0.9883398624454643
10,mlp,6926,4,4,2.2898970528143174e-08,5.5656024555912445e-09,4.746292000252349e-06,4.4879296979500876e-08,0.9999151968993638,2.917801896601756e-07,7.969168457618619e-05
10,mlp,8594,6,6,0.00018662676887532703,6.032820359198344e-07,0.00011025251683075234,0.002068351210149813,0.0013187050098501408,0.000392137142880922,0.9959233240693771
10,mlp,11516,3,3,2.620431602469357e-08,4.0459427316427483e-07,3.134461311326953e-07,0.9986904101608884,0.00028871801786970944,7.615805292020047e-05,0.0009439695236012718
10,mlp,11819,3,3,9.65262246638248e-08,7.755211343705159e-07,5.913569817124201e-07,0.995909047060576,0.0013157553947935824,6.928622018545879e-05,0.0027044479201042606
10,mlp,9546,6,6,0.009648096661137659,9.071976734627398e-06,0.0017262053637098788,0.0015181817528074012,0.001840855892124762,0.01835168378280259,0.9669059045706832
10,mlp,614,5,5,7.905009561238741e-06,6.384345673538077e-06,6.4628753857302554e-06,0.010845462940779602,1.8837047858957556e-05,0.9879763799830786,0.0011385677976624518
10,mlp,12597,3,5,3.9575987210427955e-07,1.716195515670468e-05,1.9798674476427057e-05,0.09314870438557783,5.633725343502035e-05,0.9044430013417536,0.0023146006297282548
10,mlp,5934,4,4,1.886590806375672e-09,1.4535679993099659e-09,9.501649287843838e-08,1.8020539180954907e-06,0.9999022184577909,9.746705687896872e-08,9.578366458245084e-05
10,mlp,10019,3,3,2.358130504258321e-10,7.207146217996527e-09,1.442314145858237e-09,0.9998446001107605,4.5675510928733145e-05,2.438411397862004e-07,0.00010947165189774254
10,mlp,11929,3,3,1.4537623489328385e-07,1.1133626719705943e-06,4.330716869021452e-06,0.9770249650601252,0.0005794958967409555,0.0006498471150370247,0.021740102472320985
10,mlp,10644,3,3,6.15729098404412e-10,5.817562125619363e-08,4.5025095813009727e-08,0.9997028203923819,3.8539372258070884e-05,7.654192552675845e-05,0.00018199449338710368
10,mlp,12921,3,3,7.008624859317892e-06,6.228073607538659e-06,4.894408238723713e-05,0.9027929554978341,0.001733270247676892,0.007649979852435438,0.08776161362119948
10,mlp,6625,4,4,1.0364512056872216e-06,1.0119146329426299e-07,1.9421361486954244e-05,4.867645738556088e-06,0.9975612693761096,1.1916676978020424e-05,0.0024013872970178192
10,mlp,1778,5,5,0.0005281263877327942,4.758015249761912e-05,0.00020257992028984304,0.0008305586449175119,8.338934335755094e-05,0.9921664899585685,0.006141275592636175
10,mlp,13073,3,3,5.6329880817478195e-06,5.214820320514181e-06,4.466335823666867e-05,0.8660014641681533,0.0026103109552550706,0.0022522222623899777,0.12908049144756278
10,mlp,966,5,5,7.070642751127232e-09,1.1697437017486437e-06,2.8768037572605454e-07,1.532163803609405e-05,8.151763467904111e-08,0.9999814425907652,1.689758843896241e-06
10,mlp,6362,4,4,9.389016501310551e-08,1.9270686143180835e-08,2.7495794891025625e-06,3.7509503028491413e-06,0.9990306161885437,1.863754522855987e-06,0.0009609063662903457
10,mlp,5899,4,4,6.597078816467329e-09,2.2806889826502978e-08,1.078076465906117e-06,5.537495893958202e-06,0.9997876069586077,6.926980225080046e-07,0.00020505536704137372
10,mlp,10108,3,3,4.0206070235743427e-11,9.423395877909228e-09,5.770073054333984e-10,0.9990712039092527,0.0008702078080365575,2.0171731061396404e-07,5.8376524790719505e-05
10,mlp,691,5,5,1.5949781391505965e-07,5.104009783561227e-06,2.876270849948161e-06,0.0016601050896017306,3.335007710413136e-06,0.9981626962606307,0.00016572386360960548
10,mlp,2048,0,6,0.013130448052313915,7.926724960779191e-06,0.0017350401902474755,0.0024736917943693295,0.0030965331716550936,0.0010077524119902126,0.9785486076544633
10,mlp,2091,0,0,0.9901154547187617,8.675992910696895e-06,0.00029486671707328846,1.9026359184813782e-05,0.00011642766790292564,0.008413298594460973,0.00103224994970569
10,mlp,9750,6,6,0.012357929466579915,3.310139542747468e-05,0.008503868489348284,0.0006527587712752493,0.0021015237692532333,0.017135486644751636,0.9592153314633642
10,mlp,4621,2,2,0.00225190892290914,2.15479549701661e-06,0.9967201759365755,3.6253420390658924e-10,0.0010033934193278513,1.8760499592653945e-05,3.606063563755746e-06
10,mlp,322,5,5,5.8271288820951035e-08,9.666698941186263e-06,6.896456905233754e-06,0.03625448009167803,2.033430272820531e-05,0.963347750065943,0.00036081411251549924
10,mlp,6824,4,4,2.539645076990945e-06,1.4961222185972278e-07,0.00013457402577213024,5.578222051063402e-07,0.9988782105737076,6.837060171017056e-06,0.0009771312608452527
10,mlp,2818,0,0,0.9999435059040348,2.4183138412935722e-06,2.490061280950242e-05,5.413566642003821e-10,1.072502788662112e-06,2.7992130183333523e-05,1.0999498590387549e-07
10,mlp,6321,4,4,2.8802881435732223e-05,4.2406081481230273e-07,0.0002273332952528263,2.251981492977833e-05,0.9739865096269303,4.006450901166091e-05,0.02569434581162487
10,mlp,13374,3,3,2.606442545919358e-05,1.3236406880522557e-05,0.00019918641337739784,0.7509117687538254,0.003236103375835504,0.025338498788234187,0.22027514183638797
10,mlp,1767,5,5,9.21418155851401e-06,9.725119880473452e-06,1.559805546697121e-05,3.470239148438838e-05,2.677642620863292e-06,0.9998435883957781,8.449421321074815e-05
10,mlp,12000,3,3,3.7984723203598835e-08,9.438233174471996e-07,2.6651077603305172e-06,0.9842431428753615,0.00013479263476371265,0.009219128504426964,0.006399289069646808
10,mlp,9749,6,6,0.00569144871983262,3.602215417246794e-06,0.002950970490116556,0.00021395759349902377,0.0015508746700404036,0.005997706428950178,0.983591439882144
10,mlp,8657,6,6,0.002941852300300024,3.755861604342987e-05,0.0014931408667234526,0.03872239953616388,0.0033047273743692916,0.0822996469457761,0.8712006743606238
10,mlp,13523,3,6,0.0002601615513578369,6.40797782027708e-05,0.0010822513159381994,0.4068655585926234,0.006525488686727799,0.14639340197164794,0.43880905810350207
10,mlp,9021,6,6,0.00034706396989704256,1.8531901579638893e-06,0.0004668232138609725,0.002741592763921707,0.00980436325533559,0.001667679970060086,0.9849706236367667
10,mlp,13293,3,3,8.82067928897503e-06,7.751468894179432e-06,0.00011093767122554072,0.8569172865432187,0.0025359329211840625,0.01825298703917099,0.12216628367701748
10,mlp,820,5,5,1.3794279345280789e-06,1.7550483351368653e-06,5.353210974780134e-07,0.00013047710055416357,6.573251253870549e-07,0.9998468654476973,1.8330329256133238e-05
10,mlp,9814,6,6,0.003471403706772324,1.770514503817343e-06,0.009422482545094141,0.00010527264651802537,0.012087639181723495,0.00034483526955102976,0.9745665961358371
10,mlp,1648,5,5,1.4006560067096047e-06,9.558180582874907e-06,9.33146673980167e-06,4.726132009196309e-05,1.7790076826590013e-06,0.9998601835312184,7.048583767773244e-05
10,mlp,6604,4,4,1.3219639266774282e-08,5.083106455205214e-09,5.234222990073437e-07,7.374842949696713e-07,0.9998683719403646,5.352954992671765e-07,0.0001298135547964181
10,mlp,5794,4,4,2.0476004151471483e-08,1.2701920740473742e-08,5.200788729176745e-07,5.115816659615933e-06,0.9999698425559872,6.539001100922941e-07,2.3834470445221837e-05
10,mlp,4757,2,2,0.005379599892702907,1.193450376747129e-05,0.994536333143129,1.9285338874716606e-10,5.33750176053012e-05,1.1260605496534526e-05,7.4966444454996754e-06
10,mlp,10868,3,3,7.154606301947073e-08,9.646466179016046e-07,3.0263133179530725e-07,0.9973014742985737,7.187168955537369e-05,0.000762383523903903,0.0018629316639545764
10,mlp,11626,3,3,1.8321540095353757e-08,3.828909292355489e-06,2.283418016798924e-06,0.983475462301201,0.0001001394131865125,0.015841807456834507,0.0005764601799288193
10,mlp,4213,2,2,0.0002038758306880898,2.528323341356911e-06,0.9904364422951585,6.892074339620026e-09,0.009130332032213164,3.0331027278476104e-05,0.00019648359924615021
10,mlp,8123,6,6,9.024603927688829e-05,5.061196748809588e-06,5.9470668343895186e-05,0.1597349497767131,0.02973148062409482,0.001431400686659257,0.8089473910081632
10,mlp,3724,1,1,2.0422098490554893e-07,0.9999997706539914,2.5124890959351157e-08,7.039520681168743e-29,1.2120137876985243e-13,1.1530776701134891e-14,1.077651462541342e-24
10,mlp,3827,1,1,1.640902721721263e-08,0.9999999686085074,1.4982440532035267e-08,1.6692454810269714e-31,2.472796779626148e-14,1.537150674290028e-16,1.693774314824637e-27
10,mlp,13542,3,6,0.00041134900710270453,1.0514569718758226e-05,0.0003180998036596266,0.11328311344472418,0.00824325527611756,0.004961870079253768,0.8727717978194234
10,mlp,461,5,5,1.4164906408986154e-09,2.65120730504824e-07,2.5611436894031365e-08,7.643809656132303e-06,1.9347358678475154e-08,0.999991761546145,2.8314818207147625e-07
10,mlp,2883,0,2,0.19787284329446145,0.0005966647542337731,0.801049335453615,1.1362200073491598e-08,0.00022284579580052942,0.00021589075371060418,4.240858597861438e-05
10,mlp,3374,1,2,0.00017141681830939973,0.05762021742860584,0.9422075033194691,1.1315253600435434e-19,8.619703101297188e-07,4.633032336437422e-10,2.342573786162023e-15
10,mlp,12933,3,3,1.7887933642194626e-05,9.393716566523198e-06,5.025753365333914e-05,0.848890160171495,0.002294389983655745,0.003228700655256537,0.14550921000573075
10,mlp,2289,0,0,0.8608570080691226,1.832124909407618e-05,0.12234601802176988,2.2336635692872447e-06,0.0020643473780732444,0.0021049618279165385,0.012607109790454419
10,mlp,48,5,5,9.523920703670545e-07,2.1376842267665695e-06,4.9731856558000436e-08,0.0010671435505981099,6.471078268322194e-07,0.9989244325947763,4.636938645205063e-06
10,mlp,9050,6,6,0.0011168328111055218,2.779560556001449e-06,0.0005250786100682093,0.001275724209369158,0.004134266692944461,0.00047738194409211826,0.9924679361718645
10,mlp,5751,4,4,4.4904170248826053e-07,3.369270597637837e-07,1.247834687968485e-05,0.000531000109172172,0.9908624006250916,1.580443475063287e-05,0.008577530515343547
10,mlp,10039,3,3,4.1840847675117567e-10,2.1783374004278493e-08,3.304909162556171e-09,0.9999280636564198,7.4248512349756055e-06,1.8709534833972897e-06,6.261503217012055e-05
10,mlp,3618,1,1,4.010528110916495e-07,0.9999939679684701,5.6309700200574695e-06,4.370086752661436e-26,8.571936575093794e-12,1.26894750246695e-13,1.2843827261900206e-22
10,mlp,4812,2,2,9.981091752900421e-05,2.075723639496654e-06,0.9996169029698325,5.019853332655132e-11,0.00027879111543501324,1.2657785193488509e-06,1.1534448460530688e-06
10,mlp,7509,6,3,2.3176295491406097e-05,7.762363609656991e-06,9.485770476095896e-05,0.5924033468753639,0.002487810685908351,0.0055893964713109884,0.3993936496035548
10,mlp,11846,3,3,3.8984696064912e-08,1.2848780799369853e-06,2.5545484551795616e-06,0.9931549770166654,0.00013612808794428224,0.0041587160133858166,0.0025463004707731605
10,mlp,1102,5,5,1.6482650289379535e-07,4.666548721207778e-06,4.887586359289457e-06,0.0007595488731894914,2.0995799964915807e-06,0.9991599779812902,6.865460394052676e-05
10,mlp,3210,0,0,0.9834368962443285,0.003237699623221652,0.01324851255205489,1.347591559740209e-10,9.854112311010883e-06,6.694676823947046e-05,9.056508538889425e-08
10,mlp,6052,4,4,1.3698627953078944e-06,2.4690349067914326e-07,0.00032398904084518266,6.905530950722357e-06,0.99702711273659,8.687351397849236e-06,0.0026316885739303035
10,mlp,7235,4,4,8.805075298876927e-07,5.790219331365909e-08,0.00024195547761228463,1.7378184867396557e-08,0.9996761821989447,1.1454424402306196e-06,7.97610930947329e-05
10,mlp,6582,4,4,8.818960742742614e-07,1.2959253389295072e-07,0.0013664698282502298,4.1369757902728977e-07,0.9964631251467018,6.0234018408696594e-06,0.002162956437020055
10,mlp,8180,6,6,0.00029965806645296803,1.0017440552824497e-05,0.0003463743617914362,0.13419357297121065,0.006442951454495007,0.003566761480795154,0.855140664224702
10,mlp,6677,4,4,7.129521927754706e-05,1.0003950609656394e-06,0.001917715191675973,5.162470192494252e-06,0.9817869147165608,7.05812552848885e-05,0.016147330751947422
10,mlp,10286,3,3,8.216834864351899e-11,2.2663797831025303e-08,1.4346597182914187e-08,0.9998681082352475,1.0308758866149753e-05,7.223680206948845e-05,4.9309111253388424e-05
10,mlp,9117,6,6,0.001045294066656851,7.126842937393457e-06,0.0007256600736204878,0.0039650893932113955,0.001164264105019389,0.035409551676438764,0.9576830138421156
10,mlp,11079,3,3,1.0899798713194324e-08,2.125593461827352e-07,1.3126277786685716e-07,0.9984635806606886,0.0003529735152997965,2.7163461133409903e-05,0.0011559276409555217
10,mlp,4451,2,2,0.0002733575788011952,3.542537188132963e-06,0.9431004094228865,3.6157815506050683e-09,0.056540063927839376,1.7780974389792565e-05,6.484194311328756e-05
10,mlp,851,5,5,4.1313869877194235e-06,2.964694466006204e-06,5.296872096294343e-07,0.0004778694167582381,3.842440972745863e-06,0.9993804320214938,0.00013023035211190615
10,mlp,8076,6,6,0.0019450408409451793,1.542846120043894e-05,0.00034724601029938396,0.0795492371013701,0.004320601917715174,0.006015099455408465,0.9078073462130611
10,mlp,154,5,5,2.9878125373210824e-08,2.3367714387136174e-06,2.2878249406862535e-07,0.00088026343124048,5.873487054877059e-07,0.9991082445579044,8.30923009166063e-06
10,mlp,12327,3,3,2.2880260586358585e-08,3.193378163441454e-07,1.830078185155195e-06,0.995206540132249,0.0002918699859547459,0.0021584824593114033,0.002340935126222664
10,mlp,2428,0,0,0.999984866552252,1.0155296498096958e-08,1.1075189532659582e-06,1.6466771468126426e-09,1.079728327438606e-06,1.2214157444210927e-05,7.20241049267396e-07
10,mlp,10274,3,3,1.1517236430468484e-07,5.10413934597223e-07,1.1959132041673298e-09,0.996817038476466,7.850284314030861e-06,0.002991656077670494,0.00018282837933742302
10,mlp,12456,3,3,5.332889715228961e-06,3.3483945321983985e-06,1.106622043295716e-05,0.8727416994802586,0.001949218261630461,0.0006003827157643474,0.1246889520376662
10,mlp,7626,6,3,1.8078444144123852e-05,6.842666155189355e-06,7.164305094833086e-05,0.7638334992077962,0.005149788216230055,0.0034246378965444,0.2274955105181818
10,mlp,6921,4,4,2.55468539316143e-09,1.3494816499815306e-10,1.4149492472595745e-07,3.966354911518753e-09,0.9999979393608517,9.91989361161045e-09,1.9025683416428968e-06
10,mlp,5192,2,2,0.0012653578093733068,2.469273835084916e-05,0.9986394309531818,1.1718039541870469e-11,6.338689590279934e-05,6.797871258717155e-06,3.337202147313528e-07
10,mlp,4168,2,2,0.0019550217971751175,5.836843073823834e-06,0.9914033323237144,2.3893150070345328e-08,0.005874628959823425,8.592593205977662e-05,0.0006752302510033552
10,mlp,2224,0,0,0.9983905568246945,8.954052600627349e-07,0.0010171676419481305,3.199665937999542e-07,0.00010646780022695834,0.0001926187552407791,0.0002919736060358469
10,mlp,1209,5,5,2.9129277988626945e-06,1.9891586208662358e-05,5.460174408039042e-05,0.011693393028937031,5.445938772418525e-05,0.9832664915579986,0.004908249767252297
10,mlp,13234,3,3,2.4726489122344834e-05,9.358949518039615e-06,0.0001702919458940564,0.5091904252216541,0.0023537580895989824,0.014000935394798375,0.47425050390941403
10,mlp,11177,3,3,1.0718408265191108e-07,7.08086821108779e-07,2.3250403732132632e-07,0.9959248118665195,0.001650862529885865,2.2106135307140937e-05,0.002401171693346424
10,mlp,22,5,5,1.1350639626716594e-05,4.700469072380746e-06,1.4796127510041814e-08,0.0030637431706188115,1.8305308753484702e-06,0.9969101654490565,8.194944622718821e-06
10,mlp,4789,2,2,0.17752749468248247,6.783315133860419e-05,0.8222357034964801,8.683097657263799e-10,7.535045722459335e-05,7.5937578342527e-05,1.7679765822007153e-05
10,mlp,8855,6,5,8.99384051638446e-05,3.865663485302937e-05,0.0013542050874077087,0.007224192616667197,0.0003188011284586598,0.9244729871495704,0.066501218977879
10,mlp,12148,3,3,7.73904682809925e-07,2.1089875082909207e-06,3.976074734775602e-06,0.9764061736991244,0.0005628939794000607,0.0008867261786275651,0.022137347175922074
10,mlp,5308,2,2,0.007430547790600193,0.00017023451503988513,0.9923640412064916,5.751490532719056e-12,2.446358017392717e-05,1.0487023517198051e-05,2.25878425712894e-07
10,mlp,11984,3,3,8.303431784707855e-08,9.427856443304554e-07,2.5586911407002466e-06,0.9944044223581316,0.0002545511217834366,0.0009980717627207955,0.004339370246261143
10,mlp,9159,6,6,0.0006515497201410523,1.5930221110934041e-06,0.00024528559836920795,0.0015773208191304483,0.0011454067131153006,0.0011882583195449463,0.9951905858075879
10,mlp,3192,0,0,0.9952547550792686,0.000932505869964812,0.00376635631779451,1.2218455604638e-10,5.690326641379554e-06,4.0640502781823984e-05,5.1781364230228143e-08
10,mlp,2511,0,0,0.9999337434748743,2.9104255635239763e-09,9.173963094839703e-07,8.546564493947366e-09,5.601673060482585e-05,8.044680460690684e-06,1.2662607605561563e-06
10,mlp,5248,2,2,0.0073146807636689576,9.984573484251769e-05,0.9923865753153951,2.2039495550186568e-11,0.00015525186225243674,4.195352926527893e-05,1.6927725361105192e-06
10,mlp,11121,3,3,4.4021012268636133e-08,7.833710980297311e-07,5.383975408337376e-07,0.9970455674802849,0.00013215338546099584,0.00021877380994530116,0.002602139534657667
10,mlp,6194,4,4,8.044165378123107e-08,6.338384156224239e-08,7.662265689743956e-06,6.695104360409578e-06,0.9996582401272206,2.6565971700494517e-06,0.00032460208006380564
10,mlp,9148,6,6,0.003721356408585847,2.021549189743676e-05,0.002549803080994097,0.00325494499781837,0.0018415025199693545,0.02620180046949917,0.9624103770312357
10,mlp,9540,6,6,0.0003889894161863096,3.0910926305717926e-06,0.0016933776527537263,0.0009869632512691908,0.003646606276706755,0.008768729619636808,0.9845122426908167
10,mlp,5697,4,4,2.05259487193488e-08,1.3605394467214957e-07,3.96704423117826e-07,0.001761877472698555,0.9957230942273049,1.1726575726874895e-05,0.0025027484399532144
10,mlp,1729,5,5,6.698488764359593e-07,5.020925005472886e-06,5.224415004624317e-06,1.0723061903933596e-05,6.631687850855161e-07,0.999959726068099,1.797251232530467e-05
10,mlp,712,5,5,0.00369160130663868,6.982183498883706e-05,4.298306278932403e-06,0.033195929682643184,0.00023980850453377898,0.9602881145529868,0.00251042581192969
10,mlp,10221,3,3,2.226001091638375e-09,3.8227977002625285e-08,8.410529987505929e-09,0.998975100175725,0.0007155446370955037,9.34408228647636e-07,0.0003083719144427009
10,mlp,9893,6,6,0.0004916239551005087,4.6516516150288036e-06,0.007776156186451256,0.00011357218359284292,0.0862200136414806,0.0007407454552921922,0.9046532369264676
10,mlp,12820,3,3,6.296934109625257e-07,1.5433297293316643e-06,3.4548362723885156e-06,0.9689907502347225,0.006323495973259895,0.0006867100155250628,0.02399341591707984
10,mlp,1236,5,5,5.449287448655908e-06,1.1541120085314429e-05,9.684824206717798e-06,0.0007418444634156093,6.427871122896003e-06,0.9989157447583259,0.000309307675394892
10,mlp,7995,6,4,0.0006094077166866594,8.225804274206484e-06,0.00032744419100278784,0.06979259835704991,0.47449748481281506,0.0012491381188705938,0.4535157009993006
10,mlp,12445,3,3,5.520040115811122e-07,1.4371677932859066e-06,2.8856751898185975e-06,0.9480015432859644,0.0026594619269754895,0.00020587537758918394,0.049128244562476275
10,mlp,988,5,5,1.7986866398671994e-05,9.543643162314326e-06,5.9967424610940066e-06,0.0026667647028279554,1.6773771850626396e-05,0.9963493170469083,0.0009336172263911615
10,mlp,4182,2,2,0.0016409948263455692,4.9885011658337486e-06,0.997357873865947,3.385288045279157e-09,0.0009410804030033336,1.7169327018803436e-05,3.788969123158773e-05
10,mlp,6566,4,4,1.3190494916100709e-06,1.0664776605719757e-07,0.00013626078072269746,1.5598211014617304e-06,0.995609399957494,7.973607447486549e-06,0.004243380135976674
10,mlp,11623,3,3,3.0224297841475635e-08,4.873127624469885e-07,3.148718897073671e-07,0.9979371322962832,0.0008883050735581057,6.19931488300894e-05,0.0011117370723785725
10,mlp,2672,0,0,0.999977439862765,1.854811015420864e-07,8.75327350917044e-06,5.390186845145264e-10,8.389107587180205e-07,1.2602419290930476e-05,1.7951355612734037e-07
10,mlp,4983,2,2,0.0004364050075231577,5.5508385211657565e-06,0.9995214900298529,1.8936427650728487e-11,3.4550562827315264e-05,1.3955048978058113e-06,6.080374411378685e-07
10,mlp,5100,2,2,0.002316477057128019,1.9797475163879953e-05,0.9976029800063654,2.047689915299793e-11,5.66754914071705e-05,3.4973482283066602e-06,5.726012303259488e-07
10,mlp,7702,6,3,1.8017332866169026e-05,7.972589988214161e-06,0.00014287829946191068,0.672202674774021,0.0034012377606572677,0.008835713789459406,0.31539150545354605
10,mlp,5592,4,4,1.3789122371788189e-06,1.489551655805095e-06,7.292623654486761e-06,0.05465207229877396,0.9173883092982178,0.00012631727948643918,0.027823140035974272
10,mlp,376,5,5,2.323674413801527e-06,1.8058050011674142e-05,8.779190236144664e-06,0.032644442236897976,2.891269400975501e-05,0.9663018101138147,0.0009956740406160277
10,mlp,10670,3,3,6.36892788568084e-09,2.2830101079861814e-07,1.1653599968273957e-07,0.9994248554117487,7.696747997191911e-05,2.7946997349657657e-05,0.0004698789049912834
10,mlp,2080,0,5,0.016494042277524126,0.0005475326539851384,0.029426604591487868,0.00045053961890987893,0.0009684665896737082,0.8632166291079835,0.08889618516043594
10,mlp,12466,3,3,6.917135704367081e-07,2.453561373191372e-06,7.239228421823907e-06,0.9807725694979988,0.0009122433364590214,0.0005802590501392833,0.017724543612037374
10,mlp,11957,3,3,1.8170594374866985e-08,6.385276787579163e-07,1.0696844432620763e-06,0.998385867780437,0.00022073680790928976,0.0006448821656537309,0.0007467868632835204
10,mlp,8190,6,6,0.0003122801405282068,2.4642209841479296e-06,6.343950572191015e-05,0.04248341622058203,0.0018023209171843593,0.003990846915819651,0.9513452320791796
10,mlp,4902,2,2,0.00011219278289345632,4.884339995159804e-06,0.9998346362578412,2.3640525895071146e-11,4.6615165449560505e-05,1.1224812593240589e-06,5.48948920585883e-07
10,mlp,13494,3,6,0.000231503032818403,1.3186947408909673e-05,0.0002920597750488737,0.26367810638871564,0.012173211391398443,0.005991506597906052,0.7176204258667036
10,mlp,10671,3,3,3.192255338106471e-08,3.1280608803711646e-07,8.413028956069554e-08,0.998916713683994,0.0001869956529375935,1.5464163980368658e-05,0.0008803976401571086
10,mlp,3531,1,1,2.869266583458787e-06,0.99999130302355,5.827692395723445e-06,4.605004831295219e-25,1.5477280703266803e-11,1.993454368704684e-12,3.412865529055675e-21
10,mlp,10354,3,3,6.9170808983765325e-09,4.807216744986164e-06,2.2107711767399808e-07,0.5997488660197456,7.825381299386498e-06,0.40012568069040316,0.00011259269760837593
10,mlp,9191,6,6,0.0003708592245133696,5.339797574874638e-06,0.0009627383389501183,0.003113654245560366,0.0017708177985065864,0.0163437859035264,0.9774328046913682
10,mlp,7631,6,6,8.980352879208826e-05,8.49899094685392e-06,7.761472369155123e-05,0.2682561356964162,0.00471402816518582,0.0007623483131457663,0.7260915705818217
10,mlp,11102,3,3,7.602855135422858e-08,1.2106286876415975e-06,6.148372090822337e-07,0.9962426389535738,0.00011945064882734117,0.00030279045124682294,0.0033332184519041627
10,mlp,8473,6,6,0.00033269361971885946,1.8685991115741304e-06,4.157805385384147e-05,0.019723604768463646,0.0036205852120893794,0.0002833234382529238,0.9759963463085098
10,mlp,1640,5,5,2.7491147145140525e-07,1.0237779822381607e-06,3.101674018276664e-07,8.778236512373102e-07,7.063058832181402e-08,0.9999969541920402,4.884968648790953e-07
10,mlp,1699,5,6,0.029380781612642168,6.995666506819196e-05,0.0017030828119756797,0.033962804728213516,0.0047621870896489395,0.12182966798960251,0.8082915191028489
10,mlp,11290,3,3,1.0783810568850932e-08,3.834895991314119e-07,4.4230019084977975e-07,0.9989209325017265,0.00014020962647202955,0.0001720885977034319,0.0007659327004973868
10,mlp,2012,5,5,9.049965446699205e-05,0.00013322942009499718,0.0006755077313311475,8.183193504185952e-07,2.604825150045e-06,0.99906683703915,3.0503010456231397e-05
10,mlp,996,5,5,6.8797894988735455e-06,3.769464476788521e-06,1.0540398856613997e-06,0.00029225192026579737,2.843050259151151e-06,0.9996090478694105,8.415386620323469e-05
10,mlp,9720,6,6,0.001659985275882581,1.21693140008619e-06,0.0032699702567902753,0.00010737329946741733,0.002389076600412121,0.0003475535112468903,0.9922248241248006
10,mlp,6695,4,4,1.085084242719499e-09,7.019835704922543e-10,8.813711961270194e-07,1.0835717632265053e-08,0.9999766362724906,2.8135460386635704e-08,2.2441598067731577e-05
10,mlp,6693,4,4,0.0009489413657709277,5.313592421584348e-07,0.0010757648439712762,4.733373976111819e-06,0.9963833793434937,6.748823855919253e-05,0.0015191614749863898
10,mlp,10661,3,3,8.256908736456698e-09,1.749431520701451e-07,3.049257177584995e-08,0.9989856505797139,0.0004896047643535368,3.4601886947220988e-06,0.0005210707746054271
10,mlp,7452,6,4,9.79174740489871e-07,2.9015101232136865e-07,3.7025263230753396e-05,0.06460248294653757,0.6830079160964886,4.2255235012885e-05,0.25230905113297747
10,mlp,5228,2,2,8.69511249917728e-05,4.673479849905871e-06,0.9998411449337861,2.7289524179529004e-12,6.686252820562336e-05,2.8235333871844887e-07,8.557709922143539e-08
10,mlp,12405,3,3,1.1901393737112828e-06,1.0560301032489882e-05,2.61795588280036e-05,0.9128462885169544,0.000311602853611634,0.07096257911015232,0.015841599520047333
10,mlp,529,5,5,4.17377071478471e-09,2.1783831257190922e-07,2.2821961561728198e-08,3.962125764375205e-06,1.4225613275459717e-08,0.9999956059586508,1.7285592685563448e-07
10,mlp,1943,5,5,7.897976633621887e-05,1.1277722420950029e-05,4.323085450077129e-05,4.834503051843326e-06,2.5824553012632157e-06,0.9998071221007078,5.197259768103269e-05
10,mlp,8378,6,6,0.0009109347296711902,4.819542789267739e-06,0.0002654764484733615,0.01584106065581,0.0036235079811986043,0.00215449982904931,0.9771997008130082
10,mlp,9444,6,6,0.004682910943389596,4.406918706104639e-06,0.0012359693490682556,0.0007898116028587743,0.0017746470674178624,0.0009408255641448522,0.9905714285544145
10,mlp,11585,3,3,7.810768440071789e-07,1.6989157378988535e-06,9.886279669487995e-07,0.9906271341110562,0.0007216653651674585,0.00012276789280345578,0.008524964010424177
10,mlp,6245,4,4,8.817039878431769e-08,8.988240335229615e-09,5.365065088845021e-06,3.2996565136443077e-07,0.9999775518285222,4.0048838595875217e-07,1.625549371251742e-05
10,mlp,3666,1,1,1.4928381490613613e-06,0.9998312070556689,0.00016729910957632432,2.6331525292477714e-26,9.965327910145954e-10,7.3149490730051e-14,2.8122942655521294e-21
10,mlp,809,5,5,1.9598975835315515e-05,5.506275779282198e-06,3.856464072684879e-06,0.002273287867484515,9.503283908199673e-06,0.9972279273687856,0.00046031976413448073
10,mlp,7753,6,6,4.4360472997236575e-05,8.659222646781121e-06,0.00011163334785876982,0.48950495325831794,0.006653764236944884,0.002318324235231913,0.5013583052260024
10,mlp,2256,0,0,0.9999584045399742,2.325487996793638e-08,1.2878652212136472e-07,8.233755603871228e-09,7.452279521641213e-07,4.034319148609239e-05,3.467654297078013e-07
10,mlp,8618,6,6,0.00017184016596557,7.775192444709631e-07,4.7384121088782494e-05,0.0056588539607422324,0.028910050277400044,0.00021347815937310585,0.9649976157961859
10,mlp,13484,3,6,0.0001508270500069247,1.0104039281434827e-05,0.00028209417426686953,0.2211772102409672,0.005485835378587484,0.007920720525911496,0.7649732085909785
10,mlp,2710,0,2,0.45748753279233967,0.00011276485162223803,0.5411026564028107,3.624368217411368e-08,0.0004297276250799064,0.00048730572392865584,0.00037997636053658173
10,mlp,4364,2,2,0.004555091332000047,1.0845518073280678e-05,0.7396162085195771,5.9460333961657596e-08,0.25478917567708936,0.00010467694995923039,0.0009239425429672871
10,mlp,4501,2,2,0.00010432448345143179,1.7623549569066574e-06,0.999219161368072,1.212625539286112e-10,0.0006675140002807385,1.9837338108084826e-06,5.253938165460313e-06
10,mlp,326,5,5,2.8418093383098685e-07,4.074468697237074e-06,2.1653546670192675e-06,0.006770845108707819,4.967695225224008e-06,0.9930470456638165,0.0001706175279522393
10,mlp,5807,4,4,1.1331008581644267e-07,2.740869620839661e-08,2.5472884385490956e-05,1.4361452830925288e-05,0.9808005171658853,3.3889106575546235e-06,0.019156118867458743
10,mlp,5057,2,2,0.00028587409879662955,5.486224067584002e-06,0.9981298823137644,3.3179867999386617e-11,0.0015759621418649234,1.3604562166691288e-06,1.4347321099371866e-06
10,mlp,8975,6,4,7.130633123535181e-05,8.60679012868614e-07,7.426368360525082e-05,0.002982475748008184,0.7138350225334689,0.00012753672829883309,0.2829085342963705
10,mlp,12724,3,3,1.4019093149368538e-06,2.1556012745312183e-06,8.83586278007151e-06,0.9450353479733705,0.002386056733374692,0.0009966374701292462,0.051569564449755974
10,mlp,7898,6,6,2.7075415282022377e-05,5.670016491804184e-06,0.00011116482781145135,0.36930642995262125,0.0019454799056052624,0.023646266642992096,0.6049579132391961
10,mlp,9269,6,6,0.00020929216137707352,8.579136831875411e-07,0.0006181371643665268,0.0010215240227147825,0.010742076241287575,0.0007148919462983179,0.9866932205502725
10,mlp,7481,6,3,6.509301246697515e-05,8.74429775792635e-06,4.544089626854993e-05,0.5709377286200324,0.0022177265253586088,0.0057894967371036445,0.42093576991101184
10,mlp,11749,3,3,3.630418122545091e-07,1.716256023255786e-06,1.8206663415354514e-06,0.9911340064070138,0.0006305192120373108,0.00021263155550954943,0.008018942861262127
10,mlp,13122,3,3,5.616038314277217e-06,5.329395343621591e-06,5.5478453265894354e-05,0.9084281264199326,0.0027729470654340445,0.005561036191736853,0.08317146643597265
10,mlp,12829,3,3,4.061630970498977e-07,1.6241800931905082e-06,2.465394832990149e-06,0.9851625224693809,0.004626909276999691,0.00047918265959005806,0.009726889856006
10,mlp,9132,6,6,0.004487851094603017,1.0482960370840697e-05,0.0010650543719190535,0.004199808342180748,0.002068866566351565,0.005974289819727225,0.9821936468448476
10,mlp,6400,4,4,1.8323361063038514e-06,1.7184303712245843e-07,0.00022820240569996716,1.1932173493882532e-06,0.999138328043393,4.8291485966332695e-06,0.0006254430058175456
10,mlp,352,5,5,1.1834584688276015e-08,2.228090305636249e-06,3.7178477856637084e-07,0.00032246626150137767,3.871937361759428e-07,0.9996675434314267,6.991403666710823e-06
10,mlp,4360,2,2,0.0037753891160651433,8.650743686156616e-06,0.9958081625318473,3.2842447198510882e-09,0.00021224849719134057,0.0001396673477273272,5.5878479237934685e-05
10,mlp,12604,3,3,1.2532890637782439e-06,3.0021478298455813e-06,1.3447279201253554e-05,0.9658305711820492,0.0009990188792354613,0.0014219222852836126,0.031730784937336616
10,mlp,7628,6,5,0.00011767382923613233,4.27060840487544e-05,0.00017618698983110155,0.09536105509859197,0.000484906801864885,0.8478069838642976,0.056010487332129585
10,mlp,4561,2,2,0.00011331590974614338,1.844162819740351e-06,0.9982331988935998,4.2814011001358914e-10,0.001633411711856259,4.95388915091437e-06,1.3275004687020109e-05
10,mlp,1315,5,5,3.2978876154617094e-05,3.7247735293775666e-05,0.00038110498194329133,0.1364138521233457,0.0005705972304247466,0.8107825416579891,0.05178167739484869
10,mlp,2537,0,0,0.9995477226298101,7.612542575085092e-06,1.8163361635423784e-06,3.5725798091948454e-09,7.001102988105644e-07,0.0004421027676484754,4.2040924352000755e-08
10,mlp,140,5,5,3.538851273932261e-09,7.981966179908421e-07,6.546647577450166e-08,0.00015134083867829112,1.1444859236250602e-07,0.9998459625579388,1.7149528453153612e-06
10,mlp,7054,4,4,0.00017073324842239933,6.988682918608715e-07,0.002450959912285844,7.466632586386469e-07,0.99677827926506,2.2506456982483495e-05,0.0005760755856987566
10,mlp,9636,6,6,0.009595539003509373,9.491540517136162e-06,0.004210168629219643,0.00034390183144099453,0.0015616427028102703,0.007863540497880702,0.9764157157946218
10,mlp,11377,3,3,3.426953361523948e-08,4.915809779674919e-07,3.7829278245119604e-07,0.9988565175129389,0.00024286371567827333,7.405967163281557e-05,0.0008256549564561219
10,mlp,10943,3,3,1.0907216991443086e-09,1.8707012725511087e-07,1.4804335275347327e-07,0.999419720242658,2.8114731312040302e-05,0.00039334691916092645,0.00015848190266726274
10,mlp,5072,2,2,0.007390028435210769,1.9896988369231436e-05,0.9924366771181753,7.10232387149064e-11,0.00014866444747015236,3.6619038960518856e-06,1.0710358552321727e-06
10,mlp,8026,6,6,7.337606913279423e-05,2.3973977416857e-06,6.531006378223246e-05,0.04828593448408683,0.006240621376310216,0.00026136692940994556,0.9450709936795363
10,mlp,8646,6,6,0.000995705788116841,1.345662786513403e-05,0.0008990058611030189,0.020061856770575287,0.0030604666190504047,0.011118448398116784,0.9638510599351724
10,mlp,7434,6,3,1.2626973271822741e-05,4.357740222054067e-06,2.3453827359726327e-05,0.6854906957358066,0.008002185489205458,0.0006012334610103771,0.305865446773124
10,mlp,869,5,5,5.3376069056050664e-06,1.0549899471107181e-06,2.2719272492339698e-07,6.936716049494347e-05,6.344995888124211e-07,0.9999113092560384,1.206929430027536e-05
10,mlp,7340,4,2,0.1438744849961243,7.06304235832225e-06,0.807828136617357,8.117108301605428e-08,0.047853962867075696,0.00011210142041591638,0.00032416988558596417
10,mlp,13150,3,3,2.443903612548531e-06,2.6571979969175883e-06,1.112633398663439e-05,0.9041769913186043,0.009743850862275411,0.001201470049420951,0.08486146033410336
10,mlp,9911,6,6,0.2675023746434164,2.5262644023760692e-05,0.13691442168229104,0.00023988422614882828,0.0441453902931079,0.006957838803754568,0.5442148277072574
10,mlp,9951,6,6,0.13185665386469805,0.00015019549364129033,0.19790472202350237,0.00014529011768824762,0.003208233092458249,0.1111328311421309,0.5556020742658808
10,mlp,955,5,5,1.342193400110386e-07,1.4446986687235878e-06,4.0059101599791407e-07,9.774409125550956e-05,5.1568804241306e-07,0.9998833175334895,1.6443178187858903e-05
10,mlp,5525,4,3,5.145082392600531e-07,4.587777891154748e-06,2.94358909919847e-06,0.6787242446968441,0.2929884222677696,0.00013624917634138772,0.02814303798381525
10,mlp,12632,3,3,6.866756943151184e-06,3.838063411369355e-06,1.3330568433928035e-05,0.9008793049692354,0.0012794412196091265,0.0024907127080107056,0.09532650571435639
10,mlp,4340,2,2,0.4662013787371031,1.862374151685643e-05,0.5319182184034452,2.4103821464234593e-08,0.0008270107069246172,0.00028622557408793635,0.000748518733100788
10,mlp,6073,4,4,2.84333846817886e-10,5.597583641627401e-10,5.133504316843676e-08,3.767021041320503e-07,0.9999646503736775,3.0440299965933635e-08,3.4890304782964085e-05
10,mlp,6416,4,4,2.499124210480643e-08,2.2021233835507778e-08,3.330884190118638e-06,1.062280501873559e-06,0.9996753237245778,1.0988753913485917e-06,0.00031913722286288813
10,mlp,1150,5,5,6.907343848303074e-08,3.5601471897728384e-06,2.8696769656017496e-06,0.0002894593098236707,1.0121643166363496e-06,0.9996718910307818,3.113859748397884e-05
10,mlp,10815,3,3,2.2798291071519075e-08,2.64268639069801e-07,8.462668651118393e-08,0.9946099158500938,0.003275040841803984,6.59819668771091e-06,0.0021080734177977333
10,mlp,10655,3,3,1.812787383555261e-08,2.040295676557085e-07,4.781725877179871e-08,0.9988744002811435,0.0003559293753001266,7.167528427087653e-06,0.00076223284042913
10,mlp,8289,6,6,0.001354572831228823,9.214303818501478e-06,0.00018883567999766312,0.06919106460855876,0.0033929688426074514,0.0049687089216024,0.9208946348121865
10,mlp,10909,3,3,2.721176143971658e-08,2.9269717932923716e-07,1.3376578377214066e-07,0.9983160001346953,0.0003238149409845885,2.5028862441613312e-05,0.0013347023871540435
10,mlp,11461,3,3,4.753393732511159e-08,7.571506327229718e-07,1.6583368624104903e-07,0.9954652393677718,0.002561147029174899,1.5355769125783273e-05,0.001957287315671216
10,mlp,5187,2,2,0.0001507678196233847,4.287355322063622e-06,0.9997702293369524,4.910784305458912e-12,7.427740813270975e-05,3.374836015076072e-07,1.005914572760962e-07
10,mlp,1013,5,5,2.8972855569720447e-09,3.837520895525531e-07,1.666811941867405e-07,1.0338291139837328e-05,4.1777379501254056e-08,0.9999879010163388,1.1655845724889693e-06
10,mlp,8798,6,6,0.0016356974481098652,2.5493085271704387e-06,0.00018486173336697254,0.005967727454655073,0.002408355790219826,0.00024737062087097514,0.9895534376442501
10,mlp,7125,4,4,6.154332139672423e-07,2.6428132121958404e-08,0.00011408507207939285,2.9426032280033184e-08,0.9996299223077211,1.226719996519631e-06,0.0002540946128246388
10,mlp,7505,6,3,7.012882897047991e-05,9.151834478238104e-06,3.858065677654959e-05,0.5932935139617653,0.007935392964521292,0.0008469993030884092,0.3978062324503998
10,mlp,4906,2,2,0.008629681785649023,8.123415995995213e-06,0.9911499173271893,2.0183240170406876e-10,0.00020653455236208817,4.969168368535159e-06,7.735486026709799e-07
10,mlp,1067,5,5,2.7827242932612554e-05,4.729136335470075e-05,0.00011748045850831978,0.15716012568225146,0.0004079107121502492,0.8025952320121901,0.03964413252861261
10,mlp,9245,6,6,0.0021516110899981334,3.454252615167128e-06,0.000654835614948182,0.0006773455561082548,0.0027428512261328895,0.001457619324921723,0.9923122829352755
10,mlp,7457,6,3,0.014986353515295986,6.579079173381259e-05,2.629960758954698e-05,0.7982820538620907,0.004433141812857535,0.07023397900259878,0.11197238140783346
10,mlp,2464,0,0,0.9630735194060162,6.8937983681118295e-06,0.036535724782673626,5.104055871625423e-08,0.00010267844036042401,0.00012090740137874896,0.00016022513064452396
10,mlp,2978,0,0,0.9998729620119823,5.240470850888292e-05,8.045883133809898e-06,1.579718621106924e-10,4.972291424560393e-07,6.608437675302326e-05,5.632507498625268e-09
10,mlp,13396,3,6,0.004848076096209419,3.075368306456428e-05,0.00015002666347202785,0.3154143274394184,0.005820756228776545,0.02018227826433692,0.6535537816247221
10,mlp,12758,3,3,7.32089293504142e-06,6.62412395250612e-06,1.0303433079465586e-05,0.8600594261930022,0.012301070575565976,0.00025936584567951297,0.12735588893578517
10,mlp,7659,6,6,1.4350115519698272e-05,2.653815317136968e-06,5.719213637214821e-05,0.384175770406839,0.0018469784453672407,0.012220026400822297,0.6016830286797625
10,mlp,9199,6,6,0.003404415699597999,6.396976498626018e-05,0.005864992873864811,0.007426400777087298,0.0023812037483215693,0.132280836991611,0.8485781801445311
10,mlp,5656,4,4,3.516608457177786e-10,1.5955128862184244e-09,4.00722926738843e-08,1.019690009251799e-05,0.999904089251269,8.440875549094039e-08,8.558742041673144e-05
10,mlp,8471,6,6,0.00041408133533488937,3.102449174723555e-05,0.0018954346928416511,0.06097938713778271,0.004278680607650617,0.12895130321797785,0.8034500885166651
10,mlp,7518,6,6,0.00027398954822500075,7.047609235789699e-06,4.8596163099991765e-05,0.42574634151851876,0.021080532629717944,0.0008984752458573334,0.5519450172853452
10,mlp,9204,6,6,0.018687457790018663,8.521201917886362e-06,0.0011765923299790761,0.0015634651742897944,0.0023400951106462508,0.0034439347126303897,0.9727799336805178
10,mlp,375,5,5,3.438116305758427e-06,9.616163459558567e-06,2.219192789450433e-05,0.19779744149772846,0.00012321087532600093,0.7923834368264666,0.009660664592819078
10,mlp,414,5,5,3.2925208201664984e-08,3.270584530776827e-06,1.0695079582824723e-06,0.001102776719620357,1.2135817153761383e-06,0.9988596944905908,3.194219037626589e-05
10,mlp,9342,6,6,0.00570871977340627,6.228264657058533e-06,0.0013730297978893679,0.001220115399857551,0.001562445956637281,0.004538365185510321,0.9855910956220422
10,mlp,9197,6,6,0.0013683515598380592,5.1282031848890805e-06,0.0012059732086314035,0.0012028580586605404,0.002897390554364053,0.010209627554850366,0.9831106708604707
10,mlp,1269,5,5,1.8388568459849961e-06,1.4312325309251806e-05,2.9643256952798405e-05,0.003370919451426632,1.5414701865895022e-05,0.9957726473960469,0.0007952240115525738
10,mlp,2983,0,0,0.9999870338347644,1.4430816611439428e-08,7.012288401310027e-06,9.073933939022902e-11,5.238655051783993e-06,6.202946547787295e-07,8.040557192060678e-08
10,mlp,8392,6,6,0.00023597671455474105,3.092777499738067e-06,9.094739764022872e-05,0.042153804284763154,0.0018657965403162835,0.00387244319259952,0.9517779390926264
10,mlp,2468,0,0,0.9966789244773787,9.42487363572522e-05,0.0018655196220814865,2.7874252087308027e-08,1.1996497746648197e-05,0.0013422206038589022,7.062188324722411e-06
10,mlp,9089,6,6,0.0007322461722528089,5.018195625506014e-07,0.0002854563925354375,0.0008860166023370062,0.006770668602142651,0.00010086750289031108,0.9912242429082792
10,mlp,9162,6,6,0.0006347820773151626,4.7521837944570415e-06,0.0005118602959064334,0.004012722434173902,0.0013201243863706798,0.005912182867761246,0.987603575754678
10,mlp,3157,0,0,0.999994059220245,1.0826998461279618e-06,8.246775955490053e-07,1.5814358554131794e-12,2.5348370258636883e-08,4.007583094424154e-06,4.692673402361119e-10
10,mlp,4205,2,2,0.0022889134195416116,1.9375095922386214e-05,0.8631474436088638,1.1716508505291167e-07,0.13054302308246074,0.000435289195989731,0.00356583843213647
10,mlp,1386,5,5,7.882554669426354e-06,8.333560371081212e-06,2.0706743898404015e-05,0.0020084861664338063,1.6448403608672656e-05,0.9965108013631364,0.0014273412078823146
10,mlp,9509,6,6,0.002765328467360853,2.907959015604744e-06,0.0016900198202481325,0.0004493147234748603,0.0038492895490591463,0.0019368818347337505,0.9893062576461077
10,mlp,9309,6,6,0.0008926931640892603,7.475165648874264e-06,0.001536378557576399,0.0024194766385844542,0.0013821397819478525,0.07592574662405509,0.9178360900680981
10,mlp,1963,5,5,0.00015971841078113265,5.617878083075148e-05,0.00034226780284659134,8.021078733216314e-06,7.042362631358655e-06,0.9992203884803526,0.00020638308382457448
10,mlp,10859,3,3,1.2249868114852003e-08,3.58439841341155e-07,1.741731184184271e-07,0.9990287518505134,6.102019946681961e-05,0.00015193184613960536,0.0007577512410521645
10,mlp,3236,0,0,0.9999738626544153,5.602852249820656e-06,1.863294742903954e-05,1.7245176361383568e-12,1.206793288913827e-07,1.7795568013824061e-06,1.3080510973852664e-09
10,mlp,9469,6,6,0.0015471586564561178,3.011906184598115e-06,0.0008207951356842225,0.0007674732509142663,0.00463472784068015,0.009149773475942476,0.9830770597341383
10,mlp,4686,2,2,0.061068783339169784,0.00013315799328643548,0.9386034148638152,8.515398910336978e-10,4.528789040813301e-05,0.00013690023975086783,1.2454822029750269e-05
10,mlp,11672,3,3,4.578428412058712e-08,7.2048691882719e-07,1.0444230393124107e-06,0.9968092440956269,0.00018758801331122192,0.00047599148248449,0.0025253657143351213
10,mlp,9226,6,6,0.0004590068768974548,2.9632392218216424e-06,0.00028477943272471243,0.0020574736896832205,0.08210711090481589,0.0009307674034018814,0.9141578984532551
10,mlp,11211,3,3,5.619907933702757e-07,1.2183072489417908e-06,3.9965285679267217e-07,0.9957581223669797,0.00048256072226037405,6.031543653839425e-05,0.003696821523322097
10,mlp,626,5,5,9.245826044830636e-08,6.045118853346032e-06,1.0009164725953117e-05,0.030454100200726187,2.033433010125377e-05,0.9691921971452439,0.0003172215820891045
10,mlp,453,5,5,5.970568322921145e-08,1.4155202226415065e-06,3.3201945124132397e-07,0.0003902850067311371,5.301051489707568e-07,0.9995946462631681,1.2731379594816785e-05
10,mlp,9255,6,6,0.012011522536937559,7.979921703714275e-06,0.0008703377857041645,0.0036198537494122403,0.0030491674398543207,0.0015066602408245133,0.9789344783255634
10,mlp,7063,4,4,8.347205193540425e-05,2.0391989621086347e-06,0.010139705363622442,1.2548104547912834e-06,0.9860477240978562,8.646482745506195e-05,0.0036393396497140375
10,mlp,2020,5,5,0.08653346956074913,0.0015610175882764133,0.19369575976377246,7.513977496841972e-05,0.0010712402255250394,0.6704100141940964,0.04665335889261212
10,mlp,8568,6,6,0.0002719433510073181,4.153904352376389e-06,0.00014208648710184354,0.0372588996157031,0.006334047091135366,0.0013560999120702264,0.9546327696386298
10,mlp,4880,2,2,0.000792785349873823,7.959408231725753e-06,0.9991618954080939,5.0402267441386527e-11,3.486682568887127e-05,1.6992690664083535e-06,7.936886432491847e-07
10,mlp,4707,2,2,0.0024846655399003775,1.0995616651243532e-05,0.9968144523337122,3.6789986942801813e-10,0.0006765149379515055,8.780880079432445e-06,4.590323805260525e-06
10,mlp,10857,3,3,5.3485679488139615e-08,3.11441212297122e-07,1.3708704353519534e-07,0.9960855938341121,0.0018429564403173186,7.221495500021685e-06,0.00206372621613534
10,mlp,13519,3,6,0.00013007128717852328,1.1870414695991742e-06,4.168017518226946e-05,0.034868931270915324,0.035853779796300146,0.0002070167249969673,0.9288973337039572
10,mlp,9223,6,6,0.002544317180679416,3.048409760951055e-06,0.0009103320334292482,0.0013904240228421354,0.010372934547048296,0.0017487459912602882,0.9830301978149797
10,mlp,12676,3,3,1.307051680527719e-05,7.22382377596224e-06,3.8136429114676696e-05,0.8145794552502539,0.0014487654946873634,0.0044351053893377365,0.17947824309602514
10,mlp,7955,6,6,0.00015507293805594653,7.273135706488226e-06,0.00012200821328646045,0.17178583563429356,0.007250826219301547,0.0012633583191171897,0.8194156255402388
10,mlp,5402,2,2,0.00066097596212286,2.462503767773963e-05,0.9992949296012085,3.762272066527471e-13,1.9285637457733835e-05,1.809190572374106e-07,2.842099624390017e-09
10,mlp,6993,4,4,0.0001184371483223252,2.3164773688761817e-06,0.029920890503490817,4.5738170788615664e-07,0.9541160853533321,5.508507505849405e-05,0.015786728060719468
10,mlp,9006,6,6,0.00032235924021840786,1.2412580290201788e-06,0.00030963897550922206,0.0011620591338703358,0.0018605863854922267,0.00021589416552073406,0.9961282208413601
10,mlp,1627,5,5,0.0002895418882062524,3.3891889132631675e-05,0.00020563629673665492,0.0025742835643514737,9.946046156553579e-05,0.9876500282601899,0.009147157639817539
10,mlp,9583,6,6,0.0008563493019302144,2.5223091263574736e-06,0.0006537903044676019,0.0010979052667635695,0.0017652831633387554,0.001378696567977232,0.9942454530863962
10,mlp,1651,5,5,0.0009375857915170065,7.861032780099327e-05,0.002089012365044876,0.022191564972097243,0.0015783426321727388,0.5661908098115448,0.40693407409982235
10,mlp,6486,4,4,1.2286461459436936e-07,6.391904651219079e-09,2.18368025433876e-06,7.533411586516209e-07,0.9997496979924043,5.322154017675827e-07,0.0002467035142617501
10,mlp,5922,4,4,3.779806856023629e-09,6.6160608052221085e-09,3.0967587368808045e-07,6.58784908487262e-06,0.9996984348319369,3.5967100483141073e-07,0.000294297576232231
10,mlp,9556,6,6,0.0017266870821281294,6.207874056016697e-06,0.0015620107459377594,0.0009695013034756048,0.0036103649278883456,0.007262652098213768,0.9848625759683004
10,mlp,511,5,5,2.9815572236183924e-08,2.7216696930910673e-06,5.881189809755378e-07,0.00026226659494266755,4.6682235074937656e-07,0.9997236956209594,1.0231357500800807e-05
10,mlp,4651,2,2,0.0008084114580729743,6.2005942311728535e-06,0.9635060160204041,2.2136725903820582e-09,0.035614128438001436,1.692971698523218e-05,4.83115586324921e-05
10,mlp,1558,5,5,1.7771526106904663e-08,5.705010227588674e-07,1.8593908320939037e-07,8.27333247627926e-07,2.614595940739343e-08,0.9999980678369498,3.0447221122273033e-07
10,mlp,4368,2,2,0.0008308298699519325,4.119802536480889e-06,0.9988252950474713,1.5655121458366618e-09,0.0002650099679349237,2.4094256069827706e-05,5.0649490523317144e-05
10,mlp,7218,4,2,0.1513556413576438,1.2756264726730062e-05,0.42279000289759666,3.529025840321685e-06,0.41621662261167436,0.0007675849465979626,0.008853862895920257
10,mlp,8977,6,4,3.607212584656928e-05,2.4614445726204213e-06,0.0005672268658559126,0.0009126856655298155,0.7590684494618946,0.0001536998310809468,0.23925940460521955
10,mlp,7284,4,4,4.851379377721202e-07,3.2118086274170885e-08,0.0005090149347387971,2.3541920729254426e-09,0.9994570003745719,5.221879895394402e-07,3.294289248371091e-05
10,mlp,13474,3,3,7.705318966342569e-06,4.0551408412466515e-06,9.71915859223267e-05,0.5461231993356751,0.005515170420286253,0.025629675555687847,0.4226230026426209
10,mlp,13316,3,6,0.0008984158549411227,1.845475167729153e-05,0.00023586530884863726,0.21940068178490876,0.004071530121101159,0.014558765272347873,0.7608162869061752
10,mlp,4374,2,2,0.0023752831240826285,3.1052725906907554e-06,0.9937602837535487,6.194730016679851e-09,0.003667730243161093,3.273987712810443e-05,0.00016085153475873634
10,mlp,6599,4,4,0.12581392016401896,1.1870144239798706e-05,0.053530339706833484,7.996266660312297e-05,0.7765013334670553,0.006010663242863388,0.03805191060838597
10,mlp,6745,4,4,6.657530449233128e-05,1.4639539072534856e-07,0.010144680496330325,5.53604151225544e-07,0.9890650007390847,2.686965493905366e-05,0.0006961738056116641
10,mlp,9437,6,6,0.004258910376191115,3.185090992243088e-06,0.0015337945895319066,0.0003945850973120625,0.0018556269438693188,0.0017163717611780225,0.9902375261409254
10,mlp,3382,1,1,4.1699120098790256e-05,0.9999579993031067,3.010467405600468e-07,1.6498967714090754e-22,5.337397098753848e-12,5.247165107595109e-10,4.75517571048954e-19
10,mlp,11806,3,3,1.1804246418743628e-07,1.0973192898492166e-06,1.4038595188693515e-06,0.9945930951012657,0.00031430284909273354,0.0003542000367696591,0.004735782791598995
10,mlp,13440,3,6,0.0001187055083327439,1.1839939599410378e-05,0.00025654586581323497,0.3938297361926334,0.006627665625781863,0.008578010499396506,0.5905774963684428
10,mlp,12581,3,3,3.1427121704680157e-05,8.306593946187256e-06,2.102276520188503e-05,0.814802828657812,0.0031576224552181454,0.0009276551356767885,0.1810511372704403
10,mlp,3676,1,1,6.787930639999551e-07,0.9999864511593768,1.2869784196221128e-05,5.143174071903381e-26,2.633437963883338e-10,1.8994916427753002e-14,1.4567018311144677e-22
10,mlp,9755,6,6,0.0025232195581723306,9.08237480444461e-06,0.0038120909627349163,0.0011246495264965834,0.00436714586741021,0.0617098309952057,0.9264539807151759
10,mlp,9457,6,6,0.002623429110278038,2.4259956207000705e-06,0.0013579372183896664,0.00023544421481884735,0.0024370309563339575,0.0009555179047332087,0.9923882145998256
10,mlp,10114,3,3,6.613150384171408e-06,6.611861625095011e-07,3.727245489168787e-10,0.8537922220931087,8.337407033389104e-06,0.14608275760976294,0.00010940818082358471
10,mlp,12915,3,3,1.573862759094848e-05,5.35277608934899e-06,1.682345297366851e-05,0.6571049339474418,0.014275019954110794,0.0006501490175000227,0.3279319822242933
10,mlp,12955,3,3,7.400476327744386e-06,7.315923622859056e-06,5.097910634657663e-05,0.8906934152947799,0.0018100820429323206,0.006377985527510671,0.10105282162848005
10,mlp,8706,6,6,0.0003737509804545305,9.255926791843747e-07,0.00015588374621025716,0.0018647333892771367,0.0022470651891928315,0.00026816971743003526,0.9950894713847561
10,mlp,12746,3,3,6.03559710829435e-06,4.5075722298588785e-06,2.2648036245068264e-05,0.7576091209272486,0.003364891566808739,0.0005637829148298572,0.23842901338552958
10,mlp,6988,4,4,0.007967972473512948,5.213827408315493e-07,0.0020963453189947238,5.089013252403839e-06,0.9874325557395378,0.00010352833724639681,0.0023939877347148794
10,mlp,13301,3,3,1.9519067268379734e-05,1.188635062988837e-05,0.00012618325798852207,0.7819564752593767,0.0032219219111343806,0.010694386700275529,0.20396962745332653
10,mlp,8021,6,6,0.0007816296418011672,5.6442543685538325e-06,0.00017539565623639312,0.04563778166833201,0.0037682721536537902,0.0016458388678546015,0.9479854377577536
10,mlp,176,5,5,5.036754039691969e-07,4.6156439238658e-06,7.422759434657058e-07,0.013778387128899283,6.608700360711191e-06,0.986068662747871,0.00014047982759773003
10,mlp,8122,6,6,0.0011790443140634456,8.21009355031467e-06,9.242690580442986e-05,0.06651310501875957,0.0035506341564818193,0.0005911677207096182,0.9280654117906308
10,mlp,6116,4,4,7.240275810872273e-08,4.106198066277897e-08,3.3271562897178776e-06,2.954396834330247e-06,0.9999048337020268,1.4003872322432713e-06,8.737089287807235e-05
10,mlp,3869,1,1,8.99175507847938e-12,0.9999999999872409,3.767331828896892e-12,3.282737246284969e-39,1.0278858026987787e-17,9.154182430922935e-22,1.7570374637943015e-34
10,mlp,7207,4,4,9.25874090518834e-06,4.81783560277161e-07,0.022481912102386783,7.397305447538059e-08,0.9771374122928517,8.370925795991367e-06,0.0003624901814457583
10,mlp,13460,3,5,0.00514914402146961,0.00015949124212504207,0.000354194316514688,0.0779681228725823,0.0013443037252874163,0.8085845921896391,0.1064401516323819
10,mlp,9651,6,6,0.012595437119883233,8.214692295753469e-06,0.0008053983363670395,0.002866483531273922,0.006095987492456305,0.0017502629074546228,0.975878215920269
10,mlp,7327,4,4,0.0016229198599556438,3.1816753276560223e-06,0.08735218115342218,1.1937561096729126e-07,0.9105721590627446,4.006946215428267e-05,0.0004093694107846977
10,mlp,7833,6,6,7.897521070892193e-05,4.526104105086076e-06,7.288737435323131e-05,0.13629403853447697,0.004748826259544628,0.000629018775889966,0.8581717277409211
10,mlp,5114,2,2,0.000250541110368544,1.1001040855707803e-05,0.999720424264239,2.394314641476666e-12,1.7585519979438947e-05,3.824034527545238e-07,6.565871029390544e-08
10,mlp,7815,6,6,4.200649081814202e-05,1.6417646062548155e-06,3.989158956172672e-05,0.060593794927149384,0.015832696972400705,0.00016586449341787266,0.9233241037620459
10,mlp,2774,0,0,0.9846359677582002,1.5739844233024332e-05,0.015177618569657785,4.046019067997618e-09,3.3153767880251944e-05,0.00012129467933815113,1.6221334671489143e-05
10,mlp,183,5,5,5.34298044477631e-09,2.3494121112822584e-07,1.0260569527482654e-08,9.287117851582954e-06,1.5596670275287e-08,0.9999903101692973,1.3657141982024375e-07
10,mlp,12201,3,3,2.271943278265e-06,1.9583664460395427e-06,3.5038260956792066e-06,0.9463555340218531,0.002113346775166528,0.00020962967031499147,0.05131375539684539
10,mlp,4581,2,2,0.012736302808165083,7.5258408947757826e-06,0.983702441190902,3.567805566351939e-09,0.0034668732473283285,2.7532083474634858e-05,5.932126142947288e-05
10,mlp,8121,6,6,5.861360346321816e-05,1.2367211512280628e-05,0.00044382639791089903,0.22076909679785497,0.006950530745981606,0.019113354555594927,0.7526522106876822
10,mlp,2370,0,0,0.9996967322672311,5.722168450397673e-07,0.00022881126658601578,6.514724042894126e-08,2.1649143152911795e-05,3.907133396804147e-05,1.3098624976295363e-05
10,mlp,5145,2,2,0.00033276838897650936,3.1812034388825127e-06,0.9994875251955175,1.0313170764776394e-11,0.0001758740837701618,4.021301323550707e-07,2.489878515597477e-07
10,mlp,12957,3,3,4.163029929816456e-06,7.556634417278515e-06,1.3307021360814477e-05,0.7023461099864321,0.1539982489465254,0.00031555772376896116,0.1433150566575657
10,mlp,9076,6,6,0.003086895468020237,1.3333201138650235e-06,0.0006904953283746511,0.0011005452119612253,0.006101048755840173,0.00023541928681280344,0.988784262628877
10,mlp,4243,2,2,0.006063472171993275,7.485584273346635e-06,0.9928448518398809,1.186929486433978e-08,0.0007637575503146714,5.950381832868349e-05,0.00026091716591407344
10,mlp,5396,2,2,1.2802668093203305e-05,2.222229851259741e-06,0.999942097782022,8.993937130119982e-14,4.2832941183712413e-05,3.9029966112107195e-08,5.348793735908682e-09
10,mlp,4400,2,2,0.0010821230205760833,2.588980860619995e-06,0.9825291906977535,5.655266882605795e-09,0.016268611951063862,1.8180463268165246e-05,9.929923121083151e-05
10,mlp,12880,3,5,2.6297019960298106e-07,1.2593042765854725e-05,1.953612421735464e-05,0.05062641280314245,4.411747821835242e-05,0.9482799417474899,0.0010171358339666526
10,mlp,8822,6,6,0.058328287167208025,4.6794485719567804e-05,0.0010478349642252147,0.032913812110729294,0.004371445250229727,0.1842316390724285,0.7190601869494596
10,mlp,2654,0,0,0.9999923001736503,1.395626140791271e-08,1.0084676682848934e-06,2.499147141902735e-10,4.801082324830737e-07,6.0770068666208994e-06,1.200374060398911e-07
10,mlp,5135,2,2,6.81433634459133e-05,5.337565483828396e-06,0.9998626516004157,4.935992840647163e-12,6.342024415460188e-05,3.293223742473095e-07,1.1789918975091083e-07
10,mlp,2406,0,0,0.999943652583949,2.09016533414285e-09,5.211280230618753e-07,1.6951042037303706e-08,4.01721100238896e-05,1.3522014144297116e-05,2.113122652310541e-06
10,mlp,7453,6,3,4.069203874971039e-05,7.940544968197981e-06,4.4316569677646304e-05,0.659679749487851,0.00383459245859459,0.0018303451796666925,0.33456236372049225
10,mlp,5933,4,4,1.627708686260763e-07,5.72554664107635e-08,1.200135243428645e-05,9.329795476861856e-06,0.9980644478968004,2.506774902773992e-06,0.0019114941540508859
10,mlp,10798,3,3,2.2414405308872756e-08,4.817638006426937e-07,2.353184000166344e-07,0.9985009744826009,0.00011893059966391449,4.847375408865141e-05,0.0013308816670403228
10,mlp,716,5,5,7.746668984973783e-07,1.5455655006116176e-05,1.963410422035483e-05,0.013346895207054973,2.3178772845925996e-05,0.9856969744832548,0.0008970871107192827
10,mlp,12137,3,3,6.656191531658664e-07,2.013610852163292e-06,3.744450015571808e-06,0.9773594754639768,0.0007820316777815285,0.0004790758536882196,0.021372993324532435
10,mlp,889,5,5,4.907492293973885e-09,1.9659359429235202e-07,1.5668580907350214e-08,6.599330903336664e-07,6.935675293749354e-09,0.9999990623390275,5.3622539513870714e-08
10,mlp,12419,3,3,4.625861149866102e-07,1.6842994851798565e-06,4.9058955039731055e-06,0.9877093448980185,0.0009112428969101125,0.0008007307638690446,0.010571628660098302
10,mlp,9756,6,6,0.027649785790970476,5.2606235625606914e-05,0.013736323497699003,0.000801176108697582,0.0027490055291689414,0.05188843504825863,0.9031226677895798
10,mlp,2178,0,0,0.9993890812344539,5.224065812246879e-07,2.6183293916926445e-05,2.92788655598599e-07,1.1353546358948434e-05,0.0005259733155176395,4.659341451585462e-05
10,mlp,9819,6,6,0.0014139683889316497,3.076969574638367e-06,0.008765364376414867,8.10993069933972e-05,0.005392402011339844,0.000567601114534508,0.9837764878322112
10,mlp,1763,5,5,0.0007121205302117801,2.0293700597274934e-05,1.733276339303404e-05,9.719918328044912e-05,1.9990191543367193e-05,0.9987974654081566,0.00033559822281751254
10,mlp,6783,4,4,1.1096189046254196e-06,1.1099858887921426e-07,0.0003677337675474886,1.4819902082348226e-07,0.99943101219024,2.3944682445451776e-06,0.00019749075745357524
10,mlp,3184,0,0,0.9910906221343998,1.352466157311007e-06,0.008213668720243443,2.769469320925993e-10,0.0006911823901848005,2.2110423698193442e-06,9.629696980178319e-07
10,mlp,9467,6,6,0.005131525537393804,1.987655872664712e-06,0.0018912410111447835,0.000272321595287313,0.0029807339949581174,0.000560745298672433,0.9891614449066709
10,mlp,8610,6,6,0.0003981187683252801,1.1154627242064292e-05,0.0006476113690778726,0.03673181539023219,0.0028101702523539653,0.019518446982895534,0.9398826826098731
10,mlp,4348,2,2,0.0014242933470550246,3.3679429209390472e-06,0.9189474814409283,1.7044201562341244e-08,0.07933794701384007,3.1619777398023705e-05,0.00025527343365580667
10,mlp,11421,3,3,9.200070765316705e-09,4.1643814388775366e-07,6.023441395219194e-07,0.9985413217013841,9.60353777856237e-05,0.0005315872834205656,0.0008300276550557408
10,mlp,133,5,5,1.4946721429036808e-08,5.326251575433237e-07,3.993376761847106e-08,0.00025696819007097897,1.6218827333041186e-07,0.9997397030100033,2.5791060057669033e-06
10,mlp,11702,3,3,1.0841970542860725e-06,2.221359282377514e-06,2.1462055031320216e-06,0.971968996592404,0.0008621737648610181,0.00010451706883594835,0.027058860812059344
10,mlp,446,5,5,5.130238807885041e-09,1.6170999361572611e-06,5.256900345893171e-07,0.0004396368651406742,4.1594775110746763e-07,0.9995494303917122,8.368875186563422e-06
10,mlp,11621,3,3,9.123732027026142e-08,9.324146740190413e-07,1.1624423085649204e-06,0.9945940039500406,0.00014889404533924646,0.001024168228404216,0.004230747681913296
10,mlp,12221,3,3,2.4448721990185807e-07,4.347877225379432e-06,1.4030599752192718e-05,0.9653119281816952,0.00039548687237654715,0.01724801142921904,0.017025950552511774
10,mlp,11853,3,3,8.290963740711865e-07,2.4497995784042988e-06,3.5572705675012037e-06,0.9786641119518862,0.0006974631856449972,0.0004096844496778109,0.02022190424627129
10,mlp,9674,6,6,0.005677009050864463,6.644669748938471e-06,0.0024349334175301977,0.0006260508075209043,0.00199005955602435,0.018541076226686277,0.970724226271625
10,mlp,6799,4,4,9.671647867352005e-06,5.67744599182401e-07,0.0009163302274401624,1.138935269775248e-06,0.9972732447823626,2.0688252544442883e-05,0.0017783584099166207
10,mlp,5682,4,4,3.966747064835747e-07,5.8103786592336724e-08,1.8771242135524335e-06,0.00032922591386692175,0.9946187334500712,5.4199403914506224e-06,0.0050442887929636965
10,mlp,5194,2,2,0.00060371813561872,0.00010199567443591468,0.9992481192075687,1.1226105209341244e-11,4.483625921020048e-05,1.2569080747844339e-06,7.380386550093676e-08
10,mlp,10870,3,3,1.7297918730542952e-08,2.6543301768039986e-07,1.2212465460856118e-07,0.9984593300766801,0.0001916454551714703,2.1988452989344596e-05,0.0013266311595682577
10,mlp,11655,3,3,8.730076166629933e-09,4.62632015146969e-07,1.1092970467505851e-06,0.9940213512446358,8.397564291641823e-05,0.004441309099426934,0.0014517833538826251
10,mlp,10716,3,3,4.365829007167867e-09,3.383356338131835e-07,1.6950013661064468e-07,0.9990686737047906,6.4698008149202e-05,0.0001221632555969107,0.0007439528298639003
10,mlp,13091,3,3,4.175636960707743e-06,5.011532416025709e-06,1.9825764214875034e-05,0.9430295524134923,0.005697685563199529,0.001522384323020034,0.04972136476669655
10,mlp,7487,6,3,3.407533136390947e-05,6.142377957885212e-06,2.6551263279697912e-05,0.5217615054840592,0.014472761776536723,0.000294833246383992,0.4634041305204186
10,mlp,6424,4,4,2.559677868064308e-11,1.0243815222238148e-10,1.3926342422439843e-08,2.6690567807208073e-08,0.9999962927195799,5.747256859715885e-09,3.660788218081158e-06
10,mlp,7085,4,4,0.00016426714555507036,3.9489128111258227e-07,0.0009473557846753074,4.5683613198419675e-07,0.9986276631897764,1.3672338680501605e-05,0.0002461898138994891
10,mlp,1707,5,5,0.00044646672624916423,4.8959945590407214e-05,3.060340942130853e-05,0.00019365853298868716,2.3427735563592537e-05,0.9986380084488805,0.0006188752013062613
10,mlp,3524,1,1,5.335011873032458e-06,0.9995587399353921,0.00043592059114548083,2.428935954613587e-23,4.4603633805056765e-09,1.2261099699344476e-12,7.484633255638488e-20
10,mlp,605,5,5,5.794308555501485e-09,3.5538510233232096e-07,3.701588489326015e-08,5.79080435958126e-06,2.4639837174783854e-08,0.9999934965927757,2.8976773190153974e-07
10,mlp,7152,4,4,6.805110700188558e-08,2.542010924350098e-09,7.887102485300551e-06,4.155847088652269e-09,0.9999791758869334,9.44490291123547e-08,1.2767812587355562e-05
10,mlp,8564,6,6,0.00424406861437576,1.2448431286031285e-05,0.00048337221331971566,0.02466401321144002,0.004183637931775291,0.0055395757461770626,0.9608728838516262
10,mlp,1670,5,5,9.678713760626646e-07,8.478757884304313e-06,2.341054700472164e-05,7.387992450405506e-05,2.0110436917168216e-06,0.9997632556336992,0.00012799622184015065
10,mlp,8051,6,6,0.003994941370853538,1.7195462447532034e-05,0.00021207735562440478,0.10394322215164993,0.006350684615208568,0.0022395137838056352,0.8832423652604104
10,mlp,12480,3,3,7.348360478000847e-07,2.4251986800913978e-06,6.41376319526413e-06,0.9867253107503775,0.0012092330307182442,0.0008273537989787087,0.011228528622002378
10,mlp,2551,0,0,0.8697833582352019,8.069850298466201e-06,0.12899771668678167,1.9210566032384973e-07,0.0008394974841820068,0.00023678530768509205,0.00013438033019031923
10,mlp,12233,3,3,8.258574484615708e-07,2.743934856546992e-06,3.0041521105668926e-06,0.988532115998063,0.0008590563666306586,0.0002051324373263229,0.010397121253564493
10,mlp,13488,3,6,5.629291592803024e-05,6.864386049870522e-06,0.0001663736139010575,0.33479575367155634,0.004635377561331644,0.008894799927459337,0.6514445379237737
10,mlp,4174,2,2,0.004146957012815967,7.677821256339385e-06,0.995425387697453,7.283147036546839e-09,0.00016711959117794936,6.146941162255023e-05,0.00019138118252696025
10,mlp,7571,6,3,3.9247454757508945e-06,4.001354537158443e-06,6.830441924597867e-05,0.7830545621063422,0.004081998662598779,0.0048316475059938324,0.20795556120580613
10,mlp,3392,1,1,1.8802420665768794e-05,0.9999745134181051,6.683607825670687e-06,1.2465724922454672e-22,1.4160619196367553e-11,5.392430958429769e-10,5.413505751707827e-19
10,mlp,9027,6,6,0.0005134923867420724,1.8846408487456123e-06,0.0004027464285265168,0.0015308344935059059,0.0010431022727608547,0.0010767488856707403,0.9954311908919452
10,mlp,3134,0,0,0.999828777366779,6.858181886682984e-07,0.00016741709983381886,4.265500832000074e-11,2.4444919987266006e-06,6.232367948559322e-07,5.1943749934984323e-08
10,mlp,11947,3,3,3.581033838012165e-05,1.922901446783402e-06,2.77073966681037e-06,0.9394768053430087,0.003917779448474612,0.0002585207032577934,0.05630639052576532
10,mlp,12521,3,3,6.917028906896358e-07,1.6577731855355578e-06,5.495156659581964e-06,0.9804747280234402,0.0015879186798925104,0.0007811133938132283,0.017148395270118286
10,mlp,13327,3,3,2.403706532794412e-05,7.2384784889482976e-06,4.449159816250171e-05,0.7925943775657004,0.011129512190609207,0.002710625317050053,0.19348971778466095
10,mlp,10990,3,3,2.643015955027893e-07,8.759721173008143e-07,2.723745158894843e-07,0.9971837816670109,0.0002986077090226936,5.285009336503704e-05,0.002463347882372589
10,mlp,6090,4,4,2.488080122437005e-08,2.0707621388162077e-08,1.540076179989444e-05,8.189182398259611e-07,0.9998736898031043,3.844706747937652e-07,0.00010966045775853509
10,mlp,2493,0,0,0.999657921776313,1.3249211609340394e-06,0.00024033671074163564,1.2042529650385055e-08,7.408236375440454e-06,8.66981883263272e-05,6.298124553027415e-06
10,mlp,3083,0,0,0.5972085928280102,4.1669871064248634e-05,0.3880421561370556,2.5303643021803563e-09,0.014447590092740166,0.00025545694045414977,4.531600311443612e-06
10,mlp,10940,3,3,1.4103586266479886e-08,3.9885067670195793e-07,3.1284885398874e-07,0.9985507592638697,0.00014436456059717517,6.188590576020391e-05,0.0012422644666559885
10,mlp,7323,4,4,0.00027337384103917053,3.5491903056868943e-06,0.117843952518144,8.882845763921866e-08,0.8810811553550825,5.4910495372630436e-05,0.0007429697715984696
10,mlp,5782,4,4,5.700371065250951e-08,1.7771060923970125e-07,5.445613104753802e-06,0.00010316811247882608,0.9987570410400526,6.1284411784983355e-06,0.001127982078865462
10,mlp,4514,2,2,0.0004588187552219158,1.3477379794878504e-06,0.9717001585391328,2.099582538983283e-10,0.027808724357351572,1.6074021114501087e-05,1.487637924146333e-05
10,mlp,13418,3,3,0.00015544342334248477,1.9692553255319505e-05,0.00034393597508621313,0.505308176625016,0.004482170059424981,0.020370527474963433,0.46932005388891157
10,mlp,3621,1,1,9.288319962840832e-07,0.9999899074568314,9.163659863898125e-06,7.580148282722849e-26,5.123241629345043e-11,7.585411815835766e-14,5.7805768704253505e-22
10,mlp,5115,2,2,7.395239238359368e-06,7.516494516508599e-07,0.9997948497457104,2.809270576009366e-12,0.00019666337025500417,2.0741631684926815e-07,1.325762185029181e-07
10,mlp,3330,0,2,0.34160258968012186,0.0031037874411911173,0.6552390861310209,5.2636066365609154e-12,3.837222705892217e-05,1.6024404456599408e-05,1.4011088723856883e-07
10,mlp,6460,4,4,1.5441125613797604e-09,9.485193107515393e-10,2.5449075738815744e-07,8.73412078173395e-08,0.999968390882123,4.60995396033664e-08,3.121869374046251e-05
10,mlp,5585,4,4,2.2169426272667693e-12,2.5962715224174935e-10,2.5092282199546572e-09,1.4787618464266414e-05,0.9999601428543878,1.174192334793761e-08,2.505501415219537e-05
10,mlp,4454,2,2,0.05407697049162246,2.1809677246953282e-05,0.9456342995021462,3.0236005376101752e-09,0.00011426535082942296,9.260195094778208e-05,6.005000360651282e-05
10,mlp,1484,5,5,3.0886322567498894e-07,5.090312167050775e-06,3.6822347861002e-06,4.6606503256370124e-05,7.880081982730206e-07,0.999910753071921,3.277100644570745e-05
10,mlp,8652,6,6,0.000294311411846044,5.735570565393849e-06,0.0005387521512774623,0.01572724851888473,0.0025686981372700845,0.004906540206012111,0.9759587140041442
10,mlp,5112,2,2,0.006166861133589648,1.9328694923976462e-05,0.993721658786788,3.581744359911729e-11,8.653867948387305e-05,4.563723735806678e-06,1.0489456611100564e-06
10,mlp,7131,4,4,0.0002587953382024629,7.499214846207122e-07,0.003213429589200042,1.3626597614547107e-06,0.9883065107597788,6.55880314487374e-05,0.008153563700123911
10,mlp,5836,4,4,5.6065488133816915e-09,4.2281401558607755e-09,1.0859148812906081e-07,1.7720602470353848e-05,0.9995876682626356,3.8295752761913975e-07,0.00039410975118950797
10,mlp,2429,0,0,0.9999157378731832,1.3129625656058941e-06,3.412015526690822e-05,5.0385223006425e-09,2.2342554275267924e-06,4.556789714338285e-05,1.0218178911664918e-06
10,mlp,6782,4,4,0.0020719926238967276,9.29140301331722e-06,0.13369555256560714,8.35984474298826e-06,0.8296020125559909,0.0006254406652482417,0.03398735034150062
10,mlp,1141,5,5,9.33638750430159e-06,2.1349439494847385e-06,1.2664136736480524e-06,0.00016314554292570546,1.809760773720136e-06,0.9997541047041644,6.820224700873987e-05
10,mlp,6411,4,4,9.364706252239264e-10,1.5069489581478934e-09,5.611527708586611e-07,3.9203002709345946e-08,0.9999792817370814,4.162322418348433e-08,2.0073840501290426e-05
10,mlp,314,5,5,8.87724277405608e-09,2.3847045320965564e-06,3.267092020044297e-07,0.0007236745311737954,6.63176041496818e-07,0.9992585673723504,1.4374629457443064e-05
10,mlp,10973,3,3,7.679527570688195e-09,3.2423559014805955e-07,2.8076002587130284e-07,0.9989163914068507,0.00011489247774464365,0.00011533429303381839,0.0008527691472273057
10,mlp,8647,6,6,0.0002841898916582626,2.367459233937743e-06,0.00019713099389878947,0.00920264963088961,0.0015609131639188777,0.003456208471717672,0.985296540388683
10,mlp,4953,2,2,0.00031308096019598834,4.04966659466581e-06,0.9914758361067226,7.201859241901191e-11,0.00819905614838244,2.8006356134966995e-06,5.17641047229519e-06
10,mlp,804,5,5,7.582718014934338e-09,1.5787483895574795e-06,3.600626570910973e-07,4.439807951939497e-05,1.5118465388951056e-07,0.9999500573851996,3.4469568624635826e-06
10,mlp,5800,4,4,1.837010418619091e-11,1.0815221466852419e-09,1.1996474313904899e-08,2.124907470494259e-06,0.9999782079082898,4.618932159995589e-08,1.9607898551473747e-05
10,mlp,6934,4,2,0.004746054923906705,4.001771337930235e-06,0.6182648439444605,1.644092511298043e-06,0.36520123522063286,0.0006051737414705851,0.011177046305680132
10,mlp,10489,3,3,4.303350992134262e-09,9.412492880071742e-08,3.925406366371119e-08,0.9995023004946557,0.00013826814665947895,5.580684065463579e-06,0.0003537129922759377
10,mlp,5479,2,2,0.004884566197308682,0.005844425241132494,0.9892619581634629,6.516579582725169e-14,7.202784966987403e-06,1.8462669819661673e-06,1.3460817127860596e-09
10,mlp,465,5,5,3.7743567598777724e-06,3.600631197343444e-06,1.5424407915085763e-06,0.0019825236120010335,3.4347864986224774e-06,0.9978936148450379,0.00011150932771385125
10,mlp,4183,2,2,0.0010553956356123323,2.099595820132939e-06,0.9851249203484223,1.4590367451404032e-08,0.013493120840188184,2.9637881969304834e-05,0.0002948111076204927
10,mlp,2233,0,0,0.9974273408638245,1.0084619281030199e-06,0.0017541687293339304,4.5729673582362563e-07,0.00017727294403311738,0.00021264504031564898,0.00042710666382896794
10,mlp,248,5,5,1.846411962522841e-07,1.457854528200167e-06,1.4188090378560886e-07,0.00032879109777572067,3.9999286866658343e-07,0.9996633832893781,5.641243349151487e-06
10,mlp,13078,3,3,2.32854151064385e-05,1.2251738490742033e-05,0.0001029809506960742,0.7920880972616962,0.0019618219707246047,0.011043790385952159,0.19476777227733408
10,mlp,4215,2,2,0.030633691138979933,6.177591251310313e-06,0.9665702907161192,2.674792838596757e-08,0.0016123233002876087,0.0002409907686715753,0.0009364997367622774
10,mlp,13423,3,5,8.183781256844294e-06,1.5019958551211338e-05,0.00022262170770613664,0.308322580835922,0.0007785105062620184,0.6182829267178969,0.07237015649240505
10,mlp,10416,3,3,3.3739073200949686e-09,1.0916794470525503e-07,2.381228140682476e-08,0.9976191178397794,0.001917495809335348,1.4906371142956572e-06,0.00046175935963777844
10,mlp,10448,3,3,2.9458514563941328e-08,2.277207182009917e-07,5.3122998981104424e-08,0.9990666018256648,7.600329206308574e-05,8.06708739961729e-06,0.0008490174926407237
10,mlp,6612,4,4,0.0001359865428339757,2.1487104840742778e-06,0.014679634204641896,5.02615147528488e-06,0.9666728002837477,0.00013488666542934321,0.018369517441387612
10,mlp,8751,6,6,0.0001699908359682995,1.968563680745271e-06,0.00013376200115484897,0.006802576492457641,0.004340232025243933,0.00044599405673745226,0.988105476024757
10,mlp,10664,3,3,1.84465431586606e-08,2.321490616829759e-07,6.975906568876292e-08,0.9992563406202717,0.00016605255250036786,1.028330150916786e-05,0.0005670031710483104
10,mlp,9858,6,6,0.004121296121518591,1.7222619546061824e-06,0.00971504898194673,9.056431232723652e-05,0.005317328822466709,0.0005685400619739166,0.9801854994378122
10,mlp,7190,4,4,0.0008116208737099761,9.866981960596176e-07,0.036530956720979474,3.545439769469573e-07,0.9620783115022195,6.229404170810348e-05,0.0005154756192098781
10,mlp,10133,3,3,1.5140299618511786e-10,1.8816528752710833e-08,6.877686891946649e-09,0.9999090162678246,1.0837519261271319e-05,1.552164102976634e-05,6.459872626559367e-05
10,mlp,8860,6,6,0.029328926706534707,2.2930472673639177e-05,0.0010147603018646773,0.014788918826461007,0.004186680355166246,0.01581886697930041,0.9348389163579993
10,mlp,6938,4,4,3.784974630573328e-06,3.0305524450091397e-07,0.0010389388106141952,5.053207707211418e-07,0.9956800164952012,1.9202108691688435e-05,0.0032572492348471455
10,mlp,2139,0,0,0.9883831331863461,2.4471447502816403e-06,0.006140186987745474,6.368097393810347e-06,0.0012830562793814835,0.0006186594056052979,0.003566148898777853
10,mlp,12435,3,3,3.3634049586602613e-07,1.5403151587391155e-06,5.594481323985145e-06,0.9852794574640729,0.0005963410747703268,0.0010908016175620145,0.013025928706616093
10,mlp,1428,5,5,1.3601758066098697e-06,6.866224382864917e-06,4.614632544751635e-05,0.004588264476430803,2.510494447677318e-05,0.992943814097552,0.0023884437559033903
10,mlp,5747,4,4,4.6423433609921226e-07,1.117870209379865e-07,2.409864279255309e-05,2.9796302960857916e-05,0.9991779182872738,5.2489205803606535e-06,0.0007623618250354111
10,mlp,12599,3,3,1.3279462988264389e-06,3.279656965531131e-06,5.577830281899209e-06,0.9803154860866523,0.002068935983304763,0.00043559993328359114,0.0171697925632129
10,mlp,11108,3,3,1.7876715269804882e-08,5.645740757998406e-07,4.203141676077686e-07,0.9979948746498638,0.00013172158899089648,0.00011629245486515252,0.0017561085413215379
10,mlp,1616,5,5,9.708831799435113e-08,1.1766064388055924e-06,5.614155949443981e-07,2.023936429592657e-06,7.485070793837397e-08,0.9999951688126787,8.972898320198174e-07
10,mlp,5220,2,2,0.0025439394985709617,3.03108086022312e-05,0.9973694560329336,9.55949753957948e-12,4.064334517883687e-05,1.5318841435996862e-05,3.314637188632934e-07
10,mlp,7426,6,3,5.4369754195043875e-06,3.5324626429921605e-06,1.1917637319958907e-05,0.8611475510472749,0.005884834263584751,0.0007774245024073527,0.13216930311135044
10,mlp,4737,2,2,0.000809765176773284,3.1333391655260555e-06,0.998971140602496,2.015297340237702e-10,0.00020948855487634439,2.7408601198208378e-06,3.7312650391416926e-06
10,mlp,7828,6,3,0.00021232307135323739,2.6172273658771966e-05,0.00032217231193782455,0.4439463755711549,0.0027427632458370942,0.12804294782896666,0.42470724569709156
10,mlp,682,5,5,2.065976146884471e-08,1.3224923638024934e-06,6.295470545948109e-07,0.00039382691834781344,6.260087436943366e-07,0.9995804998787957,2.3074494932957475e-05
10,mlp,11479,3,3,1.9850799680115625e-07,1.3316356239748727e-06,2.739505760866011e-06,0.974260808491962,0.00038894721367231476,0.00038318946597876174,0.024962785179005208
10,mlp,8259,6,6,0.000579684311008531,3.0217947035721106e-06,0.00012974899992440297,0.01882112827168345,0.0034316754972874867,0.0004342511715271551,0.9766004899538653
10,mlp,10149,3,3,2.7571245833872374e-09,8.080414372100833e-08,1.2411743858642129e-08,0.9997487709037057,3.064767645456972e-05,8.639607572996883e-06,0.0002118458392548198
10,mlp,6554,4,4,0.04359535027836106,9.598868005317906e-06,0.045147398229813264,0.00013527776802297177,0.8730782261787957,0.0014379460265727285,0.03659620265042896
10,mlp,6705,4,4,4.7512484821077655e-05,2.2471942509478967e-06,0.01850038959466433,3.394451170931553e-06,0.9672528652591686,0.00011937074198251736,0.014074220273941621
10,mlp,10521,3,3,1.9052938626486265e-10,6.882499093029729e-08,4.5112032024479124e-08,0.9995622640028913,1.2090640802847626e-05,0.0003309426667125446,9.458856204089256e-05
10,mlp,12371,3,3,6.538112415359441e-07,2.1137114369699905e-06,8.174967234302715e-06,0.9646378261287433,0.0004875378733632339,0.0026516600783251325,0.0322120334296557
10,mlp,8793,6,6,0.002476626858121587,3.494392196864809e-05,0.0024185423695811553,0.017877432537149122,0.0026654362878604267,0.0733460435276811,0.901180974497638
10,mlp,12913,3,3,1.155779900553774e-06,2.8727687367321083e-06,2.6441710088528653e-05,0.9455969078986552,0.0008873322139510226,0.005547110312841956,0.04793817931582596
10,mlp,12667,3,3,2.7868161174359103e-07,1.6958362960747228e-06,1.3791130503760398e-06,0.98475262700313,0.005590486786215872,0.00018346344688033057,0.009470069132815822
10,mlp,1930,5,5,0.021718113253914106,2.9866778901373614e-05,6.749956797496249e-06,7.893324974124181e-06,9.061348099595955e-06,0.9782064509515936,2.186438571987957e-05
10,mlp,11720,3,3,1.2689696013869158e-07,2.6909036084856453e-05,9.018493082295408e-06,0.5300856368571977,7.932577050636104e-05,0.4686661769613212,0.0011328059848473746
10,mlp,10309,3,3,3.896937761161412e-10,9.063881613854865e-08,3.2057483884620635e-08,0.9998058958915259,8.686360343635057e-06,9.864377437181612e-05,8.665088776483528e-05
10,mlp,7446,6,3,3.1128418589154614e-05,1.703577662208319e-05,3.0050959445799805e-05,0.5244538772529828,0.0028802390643490844,0.0013020523084705021,0.4712856162195406
10,mlp,2590,0,2,0.07416818048793171,1.5591877423860185e-05,0.9236527414195118,2.7523998863489687e-08,0.0003930499882499293,0.0009866630030653924,0.0007837456998184062
10,mlp,12891,3,3,1.0931180147451094e-05,6.941397652155499e-06,1.8390230385526945e-05,0.9122493877682998,0.00528769631976652,0.0010083997704805857,0.08141825333326791
10,mlp,13397,3,5,7.540188569429396e-07,6.20425150422788e-06,2.6032365269830947e-05,0.01300874426612389,3.6053546725572714e-05,0.9837655396987244,0.003156671852795281
10,mlp,10006,3,3,1.716907853532503e-10,1.3620347606492905e-08,1.1819453528863345e-09,0.9999491719862431,1.8478047613955823e-06,1.2193460605116045e-05,3.677177440666926e-05
10,mlp,9176,6,6,0.0006724242758337203,1.6735065585514663e-06,0.0006071008153943832,0.0007382679173432697,0.001009878379351872,0.0023882869418761377,0.994582368163642
10,mlp,3653,1,1,3.278599299702742e-07,0.9997420615383438,0.0002576099992289067,4.7474452425091076e-26,6.024549493857642e-10,4.2308529386849744e-14,6.941604979904271e-22
10,mlp,12980,3,3,1.253435537974582e-06,3.4299925279501227e-06,3.140463911524869e-05,0.868399795107427,0.0006324584036015578,0.05001408441806324,0.08091757400372686
10,mlp,12780,3,5,5.059336358307889e-06,1.793541043517111e-05,7.145056627009192e-05,0.46872816939516687,0.0004235796275088796,0.48606173241299816,0.044692073251262454
10,mlp,4863,2,2,0.0009743728350974569,3.240075569242058e-06,0.9985828275947481,1.669326806258343e-10,0.0004315910013742123,3.032761917239678e-06,4.9355643609513e-06
10,mlp,3536,1,1,5.963113621480175e-07,0.9999936823277347,5.721352747803744e-06,1.9336730103687417e-25,7.563643390834822e-12,5.91563179133837e-13,7.584453372870286e-22
10,mlp,12368,3,3,2.8447689429977435e-06,2.652349179009515e-06,4.634509406800491e-06,0.9587730403538437,0.002257700078636622,0.000300414885943694,0.03865871305404695
10,mlp,11313,3,3,3.594854756361525e-08,4.5151415403150627e-07,1.9578296573069348e-07,0.9975944726140297,0.0012147837406768641,3.3061106484754934e-05,0.0011569992931414212
10,mlp,6863,4,4,8.093384856904689e-08,1.1788664587958892e-08,3.513458637969158e-05,4.1759095370257746e-08,0.9997218780861199,5.230842042351322e-07,0.00024232976168757743
10,mlp,2627,0,0,0.9998593168403808,2.463271394384695e-06,6.158527073203973e-05,1.273254291096333e-09,1.3701221597195098e-06,7.461383506950336e-05,6.493870093803478e-07
10,mlp,4112,2,2,0.04349241461878323,3.8499759116538365e-06,0.953304035613173,6.136979947471983e-08,0.0021109818401410492,0.00010390693525650365,0.0009847496469350485
10,mlp,2515,0,0,0.9999588784772059,5.0875229065505995e-08,5.66494538103041e-07,1.286788795163182e-09,3.96050225944094e-07,3.996638126419365e-05,1.4043474810885007e-07
10,mlp,6345,4,4,1.867723682065427e-09,4.430346506303135e-09,5.293994689346823e-07,1.7973993045053516e-07,0.9999697082113386,1.1657314301016226e-07,2.9459778048677942e-05
10,mlp,8571,6,6,0.0007556547451494764,1.8599455653871597e-06,0.00013685295694767426,0.009642273154917166,0.002118114662670998,0.0005986460741462664,0.9867465984606031
10,mlp,1980,5,5,1.9454136055548047e-05,3.874245320652454e-05,0.00021759051756157187,2.4768864102041637e-06,2.0536501187074542e-06,0.9996616471984164,5.80351582311303e-05
10,mlp,11235,3,3,1.559842921502621e-08,5.13489749745471e-07,5.332723036001429e-07,0.9975038744441316,0.00010943609341467926,0.00036181500986075,0.0020238120921105248
10,mlp,5416,2,2,0.038216783732503264,0.0016556295000483012,0.9601080181886816,2.2157122906988288e-12,1.6429447522466562e-05,3.112016544546574e-06,2.7112484032976316e-08
10,mlp,12515,3,3,4.5915281800514814e-07,1.8765908370167997e-06,8.73589454584663e-06,0.9841644790310266,0.000702049522295055,0.0017568164903883966,0.01336558331808898
10,mlp,5066,2,2,0.14333131855125475,1.7264788694815175e-05,0.8516766885133036,1.1367821415759785e-09,0.004956464804492313,1.1200134392567404e-05,7.062071080053399e-06
10,mlp,588,5,5,1.8353131695766182e-07,7.218879764407407e-06,2.2987785021592927e-06,0.0022310420655260394,3.910695361151777e-06,0.9976114461204085,0.00014389992912075496
10,mlp,1175,5,5,5.535955782041246e-05,2.086056003166526e-05,1.66970816319066e-05,0.002382286874462015,2.0445396393307275e-05,0.9966227016186807,0.0008816489109800098
10,mlp,11719,3,3,6.96421033459739e-08,8.092386217884793e-07,1.1406680216241677e-06,0.9968699674407201,0.00031751188399529583,0.0002996864688137429,0.002510814657724252
10,mlp,1880,5,5,1.664886156397704e-05,1.694195417660096e-05,5.492671737331476e-05,1.71743629854909e-05,3.2853089697952677e-06,0.9997412133137915,0.00014980948113924944
10,mlp,127,5,5,3.6699163050702757e-09,2.4914781776123546e-06,5.12529582259028e-07,0.0028740881675835745,1.0255856265805893e-06,0.9971042884789524,1.7590090161438485e-05
10,mlp,8931,6,6,0.0003579902190054128,2.0460271908948303e-05,0.0011685450653282831,0.027274826079443454,0.005880735599452018,0.06838353256709118,0.8969139101977707
10,mlp,4178,2,2,0.33279283689330635,6.740262881440773e-06,0.6497578486610686,2.25368152126785e-07,0.017019521898392457,0.0001949671350119387,0.00022785978118705947
10,mlp,2898,0,0,0.9999848391208714,6.654237922015024e-07,6.46810783312765e-06,1.7181055888496962e-10,6.065829755646784e-07,7.409185364235101e-06,1.1407352879386981e-08
10,mlp,10578,3,3,2.457143800647985e-07,6.295108938314745e-09,7.956142247265839e-10,0.9996342166346962,3.753542016814312e-05,1.9792916051734643e-05,0.00030820222398046134
10,mlp,4698,2,2,6.017238741987317e-05,8.01268128318624e-07,0.9997738807890059,4.69275460539269e-11,0.00016259764458584702,1.1162461472061183e-06,1.4316177852961797e-06
10,mlp,4068,2,2,0.0015677250168923094,8.08302467399038e-06,0.9396139503326563,8.992185022144693e-08,0.05676513408782149,0.00015086567695595855,0.0018941519391495526
10,mlp,13087,3,3,1.4888194986748208e-06,2.4260959163066987e-06,2.065583611285292e-05,0.9534443744512635,0.0014531356638994631,0.004407550482874092,0.04067036865043495
10,mlp,5516,4,3,5.101493054547997e-06,2.0483005122187904e-06,9.311482409968727e-06,0.5814111941238375,0.025332956352696473,0.00012141502600077407,0.3931179732214886
10,mlp,2414,0,0,0.999830133014065,3.838040342946397e-06,6.0684769484319406e-05,8.372827174503583e-09,2.748357834527222e-06,0.00010122411364722617,1.3633317986567956e-06
10,mlp,480,5,5,9.81932414757153e-07,1.146356937753175e-06,3.120841306283499e-07,0.0008922742757509719,1.403951534560463e-06,0.9990606912708218,4.319012840955125e-05
10,mlp,5053,2,2,0.0015664577948910994,9.382106161486854e-06,0.9983414765041317,2.8652392337597657e-11,7.942510176080664e-05,2.4953054330814416e-06,7.631589695633618e-07
10,mlp,12533,3,3,2.5309674022915302e-06,2.7062066928361894e-06,5.535977422764911e-06,0.9649931204247931,0.0028736699386071873,0.00037787132298533726,0.03174456516209644
10,mlp,3173,0,0,0.9999936223178006,2.7203596189794645e-09,2.3369649367226296e-07,2.0236662331778633e-11,6.060985691840358e-06,7.869487057419795e-08,1.5645470823314112e-09
10,mlp,604,5,5,5.886175994575087e-05,2.9183842337394858e-05,5.6831132592036815e-06,0.022833197568040975,5.8061320837919795e-05,0.9758759314050034,0.0011390809905752611
10,mlp,557,5,5,1.0937107147363664e-08,9.512816217148785e-07,1.8059172566912468e-07,8.607028994330657e-05,1.7159528608406625e-07,0.9999085215114987,4.093792817318884e-06
10,mlp,7824,6,3,1.8095969906423692e-05,4.460860209399876e-06,9.311328066542248e-05,0.49739392919560976,0.00493522414546384,0.004298481319229045,0.493256695228916
10,mlp,8163,6,6,4.5042866527681816e-05,3.224252372163865e-06,0.00013610460512736928,0.07477099204076228,0.01007056148606663,0.0017858496953132295,0.9131882250538306
10,mlp,6902,4,4,9.583322157334631e-08,5.469398237260558e-08,2.621485446769637e-05,1.1234983746555381e-07,0.999934851196386,6.335666245329597e-07,3.8037505480342034e-05
10,mlp,9648,6,6,0.0016038885441121717,2.894055402327065e-06,0.0009299890454390732,0.0004397042020666376,0.04723654720672271,0.0007554342549832997,0.9490315426912738
10,mlp,1720,5,5,0.06149766170996367,2.8431840040110975e-05,7.054073071883438e-07,0.0001058515975222882,2.5445364177098516e-05,0.9382390935614489,0.00010281051954075189
10,mlp,1066,5,5,5.004211291075376e-07,1.690658056028914e-06,2.2294010592393884e-06,0.0004806169522831768,1.9038115443462582e-06,0.9993545514234201,0.00015850733250791964
10,mlp,8911,6,6,0.00028810652254992206,2.5764003265495047e-06,0.0003271731299078655,0.0048758539235391266,0.0010848330387748938,0.009327776823828198,0.9840936801610735
10,mlp,8232,6,6,8.768254193766729e-05,6.7600557756410405e-06,0.00027475855377619,0.14985898713733925,0.0026588211594919366,0.02069673100481521,0.826416259546864
10,mlp,2479,0,0,0.9954700512751358,6.453026939190582e-05,1.1549347328416525e-06,5.568669374744243e-09,9.871410166337733e-07,0.004463235245451926,3.556560155102563e-08
10,mlp,7992,6,6,0.00041070741789347266,8.903691638168693e-06,0.00029250695683516795,0.10328371423483296,0.0045004485245842725,0.0063815331561129585,0.885122186018103
10,mlp,12608,3,3,8.768320526634422e-07,2.6574396677049743e-06,1.0975497363044024e-05,0.9755598079563895,0.001035403903033712,0.0016777725339938586,0.021712505837499268
10,mlp,12772,3,3,1.3259819559930432e-06,3.5820593016666607e-06,3.157504182652473e-05,0.9032859043083553,0.0005873641098420216,0.05768887557385604,0.038401372924862544
10,mlp,13452,3,6,8.489014204746046e-05,4.5136076569136674e-06,9.004554132173395e-05,0.1364077583791154,0.006708646908604782,0.000936976720208469,0.8557671687010453
10,mlp,9046,6,6,0.0005057205183938877,5.7368960615723e-06,0.0008041313038882678,0.004650498941012684,0.001608348000009184,0.00587164850078867,0.9865539158398456
10,mlp,10061,3,3,2.8000743059824657e-10,2.5170404177731712e-08,4.077906881420055e-09,0.9998278613078018,4.337289771821507e-06,5.630741687356579e-05,0.00011146445723438043
10,mlp,6283,4,4,2.988104797772715e-07,1.053846749226176e-08,9.636655202978162e-05,4.0370796049434655e-07,0.9990889224754049,2.742492944971559e-06,0.0008112554227127373
10,mlp,13451,3,3,9.114499081446882e-05,1.1262787595940938e-05,0.00011255851683923377,0.5210872482393516,0.011858960033676499,0.003040418087671331,0.46379840734405103
10,mlp,1478,5,5,4.631753836029686e-05,1.5851077245628034e-05,7.11221169190823e-05,0.003494621398264064,5.130854299854346e-05,0.9899859184326839,0.006334860893528436
10,mlp,12770,3,3,6.9359242287693034e-06,6.108205718973362e-06,3.6126044728487576e-05,0.8893382197252112,0.001520132013614222,0.004053635888515634,0.10503884219798258
10,mlp,1666,5,5,0.0005516061342742198,1.3953163072540972e-05,1.0813746571457134e-05,7.100017828218789e-05,7.839234948507241e-06,0.999204631113534,0.00014015642931701402
10,mlp,10302,3,3,3.708268578926917e-10,1.992351847411262e-08,7.567288471514527e-09,0.999901563192227,3.849430249205231e-05,5.4529840914928725e-06,5.4461659555842687e-05
10,mlp,476,5,5,3.0524930264292836e-08,3.98538579217052e-06,1.4278737969356433e-06,0.0011426984953342397,1.320278687187515e-06,0.9988187448543259,3.179258713312029e-05
10,mlp,13170,3,3,1.3018852368866298e-06,2.1533275323649913e-06,1.9232231474045316e-05,0.9548523606081301,0.0015843461651124068,0.0040948299661260085,0.039445775816388175
10,mlp,4359,2,2,0.0021389985116042026,1.2879540933903215e-05,0.9976912923919006,2.016550299499796e-09,0.00012271757130565976,1.3713622603620466e-05,2.0396345101658014e-05
10,mlp,10681,3,3,1.050164533973305e-09,4.8712920865100294e-08,2.761371729221345e-08,0.9997303210819892,9.317909387487491e-05,1.7525297215589416e-05,0.00015889715011773158
10,mlp,5157,2,2,0.0029219026888357086,5.7588321824228396e-06,0.9967452834226782,3.412243114794332e-11,0.0003248474110790103,1.3371366881339976e-06,8.704744138565664e-07
10,mlp,1235,5,5,4.0754416426498634e-07,9.788526852661653e-06,5.396564895822778e-06,0.00026141031692944884,2.043295000718744e-06,0.9996319441552619,8.900959689513763e-05
10,mlp,1644,5,5,7.052682439082574e-07,1.0821685986315448e-06,4.7287198004655945e-07,1.2715243731814885e-06,9.297944205949997e-08,0.99999554600288,8.291844820697524e-07
10,mlp,2213,0,0,0.9706541989746239,2.2446082582868246e-05,0.021454193700636243,5.2221115701394375e-06,0.0004655772580320448,0.003320493341264611,0.004077868531290096
10,mlp,12584,3,3,5.369547918901883e-06,4.953624361405066e-06,7.649690477322896e-06,0.8645119869446453,0.010943419075854628,0.0001641830046276739,0.12436243811211485
10,mlp,10821,3,3,2.0980146179279103e-08,3.145069481321259e-07,6.798474136951452e-08,0.9985416910970272,0.0006201635092818597,5.697776652003456e-06,0.0008320441452035702
10,mlp,2118,0,0,0.9837293311973727,1.4774438062614652e-05,5.467183515193153e-05,8.389824037897712e-06,4.3257618167145316e-05,0.01602382463779201,0.00012575044941563851
10,mlp,6391,4,4,9.64502337762927e-07,3.4398060239725095e-08,2.3108501573331547e-05,9.430846551247883e-07,0.999906427978947,1.2952590219643955e-06,6.72262754045899e-05
10,mlp,1796,5,5,0.008474309944237169,4.9306039237377004e-05,3.163373350069845e-05,0.00043322172901167467,6.057354520118327e-05,0.9895971124065078,0.0013538426023039119
10,mlp,4875,2,2,0.009995278869501217,3.0932463896720064e-05,0.9889433054561108,5.644719970336436e-10,0.0009436579572281918,3.8353071852089556e-05,4.847161693903938e-05
10,mlp,11543,3,3,7.2998661666080955e-09,3.4405734819356104e-07,5.605480097240819e-07,0.9987672097614347,9.699306436717028e-05,0.0005769100164638318,0.0005579752525099774
10,mlp,4684,2,2,0.0037632043300597044,9.577815236441966e-06,0.9961592861995345,1.9054864639776625e-10,5.864213784336899e-05,7.928497960110106e-06,1.3608288174687967e-06
10,mlp,2714,0,0,0.9793438112419101,2.2603092466076435e-05,0.020504798683224457,7.70514006377881e-09,3.0057695412586786e-05,8.180845336359502e-05,1.6913128483299638e-05
10,mlp,4396,2,2,0.00016501793418324787,1.90801746518587e-06,0.9961479686724454,1.253606185009616e-09,0.0036441678566762016,8.69879362201094e-06,3.223747200172115e-05
10,mlp,12607,3,3,1.10461059985691e-06,5.922440538933536e-06,2.4793643133443468e-05,0.9565540485356759,0.0008323480817879238,0.007376569982092251,0.03520521270617181
10,mlp,11789,3,3,8.264407344376761e-08,1.0833258942520408e-06,1.8616552604345684e-06,0.9918615256622243,0.00015603407307348386,0.0018112745541509362,0.006168138085323085
10,mlp,10022,3,3,6.666929835259433e-11,5.1839732741727214e-09,6.75335391980726e-10,0.9997308096173891,0.00020869042821462002,7.874061960424589e-08,6.041528779872506e-05
10,mlp,12009,3,3,1.0429433062037598e-05,5.1272488698272775e-06,4.201354727417003e-06,0.9687403693990745,0.0007313452203169612,0.0009573426236609147,0.029551184720288417
10,mlp,4996,2,2,0.1380593149598238,6.734410078226113e-05,0.8617261626154284,3.388580918838405e-10,0.00010869892693654887,2.849194435147054e-05,9.987113819458976e-06
10,mlp,447,5,5,3.501638999088005e-08,8.651173474460133e-07,1.0129192704950551e-07,5.142804807629639e-05,1.1055974069990755e-07,0.9999457776032848,1.6823632336522479e-06
10,mlp,12654,3,3,1.6794999319431685e-06,4.8271954744274344e-06,2.857253972542118e-06,0.9562048589962896,0.01636342875144495,0.0001793805325089722,0.027242967770377532
10,mlp,12532,3,3,2.1584953897870794e-06,2.94769826272532e-06,8.957852535170806e-06,0.9541609016244896,0.0012565872948611394,0.0012798660978670547,0.04328858093659444
10,mlp,11478,3,3,7.044324321010912e-07,1.5142027304774502e-06,8.522260637708371e-07,0.9892856508422957,0.0016867082382375908,3.7014600273249545e-05,0.008987555457967235
10,mlp,8520,6,6,0.020835752054673282,9.759141107275552e-06,0.0003232508988576462,0.021295036259152366,0.0055206498512706615,0.004520162600402019,0.9474953891945367
10,mlp,1684,5,5,6.364659450957146e-05,2.0981817855132154e-05,5.648639793794439e-05,0.00033547683729718924,1.591950260540297e-05,0.9986471332432003,0.0008603556065946013
10,mlp,7835,6,6,1.9659209114949934e-05,1.3481865372486576e-06,2.2093707513188844e-05,0.09160839195781903,0.0055525174367036965,0.00026855503930372956,0.9025274344630082
10,mlp,11225,3,3,9.351902541558774e-09,4.453764924591025e-07,5.453356589332159e-07,0.9983970146787652,8.492643560759075e-05,0.0004917760112202044,0.0010252828103531882
10,mlp,267,5,5,2.534078011237387e-09,1.145617034249418e-07,8.108605307658207e-09,5.949152097475438e-06,1.0562546325133158e-08,0.9999937780360446,1.370449246732985e-07
10,mlp,6976,4,4,0.0008506154684381165,1.2047614642329495e-07,0.0004382856124968229,9.150744335556713e-07,0.9984509612263439,2.0356841074098117e-05,0.00023874530106724292
10,mlp,5580,4,4,5.373527297818003e-10,9.750138025053303e-09,4.8966603228638644e-08,0.0006260239979744542,0.9987766778132928,4.980684380192502e-07,0.0005967408662006012
10,mlp,1253,5,5,1.6290249402038942e-06,2.9066391625011985e-06,1.0859963504369195e-06,4.8124060168697555e-05,8.893621534119085e-07,0.9999178189348957,2.7545982329157933e-05
10,mlp,9851,6,6,0.005465933336996344,5.19689038180958e-06,0.012696815163420867,0.00012906928372854762,0.002361994515089764,0.009171013243856501,0.9701699775665262
10,mlp,3546,1,1,3.9869974680476793e-07,0.9999965547221362,3.0465648745561077e-06,1.92584654580432e-25,1.2973840286737426e-11,2.687686047742701e-13,9.224599809130608e-22
10,mlp,6060,4,4,4.006278790873122e-08,2.8269439879559113e-08,8.861823944788217e-07,1.6658482691741732e-05,0.9992408670162732,2.499311880925347e-06,0.0007390206745318276
10,mlp,6893,4,4,2.167584821223502e-09,2.6957716556020313e-09,1.2389969844175904e-06,8.799288242722978e-09,0.9999899869875802,4.56237659690201e-08,8.714729024664013e-06
10,mlp,9739,6,6,8.454244951109064e-05,4.9681096712580545e-06,0.009297738905295467,0.0004270739893033296,0.3548257420810939,0.0022513541093114806,0.6331085803558134
10,mlp,8419,6,6,0.0005219929861897221,1.274081440217789e-06,5.034362104187433e-05,0.008591685549992008,0.00267856332791676,0.00018558330942824568,0.9879705571239912
10,mlp,12902,3,3,4.680326808681569e-05,1.013625807905879e-05,8.345141060096147e-05,0.5984411544361717,0.0023660085905346413,0.006855945165294308,0.3921965008712324
10,mlp,1136,5,5,6.003129809816785e-08,2.0915705464761296e-06,1.7785296544526593e-06,0.00013426553006745155,5.485206535542403e-07,0.9998402785474378,2.097727034201719e-05
10,mlp,686,5,5,8.32292138088698e-07,1.5906575412273872e-06,6.353579366090874e-07,0.0002721889683037938,9.159810272992317e-07,0.9996847587964586,3.907794659440631e-05
10,mlp,11148,3,3,5.802718509397194e-09,1.696907029751171e-07,1.0356452109972806e-07,0.9991784696534607,0.00035532024820838414,2.918343204420576e-05,0.00043674760834414006
10,mlp,3839,1,1,4.899058570299074e-10,0.9999999924131847,7.096892486874808e-09,9.724140795058927e-33,1.6850658240296325e-14,2.7701742799588652e-18,5.0445138755123777e-29
10,mlp,11008,3,3,4.18298526029763e-08,4.036397500173319e-07,1.8535199325837232e-07,0.9983067561038597,0.0002609711594014163,2.904440507099545e-05,0.001402597510071895
10,mlp,13490,3,6,0.0018369846565782482,2.0722142657051376e-05,0.00041533264029225506,0.07632278021809848,0.0035574865957659772,0.02279621928702951,0.8950504744595784
10,mlp,864,5,5,4.717522333674664e-09,3.616791266870535e-08,1.084425236317166e-09,2.5776587922123176e-08,5.198238418691243e-10,0.9999999302438105,1.4899174530253827e-09
10,mlp,10306,3,3,3.486891530622489e-09,6.491467078860118e-08,1.85573632487637e-08,0.9984079569072732,0.0007853714893832592,1.413488331493008e-06,0.0008051711560867513
10,mlp,10167,3,3,4.753282941227382e-09,9.876944601061554e-08,1.3956936706297773e-08,0.9996917778083544,2.9307135722818515e-05,1.1870353184144475e-05,0.0002669272230731147
10,mlp,197,5,3,3.0025771215279478e-06,1.897601502463401e-05,3.977781402247721e-05,0.8973977833724108,0.0005171885553657657,0.06985210499826802,0.032171166667786806
10,mlp,6933,4,4,3.787559261149306e-06,2.5517363940741993e-07,0.0005326076924401641,2.8077964665232034e-07,0.9988573713934862,7.158510500781413e-06,0.0005985388910256568
10,mlp,2708,0,0,0.9999980251668543,3.2992147048968167e-09,8.311374865861542e-08,1.506736507665248e-10,3.8989967463744343e-07,1.483572139351566e-06,1.4797694718587041e-08
10,mlp,4779,2,2,0.0015016575313761414,6.417680996170392e-06,0.9980825532492331,3.364436041507102e-10,0.0003970845882310409,5.355516140493691e-06,6.931097579571075e-06
10,mlp,1057,5,5,0.002509188028174785,4.253806809588681e-05,6.587547145326239e-05,0.04113407095879405,0.0004842839475698216,0.914614393456541,0.04114965006937114
10,mlp,10891,3,3,2.104676101250885e-08,2.918576910940362e-07,5.3724046137346015e-08,0.998966413951956,0.0004375377233052351,7.559010836753986e-06,0.0005881226854039134
10,mlp,3242,0,0,0.9748794836159886,1.4469656954952933e-05,0.025050450237862686,6.895887926432923e-11,4.916366765477612e-05,5.8610230982680715e-06,5.717294817415101e-07
10,mlp,13411,3,6,0.0007852426201614163,1.3768429902960684e-05,0.0001656545761948121,0.1839135346680025,0.006689271719294435,0.0019116767744429477,0.8065208512120008
10,mlp,5455,2,2,2.3495141039589544e-05,4.9516455524981335e-06,0.9999059841014695,1.459540130724915e-14,6.55408323135405e-05,2.6757649023805776e-08,1.5219611069526976e-09
10,mlp,5468,2,2,0.0001510800960597686,8.511662324174001e-05,0.9996486494426715,9.773580934906512e-14,0.0001149001220854783,2.5114392930484003e-07,2.5719146963104704e-09
10,mlp,4838,2,2,0.015077910281381968,0.0006153362221399336,0.9841831896163212,3.9341482957491245e-10,2.626684317589607e-05,9.481407815663674e-05,2.482565409502263e-06
10,mlp,1427,5,5,3.4881755239646157e-06,3.549208963655242e-06,3.188719547613126e-06,9.706065660874698e-05,1.9046448462189605e-06,0.999808722390276,8.208620423391534e-05
10,mlp,3271,0,0,0.9999992139641002,1.96522190775604e-07,2.1782481781702207e-07,1.2384679650706633e-13,1.3769907669099127e-08,3.578812005999764e-07,3.765886646411325e-11
10,mlp,7165,4,4,0.0005139910870120197,1.5094765658222538e-06,0.029002235960166493,7.03124523151983e-07,0.96915780635653,5.002827859095467e-05,0.0012737257166116015
10,mlp,2016,5,6,0.03692191949324691,9.883063441081183e-05,0.16896422149255802,0.00020207566125353797,0.0053915224519572764,0.20334491059393492,0.5850765196726385
10,mlp,13487,3,6,0.0004162274145006925,2.1594044769992086e-05,0.0004771010421687261,0.29234992446833175,0.008252563218238937,0.015598606249549743,0.6828839835624403
10,mlp,5323,2,2,0.0005185178657638865,1.0504939001911521e-05,0.9986019976306606,5.6796613769848555e-12,0.0008678491976437354,8.353204828684193e-07,2.9504076748168657e-07
10,mlp,6417,4,4,1.3339770623414384e-07,2.5634052086602663e-08,2.2216303488060607e-06,6.178563983918984e-06,0.998935115833811,3.88119903754961e-06,0.0010524437410604761
10,mlp,9620,6,6,0.007220604172537802,4.137831802869226e-06,0.0013216637631289422,0.0006679503698530472,0.001745157423563594,0.0044501490376184115,0.9845903374014953
10,mlp,9919,6,6,0.07066135390273759,1.2036370580959456e-05,0.014853548365168237,0.00010766329566219755,0.010919868634216122,0.00535458184468206,0.8980909475869528
10,mlp,7523,6,6,7.662411431961937e-05,4.805205896994178e-06,3.711771507057751e-05,0.448381951004799,0.04459535689930302,0.0004231013449218684,0.5064810437156889
10,mlp,8996,6,6,0.0004492885500002391,4.696848285023485e-06,0.00016438826314032088,0.00795659624892047,0.0463697408768309,0.002069727116655571,0.9429855620961676
10,mlp,7657,6,3,0.03938694222854306,6.217139216981148e-05,0.0002114904671273186,0.46701755830915864,0.01327248129773717,0.014560450927951853,0.46548890537731213
10,mlp,7217,4,4,3.6198222778680003e-06,4.2754738172879156e-07,0.052817423864449556,2.586307088307195e-08,0.946960225450101,5.082698629732123e-06,0.00021319475408911615
10,mlp,10554,3,3,4.227791386500222e-09,3.4052496516323923e-07,1.0655869303520644e-07,0.9988372342321616,3.62933153867477e-05,0.00035147154736156125,0.0007745495936405306
10,mlp,10453,3,3,9.90277481773345e-10,7.86323509080667e-08,4.359811247551603e-08,0.9996036143032523,3.863248253599812e-05,6.109683893464078e-05,0.00029653315453634073
10,mlp,6436,4,4,2.2200240161479563e-08,3.789002087525215e-09,3.0786576799086324e-05,4.455661372501563e-08,0.9998527077050205,2.0036338877215074e-07,0.00011623480893547065
10,mlp,1088,5,5,9.120798952435644e-09,9.543078559391068e-07,3.5573162317083943e-07,1.3905017263519873e-05,8.321168176920884e-08,0.9999827473428337,1.9452679430071105e-06
10,mlp,7421,6,3,6.622132122756952e-05,6.760923752881862e-06,2.5238667917700102e-05,0.547241458817142,0.004833921847847228,0.0005692411259111019,0.44725715729620147
10,mlp,7244,4,4,0.0001824570323936616,3.4952400512127185e-06,0.3442756096332735,1.245860474729381e-07,0.6545692493509645,5.31161632801268e-05,0.0009159479939895022
10,mlp,2907,0,0,0.9999983171707318,1.3611210067299634e-11,6.780799351074414e-13,2.1994012567902154e-13,6.423531435226934e-10,1.68216636478872e-06,6.040906735378562e-12
10,mlp,5464,2,2,0.022666247691241495,0.0008037063449745504,0.9764711338666108,7.674462279346839e-13,5.728287714063314e-05,1.6126930579221169e-06,1.6526207088792394e-08
10,mlp,6363,4,4,1.9738053276321693e-07,5.332153511042291e-08,9.945841482689492e-06,5.5579754466524585e-06,0.9976114303880352,5.032488268800284e-06,0.002367782604698812
10,mlp,4616,2,2,0.00012374899099316833,1.5745623554443804e-06,0.9972445344925265,3.917910131767724e-10,0.002613428582192938,5.6725449123626815e-06,1.104043522843027e-05
10,mlp,7769,6,6,8.118000844228682e-05,5.1085293952528845e-06,0.00011216131766720997,0.13591863312036936,0.0030426629855832164,0.0012908245725338286,0.8595494294660089
10,mlp,12198,3,3,5.36988919573139e-07,2.0603522778396335e-06,5.361243118701296e-06,0.9677745960673315,0.000717143724810758,0.0006140812615907944,0.03088622036195087
10,mlp,6517,4,4,1.595932884058896e-09,6.990576782832316e-10,1.6966745870991052e-07,1.0574098095948622e-07,0.999967307510596,4.3729480997849534e-08,3.237105649260775e-05
10,mlp,7287,4,4,1.4279521105828415e-07,1.4044016600813461e-08,0.00014013679067138797,1.5187520105295015e-09,0.9998330453492535,2.8679946780068894e-07,2.637270262750813e-05
10,mlp,5921,4,4,9.682692123047062e-07,1.6560050824024834e-07,2.7423530366994048e-05,3.377838862907624e-05,0.9986489836723703,7.193043504762066e-06,0.0012814874954083604
10,mlp,8858,6,6,0.0004217843311117125,1.4302926399130845e-06,0.00026138945506235656,0.0018547557551051397,0.0018604889390645618,0.0003758810919927281,0.9952242701350236
10,mlp,6366,4,4,5.333017612579727e-08,3.444402639316061e-08,2.6757672207114246e-06,2.778587270475857e-06,0.9995848104113964,2.5390521760657727e-06,0.0004071084077338615
10,mlp,1926,5,5,2.340808358658407e-06,1.8622157644102293e-05,3.6560159848077424e-05,2.766624533619634e-06,8.007957103939918e-07,0.9999182907670334,2.0618686871732687e-05
10,mlp,12975,3,3,3.640234129212721e-06,3.254087249791983e-06,3.257380957941815e-05,0.7930322042503261,0.0031968910618928315,0.0014491500556148215,0.20228228650120786
10,mlp,11756,3,3,4.104069928662811e-07,1.4253866402049201e-06,1.647187531373236e-06,0.9852051583013713,0.00020778858453796985,0.003490908609822524,0.011092661523103573
10,mlp,3500,1,1,4.945200935846739e-05,0.9999504652375302,8.274458472688712e-08,9.48254379280835e-25,3.574382440691657e-12,4.952348126375057e-12,8.608007510574156e-21
10,mlp,3228,0,0,0.9998770577752011,1.19303122376024e-06,0.00012014052867146999,9.95845734470779e-12,1.2254546710832203e-06,3.7033868025852456e-07,1.286159392481792e-08
10,mlp,2904,0,2,0.140256236070172,0.00170342384471368,0.8560653555814117,4.411902415400888e-09,2.937295653537656e-05,0.001930649025898604,1.495810936607065e-05
10,mlp,3465,1,1,2.9247304963942983e-06,0.9998555458813915,0.00014152862354859847,3.9073624746120944e-23,7.610857212481798e-10,3.477588818238801e-12,1.312291466292626e-19
10,mlp,554,5,5,2.687700182619398e-06,2.3449713387928583e-05,2.9961179051780594e-05,0.0721174353124213,7.396885135282585e-05,0.923776289090208,0.003976208153395541
10,mlp,2501,0,0,0.99998251288578,6.863671437990897e-10,1.0384173397456636e-09,1.2948336788558764e-10,3.623481306605125e-08,1.744359519544315e-05,5.429943637138945e-09
10,mlp,7224,4,4,2.308965381511382e-06,1.474213870583618e-07,0.011843416562020375,7.400489226840347e-09,0.9880700127103622,2.1554241456744974e-06,8.195151621391078e-05
10,mlp,3211,0,0,0.9991098907926272,0.00015482689720163593,0.00069665941154718,1.2502429938088377e-11,6.705396596621376e-07,3.7930488675080894e-05,2.1857787015734012e-08
10,mlp,11921,3,3,2.1827788196099452e-07,1.3832696391441329e-06,1.5864707071726498e-06,0.9953014927806337,0.0005989150610955863,0.00023608765443170772,0.003860316485610855
10,mlp,13370,3,3,3.3843925599780586e-05,9.56691872827893e-06,0.00014974067990464258,0.6610863677999158,0.006459972711591026,0.012105011174566856,0.32015549678969357
10,mlp,8499,6,6,0.0002488690064938075,7.980677726561537e-06,0.0004880598439146637,0.03797941536999166,0.002685452048535487,0.018836942068310387,0.9397532809850274
10,mlp,11531,3,3,3.500772674729419e-08,6.233592296277948e-07,8.890666768171458e-07,0.9959977849385037,0.00017385756091439558,0.00047814908820207616,0.0033486609787465997
10,mlp,9613,6,6,0.0016316470619032854,1.2143373579698884e-05,0.005291088361530682,0.0009957863998182458,0.002041527832236202,0.04262365334889142,0.9474041536220406
10,mlp,1850,5,5,1.9542940005295518e-06,1.0037490206896496e-05,1.179366150035264e-05,1.3204326845526687e-05,1.5096360331115056e-06,0.9999148019117239,4.669867968964174e-05
10,mlp,8506,6,6,0.00018658539556605663,2.928850142415811e-06,0.0002970991663904733,0.012473085359572221,0.0029871577333606633,0.002066708214050565,0.9819864352809176
10,mlp,2214,0,0,0.7514688369450154,3.329943108545638e-05,0.1018092235012718,9.944777022462449e-06,0.00334816213411882,0.012517755837298942,0.1308127773741872
10,mlp,5131,2,2,0.0001297736662694173,5.039702949215867e-06,0.9998449246490702,4.3569408770800134e-12,1.972498101169122e-05,4.3176961522892615e-07,1.0522672721270274e-07
10,mlp,12366,3,3,2.540746599025549e-06,2.9195463963103363e-06,7.218935677883061e-06,0.9442598789693496,0.0008445487248550332,0.0015191442865928506,0.05336374879052946
10,mlp,9961,6,6,0.058007061289019786,1.560797267306227e-05,0.06418829431521805,5.439583931092624e-05,0.014178981618776293,0.003747910538768054,0.8598077484262339
10,mlp,10543,3,3,1.4005252963208238e-07,4.3035930355799133e-07,6.912902783926722e-08,0.9990194153759169,9.723583981336585e-05,3.2137143004622854e-05,0.000850572100404145
10,mlp,1441,5,5,0.008365408272655266,4.225788307239506e-05,4.725454111869231e-05,0.0028500635131180983,0.00013556915009647124,0.983199763187083,0.005359683452855945
10,mlp,3272,0,0,0.9998648579469814,2.739151280676408e-06,0.00013137457436735562,3.1306134489889725e-12,6.500690499238789e-07,3.7605464190051576e-07,2.200548015951127e-09
10,mlp,6836,4,4,1.866073278588504e-09,9.76278611779112e-10,2.3806186535603788e-07,4.630789706377311e-08,0.9999806295237569,6.355088679880318e-08,1.9019713242051973e-05
10,mlp,3114,0,0,0.8857609091497876,0.0005227017923919877,0.11363574852539571,6.123117369812616e-10,2.9011660191046976e-05,4.99471891298306e-05,1.6810707921143393e-06
10,mlp,2342,0,0,0.8980068218923455,4.432648176470807e-05,0.10027845894186525,5.342233637009791e-07,0.0002773446400214319,0.0008888724157786039,0.0005036414048607141
10,mlp,702,5,5,3.566398736762994e-07,5.725567584684104e-06,4.169720019609355e-06,0.002135335172114259,3.8139171000617735e-06,0.9976966705335807,0.00015392844972702494
10,mlp,1352,5,5,0.32124976705643765,2.1216519143561424e-06,8.166535785725108e-08,0.00031809188678204715,6.90807543164901e-05,0.6769776705454037,0.001383186439787983
10,mlp,9203,6,6,0.0025016297462164094,3.3979380675470438e-06,0.0009359376923454139,0.0008004971634372163,0.006100393712827165,0.000568893256077249,0.9890892504910289
10,mlp,8479,6,6,0.0008213297649432298,0.00013531525429104666,0.0016904406008640927,0.06522064767165696,0.0032482048976570483,0.25108386217631434,0.6778001996342733
10,mlp,7332,4,2,0.01235127448746386,1.1260086372255233e-05,0.9862568814228969,1.0530156779656442e-08,0.001279810171991511,4.6272026928116956e-05,5.4491274190684525e-05
10,mlp,11491,3,3,8.18877479901149e-08,4.900001130437727e-06,2.5059271171301496e-06,0.9923476076547606,0.00015994869804399534,0.004470558909683834,0.003014396921516012
10,mlp,10512,3,3,2.003260914073387e-09,1.712063151281392e-07,8.54199490890166e-08,0.9989889713844281,3.4668207095142976e-05,0.00029828433151980093,0.0006778174474318679
10,mlp,10866,3,3,2.7887297770346067e-08,3.398245216350051e-07,1.1544456442264228e-07,0.9953238770115558,9.595334876864255e-05,0.000638454926767874,0.0039412315565238954
10,mlp,11,5,5,2.379435741633263e-09,2.6899368438189497e-07,4.713358944496945e-09,4.242679006315912e-05,1.8458724666225395e-08,0.999957133131027,1.4553370621358008e-07
10,mlp,11161,3,3,1.4695067388600932e-08,2.807005748464153e-07,1.6150528470760753e-07,0.9986905438174811,0.00045487335879294463,2.4142840893237136e-05,0.0008299830819055354
10,mlp,7854,6,6,6.982232098997887e-05,5.009125081625011e-06,0.00012412893401329568,0.16521933349463017,0.003922547301762575,0.0015018382813622767,0.8291573205421601
10,mlp,10188,3,3,1.7682057821863816e-10,2.1326222117393512e-07,3.83413203434452e-08,0.9980973234254126,4.946614880529293e-06,0.001791829367703446,0.00010564881164141285
10,mlp,9196,6,6,0.00020798010139990963,3.90985388149518e-06,0.0014870618464345835,0.0027042384913843875,0.004554673840979036,0.011009834006565345,0.9800323018593553
10,mlp,12977,3,3,6.258763302916358e-07,2.019283872316124e-06,1.9723174356470777e-05,0.9666163365276255,0.00080982261602804,0.01011423227596438,0.022437240245823154
10,mlp,4692,2,2,0.001421352624913622,7.91807262622445e-06,0.9983561119693574,3.0560818607914574e-10,0.00017930083131833464,1.9270227260990846e-05,1.6045968915187276e-05
10,mlp,5569,4,4,6.433322503120399e-07,2.5735702430248126e-07,7.33982429181249e-05,0.0060109764897878235,0.686364903381391,1.918283650080844e-05,0.3075306383601276
10,mlp,8738,6,6,0.0025301752991591167,3.975804060693226e-05,0.0016881540494586697,0.024793103784113254,0.00295987651235689,0.07357546799445487,0.8944134643198502
10,mlp,8126,6,6,0.005985757882151028,2.1832041755731624e-05,0.0003183902332853019,0.07347422048326731,0.0047862485233866265,0.007574178400325901,0.9078393724358281
10,mlp,8562,6,6,0.00011446634976574685,5.951628447865034e-06,0.0004330956883127733,0.04259554735439613,0.0019281945476403268,0.019511615160815253,0.9354111292706219
10,mlp,7787,6,6,0.0005088302031958896,3.843547507678697e-06,8.068546127228598e-05,0.09059124733341466,0.01679373944368739,0.000566508781579467,0.8914551452293425
10,mlp,5446,2,2,0.000882857950479035,0.0015739102528450721,0.9975373810608836,1.7007677824511264e-13,4.9320689091097665e-06,9.168558946542982e-07,1.8108185500246356e-09
10,mlp,3712,1,1,1.4254157325732866e-07,0.9999990297186241,8.277387281273563e-07,5.089873469706147e-28,1.0570877345625251e-12,1.7212802214441532e-14,3.118245168667002e-24
10,mlp,4269,2,0,0.7528536663325568,2.5645317517492902e-05,0.24668274357267614,2.5666491634816476e-08,0.00017703042764661707,0.00017667821724609263,8.421046586553575e-05
10,mlp,5894,4,4,1.3801539814878139e-07,1.0530725679776302e-07,5.9399110887759195e-06,3.262969412105985e-05,0.9988926422811482,4.4405782561188466e-06,0.0010641042127307752
10,mlp,10705,3,3,7.522129456226569e-09,2.216855919506288e-07,1.1154908222980907e-07,0.9993978386443118,9.350411905577107e-05,3.876189090814597e-05,0.0004695545889206979
10,mlp,7690,6,6,8.917685100499485e-05,1.175172502742481e-05,0.00012788108036145964,0.4921055910174963,0.0056835159436602395,0.0027136953476248936,0.4992683880348248
10,mlp,4171,2,2,0.012034957472689735,1.5930344562394694e-05,0.9848642298592054,3.7804804096326576e-08,0.0019812150594434186,0.00015380751616469844,0.0009498219431302646
10,mlp,10793,3,3,6.366683730807272e-09,1.738086278431996e-07,4.671500389771461e-08,0.9982474988136243,0.0005976899483251391,7.719458664575284e-06,0.0011468648890706555
10,mlp,3687,1,1,2.2622852183117362e-07,0.997151341125928,0.002848425163243411,5.866024974626119e-26,7.482281146521217e-09,2.5593784869421777e-14,7.6963751800232175e-22
10,mlp,3749,1,1,4.442327108514327e-08,0.9999998858492468,6.972698868089773e-08,3.2997167651573086e-29,4.916723321205137e-13,1.849279577523978e-15,4.159622176681301e-25
10,mlp,9107,6,6,3.2348084326448327e-05,5.451069826940461e-07,0.00039047392504531635,0.0007931367079879811,0.001755320755800944,0.000898948134336905,0.9961292272855198
10,mlp,4614,2,2,0.0002523242525240961,4.209887561968974e-06,0.9996960688363974,9.223414446313109e-11,4.336904365440222e-05,2.059768232842624e-06,1.968119395245118e-06
10,mlp,4490,2,2,0.006227435760789929,1.8564914389689092e-05,0.9936607652514474,1.0330063864210961e-09,7.362116940390813e-05,1.4819745719549272e-05,4.7921252431793936e-06
10,mlp,4131,2,2,0.07593429805716094,4.939075630544333e-06,0.9208703389869228,1.1545671267170993e-07,0.0018463240824646743,0.0009441905510135361,0.00039979379009460304
10,mlp,3002,0,0,0.9999974085638355,7.095173011835565e-08,1.6997291629208282e-07,1.976150994990931e-11,1.0810564070081678e-07,2.2418435009761844e-06,5.426150317656736e-10
10,mlp,8807,6,6,0.0027042290426424536,1.7830584012374136e-05,0.0017800148392255815,0.0066912046937389735,0.0018248497206625528,0.046802863577077726,0.9401790075426403
10,mlp,12773,3,3,1.39637061245893e-06,4.42263280828184e-06,2.2626817414696443e-05,0.9641336200006364,0.0009973102165915326,0.005308241871358538,0.029532382090578003
10,mlp,2776,0,0,0.9986028927660905,0.00015681946202446298,0.0011395124532460506,3.694137201088475e-09,9.486992852318281e-06,9.083485281212733e-05,4.497788372875553e-07
10,mlp,13398,3,3,2.3381950729409504e-05,1.0586911855239003e-05,0.00016117337983352764,0.7520471490427071,0.0023505229527210083,0.032193831538793675,0.21321335422336002
10,mlp,3612,1,1,7.921158230617412e-07,0.9999991843393782,2.3544379887313143e-08,1.5007784107553721e-27,1.4575044405349227e-13,2.73416619579902e-13,1.9019217006018876e-23
10,mlp,5865,4,4,2.126152858784912e-09,4.338198319491265e-09,1.1086598376681613e-07,9.385749264525347e-06,0.9997602362797587,2.8920116841340287e-07,0.00022997143947334886
10,mlp,56,5,5,1.134726552340457e-06,9.367857250395315e-07,2.4582320660228755e-08,0.0005931187173484045,4.492440754360986e-07,0.9993993958955747,4.940048403279829e-06
10,mlp,13358,3,6,0.00026364287077984327,1.0569074799678433e-05,0.00010788175767850002,0.2010835975415259,0.0037831575343657176,0.0015657741710108676,0.7931853770498395
10,mlp,4563,2,2,0.0007300117927104483,5.771689016894404e-06,0.9990858253653689,4.5108408899598847e-10,0.00014786439723470768,1.2850380775355805e-05,1.767592380944592e-05
10,mlp,6415,4,4,3.713424012552132e-08,2.8786230967241538e-08,4.667633806286403e-06,8.266360129570652e-07,0.9999317713048261,6.284788291562818e-07,6.20400260542933e-05
10,mlp,8723,6,6,0.0006925058790598299,1.8855793619659125e-06,0.000373844288033331,0.002287189299237686,0.011951511056585467,0.000299525172166059,0.9843935387255556
10,mlp,5235,2,2,0.00020478015883731982,9.552673593501577e-06,0.9997308735356896,3.2153460179025805e-12,5.09323283424648e-05,3.780615399979044e-06,8.068492166808882e-08
10,mlp,6094,4,4,5.053130015558756e-05,2.1071415237437327e-06,0.004374276530551907,6.471557030325577e-05,0.9072619061257812,0.0001242637040404412,0.08812219962764396
10,mlp,12907,3,3,3.5206129122193308e-06,7.1192024699549355e-06,6.138026085318788e-05,0.8586353222433406,0.0010099992013118404,0.023206974207227102,0.11707568427188485
10,mlp,9313,6,6,0.000872116221185073,1.775932930047279e-06,0.0009594129548000113,0.00048795038622773265,0.001334928297748934,0.002979834202918967,0.9933639820041893
10,mlp,11587,3,3,7.549010881384746e-08,8.376604961598392e-07,1.0590622561723842e-06,0.9963159458145807,0.00030645167401886244,0.0002058629074720809,0.0031697673910669206
10,mlp,4653,2,0,0.9232714132063459,2.5402349329398485e-05,0.07636379763313997,3.140530311677377e-09,0.00016523385737042786,0.00013051351656646532,4.363629671770599e-05
10,mlp,7493,6,6,8.510303370458136e-05,6.609699314190204e-06,7.69817414108951e-05,0.33317065877527585,0.0035612728206440123,0.0022747757459096614,0.6608245981837407
10,mlp,6168,4,4,4.5321113556518036e-08,7.559933929339143e-08,1.2329017124858545e-05,3.563152785787497e-06,0.9990688863509091,3.253897680512067e-06,0.000911846661046924
10,mlp,4365,2,2,0.0008016983982789736,1.5234831879979646e-05,0.9991209527575385,8.855878648362786e-10,3.779940699998438e-05,1.4336068045916723e-05,9.977651668747974e-06
10,mlp,4897,2,2,0.0005020309775501932,1.5575074784561938e-05,0.999417676253783,5.6062955078767115e-11,6.049654993615644e-05,3.4905787593558002e-06,7.305091238825689e-07
10,mlp,3846,1,1,4.0826379373337984e-10,0.9999999943833333,5.208393212032356e-09,3.685278444355403e-33,9.481951849315004e-15,2.9503194477265833e-18,2.1743993488842323e-29
10,mlp,4817,2,2,0.00012913997010169931,2.4824158428684042e-06,0.9991664260027932,1.0303512770564608e-10,0.0006977997469219292,1.9742536001095537e-06,2.1775077052297333e-06
10,mlp,837,5,5,1.208082794619135e-05,3.324094722312916e-05,4.032448711013424e-05,0.03595879864556483,0.00010250386771539,0.9562687358866673,0.007584315337773013
10,mlp,8030,6,6,9.460285722276567e-05,6.184065906443899e-06,0.000227845696093065,0.17122592076572307,0.0039743461424679855,0.004151719118085558,0.820319381354501
10,mlp,2535,0,0,0.9999866499586051,7.674747973059986e-08,4.817680887547224e-06,1.7466581696110402e-09,1.8466892320609054e-06,6.3810240502968e-06,2.2615308734445534e-07
10,mlp,6593,4,4,0.0013667682978569253,2.2379993214898065e-06,0.0032980180856793115,1.5317353802802203e-05,0.9850699939961955,0.00020296507681052817,0.010044699190333514
10,mlp,2752,0,0,0.9999764421906835,4.2637769311259856e-07,5.312157186351784e-06,1.508711664031865e-10,2.7720956824739535e-07,1.747830527071119e-05,6.360872730637089e-08
10,mlp,3451,1,1,5.426821483762445e-06,0.9999920553507127,2.5177745217399596e-06,1.633414504731885e-23,5.004181632618883e-11,3.2399647614184114e-12,4.89298227228228e-20
10,mlp,3663,1,1,1.5878300477493325e-07,0.999963158773865,3.6682272738120464e-05,3.8078286785543613e-26,1.7037372760836308e-10,1.8413450556673984e-14,1.0376811608707133e-22
10,mlp,13360,3,3,2.8549435101598875e-05,8.307579455343238e-06,8.85545904168986e-05,0.7441785109103541,0.003422593221951029,0.007111993053104641,0.24516149120961628
10,mlp,11881,3,3,2.233456391077165e-07,1.4358231365853997e-06,2.648706288102604e-06,0.9875910381218777,0.00045575717114252495,0.000431362271654142,0.011517534560261866
10,mlp,7652,6,3,1.2343646715009466e-05,7.007806231533936e-06,8.335378192536585e-05,0.8238012088708309,0.0029794833398951357,0.005668913293970282,0.1674476892604319
10,mlp,7497,6,3,1.4011563530325938e-05,8.029560996266945e-06,5.040401481479204e-05,0.8016194263724903,0.0022842036590549016,0.002209559124824219,0.19381436570428923
10,mlp,10519,3,3,1.2175912492071981e-08,2.0284680090955235e-07,4.844643526688406e-08,0.999526366799636,7.217329679947072e-05,9.433364749644526e-06,0.00039176306966611017
10,mlp,5568,4,4,2.717291220175931e-07,3.6426355983488406e-07,6.367917707086118e-06,0.005311615070698775,0.989049737765773,1.942188407299404e-05,0.005612221369066232
10,mlp,4659,2,2,0.0009441516453788308,8.702824132994385e-07,0.9974615721839862,2.491242543376858e-10,0.0015798231502912963,1.1360466960527421e-05,2.2220218453988246e-06
10,mlp,6939,4,4,2.516967728743567e-06,2.3291457832286347e-07,0.004546005333424624,2.0930109195000578e-07,0.9947708988066215,6.130935030359505e-06,0.0006740057415244086
10,mlp,9576,6,6,0.001173484499857451,2.4227537272079617e-06,0.0015610096297503913,0.0003527429459403848,0.0010821347730239573,0.004372949084226369,0.9914552563134742
10,mlp,7310,4,4,6.488001748747904e-05,6.528609125048732e-07,0.010791904571941317,3.993958850845493e-08,0.9890193133300146,8.030526015544225e-06,0.0001151787540402048
10,mlp,12968,3,3,1.2068155004054242e-06,2.0372017283058785e-06,1.2063680032399901e-05,0.9513695731426336,0.0019263232493107064,0.0016305732756453958,0.04505822263514925
10,mlp,8332,6,6,0.0002839667841203591,8.838053294331942e-05,0.0013659285803024964,0.11011248283541107,0.003679065669979545,0.2579760063072251,0.6264941692900181
10,mlp,10865,3,3,2.9996434955238785e-08,3.752930506377354e-07,1.9191846622310573e-07,0.996734144602314,0.00026586409973562117,2.1458430729952614e-05,0.0029779356592687643
10,mlp,7789,6,6,0.0002136472325811185,5.152032132288268e-06,6.220193005259487e-05,0.1181006868394126,0.005300766716692905,0.0005806265454163388,0.8757369187037121
10,mlp,10350,3,3,6.766424583254736e-09,1.0174656646001343e-07,2.5516326537844414e-08,0.9992664329957455,0.0001534419925938543,2.1708678199195467e-06,0.0005778201145231899
10,mlp,5665,4,4,1.6612104171799984e-06,4.852307745843918e-07,3.1133153969438004e-05,0.0014222051436503008,0.9805267015815201,3.325430932687333e-05,0.01798455937034158
10,mlp,1496,5,5,1.0172288432316263e-06,6.491187308284226e-06,1.9491424390034013e-05,0.0005267929214289037,4.672931518611715e-06,0.9991312610723013,0.00031027323420956533
10,mlp,3757,1,1,5.616691062635107e-07,0.9999994235702087,1.476056034498408e-08,2.875929817391552e-29,1.1945016190365708e-13,5.312847275424697e-15,4.751542629176071e-25
10,mlp,4895,2,2,0.0001773737512307262,4.314074959225639e-06,0.9997116053000465,2.6837493811336167e-11,0.00010545106452180248,7.336814985818123e-07,5.221009054695062e-07
10,mlp,1131,5,5,0.0012249618347405173,5.9727237617963736e-05,6.300210081353564e-05,0.043979056344568605,0.0004739557341327849,0.9217326199827112,0.032466676765415446
10,mlp,1226,5,5,2.3885184855076795e-06,3.2682403137769805e-07,9.104677633483854e-10,1.0324996089982879e-07,9.561178569833697e-09,0.9999971634629112,7.472964655319125e-09
10,mlp,2486,0,0,0.972828342671634,7.544440425681234e-06,0.025666590819324448,1.6848330490270898e-07,0.0007355838192877416,0.00033614117061504415,0.000425628595408154
10,mlp,1772,5,5,1.7517108436950284e-06,9.797647635418783e-06,1.8207122944558506e-05,1.8316273969167918e-05,1.3303603586008633e-06,0.9998832348801757,6.736200407272468e-05
10,mlp,9401,6,6,0.0029948475349161007,2.946389562088952e-06,0.0009699679552204304,0.000658717311263354,0.0015491906615344244,0.0008674776336109184,0.9929568525138927
10,mlp,8606,6,6,0.00010536220521032429,1.5991793442371886e-06,6.424288920493303e-05,0.006634061247830089,0.016962347757060084,0.00030421629741769567,0.9759281704239328
10,mlp,7763,6,6,7.420167020216376e-05,2.6279187348674704e-06,4.3727343097661965e-05,0.1270207174475132,0.009625371573404758,0.00030776641684887064,0.8629255876301984
10,mlp,91,5,5,9.693588761996646e-09,1.769497646232349e-06,1.648333833381121e-07,0.0022616917610151703,7.951861490465317e-07,0.9977212439016697,1.4325126547918502e-05
10,mlp,5549,4,4,1.152120716373043e-05,1.5597103720762156e-06,7.523751919877651e-05,0.050886538065930166,0.8362815559120866,0.00015144377302712364,0.1125921438122217
10,mlp,12751,3,3,1.8234044027985135e-06,4.044732923841919e-06,2.5144344096879013e-05,0.9298083370146618,0.0006874727966534152,0.011212697686435694,0.05826048002082538
10,mlp,1691,5,5,3.187636067072401e-07,5.048918681184818e-06,6.500572292356451e-06,1.4403754411342508e-05,6.510168601697077e-07,0.9999405469926693,3.2529981479047144e-05
10,mlp,3113,0,0,0.999997124712369,9.727456031071185e-08,1.3686589975096874e-06,5.7583544731354474e-12,1.7004733753320014e-07,1.2348617256266655e-06,4.439251687324226e-09
10,mlp,12118,3,3,2.799533150535117e-06,3.2811699957263715e-06,3.978308513855134e-06,0.9673442432014898,0.0012808020987695957,0.00028872203274222716,0.03107617365533811
10,mlp,5892,4,4,2.1880926509703767e-06,3.9359796401322685e-07,6.201966908635847e-05,0.0003245448471621311,0.985752641775252,4.5864835039770275e-05,0.013812347182844728
10,mlp,11132,3,3,4.8993522170316764e-09,2.7940944079123795e-07,3.7248103470353784e-07,0.9987973742119729,0.00014495494708797516,0.00013792302888513734,0.0009190910222260552
10,mlp,4854,2,2,0.005049641232455537,2.877099443400076e-05,0.9947989115107663,1.5252290833565718e-10,3.7690314689153404e-05,8.186511766636223e-05,3.120677465933606e-06
10,mlp,4729,2,2,0.0006541063171103901,1.5650566228558826e-06,0.9966867966938477,3.7355897738625196e-10,0.002649033854696031,4.374654211200372e-06,4.123049952891275e-06
10,mlp,5038,2,2,0.0002369472418954277,2.9820657419904288e-06,0.9996511231405749,1.517281630713371e-11,0.00010791143284922638,5.6512390668529e-07,4.709798588817397e-07
10,mlp,3170,0,0,0.9999785247972717,6.087227555351219e-06,1.3626974940408235e-06,3.9944489258270384e-12,4.020023395806346e-08,1.3984467938420512e-05,6.055121156641218e-10
10,mlp,5343,2,2,5.571176687312621e-05,6.0956540107685695e-06,0.9996910598819954,5.827616714644971e-13,0.00024693040647430514,1.3692179859387915e-07,6.536826513721544e-08
10,mlp,5275,2,2,0.0005983093762953896,2.7320099119305e-05,0.9993217088600793,3.3067719703744436e-12,5.190298874653382e-05,6.994218129800217e-07,5.9250640043684576e-08
10,mlp,11904,3,3,6.787491242610542e-09,3.223857518034241e-07,8.346642226664738e-07,0.9971289563242371,9.053773831599961e-05,0.0021260401004208084,0.0006533019995602663
10,mlp,2775,0,0,0.9974725587697316,5.621961771221252e-06,0.0024811132538870347,1.7187825481320298e-09,8.726779309743394e-06,2.8411741488501414e-05,3.5657750292311466e-06
10,mlp,10371,3,3,2.023920522122147e-08,1.7556408373311414e-07,3.624951085754669e-08,0.9992594214716799,7.983865387905084e-05,1.502835828754468e-05,0.0006454794633536743
10,mlp,5689,4,4,1.0986923983198918e-08,7.412704016405249e-08,2.283518869205317e-06,0.00030013033595411697,0.9982381494546065,4.21474859712707e-06,0.0014551368280089553
10,mlp,9764,6,6,0.0027957048745703983,4.583345891090587e-06,0.0015033656823884361,0.000549239564868118,0.0240432373126829,0.002747114653839533,0.9683567545657595
10,mlp,4857,2,2,0.12371309724106108,4.674472750637912e-05,0.8757592843180528,9.642227466115738e-10,0.00031660471535405654,0.00010902220326009045,5.524583054283962e-05
10,mlp,4558,2,2,0.00021094959021383103,2.9963010661442614e-06,0.9985278485884347,2.623594178907356e-10,0.0012384050609897071,4.440814674524453e-06,1.5359382261470212e-05
10,mlp,6717,4,4,1.5566537769423154e-07,3.432213864804748e-08,7.140973091214048e-05,2.718571106546711e-07,0.998950957733384,2.0625747682878242e-06,0.0009751081163087025
10,mlp,10253,3,3,5.94132409709725e-10,4.2587611956765704e-08,1.8003020257547914e-08,0.9997551732313182,2.5209605651681197e-05,2.2945846031013853e-05,0.00019661013223471667
10,mlp,4251,2,2,0.0016165794823152625,3.071235393344463e-06,0.9638689670859169,2.2372097173813088e-08,0.034105887422282724,4.38700447209191e-05,0.0003616023572737444
10,mlp,4206,2,2,0.0003852148129941451,1.522080897095137e-06,0.9799828848709325,1.5704803961950644e-09,0.019438651524106766,2.2788240634246178e-05,0.00016893689995484116
10,mlp,10736,3,3,7.860235473294244e-08,4.393495537155307e-07,1.2934486459398983e-07,0.9978108963425606,0.00031958247614663986,1.4891038671782082e-05,0.0018539828458479554
10,mlp,1029,5,5,1.3182616039491278e-08,7.44682825440414e-07,2.0401081979317438e-07,8.881439698198451e-06,6.06766737325126e-08,0.999989040156871,1.055850495844159e-06
10,mlp,10846,3,3,9.757785618608653e-08,3.9772573847743266e-07,1.7671357967265995e-07,0.997473313875794,0.0005000313573819418,1.160989924871428e-05,0.002014372850400869
10,mlp,1179,5,5,1.572922876704686e-07,2.354570521709592e-06,1.7449578372996414e-06,0.0001522713873870837,7.949955597680387e-07,0.9998057915530074,3.6885243399010186e-05
10,mlp,737,5,5,1.5042003535683915e-05,1.6968148650266837e-05,2.9969421506998474e-05,0.038788774092211126,8.676535516200789e-05,0.9532965368257462,0.007765944153187826
10,mlp,5463,2,2,5.2682749941723584e-05,1.4513973298323594e-05,0.9998618969916641,5.573074962557555e-14,7.086612270366827e-05,3.8157674278522464e-08,2.004661883819559e-09
10,mlp,4871,2,2,0.0006827178580520944,2.7884870698198924e-05,0.9992439973282059,8.266776578343764e-11,4.030881947572141e-05,3.578157507675279e-06,1.5128833925033672e-06
10,mlp,3921,2,4,0.0018430422921900667,1.6662592010581994e-06,0.0032356383170880393,5.984637738072972e-06,0.9834977074697098,0.0001851354729769987,0.011230825551095823
10,mlp,12868,3,3,3.5720778001798933e-06,6.262147706860261e-06,2.839521471253702e-05,0.9464366828241264,0.000877658398782192,0.004591377403826206,0.04805605193304534
10,mlp,1151,5,5,8.274143947277733e-09,1.2209646966324211e-07,2.2571193820630404e-08,5.293227921387338e-07,6.928188075609715e-09,0.9999992314165197,7.939069274902955e-08
10,mlp,9302,6,6,0.000659102528780598,2.784979008752424e-06,0.0010803861785364675,0.0006675644791209777,0.00545275926472945,0.0010908258086250574,0.9910465767611987
10,mlp,8007,6,6,0.0005213229986460058,6.453585324416524e-06,0.00017390130755953702,0.07532519477060812,0.0064567417253203726,0.00245075215938422,0.9150656334531573
10,mlp,4539,2,2,0.003020738815392213,3.366083578116101e-05,0.9968733680189508,7.539728465039836e-10,4.062741267397134e-05,2.2219907907715553e-05,9.384255321373202e-06
10,mlp,9225,6,6,0.0003477887528236067,3.37217803769381e-06,0.00047302534175513793,0.003579713466941385,0.001777982637991134,0.005216181603231037,0.98860193601922
10,mlp,4663,2,2,0.008882939852970784,0.00010070533100142815,0.9908676200504293,4.525191885809634e-10,2.826336357965308e-05,0.00011489455860087384,5.576390898942383e-06
10,mlp,12016,3,3,6.724260769115315e-08,5.970506486288689e-07,7.192398376512194e-07,0.9965607873550609,0.0008123261812572109,0.00025044959683210037,0.0023750533337556956
10,mlp,5903,4,4,8.899480329995272e-07,2.1876722286124603e-07,2.689519009766327e-05,5.8692630822865223e-05,0.986976542775424,1.3211564144584847e-05,0.012923549124254821
10,mlp,1161,5,5,1.5666547452144916e-07,3.0535234997871484e-06,2.4317878791447477e-06,0.00012443102165645323,7.525909634993837e-07,0.9998315082445957,3.766616593078268e-05
10,mlp,13307,3,3,1.7962461531453312e-05,7.147044330705136e-06,9.142894534528364e-05,0.7296450600469584,0.004299946335558119,0.00496871693697315,0.260969738229303
10,mlp,13364,3,3,1.4934822072648942e-05,7.820522203078488e-06,0.00010726566629755188,0.7899923242238595,0.0023502152313812814,0.015304815645126143,0.19222262388905975
10,mlp,8625,6,6,7.406408314498352e-05,4.127861954327591e-07,9.654061976555717e-05,0.001263621147787342,0.0016883818126677895,0.0002122916298750622,0.9966646879205637
10,mlp,830,5,5,3.2872309304841825e-08,6.152107413218856e-07,1.1347209135781922e-07,1.0557563986178491e-05,5.7116986967823e-08,0.99998778404231,8.397215748495691e-07
10,mlp,4022,2,2,0.005240052240330105,6.338432641438395e-06,0.9863735291149444,1.533871719643871e-07,0.004458122728214229,0.00024488616760046566,0.0036769179290975563
10,mlp,2713,0,0,0.9987399750367871,1.2660221509720293e-05,0.0011116949408734034,3.896917204613234e-09,7.961350454865064e-06,0.00012484473633958112,2.8598171182232793e-06
10,mlp,3250,0,0,0.9997842807666268,3.308619682866878e-05,0.00017529064395577757,5.457246593153149e-12,3.95194499481687e-07,6.94363451539629e-06,3.5581165711598726e-09
10,mlp,2280,0,0,0.9996811211266543,8.031371994227405e-07,1.0191926016545851e-05,4.0055416068753437e-08,2.8451153396961407e-06,0.00030146543924340944,3.5332001303817507e-06
10,mlp,10487,3,3,3.8262203723922666e-06,1.8173273349424257e-07,1.1190990259299725e-08,0.9964775541830748,0.00020318000403370275,0.0010365573130948738,0.0022786893557006304
10,mlp,6491,4,4,3.1700191017601826e-05,1.9038869613841464e-07,0.0027901330651269127,2.4815003576308932e-06,0.983378235060335,6.437619059581681e-05,0.013732883603870765
10,mlp,10996,3,3,1.7514632544487348e-09,1.7882406218888165e-07,1.667156484069267e-07,0.9995396694892694,4.3692967669726894e-05,0.00017945753285745456,0.00023683271902973378
10,mlp,11503,3,3,3.8624233407696936e-08,7.138606448397828e-07,7.10604465007798e-07,0.997740046866554,0.0001740133374446675,0.0002829487582596226,0.0018015279483983575
10,mlp,11887,3,3,8.68473253008639e-08,8.301370525639998e-07,7.886208187133582e-07,0.9914067409768108,0.00166788329119258,7.737178266925698e-05,0.0068462983441304835
10,mlp,3955,2,2,0.0014140622313073025,5.7382001920630805e-06,0.9834202616293217,2.484543220205011e-07,0.009320579527490899,0.0003526703531726422,0.00548643960419347
10,mlp,2604,0,0,0.9999258352529407,1.1013725257409634e-06,4.6505833498048314e-05,1.030841167546689e-09,1.327395227285236e-06,2.4732226353564937e-05,4.968886137280007e-07
10,mlp,9463,6,6,0.18287357959569683,1.339762516920233e-05,0.0017344624314545689,0.0032419602341186766,0.0060459305915135046,0.007569262245896364,0.7985214072761508
10,mlp,5511,4,4,1.8008945100442084e-10,2.041404339464993e-08,1.4194458212479938e-07,0.003075054619293659,0.9963569843523088,3.5737391554352743e-07,0.0005674411157668869
10,mlp,8131,6,6,3.659707347800296e-05,6.412630396311021e-07,4.0917527674268275e-05,0.010829179669487425,0.001597139014764328,9.705065351482613e-05,0.9873984747980415
10,mlp,3989,2,2,0.005523290809026576,5.437989898618557e-06,0.9886100493811473,1.3626656747235134e-07,0.00353199467800282,0.00015388849918407404,0.0021752023761730096
10,mlp,7673,6,3,4.629010572377426e-06,3.799378434264519e-06,8.289171863775385e-05,0.7060006402778015,0.006099211501970909,0.004083613456232568,0.2837252146563505
10,mlp,11677,3,3,1.063382341315021e-08,2.5787164716852235e-07,2.3239429629733252e-07,0.9989566160478291,0.00033556921881112143,7.725888598079475e-05,0.0006300549476119183
10,mlp,4423,2,2,0.015164538557536593,4.0326691733636865e-06,0.9827992023643894,6.9478144405292866e-09,0.0019215808602817933,2.3196580579696274e-05,8.744202022472286e-05
10,mlp,9742,6,6,0.003474844941643511,2.747568671759286e-06,0.001706384652917728,0.00029524543300617266,0.0013665014049010292,0.0029491200286793366,0.9902051559701804
10,mlp,10074,3,3,3.791367391962044e-10,1.7028317786114047e-08,3.6482686857966648e-09,0.9998749377388245,1.6206432101773714e-05,3.2976557079529076e-06,0.00010553711764249468
10,mlp,1382,5,5,3.219769248022998e-08,1.041986984868631e-06,5.076271222755816e-07,6.508003247762902e-06,9.110329835629358e-08,0.9999900012642532,1.8178174012008399e-06
10,mlp,7397,6,3,6.707905668822011e-06,3.2113150344521803e-06,9.200983332545507e-06,0.8770134123526814,0.004290545435601403,0.0004474745290518098,0.11822944747862953
10,mlp,3373,1,1,0.0003200519525242612,0.9989264652883086,0.0007534752644900424,4.0392808518699256e-20,6.416561760148741e-09,1.0781150632078646e-09,2.2517172339171447e-16
10,mlp,6803,4,4,1.8333963864867874e-06,4.20728752125324e-08,6.987323494693486e-05,3.059872567344957e-07,0.999275755201753,2.298012635245663e-06,0.0006498920941462957
10,mlp,6498,4,4,2.43266441575888e-05,2.0302887731462382e-06,0.0036685660057505913,9.680481360798303e-06,0.9834466415980727,0.00010942610308618142,0.012739328878798981
10,mlp,7527,6,6,0.00021347515542844998,1.0851640229432505e-05,5.736677789164454e-05,0.4172140334370252,0.005340835974726748,0.001110307490084451,0.5760531295246141
10,mlp,7805,6,6,6.488948314228308e-05,3.82319820099887e-05,0.0003400849133760914,0.39520904395608714,0.0047232758504444266,0.032098440691625346,0.5675260331233147
10,mlp,6774,4,4,0.0008588151048806269,4.770188267389389e-06,0.047766484989631625,5.901152349754372e-06,0.9220562254481885,0.0003300641840942938,0.028977738932587847
10,mlp,8757,6,6,0.0016743052060430002,8.929755652281456e-06,0.000681759496605123,0.007805457555833357,0.003481461626654394,0.0034695944979109346,0.9828784918613008
10,mlp,10696,3,3,6.964792038883214e-09,2.1264087606592e-07,1.0860159241473553e-07,0.9992643448073619,9.08459785595815e-05,3.299071710493417e-05,0.0006114902897129387
10,mlp,6241,4,4,3.888667946396467e-08,1.808713993129378e-08,8.995322289909153e-06,1.0183216710309747e-06,0.9992308967831087,1.0112312586073383e-06,0.0007580213678523529
10,mlp,13113,3,3,1.0984357557631222e-05,7.775528096076982e-06,3.5302326628416556e-05,0.8845705198126003,0.004993021529590366,0.0014905784042139926,0.10889181804131308
10,mlp,7957,6,6,0.00012695206819636175,3.4236651772053955e-06,0.00010232613896968146,0.06500177390988784,0.003537762328115441,0.0006633945158140206,0.9305643673738394
10,mlp,11917,3,3,2.2494215864719405e-07,1.2330498296729005e-06,3.339136767057416e-06,0.9818124909563076,0.0006416755753692034,0.0003117077149646641,0.017229328624603045
10,mlp,8876,6,6,0.00038701907786232266,9.897807740258877e-06,0.0010889159360870546,0.008037258027852013,0.0020432593156318227,0.02551122508814271,0.9629224247466839
10,mlp,5928,4,4,2.2826961507239755e-08,2.05216454127772e-08,9.118869846521066e-07,5.93686727562222e-06,0.9997984817609632,1.1845083960902628e-06,0.000193441627773638
10,mlp,1674,5,5,8.149312475650997e-08,2.0350600298656947e-06,1.617986875739518e-06,3.3446340815799664e-06,1.3861298596541763e-07,0.9999891016677986,3.680545103566703e-06
10,mlp,1376,5,5,2.7642454698767492e-08,1.0700728040605092e-06,4.479948033037534e-07,5.711006971665055e-06,7.747650814056438e-08,0.9999911910514397,1.4747550182498376e-06
10,mlp,9708,6,6,0.005894376044166508,5.810757957406128e-06,0.0025788023037223774,0.0003663472748603382,0.0019829352639566564,0.001285079687552165,0.9878866486677845
10,mlp,466,5,5,7.203029560004197e-08,1.1571832130346376e-06,3.268988613375229e-07,0.0004207175713956371,5.77041375836563e-07,0.9995598343164623,1.7314958396202437e-05
10,mlp,910,5,5,5.187166785890697e-10,5.4704846399123086e-08,7.738693199754556e-09,2.9774854950672974e-07,2.00439562212161e-09,0.9999996075115065,2.9773292100854375e-08
10,mlp,13165,3,3,2.0656759418355346e-05,8.044773365840768e-06,7.817249482729261e-05,0.6583311500592259,0.0029513714614730372,0.0025879317361992573,0.3360226727154903
10,mlp,7935,6,6,0.019981452789073754,2.5175227579318125e-05,0.00022977885676292922,0.08845870751612073,0.006936513486003749,0.006665908121179143,0.8777024640032804
10,mlp,3755,1,1,1.7070613688649853e-07,0.9999997350778655,9.421559079095497e-08,3.8277330159762243e-29,4.018357591674539e-13,4.965910965543787e-15,6.367770990879569e-25
10,mlp,2910,0,0,0.9776708573773458,7.730641680013589e-06,0.022234449200132806,2.1232912680108313e-09,4.280472925970142e-05,3.534377173039048e-05,8.812156559742504e-06
10,mlp,6960,4,4,5.5842902614748757e-05,9.108290576850754e-07,0.0024819621893371895,1.524263071633644e-06,0.994302098582699,5.053455713953835e-05,0.0031071266760802625
10,mlp,3352,1,1,0.002164593528341182,0.9900240207240054,0.007811303624861964,3.744391025005557e-18,6.319699440496203e-08,1.89257767702668e-08,2.002957814006604e-14
10,mlp,5255,2,2,0.0002741714906708067,2.2404194956012323e-06,0.9992511262185337,3.717845152514377e-12,0.0004716332308645162,7.749771417488747e-07,5.3659575727365296e-08
10,mlp,1462,5,5,5.478885562475621e-06,8.666812478578576e-06,0.00012615723719623163,0.011102995028264832,7.164902502719038e-05,0.9784181808302648,0.010266872181205998
10,mlp,6820,4,4,3.1329305311585493e-06,1.996185701723016e-07,0.0016140023972537867,2.590776230823734e-07,0.9973447108280608,6.811393961031065e-06,0.001030883754000049
10,mlp,3564,1,1,6.169026045242788e-07,0.9999959500351251,3.433056733910395e-06,8.836089561961052e-26,5.13764561800501e-12,3.9876428657926393e-13,3.9803285095365187e-22
10,mlp,11522,3,3,2.117548881404174e-08,6.009853102063465e-07,8.826144796699994e-07,0.9976724000425301,0.00015529726168873358,0.0003660912474372076,0.001804706673065299
10,mlp,1596,5,5,2.489308685255051e-05,3.7268641641020795e-05,0.00016317758848053557,0.0018138613818710209,4.8817744285190564e-05,0.993010740793927,0.004901240762942822
10,mlp,891,5,5,0.00019737986450681642,7.541475922779582e-05,0.0003511318717039682,0.29194631336532306,0.001556266772425754,0.5172687405489835,0.18860475281782915
10,mlp,2666,0,0,0.9822733268220635,7.213992107164454e-06,0.017618347934156224,1.1315016508969916e-08,4.29410617358088e-05,4.731873742885734e-05,1.0840137491954617e-05
10,mlp,3362,1,1,0.002106681124385838,0.9978771684392292,1.6143181925662768e-05,3.7787634203945154e-20,6.956863013597904e-10,6.5587725656890334e-09,3.366380670648145e-16
10,mlp,3131,0,0,0.9995433284905999,4.0355844797489445e-07,0.0004378989205948624,9.972347898682997e-11,1.780697361111325e-05,4.246315214180445e-07,1.373255010374124e-07
10,mlp,8920,6,6,0.0006167553396524357,3.1167398579392467e-06,0.00034264644224653534,0.003158644076035463,0.0024777257397537323,0.003935768660550794,0.9894653430019031
10,mlp,7414,6,3,5.320881924078701e-06,5.170992889630203e-06,1.274720937289628e-05,0.8728231368669823,0.008749365934510464,0.00042489322013928985,0.11797936489418147
10,mlp,4970,2,2,0.0007008415250362741,8.586174876801486e-06,0.925466705976236,6.637019100514742e-10,0.07378282251767232,9.170398358369534e-06,3.187274411847669e-05
10,mlp,768,5,5,4.441330182379286e-08,2.1009950991443327e-06,2.5737929334765025e-06,0.0024949852073141003,3.026216633194827e-06,0.9973458170299174,0.000151452344800854
10,mlp,3720,1,1,4.4147965174571315e-07,0.9999992783440653,2.8017348559512656e-07,8.181415024630963e-28,2.791790132733407e-12,5.604215595696739e-15,8.399296174492563e-24
10,mlp,12452,3,3,6.7490084712289225e-06,6.0237202569348536e-06,1.1369916093843046e-05,0.9218419065565506,0.00246215449945593,0.000380821102121247,0.0752909751970502
10,mlp,6115,4,4,3.414953108319129e-05,2.752368125746095e-06,0.0013894022078084058,6.495589743097329e-05,0.9501636365244283,0.0001574043762086734,0.04818769909491476
10,mlp,2148,0,0,0.9709537610449991,3.3749729662174895e-06,0.015031147067550196,1.6114091641517104e-05,0.005838262122295404,0.0006791587524941715,0.007478181948053333
10,mlp,9222,6,6,0.0007260606507061339,3.734854314651997e-06,0.0009932229481667517,0.0013216108805688617,0.0010705820041022284,0.004643731179967077,0.9912410574821743
10,mlp,8074,6,6,0.004397969189968442,7.796756659240744e-05,0.000926907238908422,0.10765963806393568,0.0038768212809611132,0.20690815017796033,0.6761525464816737
10,mlp,5361,2,2,0.0002737427123928012,0.00013670336113145114,0.999574213175374,8.420572993479156e-13,1.4785702982974788e-05,5.458686929742557e-07,9.178583827607082e-09
10,mlp,4822,2,2,2.963834304052314e-05,1.0858523365673585e-06,0.9994869972142426,4.575142894748251e-11,0.00047888401684646265,1.3087715672005104e-06,2.08575621515701e-06
10,mlp,10485,3,3,1.967009821316591e-08,9.36774900426402e-07,1.5187811055489754e-07,0.9981662088697031,3.1518603390016586e-05,0.0011848580498525216,0.0006163061539452864
10,mlp,8099,6,6,0.0006680070952625309,5.326535120511444e-06,0.0001447962557877368,0.08181843819686016,0.026369143620908458,0.001087262242425476,0.8899070260536351
10,mlp,665,5,5,3.1109237106301133e-06,9.326359112697537e-07,3.529306468639866e-08,2.43439060290096e-05,2.144683517190559e-07,0.9999696941015308,1.6686714018650903e-06
10,mlp,8470,6,6,0.0002784140807497537,2.5996351406837505e-06,0.0001433176037884739,0.02709897102792313,0.005301392820984858,0.00029485500952516116,0.966880449821888
10,mlp,2019,5,5,0.1832727150995261,0.0005948498438530153,0.09364188191934354,8.66987328202803e-05,0.0010363740486145035,0.6510460630569748,0.0703214172988678
10,mlp,4355,2,2,0.0001828420404025472,1.609435783869644e-06,0.9975205306178251,1.1420954561189468e-09,0.0022566562111388504,7.001353097775383e-06,3.135919965649834e-05
10,mlp,270,5,5,1.3648447776532406e-08,9.940281028331202e-07,1.1030956105832363e-07,0.00019568088528394974,1.9422550714635363e-07,0.9997998165202503,3.190382846923728e-06
10,mlp,11906,3,3,2.0423466625639693e-07,8.295776334881544e-06,6.8176164919195275e-06,0.9771517827150406,0.0001716870888227768,0.019671598196689573,0.002989614371953791
10,mlp,3891,2,4,9.047355626368209e-05,1.7189890608694165e-06,0.08013793374549834,4.369419631503823e-06,0.8762218366804324,0.00018317877168450597,0.043360488837428775
10,mlp,3920,2,2,0.0075765082131573295,7.697964600894207e-06,0.812042828256752,9.91511911769052e-06,0.05392672162929386,0.00249001022133062,0.12394631859574771
10,mlp,5726,4,4,2.422925664190699e-09,6.127011942858501e-10,4.107284797167278e-06,2.3948333083693598e-06,0.9999594833632042,1.5834730769209303e-07,3.385313575583291e-05
10,mlp,5120,2,2,0.0017925493349929963,0.0003066433679351881,0.9978756050195929,2.299969676644722e-11,1.608237797124829e-05,8.789443683635386e-06,3.3043282424210356e-07
10,mlp,6835,4,4,1.570980054559034e-07,7.412703307624535e-08,5.47678099321697e-05,1.2057114691446336e-07,0.9998515126380485,1.1907000650078882e-06,9.217705576885653e-05
10,mlp,1216,5,5,3.449988963614449e-05,1.2738257512611078e-06,4.793565806410457e-09,3.2498239600266924e-06,1.5660914603074237e-07,0.9999604866306729,3.284272676682493e-07
10,mlp,995,5,5,2.3321178865231254e-06,1.155367567585937e-06,8.858169486107561e-07,0.0002507061096112888,1.5179332153556617e-06,0.9996510555205441,9.234713422665188e-05
10,mlp,2364,0,0,0.9893264998732796,3.084808461538504e-05,0.010257904083318385,1.088943722374886e-07,5.69652819852756e-05,0.0002442896174163061,8.338416501321281e-05
10,mlp,11419,3,3,2.6882411365487243e-08,8.518942540416872e-07,1.0983431501459766e-06,0.9967655198922705,9.017382987962935e-05,0.0010638014678164168,0.002078527690217963
10,mlp,6830,4,4,1.1000682988201298e-05,2.915302037398318e-07,0.0006903339045878098,6.342629338053625e-07,0.9972590525803451,1.2710229808610745e-05,0.002025976809132693
10,mlp,5601,4,4,7.243298377396165e-06,5.664957709661699e-06,4.063006258528021e-05,0.12219257587940777,0.629030279621686,0.00042703852884106347,0.24829656765139285
10,mlp,11673,3,3,2.0910227394628976e-05,7.480907969898908e-06,2.2701047601910974e-06,0.9783308807827051,0.0004130596620296483,0.005730765859640972,0.015494632455499417
10,mlp,714,5,5,1.2677102345614294e-08,1.1316554942263577e-06,4.998082200954242e-07,0.00026082784293600224,4.791154854869554e-07,0.9997139421683413,2.3106732420493878e-05
10,mlp,11748,3,3,5.321719008541626e-07,1.3333019261814667e-06,1.399676224843509e-06,0.989024447191277,0.0006333890670891012,0.00036566041343486573,0.009973238178146977
10,mlp,6595,4,4,0.00017464180140447917,6.922750821863522e-07,0.007999427709413151,2.116685673715229e-06,0.9779418897165024,0.00012547906572647145,0.01375575274619757
10,mlp,10258,3,3,9.105629144767858e-10,5.257860764005127e-08,2.0254086056110452e-08,0.9998228022400981,4.307841247197667e-05,8.071853920408275e-06,0.00012597375025302695
10,mlp,7064,4,4,0.012186532641883713,1.2242662499368138e-05,0.4363923752875415,1.4238166858332867e-05,0.4887686144178671,0.002749524686403299,0.059876472136946725
10,mlp,3548,1,1,2.799125139886651e-06,0.9999945968168108,2.604022072341025e-06,5.4215778780481e-25,3.5473666309558894e-11,5.030779828469098e-13,4.2732711125072706e-21
10,mlp,9341,6,6,0.001024958581651659,3.248634301572561e-06,0.001969247744954328,0.0004169758510620418,0.018824227895606116,0.0005000143498149806,0.9772613269426093
10,mlp,13145,3,3,1.1965618304392967e-05,4.4115803050914375e-06,5.027088541321246e-05,0.760722550875068,0.006375421119013589,0.002820951605238298,0.23001442831665728
10,mlp,10080,3,3,1.0779355296675748e-09,2.7772718825206228e-08,4.4576678517019995e-09,0.9997330506063026,4.043596350850512e-05,1.9398011038725015e-06,0.00022454032076275654
10,mlp,10183,3,3,1.0474755821865384e-09,4.497714067952154e-08,5.741079842405557e-09,0.9996722706392118,0.00018272564242604884,9.603130179293773e-07,0.00014399163964802934
10,mlp,4290,2,2,0.045537704878240444,5.746893033172349e-06,0.9535085392109244,1.1821514879988384e-08,0.0005901280584393898,6.62542224826426e-05,0.00029161491536525304
10,mlp,5640,4,4,4.216055281126111e-09,3.0634571601991294e-08,1.910566085072819e-06,5.1795866724969804e-05,0.999599900717544,7.647727287291929e-07,0.00034559322629038486
10,mlp,10880,3,3,3.792919760968285e-09,1.2193785912348402e-07,7.322823195420051e-08,0.9996198268858337,8.730704279162128e-05,2.9968961431668265e-05,0.00026269815093192935
10,mlp,5098,2,2,0.00038299408730692916,6.298774753094433e-06,0.9927269141684891,6.105597707556803e-11,0.006879988960401189,1.9925964409931017e-06,1.811351552875478e-06
10,mlp,1659,5,5,0.00028864075620735867,6.143139154340804e-05,0.000602501604741087,0.0037665210488440387,0.0001940224556826479,0.9681732150014902,0.026913667741491197
10,mlp,5332,2,2,0.015940007946237914,0.0008573204797111212,0.9831377648383548,1.4593446890819808e-11,5.701064042995454e-05,7.653536730133495e-06,2.425439426372181e-07
10,mlp,1356,5,5,0.00021572571214881046,1.3129016886066705e-05,1.1220801635673599e-05,0.00061968838293944,1.5202822976983048e-05,0.9985473214438798,0.0005777118195331985
10,mlp,10492,3,3,5.313652443453423e-09,9.27981344576603e-08,3.0231173907914684e-08,0.9994484403900257,0.00013954509107854605,4.838274688850679e-06,0.0004070479012459511
10,mlp,2064,0,5,0.0870202033429531,0.00016743534368250608,3.965411799900299e-05,2.6613011142112536e-05,4.2364909529116094e-05,0.9126315932434327,7.213603126161945e-05
10,mlp,10082,3,3,1.8534499227814408e-09,3.831955393637397e-08,4.452701112566815e-09,0.9997970131356052,1.5124881808427762e-05,1.3410876564010363e-05,0.00017440648031706541
10,mlp,157,5,5,1.8786205582540145e-07,1.0807786558888924e-05,5.589561893628564e-06,0.0782166680466966,2.434079658511306e-05,0.9210269372107757,0.0007154687354341128
10,mlp,5230,2,2,0.00035895548582537,9.750830641877248e-06,0.9984252141142037,1.4906866473278393e-11,0.0012042075426051872,1.0186443358180725e-06,8.533674813070833e-07
10,mlp,2411,0,0,0.9999776653354028,1.8312492159847323e-08,7.892025462459934e-07,2.2841366251666927e-09,9.113499086833837e-07,2.0099106146644166e-05,5.144093667307455e-07
10,mlp,9356,6,6,0.00035625186520970865,2.3167967804103796e-06,0.0002781470542726715,0.0015735070135621915,0.011412217059675758,0.0007470383419195004,0.9856305218685797
10,mlp,10656,3,3,3.6269071248397823e-07,4.825492651827136e-07,1.0495772128329886e-07,0.9980702100501395,0.0001737178960494825,3.508127950929955e-05,0.0017200405766025937
10,mlp,6614,4,4,0.0002188437105961221,2.4868126203256e-06,0.0040964651454322145,1.9536346598542182e-05,0.9124701946455979,0.0002786385893887686,0.08291383474976619
10,mlp,11874,3,3,4.7198078806764757e-07,1.9351953907036092e-06,1.558214169460145e-06,0.9936071036258912,0.000745518173642398,0.00015174187208553836,0.005491670938032615
10,mlp,783,5,5,1.9049613814105283e-08,1.3637844944586961e-06,8.25523006619597e-07,0.00043987686598948077,7.523538365546971e-07,0.9995260389510523,3.1123472006838894e-05
10,mlp,13101,3,3,4.322487799466646e-06,4.196275048512005e-06,4.083425559105202e-05,0.9059190163854266,0.0019153680333448084,0.00524337165836242,0.08687289090442712
10,mlp,3651,1,1,1.7743067521561513e-07,0.9999993485179745,4.740506299380476e-07,1.5553045930060359e-27,6.627186054096367e-13,5.773963948602941e-14,1.1026222896978155e-23
10,mlp,11280,3,3,7.977072431437433e-09,3.780449278719584e-07,4.807575265444592e-07,0.9984372958292369,8.297720889056766e-05,0.00044139307858691355,0.0010374671037586842
10,mlp,11988,3,3,3.822771933042165e-07,5.791026859195595e-06,3.1590949099590433e-06,0.9307409623627861,0.00021374470798729602,0.055084719249387196,0.013951241280876962
10,mlp,810,5,5,1.0659105272218539e-08,2.8011669668969597e-07,2.1759658204750513e-08,1.023655378793536e-06,9.8653607710409e-09,0.9999985882858259,6.565797461952461e-08
10,mlp,1986,5,5,0.0001895772784573694,9.89365265953135e-05,0.0013338785210107837,1.3814036839204168e-05,1.629216977538724e-05,0.9976878006961778,0.0006597007711441631
10,mlp,6457,4,6,0.0010336143719604032,6.998638032066237e-06,0.08310647950792596,1.1811000555585521e-05,0.4173300244407016,0.0003206773283171923,0.4981903947125071
10,mlp,729,5,5,5.3061048681825295e-08,8.019569553398402e-07,1.3483849277791852e-07,4.670704105393518e-05,1.6800843988877863e-07,0.9999482205082861,3.914585723218264e-06
10,mlp,627,5,5,1.6517820273188818e-07,1.153326872383626e-06,2.0340546071257506e-07,0.0001406121579751364,3.3990321025605755e-07,0.9998509423368253,6.5836914533621705e-06
10,mlp,4455,2,2,0.004023393576419738,1.3914400945757299e-06,0.9926989772817201,2.6237612747682025e-09,0.003241778250057154,2.059661425385149e-05,1.386021369335841e-05
10,mlp,11591,3,3,2.7773801287675795e-08,5.321798936988692e-07,6.878487953091775e-07,0.9982108046845837,0.00021448280791696507,0.00028456508501191425,0.001288899619997334
10,mlp,3456,1,1,1.3505342967821925e-05,0.9999827695049529,3.7251127313459632e-06,1.1519721722395636e-23,2.932336767100166e-11,1.0024474338068825e-11,5.612863297628725e-20
10,mlp,10394,3,3,3.355855368862292e-09,9.985233665719835e-08,3.4701107365580914e-08,0.9995372679570632,5.983616130345363e-05,1.4944392895510605e-05,0.0003878135794384678
10,mlp,10446,3,3,8.977325310289366e-10,7.573215955745364e-08,3.957457300320259e-08,0.9997616340814635,2.613315114774327e-05,4.238508132970969e-05,0.00016973148159415586
10,mlp,10155,3,3,2.8156901803083484e-10,2.3539223794232157e-08,1.726317651277142e-09,0.999702757879465,0.00023349261572850032,6.066854911462311e-07,6.311727220481723e-05
10,mlp,7568,6,6,0.00014123434080432826,9.463891508731535e-06,5.0445353413878026e-05,0.4560557689305329,0.0043363797580372315,0.0022484837026642552,0.5371582240230387
10,mlp,4595,2,2,0.00010019386180414857,3.3939318074547856e-06,0.9997076405530401,2.0430474273338946e-10,0.00017715626973299203,6.489386951741784e-06,5.125792358732607e-06
10,mlp,11352,3,3,4.648553636323565e-07,1.9701158405987306e-06,7.145289935632547e-07,0.9949632712705642,0.0001459466798039482,0.0008343574299519128,0.004053275119482231
10,mlp,11324,3,3,1.5539582484510364e-07,9.53639959303357e-07,5.046284576612491e-07,0.9959675492344892,0.0004590710517346706,9.032341888054975e-05,0.0034814426306536772
10,mlp,2867,0,0,0.9991359479055528,3.7965276080037792e-06,0.0008221287401721841,8.572916276918607e-10,5.736013950045682e-06,3.110782552598156e-05,1.2821298995254077e-06
10,mlp,9503,6,6,0.00026286671383290533,5.914839737196521e-06,0.002135213281508601,0.0024137236844229463,0.004727885540474551,0.010738642920230575,0.9797157530197933
10,mlp,5477,2,2,2.8921889779094334e-05,6.3131014765124e-05,0.9998868968791794,1.426682588648843e-14,2.1011154443280785e-05,3.867852845326255e-08,3.8329050925240184e-10
10,mlp,5974,4,4,4.465426991313829e-06,2.3342652240282137e-07,0.0009005777017906074,2.031028094939037e-05,0.9584310227655549,3.324539111183526e-05,0.040610145007079636
10,mlp,3855,1,1,2.7036921354037434e-09,0.9999999971127058,1.8359968575664026e-10,3.5129695965402855e-34,2.3454478767882588e-15,1.2712879823555414e-18,7.618061323217612e-30
10,mlp,9924,6,6,0.14179936468212323,2.817182533890828e-05,0.037268042624553056,0.0001130561177969402,0.0033221689215675487,0.017138865025096515,0.8003303308035237
10,mlp,2858,0,0,0.9947533014313272,9.186062562592935e-07,0.005149388023104797,2.7139983057507344e-09,8.257178153289801e-05,6.283351637003897e-06,7.534092143404289e-06
10,mlp,6638,4,4,6.261571892145125e-07,8.377804880171817e-09,4.8131523891906314e-06,3.831958244991919e-07,0.9998852488245803,7.673912312778869e-07,0.00010815290098084268
10,mlp,3430,1,1,1.5406420133627206e-05,0.9999159278287324,6.866540646849533e-05,1.4083002528487513e-22,3.224158758130987e-10,2.2249765435366664e-11,5.442392190214628e-19
10,mlp,3247,0,0,0.9999969479516704,3.327297294603823e-08,2.1669233462832675e-06,2.712385867477531e-12,7.906399172071112e-07,5.996862463202651e-08,1.2407559610989876e-09
10,mlp,12375,3,3,1.5382864949999373e-06,3.478851604001124e-06,5.062346246915648e-06,0.9831758173495131,0.001388291906220252,0.00032753700091175177,0.015098274259008934
10,mlp,6109,4,4,1.1894468060414766e-06,8.57615411240351e-08,1.974672733149136e-05,1.0165282497749841e-05,0.997579508388812,6.206193600060124e-06,0.002383098199411418
10,mlp,7123,4,4,0.00015275497005008264,6.158256394792374e-08,0.0004756642649926743,1.627362203300767e-07,0.9993256712881674,5.611692656595476e-06,4.0073465348949364e-05
10,mlp,10902,3,3,1.9774692968531568e-07,9.919744634538087e-07,3.09033031419637e-07,0.9950060362242161,0.00017819345445243602,7.595734652515851e-05,0.004738314220381671
10,mlp,1353,5,5,0.0002962716063991619,8.116607219436641e-05,0.0003434466204910545,0.06255120286047498,0.0005527230175017082,0.8876846897314482,0.04849050009149056
10,mlp,8720,6,6,0.0005063062742738765,3.676911999120523e-06,0.00031751188989812457,0.008669016478295695,0.006740069017130135,0.0008816242249854743,0.9828817952034177
10,mlp,261,5,5,8.962263051719705e-10,2.2029890394369547e-07,1.4764402997479475e-08,1.0419827026831224e-05,1.5502908197824158e-08,0.9999891246525037,2.0405802823174875e-07
10,mlp,4959,2,2,0.000491109254588547,6.792755178376969e-06,0.998780021173508,2.0390186078522043e-11,0.00071851078491035,2.247418898818128e-06,1.3185925260287826e-06
10,mlp,9239,6,0,0.8127819072695138,1.0333420381869254e-05,0.00045576442250709674,0.002580192767050522,0.0028785964956571596,0.015394458068057415,0.16589874755683207
10,mlp,4330,2,2,0.0013102757390832805,1.7338153177994517e-06,0.9967600084862024,2.4596525068753865e-09,0.0018911047705341434,1.3821275025522149e-05,2.3053454184329192e-05
10,mlp,2114,0,0,0.6901843203259749,1.3364924523943533e-05,0.013440123017268251,7.658353383589802e-05,0.007865496107253544,0.00770788381306378,0.2807122282780799
10,mlp,7526,6,6,0.00024028089389395703,6.927288603683832e-06,4.362137219401508e-05,0.27771766451322366,0.0065169511593430735,0.0007116299728464304,0.7147629247998951
10,mlp,9220,6,6,0.0008963450036841176,1.6849244554007792e-06,0.0007641304990046399,0.0005081281819572851,0.0029289716722069982,0.00030890981470963873,0.9945918299039819
10,mlp,11088,3,3,2.156171046906008e-08,5.171434186844485e-07,3.187291205988394e-07,0.9985277764158491,0.00010941680737205774,0.0001420646169693679,0.001219884725559527
10,mlp,5985,4,4,2.409380784324547e-09,2.956044818004916e-09,1.4368686236713636e-07,2.3923489550831598e-06,0.9998718294835107,1.8198847430679488e-07,0.00012544712677184266
10,mlp,7701,6,6,0.00024000858172762608,8.111993783065324e-06,9.458064836931618e-05,0.20543665084136112,0.009335179874667676,0.0015459232975833848,0.7833395447625078
10,mlp,6256,4,4,1.1015142923588854e-08,4.544083870011277e-09,3.022836562718667e-07,2.1547823564233594e-06,0.9998109657996945,4.3840564248792606e-07,0.00018612316942365531
10,mlp,12243,3,3,4.1499440830827044e-08,5.606074130207453e-07,1.5181641545331934e-06,0.9970842908779689,0.0003864786237261885,0.0005890122242493086,0.0019380980030472528
10,mlp,7202,4,4,0.0012639871379920677,1.0725732028690786e-06,0.052018528195676095,1.56477179151244e-07,0.9401232426112675,0.0009069699307393029,0.0056860430739430175
10,mlp,6911,4,4,1.765498758309463e-06,2.5735425324198236e-08,2.5817572237786202e-05,2.0735340433358198e-07,0.9997944001655302,1.4348162979731756e-06,0.00017634885834622168
10,mlp,13197,3,6,0.00016985544399024445,3.5135594153456335e-06,3.788961983815061e-05,0.10446046765961511,0.0077422113877766,0.0004117051426336782,0.8871743571867309
10,mlp,3387,1,1,0.0003251774753322462,0.9983261375072205,0.0013486794065039982,1.6559783230457847e-20,4.509054440562349e-09,1.1018884321230918e-09,1.1197607012706246e-16
10,mlp,6949,4,4,6.312059644725868e-06,8.994288242729728e-08,0.0005138545988328392,1.0671471318948089e-07,0.9994125961996657,3.4814679348450695e-06,6.355901632620834e-05
10,mlp,8207,6,6,5.2500861242234995e-05,1.7680322011253404e-06,3.08328298436938e-05,0.040717916173823705,0.14213344040693,0.00028507320469859325,0.8167784684912606
10,mlp,3138,0,0,0.9987832696999197,1.7118410463704283e-05,0.0011927031846419428,6.526059133668917e-11,2.773318462810451e-06,4.058986373182251e-06,7.633487802357075e-08
10,mlp,1075,5,5,2.825905137999423e-07,5.33111529227717e-06,1.5535642143909866e-06,0.00012196121146115869,7.953451403805296e-07,0.9998449590956536,2.5117077724374497e-05
10,mlp,10410,3,3,1.8331935599424723e-08,6.964884145731143e-08,3.0099621342986795e-08,0.9988441915963285,0.00044302160016481985,2.161175375041917e-06,0.0007105075477332482
10,mlp,3996,2,2,0.0872492772601335,1.0451048722902076e-05,0.9069047722217515,4.347809591144125e-07,0.004395531620196651,0.0005600193722162744,0.0008795136960202467
10,mlp,4507,2,2,0.0068166231657870715,4.244915438857828e-06,0.9928505748422266,1.2733726376801578e-09,0.00029151756663939196,8.402086925976562e-06,2.8636149609349196e-05
10,mlp,11831,3,3,9.75883675349389e-07,1.4791757542933477e-06,1.9356423211342575e-06,0.9430745921174323,0.005808157743366755,5.430249851023882e-05,0.051058556938939806
10,mlp,12271,3,3,2.494182754196391e-06,3.818706303908019e-06,5.321121174749385e-06,0.9550464095689961,0.001755230919573664,0.00015600151864921205,0.04303072398254805
10,mlp,3109,0,0,0.9997997477494301,9.156413242973832e-05,9.238628017198971e-05,3.5847124568007354e-11,4.55145588441008e-07,1.5839517686153435e-05,7.138846719659562e-09
10,mlp,1810,5,5,1.20787454477538e-05,1.603917396221091e-05,0.00023635739436550618,0.0003070250823558402,1.8471617779584074e-05,0.9968363710066457,0.002573656979443459
10,mlp,11143,3,3,1.6093917803450393e-07,6.831995345498928e-07,3.768922469750022e-07,0.9937618983200035,0.0031304247411194624,2.490716561720319e-05,0.003081548742299975
10,mlp,5041,2,2,0.1460621982467399,0.0001247607856586679,0.8495987941719058,1.0700507390040357e-09,0.004124714501332112,5.171188850358268e-05,3.7819335809512005e-05
10,mlp,6025,4,4,1.9076074925691714e-05,6.511931519096619e-07,0.00013377381326516087,5.2758479364626124e-05,0.9950864350353058,4.2320932166365366e-05,0.004664984471820388
10,mlp,8897,6,6,0.0004206591570502729,4.073306431622336e-06,0.000203605090328823,0.0173391305962392,0.0021896828942465697,0.0018577811021229795,0.9779850678535804
10,mlp,11261,3,3,9.915440087656737e-08,5.874464149091648e-07,2.765526878515244e-07,0.9967179801120468,0.0008921204122546003,2.478703136250284e-05,0.002364149290832499
10,mlp,7852,6,6,0.00010374907471366884,1.3081122358875718e-05,0.00019599612849853268,0.4589979422014158,0.004822196931649741,0.005169677457133881,0.5306973570842295
10,mlp,2982,0,0,0.9951139089205636,5.392206010352241e-05,0.004760866473616454,4.526027780492242e-10,4.975913698369639e-06,6.557619461721138e-05,7.499847980909558e-07
10,mlp,3614,1,1,3.279189517183732e-07,0.9999996171015865,5.4978989612069725e-08,4.056652319708298e-27,4.2756266373576797e-13,4.468040043113767e-14,1.853648097261882e-23
10,mlp,12705,3,3,9.095595894191682e-07,1.6887844355254175e-06,9.847270593627364e-06,0.9273946107468077,0.0008163592439791133,0.0025782200106982327,0.06919836438389632
10,mlp,12917,3,3,1.8061999477034046e-05,7.412825826375722e-06,2.836697145883401e-05,0.8372732315353495,0.005955812315717288,0.000998962224907706,0.15571815212726317
10,mlp,175,5,5,3.881151390815677e-09,3.5685211585683795e-07,2.001651429372448e-08,3.615085906182854e-05,3.797926853497656e-08,0.999962973479763,4.569321251701177e-07
10,mlp,5078,2,2,0.00027647845445331583,3.5705850117207705e-06,0.9996705479576903,9.22990898327194e-12,4.8740080455210234e-05,5.061323667467789e-07,1.5678079245531858e-07
10,mlp,4029,2,2,0.0025443789115794173,6.679869239672665e-06,0.9932432209497082,6.126231780495235e-08,0.001029953991816748,0.00018972727193618822,0.0029859777434021514
10,mlp,1695,5,5,7.551426302258923e-08,3.138540551853665e-06,4.690756395791674e-06,1.2456330510342426e-05,3.486151053359478e-07,0.9999594826419053,1.980760126832536e-05
10,mlp,1263,5,5,3.5122805462864466e-08,2.298859270785286e-06,1.5858585764895963e-06,6.516548850353441e-05,3.5110899378510073e-07,0.9999221681625158,8.395399334113435e-06
10,mlp,2445,0,0,0.9991700162479552,5.733787587672145e-07,0.0006820024792316905,4.0376227059669315e-08,4.437853578164156e-05,7.189469608573919e-05,3.109428596007189e-05
10,mlp,4446,2,2,0.0001552200660731758,7.213854366582481e-07,0.9992562500407755,3.268157883273724e-10,0.0005739183642659181,2.895204169593332e-06,1.0994612463619924e-05
10,mlp,6469,4,4,0.0001378771352388814,1.5792663350620022e-06,0.002480099336879905,1.4956512365667099e-05,0.9568224536697955,0.00011918845732590567,0.040423845622059015
10,mlp,160,5,5,1.1282143790166095e-09,1.9365177589492464e-07,1.08175174771768e-08,1.849583577926101e-05,1.9076618585336272e-08,0.9999809878162622,2.9167383196970597e-07
10,mlp,13136,3,3,1.2835861830148941e-05,7.486537889936153e-06,4.229129163095485e-05,0.8983133326552287,0.0055621562862476544,0.002456077132442642,0.09360582023473
10,mlp,10179,3,3,4.027269830779901e-09,5.148482959459092e-08,1.1995392146071184e-08,0.9997184833140391,3.974714231631127e-05,1.6905293991380195e-06,0.0002400115067537521
10,mlp,9154,6,6,0.004272544005263688,1.602809730048962e-06,0.0005780797239705779,0.0010062967531551704,0.005451677358864259,0.00030544821068409993,0.988384351138332
10,mlp,931,5,5,2.4152142590903885e-08,2.737561192583053e-06,9.94134962023222e-07,0.00012437316709673185,3.847131848373953e-07,0.9998625117125145,8.97455890665628e-06
10,mlp,10241,3,3,4.545996723096679e-10,2.1677039802407217e-08,4.146804770765682e-09,0.9998906045362642,5.671135918068461e-05,2.222144570631673e-06,5.0435681540295385e-05
10,mlp,6208,4,4,9.519078563847011e-08,3.159048340401706e-08,9.617372798814808e-06,1.5266974729264153e-06,0.9994147778495347,1.2190539840963225e-06,0.0005727322449404079
10,mlp,12800,3,3,3.7903612665003507e-07,1.1089808142768156e-06,5.87906567643454e-06,0.9748784339279566,0.0015947494031135414,0.0012378501434527262,0.022281599442859793
10,mlp,2848,0,0,0.999251369099286,0.0001696599548846823,1.707328737172087e-06,5.455428868095554e-10,5.719142189314324e-07,0.0005766862061755702,4.9511546508197886e-09
10,mlp,9770,6,6,0.0028932282572286033,7.880334082256092e-06,0.007556290666471525,0.00032369166358089713,0.0017515325564157731,0.01897875094597605,0.9684886255762448
10,mlp,13224,3,3,5.721473113948124e-06,3.825944935618908e-06,2.207797666022659e-05,0.8076023975444476,0.006704610433448963,0.0010609552083519005,0.1846004114190417
10,mlp,11569,3,3,2.188512214984123e-07,1.2010185621111883e-06,1.317632669012389e-06,0.9906814201661018,0.0003981932103687311,0.00019359565325539373,0.008724053467821421
10,mlp,5627,4,4,8.746788975231861e-09,3.657230424213683e-08,5.122071921905933e-07,0.00011505201509673859,0.9993873915288495,1.314110441719706e-06,0.0004956848193268143
10,mlp,7046,4,4,3.7094652735471917e-06,9.712650013917649e-08,0.00018100556396983812,1.1461716557279358e-07,0.9995413956057815,2.815426660665064e-06,0.00027086219464877347
10,mlp,10,5,5,1.028845767527422e-08,5.643957980904377e-07,1.5329477116848954e-08,0.00046124737328760815,1.299427445197865e-07,0.9995367577750263,1.2748952087279956e-06
10,mlp,1929,5,5,6.790679818016933e-06,1.5272149955169273e-05,0.0001482442096025697,9.977402987845243e-06,2.5904962075974584e-06,0.9996432338734411,0.00017389118798778852
10,mlp,10352,3,3,1.5673862371110768e-09,6.472963558130763e-07,1.437925505204687e-07,0.996378197410387,1.236204685682826e-05,0.0033752969238267008,0.00023335096263673788
10,mlp,8196,6,6,0.0002764373927107449,3.8303527581745165e-06,8.707293175452854e-05,0.043808114661355,0.008017771091509465,0.00036830590299041544,0.9474384676669216
10,mlp,7532,6,6,0.00013062645439728188,9.36619199745629e-06,5.126675316561381e-05,0.48360025675927243,0.015929417226810932,0.0013111145770072052,0.498967952037349
10,mlp,8695,6,6,0.0006481679780034375,5.122549769502288e-06,0.00047874585741241633,0.008938462079425051,0.0052656350159763455,0.002396111772189534,0.9822677547472237
10,mlp,8497,6,6,2.171268344279389e-05,7.446335144065036e-07,5.015670893746098e-05,0.004386381506972544,0.005330048728889024,0.0003086397214150643,0.9899023160168288
10,mlp,2173,0,0,0.9974599999184715,3.6726164115911266e-06,0.0008894424398104812,1.1656870127927763e-06,6.212865640341506e-05,0.0012404022818145156,0.00034318840007577494
10,mlp,227,5,5,1.6959591840564848e-08,8.117167959317787e-07,8.121575971399367e-08,0.00029791503003692216,2.619816747885203e-07,0.9996957610291362,5.152067004730979e-06
10,mlp,3641,1,1,4.933422669863702e-07,0.9999981944003867,1.3122539804958593e-06,7.324124772317535e-27,3.2703361563340804e-12,9.568969617766315e-14,5.646838835779887e-23
10,mlp,7112,4,4,5.605574831074749e-07,2.1936998567025662e-08,0.0002239051866524336,1.5891901366770156e-08,0.9995198995114494,8.269670865009946e-07,0.00025476994842885267
10,mlp,8310,6,6,0.0002609091903219281,6.739759810362082e-05,0.0011155033220085606,0.11908958121274418,0.0036847963078263054,0.14579218272812774,0.7299896296408678
10,mlp,2685,0,0,0.9997168794607515,6.651248832319272e-05,2.2291703239698886e-05,2.4390986132750006e-09,1.9558885301115672e-06,0.00019229662355409893,6.139650290535042e-08
10,mlp,7321,4,4,2.063258683162878e-05,2.888809353827055e-07,0.006566628468932674,1.748442159911789e-08,0.9933587356425999,4.053290869909518e-06,4.964364540906175e-05
10,mlp,13195,3,5,1.5572315154920254e-05,3.283638572083639e-05,0.00015579075844599733,0.44027542647167117,0.0007379527195297247,0.4736607800746122,0.085121641274865
10,mlp,965,5,5,6.418974048013817e-08,1.6385776051636638e-06,1.4518363531326924e-06,0.00034308286289978204,9.823916200913184e-07,0.9995940032048416,5.877693693979199e-05
10,mlp,4841,2,2,0.0003513979428768333,1.1573578321508135e-05,0.9995955444622056,5.007640148918724e-11,2.257951903222611e-05,1.7419305290292805e-05,1.4851421973604746e-06
10,mlp,1363,5,5,1.2971072013960399e-08,8.453757150965772e-08,7.549035280367732e-09,4.243714427992893e-08,1.8272010114701127e-09,0.9999998440417989,6.636177103095374e-09
10,mlp,4657,2,2,0.0006512728082757546,8.050761974651889e-06,0.9993031373814787,1.0025005558316286e-10,3.060387879794688e-05,4.442103480612179e-06,2.492965742143576e-06
10,mlp,4277,2,2,0.0014589288598747597,5.150306960451497e-06,0.9760820862502483,2.7151054304234803e-08,0.021360391744005867,0.00019003297613371514,0.000903382711722728
10,mlp,9311,6,6,0.0013759562040829166,5.234125087853268e-06,0.0013690777270732887,0.0014172451024789577,0.004086511230351414,0.0038634590342898367,0.9878825165766357
10,mlp,8073,6,6,0.00032961108936706133,7.288982980889913e-06,0.0003484456524249057,0.06015138568291104,0.0026075565329887105,0.011857300243731949,0.9246984118155954
10,mlp,6985,4,4,1.1999085095476501e-08,2.5559023624019025e-09,8.873065581027086e-07,6.888633943373701e-08,0.9999503606958537,1.974947573603224e-07,4.8471061503919054e-05
10,mlp,11310,3,3,6.632507155218089e-09,2.8428399321225034e-07,3.8676115753623757e-07,0.9986073615085207,9.806565837347236e-05,0.00040538629498877655,0.0008885088604592286
10,mlp,8025,6,6,0.0004071096173732412,2.378471339071905e-06,7.91608716269267e-05,0.037662456895614066,0.007244660218457548,0.00029306508602919393,0.95431116883956
10,mlp,3294,0,0,0.9894771966776177,7.531329237058404e-05,0.010439476368247921,8.240918388671286e-12,3.856340910887746e-06,4.1423117894065475e-06,1.5000822806756318e-08
10,mlp,7838,6,6,0.0011273624983502083,1.2181532251590167e-05,8.320614200180395e-05,0.12269339967482325,0.005013507448282778,0.0008039174436684455,0.8702664252606219
10,mlp,3355,1,1,0.0006830019750491802,0.9990944092874948,0.00022257586706910665,4.553988385887684e-19,9.797870997431543e-09,3.0725142078115387e-09,2.080042652230419e-15
10,mlp,1103,5,5,6.642874779791222e-08,1.3944632101379155e-06,7.010862512936034e-07,5.359665351273834e-05,2.7599941443861365e-07,0.9999353346014472,8.63076741631634e-06
10,mlp,1445,5,5,0.0003649641436786854,1.4666051136328975e-05,0.00011567297043956185,0.019218597811070364,0.0002826748522803571,0.9269977590664027,0.05300566510499209
10,mlp,12045,3,3,3.944351807825969e-06,1.0823325430318633e-06,2.5067848870589414e-06,0.9239662782782565,0.002623726783033404,5.258302888990001e-05,0.07334987844058223
10,mlp,4727,2,2,0.0013735991260918857,3.3449294522167736e-06,0.9984453615882406,1.981379627628645e-10,0.00016848851012129485,3.0535685903464446e-06,6.1520793659318145e-06
10,mlp,87,5,5,2.331255531426724e-06,2.700321675408813e-06,8.481394006588164e-08,0.001884776948089926,1.4799863753001618e-06,0.9980935700121583,1.5056662229485014e-05
10,mlp,1105,5,5,2.982866042029798e-07,7.705669144140498e-06,8.65549382144283e-06,0.0017112888439619765,4.916117326531774e-06,0.9980754212548665,0.00019171433427530703
10,mlp,9661,6,6,0.023795745845528064,4.235000194324312e-05,0.008560786603071054,0.0009748590542349203,0.002189628674131806,0.03857046960936832,0.9258661602117226
10,mlp,1313,5,5,5.070047600630884e-07,7.406909472990045e-06,1.071174838071835e-05,0.0005955489424051195,3.81887461692029e-06,0.9991983527383742,0.00018365378199008647
10,mlp,11328,3,3,9.932130054818738e-07,1.2497555736585819e-06,6.147522458564714e-07,0.9917026743915563,0.0008839940536798332,6.107472101254259e-05,0.0073493991129262755
10,mlp,4204,2,2,0.004415772383583096,1.4397845690267509e-05,0.7428672377402352,1.7413991999083417e-07,0.24741050848825757,0.00033366603625095817,0.004958243366062933
10,mlp,10004,3,3,4.896155267690037e-11,8.161189433148114e-09,1.0804255374766257e-09,0.9999573288522032,2.275851111331752e-06,9.162504386227466e-06,3.122350172277228e-05
10,mlp,356,5,5,2.6238812293796078e-08,2.353324074955171e-06,8.193089038770023e-07,0.0012555419013515494,1.1060645651694936e-06,0.9987115790411182,2.85741211739034e-05
10,mlp,4762,2,2,0.00014414024759840943,1.2109148659017804e-06,0.9996479782328683,6.13637291982695e-11,0.0002039124093335404,1.1675214992571598e-06,1.5906124707172813e-06
10,mlp,7041,4,4,5.782732929466661e-06,6.326431055886198e-07,0.025277875591115787,1.457423416246716e-07,0.9738083200669753,1.3737798836889769e-05,0.0008935054246953377
10,mlp,9059,6,6,3.0277653669302966e-05,1.4332847349998476e-06,0.00012245382098223121,0.002092151392092483,0.030902007645574055,0.0004412861748096142,0.9664103900281373
10,mlp,994,5,5,1.430506041712762e-07,1.4860586504839813e-06,9.91572337249204e-07,0.0002520004042438193,8.024506914755654e-07,0.9997092094093563,3.536705411637625e-05
10,mlp,3577,1,1,2.9229669978771495e-06,0.9999944234122238,2.653613618290184e-06,5.255677592919526e-26,4.9225941399798005e-12,2.2373108765517936e-12,7.295487815717199e-22
10,mlp,5494,2,2,0.002062463200669934,0.012317885906008973,0.9856155161633452,7.423704670642354e-15,3.560685312992437e-06,5.739387636963626e-07,1.0589178071835368e-10
10,mlp,5238,2,2,1.9064037138288385e-05,3.074625501406175e-06,0.999922195666297,1.3642377396604283e-12,5.546742691427086e-05,1.498108148567493e-07,4.8431970097135585e-08
10,mlp,7806,6,6,3.355721733902788e-05,2.673464798828317e-06,3.3276060610352415e-05,0.09050836092232459,0.01698723654541877,0.0002631654591350258,0.8921717303303734
10,mlp,6080,4,4,2.4211956432594493e-06,3.064824411528912e-07,0.0001606575887448333,1.4498766128800265e-05,0.9866059546065639,1.7414617476426923e-05,0.01319874674300162
10,mlp,6070,4,4,2.796867405444606e-09,8.02805204380706e-09,1.5762748735813611e-06,6.063517047275179e-07,0.9998546413424316,2.6472329127001793e-07,0.0001429004827793327
10,mlp,7088,4,4,0.00783081593412232,1.8150587360421043e-06,0.38161162047131003,6.291962015047559e-07,0.6079846292365058,0.0011261916017215382,0.0014442985014028033
10,mlp,4885,2,2,0.014128704930635462,6.914914033986921e-05,0.9854349340242461,6.331869436821061e-10,0.00033683348520762124,1.7950959370732595e-05,1.2426827013117467e-05
10,mlp,2268,0,0,0.9995546176323283,3.093705878814318e-07,0.00027796608657503565,1.48952533233067e-07,4.8866237414582185e-05,5.194136502647624e-05,6.615035553431177e-05
10,mlp,13509,3,6,0.00011298575397946293,2.405773289008949e-05,0.0006315880237708986,0.3994057587294439,0.009473429025812906,0.03882775681879049,0.5515244239153123
10,mlp,10158,3,3,4.71170327263394e-09,1.3362833553525852e-07,1.840701994992899e-08,0.9997064560715708,3.102324318201442e-05,1.4976766910133674e-05,0.00024738717127816
10,mlp,8445,6,6,0.034064851906279156,1.838901910393208e-05,0.00038572579150521945,0.03778344869357708,0.004779667983615329,0.02436476665200806,0.8986031499539113
10,mlp,8301,6,6,0.0005394038727258116,2.766017924838723e-06,0.00011652763492877769,0.019130597931811127,0.006244756197265102,0.0003773228938223493,0.973588625451522
10,mlp,1152,5,5,3.305863636080425e-07,7.069213973836032e-06,4.3470221942497975e-06,0.0004002612437445298,3.041098596402275e-06,0.9993284468494829,0.00025650398564457485
10,mlp,13536,3,6,0.00011651495190532835,8.59125787271264e-06,0.00026215775669074625,0.19879561317566952,0.0063969846114833116,0.003207472847487463,0.7912126653988909
10,mlp,12237,3,3,9.676624434776475e-08,6.993534924550069e-07,3.4992707747194035e-06,0.9860708413566206,0.00038014022378313634,0.0013960660022976396,0.012148657026787137
10,mlp,9513,6,6,0.005630954435833729,6.504584321797085e-06,0.0020324012023888037,0.0006408851954725041,0.001571163807598298,0.022129775611793596,0.9679883151625913
10,mlp,4101,2,2,0.06243749110913071,6.365666582754389e-05,0.9350288130440249,4.913892597465582e-08,0.0001436246162016004,0.0018984586735404487,0.0004279067523486587
10,mlp,9763,6,0,0.9537023583064214,2.107821162503297e-06,0.0009973869093208795,0.0006478040728022564,0.01978833477548591,0.004338202580058522,0.020523805534748776
10,mlp,1581,5,5,2.46577250675384e-05,1.6474348410101915e-05,1.690350534407799e-05,0.0001882194709023088,6.524976078816629e-06,0.999528639653109,0.00021858032108815895
10,mlp,6944,4,4,1.1738477202169295e-05,1.1248587599851972e-07,0.008468409080775952,5.956070814517319e-08,0.9907687277126307,9.211991828406597e-06,0.0007417406909786645
10,mlp,9231,6,6,0.00029121484206110344,5.414595327200751e-07,0.0003865443580195906,0.00035398225342903045,0.0016448935007411158,0.00023013486700667978,0.9970926887192098
10,mlp,5605,4,4,3.98450975649602e-08,9.24773652697684e-08,5.844429601253715e-07,0.002960254453322334,0.9843501855445846,7.097033505466408e-06,0.012681746203164541
10,mlp,11573,3,3,9.149059860402326e-07,1.971837270291703e-06,1.967766218930506e-06,0.9749172724284264,0.00045767564185929304,0.00021808582332312918,0.0244021115969159
10,mlp,1808,5,5,7.717140146842676e-06,2.553847196187373e-05,9.023254112074444e-05,0.00011694050626917051,1.0357683582239509e-05,0.9988766258642745,0.0008725877926445761
10,mlp,6268,4,4,3.7546319079351267e-06,4.021260387316265e-07,0.00034182918759226527,4.2976213696616234e-06,0.9964372145678846,1.3619022788206778e-05,0.0031988828424185556
10,mlp,3913,2,2,0.014351360085217538,1.0242608254727969e-05,0.7298744182075636,1.1346759667493686e-05,0.16420090633073617,0.0012364696667703475,0.09031525634178987
10,mlp,9975,6,2,0.1135192567361611,3.4168405427948967e-05,0.32930144280557533,9.768761173378249e-05,0.3153705038324924,0.0057452922383465785,0.23593164837026284
10,mlp,4625,2,2,0.002077585438737866,2.5527481943918254e-06,0.9790668535580834,2.745633778571728e-09,0.018777689178100673,1.5778958596622314e-05,5.9537372653232385e-05
10,mlp,5198,2,2,1.0749088124391415e-06,1.1277403079032106e-07,0.9995953254532767,2.1704488410174044e-13,0.000403412950399561,4.6556460782051304e-08,2.735680272119635e-08
10,mlp,3450,1,1,2.1467805073240753e-06,0.9999905157658318,7.3374298747893695e-06,5.7375656607166674e-24,1.549546139453183e-11,8.290589882440304e-12,1.9995249950896608e-20
10,mlp,9295,6,6,0.0015681061562674078,2.3610424282542425e-06,0.0007478582588408832,0.000789368301633466,0.0012234564397386588,0.0013146709470237279,0.9943541788540676
10,mlp,3283,0,0,0.9999953015433997,4.497032443991296e-08,2.547408326743812e-06,2.4577510952620544e-12,2.058776622971653e-06,4.6805784307537844e-08,4.930842176460722e-10
10,mlp,3268,0,0,0.9999960438312411,1.8890789921708082e-07,3.309012625463779e-06,8.72614118032161e-13,2.021782904807608e-07,2.5563664340637716e-07,4.324276482201727e-10
10,mlp,5289,2,2,0.0002918739507232284,1.176563734050325e-05,0.9996633905112168,1.7991518356893324e-12,3.254252350360183e-05,3.7886537349123956e-07,4.851004327513616e-08
10,mlp,1942,5,5,6.8047354478261e-06,2.7587207525788118e-05,7.498084149022156e-05,3.3226073872824135e-06,1.4190759827580602e-06,0.9998476669080285,3.821862413756628e-05
10,mlp,9881,6,6,0.00544051912709957,4.809655291144528e-06,0.026664707655624578,5.1844128169598714e-05,0.004772379375663471,0.0008926763475201711,0.9621730637106315
10,mlp,195,5,5,1.2173323454083396e-08,4.386141096203078e-06,7.689858699508782e-07,0.0014042758605985561,1.1061894939106462e-06,0.9985683097805386,2.114086907951323e-05
10,mlp,317,5,5,1.2240514314121363e-07,2.692937986174131e-06,7.147171015392727e-07,0.0032892310039259348,2.474606546541951e-06,0.9966351833972167,6.958093208015174e-05
10,mlp,4499,2,2,0.008659733375950815,8.529067078906705e-05,0.9910315989689726,1.5968067034919657e-09,3.410245826920417e-05,0.00017295635991620726,1.631656929516853e-05
10,mlp,9244,6,6,0.0025720120288921164,4.421412000318408e-06,0.0009961438500877067,0.001064235131350089,0.0014968547156627597,0.002378293593113557,0.9914880392688935
10,mlp,410,5,5,2.6366350032483116e-07,5.906501219231463e-06,3.702567268792081e-06,0.007037688535852484,6.14237477443247e-06,0.992726319811549,0.00021997654583566945
10,mlp,2061,0,0,0.985468866570902,3.396396735205214e-06,0.0003064847096891595,6.989977077797067e-05,0.00039030836309879546,0.0036348141728966914,0.010126230015900146
10,mlp,3139,0,0,0.999868613881405,9.015451181905663e-08,8.366344723597754e-05,7.967398146572989e-11,4.664837029574261e-05,8.10820862507488e-07,1.7324601493511237e-07
10,mlp,12227,3,3,3.607718058028697e-07,1.4365695290689792e-06,1.956393102914036e-06,0.9871820940209313,0.001352209285976042,0.00022322451931166786,0.01123871843934346
10,mlp,3290,0,0,0.9999993223107081,5.2177868444824736e-08,4.6362601807519343e-07,1.065081720136001e-13,4.407527181837999e-08,1.1762628692636868e-07,1.8374030035222973e-10
10,mlp,4383,2,2,0.006499911874985872,5.889990865685186e-06,0.9926430715567984,4.835203501590784e-09,0.0006295636134735133,5.9139338000264215e-05,0.00016241879067265482
10,mlp,7799,6,3,9.825596715165664e-06,3.5015325433355786e-06,4.645528595860761e-05,0.7192868747117305,0.005502510654779294,0.004127568679567554,0.27102326353870554
10,mlp,631,5,5,1.0831303520210239e-07,7.776365644993797e-06,1.0851908726617506e-05,0.024451986903206116,2.3041702246341723e-05,0.9750044372177323,0.000501797589408287
10,mlp,2940,0,0,0.9985177003242206,8.179583299332623e-06,0.001459841800320458,3.4980056272453274e-10,3.227507870140065e-06,1.0540899027913993e-05,5.095354607486602e-07
10,mlp,2149,0,0,0.9994272506169534,1.2774824323872916e-07,4.5688600357492656e-05,2.188817957933314e-06,0.00017586834291137378,0.0001149750533001904,0.0002339008202761065
10,mlp,8215,6,6,0.00015905742884565136,3.6250002821003044e-06,0.0001911256257083753,0.03618216147980033,0.0022503356473701553,0.0022602511040872466,0.9589534437139062
10,mlp,3237,0,0,0.9999084175256581,9.478459721729069e-07,8.924438295042845e-05,5.677047501084197e-12,9.667855629530662e-07,4.1432964105737325e-07,9.124538324489684e-09
10,mlp,1904,5,5,0.11710616933105493,0.00015633475862136887,0.007030074113036517,0.003410747127313862,0.0023045448959155197,0.6043096603648684,0.2656824694091894
10,mlp,355,5,5,1.0659916770913219e-08,8.255054925625164e-07,5.0877604476550464e-08,2.732018974028587e-05,5.800656739461285e-08,0.9999711088760848,6.258845937060181e-07
10,mlp,4531,2,2,0.003077249999039469,2.5369032508697036e-05,0.9951713179104084,1.833488524047992e-09,8.786370219366042e-05,0.00160039520409473,3.780231826634854e-05
10,mlp,13005,3,3,0.0005495832789996819,1.5758050318153236e-05,5.05270903865052e-05,0.5376428961763539,0.0035508380866848314,0.0066169158767952875,0.4515734814404618
10,mlp,4188,2,2,0.04946294670426281,2.6533463375417858e-05,0.9394335971039672,9.033039965116204e-08,0.008716487950476795,0.0002773374885638837,0.002083006958954257
10,mlp,3884,2,2,0.0055534046071482705,1.302676235141582e-05,0.48694197536966055,1.9861445111338008e-05,0.05697347381838845,0.0010749054360996546,0.44942335256124033
10,mlp,12494,3,3,3.3408215935847773e-06,4.512158275282029e-06,1.155387940879803e-05,0.9486358197719155,0.001789094388941903,0.0006941192788050427,0.048861559701059945
10,mlp,2320,0,0,0.9998382469953875,2.714280867383854e-07,4.84184452944892e-05,4.459392277622306e-08,9.946743168100234e-06,8.722152529355229e-05,1.585026884692186e-05
10,mlp,1402,5,6,0.057966883935137895,5.250020426524014e-05,0.0005380389029950655,0.08725140528025507,0.0061693841083806005,0.05974976340289108,0.788272024166075
10,mlp,11622,3,3,8.147303958552602e-08,1.0416764986818437e-06,2.3453988505234912e-06,0.9918254720499685,0.00020195948306734525,0.001107733730631915,0.006861366187943514
10,mlp,2881,0,2,0.2096487428154488,0.0010692836426284499,0.7885864440391416,5.131245948454025e-09,5.7702671658536003e-05,0.0006174839121554448,2.033778772131006e-05
10,mlp,1907,5,5,1.81386499655265e-06,1.2552038800040105e-05,2.5302354732255474e-05,2.464998876435626e-06,5.831237105838853e-07,0.9999415306905381,1.575292834599734e-05
10,mlp,7330,4,4,1.562953646893762e-06,1.7952580291600294e-08,6.03068139105734e-05,4.0483737377218365e-09,0.9999252026654524,2.5380233936792594e-07,1.2651763696616908e-05
10,mlp,13202,3,6,0.0016315190398332388,1.5300448244487374e-05,6.400363414596879e-05,0.41930364849425383,0.008378666515565354,0.003322340006021962,0.5672845218619352
10,mlp,6889,4,4,1.2040525119875834e-05,2.3039341251923668e-07,0.0008818771822338809,5.936794461824518e-07,0.9986980476587133,5.109747660607778e-06,0.0004021008134139245
10,mlp,2667,0,0,0.9996983157239036,3.1857518426220244e-05,6.360123227678641e-06,1.138680058364257e-09,6.492219432108744e-07,0.0002627772789866385,3.899483250052876e-08
10,mlp,3872,2,5,9.111391691373403e-05,8.85190960966143e-06,6.334897928690266e-05,0.00013480107370769195,1.2388391669967855e-05,0.9984524623241884,0.0012370334046236289
10,mlp,5537,4,3,6.758282568033388e-06,5.875071640946942e-06,1.886966694229457e-05,0.9098670461473561,0.00998509631777963,0.00092365815548521,0.07919269635822766
10,mlp,2544,0,2,0.17378247101758051,4.9122381419742214e-05,0.8249025772178019,4.9799451188452254e-08,0.00016741649349146862,0.0006101448050654633,0.0004882182851895986
10,mlp,526,5,5,4.244246624633426e-09,6.790364513162502e-07,5.684187057333724e-08,1.0284146794347428e-05,3.6047530583858807e-08,0.9999885501168535,3.895662531019998e-07
10,mlp,3956,2,2,0.2835773607013775,0.0003084542080291574,0.46003765405548075,2.308423212892589e-06,0.00032884197778786686,0.248838552931819,0.00690682770229281
10,mlp,6581,4,4,4.635854968241897e-06,8.489172116866575e-08,8.37656631498618e-05,9.60902072518613e-07,0.9993300705312859,5.058793940961937e-06,0.0005754233628615514
10,mlp,4844,2,2,0.00011699387975603542,2.0559395892903083e-06,0.9935870649580753,1.7815235246671225e-10,0.006287672780959443,2.730487553833038e-06,3.4817759141071517e-06
10,mlp,11061,3,3,1.722789984957649e-07,6.413107373985894e-07,3.10646055025021e-07,0.9922275875712223,0.0006099234470013936,3.127878591077903e-05,0.007130085960074673
10,mlp,4667,2,2,0.0031331832692735283,5.467110465669937e-06,0.9958231814014437,5.352915321587303e-10,0.0010248670492131531,1.0262193102846978e-05,3.038441209818802e-06
10,mlp,1079,5,5,1.9688634251889037e-06,1.591309665097279e-05,5.457073319991871e-05,0.032103399990757085,6.961904226028193e-05,0.9637204775092447,0.0040340507644619
10,mlp,1866,5,5,0.0010735512073017954,5.740112253476319e-05,0.004878585094441964,0.006415032132707992,0.0011931416017657973,0.5518072750863839,0.4345750137548637
10,mlp,11256,3,3,1.2313047407238649e-08,2.274159284536714e-07,1.240662690207466e-07,0.9989368534217784,0.00037881993234345626,3.7231929709701426e-05,0.0006467309209234692
10,mlp,2675,0,0,0.9989458342467749,5.0227430884970455e-06,0.0010128564634964063,5.5328421495439505e-09,1.1636147483467579e-05,2.3709346285984787e-05,9.355200286024412e-07
10,mlp,11020,3,3,1.9933086053444832e-08,3.0765097288422337e-07,9.728118350543024e-08,0.9982414385028673,0.0009826666032988587,1.6219019477377412e-05,0.0007592510091142008
10,mlp,11159,3,3,7.594633468515606e-08,9.935545994962417e-07,7.39245155697578e-07,0.996048821894394,0.00016545825216441286,0.0002158016227138177,0.0035681094846377885
10,mlp,6443,4,4,1.1669896352493949e-07,3.332856257838029e-08,2.9314053580206746e-06,4.889826522712549e-06,0.9990629103647439,4.1548475240244e-06,0.0009249635283253911
10,mlp,11678,3,3,1.0139368971246632e-06,1.5431996899542005e-06,1.2638720972659766e-06,0.961687823237007,0.0008815056543496328,3.054964340758568e-05,0.03739630045655168
10,mlp,6537,4,4,1.5209935250213275e-06,1.8963760871627766e-07,9.477520383156161e-05,1.2814329229538922e-06,0.998922208094066,5.695758698053965e-06,0.0009743288793477297
10,mlp,9290,6,6,0.00013972158656627164,2.2614415216541875e-06,0.0005294068279957524,0.0008975154832546203,0.01242019640558767,0.0006534811433542232,0.9853574171117199
10,mlp,11711,3,3,1.238964296870281e-07,1.2525303983782568e-06,1.926852900721249e-06,0.9920355103793042,0.00022859458880275947,0.0004452352576326157,0.007287356494531788
10,mlp,4920,2,2,0.4691264233784365,7.059410053129207e-05,0.530673222664305,5.865897197058083e-10,6.278875713801156e-05,5.265001536248084e-05,1.4320497637021156e-05
10,mlp,5829,4,4,1.3148935187022608e-10,2.5586086108710145e-09,2.271694416040095e-08,9.311454858337057e-06,0.9999011873171767,1.7062035447538603e-07,8.930520056831818e-05
10,mlp,11796,3,3,5.523578472057401e-09,4.964890954022134e-07,1.192433561173938e-06,0.9966263784511084,0.00012279586440181256,0.00207295053269416,0.0011761807055606565
10,mlp,5505,4,3,1.0032031032036273e-06,2.165497801616419e-06,3.4135282237938e-06,0.9829259674006455,0.0024220914363562787,0.00033844357728262764,0.01430691535658674
10,mlp,4011,2,2,0.008391491039184223,1.1415301005511006e-05,0.987901444381584,1.1345445552455828e-07,0.0009529266594293477,0.0002717192093183252,0.0024708899550233755
10,mlp,1129,5,5,7.124813010102113e-08,1.8357934845518588e-06,6.75873547407722e-07,5.2283605786597284e-05,3.5463304103785063e-07,0.9999329607977937,1.1818048216509296e-05
10,mlp,13007,3,3,3.1392461615370756e-06,8.832441644648537e-06,1.0382600230946065e-05,0.6976011197535341,0.2228743772004786,0.0003973440307591332,0.07910480472719089
10,mlp,8735,6,6,0.00914071954769767,2.7273490763817635e-06,0.00026678775649518913,0.005421383566969945,0.004839175827207805,0.0005591889058050869,0.9797700170467479
10,mlp,11633,3,3,5.6026636069040483e-08,8.313829853801735e-07,1.550631295773902e-06,0.9913322284750437,0.0001327080585006518,0.002321509961669484,0.006211115463868917
10,mlp,1339,5,5,7.4714808819717754e-06,1.8140525344563068e-05,3.26098088306268e-05,0.0014156695784280915,2.2129568715160988e-05,0.9960148408903673,0.0024891381474320554
10,mlp,6992,4,4,5.3782384752216536e-09,1.6165304128568272e-09,8.43173743065377e-06,2.9081530727924165e-09,0.9999711498262395,4.584710459134108e-08,2.0362686303379686e-05
10,mlp,4543,2,2,7.79629242219843e-05,1.5452965594450933e-06,0.9997578416153338,6.220326753529607e-11,0.00015844539604795605,1.2996680502708373e-06,2.905037583249646e-06
10,mlp,12548,3,3,2.1108914867483818e-05,6.727514127277348e-06,1.131816036311207e-05,0.922445726156759,0.0007734020565758093,0.01705338311545643,0.05968833408185092
10,mlp,6163,4,4,1.4876623111995862e-07,4.189119999710291e-08,3.965623559149527e-06,1.0611929018604552e-05,0.998257295625382,3.6878318606281453e-06,0.001724248332748454
10,mlp,11534,3,3,5.340368107744302e-08,6.097577864685439e-07,2.2310103014152005e-07,0.9984156446129758,0.0005674993392955129,2.6370216292898715e-05,0.0009895995689379537
10,mlp,5920,4,4,3.228945377536006e-11,1.9239135012048337e-10,1.0904480703781442e-06,1.0779497777951324e-08,0.999985530164228,4.2483371364573214e-09,1.3364135185914827e-05
10,mlp,3750,1,1,3.914311951053651e-08,0.9999997780377694,1.8281840272704082e-07,5.399357007930554e-29,7.064465570843008e-13,1.7750110672177533e-15,4.989848965508535e-25
10,mlp,12173,3,3,5.466067106818737e-07,1.8451351726347299e-06,5.344809881152278e-06,0.9751365853241422,0.00034197247902096814,0.0027035674921924552,0.021810138152880007
10,mlp,6531,4,4,5.318712412937886e-06,8.911653662800458e-07,0.001158254081439411,5.6474987331022116e-06,0.9879436474563676,5.5463971660010956e-05,0.010830777114020565
10,mlp,9071,6,6,0.0002048022206784834,5.3172647058350585e-06,0.0010311182192320073,0.004435118182028668,0.005631421530875158,0.012033219834104127,0.9766590027483757
10,mlp,12357,3,3,3.6658550600043046e-07,1.763062705281389e-06,7.358032355036143e-06,0.979320522628483,0.0008029767747699732,0.0013873281427097385,0.01847968477347087
10,mlp,10209,3,3,1.3824328826856178e-10,9.14783189773026e-09,4.090142437978283e-09,0.9999284395707025,2.6395968434518654e-05,3.432345043391273e-06,4.1718739601890815e-05
10,mlp,6118,4,4,8.0811394157224e-07,7.01623008517798e-07,6.490255908343178e-05,3.417115076776737e-05,0.9946774236832747,3.655779456246948e-05,0.005185435075361342
10,mlp,1476,5,5,9.914172206235242e-07,6.299487736384304e-06,9.473829721827107e-06,0.000181613045875829,2.3235218674693694e-06,0.9996574417026901,0.00014185699488786054
10,mlp,12785,3,3,1.063055807339175e-06,4.553226794399385e-06,1.939267755422422e-05,0.9765259840936,0.000890766012663569,0.006899116982544747,0.01565912395103584
10,mlp,3312,0,0,0.999994530065582,1.6257782640762386e-06,3.2989122409548135e-06,1.0366403721174354e-13,4.381674561125815e-08,5.012628964198485e-07,1.6416705530804912e-10
10,mlp,7614,6,6,0.00010800459527653724,2.511758269667524e-06,3.5210891702407866e-05,0.13541881790972884,0.00906492061411824,0.00021834683196812505,0.8551521873989363
10,mlp,10049,3,3,1.4420315284291986e-08,4.985653154365463e-08,2.135202920299309e-09,0.9999198254511802,8.572503686923664e-06,1.2887028902625868e-05,5.8648604180385265e-05
10,mlp,12127,3,3,5.2131886148339e-07,1.8965979204842933e-06,5.139049539623531e-06,0.9684626788164568,0.0008591450570547818,0.00045790289133262934,0.030212716268834153
10,mlp,7422,6,3,1.900014440457442e-06,3.314779722640131e-06,1.53287780486986e-05,0.9468943698207405,0.0019536762654789644,0.0011365204511290714,0.04999488989043968
10,mlp,10663,3,3,4.395905453702045e-08,4.6006453189411933e-07,8.851586077247566e-08,0.9974030097311194,0.00011419098080068984,2.510922679361755e-05,0.002457097521839101
10,mlp,750,5,5,4.35873663770368e-06,1.361504726299351e-05,4.4474894135820426e-05,0.08467565622276589,0.00011018971445604761,0.9052225154989743,0.009929189885767244
10,mlp,11934,3,3,7.660393855651422e-06,4.066496508850049e-06,2.612498136006013e-06,0.9687392448466351,0.0008739298805252425,0.00019193891253043436,0.030180546971808716
10,mlp,1637,5,5,4.764878613478257e-06,3.143820625349202e-05,0.00015563572612584052,0.001549052263062731,3.728290225169622e-05,0.9965127618144589,0.0017090642092337145
10,mlp,7092,4,4,7.275034695481046e-08,8.041286756225252e-09,9.867412005357283e-06,2.434544824722316e-08,0.9999225028852455,3.281967481575208e-07,6.71963689191231e-05
10,mlp,12834,3,3,8.584535835536148e-06,4.0443677268075585e-06,1.9644178448044048e-05,0.5035689839572385,0.04986490326623458,0.00028109266174075197,0.44625274703277573
10,mlp,3772,1,1,1.324651245831135e-08,0.9999991652808409,8.214715042850026e-07,3.5174380019679793e-29,1.141457223540543e-12,9.829506253308727e-16,1.2961816522512627e-25
10,mlp,5755,4,4,0.00016477331062871435,7.019506712046746e-07,0.00011771888127183934,0.00048438793094593646,0.9948500575264452,0.00013554545628919842,0.004246814943747825
10,mlp,908,5,5,0.006167735234386669,9.721857127344625e-05,5.259250516290975e-05,0.05543626770249096,0.0005725747945742,0.9190777844232946,0.018595826768817412
10,mlp,10755,3,3,6.871376196813173e-08,3.31156256159886e-07,9.737469917437214e-08,0.9989564436865821,0.00022740324133480453,1.2788893716392203e-05,0.0008028669336492663
10,mlp,6472,4,4,3.6027210760092784e-07,3.968013718585708e-08,2.7550575776989e-05,3.559229704195656e-07,0.9999200374997771,8.670210572882907e-07,5.078902817355192e-05
10,mlp,3329,0,0,0.971319170849292,0.010220730857116982,0.018445827563373995,1.749950157601452e-12,2.4320745879385763e-06,1.1832757790854472e-05,5.89608821530361e-09
10,mlp,8629,6,6,0.0020688827415941487,7.581417399908185e-06,0.00047808547215697975,0.011974607475413951,0.002862336992778821,0.00302863286317326,0.9795798730374831
10,mlp,10191,3,3,2.5497007865749557e-09,1.5505989980820077e-08,5.054806686765214e-09,0.9951913463379481,0.0045569397097797405,1.045589780233397e-06,0.0002506452519945192
10,mlp,11110,3,3,3.385330895467529e-08,5.815778840360603e-07,1.559471150016157e-07,0.9936656294673034,0.0024940867734282073,9.13370954636995e-06,0.003830378671413976
10,mlp,5050,2,2,0.005429921104063202,8.573822699342912e-05,0.9944415414474551,3.811509231310977e-11,2.228268884944546e-05,1.97402701815453e-05,7.762243421511693e-07
10,mlp,6833,4,4,4.380712127548617e-08,7.545325509792766e-10,7.769359334620079e-07,1.808806428300376e-08,0.9999926955596338,6.757007527591505e-08,6.39728463923033e-06
10,mlp,11985,3,3,2.6226743977184364e-07,1.6586041080073291e-06,2.850207818496446e-06,0.9925465777350979,0.0004452040943778664,0.0004906382390755014,0.006512808852082704
10,mlp,138,5,5,2.2081224955589221e-10,6.713167798590102e-08,2.3661356003875843e-09,9.133734424835216e-07,1.559228873005378e-09,0.9999990040801041,1.1268598521046766e-08
10,mlp,13319,3,3,2.0572172180480115e-05,7.048254978311055e-06,0.00014807081399804335,0.6258492859339779,0.003458863804886023,0.008555638865620798,0.36196052015435837
10,mlp,13381,3,6,0.00023974992207980065,1.2007691958623291e-05,0.00024201734662525126,0.20748330335182988,0.0036820738554786425,0.008651358867385795,0.7796894889646421
10,mlp,6763,4,4,4.621074738004121e-07,1.7983172831441012e-07,0.00021383609237331426,2.721092850038146e-07,0.9994850168169254,3.4711025307996586e-06,0.00029676193968346297
10,mlp,10657,3,3,3.0373482112154937e-09,8.387888168063675e-08,1.931997246203659e-08,0.9996828997127726,0.00014177540630463164,5.786317548090626e-06,0.00016943232717205192
10,mlp,6629,4,4,4.756667240492015e-06,2.4755221023530645e-08,3.4076037453148205e-05,3.9940136827137647e-07,0.9998321827575927,2.763070944097245e-06,0.0001257973101802995
10,mlp,6860,4,4,0.001156189307702489,2.1315119132319157e-06,0.006536504188782096,4.955775405827492e-06,0.989783871054383,7.731120765391651e-05,0.002439036954159247
10,mlp,2686,0,0,0.9999852371551448,5.464896660239039e-08,9.106864418162168e-07,2.4222473827284594e-10,2.742464015184278e-07,1.347457580192004e-05,4.8445018636294684e-08
10,mlp,2746,0,0,0.9702928720878876,1.713995320793257e-05,0.02955246127188424,8.248282147790098e-09,4.392829027207438e-05,7.774889363597517e-05,1.5841254829931536e-05
10,mlp,9185,6,6,0.00020145524440574322,6.26601915603655e-07,0.00014858306265734962,0.0007170994995380069,0.0015729524561485398,0.00020748213698758695,0.9971518009983472
10,mlp,4963,2,2,0.00021256573400477114,1.211320721170347e-05,0.9996887776007147,3.3546391636959865e-11,8.245718728766832e-05,3.233063707557945e-06,8.531735270612804e-07
10,mlp,203,5,5,2.1523732661140355e-07,2.3847839740086624e-07,7.442642220200651e-09,1.1240593513421689e-05,3.177131491016366e-08,0.9999880488236818,2.1765312380694539e-07
10,mlp,6398,4,4,4.171019605750749e-09,9.498166329050769e-09,4.956778398287844e-06,1.8645376838425026e-07,0.9998874593646428,2.8280487636738987e-07,0.00010710092912823469
10,mlp,6821,4,4,5.355943595785458e-06,3.1693626028006294e-07,0.000869907646745218,3.817468141110665e-07,0.9987943089583788,5.352260754823194e-06,0.00032437650745080536
10,mlp,9273,6,6,0.0003348510880294478,4.590795462721011e-06,0.001350527756307672,0.0031740755859334447,0.01527914043351602,0.008250653016555498,0.9716061613241952
10,mlp,11144,3,3,3.0279764495130944e-09,3.8984801769388856e-07,3.600978719239085e-07,0.9989814849473403,6.285333216894757e-05,0.0004917091739685637,0.000463199572656223
10,mlp,4035,2,2,0.0040681689808650555,4.442439930999341e-06,0.9799808553827187,1.1337184158211275e-07,0.014070788183236331,0.00012068216508034332,0.0017549494763269714
10,mlp,9488,6,6,0.001561512235161403,2.143325268707844e-06,0.0004759970808603325,0.0005910462071897973,0.014618057533270851,0.000517873370532882,0.982233370247716
10,mlp,1985,5,0,0.9025494303081906,1.5004770299011782e-05,0.00011463529678767303,6.199959087583181e-05,0.0001487642627021922,0.09549032904302338,0.0016198367281212531
10,mlp,470,5,5,1.5250724091418613e-09,9.162668464861393e-07,2.0582983893862188e-07,0.00011954665966495292,1.2047380246074214e-07,0.9998772297066921,1.97953808278372e-06
10,mlp,13204,3,3,0.00019399709662621254,2.7345141477078137e-05,0.00026289424081060963,0.5008907919280591,0.0026854480765753216,0.08737858386263013,0.4085609396538217
10,mlp,1688,5,5,4.379395864593968e-07,6.122974396610678e-06,1.3372419135610212e-05,3.817286073756266e-05,1.0379612782191048e-06,0.999880120646439,6.07351984263682e-05
10,mlp,13322,3,6,7.913673956198985e-05,6.490292944570212e-06,7.275794824605154e-05,0.23483959906774723,0.003976720917241891,0.0006337396851166221,0.7603915553491417
10,mlp,11852,3,3,3.484179439124417e-07,1.8742408540104208e-06,7.996589815972933e-07,0.9862780211313549,0.006220736654179121,4.567018636184548e-05,0.007452549710324461
10,mlp,5110,2,2,0.0009449820206005125,1.080972732473676e-05,0.9988118096121985,2.6823766856624362e-11,0.0002293308565898368,2.2033720632294552e-06,8.643843993687234e-07
10,mlp,6272,4,4,2.153932344679578e-05,1.08140169809921e-06,0.0003653285388371591,2.3045459255087593e-05,0.9857987512273816,6.212603350359544e-05,0.01372812801587781
10,mlp,11099,3,3,8.178872007493744e-10,7.362073403358104e-08,9.009333963288692e-08,0.9996746353649276,5.746038539857988e-05,0.000130620494282435,0.00013711922343068685
10,mlp,12811,3,3,5.708361134001758e-07,1.6349829125748178e-06,6.1183216593246206e-06,0.9811845321004001,0.0024448904014978414,0.0014639524099345996,0.014898300947481987
10,mlp,8778,6,6,0.00024017935324443759,1.7553722625266698e-06,0.0002453683159953282,0.007170385444741707,0.01265015158984823,0.0008244740354182999,0.9788676858884895
10,mlp,13461,3,6,2.2069944560982224e-05,2.86977764332566e-06,8.254765780240653e-05,0.2236650535530879,0.01907955065988401,0.0016934976796142136,0.7554544107274072
10,mlp,3446,1,1,9.752047836492846e-06,0.9999896027130856,6.452203370487115e-07,6.722658408618855e-24,1.130917913143493e-11,7.431699992417786e-12,2.687806575027434e-20
10,mlp,1526,5,5,5.673899262809068e-07,4.378958175540404e-06,5.710492296260147e-06,9.847591093212451e-05,1.546815179165061e-06,0.9998033895583974,8.593087509309637e-05
10,mlp,4254,2,2,0.251702881603807,0.00014821645315840151,0.7450652557097579,2.5054328795730503e-08,8.192726309661341e-05,0.0028023182863735176,0.00019937562947780675
10,mlp,1310,5,5,8.187493014576383e-08,9.044769893437696e-07,3.092506483150931e-07,4.859373343057141e-06,8.469873461260076e-08,0.9999926057823875,1.154542967058e-06
10,mlp,10229,3,3,1.485298094204588e-10,1.6927084215412026e-07,3.490024090077923e-08,0.9988047175336098,4.268309117389885e-06,0.001127847103587056,6.296273407295714e-05
10,mlp,5853,4,4,0.00026534365613352997,1.4132194559149716e-06,0.00035223079146135325,0.00038656578669569465,0.9841053304035338,0.00017145783608998565,0.014717658306629827
10,mlp,10270,3,3,1.1558818756510988e-09,7.576142001217325e-08,2.5499696354438368e-08,0.9995879564187673,2.7525736654752512e-05,6.130342215930805e-05,0.0003231120054203611
10,mlp,6292,4,4,3.018513307701268e-08,1.8281797272669646e-08,1.185387133219766e-06,2.72955917215693e-06,0.9997112962249209,1.3642116292199676e-06,0.00028337615021407724
10,mlp,3152,0,0,0.999960364830183,1.7193791022287122e-06,3.3360622723359e-05,1.731649236116571e-11,5.888142653317964e-07,3.9514862057669875e-06,1.4850203822977806e-08
10,mlp,358,5,5,7.811853372335585e-09,2.4462392654481146e-07,1.4828924295725937e-08,8.84097631115945e-06,2.2329266012926963e-08,0.9999906193444438,2.500852747607793e-07
10,mlp,13062,3,3,4.363980373623385e-05,1.009757914221332e-05,5.4432746852724464e-05,0.6713195730806251,0.006853857885030824,0.0014778627440044,0.32024053616060855
10,mlp,2419,0,0,0.9997068508787105,4.804930218631805e-06,7.316617473042245e-06,9.23379116387218e-09,1.541489056213546e-06,0.00027909252318638657,3.843275640846438e-07
10,mlp,13183,3,3,5.588949941012769e-06,5.143357364027539e-06,5.731869229839647e-05,0.8973618250948301,0.0021537168294087916,0.009465994634003643,0.09095041244215414
10,mlp,7261,4,4,2.0143560044420676e-05,3.794605976840529e-07,0.013149601538331383,1.0436353015685293e-08,0.9865978833572878,4.576261584707436e-06,0.0002274053858009663
10,mlp,8058,6,6,1.9202764642180414e-05,7.259592107289448e-06,6.83469352880566e-05,0.26549763997011655,0.03233539659788039,0.0014133153382528596,0.7006588388017128
10,mlp,13395,3,6,0.0006636133124744936,3.680147431091034e-05,0.0003375790882516389,0.19868054609799476,0.00348770903446849,0.04466897115566452,0.7521247798368351
10,mlp,11954,3,3,2.4356100236943946e-08,4.487549984207731e-07,1.3502242032287853e-06,0.9974422683801207,0.00037353328210758957,0.0005421529516222526,0.0016402220508474653
10,mlp,2613,0,0,0.998127664678728,5.9718833703854806e-05,0.0015696213933063766,6.833769724557686e-09,7.974066515982696e-06,0.0002325980918657979,2.416102110121508e-06
10,mlp,3783,1,1,4.069906391657017e-08,0.9999999133216382,4.59791612836097e-08,4.603977596255887e-30,1.3584146477932247e-13,7.299014413711152e-16,5.295582164110073e-26
10,mlp,6189,4,4,1.9139894352005714e-09,1.3476306271840262e-08,2.3902592872380476e-06,2.4006729971520725e-07,0.999967439279851,1.4059314040875997e-07,2.9774410125967824e-05
10,mlp,13172,3,3,5.663518054602991e-06,5.1295348348210245e-06,1.5434868841003522e-05,0.9391710009950205,0.005742303649672927,0.0012356642923188937,0.05382480314125729
10,mlp,7119,4,4,6.7666640604634045e-06,2.1316940090815147e-07,0.005764313845305418,9.801347119607188e-08,0.9939759431281281,4.825071285720794e-06,0.00024784010834826367
10,mlp,2035,0,6,0.010355230428941941,1.708620730491411e-05,0.0011704031427940379,0.009024119625925437,0.0028149204481576207,0.021489853702237827,0.9551283864446382
10,mlp,11095,3,3,2.2604084409799637e-08,3.725238561861456e-07,2.7013099003517086e-07,0.9979574856566348,0.0003468132782650349,2.8578440331626237e-05,0.0016664573658377363
10,mlp,3156,0,0,0.999994000009149,1.222105131108727e-08,1.2622563329791866e-06,2.693571734212436e-11,4.550326555816593e-06,1.6966107489158498e-07,5.498900604087229e-09
10,mlp,6364,4,4,1.7591595398259318e-09,2.8152330350821977e-09,5.921852247347739e-07,9.897410444334622e-08,0.9999719818069845,7.204670727420682e-08,2.725041258657213e-05
10,mlp,5259,2,2,0.00013994305318523084,1.3877827652885472e-05,0.9998365073201662,1.0476397809608627e-12,9.414135734288878e-06,2.345729081137528e-07,2.308930564381271e-08
10,mlp,11580,3,3,9.896587759747419e-08,8.781255264706898e-07,4.902972654491657e-07,0.9956344747742286,0.0009859919938613286,3.348421924463037e-05,0.003344581623995678
10,mlp,7550,6,6,0.00029409596434646084,1.4049592700401332e-05,5.877664488181971e-05,0.44900920391501625,0.006891541551683381,0.0007698806622292286,0.5429624516691424
10,mlp,11519,3,3,1.0042210581083929e-07,1.0838172561437546e-06,1.6346548825702575e-06,0.9832513668955944,0.00013963876250257113,0.006411028993613231,0.010195146454045092
10,mlp,8374,6,6,0.001108539867622631,2.0481614430358337e-05,0.0007915941132402973,0.07076490610344634,0.0050021142974136555,0.011283018411445325,0.9110293455924015
10,mlp,2232,0,0,0.9996380435384147,2.911031593965621e-07,0.00018766570237465272,1.5791660326617046e-07,3.667328712523523e-05,6.439805605211982e-05,7.277039627066167e-05
10,mlp,9559,6,6,0.0003463589264622296,2.302162172068444e-06,0.0008261776877862836,0.0005392640233498876,0.01575292248038808,0.0010881334661278239,0.9814448412537136
10,mlp,13404,3,5,0.0014978731803617343,7.928407601065016e-05,0.0001500184855752403,0.14803277497528342,0.0016891474983287767,0.6464329323104147,0.20211796947402544
10,mlp,5719,4,4,1.7524278952265327e-09,1.623165724671347e-09,4.336525037616516e-08,1.9205312676667925e-06,0.999994957177032,1.3956029511560433e-07,2.9359905610314286e-06
10,mlp,10926,3,3,5.965283681891501e-09,3.5611073650875943e-07,2.7783709772136233e-07,0.9990141795660916,6.604978377117912e-05,0.00018730162017681275,0.0007318291168425513
10,mlp,10100,3,3,9.187243993624148e-09,6.775059362395257e-11,1.8471148410070153e-12,0.999958449640392,7.145266483831529e-06,4.934193397660942e-06,2.9461642884959184e-05
10,mlp,12098,3,3,2.3314813389628553e-07,1.4569151531557717e-06,4.868222052264753e-06,0.9871521577386204,0.00045350605315193766,0.000852327475098532,0.011535450447789981
10,mlp,3221,0,0,0.9999818334459746,3.0478473129976176e-06,1.2172105378924599e-05,1.5421628660420752e-12,8.961800244592213e-08,2.854883216821407e-06,2.0985719598218197e-09
10,mlp,310,5,5,1.6741285523105693e-06,4.246746363751501e-07,7.045937888669343e-09,1.4131027415584057e-05,6.055751449333976e-08,0.9999833203699037,3.82196039541481e-07
10,mlp,9099,6,6,0.0002787017072121122,2.122957434662453e-05,0.0022867217857098017,0.01162272532615321,0.002127753304576532,0.20380426527347376,0.7798586030285278
10,mlp,5866,4,4,0.000289847961673507,2.235179196233407e-06,0.00040788577615621447,0.0011563561609570388,0.9350057055497354,0.000268178145268814,0.06286979122701275
10,mlp,2503,0,0,0.9999477942600223,1.1016508119962672e-07,3.595941133444501e-05,2.062359652453179e-09,3.184658907636355e-06,1.0768465423069357e-05,2.1809768716490106e-06
10,mlp,5857,4,6,0.0004630265642547978,6.566937430790956e-06,0.0018630299564372044,0.0009862665158680026,0.2641850570936485,0.0006574361406720914,0.7318386167916886
10,mlp,6003,4,4,4.0340146021322077e-07,6.759880328868482e-08,1.4568963343672888e-05,1.272538740394907e-05,0.9963035628204743,4.160417204231762e-06,0.00366451141131039
10,mlp,8750,6,6,0.00017085649526580747,1.5703943026029243e-05,0.000758069173827387,0.0460759444366487,0.006893823476447919,0.02256587836114451,0.9235197241136396
10,mlp,2021,5,0,0.9905846237937411,1.0031631529665779e-05,1.1272288015039005e-06,2.1033787987976484e-07,3.4132052810123004e-06,0.0093990548887887,1.5389139781250463e-06
10,mlp,5555,4,4,7.659790344932652e-08,3.684748754059604e-07,4.589788778679498e-06,0.005665055274900985,0.9863714557184878,1.0156460111422264e-05,0.007948297684942178
10,mlp,12099,3,3,2.758241493222393e-07,1.6532210452602559e-06,1.6298323903196652e-06,0.9944415648764936,0.0007721284353444895,0.00014368909417011136,0.004639058716406857
10,mlp,4714,2,2,0.00028929415639536313,9.094673594827678e-07,0.9981494928463922,2.0274272191927604e-10,0.0015536407722948286,3.6207089080679228e-06,3.0418459072178315e-06
10,mlp,9535,6,6,0.0012593936109884492,1.8347176907232761e-06,0.0005665833305428274,0.0007685131900839754,0.0024220139038295683,0.0002495728819695879,0.9947320883648948
10,mlp,5181,2,2,0.0006414111532524578,1.0336354476038473e-05,0.9992009268842481,1.507937969673645e-11,0.00014593913698152458,1.0480781887922336e-06,3.3837777387968116e-07
10,mlp,939,5,5,9.28258720122448e-06,9.916230718048868e-06,1.8364153783591336e-05,0.01091267831403875,3.108382701197864e-05,0.9863681120366526,0.002650562850593772
10,mlp,6728,4,4,1.3078061470062816e-07,1.4707766876698e-07,5.4764676592064526e-05,8.198645008816643e-07,0.9996913154999845,7.162042608845499e-06,0.0002456600580302905
10,mlp,9520,6,6,0.007147892300546456,4.167442352932961e-06,0.001573937514269959,0.00038935866165926906,0.002062724602269627,0.0008414980546872804,0.9879804214242144
10,mlp,2234,0,0,0.9999133434661015,4.218995490299117e-09,7.168391820756356e-07,9.553727178096927e-08,4.116304901990168e-05,3.0325246086474032e-05,1.4351643342730475e-05
10,mlp,5451,2,2,0.013547792998101224,0.000259709839778796,0.986023728159406,9.827112003546037e-13,0.0001670337120522227,1.646282555210941e-06,8.900712395478351e-08
10,mlp,1974,5,5,0.006677175026525357,0.00013720283713966212,0.011030956866719462,0.00040053923700150284,0.0004658163680845523,0.9032948328226104,0.07799347684191921
10,mlp,3745,1,1,3.5780527144504224e-08,0.9999998364526389,1.2776642562394296e-07,6.208800426496347e-29,4.0722257144764497e-13,1.0191743207538297e-15,4.167923312613172e-25
10,mlp,2756,0,0,0.9998884482214616,8.956738672356515e-07,3.2824490550487535e-07,6.506270007424901e-10,3.4473710768464296e-07,0.00010997236059803155,1.0111432813461507e-08
10,mlp,4671,2,2,0.006966174362478734,4.495531476014698e-06,0.9925451742875099,8.590973225583928e-10,0.0004644021288055582,5.349255464640955e-06,1.4403575167545513e-05
10,mlp,1629,5,5,0.00018208299240333526,5.685855123397725e-05,0.0005791557439214712,0.006730550015018079,0.0002135220321996168,0.9649183835481714,0.027319447117052167
10,mlp,10772,3,3,1.2986310713532102e-08,1.9788631020874252e-07,7.384438285187179e-08,0.999008948144329,0.00017289733943843025,1.716790486248569e-05,0.0008007018943664483
10,mlp,2024,5,0,0.40021681473464416,0.00020501141526825658,0.3649918304192536,2.2707051863385265e-05,0.0018127136550702468,0.16828685520829953,0.06446406751560088
10,mlp,9051,6,6,0.00022133002001029493,1.1803610201060862e-06,0.00020468323274498677,0.0011054013793013343,0.05774320692680667,0.00019855152791641682,0.9405256465522002
10,mlp,6702,4,4,0.30610542797308515,5.670079772807676e-07,0.0003576113340418662,9.058462944026748e-05,0.6521351649550202,0.037134364259476735,0.004176279840958381
10,mlp,4016,2,2,0.05100006657308982,6.123379695963769e-06,0.9456967996207227,2.3055123892444017e-07,0.0022660823366463267,0.00023791872437395762,0.0007927788142323205
10,mlp,28,5,5,2.2029199867894468e-07,5.533436890243969e-06,2.8578223113814313e-07,0.011924687010258242,3.3029118299456985e-06,0.98802941977901,3.655078778155505e-05
10,mlp,12097,3,3,1.8830787377941813e-06,2.956995317011788e-06,3.5785359184351845e-06,0.9745487584462086,0.0017077186785196274,0.00019019528016078546,0.02354490898513805
10,mlp,8346,6,6,0.0008867337024820551,5.1357898715915824e-05,0.001561272275826617,0.06024190136842528,0.002799177250126738,0.19231937837874222,0.7421401791256812
10,mlp,701,5,5,3.4043959061032026e-07,6.489696087685827e-07,7.354952786577265e-08,1.7772549237343786e-05,1.2486817518439463e-07,0.9999795402388835,1.499384976741625e-06
10,mlp,5715,4,4,1.5779047762640376e-09,3.201982833343302e-08,3.3044166064320757e-07,7.713998732425535e-05,0.9995447731356385,1.0479568869530034e-06,0.00037667488075646143
10,mlp,5162,2,2,4.727852090779302e-05,1.573864342517077e-06,0.998768350060244,9.460110855727797e-12,0.0011821653884539107,3.824545594388716e-07,2.497020322741976e-07
10,mlp,2187,0,0,0.9995517802440039,7.584899869978774e-08,4.879216749299292e-07,1.1043310244753778e-07,2.9453599319838082e-06,0.0004401427748548838,4.457417433016795e-06
10,mlp,8143,6,6,0.000165349702054479,9.303372433717088e-06,0.00029664824363112596,0.1725863981737577,0.004105262380938439,0.004173654698559573,0.8186633834286251
10,mlp,7693,6,6,2.955490112915791e-05,3.181095853842319e-06,4.9215240492645244e-05,0.28935101258870605,0.008038169674201063,0.0014941395286165921,0.7010347269710008
10,mlp,1080,5,5,3.3534063004681155e-09,2.2032338846169049e-07,2.7531596157108288e-08,6.00771909174918e-07,6.301595356322451e-09,0.9999990868628656,5.4855238975320766e-08
10,mlp,474,5,5,3.47333964451422e-08,5.361866005686744e-06,1.913920303179554e-06,0.002183753206134887,2.1711854727686704e-06,0.9977577274020231,4.903768666390938e-05
10,mlp,3091,0,0,0.9999852504021641,1.6773317282975207e-06,5.507074415751482e-06,2.1215655023137674e-11,2.1355979225374532e-07,7.347949236773991e-06,3.6614471705921476e-09
10,mlp,12603,3,3,2.3713890667395244e-06,4.415930804523133e-06,5.75746701355714e-06,0.8611405012454175,0.020000870447389164,0.0002154480798783724,0.11863063544043022
10,mlp,12590,3,3,4.842151741388538e-05,5.7905905631188614e-06,1.4614377814180724e-05,0.7729103936110293,0.005588358967193537,0.0007139561535875335,0.22071846478239854
10,mlp,2821,0,0,0.9999516281309442,9.707820498401445e-07,3.610749535676267e-05,2.764073211450977e-10,8.225349652396027e-07,1.0367133367902809e-05,1.0364690873731355e-07
10,mlp,8418,6,4,1.0171015661311477e-06,1.290959861338322e-07,0.00019199199397027824,0.0002850485008682132,0.9855895742787761,1.1284270201746717e-05,0.013920954758631294
10,mlp,1045,5,5,3.443758879442226e-07,1.239384905698365e-06,3.064458238500677e-07,2.0846779086651227e-05,1.7635268656772565e-07,0.9999742979769685,2.7886846409957595e-06
10,mlp,5710,4,6,3.2561655361531254e-05,5.912095023536796e-06,0.00028186184659812993,0.06207873553135433,0.2873864875414694,0.006352911920815476,0.6438615294093776
10,mlp,748,5,5,1.2724691119375881e-05,2.701759955358831e-05,5.364561613297934e-05,0.065387664304282,0.00013177720708700647,0.9239863298420475,0.010400840739777574
10,mlp,9377,6,6,0.0011172473333207866,5.227013445346113e-06,0.0018857830426961117,0.0014870756115410336,0.002953873629031675,0.017302152923506915,0.9752486404464582
10,mlp,11441,3,3,3.4316057889358756e-07,1.4633843586308511e-06,8.425757645596201e-07,0.994720001357485,0.0006026956711179819,9.392358547196473e-05,0.004580730265223122
10,mlp,3428,1,1,2.3540237162737045e-05,0.9999675066382828,8.95303611921926e-06,5.456862779653626e-23,5.3955960920002705e-11,3.447926538937756e-11,2.4594908416016593e-19
10,mlp,2955,0,0,0.9999484055923271,4.7454122395628696e-07,4.7654069635334664e-05,1.1484783593826917e-10,1.2524025061218836e-06,2.1454852176079648e-06,6.779424218070397e-08
10,mlp,6471,4,4,1.9546089661457158e-08,1.4686750421950534e-08,1.089099155570771e-06,2.0466525001017e-06,0.999671728358867,1.367051676251345e-06,0.00032373460496099845
10,mlp,5877,4,4,3.455555369287109e-07,1.1495724961261656e-07,3.49620140517967e-05,2.613558090001951e-05,0.9912436612846975,6.804556929544999e-06,0.008687976050634667
10,mlp,12637,3,3,1.3054656341355286e-05,1.374393520380704e-05,6.771954829903914e-05,0.8149794126082256,0.0008707760080729585,0.08422530667667562,0.09982998656718153
10,mlp,8804,6,6,2.5495951878120144e-05,7.952272675394801e-07,9.122390449764738e-05,0.002196950424366273,0.004512364768178056,0.0001066804808011636,0.9930664892430111
10,mlp,389,5,5,1.486755498732561e-06,1.2052627170223696e-06,2.4976267656084243e-07,0.0006977886808670229,1.1294866220525731e-06,0.9992711602669907,2.6979784627765118e-05
10,mlp,3519,1,1,5.501631840369648e-06,0.9995811326246242,0.00041334907101508284,2.665784267298378e-23,1.6671298852086736e-08,1.2213820850351577e-12,1.8150680019812937e-19
10,mlp,7157,4,4,7.244958598763167e-06,9.797018546249908e-08,0.0003131172069453482,5.5643163468582166e-08,0.9995999158670448,2.3488583082358902e-06,7.721949575387986e-05
10,mlp,7667,6,5,0.000549480093307373,9.509271699375348e-05,0.00025332086073936224,0.1474888775379335,0.0009856808845710953,0.7621984783893777,0.08842906951707699
10,mlp,8633,6,6,0.007052725883668737,2.4127228035307687e-06,0.0008774488263676354,0.018890946741509766,0.02094101822584867,0.0014970939536637826,0.9507383536461378
10,mlp,5001,2,2,1.9358684974343088e-05,1.2705091812169483e-06,0.9999268580326678,5.2830290114370465e-12,5.196962360887505e-05,3.273618295441492e-07,2.1578245505031797e-07
10,mlp,6317,4,4,4.5709046253620664e-10,2.572029169131154e-09,1.277848122139983e-06,3.714690493473516e-08,0.9999937507445829,1.9131438445917158e-08,4.912099832102437e-06
10,mlp,11398,3,3,1.361284368562069e-07,1.173608921614524e-06,7.966238443471203e-07,0.9965659540858822,0.00034422382325318107,0.00010311515176477527,0.0029846005778969105
10,mlp,6712,4,4,1.3929575097077953e-06,2.444298444477541e-08,2.2877025214085016e-05,3.169050154655146e-07,0.9997841144285331,1.5413242781382349e-06,0.00018973291646514316
10,mlp,12035,3,3,1.0764789529094442e-07,9.408571570030076e-07,3.851588776284613e-06,0.984310292386334,0.0002492206284850453,0.0032444703999663367,0.012191116491385719
10,mlp,8413,6,6,0.0008337147712332366,7.530140119662925e-06,0.0004053432138486953,0.02214235867639899,0.0022805261819919256,0.006862954327236623,0.9674675726891708
10,mlp,10575,3,3,1.379908613129603e-09,6.18358266967178e-08,2.7226522315533953e-08,0.9998136059910311,5.9427180139247234e-05,1.7045134355375506e-05,0.00010983125221691604
10,mlp,10275,3,3,5.1271083585007614e-09,8.883486400529672e-08,1.6214520682642787e-08,0.999346429777693,0.0003319744589958011,1.8828931405979033e-06,0.00031960269367730163
10,mlp,8701,6,6,0.0006817942739663157,7.105236739000746e-06,0.0006525426456383208,0.011416290402383062,0.0032664859548672542,0.00567206704776158,0.9783037144386446
10,mlp,3276,0,0,0.9981633553382937,0.001679546084057752,0.00013754139425119316,2.4187503473265985e-12,2.280188421086986e-07,1.932818483884211e-05,9.772975760544245e-10
10,mlp,1932,5,5,1.323337621110875e-06,6.372415607739151e-06,1.594037731042961e-05,6.85814409494486e-07,2.782579137950339e-07,0.9999692820631837,6.1177339538038535e-06
10,mlp,11050,3,3,9.931809069313163e-10,1.2066565486667243e-07,1.3461147828531103e-07,0.9992768011597931,3.5707205716784694e-05,0.00045072282254088303,0.00023651254163497792
10,mlp,1033,5,5,4.823469422679406e-06,1.511514253822473e-05,7.472450857893387e-05,0.02406995284745844,7.721733051061346e-05,0.9683572807810519,0.007400885920439101
10,mlp,13309,3,3,4.140997993509538e-05,1.828172507737626e-05,0.00020226096325502607,0.7762742682890751,0.002965432073101773,0.030154603863563157,0.19034374310599242
10,mlp,5316,2,2,0.040515798684727475,6.233552884454996e-05,0.9578117522245858,5.534904054428282e-11,0.0016039309418692858,4.984347157080258e-06,1.1982174668161443e-06
10,mlp,11945,3,3,2.208241616974452e-06,2.437461088322417e-06,1.9014497736579872e-06,0.9795363459469424,0.002073986770094184,0.00014870416667218597,0.01823441596381219
10,mlp,6368,4,4,1.3295973886744468e-05,1.0787148907468602e-06,0.0019018841059665417,6.004092844414386e-06,0.9909476158506425,3.9246898452294696e-05,0.007090874363316719
10,mlp,13082,3,3,2.2401226948222708e-05,3.88020011401768e-05,0.00020544805796145378,0.7492518466452818,0.001423407804552199,0.12631914249452061,0.1227389517695955
10,mlp,3240,0,0,0.999998676233049,1.358959753207185e-07,2.866468954673077e-07,5.568852236330927e-13,3.7798322384018006e-08,8.632633869755107e-07,1.6181385635674967e-10
10,mlp,7419,6,3,2.501028611387676e-05,5.902392935589053e-06,1.585222854087632e-05,0.7140039633582564,0.008438071122834954,0.0005131619974578965,0.27699803861386046
10,mlp,12912,3,3,1.1957708546994535e-05,2.4731672517421046e-05,0.00011801981757659204,0.8369909897330723,0.0013047526182540835,0.07486941678735885,0.08668013166267366
10,mlp,10137,3,3,1.9714529811042373e-10,2.6495637265287256e-08,9.797201580967705e-09,0.9999289641136969,1.1613294437813134e-05,1.0800267183617924e-05,4.858583469743189e-05
10,mlp,11545,3,3,3.7064923868460386e-08,1.0607136993809682e-06,1.692162822522042e-06,0.9952155307086132,0.00011685510690607853,0.0015955687921220929,0.0030692554509128517
10,mlp,11048,3,3,2.2214179393520526e-08,4.6493491353654646e-07,3.036124958072237e-07,0.9989265741929367,0.0001323496892521859,5.7601159364419555e-05,0.0008826841968579102
10,mlp,12668,3,3,3.3314008772161477e-06,3.124186722577126e-06,9.274025801096524e-06,0.9479165790695671,0.002219573747002675,0.0006112498033590862,0.0492368677666703
10,mlp,9035,6,6,0.00024044202346792576,1.2319162494622195e-06,0.0003291472218710183,0.0009721680536351169,0.009544725053395084,0.0002083890759765023,0.988703896655405
10,mlp,9547,6,6,0.003535104278055891,7.115951744924218e-06,0.0023862071615581367,0.0006409351922734088,0.0012531166747100173,0.00872743069848506,0.9834500900431724
10,mlp,201,5,5,2.7957409940096507e-06,8.908148269819364e-06,1.7560538071155135e-06,0.008192454435885678,8.424419207927202e-06,0.9915684202273087,0.00021724097452676365
10,mlp,2243,0,0,0.9996011308376638,4.613667199544297e-07,0.00012816586434691933,2.517190479428517e-07,2.8441688030148894e-05,0.00017023139389067246,7.131713030051485e-05
10,mlp,993,5,5,3.758919785531032e-06,1.7034410482842056e-05,2.1059688338437172e-05,0.007303450621873222,2.0899017916354853e-05,0.9914813434353297,0.001152453906273799
10,mlp,1405,5,5,7.540933102778233e-09,3.4403181469204403e-07,1.0126616288621794e-07,8.978126953848148e-07,1.4580723233696719e-08,0.9999984503268388,1.8444083188473388e-07
10,mlp,1797,5,5,1.0207515302774227e-06,3.613844411990753e-06,5.7492258966972266e-06,7.564341344905551e-06,6.46732030637414e-07,0.9999599180753118,2.148702947355804e-05
10,mlp,2956,0,0,0.9998149264232933,2.158115853221368e-07,0.0001648182989184527,5.521090733691431e-10,1.7606719303293944e-05,1.99524597980412e-06,4.369488109724294e-07
10,mlp,3315,0,0,0.9978275298565212,0.0008232980505994182,0.0013420961234223287,2.6712405273169488e-12,1.1937806723847758e-06,5.880398385238128e-06,1.7877283392846032e-09
10,mlp,8453,6,6,0.00020682657889199984,5.257025990836888e-06,0.0002985890551504651,0.03377308424404723,0.012509627235671741,0.002679652619312143,0.9505269632409357
10,mlp,10537,3,3,1.5873808377122576e-07,6.032544408877049e-07,6.450302630832238e-08,0.9991590542775423,5.971634530453877e-05,7.223913073575876e-05,0.0007081637508665171
10,mlp,11142,3,3,9.335674212122175e-09,2.2329041234343557e-07,1.6676828589555004e-07,0.9993848295155112,0.00015314566134607893,5.871428074762385e-05,0.00040291114802246217
10,mlp,10156,3,3,1.3598676197024076e-09,3.942493028312975e-08,9.19835730453764e-09,0.9998412393553588,2.7663511425800837e-05,1.9394116728559963e-06,0.0001291077383870881
10,mlp,6694,4,4,6.525910420614764e-06,1.951052542157764e-07,0.00015150641103678665,1.995998566997769e-06,0.9970962688417109,1.349443526851808e-05,0.002730013297741915
10,mlp,5996,4,4,1.0406988288591751e-09,1.0131704348052296e-08,6.436908836270663e-07,7.979520894213587e-07,0.9999522560027407,1.9431593838055985e-07,4.609686594473972e-05
10,mlp,6045,4,4,2.95080264041587e-08,1.1158461265420286e-08,9.911439807053146e-07,5.298886297943139e-06,0.9994012373924595,7.712830981824415e-07,0.0005916606276760037
10,mlp,10647,3,3,1.8552535892574826e-09,1.9281284878218794e-07,9.603854358971796e-08,0.9995682693690093,2.9758268929135453e-05,0.00014549097902155452,0.0002561906763937135
10,mlp,5612,4,4,7.441995187912402e-08,5.167869842348513e-08,1.4047036346207506e-06,0.0006220193800512024,0.9944020269611581,3.3927199441052918e-06,0.004971030136561794
10,mlp,9093,6,6,0.009227165322127247,2.078188130677575e-06,0.0003305119904189612,0.0015878412830158226,0.003250348576335842,0.0035594937671528763,0.9820425608728186
10,mlp,1900,5,0,0.9093190171690116,2.5830980746626325e-06,1.3261817060768943e-07,8.754108091067968e-06,1.6847935949565138e-05,0.0905783807547597,7.428431594278068e-05
10,mlp,11812,3,3,8.489563548991265e-06,4.32463367745566e-06,1.3284117857595191e-06,0.983023895851415,0.0004526652057707656,0.001232785853182382,0.015276510480619492
10,mlp,10616,3,3,2.192414167833063e-08,3.21145623127904e-07,1.1020012970643543e-07,0.9992134975291483,0.00010862734214526115,2.5046654538852938e-05,0.0006523752042730706
10,mlp,13338,3,3,4.431376381412659e-06,3.0000744620554635e-06,4.0582745956992166e-05,0.8487235753332735,0.0025732091569092394,0.005000553957735212,0.14365464735528163
10,mlp,2344,0,2,0.2703321598397071,4.922744749904377e-05,0.7024258668694223,1.15173909586934e-06,0.001104313038181594,0.006207867210991377,0.019879413855102824
10,mlp,8937,6,6,0.000494324875812691,8.480291834675007e-06,0.0007197144700279002,0.012190570805197209,0.001850379716809893,0.029741562896638905,0.9549949669436788
10,mlp,3055,0,0,0.9986353327831814,3.6124929767718406e-06,0.0013142279217138915,9.671366190523935e-10,4.430516306942644e-05,2.368877906349268e-06,1.5179401555202047e-07
10,mlp,2418,0,0,0.9969474808673177,5.804905520297746e-05,7.290583584724051e-05,2.821615001820173e-08,4.749249716975317e-06,0.0029152444638580076,1.5423119069528704e-06
10,mlp,498,5,5,5.775602527516592e-10,6.052689611085038e-08,4.449175048609976e-09,1.282289749327473e-06,4.296612718197792e-09,0.9999985744868672,7.337313930500274e-08
10,mlp,2246,0,0,0.9797157276562688,9.53947221995938e-06,0.018542197855179767,1.1819894403759324e-06,0.00024563883782807353,0.0007013204586443341,0.0007843937304187898
10,mlp,10597,3,3,7.396167278963096e-09,1.3392241271089912e-07,4.3095140132427396e-08,0.9996320169581052,9.018037469473156e-05,7.275508438582083e-06,0.000270342745041405
10,mlp,5559,4,4,9.518051955235373e-11,5.473414335670869e-10,3.636530166709417e-08,6.604111531255426e-05,0.9989385603656588,5.2980983193215065e-08,0.000995308530222083
10,mlp,11784,3,3,8.410675158696016e-08,1.0073254890939365e-06,1.610650464421527e-06,0.9933882713212958,0.00019987719485188495,0.0008511293584088373,0.005558020042738261
10,mlp,2831,0,0,0.9999611102039083,8.50406724454069e-07,2.5964371260026723e-05,3.0689124619869465e-10,9.340358663971694e-07,1.1041655846477087e-05,9.901950305936246e-08
10,mlp,2130,0,0,0.8673623445377273,8.23978577409284e-06,0.03956218908714754,0.00011166758353933845,0.06781106744610588,0.0030516674145275122,0.0220928241451784
10,mlp,10303,3,3,4.414050226624383e-09,1.5247311211185102e-07,3.7758450782810305e-08,0.999588493026224,3.3056480273103266e-05,3.260470404776036e-05,0.00034565114384186565
10,mlp,10615,3,3,1.1765575769629655e-09,8.645682555182937e-08,7.390996507647994e-09,0.9986935879338625,0.0010949335458364123,2.1315773044362134e-06,0.00020925191861704252
10,mlp,8160,6,6,4.894710505193027e-05,7.573570993154464e-07,3.656219653783925e-05,0.01141517550677973,0.0024352826163507465,6.851918863401806e-05,0.9859947560295464
10,mlp,11578,3,3,6.492406631164524e-08,7.3397711831423e-07,7.255718657278153e-07,0.9975711206815232,0.000354567788087665,0.0001904876126612383,0.001882299444677419
10,mlp,6724,4,4,2.9145385644773536e-07,5.316204448739581e-08,5.5560379341690455e-05,1.5950067347923112e-07,0.999886100147404,6.061161433412952e-07,5.722924053639649e-05
10,mlp,11494,3,3,4.589864286974814e-09,2.536135681681809e-07,3.939840061857577e-07,0.9992021868879699,0.0001112415741554921,0.0002970208467838613,0.0003888985036521115
10,mlp,9361,6,6,0.00013024730907290003,7.85954830991997e-07,0.00044683353739297197,0.0008784277461580951,0.001891425380716353,0.002562064789018068,0.9940902152828106
10,mlp,12289,3,3,5.564233618847629e-08,1.2331283755552314e-06,2.739189126454587e-07,0.9762650719147967,0.01942473818668383,5.012452548127586e-05,0.0042585026834139166
10,mlp,3793,1,1,2.7824086754381035e-09,0.999991504329344,8.49284926406295e-06,4.3532520838628284e-29,3.898326997866035e-11,1.0214175051785819e-16,6.454159188604215e-26
10,mlp,3960,2,2,0.017550311240747084,1.3263944596695011e-05,0.9772347009376658,3.6503053815123956e-07,0.0016133168563335764,0.00027691642943063763,0.0033111255606879937
10,mlp,536,5,5,1.7878897158812246e-06,9.413716327271584e-06,3.0055304250204148e-06,0.005454314429256904,7.745289629364514e-06,0.9943027920977932,0.00022094104685244735
10,mlp,8094,6,6,0.00014079163697158298,1.5531499225125064e-06,4.950316821156721e-05,0.0207612539161817,0.0036520210269075973,0.00024117129982268397,0.9751537058019822
10,mlp,8117,6,6,0.000309409830591369,1.878370135893222e-05,0.00040865033401291134,0.20914800497424116,0.003276699637527943,0.03439018689922569,0.7524482646230419
10,mlp,7692,6,3,1.9587228381535933e-05,6.9993251310445555e-06,9.860820958468926e-05,0.6992190944879914,0.004645759994708537,0.00526720671406249,0.29074274404014044
10,mlp,6320,4,4,2.3179014329040704e-06,1.2573822834684677e-07,5.312110567328353e-05,7.833392213080592e-06,0.9993333220212662,6.2953292681468505e-06,0.000596984511917986
10,mlp,6896,4,4,7.318422219635958e-09,5.6626076624563696e-09,3.5527320110268195e-05,8.175402369698006e-09,0.9999558367395392,5.427521590769479e-08,8.56050870202923e-06
10,mlp,6419,4,4,6.195276533255846e-07,2.605431806568633e-07,0.0003194073971764089,3.829544611204145e-06,0.9925108728671261,1.785166215483889e-05,0.007147158458097589
10,mlp,3179,0,0,0.9337370705270338,0.0002228735625724552,0.06597533730583614,2.8623227900328244e-10,2.1195330424666943e-05,4.283739739279252e-05,6.855905078868191e-07
10,mlp,2252,0,0,0.9991781566236854,7.144311572343143e-07,0.000475637489773687,3.178211028739186e-07,4.261343901263144e-05,0.00020314671654108894,9.941347872717329e-05
10,mlp,13533,3,6,0.0005456960723456006,3.6498743077274993e-06,0.00017103811688960586,0.028483847571596943,0.0027421294470423097,0.0019764692353217528,0.9660771696824959
10,mlp,395,5,5,1.4491311001952612e-09,6.03346701498806e-07,5.4769857957821407e-08,1.895444167496388e-05,3.3708220462813406e-08,0.9999798893851501,4.628992638177343e-07
10,mlp,9153,6,6,0.0005875142676213011,1.99984248537266e-06,0.0003018847308631318,0.0013422718233111544,0.0033739095106868943,0.0007173289485012608,0.9936750908765308
10,mlp,12369,3,3,1.1402047979897688e-07,8.079327578947836e-07,3.6137277911044658e-06,0.9916167736862315,0.0004876589455819625,0.0013284300398298437,0.0065626016473279555
10,mlp,1793,5,5,8.520351512786917e-07,8.767799532175854e-06,1.0300903546789095e-05,1.1765688433354162e-05,9.10687055001323e-07,0.9999351849272959,3.2217958985384565e-05
10,mlp,10627,3,3,7.431207586800131e-09,3.6480733941918557e-07,1.5630440004003024e-07,0.9989372718085328,6.395645073335547e-05,5.728841473597512e-05,0.0009409547830508395
10,mlp,11238,3,3,7.6222824842494e-08,8.003226069186242e-06,2.5580106960708316e-06,0.9671575707768401,9.02383962511263e-05,0.03087981954314731,0.0018617338241713763
10,mlp,5245,2,0,0.9786795525883363,2.7941069288813367e-06,0.013747951599233425,4.842137318915257e-10,0.007566825077077562,2.1338983158877155e-06,7.422458942755407e-07
10,mlp,3507,1,1,2.4155322031196524e-05,0.9999744923895667,1.352273043837304e-06,1.4925204857763647e-24,1.0108077819039266e-11,5.25011201901681e-12,1.1721869922310183e-20
10,mlp,9967,6,6,0.06857536242467957,1.4813270930855586e-05,0.04736645982953006,6.695005483084367e-05,0.013841514123430093,0.0029868750777378964,0.8671480252188608
10,mlp,8036,6,6,0.0001730184946722901,2.4880003041776253e-06,8.073284855989574e-05,0.040209123279361256,0.005834542415325949,0.0005682935143774825,0.953131801447399
10,mlp,362,5,5,1.7848489037463243e-07,9.727048006259894e-06,4.834222511396245e-06,0.011703205365752894,8.457903947643369e-06,0.9880423920651719,0.00023120490971960736
10,mlp,12564,3,3,4.172314196768464e-06,3.3764373554179016e-06,1.1119620408363041e-05,0.8413186452979944,0.0011352556102533606,0.0023418042826704104,0.15518562643712155
10,mlp,10882,3,3,9.318865778712992e-08,6.436531858477752e-07,1.4865494720193183e-07,0.9925856283086832,0.00020449974381994457,5.225490687530622e-05,0.007156731543830478
10,mlp,3041,0,0,0.9999198226153647,2.217479347959481e-05,3.431604278927392e-05,1.9103134346518944e-10,1.3448445833290808e-06,2.2318047861915564e-05,2.3464889706409626e-08
10,mlp,9053,6,6,0.001990731508856382,7.680665560558068e-06,0.0012057731044131073,0.002128312346550791,0.0013733954303075417,0.012575922882580921,0.9807181840617307
10,mlp,12835,3,3,2.392205550789262e-06,3.7886936796425637e-06,2.8308958788344024e-05,0.9040106139628358,0.0008208325247805281,0.012033617521286953,0.08310044613307821
10,mlp,1069,5,5,0.0007387041012002283,1.3586472875009537e-05,9.073442273158536e-06,0.003811814498211521,4.584816405106088e-05,0.9937446424619057,0.001636330859483278
10,mlp,10223,3,3,1.332901705844973e-08,6.790677515994706e-08,2.0709085026557984e-08,0.9992929776485299,0.00014486427873969382,2.934621391417472e-06,0.0005591215064617627
10,mlp,8538,6,6,0.00029774715555366615,2.5764450946979627e-06,0.0002614987936450779,0.010127844455458924,0.002196792243944101,0.0011213998110991743,0.9859921410952043
10,mlp,6426,4,4,0.004459267051405362,1.3872253351974093e-05,0.05851647457838699,0.00012600014436080903,0.6974402280583092,0.001248152506719372,0.23819600540746627
10,mlp,8111,6,6,0.000670777192828955,1.2756615776190996e-05,0.00042268514540913103,0.08017926055287859,0.002583099540332686,0.04515119104290666,0.8709802299098678
10,mlp,6427,4,4,1.771110072474978e-06,7.738661019837364e-08,8.474725198453343e-05,2.042343245366189e-06,0.9962844005124208,5.443764780127644e-06,0.00362151763088654
10,mlp,8410,6,6,5.893777599930672e-05,6.339892734000892e-06,0.0003140317552647666,0.07631055683443021,0.0024544460719924423,0.00733649588470702,0.9135191917848723
10,mlp,13162,3,3,5.624018522693702e-06,5.366155091996582e-06,3.37128346623454e-05,0.9262448775415615,0.005115977665340222,0.0031078636000149984,0.06548657818480627
10,mlp,12093,3,3,1.1970864444000694e-06,1.311906450720768e-06,2.862835030658252e-06,0.9141489400309268,0.019079750763090618,6.1097997308546e-05,0.06670483938074828
10,mlp,5061,2,2,0.0002627294622345393,1.7575660695443177e-06,0.9996878775392352,2.8714825899891477e-12,4.626343637921512e-05,1.216005712936016e-06,1.5598749694728616e-07
10,mlp,2427,0,0,0.999949294900856,3.907592439423332e-08,8.824682750392349e-06,1.6257519707248008e-08,8.503245757897283e-06,2.863187380361955e-05,4.689963388064386e-06
10,mlp,5170,2,2,0.003174507653134389,6.19724381238848e-05,0.9967415840367518,1.495192269613095e-11,1.6428949484366625e-05,5.122738261283911e-06,3.841692923618711e-07
10,mlp,983,5,5,1.3382154778788034e-07,2.1284486373795724e-06,1.7795250202026962e-06,0.00039468591215133285,1.2073201268741783e-06,0.9995349616253146,6.510334720182484e-05
10,mlp,1554,5,5,0.0002325413716702453,2.6290562237926264e-05,0.00023553654283548688,0.005171122862986421,0.00013378305218376962,0.9777006235334155,0.016500102074670845
10,mlp,1957,5,5,0.0006720273571175698,6.798205476853414e-05,0.0005980075701597522,3.378119150891003e-05,2.8183863945797763e-05,0.9974464012648012,0.0011536166976980494
10,mlp,4401,2,2,0.0008691090553833592,4.005654938888291e-06,0.9951976061521091,2.3470283015357193e-09,0.003864819581043649,1.5897030876890495e-05,4.856017861967471e-05
10,mlp,4220,2,2,0.046607553520019517,1.0348868230477603e-05,0.8541897892869355,1.9604951951940003e-07,0.0972202741947287,0.00023602882614422624,0.0017358092544222203
10,mlp,8276,6,6,0.0005338152687290627,2.0822303926513707e-06,0.0001788107148967184,0.015548270961872702,0.02158531880013183,0.00035602708135006804,0.9617956749426269
10,mlp,11129,3,3,7.102277901727e-09,3.9037456293514306e-07,3.136191982048289e-07,0.9990622489641475,5.861779126286023e-05,0.0002496698393527937,0.0006287523091979705
10,mlp,7615,6,6,1.8427854328689896e-05,1.081459901484176e-06,3.056291077130942e-05,0.13566276702141347,0.07820630148351741,0.00016591197820156115,0.7859149472918662
10,mlp,9270,6,6,0.0023798366701552527,2.234061378731741e-06,0.001045631846428175,0.0009749446978337196,0.007621055052039053,0.0014375106322815272,0.9865387870398836
10,mlp,7355,4,4,0.00032688779374666946,3.5994720772427836e-06,0.26515167682864305,1.0769958227211514e-08,0.734332813709151,2.278936053783829e-05,0.00016222206588587456
10,mlp,7725,6,6,0.00010764447788377017,6.87365986643526e-06,0.0001175622998260632,0.24333792054009873,0.00773611470863447,0.002143623385618761,0.7465502609280716
10,mlp,8584,6,6,0.0019065197668417131,2.004478734441673e-06,0.00010448322094618704,0.013104772832532982,0.0024306839625169285,0.0018675626578801183,0.9805839730805476
10,mlp,7776,6,6,0.0003150996540342502,4.448526256049963e-06,6.589268947237521e-05,0.10461823598649314,0.015159899804990344,0.00048805521642071825,0.8793483681223331
10,mlp,343,5,5,2.7693542651202403e-08,2.2019054748340905e-06,8.693202810767301e-07,0.003964162744335618,2.420886305902504e-06,0.9959481155598868,8.220189017298354e-05
10,mlp,10327,3,3,2.0194571899873075e-08,2.338967014966225e-07,4.0563580643887835e-08,0.999461416947742,4.9874238402898094e-05,2.568641402945476e-05,0.00046272774497149136
10,mlp,4157,2,2,0.0018362522623663596,5.414371413433169e-06,0.9964997212533175,1.392302728821737e-08,0.0010573582548462008,9.069180902952777e-05,0.0005105481259997358
10,mlp,11992,3,3,2.1467425495561728e-07,7.509855134386691e-06,1.0233598539017974e-05,0.9334443024094939,0.00017773855812933714,0.05894778707808729,0.0074122138263610984
10,mlp,70,5,5,1.2644676773078562e-09,6.538835475199358e-08,1.553835359774892e-09,1.6347398360539194e-06,2.5323753368204536e-09,0.9999982780104338,1.651069695560667e-08
10,mlp,7031,4,4,0.02250607426999595,7.95831778924428e-06,0.07179342632919256,3.066374051818503e-06,0.8882155418853737,0.006324549442498763,0.011149383381097874
10,mlp,4248,2,2,0.021387670394209166,1.438215616000094e-05,0.9777168481406515,1.0162125116210383e-08,0.00023051434729632394,0.0002753892927337657,0.00037518550682417697
10,mlp,6260,4,4,8.954515119929885e-07,6.501306590335414e-07,6.116101937589728e-05,5.52180621709462e-05,0.9946429107104482,0.00017829194736618747,0.0050608726784678836
10,mlp,9194,6,6,0.001744399577743393,4.455266928936031e-06,0.0009914411665330142,0.0009610643175508032,0.0011692301282185478,0.00541708294484076,0.9897123265981846
10,mlp,11535,3,3,1.267434894482837e-07,1.1942916377798977e-06,8.855455465251599e-07,0.9963553402686605,0.0003352974707528599,8.868754525099313e-05,0.0032184681346620106
10,mlp,535,5,5,1.2856748499831254e-05,1.5292999194910302e-05,3.313315673795989e-05,0.1649656181572986,0.00016800946445362549,0.8187994381192792,0.016005651354535796
10,mlp,1692,5,5,3.8375451841521477e-07,3.563082983577119e-06,4.253392851148874e-06,9.125535988439716e-06,4.4646501397265234e-07,0.999965821998665,1.640576997939247e-05
10,mlp,6135,4,4,0.0002407817499014765,1.1114083418306396e-06,0.0006741219065991654,0.00010740045591851287,0.906401433544021,0.00015486442139074652,0.09242028651382726
10,mlp,5972,4,4,1.269493068570637e-05,4.390962554516748e-07,8.776923216560124e-05,6.621418924781989e-05,0.9966980599587172,2.8487936272064005e-05,0.0031063346566560825
10,mlp,11991,3,3,3.630820162976419e-07,1.4918543272825322e-05,1.320123805861347e-05,0.8848577428796781,0.00034094401591037364,0.09097224812766462,0.023800582113399298
10,mlp,12002,3,3,1.5791057643491644e-07,1.2535255778063884e-06,3.4094545890007188e-06,0.9913594309511236,0.0003405943832868691,0.0009826602230380197,0.0073124935518085275
10,mlp,2179,0,5,0.1846012958752602,0.00027809346302565534,2.542468363919481e-06,1.9209077107053022e-07,6.041582668763139e-06,0.8151114575495981,3.769703122595221e-07
10,mlp,789,5,5,9.922604880819055e-06,1.617831473471788e-05,1.1247762402538309e-05,0.009336555544116502,3.113717582757253e-05,0.9886489530032548,0.0019460055947830462
10,mlp,13321,3,6,0.0005900095642105725,9.330832773878462e-06,7.549695973796946e-05,0.15774915801233372,0.005219876826949542,0.0007499398624066162,0.8356061879415876
10,mlp,3048,0,0,0.9999946077785088,1.0597161322609054e-07,4.24900585100773e-06,1.9667096611664038e-11,3.6791771499247035e-07,6.599668390143085e-07,9.33980613980048e-09
10,mlp,11658,3,3,5.133299472699506e-07,1.5919794659012879e-06,1.0383067116962966e-06,0.9799853778761557,0.005951908062363748,3.8406232675114e-05,0.01402116421268042
10,mlp,8218,6,6,0.0015078719500225307,3.942619188074383e-06,0.00014312582333273914,0.020658116097462584,0.0030062748877077196,0.0007883880269540878,0.9738922805953322
10,mlp,3165,0,0,0.9951719406076893,3.4003324926607136e-06,0.004804393025117085,1.2929572127334823e-10,1.85282513220451e-05,1.5170914511629175e-06,2.2056263206072914e-07
10,mlp,4574,2,2,0.0171101852871473,9.169160747621163e-06,0.9826735929561271,1.0616972558182612e-09,0.00012986369916095613,5.0603935909243276e-05,2.658389921059846e-05
10,mlp,12854,3,3,6.055967392711866e-06,5.261762220490116e-06,2.6704798699159758e-05,0.8953948211124819,0.001217322463056406,0.003482473260307004,0.09986736063584242
10,mlp,826,5,5,1.3435903685471248e-06,1.64342509513912e-05,4.2982763856992317e-05,0.08288031748255635,9.728248179254416e-05,0.9116815186468801,0.005280120783594179
10,mlp,2043,0,0,0.9174524018978626,2.5502092420273837e-05,0.0007183457112989251,0.0021747963097276807,0.002905960960684123,0.008154550772736307,0.06856844225527016
10,mlp,13021,3,5,2.4590506405099905e-05,4.433544333950203e-05,0.0001897675675391698,0.4322734216212238,0.000951390954728044,0.44555181063734245,0.12096468326942206
10,mlp,10640,3,3,1.4305193405054862e-09,2.6374478672500165e-07,1.3899627677836002e-07,0.9991935520550419,2.2885322354370636e-05,0.0005094155627308217,0.0002737428882900467
10,mlp,12076,3,3,1.4739923110799045e-07,1.2035029379604936e-06,2.450606022023849e-06,0.9930959079485736,0.00047146662888098535,0.0005844895366126566,0.005844334377741835
10,mlp,6854,4,4,0.0005018877898212936,7.873004146086824e-06,0.08950670012634884,8.032363055754937e-06,0.8775552387607481,0.0005244530498801555,0.0318958149059998
10,mlp,12740,3,3,1.8021465333383723e-06,3.233942655073371e-06,2.604961254782673e-05,0.9058797939130034,0.0009318545885156385,0.004086768463479028,0.08907049733326566
10,mlp,3189,0,0,0.9999761371168777,1.1342379076549069e-07,1.8736104294561748e-05,2.8527290321785023e-11,4.517279748360416e-06,4.881854405750649e-07,7.861320694087397e-09
10,mlp,2778,0,0,0.9998531960361272,6.00798249903627e-05,2.3602150144282636e-05,2.3163206818673133e-09,3.928545646011818e-06,5.917145653058312e-05,1.9670240828037668e-08
10,mlp,3326,0,0,0.9952289700963697,2.9388000664957503e-05,0.004737367728996625,1.9701599443328387e-12,3.866998451140971e-06,4.033534000569422e-07,3.820147679453232e-09
10,mlp,7037,4,4,3.458445780806792e-06,1.0489753641940454e-07,0.00013824227185134735,1.4699080226129595e-07,0.9995918226936364,2.8527043491103364e-06,0.00026337199604363655
10,mlp,1585,5,5,2.2950652145643567e-05,4.698375190759606e-05,0.00027917457327671633,0.005235604415305716,9.173521988769424e-05,0.9876224906115023,0.006701060775974411
10,mlp,2806,0,0,0.9998840097681342,3.617352617266776e-09,4.310372495988317e-07,1.8560505108446019e-09,0.00011434594227653836,1.1458341165128568e-06,6.194481989252028e-08
10,mlp,9599,6,6,0.009633913416052964,1.8483686623210402e-05,0.0038639945718955387,0.00113488404592114,0.0017961836802574869,0.0321881537783465,0.9513643868209031
10,mlp,5012,2,2,0.0001451346540076482,4.830678831448002e-07,0.9984015556294923,4.501484241067521e-12,0.0014515814584694523,1.1221468252046245e-06,1.2303882091201044e-07
10,mlp,6750,4,4,1.4378183391760105e-08,3.4465904213175833e-09,6.555808527601149e-06,3.093953435819468e-08,0.9998806953540641,1.6745638986051885e-07,0.00011253261671020847
10,mlp,12942,3,3,5.706753038010411e-06,4.526685257289846e-06,3.8582465424491046e-05,0.8618773317192951,0.0014100714431493574,0.00740640220326368,0.1292573787305718
10,mlp,11998,3,3,1.5043956418218133e-06,1.214787076142519e-05,5.1155239259768465e-06,0.9553445405247263,0.0004002139474715027,0.019798202828098216,0.024438274909374755
10,mlp,3571,1,1,2.232558332143456e-06,0.9999977638350266,3.6060027664839756e-09,3.437361273492009e-27,4.79500824520866e-14,5.907405209186435e-13,2.542299945992805e-23
10,mlp,1148,5,5,3.326765991340534e-07,1.7042801377362012e-06,5.390874989694796e-07,3.9519840535644835e-05,4.3323956997903806e-07,0.9999454851962443,1.1985679414350146e-05
10,mlp,6184,4,4,1.087747415887487e-10,1.58543150067911e-09,2.0507675803701084e-07,1.003622982491706e-07,0.9999847576586155,3.744081386653361e-08,1.4897767308014703e-05
10,mlp,8957,6,6,0.001713989634301495,4.2786921186804964e-05,0.003873508612072465,0.009436333862393497,0.0018021387162342234,0.22889285968571838,0.7542383825680932
10,mlp,6104,4,4,6.816790168600328e-06,3.433519691541423e-07,0.0001163538305052239,4.283286327309328e-05,0.9637335263019039,3.1592509247155355e-05,0.03606853435293269
10,mlp,1167,5,5,2.2785372776554904e-08,1.17131002342761e-06,8.474340222488841e-07,5.9054549072656646e-05,2.534779537373245e-07,0.999928622244967,1.002819858817338e-05
10,mlp,3153,0,0,0.9936146226968517,0.004350851793776699,0.0019358233927912296,1.0401688189687304e-10,2.7418788906977343e-06,9.592516642450291e-05,3.4967248201609695e-08
10,mlp,10576,3,3,5.011496154505527e-10,6.799096456356021e-08,5.117624885634049e-08,0.9996500355322021,2.2193183117498005e-05,0.00014126433250456893,0.0001863872838127662
10,mlp,5406,2,2,0.00011766204562073066,6.783467767899608e-05,0.9997993589740748,2.2361133271524123e-13,1.4835320981989333e-05,3.0464884905988557e-07,4.332570947204871e-09
10,mlp,5762,4,4,1.1804709313215864e-09,5.568147027191591e-09,3.92619144906809e-06,9.04955394744699e-07,0.9999342216484611,9.49373466439394e-08,6.084551873051227e-05
10,mlp,12580,3,3,1.9052899087714605e-06,3.0438546363617665e-06,1.0821139686416366e-05,0.9508059096687822,0.0022683433474697786,0.0006402899004865428,0.04626968679902973
10,mlp,7110,4,4,9.830060920146483e-08,1.320431426569513e-08,2.2546573040884645e-05,7.838990065888163e-09,0.9999693425580708,1.8876731241123715e-07,7.80275766216187e-06
10,mlp,7535,6,3,4.2403551299188376e-05,1.2274238917838797e-05,0.00012396307961450527,0.7020583419809283,0.0028956395119782152,0.012849374551153253,0.28201800308610875
10,mlp,11549,3,3,1.1277797844050492e-06,1.7702249362653316e-06,9.29611314592266e-07,0.9917248859154054,0.0014073625553436512,8.864715830016019e-05,0.006775276754915469
10,mlp,148,5,5,1.3731899430930071e-08,4.633865918241345e-07,5.253953375449614e-08,0.00022693365469682666,1.6030715477351756e-07,0.9997690421198575,3.3342602658969725e-06
10,mlp,8953,6,6,0.00063464608222286,7.823503244004094e-06,0.0007305019686127877,0.008590003704212808,0.0017920193764978216,0.00481921387119528,0.9834257914940143
10,mlp,5953,4,4,2.763040740360764e-07,2.740086488192503e-07,3.432836946748357e-05,2.2072269645593453e-05,0.9981972179086531,8.121836356470776e-06,0.0017377093031544306
10,mlp,2999,0,0,0.992196090717276,1.08110577007976e-06,0.007656533295415722,1.2088973951806617e-09,0.00013963149945721444,3.787657015967647e-06,2.87451616738077e-06
10,mlp,2567,0,0,0.9999308303119535,7.717081357437043e-07,1.1928655052855508e-05,3.459038441113047e-09,2.002351871162926e-06,5.3983400001858196e-05,4.801139464311318e-07
10,mlp,11414,3,3,6.343446952877615e-08,1.7520311371951347e-06,1.9329570238566743e-06,0.9920261138137225,0.00010728147667734354,0.0035729810836380035,0.004289875203331559
10,mlp,8251,6,6,0.00033539418954489826,4.792990391363314e-06,0.0001865518507988218,0.043555018581824985,0.003388960079308523,0.0009197507062401535,0.9516095316018912
10,mlp,5079,2,2,0.000960579387460814,5.127983309661031e-06,0.9981674448159948,7.134134540617011e-11,0.0008469607196884723,1.7445106595212742e-05,2.4419156094559143e-06
10,mlp,1418,5,5,6.168902366415616e-10,3.765353453910988e-08,1.4638244452100452e-09,2.7732850296913355e-09,1.2436560862341325e-10,0.9999999571480575,2.200426152637394e-10
10,mlp,4933,2,2,0.00031575363309090977,4.880170213601536e-06,0.9995515640304434,4.731363171653954e-11,0.00012565055685248949,1.2603376493470086e-06,8.912244364201282e-07
10,mlp,8592,6,6,0.0180205114007436,7.303055545577257e-06,0.0004223435600165718,0.014897786824774878,0.007061630887300544,0.0013106626539671029,0.9582797616176518
10,mlp,4458,2,2,0.00017291512180860597,9.485463116544124e-07,0.9996746402721638,2.114054386005402e-10,0.0001429884139937678,2.7035276773808476e-06,5.8039066393863305e-06
10,mlp,11458,3,3,2.0302273746765002e-07,1.1765836508180164e-06,4.49868027528409e-07,0.9909928687328031,0.0017225465096004252,2.2330610408419846e-05,0.00726042467277238
10,mlp,9140,6,6,0.00010703760931511893,2.338481939447703e-06,0.0027730662193121407,0.000342828778336853,0.16590149960087902,0.00025664569279586566,0.8306165836174215
10,mlp,12588,3,3,5.463071858973018e-08,4.5385343038780356e-07,1.8634927101424077e-06,0.9943147597603839,0.0006646771094290212,0.0008693941044797908,0.004148797048848195
10,mlp,12094,3,3,7.59174677220908e-07,1.7655591464144466e-06,2.753775964467154e-06,0.9837626910161448,0.0015984950720402133,0.00028193791289049823,0.014351597489136312
10,mlp,8452,6,6,0.00038044717694878544,2.494567398339312e-06,0.00011076967609686982,0.016353660647493946,0.002574028183826828,0.0002779922910315123,0.9803006074572038
10,mlp,943,5,5,8.736954329369895e-06,2.3965169726690288e-05,9.445373762249458e-05,0.0422761883903577,0.00012243650954484077,0.9468241220288741,0.01065009720954481
10,mlp,13504,3,5,5.787138246002522e-05,2.6333248825646133e-05,0.0005168173107287197,0.22402374945433165,0.0014514446616989067,0.4770840032311486,0.2968397807108065
10,mlp,6450,4,4,0.0001296884777914646,1.143238170391581e-06,0.003376119690383108,8.86460440013377e-06,0.9923130821104403,5.278412429569342e-05,0.004118317754518684
10,mlp,11047,3,3,1.9961795080953352e-08,3.007406001544539e-07,1.4901495641416278e-07,0.9992811727827945,0.00017338715559683706,2.5570598295995585e-05,0.000519399745961053
10,mlp,5419,2,2,1.603375357997376e-05,3.832551304919676e-06,0.9999493561924073,2.734054409795836e-14,3.074943053922235e-05,2.558461161976197e-08,2.487529567945026e-09
10,mlp,3008,0,0,0.9950630696544063,9.700721313716383e-06,0.004897486195914677,9.266279942459023e-10,2.3623208657720565e-05,5.884776234333227e-06,2.3451684537174198e-07
10,mlp,8467,6,6,9.207591151527213e-05,2.112785159617108e-06,0.00015206628533297694,0.013328034859837521,0.00393422340765479,0.000757653217338855,0.9817338335331609
10,mlp,6834,4,4,5.934640575559388e-06,1.6753860529564028e-07,0.0002821603867095001,6.59071479166558e-07,0.9994778451500905,3.454582786601971e-06,0.000229778629753393
10,mlp,11301,3,3,3.71683103076894e-08,3.966872012638806e-06,2.3126907035238257e-06,0.9894927337311051,0.00012985190023198095,0.007905810405666392,0.0024652872319699064
10,mlp,9857,6,6,0.006716091748510968,7.380788459150669e-06,0.01491618354782091,0.00012074902182412868,0.0025996207553749093,0.0012526957215193044,0.9743872784164906
10,mlp,8929,6,6,0.0054613970589987215,2.3101704935068475e-06,0.0005044933838864382,0.0025621926949026897,0.007520266499422033,0.0004417167476069869,0.9835076234446896
10,mlp,8496,6,6,7.169309666531461e-05,8.441507682494761e-07,3.534825118604494e-05,0.008911596149906033,0.0160596472383813,0.000240026600390018,0.974680844512703
10,mlp,7034,4,4,6.890412067348813e-05,9.644138985164176e-07,0.0559507564650395,2.7612042275431885e-07,0.9426272842475337,3.4441840634953294e-05,0.0013173727917971448
10,mlp,3882,2,5,0.037823180376788626,0.00012154379807689053,0.0037418969342745503,1.4164234133820725e-05,6.954211968581273e-05,0.9568545361107309,0.0013751364263093553
10,mlp,6254,4,4,5.57443974644273e-10,1.117485555687882e-09,1.6064187859448316e-07,2.2558246887878047e-07,0.9999553674679197,5.5426829992690744e-08,4.418920597324609e-05
10,mlp,12797,3,3,5.456953830256048e-06,5.6307709837615595e-06,9.421052769432932e-06,0.9123823487591741,0.005538690836054836,0.00022871480541553438,0.08182973682177189
10,mlp,8962,6,6,0.006134489705932,2.6110560753338317e-06,0.0006363675148433758,0.002774780170316398,0.005655160141646517,0.0005643620622527275,0.9842322293489337
10,mlp,10401,3,3,1.3875474625476928e-09,5.070742113827442e-08,1.9057978932822824e-08,0.999756729587521,9.544797269109433e-05,6.268007125716514e-06,0.00014148327971443822
10,mlp,12657,3,3,9.057652851923373e-06,7.84336286618707e-06,1.8479544457777515e-05,0.9102907603080483,0.0019757256381093963,0.0006932949933082507,0.08700483850035803
10,mlp,10548,3,3,4.547315088133483e-09,4.4812551936899564e-07,1.4390357536307224e-07,0.9987476671577614,2.7065591288519943e-05,0.0007017045340649348,0.0005229661404753711
10,mlp,12672,3,3,4.1318156961285e-06,2.884470978307383e-06,8.84528412140499e-06,0.9112072075437299,0.008464538126455815,0.0004704673358628951,0.07984192542315581
10,mlp,6028,4,4,1.6845698691902063e-09,1.554515692729702e-09,7.003748403473899e-07,9.358399394654579e-08,0.9999957876737922,4.274350875903874e-08,3.372384779220264e-06
10,mlp,9167,6,6,0.0004680743962799707,3.7533992362738116e-06,0.0006399155813792193,0.0022739014393974837,0.0012257201886770365,0.005845487798952635,0.9895431471960774
10,mlp,4173,2,2,0.0028774102109946644,3.880704388932169e-06,0.9956817582506038,1.2299206198439037e-08,0.0009653300930877871,5.917313286339929e-05,0.0004124353088552334
10,mlp,10267,3,3,1.2110977445530606e-08,9.733292147315039e-08,1.9791246874600608e-08,0.9996641825323179,6.840261032374835e-05,2.7859950286163595e-06,0.00026449962718381147
10,mlp,1392,5,5,5.103072648791935e-08,1.6161261061221107e-06,1.1622522979603716e-06,3.1664066163209386e-05,3.1005204620384685e-07,0.9999504069498005,1.4789522859431095e-05
10,mlp,857,5,5,2.7001328252650355e-06,5.798902003280684e-06,3.843820151533762e-06,0.00162976426914464,4.883725991514037e-06,0.9981399416082846,0.00021306754159902675
10,mlp,8526,6,6,5.178601595679936e-05,2.247296928511194e-06,7.65238003306853e-05,0.01703079240034507,0.013999041050183484,0.0004627908907170006,0.9683768185455384
10,mlp,7386,6,3,2.7923228314591557e-06,4.314368587363764e-06,1.8593645241920966e-05,0.8909874025408187,0.0010163293517286833,0.0014631140830961601,0.10650745368769593
10,mlp,12948,3,3,1.9987070039522473e-06,2.9402968816709387e-06,1.6611723120400287e-05,0.5250272954655589,0.20250026151380554,0.00017951241186573496,0.2722713798817638
10,mlp,9034,6,6,0.0019476852399552093,2.3133594694869038e-06,0.000364064782243395,0.001958231991248894,0.002053636979495565,0.00033936014007383765,0.9933347075075136
10,mlp,10194,3,3,4.994875010839534e-10,6.538188530078904e-08,2.0826700279122822e-08,0.9998374978305622,9.537109057045121e-06,2.9728829774215685e-05,0.00012314952253345435
10,mlp,5225,2,2,8.850905787180905e-05,4.626124068828644e-06,0.9997152078988836,3.1638615647905155e-12,0.00019123144545390522,2.901246628584457e-07,1.3534589527725508e-07
10,mlp,7803,6,6,4.123752355576998e-05,3.695272562373596e-06,5.866898717787371e-05,0.12280861652675697,0.08132121218559628,0.00036213853156768773,0.795404430972783
10,mlp,9258,6,6,0.003718630283252497,8.576204063813923e-06,0.0009631738314329198,0.0018620118260805622,0.0015701945770508299,0.010080188989387272,0.9817972242887321
10,mlp,1318,5,5,1.139216431074643e-06,9.215554327759327e-06,2.423527784638013e-05,0.0019202857074960163,1.0215484476363046e-05,0.9974644869865824,0.0005704217728401567
10,mlp,7921,6,6,0.0003998387461700675,2.992187490779924e-06,6.012517660175494e-05,0.07157354207879087,0.026639610277553023,0.0004648964307836399,0.9008589951026099
10,mlp,11690,3,3,1.6240937881565893e-07,8.289133589505621e-07,1.6168888221657091e-06,0.9860064296392309,0.0003574543248202191,0.0008773758452299128,0.012756131979158834
10,mlp,8382,6,6,0.0005398226852105054,4.349086068982956e-06,0.0006865631362332152,0.024963472832253388,0.2525113258364214,0.0007467103003602342,0.7205477561234523
10,mlp,5395,2,2,0.00016577693491325146,9.59014552386899e-06,0.9997816927742391,3.592240156291038e-13,4.279639899620615e-05,1.3209026317186925e-07,1.1655705220404874e-08
10,mlp,12049,3,3,8.672427133302615e-08,7.609384890559348e-07,1.6869830558741858e-06,0.9953705472390364,0.00036037877104322727,0.0007292729417311341,0.0035372664023731308
10,mlp,10430,3,3,1.7613719080885808e-08,1.8413310536998516e-07,3.958078530685475e-08,0.9994398418757383,0.00011919943711341032,8.748420367897951e-06,0.0004319689391707885
10,mlp,3407,1,1,0.00017262402218397012,0.9997827511065117,4.4623598673861e-05,1.463585235856143e-21,1.1939134805329567e-09,7.871702604160703e-11,7.978613191048226e-18
10,mlp,11388,3,3,3.3626799250558497e-07,1.1530380793756294e-06,6.881692236315469e-07,0.9900153997168771,0.0007689497103337812,8.87431418835103e-05,0.009124729955610207
10,mlp,10759,3,3,2.438294016038463e-09,1.1592587781316213e-07,7.012504576608974e-08,0.999562447510513,6.109948912260682e-05,6.905610277043769e-05,0.0003072084083764694
10,mlp,3336,0,0,0.9999994262128477,2.4244080522390427e-07,2.85982040089421e-07,7.740120923833372e-15,1.2069790479243212e-08,3.3288827134528945e-08,5.681545865846493e-12
10,mlp,2924,0,0,0.9922823276345656,1.2841899444889558e-06,0.007643962675570129,1.6366833222211717e-09,5.7187968205605994e-05,7.520656715865121e-06,7.715238314782116e-06
10,mlp,11910,3,3,2.2136122432391698e-07,1.3830358899794464e-06,3.996164046483601e-06,0.9748506536534509,0.0005233963994902017,0.0006365071629770102,0.023983842222921086
10,mlp,1983,5,6,0.028416601051633367,1.0880366951844725e-05,0.010128960725823845,0.0002702597014242271,0.003670677064625134,0.008592532354067102,0.9489100887354744
10,mlp,7619,6,6,0.00011866145982815565,1.7522360948731227e-05,0.0002560058744299187,0.32767102005538956,0.0027498501974316265,0.028817936019670226,0.6403690040323018
10,mlp,1815,5,5,4.192131816633353e-07,4.529296151088009e-06,8.889999977250961e-06,4.631682289921272e-06,3.6828328637522206e-07,0.9999658366172834,1.5324907830345214e-05
10,mlp,2499,0,0,0.9998957151420195,3.4709563364514976e-07,2.90691856324416e-07,5.668982993760398e-10,1.5256368083957042e-07,0.00010344978686616364,4.4153045485364076e-08
10,mlp,12762,3,3,9.293929613402007e-07,4.222307487005885e-06,2.4919249577599015e-05,0.9244299441525964,0.0008775387908454592,0.005092068851061559,0.06957037725547068
10,mlp,3163,0,0,0.9999932899843853,2.2994992948216445e-08,5.296491079763341e-06,6.9543988824871386e-12,1.0417059345777737e-06,3.332343422978847e-07,1.558231061561407e-08
10,mlp,12262,3,3,5.4188489532689056e-06,4.604083028155171e-06,9.442418894118124e-06,0.9398239907447684,0.0008622586692511178,0.0015204199608914544,0.057773865274213396
10,mlp,1243,5,5,9.494847118753141e-06,4.079363364221049e-06,4.0896495073631034e-06,0.0006401953471849565,7.484809960388928e-06,0.9987393768491134,0.0005952791337508557
10,mlp,1020,5,5,5.006249157307506e-08,2.3687313050376763e-06,3.1721946810841383e-06,0.0006886546370876483,1.49703060083968e-06,0.9992582709735536,4.598637028016801e-05
10,mlp,13023,3,3,2.144049432975361e-06,5.1829482269130975e-06,4.9179843772177445e-05,0.9375846527271029,0.0011841659194034284,0.024090022925173975,0.03708465158688782
10,mlp,9888,6,6,0.004982140657558577,3.5718615236635257e-06,0.006500480743157905,0.00012658603773161103,0.00554530754923913,0.0013664819397420458,0.9814754312110471
10,mlp,11538,3,3,3.35896016403188e-08,6.757923194332001e-07,9.42465997306859e-07,0.9961003746606246,0.00014726917114076145,0.0005759389087979029,0.0031747654115182743
10,mlp,4325,2,2,0.004327838616997041,7.011198116826931e-06,0.9913693825261579,4.8657453946257044e-09,0.0040154269069933675,0.00011487592010615116,0.00016545996588329998
10,mlp,7008,4,4,0.0004269982893045013,2.1878561771924023e-06,0.1033518695977458,2.63659717250112e-07,0.8514555783223792,0.0001470613686821461,0.04461604090599393
10,mlp,8416,6,6,0.0004185116219019313,3.1104930733871947e-06,0.00019375234890938033,0.018256250325516723,0.0024220596988376634,0.0006690850922480022,0.978037230419513
10,mlp,13222,3,6,0.0002602097608092808,1.2134126742059211e-05,0.00015113731610884624,0.2945946564326039,0.004511549956056996,0.005646176393949962,0.6948241360137289
10,mlp,1901,5,5,1.1580515008090897e-05,2.2428744147370998e-05,0.0001157127396645947,1.5794922740315483e-05,3.972856697179585e-06,0.9996043486201242,0.0002261616016183652
10,mlp,3122,0,2,0.13470286583241187,3.843886384674708e-05,0.8649490276847532,4.088052616082856e-10,0.00027802592685870605,1.8538979468256323e-05,1.3102303856015123e-05
10,mlp,2053,0,0,0.8769085160298837,1.113124859583085e-05,0.004043176283524612,0.0013108707001570658,0.013742197891242643,0.004622904349229527,0.0993612034973668
10,mlp,3150,0,0,0.5621876105318225,0.0006182059129884719,0.4370706543349162,3.054201562622391e-10,3.2561321567623815e-05,8.780081351504203e-05,3.1667797698122746e-06
10,mlp,7961,6,6,0.007111967054424885,6.909840940917551e-05,0.0006503142345866168,0.13005056211291502,0.003933659606888673,0.20808744082189767,0.6500969577598779
10,mlp,4606,2,2,0.00048622419187214897,2.779659709143423e-06,0.999157660692568,3.5046888136192207e-10,0.0003399521362792647,5.4607291703464016e-06,7.922239932246219e-06
10,mlp,7636,6,6,0.001557858342145068,1.1988331659331171e-05,7.937585634256282e-05,0.20629331433746217,0.006130283807236897,0.0011889807076218017,0.7847381986175321
10,mlp,7506,6,3,2.5071761134951136e-06,2.75511828293775e-06,1.6295839582136943e-05,0.9179721519332001,0.002591321186784909,0.0017079598307905332,0.07770700891524616
10,mlp,1760,5,5,0.018478341832991733,0.0001830167455810091,1.6832287156567084e-06,0.0018178025222667948,8.334801126183217e-05,0.9791501951978401,0.00028561246134281034
10,mlp,6920,4,0,0.47159881581506535,1.744855225987847e-05,0.19577336768731587,3.370272303182252e-05,0.2792236066779776,0.003385843205670161,0.04996721533867929
10,mlp,7663,6,6,4.919676748305572e-05,9.966974690731028e-06,0.00013141566011207618,0.4354839922508229,0.0029562146540896973,0.004272823175413969,0.5570963905173877
10,mlp,10202,3,3,6.57893245205506e-10,2.920977579054687e-08,9.193295342568087e-09,0.9998279037522259,2.7135974815999498e-05,7.312469899770098e-06,0.0001376087420939794
10,mlp,5978,4,4,3.343676487768674e-09,2.656932995670181e-09,2.503452456807624e-07,2.202703317723061e-06,0.9998238192192276,1.5135468532008323e-07,0.00017357037691423396
10,mlp,8326,6,6,0.00020915946436079878,4.457734579904575e-05,0.0015320856996769115,0.24697306666393776,0.007046454735690205,0.10000338373401792,0.6441912723565174
10,mlp,12990,3,3,3.6481409751948734e-06,5.367366911707925e-06,3.280180573600475e-05,0.9334122363910646,0.0014419566901371582,0.002368031140612034,0.06273595846456335
10,mlp,11431,3,3,1.0612003158422052e-05,1.2752433781241252e-06,5.387291140227515e-07,0.9924037364855945,0.0005768155991341393,0.0001296739088762835,0.006877348030744445
10,mlp,3429,1,1,3.7494956536848424e-05,0.996194578365458,0.0037678918471407657,1.3170130054667353e-21,3.478469287859972e-08,4.617146627529333e-11,2.4261915142925186e-17
10,mlp,9040,6,6,0.00026653403424072643,1.5004618903553563e-06,0.00011479050248962474,0.002465109479156206,0.01414043907323502,0.00033084444736838144,0.9826807820016196
10,mlp,3616,1,1,1.48171613057256e-07,0.9999996974283892,1.543995659857961e-07,1.7872138248529454e-27,2.994086314682602e-13,1.3251088847059493e-13,1.5232851829744122e-23
10,mlp,4175,2,2,0.012402954657923014,5.300758521933696e-06,0.9856655564313548,2.0227897637375135e-08,0.0011663230546439525,0.00010681088837241312,0.0006530339812861392
10,mlp,499,5,5,8.138896302990414e-09,1.9222400263255416e-06,2.535950458507464e-07,0.00010266650662045033,1.9188980456701866e-07,0.9998918860550691,3.071574537482792e-06
10,mlp,8635,6,6,0.04373022720652728,3.903958816863979e-06,0.00037171323894695437,0.023257457059744902,0.03997225988312674,0.003364435513277175,0.8893000031395601
10,mlp,12346,3,3,1.4592797097916858e-07,1.1473619332907058e-06,3.4482857698133075e-06,0.9934259217116931,0.00065407228088416,0.0006521002251206872,0.005263164206628343
10,mlp,3812,1,1,3.951337128477332e-09,0.9999999951452552,9.0340058276854e-10,4.2817052151693014e-32,6.992009631104469e-15,2.9544506769977706e-17,5.127763141882328e-28
10,mlp,4087,2,2,0.02373196806237258,1.287384819393072e-05,0.975295310519345,5.0968431807076125e-08,0.0005637186425153091,0.00012403091335986234,0.0002720470457812797
10,mlp,9629,6,6,0.0018606333848978185,2.3745095003981034e-06,0.001594127876263519,0.0002601981037684227,0.002460221732941554,0.0008753988204608323,0.9929470455721674
10,mlp,11476,3,3,3.239514623026146e-08,7.307832059214389e-07,9.388742993208594e-07,0.997646006770333,0.00013808510159418904,0.00046976682500432114,0.0017444392504169246
10,mlp,547,5,5,0.001486064187046809,5.266735394498265e-05,4.248919046591383e-06,0.03264567475163295,0.00016201466355283804,0.963749671453959,0.0018996586708168888
10,mlp,838,5,5,2.1379624475835053e-07,4.753291745675726e-06,5.572245294862414e-06,0.00531689170926274,9.104507472268054e-06,0.9939577413280215,0.0007057231219583536
10,mlp,7707,6,3,5.8229296131409285e-05,9.431929761150674e-06,3.3574177738828186e-05,0.5054388654311311,0.025954997045558186,0.0008636266235303244,0.467641275496149
10,mlp,8088,6,6,0.0007005932305989781,5.337301687839664e-06,0.00012936435376740296,0.053142430505445405,0.008400152434627804,0.0006720313694770257,0.9369500908043956
10,mlp,7930,6,6,3.361420284687547e-05,1.1772749418900313e-06,2.5726600183035928e-05,0.03746854852395814,0.005734849316694359,8.787907345029273e-05,0.9566482050079255
10,mlp,8132,6,6,3.449775219639058e-05,5.689170026299283e-07,3.503617466847809e-05,0.007458778566361192,0.004001256293898973,9.715383357363545e-05,0.9883727084622986
10,mlp,2188,0,0,0.9996787142997059,1.9618286449898003e-07,5.2710709927841626e-05,2.4497472061122795e-07,3.025940883899929e-05,0.00014283931890595936,9.503510503596932e-05
10,mlp,5542,4,4,1.4257181670320562e-05,7.289710003897392e-09,1.6071119488723443e-08,0.014062370246375572,0.9838139290724295,0.00013771651207244542,0.0019717036266229332
10,mlp,11943,3,3,5.537050623456199e-07,1.949345022076701e-06,2.0301945253473373e-06,0.9908045838085145,0.0008038259851157358,0.00019546585680071358,0.008191591104959497
10,mlp,11193,3,3,1.5798402142432774e-07,1.0396026616633117e-06,8.866808114795457e-07,0.9915527925518357,0.0003046379142404901,0.00010985022036968357,0.008030635046059742
10,mlp,8084,6,6,0.0008719796761113393,4.309472456194783e-05,0.000979645576820339,0.1042066394477172,0.0022494949742575803,0.40430385644892614,0.48734528915160547
10,mlp,6077,4,4,0.001467085356214749,1.4878441189533283e-09,5.748538210499524e-08,2.9541511130481477e-05,0.9982579545883944,0.00016331451938824383,8.204505164600779e-05
10,mlp,798,5,5,7.209456245304064e-07,1.3164876752554409e-05,1.4803527825953628e-05,0.015064892873511208,2.4170534017328063e-05,0.9834427252504147,0.00143952199185387
10,mlp,6139,4,4,1.3849633748986532e-08,2.6858534488112374e-08,9.505572599403916e-06,5.360862470988371e-07,0.9998910197987082,3.936591433380756e-07,9.850417513377222e-05
10,mlp,11548,3,3,4.0706697267745227e-07,1.7318585092674003e-06,1.5645712646042248e-06,0.9904677731652424,0.0006986777461023805,0.00020162607766948618,0.008628219514239397
10,mlp,12228,3,3,2.561997883222185e-07,1.5844968264199727e-06,3.083381072895889e-06,0.9933865624639487,0.0006998724707544487,0.0004077410883964509,0.005500899899212551
10,mlp,9804,6,6,0.009354905771025296,4.775310199151031e-06,0.010392241882914207,0.00013205146615116598,0.0019731605996016494,0.0027437203900089946,0.9753991445800996
10,mlp,385,5,5,6.993592272882086e-07,4.067925632216368e-06,6.321260963748941e-07,0.0021862325513167667,2.4934743302426243e-06,0.9977621736722012,4.3700891195778644e-05
10,mlp,2592,0,0,0.999896890901923,2.151399858227327e-06,7.69626508997102e-05,1.5430152725501339e-09,2.0054894328736496e-06,2.152868698248167e-05,4.593278883130129e-07
10,mlp,13299,3,3,4.084277574880707e-05,7.3357598664036095e-06,4.1701792548527335e-05,0.5562833197918219,0.026576150980843413,0.0008819950134332371,0.41616865388573776
10,mlp,2887,0,0,0.9984980322942079,0.0002765213283614954,0.0011105729266676669,1.2345474232473158e-09,5.077301820479205e-06,0.00010954246618580349,2.5244820940047583e-07
10,mlp,2793,0,0,0.999933422185519,2.3576079368123022e-07,6.0535789360394495e-05,5.350525824336272e-10,3.038708650008263e-06,2.5211692942467173e-06,2.4585133013890986e-07
10,mlp,12609,3,3,7.763165350184334e-07,2.6352222688380015e-06,1.0224138416079904e-05,0.950472117880679,0.0005293719957014235,0.0035613158087226863,0.04542355863767697
10,mlp,1566,5,5,0.0025149806575738374,6.146361378115709e-05,1.0734613311351789e-05,0.003168915091171456,0.0001415553710953266,0.9920699615460277,0.002032389107039107
10,mlp,4552,2,2,0.005402979419523255,5.411483560223006e-06,0.9942773764424426,1.2403346042014005e-09,0.0002898633345713928,1.7772867706198023e-05,6.595211861544914e-06
10,mlp,224,5,5,2.2927168520045888e-08,1.8485658858640172e-06,3.1219557915368053e-07,0.0008231013798084747,6.138232080670988e-07,0.99916231656723,1.1784541119851363e-05
10,mlp,8762,6,6,2.923708402536411e-05,6.399242569137563e-07,9.16148205463274e-05,0.001423949689387067,0.09313463033408914,9.85325557827621e-05,0.9052213955919125
10,mlp,12665,3,3,1.0730476970283898e-06,3.4835942110850377e-06,3.6914207237585386e-06,0.9652874579924351,0.011561959518078698,0.000281791586565018,0.022860542840289252
10,mlp,6908,4,4,8.87052518319343e-06,1.342518080938193e-07,0.0002697972523707468,6.188260965590912e-07,0.9975267734660529,8.525058436965874e-06,0.002185280620051298
10,mlp,1171,5,5,3.803163992198518e-08,1.6725959329806343e-06,1.3384261206614405e-06,9.66745409833574e-05,4.092299316263703e-07,0.9998839005182926,1.5966657099008617e-05
10,mlp,913,5,5,2.305138959665802e-09,4.830504130942306e-07,1.3426513819925012e-07,7.258222520930131e-06,3.3742782646420847e-08,0.9999913598961807,7.285178254786979e-07
10,mlp,2357,0,0,0.9998517508516703,2.4728063412189233e-07,0.00010463714265177588,1.9643933641905363e-08,9.74276684812664e-06,2.3624246274780045e-05,9.978067987199897e-06
10,mlp,10987,3,3,2.217699681202849e-08,3.4076688646053783e-07,1.8395880306921314e-07,0.9988495856423584,0.00022432011404417427,2.9060299347905523e-05,0.000896487041563182
10,mlp,2987,0,0,0.9999813264691109,1.9741341447553294e-06,6.377002174273872e-06,2.7676597230889055e-11,1.4751347915032984e-07,1.0168774626288332e-05,6.078787790451851e-09
10,mlp,9939,6,6,0.04074318164094809,9.841575516506884e-06,0.012500855887936852,0.0001769761468310739,0.012219667016139227,0.03368305856900464,0.9006664191636237
10,mlp,7045,4,4,6.3367419175283725e-06,4.757543121403542e-08,0.00015798814557498693,1.4440289099026855e-07,0.9993247312837291,2.8270613212686346e-06,0.0005079247891348058
10,mlp,5441,2,2,0.0024327670020402674,0.00019788215217705197,0.9973239810372365,5.667816076406656e-13,4.466242146597583e-05,6.976911367372672e-07,9.69537693599261e-09
10,mlp,1508,5,5,2.238278073059024e-06,1.5412614683815204e-05,0.00010882170811329461,0.003360872457668907,3.577335292034406e-05,0.9943241104540532,0.002152771134487473
10,mlp,3906,2,2,0.02621508491080908,9.099061660359248e-06,0.8008083308163128,7.172519823830289e-06,0.008758000850322831,0.001779932245841762,0.16242237959522937
10,mlp,6674,4,4,5.115088280798971e-06,1.7017926812145772e-07,0.00012104208846200394,2.9981003211063415e-06,0.9954463330323049,1.4117372476445928e-05,0.004410224138886478
10,mlp,6210,4,4,2.798822332337987e-07,2.738668440600025e-08,1.3162964366292328e-05,2.7261742042065277e-06,0.9982610345029468,1.8689896022895792e-06,0.0017209000999629854
10,mlp,9275,6,6,0.0005099515755289786,1.924808250638333e-06,0.0003584300093534284,0.0016298508916169946,0.0024968988211455817,0.0017168316830067144,0.9932861122110977
10,mlp,9988,6,2,0.18739983552014622,0.000223734622471068,0.5165168406444788,3.9124923826370525e-05,0.002567283298708459,0.14226194603640538,0.1509912349539637
10,mlp,8145,6,6,0.00010191580785084071,2.6230699153015257e-06,8.478547816977702e-05,0.052429216816760764,0.004083951416268809,0.0003548469614263316,0.9429426604496082
10,mlp,2279,0,0,0.999105633523113,1.0725823696000502e-07,0.00010550432034614722,4.672993157669932e-07,0.0006542406194873558,4.148213512405768e-05,9.256484437666812e-05
10,mlp,12509,3,3,3.882216605711386e-07,8.756320144877911e-07,4.59980754379996e-06,0.9456217913296732,0.0014092275590190401,0.0006303239644528864,0.05233279348563609
10,mlp,13096,3,3,6.4207993664880714e-06,4.850642664004521e-06,3.4192325927509896e-05,0.8850577004833518,0.00269381566574925,0.003039568228814125,0.10916345185412693
10,mlp,6492,4,4,2.1303130851457632e-05,4.7025983198024577e-07,0.023368071940019806,7.903834464615607e-07,0.9727198197714009,2.1467708221033474e-05,0.0038680768062281387
10,mlp,9817,6,6,0.0065528095434759905,6.349086984367545e-06,0.00937823706112379,0.00013295104221377904,0.0020725661865745922,0.0036790053531429072,0.9781780817264846
10,mlp,3098,0,0,0.9999928227321749,1.7101494873662628e-08,4.386505164448353e-06,2.3445662941989734e-11,2.2193975552393436e-06,5.29140664576921e-07,2.5099500224653165e-08
10,mlp,10217,3,3,1.2574199509991664e-10,1.236374410881093e-08,2.0767669630832646e-09,0.9997902626060728,0.0001458164407296607,1.2010568270077089e-06,6.270533011718129e-05
10,mlp,1347,5,5,4.0056225216511135e-06,1.4402113466847202e-05,9.832848006018243e-05,0.01954551844602883,8.48247000478939e-05,0.9724841656627128,0.007768754975161837
10,mlp,8003,6,6,0.0005156394087713372,6.558067682505879e-05,0.0009853554471274566,0.2256032233007982,0.0031978667110768187,0.2153695981196695,0.5542627363357315
10,mlp,1612,5,5,1.1283870294709098e-05,9.503737294454558e-06,3.875587584020562e-05,0.0002556994432731819,7.592604491775921e-06,0.9989934722728251,0.0006836921959805663
10,mlp,11293,3,3,1.3387074960576555e-07,6.998500668871249e-07,3.3550740409369616e-07,0.996270813555769,0.0013347335734544864,3.482008510064975e-05,0.0023584635574551817
10,mlp,11103,3,3,1.3009606101622201e-08,4.045533511279215e-07,3.169356784373022e-07,0.998687845729363,0.0001263352563572653,0.000189427799800796,0.0009956567158433413
10,mlp,6046,4,4,6.776632817815172e-07,7.476454896139077e-10,2.4100340499361e-07,1.531231388926721e-06,0.9999384470278767,1.7657516729467625e-06,5.7336574729151424e-05
10,mlp,5178,2,2,0.0006202987723690213,9.044713022047587e-06,0.9993327003222521,6.988305558991556e-12,3.700794959361738e-05,7.633576279382098e-07,1.8487814671026296e-07
10,mlp,12011,3,3,6.020587512141219e-07,1.4250207513981058e-06,3.6861458717600365e-06,0.9651845537886786,0.0004585914311518681,0.001730406698082339,0.03262073485671246
10,mlp,8871,6,6,0.00020572527324470925,7.799443275443028e-07,0.00010301131505765974,0.0030412645163530156,0.001627124133739055,0.0007135196528070751,0.994308575164471
10,mlp,13457,3,6,1.2566306763474926e-05,5.0189220103190785e-06,0.0001736753425703569,0.3506031659508023,0.003948080713341319,0.007179708702526635,0.6380777840619856
10,mlp,3219,0,0,0.9999885045462324,1.7970470134433085e-06,8.489815638222262e-06,6.107854821435978e-12,2.760292186223672e-07,9.319731237733243e-07,5.826653954542208e-10
10,mlp,1937,5,5,3.3654425338288925e-06,8.980717534088797e-06,1.4967622452153084e-05,1.0636870773049127e-06,4.4501413754683014e-07,0.9999653433438662,5.834172398814237e-06
10,mlp,5707,4,4,1.665583457842176e-10,1.591540188943727e-08,8.341231998562052e-08,2.5911748262989702e-05,0.9999298358264302,5.515221827776438e-07,4.360140884389855e-05
10,mlp,6504,4,4,1.475150287523712e-08,4.915696670056361e-09,1.2075791575304986e-06,1.557989923893946e-07,0.9999588467997967,1.8025948519462807e-07,3.958989536860847e-05
10,mlp,10268,3,3,8.699111901770833e-10,1.3763486473833015e-07,4.3744009798094796e-08,0.9995411858698423,1.3325220553432236e-05,0.00018617702335826605,0.00025912963746029015
10,mlp,7913,6,6,0.0016168478679243672,7.188408905641527e-05,0.0007830219874440434,0.1719153269774356,0.0032506010192827383,0.2624741561586274,0.5598881619002295
10,mlp,3598,1,1,1.297001234857806e-06,0.9999984688383879,2.3415887943640255e-07,1.507256394902266e-26,1.2652467692182931e-12,2.3244911775616105e-13,1.169266041930056e-22
10,mlp,3520,1,1,8.240655255670001e-07,0.9999988355462585,3.4038569094571713e-07,6.217172041123836e-26,9.170755690549122e-13,1.6079903614138245e-12,4.114228351231088e-22
10,mlp,8154,6,6,0.0002172421737548556,1.8686461848723823e-06,0.00011397045521987687,0.018916845691988045,0.002526736522053004,0.0007009631427739228,0.9775223733680254
10,mlp,3229,0,0,0.9972164948120448,6.176967529861897e-06,0.0027627997549468154,5.839381761169865e-11,1.3706071336231336e-05,7.797596313956586e-07,4.257611706988137e-08
10,mlp,11069,3,3,1.514688476637885e-08,1.0268764011618596e-06,4.507732409718219e-07,0.9958818008967494,4.745841397469016e-05,0.0031214289113726244,0.0009478189813762652
10,mlp,11424,3,3,1.3156968713159348e-08,4.286325148309083e-07,4.4189621469601855e-07,0.9987269450582135,0.00011388103099255815,0.000320133381608951,0.0008381568434868576
10,mlp,13385,3,6,0.0002147569231914616,2.8007874609618336e-06,5.564831770018195e-05,0.039580775350354806,0.002319878350674654,0.00046531881294391406,0.957360821457674
10,mlp,10629,3,3,1.1358627344444762e-09,4.545223851155736e-08,2.335290385700854e-08,0.9998166445578298,4.979088387806121e-05,1.5032380874102447e-05,0.00011846223641277537
10,mlp,10938,3,3,1.5559737076435926e-08,2.903026963758901e-07,1.4318094436762056e-07,0.9992539086869414,0.00013490133851737685,2.1865117632488004e-05,0.0005888758135308432
10,mlp,10353,3,3,7.28875051561228e-10,3.104910080542477e-08,1.3086452357008316e-08,0.999884985873369,3.536824018211241e-05,5.819996541124211e-06,7.378102547952832e-05
10,mlp,10591,3,3,8.464405946158494e-09,2.6244632742624094e-07,1.0399905318597253e-07,0.9993577910968625,6.384069099389238e-05,2.6641433959503946e-05,0.0005513518683975735
10,mlp,4664,2,2,0.0001797084648740082,2.1907954476187296e-06,0.9973624455157241,2.7855641062127633e-10,0.002445149947412779,3.986861015231442e-06,6.518136970020107e-06
10,mlp,9947,6,6,0.05402434533909061,2.2284352808171833e-05,0.08751830856673765,0.00012712758229813716,0.024446244651275376,0.02006877253400182,0.8137929169737882
10,mlp,9837,6,6,0.003265681841414243,3.6399394848857302e-06,0.0062309209375729455,0.0001429367300281502,0.010274442765572109,0.0009459384434943897,0.9791364393424332
10,mlp,1342,5,5,0.011125892226728313,0.00016616901380557035,0.00015759023865753881,0.08953863040442107,0.001954174921965027,0.7940882066934216,0.10296933650100078
10,mlp,9602,6,6,0.0075146626766765985,2.320602540627597e-05,0.005419983083253509,0.0012829052344830551,0.0018859869564953405,0.1438579989208813,0.8400152571028039
10,mlp,9766,6,6,0.0030870580719709736,4.0353765369029735e-06,0.005199951365261395,0.00018208102339617845,0.0014403442560708575,0.0048558051032810455,0.9852307248034826
10,mlp,6171,4,4,3.2537754880454145e-07,8.682606129841212e-08,0.00024139799033880312,1.2105758322872122e-06,0.9979816519586373,2.9314476985845955e-06,0.0017723958238827998
10,mlp,4814,2,2,0.00011544993568483041,1.7477313159419695e-06,0.9998088441615781,2.991337427612542e-11,7.241875407979803e-05,7.518101178607349e-07,7.87577310239737e-07
10,mlp,1965,5,5,0.0001461498772059964,6.019418489877094e-05,0.00035280863184397636,1.0615507766162711e-05,8.84227104971989e-06,0.9991201449873511,0.00030124453988416053
10,mlp,12490,3,3,2.7417678423120295e-07,1.390800397793961e-06,6.917975003290989e-06,0.9811786755654692,0.0003983907759985659,0.0034725837857552287,0.014941766920591626
10,mlp,1587,5,5,0.00013252558066252805,3.5277687898635496e-05,9.634500162667369e-05,0.0014896817775788987,5.283653313836137e-05,0.9936600819658504,0.004533251453244457
10,mlp,4445,2,2,4.191889786443234e-05,1.2364356921431037e-06,0.9971913160414192,1.4494307597296754e-10,0.0027572606525912984,1.6004153202606e-06,6.667412169605144e-06
10,mlp,10447,3,3,1.8310002795517827e-09,9.554941048938339e-08,4.050406760695201e-08,0.9997321647146579,3.359168908446862e-05,2.5026453836430585e-05,0.00020907925794303556
10,mlp,7683,6,3,1.2359887051554006e-05,5.728483804073158e-06,7.158220542111955e-05,0.7748499373446376,0.006975769290800782,0.00293472484437281,0.2151498979439122
10,mlp,11900,3,3,2.0957795588437405e-07,1.0755880176848661e-06,1.7732808488505433e-06,0.9892027252405678,0.0005106899156733419,0.0001830339932191823,0.010100492403717184
10,mlp,8868,6,6,0.0004409645321937111,6.673147589858493e-06,0.0007755639833460114,0.008267089048578303,0.001534191593648288,0.009673965952240461,0.9793015517424035
10,mlp,12995,3,5,5.105017870653814e-05,2.307485317689913e-05,9.53273715669489e-05,0.2699850306312235,0.000562365294086307,0.6516697813293447,0.07761337034189499
10,mlp,3866,1,1,3.7444844941889973e-10,0.9999999992307582,3.9478284920394695e-10,3.7161921675891273e-35,1.0408506476313313e-14,4.0264954121210797e-20,1.998252617764646e-31
10,mlp,11639,3,3,1.8513678485282734e-08,4.796458395184386e-07,7.375244864475822e-07,0.9983158010984056,0.0001859981984814958,0.00025826317784261146,0.0012387018412658192
10,mlp,8989,6,6,0.0004689708067409318,1.2933644026744684e-06,0.001000041235670616,0.003404670136798274,0.08183099051571374,0.00035972252855331183,0.9129343114121203
10,mlp,13433,3,6,0.002459186866412872,3.0027888671666856e-05,0.0004130903297019592,0.17066443292463002,0.003908005886855751,0.07264186976323622,0.7498833863404916
10,mlp,8648,6,6,0.00014212628120303415,3.3361751987755844e-06,0.0002520243129877174,0.01699278675340343,0.002991885949850002,0.012464437051883376,0.9671534034754737
10,mlp,7134,4,4,2.1922794213063468e-06,2.3119460242561999e-07,0.001768008171695044,6.883761248798863e-08,0.9980765338228339,2.9999755484191427e-06,0.00014996571828631308
10,mlp,11473,3,3,1.4885225506790782e-08,1.3710949893539732e-06,9.32569244324367e-07,0.9976806562341931,0.0001089378040868537,0.0014685669578359908,0.0007395204544248609
10,mlp,10887,3,3,1.4268679266757202e-08,2.576815108418919e-07,1.3591850958591856e-07,0.9989538054022189,0.00019120083300115816,2.2692845517091216e-05,0.0008318930505629774
10,mlp,10393,3,3,4.006831584242051e-09,8.039112973304702e-08,1.926367412753659e-08,0.9997305936825778,8.415571850358756e-05,4.689102035440527e-06,0.00018045783524775822
10,mlp,3999,2,0,0.814037882905847,9.002034655723423e-06,0.15286329716384991,1.6998241231850767e-06,0.02221956329207085,0.0012712265873858282,0.009597328192067659
10,mlp,10936,3,3,1.1699398292374903e-08,2.621747327952514e-07,5.749660400846377e-08,0.9978343419744713,0.0009859173488368292,7.2519230793671654e-06,0.0011721573828775147
10,mlp,3044,0,0,0.9999754105641272,6.388712536408199e-06,8.105508091680594e-06,2.1639486815158014e-11,1.5756682121240183e-07,9.933292492303272e-06,4.334291806902585e-09
10,mlp,10458,3,3,1.3803805696344705e-08,1.3316676297147291e-07,4.1544201190751905e-08,0.9990114042875083,0.00011681334192714035,4.78327165592945e-06,0.0008668105841388438
10,mlp,10433,3,3,4.57841741521123e-10,8.451497550326054e-08,4.767729747969534e-08,0.9994672798322999,1.639614543886223e-05,0.0002911103562957849,0.0002250810158505774
10,mlp,1407,5,5,1.7800899845687825e-07,4.1174014912706145e-06,4.544325323118699e-06,0.00013786034572948775,1.0845873380230405e-06,0.9998037382776752,4.8477053444456024e-05
10,mlp,12143,3,3,5.515577397800178e-07,6.455202160417589e-06,1.9179557469787784e-05,0.9337668845035492,0.00037875472318560344,0.03317032323229359,0.032657851223601486
10,mlp,11835,3,3,8.380861048868334e-07,2.5727720872291455e-06,3.442284851421248e-06,0.9760770468716458,0.0004634954949821855,0.0003511689949570493,0.023101435495371404
10,mlp,10836,3,3,2.6613518658856096e-08,4.042168342079718e-07,1.723548098779307e-07,0.9986840782160563,0.000130443532407621,5.967615257861996e-05,0.0011251989137947777
10,mlp,7557,6,6,0.00016448750474758525,9.9806857966875e-06,5.5337809836795573e-05,0.44518662911889567,0.011762706304520901,0.001330406236076566,0.5414904523401258
10,mlp,1920,5,5,4.364579804709387e-05,1.9852837118636866e-05,0.00028467591775168516,2.7044833783916744e-05,9.00639936267226e-06,0.9987262787507794,0.0008894954631564796
10,mlp,9666,6,6,0.0030757427509628572,1.3452689159713264e-05,0.006781396133200025,0.0010265035206874769,0.0029271086741298326,0.06926186964237743,0.9169139265894827
10,mlp,12798,3,3,4.4536003287281724e-05,1.1552132823737994e-05,3.5932781659026826e-05,0.8148274011503894,0.002458570994907268,0.0017496435683319142,0.18087236336860135
10,mlp,302,5,5,5.187087390218783e-10,5.932502613094525e-07,5.2761540698160433e-08,2.60194802543591e-05,3.12827916018361e-08,0.9999728269916168,4.757148264925453e-07
10,mlp,7011,4,4,0.0033500463540296704,2.7206527259678253e-06,0.31008296241836525,1.1443050498746297e-06,0.6844019705620783,0.0003237513905186702,0.0018374043172321708
10,mlp,8824,6,6,0.003063931206452205,1.9645857204867124e-06,0.00011839113312150992,0.013307203919897058,0.004975514962785498,0.00092686311272909,0.9776061310792942
10,mlp,4802,2,2,0.0024446952911912094,5.249793728748428e-06,0.9973741270050754,2.1460753957650537e-10,0.00014835239038913682,2.169269218976907e-05,5.882612818046747e-06
10,mlp,11733,3,3,4.951348346069548e-08,5.556550058782044e-07,1.2421975411561184e-06,0.9937597758570108,0.0005458182823117083,0.00020194403020758368,0.005490614464439302
10,mlp,10150,3,3,2.6623998874991794e-09,1.7823277864482235e-08,4.645230601496001e-09,0.998979395321518,0.0008234975748097022,9.28667598105688e-07,0.0001961533051657278
10,mlp,7442,6,3,9.481878811028685e-06,9.829173549797273e-06,6.480691402552203e-05,0.8203069086781235,0.0012412476434782577,0.011991202687535433,0.16637652302447647
10,mlp,11466,3,3,2.2184599469051226e-07,1.2592680312059357e-06,1.1383700312105597e-06,0.9904044993052165,0.0004465889380956563,9.627823705436674e-05,0.009050014035576426
10,mlp,8512,6,6,4.2714078391678665e-05,1.2312656376127861e-06,6.914754430506366e-05,0.03250044679040023,0.0015330728773185413,0.00099754523634997,0.9648558422075969
10,mlp,9845,6,6,0.008256785010563332,1.3709990844231703e-05,0.01167736698322765,0.00027280946059725077,0.0019633404560513742,0.025242445407352716,0.9525735426913634
10,mlp,7843,6,6,9.111446956429441e-05,7.289697631554737e-06,0.0002092328411963008,0.25717803023405367,0.005459137596805055,0.005416289414111806,0.7316389057466374
10,mlp,5868,4,4,7.5082655189530555e-06,6.522315904180952e-07,0.0001754919397406804,9.039767877341765e-05,0.9608160732249953,3.579669365328602e-05,0.03887407996572792
10,mlp,9677,6,6,0.0013801517936861624,4.235386004006734e-06,0.001535100961841105,0.0006480364276280368,0.008951299714712714,0.005115089917447318,0.9823660857986806
10,mlp,12552,3,3,1.306489074532701e-06,3.3261965268164313e-06,1.174208870444588e-05,0.9670697350025064,0.0009918341499411166,0.001553482962966362,0.0303685731102802
10,mlp,10115,3,3,9.296137779151879e-10,3.5963415730372495e-08,7.0327689022219055e-09,0.9998896556486508,1.860059842819171e-05,2.7940325312274735e-06,8.89057945910949e-05
10,mlp,12500,3,3,4.491517294038844e-06,4.417711134213334e-06,1.5809913654291083e-05,0.9186276730208396,0.0020526752016289834,0.0012198014730695746,0.07807513116237942
10,mlp,2490,0,0,0.9997607721583961,4.724355467835599e-06,0.0001534731296486692,8.132435819261153e-09,3.992802727757892e-06,7.583101114641163e-05,1.1984101773363576e-06
10,mlp,7814,6,5,0.00023739306926255613,3.3323100893698784e-05,8.137945520875934e-05,0.02252979166905009,0.0001953716996932146,0.9582998541182947,0.01862288688759705
10,mlp,1077,5,5,2.901218841956956e-07,6.945350709705501e-07,1.4641495567814408e-07,6.567250552727083e-06,8.856277342622856e-08,0.9999913059811332,9.07133629905884e-07
10,mlp,4596,2,2,0.006306636775489995,1.1420422551150414e-05,0.9916855963379771,2.3185293583803906e-09,0.001850823488828117,3.791906927102027e-05,0.00010760158735287731
10,mlp,7603,6,6,7.618790096490989e-05,1.0436671518220266e-05,0.0001284348726436967,0.3119456538159484,0.003266035512423033,0.003648260764355382,0.6809249904621464
10,mlp,8969,6,6,0.0012409529292474297,1.4483918751208757e-06,0.0003027569730267253,0.004320830290283816,0.0038287072933171976,0.0002714187440895668,0.9900338853781602
10,mlp,2315,0,0,0.4964571180713634,0.0009002382519448884,0.4952851562868208,1.6173667591503161e-06,0.0006178175471257748,0.004874807391315906,0.0018632450846702185
10,mlp,164,5,5,3.5172840053288453e-09,2.872832315319584e-06,4.2973661812081167e-07,0.0018137848769686782,7.708590426402504e-07,0.9981711385702376,1.0999607533555206e-05
10,mlp,4878,2,2,3.7907923046910365e-05,1.329263736927224e-06,0.9997699408062072,3.033701348579371e-11,0.00018861424087609593,9.97044377270159e-07,1.210691418674252e-06
10,mlp,10380,3,3,6.887966073473114e-09,1.0071301455920511e-07,2.3617749674680357e-08,0.9991623612307858,0.00030311674001864383,2.373148115701134e-06,0.0005320176623495034
10,mlp,3659,1,1,2.994696237682061e-07,0.9999988230886707,8.774336878295243e-07,5.246502412716384e-27,7.993829856843209e-12,2.404185977938622e-14,4.624004275927778e-23
10,mlp,1533,5,5,2.6591719025237508e-06,4.6317375744101004e-07,1.3688978394512832e-07,7.457115603875778e-07,5.790766850683336e-08,0.9999955063971826,4.307481446303088e-07
10,mlp,12742,3,3,0.00022527611410267517,1.415766110217e-05,2.664031186865368e-05,0.8158875709378803,0.004752484008884833,0.0009732523341469267,0.17812061863201442
10,mlp,6482,4,4,7.325923403918363e-07,8.160668071391037e-08,2.5321074965286915e-05,1.6073020835153898e-06,0.9990576545687879,4.004694912089103e-06,0.0009105981602300381
10,mlp,778,5,5,2.64951826960728e-07,4.509676947737172e-06,3.0199719980786218e-06,0.0020037091284775153,3.7834445280491895e-06,0.9978094869578809,0.0001752258683407297
10,mlp,717,5,5,2.976627147418696e-10,8.264177188764579e-08,9.426650395430494e-09,4.2413876697220627e-07,2.1826355677351507e-09,0.9999994567791233,2.4533389148607583e-08
10,mlp,10898,3,3,1.0961548579129971e-08,1.8856328095750775e-07,8.61444732839805e-08,0.9994509571393432,0.00017264038317263574,1.9656439398080156e-05,0.0003564603687834008
10,mlp,715,5,5,7.706257767078121e-09,1.6438212554240175e-06,2.822720592096122e-07,4.3166337746282845e-05,1.341176055795907e-07,0.9999525597168697,2.2060282058445027e-06
10,mlp,3434,1,1,4.729023442097521e-05,0.9948430455751335,0.005109593596100358,3.1470439607713888e-21,7.053832572576535e-08,5.601956184691048e-11,1.896614282476976e-17
10,mlp,2125,0,0,0.9938798840804219,4.722342800481102e-06,0.0020810652114137814,6.548777632203553e-06,0.00017751712051545339,0.001884128377357525,0.0019661340898585737
10,mlp,2306,0,0,0.7173979170841706,6.049956381577923e-06,0.27751322664543404,1.8333435908124243e-06,0.0021990931229740056,0.000862572674778387,0.0020193071726708534
10,mlp,2405,0,0,0.996407698680327,2.3751976355555202e-05,0.002793991406405334,5.189809643996016e-08,2.0644990177360512e-05,0.0007305684280276086,2.329262061069947e-05
10,mlp,7703,6,3,1.24430988804716e-05,6.829895848735455e-06,0.00013137838872916144,0.7829666891471114,0.0032614410017389435,0.014617830404249374,0.199003388063442
10,mlp,8819,6,6,0.0006116133764212739,0.00010182857716005498,0.0031854613615448875,0.03664689508297935,0.0031001561525464084,0.4674060270621168,0.4889480183872311
10,mlp,599,5,5,6.833302236564082e-08,4.9613841285604305e-06,7.018561460488654e-06,0.013510975558148295,1.1221413970005561e-05,0.9862613729740515,0.000204381775218868
10,mlp,10818,3,3,3.942629289107821e-09,2.2990901950382937e-07,1.7055832192274918e-07,0.9987051058969084,5.942258771362283e-05,0.00033107877485488653,0.0009039883305523223
10,mlp,11635,3,3,4.985282365076193e-08,7.706056667464436e-07,1.4811358711584503e-06,0.9948841696283477,0.0002473271897371084,0.0003080502651537107,0.004558151322399876
10,mlp,6378,4,4,5.0808815418905095e-09,3.888247601833647e-09,3.5693188763738083e-07,7.441064222561701e-07,0.9998912706195032,2.5873596515301626e-07,0.00010736063709271244
10,mlp,10457,3,3,2.9991701233045342e-09,8.821502403116449e-08,1.240467110086687e-08,0.9993277522564908,0.0003451242490381237,2.5852483037680076e-06,0.00032443462730173407
10,mlp,8423,6,6,0.0007336185774862559,3.5146853496325033e-06,0.00016493228727555248,0.018880611501734493,0.0026901610272702615,0.00061841513861631,0.9769087467822675
10,mlp,6929,4,4,6.549669452925482e-07,8.752091979090118e-08,0.0007495483683835856,5.592174036836505e-08,0.9990455745430126,1.7230664853761872e-06,0.0002023556125131937
10,mlp,8566,6,6,0.01248609068373127,7.897933064942507e-06,0.0006965621608200256,0.029313119644258857,0.04633973416149231,0.0019109967880228936,0.9092455986286097
10,mlp,10906,3,3,8.267109000555887e-09,2.0934967089750235e-07,1.239413111699527e-07,0.9990643479353231,0.00014946160155068422,3.985706284090946e-05,0.0007459918421940556
10,mlp,3791,1,1,2.0195016834164646e-08,0.9999999542936432,2.5511097887229138e-08,2.16050357936235e-30,2.4200069400515924e-13,2.3882721509972527e-16,4.058648031498977e-26
10,mlp,1164,5,5,1.2346580557447678e-05,1.8746120441220012e-05,0.00016379296293203362,0.09069924670384863,0.00026751853778214467,0.8807023299173012,0.0281360191771372
10,mlp,3479,1,1,1.288319963760554e-05,0.999931545529567,5.557078481686872e-05,2.7298911459766635e-23,4.78497123936448e-10,7.481419623880399e-12,2.2895295052992743e-19
10,mlp,4198,2,2,0.18236341062221614,2.1693929812018182e-05,0.8141743025457704,8.235617802143092e-08,0.002272062543188037,0.00027198644603518285,0.0008964615567999782
10,mlp,3936,2,4,0.0001892915682181405,1.0361302998818939e-06,0.1301267702249847,3.633762648531497e-07,0.8676584290138667,6.132445962484771e-05,0.001962785226740947
10,mlp,4165,2,2,0.005012750732971096,2.336027070079123e-06,0.9900723359361143,1.2439399001773834e-08,0.0047973359533920665,5.8112343779682715e-05,5.7116567273659944e-05
10,mlp,5322,2,2,0.025640714829557775,0.0002477805012617337,0.9740734353684181,1.0477430834764122e-11,3.436811783788626e-05,3.5070467832238615e-06,1.9412566374579377e-07
10,mlp,2412,0,0,0.999741523649344,2.443806544920629e-06,0.00011347366748586136,1.7446014406645583e-08,5.147765507385791e-06,0.0001329773717351846,4.41629336831409e-06
10,mlp,9955,6,6,0.15252894418616983,3.6626223062493537e-05,0.05295852518901709,9.05436080858936e-05,0.005552186165827161,0.021888868559904316,0.7669443060679332
10,mlp,519,5,5,1.0798141014284111e-08,7.29251159592894e-07,8.67130398016317e-08,3.674016152572346e-05,8.162453383130834e-08,0.9999610055423117,1.3459092883385562e-06
10,mlp,8591,6,6,9.070019759234565e-05,7.161287280253324e-06,0.0003881244212712443,0.0477556231135708,0.006438568367830493,0.03783871638859923,0.9074811062238557
10,mlp,3365,1,1,0.0005460373548568763,0.999383928588952,7.002904354733623e-05,1.7151534440311523e-20,5.300346603533328e-10,4.482608981279216e-09,1.1203828771191745e-16
10,mlp,8832,6,6,0.0006421078296199987,1.0291925791726404e-05,0.001006391685253431,0.010456740931583462,0.0017076581842769888,0.039662405292770056,0.9465144041507043
10,mlp,5161,2,2,1.3385734561870689e-05,1.195151572614693e-06,0.9985408044367617,7.75327945340867e-12,0.0014439395550605446,3.889384776361994e-07,2.8617581229602895e-07
10,mlp,9024,6,6,0.0012768113586667368,2.2431433879994513e-05,0.0023517771528621927,0.0058556726923521115,0.001636118262032219,0.06739408140400102,0.9214631076962058
10,mlp,13328,3,6,7.311268294473997e-06,3.1340627155719795e-06,1.5187702379442928e-05,0.3727622682417671,0.06038285812174054,0.00024696061372443104,0.5665822799893785
10,mlp,10021,3,3,2.1559054653264413e-11,5.22748729437117e-09,1.4369892298456193e-09,0.9999652755838682,2.755709786884035e-06,7.885063125628219e-06,2.4076957183540573e-05
10,mlp,3547,1,1,1.9237987870675953e-05,0.9044677180547284,0.09551292165456082,2.3714005503438007e-23,1.222957850604754e-07,7.055220968274702e-12,3.588538429993298e-18
10,mlp,12447,3,3,5.688894935224015e-07,2.8398577130869623e-06,1.7565393078144734e-06,0.9822167118892037,0.0074477050727220434,0.00016680290351329965,0.01016361484804653
10,mlp,1532,5,5,4.2859925099683416e-06,1.0284174190402848e-05,2.088011091471039e-05,0.00038170371212616256,6.004926986491823e-06,0.9991878232910478,0.00038901779222446725
10,mlp,9697,6,6,0.0006192402091768902,2.585748359924211e-06,0.0012083119058006629,0.00047057567506228926,0.019292021470073646,0.0011496120185017062,0.9772576529730248
10,mlp,8865,6,6,0.0007850236261475378,4.625165509951177e-05,0.0027827246616513234,0.015643625070674835,0.0022534370827563097,0.17167274610892844,0.8068161917947422
10,mlp,5018,2,2,0.0005962965758619729,7.550356524999489e-06,0.9961336232427772,9.624939724723875e-11,0.003257376961038377,2.3853720321345874e-06,2.7673955160490112e-06
10,mlp,7625,6,6,0.0002820976406055167,4.628371211793863e-06,5.093539824686815e-05,0.1938955044261311,0.0074825591633750094,0.0003834667933524423,0.7979008082070772
10,mlp,6336,4,4,9.071064269490921e-07,1.525355147197651e-07,0.00017129895310482235,1.7695414231324452e-06,0.9970070360876792,6.7832166356229055e-06,0.0028120525592156094
10,mlp,13093,3,3,6.769243113646329e-06,6.938816289669006e-06,6.287191987123741e-05,0.8549180903096201,0.0012195573926108265,0.020836997239359015,0.12294877507913529
10,mlp,12984,3,3,0.00016010871725323001,8.403322012761249e-06,3.296775257111805e-05,0.5476608722221445,0.002534604976802632,0.009645454026949251,0.4399575889822664
10,mlp,5737,4,4,7.884335490795483e-10,8.581944978609377e-09,1.2825319085116285e-07,1.555418886896403e-05,0.999866147062568,3.4761685073914995e-07,0.00011781350814293377
10,mlp,1395,5,5,2.6016913144787397e-07,1.4701841009630011e-06,9.123351276153071e-07,1.4770019021590981e-05,2.5574620813473764e-07,0.9999746944278702,7.637118540025575e-06
10,mlp,7809,6,6,0.0002617285509249722,1.3419123764111433e-05,0.000300637146370835,0.20113982656210988,0.003741473407273108,0.011267014078681062,0.7832759011308761
10,mlp,7318,4,2,0.000161979275330683,3.750770837583506e-06,0.9030021344574032,1.4415327286519848e-08,0.09655563657712177,2.925698102055843e-05,0.00024722752295884803
10,mlp,12563,3,3,2.3921333886044775e-07,1.6445049119618252e-06,7.700085804187209e-06,0.9841652304080857,0.00033384416276434906,0.007335557213039454,0.008155784412055613
10,mlp,6706,4,4,0.00013896029193054792,9.151334411607908e-07,0.04499970915212513,1.3346990258109835e-06,0.9118853831643798,9.431666954343561e-05,0.04287938088955391
10,mlp,488,5,5,3.322688331328722e-07,1.0279357358558936e-05,2.0765016302859465e-05,0.26851521929658373,0.00012131784376463983,0.7267862107337867,0.004545875483370377
10,mlp,11897,3,3,5.346704459205252e-07,1.7203202539430255e-06,1.929697813940118e-06,0.988236774477807,0.0005334849212862799,0.0004204344531561334,0.01080512145923672
10,mlp,7589,6,3,7.203626058053757e-06,5.732943058369337e-06,1.1956804316730493e-05,0.7063128623731303,0.037266044822608195,0.0003895176314279179,0.25600668179940056
10,mlp,6089,4,4,5.7313370923508476e-09,6.322082799470829e-09,1.7241768661466842e-06,2.397212296062242e-07,0.9999852599527312,1.0754817038489581e-07,1.2656547582485898e-05
10,mlp,13448,3,6,1.831577961718952e-05,5.635041380009113e-06,0.0001403057177297863,0.48576727520817964,0.004321942258557069,0.0042442755764049945,0.5055022504181313
10,mlp,9499,6,6,0.005389276740809823,7.934500859959388e-06,0.0016073876850651128,0.0008074164328311196,0.0016995230153806226,0.008845471207408787,0.9816429904176446
10,mlp,5496,2,2,0.011289634282391341,0.002293772323550564,0.9863589625463165,2.176707950475541e-14,5.7207181911240374e-05,4.223531856082949e-07,1.3126229377799891e-09
10,mlp,9944,6,4,0.0010032760500546883,4.832124306963465e-06,0.002158729478404517,0.00012061673185245318,0.7801798331463834,0.0013896978012044648,0.21514301466779354
10,mlp,7668,6,3,1.3977418464143457e-05,6.838857827449283e-06,6.0958393757047274e-05,0.7180625508226538,0.015970827219360544,0.002757048502269474,0.2631277987856676
10,mlp,6374,4,4,5.501991318699945e-07,7.69371416246727e-08,4.047948559067369e-05,2.4149234701832265e-06,0.999578229840414,2.3034925647235967e-06,0.00037594512168707966
10,mlp,10389,3,3,6.889415812488207e-07,1.2341886619313576e-07,1.86518429332093e-08,0.9991227839265067,0.0001948170448497746,5.186987780377711e-05,0.0006296981385494911
10,mlp,513,5,5,1.011791606442679e-08,1.2731548957174239e-06,7.573535557305294e-07,0.0009194146758833639,7.997135411586082e-07,0.9990528009502779,2.4944033929993316e-05
10,mlp,9052,6,6,0.00421520233633814,7.84189297836229e-05,0.00395739649712164,0.008326445862498031,0.0018068894452986312,0.3429838248859859,0.6386318220429741
10,mlp,6970,4,4,1.397134470536386e-05,2.702811817192713e-07,0.0004140449085573565,3.186143567476753e-07,0.9994088193355716,4.705382756240623e-06,0.00015787013287125299
10,mlp,3046,0,0,0.999985567157882,7.50079582366334e-08,1.2041363171217534e-05,3.489249291913149e-11,1.1847259893387486e-06,1.0872051618281485e-06,4.450494482558105e-08
10,mlp,8022,6,6,1.9418655430276648e-05,5.119200589116583e-06,0.00012297834197417685,0.27640717441140794,0.008627940503372837,0.0039926652305844286,0.7108247036566413
10,mlp,6652,4,4,1.0056415653337834e-07,9.785438340795286e-09,4.8863925794213944e-06,3.441262506416535e-07,0.9997448368166978,5.79807232485017e-07,0.0002492425076448116
10,mlp,11113,3,3,1.2454173705455518e-09,1.4589212998343446e-07,1.6885713840872546e-07,0.9989993678511072,5.941553789642018e-05,0.000359705683546573,0.0005811949327640561
10,mlp,7773,6,6,0.0012943871800673516,1.7558366956469216e-05,9.212127254997142e-05,0.18797496451285808,0.005558037951006474,0.0012273585193939968,0.8038355721971676
10,mlp,1680,5,5,4.923419206331445e-06,1.585263626612031e-05,0.0001289914317704702,0.0007797030866673318,2.144518357697491e-05,0.9963766449225412,0.0026724393199716594
10,mlp,12326,3,3,2.5235430583179017e-07,1.5603251182676088e-06,4.350692356766524e-06,0.9918597781849711,0.0005886926009454328,0.0007268005677953813,0.006818565274507155
10,mlp,10505,3,3,1.1911657862621162e-09,5.344236341073937e-08,2.701935053914105e-08,0.9997881086985179,7.513000618994437e-05,9.844419423588916e-06,0.00012683522298882318
10,mlp,9031,6,6,0.000859211306409197,1.4653887405742881e-06,0.00036139205337473176,0.0011512287990696872,0.0017328629421170646,0.0006243690963478371,0.9952694704139409
10,mlp,572,5,5,5.441360353882786e-09,1.0302301488556526e-06,1.9656865795690854e-07,7.633537724756943e-05,1.4327173573282988e-07,0.9999190601281026,3.2289827470584844e-06
10,mlp,7889,6,6,6.142734290064198e-05,7.051206994254603e-06,0.00017075674218851563,0.3571895516484626,0.007498617361630778,0.004116310862078682,0.6309562848357445
10,mlp,5414,2,2,0.0013747071350101619,0.00021788569782422,0.9983963238051463,1.909236122282807e-13,1.0760695768567769e-05,3.209622663740017e-07,1.703793619225162e-09
10,mlp,5706,4,4,9.65693128762293e-12,2.782792806398834e-10,4.594509236079768e-09,2.5094403035446645e-06,0.9999713587370872,1.4773889080197205e-08,2.6112166274818397e-05
10,mlp,2690,0,0,0.9992563548025282,0.000321574256698352,5.444915508456008e-05,8.373208656260893e-09,8.238036618839242e-06,0.0003592731402105136,1.0223565075541837e-07
10,mlp,11213,3,3,7.545259945342409e-09,1.28804882223936e-06,8.197900343923608e-07,0.9968554468054658,7.801901449053373e-05,0.002470461033938021,0.0005939577619888403
10,mlp,2725,0,0,0.9998366071426854,1.4637738430232989e-07,0.00012138109217655347,2.1398899371016897e-09,2.835692697317809e-05,9.557784157154298e-06,3.948536733458189e-06
10,mlp,5096,2,2,0.00023641376748638493,6.542927750455269e-06,0.9996653044377822,1.1833156603580578e-11,8.840658287994934e-05,3.06861739392153e-06,2.636548738873771e-07
10,mlp,8745,6,6,0.00047687700291734834,2.500066718823191e-06,0.0003233343984309085,0.004648668139850222,0.0015850597865281258,0.0015695126524957652,0.9913940479530587
10,mlp,6439,4,4,3.7831195667526404e-07,5.4065272293430565e-08,4.06804704694882e-05,1.3948577541996184e-06,0.9997149561534862,1.524631515039056e-06,0.00024101150954615528
10,mlp,12465,3,3,1.7260281981550166e-06,2.9349548476490437e-06,8.284679053729188e-06,0.9644224971897348,0.0013568885387518234,0.0007615938662672441,0.03344607474314645
10,mlp,12398,3,3,7.217300061599535e-07,1.9826673368669007e-06,7.3547057745593315e-06,0.9721563941707743,0.0004629717828851294,0.0030552084695369516,0.02431536647368628
10,mlp,11472,3,3,7.31979570679906e-08,8.871104825800517e-07,1.5124472706690966e-06,0.9918587111240521,0.00021901133793834717,0.00043043331898292675,0.007489371463316191
10,mlp,13276,3,6,2.179867686026401e-05,5.13477781755761e-06,5.973449634335759e-05,0.43995261051875045,0.01449602277448386,0.0013203611889638666,0.5441443375667806
10,mlp,7311,4,4,0.00025015515415483306,9.690696180117515e-08,0.003334250766310684,2.257729224402494e-08,0.9963956326773108,5.344331309054216e-06,1.4497586660643788e-05
10,mlp,3630,1,1,1.2580970556314837e-06,0.999998550282788,1.9161866160868008e-07,4.6001720797007036e-27,1.3115765560246316e-12,1.8324452482266396e-13,6.755231419186695e-23
10,mlp,13372,3,6,1.6647127996386038e-05,6.146162034334316e-06,2.9607254873280544e-05,0.4117405189849647,0.08435378286364517,0.0004113677794692776,0.5034419298270169
10,mlp,5173,2,2,0.0007843777115018537,1.0461269516962925e-05,0.9991314177417849,1.2184494612904567e-11,7.262709452192808e-05,8.695309381683984e-07,2.466395517015085e-07
10,mlp,9418,6,6,0.0261265782985519,6.740789951359023e-06,0.0013202143410656923,0.0023488096806698728,0.003259506538811663,0.00433006366062667,0.9626080866903228
10,mlp,4489,2,2,6.977837544709208e-05,1.6047305825871379e-06,0.9998004534162591,1.3395543146781045e-10,0.00012142548079722745,2.0253259822916863e-06,4.712536976180625e-06
10,mlp,1848,5,5,5.819790074393616e-05,5.368308871607933e-06,8.142412940542918e-06,9.33287759099979e-06,2.003316289974982e-06,0.9998896052103313,2.734997323142881e-05
10,mlp,5002,2,2,0.004147162758619384,7.91286806045533e-06,0.9955688654050578,3.709366255043303e-11,0.00026583141691219645,9.780268534102296e-06,4.472457222192369e-07
10,mlp,11378,3,3,2.2523684255857176e-08,5.422844758321872e-07,5.124395726203312e-07,0.9987677231658039,0.00014664538537621406,0.00018374757572220402,0.0009008066253647467
10,mlp,11375,3,3,7.060517764787416e-08,6.505071542019498e-07,4.596464089915601e-07,0.9971186345425821,0.0004535278002624848,7.337178294292066e-05,0.002353285115471471
10,mlp,10969,3,3,4.9196990724018555e-08,7.314997377689061e-07,3.4932555373214366e-07,0.9977360424954554,8.700167367007926e-05,0.0002541285750949266,0.0019216972334972567
10,mlp,12877,3,3,0.0003358432952115409,7.927426502328252e-06,2.736021841899574e-05,0.5106177188210564,0.005767151475263151,0.0006356406107697731,0.4826083581527778
10,mlp,3870,1,1,8.448992548378337e-12,0.9999999999385931,5.295796518418924e-11,6.843252465323224e-39,4.650963706967701e-17,4.246122809205479e-22,1.3782592949492647e-34
10,mlp,12316,3,3,9.634431834857092e-07,3.2933394693521334e-06,1.5962129914861436e-06,0.9711608787724325,0.008989592326723174,9.760353262321544e-05,0.01974607237257674
10,mlp,3518,1,1,4.947198679031153e-07,0.9998994051394253,0.00010010007571599434,2.1007161011273362e-24,6.385747127033104e-11,1.133179013931177e-12,3.4280111153016505e-21
10,mlp,8480,6,6,5.373400336712717e-05,1.1824994872244732e-05,0.0005905766289188304,0.07959291304272906,0.013735613825903829,0.020467479140829616,0.8855478583633792
10,mlp,10879,3,3,7.17076556053603e-08,6.033718274475856e-07,2.564756294845675e-07,0.9981289712593233,0.0002328992004565532,4.8149604948429494e-05,0.0015890483801592318
10,mlp,11188,3,3,8.795315873606667e-09,3.643929312681807e-07,3.7442960666306263e-07,0.9989148865514093,0.00010425260870797535,0.00025723065315666726,0.0007228825688722155
10,mlp,6751,4,4,0.003893249000373496,4.35493518319923e-09,1.5128445342910398e-06,1.48299885809501e-06,0.9960468781395554,2.1749710278657763e-05,3.5122951464739224e-05
10,mlp,9215,6,6,4.519236810845275e-05,1.7199696936291281e-06,0.0010075436226028248,0.0004003773696099276,0.23470796173504072,0.00019566077819440007,0.76364154415675
10,mlp,2589,0,0,0.9999664257649893,1.076767665935206e-06,5.80181238108693e-06,1.0309194839735399e-09,8.603591508522561e-07,2.576968491176922e-05,6.457998158635641e-08
10,mlp,5151,2,2,0.2342881009208767,0.0063004547280626185,0.7592911420503277,2.7269216588631833e-10,5.060694004524504e-05,6.870197646238382e-05,9.931115333261635e-07
10,mlp,2273,0,0,0.9797570199993851,2.4385840104208975e-06,0.015000525915920673,8.16472686050037e-07,0.002033407357513332,0.0005307024753116164,0.0026750891951726314
10,mlp,4013,2,2,0.01589041342999521,4.071142556657341e-06,0.9626187776648177,3.2262613814803483e-07,0.017019212048998627,0.00021636631260313973,0.004250836774890617
10,mlp,11844,3,3,1.3612240731970908e-08,6.990543530922676e-07,1.5713594133826564e-06,0.989484670071653,8.522948700285056e-05,0.009034242153421374,0.0013935742619155006
10,mlp,10029,3,3,7.021578612626135e-11,1.1177987173881934e-08,2.6080157690858693e-09,0.999962138902405,5.651859981461574e-06,2.716045000588963e-06,2.9479336394079537e-05
10,mlp,3889,2,0,0.77546627578246,2.1694916445507284e-05,0.06725339229769509,2.7421589277427758e-05,0.007882501414967729,0.006594281805271859,0.14275443219388265
10,mlp,6983,4,4,2.4673817351553002e-05,2.5916260219162265e-10,1.7498746681273158e-07,2.93007809126399e-08,0.9999732189161418,7.332293780208707e-07,1.1694897182563488e-06
10,mlp,7679,6,3,2.7029126562344936e-06,2.7048870870081806e-06,5.045401307236938e-05,0.7580369679186767,0.0017350846519086783,0.006877583554581877,0.23329450206201707
10,mlp,9675,6,6,0.0028384919127548195,1.0961446705394689e-05,0.006593845659656018,0.0004905321668471739,0.0013218385705385963,0.02472832642136539,0.9640160038221326
10,mlp,7555,6,3,0.0010512498487766253,1.6774858054913576e-05,3.914223546098387e-05,0.5161700938513142,0.006014217135301923,0.003155566278029719,0.4735529557930616
10,mlp,13445,3,6,5.9194238180810506e-05,9.659612592785941e-06,0.00021982047870236054,0.4427635037448839,0.0034787412393994534,0.013347509878350063,0.5401215708078907
10,mlp,3858,1,1,9.998885679395707e-11,0.9999999998144775,8.553333109297996e-11,1.8634955428591578e-35,3.232396949397707e-16,1.9410109864576516e-19,3.316707480532635e-31
10,mlp,448,5,5,1.9578149221828188e-07,2.749963025452793e-06,5.726368825751296e-07,0.000567173328612008,8.962364608533533e-07,0.9994094825601013,1.8929493425587e-05
10,mlp,871,5,5,7.947134413973557e-07,6.282321165615396e-06,5.885074266602558e-06,0.0022621647543980676,5.472999861835403e-06,0.9974379107450382,0.0002814893918283816
10,mlp,9818,6,6,0.0031589967815396428,2.496796218016724e-06,0.0079221103983614,0.00020151815374738806,0.006204210537924391,0.0021741600956112876,0.9803365072365978
10,mlp,5279,2,2,0.00938541938007198,0.00029151865283846487,0.9903002453709715,1.1072571069962356e-11,1.5177882358211594e-05,7.414579004762714e-06,2.24123682550432e-07
10,mlp,5376,2,2,0.0016287000662827526,7.075481989429152e-05,0.998265713115964,1.4885348700523673e-12,3.3864880068944274e-05,9.327019001488176e-07,3.441440141875535e-08
10,mlp,412,5,3,1.7415456268357462e-05,3.964286409471266e-05,8.493332188096704e-05,0.7159461933975076,0.0007264297134331753,0.23237750852479086,0.05080787672202419
10,mlp,6508,4,4,3.4992119440214757e-07,1.1623119074041582e-07,2.0516975394387446e-05,2.5299977332939743e-06,0.9990466175609349,7.357911605439589e-06,0.0009225114019465113
10,mlp,597,5,5,2.2817899636963748e-08,5.54181985672841e-07,7.835795000949189e-08,2.6167169245872862e-05,7.294380350086365e-08,0.999971891197711,1.2133314043144109e-06
10,mlp,8365,6,6,0.0007279647203552565,2.4141498577669525e-05,0.0006406229942036928,0.056749752131471494,0.0033514960871387505,0.016355981993904176,0.9221500405743489
10,mlp,5699,4,4,4.2940673261959056e-11,2.9906919511361425e-10,8.093791283749064e-08,1.202731779817134e-06,0.9998633032020566,1.883463550277261e-08,0.00013539395160541817
10,mlp,192,5,5,1.3671810443799674e-08,1.5333909007172328e-06,1.2544209676266852e-07,0.0002847487958450721,2.506334233038831e-07,0.9997099904547422,3.3376111814482298e-06
10,mlp,9803,6,6,0.024178508881297116,9.529550116760631e-06,0.006294161888153989,0.0009106816857520904,0.005517707773426802,0.0013126979772220169,0.9617767122440313
10,mlp,3845,1,1,1.0978438408678907e-09,0.9999993263939247,6.725058567568043e-07,1.7109005778385919e-31,2.3747080441175856e-12,2.7131934187705716e-18,3.6820915040158636e-28
10,mlp,6381,4,4,1.8283863609419057e-06,1.4918113563915323e-07,9.002485784797926e-05,3.3887597012485537e-06,0.9964511367088542,8.19995874792315e-06,0.0034452721473517875
10,mlp,5562,4,6,2.590660511827032e-05,1.1574541659820746e-06,3.381669648698767e-05,0.06035659999240339,0.031099086828655115,0.00014514979574414266,0.9083382826274261
10,mlp,1018,5,5,2.3832517195811016e-08,9.131282875814977e-07,1.0027864333073824e-07,3.381978969414295e-06,4.3295983103996406e-08,0.999995068479704,4.6900589542167336e-07
10,mlp,218,5,5,1.2435985174307683e-09,3.962927366751598e-07,2.0913903623168287e-08,1.369446228413947e-05,1.9678057002832294e-08,0.999985668058931,1.9935048910907418e-07
10,mlp,6891,4,4,0.0001520479406846207,4.819273434615594e-06,0.04803350143623319,1.378403645104234e-05,0.9210859459114606,0.0013509514441422856,0.029358949957593614
10,mlp,11564,3,3,6.326020006765432e-07,1.750109902835845e-06,9.520576208372811e-07,0.9932086446761809,0.0006919655050834824,0.00010054832966111182,0.00599550671955022
10,mlp,594,5,5,1.8918217028085197e-07,6.168444724338341e-06,4.369152644421303e-06,0.021006545268861983,1.980337998614814e-05,0.9773751469389593,0.001587777632653614
10,mlp,12061,3,3,1.4033394567746e-06,2.9086475345179444e-06,3.2100834097254154e-06,0.9830591360665342,0.0015486474495276046,0.00022620989452943032,0.015158484519007712
10,mlp,12274,3,3,1.4438935643222715e-07,1.512062731448419e-06,3.7959400776316523e-06,0.9936599886351604,0.0004037174690203226,0.0009830738734377636,0.004947767630215753
10,mlp,13196,3,6,7.764089006755964e-05,1.4536035924522181e-05,0.00018975268405076165,0.4751077442206479,0.0032470702061719796,0.012584377646084317,0.508778878317053
10,mlp,386,5,5,1.6141154845033673e-08,8.734413157822513e-07,7.473821067217161e-08,3.3267395323606314e-05,7.396533463206089e-08,0.9999646780658686,1.0162527917596825e-06
10,mlp,11003,3,3,2.088362252913177e-08,3.255710710136586e-07,1.941612207190684e-07,0.999143310999455,0.00021771694259426736,5.564266382209251e-05,0.0005827887782144953
10,mlp,8580,6,6,0.0009718903663763838,2.8461338226616626e-06,0.00019593454532978652,0.011712513988776806,0.002070785500027764,0.00222032694210117,0.9828257025235655
10,mlp,11584,3,3,6.500259917863226e-09,4.983286398518883e-07,9.296296284741969e-07,0.9969009622972625,8.976007473591665e-05,0.0019677869961228114,0.0010400561733505246
10,mlp,4810,2,2,0.007934585508138269,0.0002726161577323858,0.9916950480122195,3.103934228993381e-10,2.5219759850268986e-05,6.963383032733138e-05,2.8964213388056016e-06
10,mlp,13531,3,5,3.9857115704491494e-05,8.029117694126304e-05,0.0005083216180353875,0.06718899394615115,0.0005882344606618795,0.898514483971027,0.033079817711478963
10,mlp,11754,3,3,5.482337230010941e-08,8.442129209860332e-07,1.996643569377627e-06,0.9921819303481614,0.00014730311933473065,0.002200128522551778,0.005467742330089473
10,mlp,7857,6,6,5.0527141432495e-05,3.4917433484509778e-06,3.0245798097217125e-05,0.13640790712893028,0.07138281665945773,0.0004470191452661597,0.7916779923834677
10,mlp,13253,3,3,4.4700142305593364e-05,1.656863883453099e-05,0.0001724028184192526,0.5705878773180976,0.0017019243550892044,0.10740493646450085,0.320071590262753
10,mlp,6691,4,4,3.067109584592872e-08,9.668786483069618e-08,5.6348944084838195e-05,4.5795191128825504e-07,0.999776100454657,4.0244154867329575e-06,0.00016294087489938515
10,mlp,8118,6,6,0.0002688761301024076,8.58007103661101e-06,0.0002467910580225696,0.14853887692295784,0.003362554003545753,0.01224104902784788,0.835333272786487
10,mlp,9880,6,6,0.0017982978768553651,3.2539363377014346e-06,0.005530833827981318,0.00012540211981431428,0.04194249216811997,0.0006673252227944493,0.949932394848097
10,mlp,1349,5,5,9.504896240742421e-07,1.2082258037683122e-05,2.9280209235675326e-05,0.0021224435117440286,1.2757720579297413e-05,0.9971578154744443,0.0006646703363350104
10,mlp,3363,1,1,0.0004078669107029422,0.9968070210119125,0.002785079837404478,2.7992849556812768e-19,2.9738706635198188e-08,2.501271643689147e-09,1.7331183763584638e-15
10,mlp,10814,3,3,2.074662497910967e-09,2.5550719483758665e-07,1.8928734765574367e-07,0.9987218434545893,3.556249659632234e-05,0.0006323038546595303,0.0006098433249500438
10,mlp,1232,5,5,6.383625772334243e-08,2.944275319852966e-06,1.6488494172273743e-06,7.64183758691676e-05,5.271008133992889e-07,0.999894794447238,2.3603115084693187e-05
10,mlp,2827,0,0,0.9841189088673477,7.792109334017447e-07,0.01212457347193283,2.551619128184048e-08,0.003728272713292663,1.268981139306657e-05,1.4750408909055026e-05
10,mlp,6483,4,4,8.397647610512574e-05,1.5707715019699634e-06,0.002401875715088436,3.1001200822371106e-05,0.9836944722968748,0.00011618347918285676,0.0136709200604244
10,mlp,4832,2,2,0.003857267177973951,5.5158982417709035e-05,0.99600942149462,1.886967523669383e-10,3.093458110815981e-05,4.318901933947547e-05,4.028555843949657e-06
10,mlp,2635,0,0,0.9999739027579755,3.2702333247021715e-08,8.500696670079147e-06,2.715173567685038e-09,8.274445612798335e-06,8.188262942992866e-06,1.0984192918477706e-06
10,mlp,8830,6,6,0.00032422732765744746,4.61053653892139e-06,0.0005895012357592602,0.005264205989619601,0.0015768767817269452,0.02160752387738823,0.9706330542513096
10,mlp,1448,5,5,2.0060411103255576e-07,6.652269185908265e-07,2.995755889012333e-07,3.7581441447414068e-06,1.1313531660509037e-07,0.9999929101980555,2.0531158647502944e-06
10,mlp,11824,3,3,2.155603096830705e-08,3.999438265325255e-07,4.718394345750439e-07,0.9972861285895454,0.0010472839101930218,0.00015022311590949105,0.001515471045059845
10,mlp,11267,3,3,6.958647381133222e-08,5.477404592846678e-07,5.892054743892104e-07,0.9903883435078351,0.00040703541773882485,6.0148506921943936e-05,0.009143266035096386
10,mlp,4381,2,2,0.005308466683629447,4.122717488765017e-06,0.9912458790071731,2.895418346710077e-09,0.003361670926515013,5.486670665148649e-05,2.4991063123781005e-05
10,mlp,10171,3,3,4.06693481815614e-10,3.134607919987421e-08,4.0621863484098545e-09,0.9993557117080658,0.0005591252826478875,7.508916353657155e-07,8.437630269199185e-05
10,mlp,3072,0,0,0.5584603929063089,0.00012344801975140067,0.44106096201780126,1.4332141246800314e-09,0.00022106093139804642,0.00010545347515384316,2.8681216372367054e-05
10,mlp,1725,5,5,0.1107823112816007,3.26931788971687e-05,1.653326579497771e-05,0.00037539251244070554,9.53039586552902e-05,0.8868496648440245,0.0018481009585865611
10,mlp,1730,5,5,1.6789507070489667e-06,3.546820755404781e-06,2.6368817072337772e-06,6.355822303208494e-06,5.485466520824103e-07,0.9999764102180316,8.822759843345583e-06
10,mlp,1840,5,5,4.177923049293649e-06,1.9293968924082667e-05,6.406754687143015e-05,5.047538866166034e-05,5.028834268998864e-06,0.9995003020539242,0.00035665428430022565
10,mlp,4429,2,2,0.0005537120508744608,3.103565191477666e-06,0.9989959950853383,1.1835710054271589e-09,0.0003886474134554845,1.427793997988012e-05,4.4262761589284324e-05
10,mlp,2659,0,2,0.09142131745544668,2.6117316973285243e-05,0.8944858852148533,8.45910421718931e-08,0.0070387519178881745,0.0011033742338736512,0.0059244692699227915
10,mlp,12838,3,3,8.612127006480748e-07,1.3607119312505256e-06,7.17187881526322e-06,0.9458006765157565,0.0017205563591113956,0.0010311721663792542,0.051438201155305646
10,mlp,7943,6,6,0.00050646623199409,1.1160204678654166e-05,0.00016691093647278326,0.15791746090765033,0.003428369866146259,0.008004782058578772,0.829964849794479
10,mlp,8176,6,6,0.00013171388096237726,1.5511487928627264e-06,7.645791148517586e-05,0.020847042189985527,0.002392249333780469,0.00039570956866242135,0.9761552759663312
10,mlp,9118,6,6,0.00023476662572167073,3.414677019870199e-06,0.0007940781243370896,0.0027716309474111536,0.0017350425809627482,0.007072119246044928,0.9873889477985025
10,mlp,2673,0,0,0.9993424964008824,9.952537180705609e-07,0.000617337550479824,2.2377722039214008e-09,9.679153252460715e-06,2.442354608456613e-05,5.065857810464418e-06
10,mlp,7825,6,6,4.396131976496293e-05,1.3215185817979437e-06,3.55020838749616e-05,0.06823850178395517,0.014538819618031792,0.00025853198940094393,0.9168833616863905
10,mlp,12292,3,3,3.573459603502946e-07,1.5920098279811013e-06,5.6406045714870655e-06,0.9829413452662595,0.0007502193213835112,0.0008647737283081685,0.01543607172368889
10,mlp,7986,6,6,0.00015507107697623727,6.947018080313796e-06,7.348004700384544e-05,0.14809557785161376,0.08221857246807204,0.0013287962479635756,0.7681215552902902
10,mlp,11033,3,3,6.204502555653357e-08,6.244487033751761e-07,2.7256274583043e-07,0.9980572381205054,0.00023409372770786843,3.828151111594397e-05,0.0016694275841958287
10,mlp,4756,2,2,0.0014858823709931858,5.830541180525068e-06,0.9983394129914035,2.0283327845198403e-10,0.00015956303759103084,4.996813772807484e-06,4.314042225982118e-06
10,mlp,5595,4,4,2.700669230083596e-10,8.468354730523852e-09,2.0929912786175342e-08,0.0005115032546958413,0.9991880375599476,5.094252196441689e-07,0.0002999200918023575
10,mlp,2193,0,4,0.36123260676631375,3.630714043644546e-06,0.014290400160684799,2.5683370615610465e-05,0.6136801319419831,0.0009268878058458202,0.009840659240513278
10,mlp,10480,3,3,6.142892602781102e-09,1.517184154558405e-07,4.959443255223457e-08,0.999511743217293,9.170213122029302e-05,9.837756677951284e-06,0.0003865094390681258
10,mlp,12206,3,3,8.932036464971305e-07,5.8553165031577666e-06,1.7190195949713757e-05,0.9502840182398105,0.0003768089071114519,0.020986890034719,0.028328344102259873
10,mlp,5264,2,2,7.220846145999352e-05,4.028444352583425e-06,0.9998185977703603,2.598877841158112e-12,0.00010480016604523775,2.8446496353744574e-07,8.069021955500284e-08
10,mlp,12254,3,3,9.169979385496575e-08,1.6883018671798015e-06,4.293641551100026e-06,0.9939750862331435,0.0003506519839061008,0.002883588987435469,0.0027845991523027113
10,mlp,8787,6,6,0.0001275654179250262,3.5635438811502913e-06,0.00024012001151006506,0.019506342759921875,0.00629568468812082,0.007885441793370883,0.9659412817852702
10,mlp,9640,6,6,0.00023719811417927594,7.16189750026698e-07,0.000941813768010881,0.0001937875532565685,0.001348135800105857,0.0005649482721039666,0.9967134003025935
10,mlp,252,5,5,4.3256622578439246e-07,4.5183359131404307e-07,2.4943778501047815e-08,2.80007107620678e-05,7.199055741319143e-08,0.9999703737293704,6.442257145663039e-07
10,mlp,440,5,5,5.82187562923691e-09,7.224393713803216e-08,1.4366316393576505e-09,2.3786014132242748e-07,1.7800199954768753e-09,0.9999996743215428,6.5358515831571324e-09
10,mlp,9906,6,6,0.006926440199574306,5.2930167981135525e-06,0.01830002645353709,8.67007301706439e-05,0.02193107042891746,0.000949467055351281,0.9518010021156511
10,mlp,4785,2,2,0.00018767625237129258,3.9288084321360924e-06,0.9997782027631906,3.305897332575439e-11,2.8262511183312698e-05,1.1909580650910564e-06,7.386736987794246e-07
10,mlp,10197,3,3,4.155469774978814e-09,7.048444119875221e-08,1.4519465605298296e-08,0.9996700837002918,4.560731165197099e-05,3.996820531221638e-06,0.0002802230081483949
10,mlp,4708,2,2,0.003716187421768237,5.418552703313806e-06,0.9955790485532345,6.496406731296041e-10,0.0006553670359449155,1.533563830058039e-05,2.8642148407846136e-05
10,mlp,9789,6,6,0.00787963076947317,3.681395816386478e-06,0.008277026453769147,8.718018265770659e-05,0.003269579422458016,0.0015556311253565245,0.978927270650469
10,mlp,9186,6,0,0.6987393649519527,1.3349972347021144e-05,0.0009719046336748979,0.011165961146035243,0.012680396706179185,0.019774386551183756,0.25665463603862726
10,mlp,7639,6,6,0.0005542336351440615,5.8587368018057734e-06,4.405193087309476e-05,0.17847077060409725,0.0061028151183882004,0.001669146883110258,0.8131531230915854
10,mlp,603,5,5,3.6382735589995824e-09,8.349481627619775e-08,3.846476532875745e-09,2.665114232314173e-07,2.055207149787907e-09,0.9999996300903999,1.0363403142430953e-08
10,mlp,3972,2,2,0.07295206983755367,1.1207462289803643e-05,0.8296702212222034,2.748372172868273e-06,0.08318551626020153,0.0007208762504817983,0.01345736059509693
10,mlp,7187,4,4,3.650861875614652e-06,2.3880031035809727e-07,0.003865968374620857,4.983936868697889e-08,0.9959873130527034,3.1509042016417326e-06,0.00013962816691935633
10,mlp,13333,3,3,1.2678176925759028e-05,7.9234967539205e-06,7.026438986098767e-05,0.859751099438328,0.0042962891758387915,0.004274535810336363,0.1315872095119564
10,mlp,938,5,5,9.564109239177044e-08,4.1377808239128466e-06,3.3018856057502796e-06,0.0009867377846884081,2.1874035345209595e-06,0.9989236397357597,7.989976849533574e-05
10,mlp,10439,3,3,3.227485309086713e-09,1.666461157903614e-07,6.403398401022411e-08,0.9996239428196595,3.840151566347431e-05,4.268620090049851e-05,0.0002947355561912829
10,mlp,5013,2,2,0.00010715282730184894,1.692166327536702e-05,0.9998174881122803,1.0834173129430267e-11,5.7707766161716076e-05,5.514000310094818e-07,1.7822011546568104e-07
10,mlp,1417,5,5,6.123639566739161e-06,1.1380017682246944e-05,8.095063958088648e-05,0.008839699322882016,5.451277244308738e-05,0.9845511426025182,0.006456191005326873
10,mlp,13379,3,3,1.6211726205661464e-05,1.1168426858117821e-05,0.00019755731373584512,0.7346380180167402,0.0036442505820450093,0.02302013900100162,0.2384726549334136
10,mlp,1535,5,5,2.6316461282009845e-07,4.173054264438884e-06,8.298149848895214e-06,0.00012264306014601084,1.2851721118638158e-06,0.9997928898469661,7.044755204982206e-05
10,mlp,3814,1,1,1.2255562195716862e-08,0.9999999819540647,5.790336965893474e-09,2.055187223707477e-31,3.613394058783918e-14,7.672848887235735e-17,3.1570798198509117e-27
10,mlp,5261,2,2,0.00585273030576115,1.0003422657924146e-05,0.9737929314144484,1.1627362164791115e-10,0.020340237499308595,2.3237381248729887e-06,1.7735034255071818e-06
10,mlp,11475,3,3,1.3760910024958135e-08,6.183659258904856e-07,9.468519576078013e-07,0.9950100275686201,9.702380006987095e-05,0.0017351529545255016,0.0031562166979908495
10,mlp,5140,2,2,4.03574786575248e-05,1.889612512198669e-06,0.9989486761180135,1.3472725699074796e-11,0.0010076220345603469,1.0819834471025278e-06,3.727593364934113e-07
10,mlp,10536,3,3,1.6528196197523514e-08,2.2818207149174274e-07,6.805591570853297e-08,0.999093945378982,7.760361889000829e-05,5.932075179659601e-05,0.0007688174841479302
10,mlp,13217,3,3,3.249937179463883e-05,9.594498236938768e-06,5.3414592067354894e-05,0.7169204034666639,0.00788935087023546,0.0015988354115371234,0.27349590178946454
10,mlp,11032,3,3,6.46840411774214e-08,7.675905777857062e-07,1.0557332997397634e-07,0.9952770748663512,0.00012391785712552623,0.00034761033045537995,0.004250459098118861
10,mlp,738,5,5,8.721635863047712e-08,4.2566937897001766e-06,1.1180338174384847e-06,0.0002417623112531695,7.033789704653773e-07,0.9997332249248844,1.884744092608622e-05
10,mlp,3265,0,0,0.9999887330102006,4.273577838255061e-06,5.965635059039266e-06,6.325567268194075e-13,5.9547726130015154e-08,9.680144689547555e-07,2.1407440286894425e-10
10,mlp,10517,3,3,1.0829691637157124e-08,2.854484075303616e-07,8.86317798103182e-08,0.9991631063178503,4.549167319283498e-05,0.00012025420220758301,0.0006707628968701606
10,mlp,2583,0,0,0.9996847536498324,3.1004950553715495e-07,0.0002928276978088243,5.015188905714264e-09,1.4229493374128128e-05,5.213399190531549e-06,2.660695099408997e-06
10,mlp,1446,5,5,8.305600852143314e-06,3.865697796890704e-06,2.6605889890795205e-06,4.802584098456038e-05,1.2540623754081223e-06,0.9999059421489173,2.9946060084776494e-05
10,mlp,13027,3,3,2.0136480427055595e-06,3.0108551992870443e-06,2.081024833482278e-05,0.9511308181062597,0.0020166223111314544,0.0033554538812305564,0.04347127094980144
10,mlp,2822,0,2,0.016961464443694535,6.742481486790034e-06,0.982503646070343,2.858829038931612e-09,0.00039155598891251424,3.7400390819777624e-05,9.918776591431421e-05
10,mlp,7075,4,4,0.0012847423516606073,1.8069191312982315e-05,0.45003747633413554,2.2517007455511504e-06,0.49068440641389005,0.0007159894980450999,0.05725706451021014
10,mlp,5929,4,4,1.3493231191090426e-10,5.41613969862422e-11,7.487351783989715e-09,1.0723937353954012e-07,0.9999946074369781,1.0554629688701608e-08,5.267092572890405e-06
10,mlp,13426,3,3,2.0988258950298585e-05,9.166782456978074e-06,0.00020945508553869485,0.5799788004292462,0.002149536432704482,0.09863917126256633,0.318992881748537
10,mlp,8273,6,6,6.667256146425016e-05,3.0440867098358934e-06,0.00017576741582412596,0.0459632437532478,0.0030620475724835385,0.0018012432264269058,0.9489279813838435
10,mlp,2536,0,0,0.6857277662713143,6.120444534794497e-06,0.3107085284271183,1.8903539793322682e-07,0.0028959831828901353,0.0001552147775755261,0.0005061978611688567
10,mlp,2227,0,0,0.9747786400476937,1.9636030667738426e-06,0.018789362798297453,3.522944736900671e-06,0.003722778747355842,0.0004338093723239675,0.002269922486525391
10,mlp,2529,0,0,0.9995707753515128,5.101634496268219e-07,0.00039969583420276946,4.51610745343248e-09,8.883437505931226e-06,1.3839968268516597e-05,6.290728952884157e-06
10,mlp,10112,3,3,2.1917046955073224e-09,3.999736817288123e-08,6.60909172785762e-09,0.9997236176237347,2.308327537737783e-05,5.657906701404392e-06,0.0002475923960217534
10,mlp,5391,2,2,0.00095381655269747,7.843967566586539e-05,0.9989510034673332,6.492212087758638e-13,1.633765163335561e-05,3.881478198682324e-07,1.4504200741808866e-08
10,mlp,11875,3,3,2.4218157695868333e-08,1.3733317150984877e-06,2.4643454117178574e-06,0.9724504056199085,0.00010889709623394777,0.023567202829265332,0.0038696325593076757
10,mlp,5784,4,4,5.573738152587031e-07,2.0648621354173688e-07,4.75018369030199e-05,6.440939226622758e-05,0.9949495921825757,8.625510198382934e-06,0.0049291072180277845
10,mlp,2803,0,0,0.999787588271324,2.475803121166763e-08,2.737081853754492e-05,2.980280996309979e-09,0.00017554820640721988,6.2644845585774935e-06,3.200480860473533e-06
10,mlp,9910,6,6,0.012931201917938418,7.064001767926319e-06,0.010634518078451331,0.00015152818492748265,0.003386862080486757,0.015192533861247961,0.95769629187518
10,mlp,10628,3,3,9.957519164728934e-09,4.0903558491142475e-07,1.6981417093646723e-07,0.998936311541656,5.533799413147677e-05,6.20962967376885e-05,0.00094566536019988
10,mlp,12007,3,3,9.963160639003068e-08,8.360596250192238e-07,1.2887394574715207e-06,0.9943892423020676,0.0006751125922000153,0.00020944511431955407,0.004723975560724246
10,mlp,10467,3,3,2.696916134691323e-08,1.7013502899511347e-07,5.138092367457846e-08,0.9985719071014094,0.00018091778663899285,9.480096061750249e-06,0.0012374465307756423
10,mlp,10345,3,3,1.9027431518977025e-10,4.094659247140984e-08,2.127094042731565e-08,0.9998930682719049,1.4001017370194408e-05,4.7581213832545316e-05,4.528708908509863e-05
10,mlp,7263,4,4,5.867852246055758e-10,2.532531796208846e-10,4.43223008316564e-07,3.34303934006963e-10,0.9999979728897954,6.392864985831187e-09,1.576319988765025e-06
10,mlp,4315,2,2,0.004909949891644105,6.259499823383122e-06,0.994908572682852,2.1487580264938536e-09,0.00011382655527452573,1.8068380865522812e-05,4.332084078258209e-05
10,mlp,2228,0,0,0.9986628115081555,6.918403932991708e-06,0.0003519170434223507,2.525716240887825e-07,1.8261530226674626e-05,0.0009133425559122306,4.649638672601769e-05
10,mlp,13246,3,3,3.366220216129198e-05,1.2227715748645682e-05,5.110959270238017e-05,0.7999589115750367,0.008269491230160821,0.0015513515292786683,0.1901232461549115
10,mlp,11086,3,3,1.2415071858538e-08,1.9368078338269058e-07,8.686091848255072e-08,0.9992964134467629,0.0002798365417018505,2.2493450451767296e-05,0.00040096360430948836
10,mlp,8101,6,6,0.00017885940425987006,2.5506562358391362e-06,0.00010926379926670343,0.027480719353543737,0.0019207060934762052,0.0007126528436680561,0.9695952478495496
10,mlp,971,5,5,8.727170862143652e-06,4.210119371215681e-05,0.000146881071932361,0.14350668800168603,0.0002867219531586119,0.838446698945032,0.017562181663616713
10,mlp,7865,6,6,1.1667198578449229e-05,5.204961917320211e-07,2.5495234209019806e-05,0.017252011628224463,0.06035389301972498,7.75829795881024e-05,0.9222788294434833
10,mlp,13250,3,3,0.0008372775281396815,3.6623279714249225e-05,0.0002070342498791572,0.5015103056073522,0.004640867234528868,0.015148429035294684,0.4776194630650912
10,mlp,8636,6,6,9.887316736770147e-05,1.9800149603123156e-06,0.00021637945742518667,0.009513400030611012,0.002168273296076116,0.001425970546174213,0.9865751234873854
10,mlp,3491,1,1,4.21084184674529e-06,0.9998484465524585,0.00014734195899948393,1.4068316034806916e-23,6.417043940082398e-10,4.990841665974707e-12,1.2280863778060596e-19
10,mlp,2984,0,0,0.9410289010151738,1.642355510757274e-05,0.05862036446001562,2.721386672461995e-09,0.0002646984591413932,5.119144877365616e-05,1.8418340401381218e-05
10,mlp,6564,4,4,8.222627708441488e-06,1.402405759793886e-06,0.0016381565174039404,6.6531030957693556e-06,0.9891688846112402,8.238122285759735e-05,0.009094299511934198
10,mlp,6454,4,4,2.691882304057859e-09,1.8626307686723378e-09,7.081315146974255e-07,5.161113754280694e-08,0.9999772883109297,6.119631286555e-08,2.18861955922027e-05
10,mlp,7341,4,4,1.5410803756393873e-06,2.2118577930576573e-08,0.0001143585032390965,5.220584963625113e-09,0.9998434455452506,5.666065415388008e-07,4.0060925430106725e-05
10,mlp,9978,6,6,0.0199623945328622,4.0523498240883485e-05,0.1824416419265503,0.00022898912506400313,0.020263845421214382,0.21340071060737242,0.5636618948886958
10,mlp,13168,3,3,1.659688190147685e-05,6.351054563187844e-06,0.00011977870166619829,0.5483814086871699,0.002416061870961311,0.007080620546628203,0.4419791822571098
10,mlp,4839,2,2,0.0033833594477663907,1.2939626995452457e-05,0.996438296996565,2.0917906987693032e-10,0.0001604934143519309,2.5756087603771693e-06,2.334696381591951e-06
10,mlp,10177,3,3,3.4744015996061868e-09,5.3480355956422717e-08,9.103318189705378e-09,0.9997787827678871,6.283556795906139e-05,1.5464527312283106e-06,0.00015676915334684964
10,mlp,12238,3,3,9.942174728495986e-05,9.186304358837832e-06,4.545479767405077e-06,0.9534501038697765,0.0012514394021024928,0.0020578078646163738,0.04312749533209356
10,mlp,4535,2,2,5.810409845063612e-05,1.4570618249867726e-06,0.9993183712734732,2.0719924251661863e-10,0.0006115598563515644,2.7271823898685064e-06,7.780320310381158e-06
10,mlp,1694,5,5,0.16414715610883213,0.00013080338128228987,8.690821251392412e-05,0.002241022478481481,0.00036993758178006415,0.8266210291968555,0.006403143040254622
10,mlp,12338,3,3,5.649803298307158e-07,2.2182995805976505e-06,7.30423167250131e-06,0.9774396104502476,0.0004900048945296479,0.0016513603191041124,0.02040893682453593
10,mlp,2981,0,0,0.9984827009870283,1.3524671522737992e-06,0.001476662866983527,1.1781660729218715e-09,3.551138611974968e-05,3.241307082755616e-06,5.298074672818975e-07
10,mlp,2184,0,0,0.9974008148880568,2.8359904796136156e-06,0.0018849394774426418,9.218701738452648e-07,0.00013451612719192485,0.0002079479053640315,0.0003680237412912609
10,mlp,4161,2,2,0.006430740347039508,4.632807987835351e-06,0.9923233550020172,1.6846272999167345e-08,0.0008966300597887613,4.60148769810992e-05,0.00029861005991273606
10,mlp,6359,4,4,0.0005681864714766876,2.183070600718173e-06,0.006849507804463188,4.925795709120575e-05,0.9629259452007969,0.00015620422277677016,0.02944871527279445
10,mlp,12417,3,3,3.0744984147342466e-06,2.87017200438564e-06,7.975573837414922e-06,0.9342261705123944,0.0020630008822364165,0.0005775770587446873,0.06311933130236791
10,mlp,8916,6,6,0.0004018164463485494,3.8488927595467425e-05,0.0023616546222006538,0.037738241296793325,0.0034487199934295845,0.1765035825973287,0.7795074961163038
10,mlp,5144,2,2,0.00014386769531521897,3.019409806651745e-06,0.999820308431165,3.853657709868863e-12,3.230125105176318e-05,3.849216360716878e-07,1.1828717151707567e-07
10,mlp,4947,2,2,0.00039064252583860326,9.301490267477688e-07,0.9990305208450798,3.5847402432241094e-11,0.0005750160518072397,2.503494435445674e-06,3.8689796491937716e-07
10,mlp,8033,6,6,0.0008797356449152642,7.112790042742779e-06,0.00012270211383597554,0.07691592988280528,0.0055054090796995934,0.0009605731479442827,0.9156085373407569
10,mlp,10386,3,3,1.1356843359505104e-08,1.2383657655155058e-07,2.803996189366669e-08,0.9994211841026107,9.332518189063482e-05,5.052836545602158e-06,0.0004802746455713654
10,mlp,12963,3,3,9.452898025335774e-06,5.119656910406546e-06,2.6031445279213148e-05,0.772031593048804,0.0018697539740319432,0.002211951334967848,0.2238460976419813
10,mlp,5914,4,4,3.4263798026342133e-12,1.3068249058253917e-10,1.58636814475804e-09,4.021638078027793e-07,0.9999947983187601,9.52492538937958e-09,4.788272029447197e-06
10,mlp,11821,3,3,1.5774983169471524e-07,9.167788201475563e-07,8.280540737347767e-07,0.9952353470567838,0.0013618070996733954,0.00011337066268899077,0.0032875725981281814
10,mlp,6333,4,4,6.479891439070036e-07,2.3040496427568715e-07,4.12992958514546e-05,5.155609483563806e-06,0.999142814404303,6.556465454830344e-06,0.0008032958307990716
10,mlp,6182,4,4,9.603507618142046e-05,4.622820761504982e-07,0.0004794428121051054,2.6748099619766055e-05,0.9971116806693425,3.644375750158658e-05,0.002249187303173417
10,mlp,313,5,5,1.2445861125795043e-08,2.5876316786944014e-06,1.4647842361695778e-06,0.007321161583547436,3.0117941712534092e-06,0.9926051586664303,6.6603094074875e-05
10,mlp,8617,6,6,0.000513863147629144,1.7532547458181338e-05,0.0010940817752147858,0.027846351307516056,0.003380231559791819,0.03514045386291805,0.932007485799472
10,mlp,1475,5,5,1.888063768905103e-06,2.0430997261487294e-05,7.286389288778964e-05,0.002796271799570336,2.9375130102670112e-05,0.9960528827846804,0.0010262873317285523
10,mlp,12621,3,3,3.134024695504894e-06,4.385865960971679e-06,6.021705706788699e-06,0.9738792908132865,0.002015672137783167,0.0004902914682570497,0.023601203984309985
10,mlp,8451,6,6,0.003855083663625086,2.800263181698728e-06,0.00018792699051842817,0.018559233990317194,0.004892727698276874,0.00047361548519625897,0.9720286119088843
10,mlp,9330,6,6,0.0001255624813829857,6.132805408248381e-07,0.0006054986308569331,0.0003853232363715715,0.0013133905749853805,0.0006851414639519761,0.9968844703319103
10,mlp,7239,4,4,8.054432580073437e-07,1.6274860626923027e-10,3.059404446494644e-07,1.9928299221815727e-09,0.9999986180474532,4.854109207275958e-08,2.1987217367975436e-07
10,mlp,34,5,5,1.1412128123826312e-10,1.4423441189494823e-07,4.674901808421028e-09,1.5768931444896655e-05,7.182374446369067e-09,0.9999839872707437,8.759200182310919e-08
10,mlp,12013,3,3,3.80062369275798e-07,1.8872046941920967e-06,5.048994463769981e-06,0.9790803735444856,0.00047128857876023553,0.0007915281485636893,0.019649493466663354
10,mlp,4324,2,2,0.0010581017586523763,5.033945360483914e-06,0.9967055926439058,4.327426007334946e-09,0.00205719122050277,2.8274042782453077e-05,0.00014580206137011824
10,mlp,12117,3,3,4.2977079564215944e-07,1.4672366469767694e-06,3.6978063044402123e-06,0.9656338398364291,0.002544944561653142,0.00021259314751155575,0.03160302764065889
10,mlp,11840,3,3,5.428349977687991e-08,9.908397494228734e-07,2.183707119894562e-06,0.9956506865981796,0.00018109556209334023,0.0013735107830126516,0.0027914782263454207
10,mlp,4914,2,2,9.76872211016102e-05,3.721024841392682e-06,0.9997605236832894,3.197832187656138e-11,0.00013625374088614795,1.046025852433948e-06,7.682720507729873e-07
10,mlp,4943,2,2,9.408299365568982e-05,2.192917618984705e-06,0.999752055842981,2.892711882257375e-11,0.00014975676609967962,1.0568643899017084e-06,8.545863276328236e-07
10,mlp,3071,0,0,0.999423784802415,1.1078952989773683e-05,0.0005383930920052362,1.0183047247459083e-10,1.8350328535629384e-06,2.474760041641322e-05,1.6041748977213313e-07
10,mlp,1419,5,5,1.0897214964775172e-05,2.7243462767616314e-05,0.00028987985163053817,0.13820983761467842,0.0006759823947333466,0.7807207661223045,0.0800653933389209
10,mlp,6675,4,4,0.011593432613005276,1.98280430722233e-05,0.2690168122313611,6.90716080062098e-05,0.4103497426508582,0.0034740569283037096,0.30547705592539315
10,mlp,5833,4,4,8.565464955996883e-08,1.8409365740185866e-08,2.0169652541951584e-06,3.651070594437356e-06,0.9999002479993779,1.0352679993176627e-06,9.294463275896423e-05
10,mlp,12215,3,3,2.8139202583039517e-06,2.5919648175136985e-06,3.825598789143868e-06,0.952696536483091,0.003499814269001542,0.00017670707142110684,0.04361771069262109
10,mlp,4954,2,2,0.0003883360404890224,4.316449044072768e-06,0.9995495316007692,2.884578025276455e-11,5.634163323535082e-05,1.052586124799235e-06,4.216614917794336e-07
10,mlp,10989,3,3,3.232515907518988e-09,2.3565256379587274e-07,2.419879956493548e-07,0.9991220516859243,6.712334895226666e-05,0.00027551593976949415,0.0005348281522786283
10,mlp,8001,6,6,0.00013779383372513227,4.980842705843977e-06,0.00012148957502586216,0.13219115921258257,0.021330627903006768,0.001959535691598176,0.8442544129413556
10,mlp,5526,4,4,1.4092398425047197e-09,1.4217413408179373e-07,6.226416169061141e-08,0.03610775672790362,0.9627112829542884,4.625996755169678e-06,0.001176128473517166
10,mlp,2923,0,0,0.999904463529786,8.239323390540761e-06,4.167123608100109e-05,1.616666005698367e-10,5.379439855451755e-07,4.501306527619279e-05,7.473981406654658e-08
10,mlp,6207,4,4,1.0624388154261489e-07,6.328421648320674e-08,1.4608182362342486e-05,5.442528304942602e-06,0.997408126790777,4.700684549218085e-06,0.002566952285908618
10,mlp,3722,1,1,3.661804514064207e-07,0.9999992586865432,3.7512852432446126e-07,8.95906352664671e-28,4.4758686054732425e-12,5.115563282367037e-15,9.342769084542093e-24
10,mlp,5380,2,2,1.9201894155094525e-05,2.979385889014054e-06,0.9908440235282014,1.4172149772996873e-12,0.009133537324168446,1.8752911873055752e-07,7.033704974450076e-08
10,mlp,1225,5,5,2.3544410188730465e-07,3.3009233061660304e-06,3.6166851878715734e-06,0.00018758668739126183,1.1048267382124702e-06,0.9997435307670883,6.062466618623231e-05
10,mlp,215,5,5,1.5176889919336255e-07,6.346795464918056e-06,1.558852656715147e-06,0.006181721199325131,4.08996277000869e-06,0.9937158944389348,9.02369819494346e-05
10,mlp,4387,2,2,0.004417320946518541,1.0817668590091818e-06,0.9784113845992046,2.3008769171180568e-09,0.01709120161035574,6.644147430767134e-05,1.2567301877452386e-05
10,mlp,10383,3,3,8.88756764592872e-08,3.4565895681858197e-07,4.78200647518584e-08,0.9992677112871854,8.584597918065765e-05,2.8020858633705653e-05,0.0006179395203020355
10,mlp,3360,1,1,0.0003556949498959272,0.9957966239601058,0.003847563139182629,4.767322707584909e-19,1.1563589022851059e-07,2.3149194672234897e-09,5.6437934071567926e-15
10,mlp,3623,1,1,9.89372460155894e-08,0.9999865418405971,1.3359133621425894e-05,3.683844482402413e-26,8.851778973695382e-11,1.7460732485892308e-14,1.4587826536452578e-22
10,mlp,7415,6,3,5.746151979313896e-07,2.1200595673385695e-06,6.415181002788283e-06,0.9860826186148246,0.0019560441748258765,0.000955676812215087,0.010996550542366668
10,mlp,1312,5,5,1.1547219231465474e-07,8.983684066076657e-07,2.1319566989883115e-07,2.9065823543996225e-06,6.434580983860834e-08,0.9999951374831033,6.645524637576371e-07
10,mlp,7049,4,4,9.958440701226833e-05,3.202059040031094e-07,0.009155224746534405,2.4029785266556926e-07,0.9796778332819096,7.960962724139746e-05,0.01098718743354575
10,mlp,3449,1,1,0.000958499365854692,0.9980976690538323,0.0009437219703763127,2.419853576707656e-21,1.0954866341465285e-07,6.12732845973888e-11,8.209330732020011e-17
10,mlp,3833,1,1,2.8033928779408126e-09,0.9999999965316202,6.649844310114055e-10,7.759295122657812e-33,2.4776451930971314e-15,2.0100340183989033e-17,1.2415025277685185e-28
10,mlp,4181,2,2,0.008221271251769666,1.2753724742309592e-05,0.990709780673489,1.2785375591576218e-08,0.0002078686867529512,0.00045455616442671357,0.00039375671344371214
10,mlp,10840,3,3,8.041839296030496e-09,2.056498587500464e-07,1.0769172009504213e-07,0.999318050286844,0.00010399877850517488,4.099266616193723e-05,0.0005366368850705553
10,mlp,442,5,3,2.0473362947421046e-06,2.116460171175409e-05,6.554478434469046e-05,0.6162322431371179,0.0003944992507784423,0.37034768897806003,0.012936811911692336
10,mlp,8079,6,6,0.000373042023972348,2.2824931611598396e-06,6.384237803227152e-05,0.039369698376507146,0.21569947920695917,0.0006125028537294952,0.7438791526676385
10,mlp,44,5,5,7.2180668830820475e-09,1.7565291663516883e-06,2.4709869404826575e-07,0.005874545185759263,1.2945148765664673e-06,0.994092194611108,2.995484232887278e-05
10,mlp,4003,2,0,0.6186458833747308,6.044966810146923e-06,0.35572527377638413,2.239329887496322e-06,0.02189305685434842,0.0006397387610296101,0.003087762936809322
10,mlp,12232,3,3,8.561533501484599e-06,3.647523043781537e-06,4.701650552436988e-06,0.9561732124252725,0.002975935435532993,0.00015702130563449506,0.040676920126462304
10,mlp,3851,1,1,4.0762364361945e-09,0.999999978805199,1.7117940531318217e-08,3.8700617511551974e-32,6.24056776148573e-13,2.870285473858402e-18,2.006331904013245e-28
10,mlp,868,5,5,2.988271403286021e-08,1.965846071794009e-06,7.132931413332107e-07,7.352333271303915e-05,2.688918416187835e-07,0.9999153674981196,8.131255398522146e-06
10,mlp,10325,3,3,1.689613157526582e-09,4.031447647575109e-08,1.1713426456058206e-08,0.9997550828307964,6.138802901702633e-05,4.857520592840011e-06,0.00017861790207735333
10,mlp,10491,3,3,5.140966555042662e-09,1.4114070697687055e-07,5.0989151725438144e-08,0.999504226295958,9.00249809679625e-05,1.0717519497210458e-05,0.0003948339327515295
10,mlp,9579,6,6,0.0005229077700870548,5.724225994872039e-06,0.0011867043095057407,0.00186834512354884,0.011748323774990969,0.005010493746937968,0.9796575010489345
10,mlp,4475,2,2,0.0012909038578020054,1.8458608650354672e-06,0.9963058558722994,1.8533907885003724e-09,0.0023478307927901907,1.1388610189248067e-05,4.217315266336531e-05
10,mlp,807,5,5,2.2006418843761674e-07,5.897019596417744e-06,6.616069934309572e-06,0.006410703906966465,1.0025832695454684e-05,0.9929377928871821,0.0006287442194368129
10,mlp,7313,4,4,3.783334972417543e-05,2.726988054459012e-07,0.0039852677112833445,3.4669985901660826e-08,0.9954429775806096,8.143600614591537e-06,0.0005254703889769623
10,mlp,2041,0,0,0.80798907278977,1.1642004385581436e-05,0.0002343383287334837,0.0036376787158171157,0.0021814337130923664,0.04916915455674122,0.1367766798914603
10,mlp,1967,5,5,0.005584289873996484,0.0002463291120300224,0.00452365208021872,0.00020593724235140864,0.00022443633251453804,0.9749292698795778,0.014286085479310933
10,mlp,12477,3,3,1.7394419738836497e-06,3.5451392960195016e-06,2.1224161996899987e-05,0.9467751813610991,0.0008705000936998517,0.00596024876730965,0.046367561034624846
10,mlp,877,5,5,3.7369423668737667e-05,2.234801764204283e-05,4.336616253244282e-05,0.024473309382392283,8.418160420831173e-05,0.9690055594760546,0.00633386593350147
10,mlp,3136,0,0,0.9997839087350868,2.2726008768656133e-06,0.00020995834800349746,7.28491978081874e-11,2.2616760060048966e-06,1.573216649306994e-06,2.5350528401229758e-08
10,mlp,132,5,5,6.826370676791433e-08,1.4547829538363497e-06,3.114921948342178e-07,0.006567292304850911,2.655827257778034e-06,0.9933335149381024,9.470239093338082e-05
10,mlp,961,5,5,1.8714863463055553e-05,1.0253929552689153e-05,4.5285564861962005e-05,0.061063486615280806,0.0002005303799059849,0.899881783966356,0.03877994468057954
10,mlp,11586,3,3,1.7445277414489055e-07,1.2659867830169464e-06,1.4738531395274473e-06,0.99313563617281,0.0004415116887775497,0.0002300501968340494,0.006189887648881811
10,mlp,11602,3,3,9.895050312467362e-08,6.628768325552642e-07,7.526100845336371e-07,0.9945447646015552,0.00044338572573008505,0.00012539644893440105,0.004884938786360341
10,mlp,2729,0,0,0.9955120309248879,6.126845921481387e-07,0.0038146781921032055,2.2252327105457814e-08,0.0006428860512659148,1.6233492433170374e-05,1.3536402390681306e-05
10,mlp,5055,2,2,0.00029141588010008927,1.3651708477890804e-05,0.9996452827036656,1.2989215877613656e-11,4.721701059223428e-05,2.1781764372089094e-06,2.5450773754432605e-07
10,mlp,7379,6,5,0.06692152239646773,5.688220698159283e-06,1.35773244728359e-06,0.40341611500825225,0.0038700598592588016,0.4515068255583826,0.07427843122449312
10,mlp,5318,2,2,0.01855863952195792,3.1695258724408326e-05,0.9795088409862023,7.170728560831653e-11,0.0018981380673298736,2.2105563735950628e-06,4.755377046003754e-07
10,mlp,3124,0,0,0.9999981623292205,1.8240545407988558e-08,6.279223516241651e-07,2.0001839486768888e-11,8.249058696772862e-07,3.6489833834678355e-07,1.6836727754310648e-09
10,mlp,10645,3,3,1.1474014403566653e-08,1.5344430170063735e-07,4.448202297873999e-08,0.9994617717954486,0.00018515307154045048,9.434305074688718e-06,0.0003434314275974304
10,mlp,8048,6,6,3.801639112084059e-05,1.9706634422148707e-05,0.00046995579035099,0.2223532227135617,0.0030747194138182844,0.07136835313867046,0.7026760259180556
10,mlp,5265,2,2,6.681970199638296e-05,3.0638892324211193e-06,0.9998167399153033,6.860942008995502e-13,0.00011304981376815873,2.6071509533026113e-07,6.596391824468683e-08
10,mlp,12795,3,3,2.3057183269676349e-07,3.4413980797160974e-06,1.795348209620427e-05,0.9705912165941061,0.0005545536734174696,0.023833769085217404,0.004998835195250359
10,mlp,8262,6,6,0.0001932394663570573,1.5068172392915764e-05,0.00040166187131400325,0.22786765614922608,0.004291921569249878,0.03412970432949738,0.7331007484419627
10,mlp,7562,6,6,0.00019049859172000965,7.081217007349627e-06,8.84501148919791e-05,0.22131050247981277,0.0042468223812722914,0.0017227138774179175,0.7724339313378777
10,mlp,1561,5,5,1.2816012057448507e-05,2.1358711141628664e-06,1.6143401917352008e-06,1.7572224043002026e-05,9.713346638367552e-07,0.9999431828755238,2.1707342406208266e-05
10,mlp,12155,3,3,2.3093339624401643e-07,1.742394484747334e-06,6.64488442238373e-06,0.9824750307808807,0.0003321011310373022,0.002551453481058816,0.01463279639472001
10,mlp,8330,6,6,0.00011128675917444815,7.162142882723393e-07,6.677119428635056e-05,0.006994947929768384,0.003144518349945829,0.00015341008792919074,0.9895283494646074
10,mlp,7775,6,6,0.0002029517393705182,9.50029052146628e-06,0.00012510354289460048,0.2045672277374046,0.006806725535659902,0.0015479183202744256,0.7867405728338744
10,mlp,10338,3,3,4.312090118493389e-08,2.0643206691298132e-07,4.3177231443544125e-08,0.9988689729172249,0.00014944899721296872,7.50816204079605e-06,0.0009737771933217713
10,mlp,13142,3,3,4.6335869118573276e-05,1.2253376799023579e-05,0.0001022264180889994,0.6888009688149704,0.003537653853473086,0.0052169905135501776,0.30228357115399956
10,mlp,4245,2,4,0.01724621373127729,3.838054285856019e-06,0.1618779717482663,3.43971748506812e-07,0.8193612457956395,0.0001680300744723878,0.001342356624310114
10,mlp,180,5,5,1.1570815484133902e-08,1.5113288294155685e-06,2.105730920861759e-07,0.0012840141091312123,7.964887009615705e-07,0.9986931534932213,2.0302436209527815e-05
10,mlp,3321,0,0,0.9999758425463839,1.9869535407162818e-07,2.2074936797632203e-05,5.051279565262493e-13,1.7922825902758218e-06,9.009549680116302e-08,1.4428720939423976e-09
10,mlp,6022,4,4,5.006091813110275e-10,2.1361667417017e-09,1.9647870507875835e-07,5.01976949430251e-07,0.9999534268245318,7.543094484409708e-08,4.579665209308595e-05
10,mlp,1945,5,5,0.0049185546872658956,5.063819920151312e-05,6.052961020070358e-05,2.3563478079436355e-05,2.1760524526594764e-05,0.9947873461185567,0.0001376073821691897
10,mlp,4827,2,2,0.011577854232339934,1.733692006361176e-05,0.9143309682194048,5.727881275573179e-09,0.0739273651144198,3.4233097857115276e-05,0.00011223668803351917
10,mlp,269,5,5,5.619182388302837e-09,2.314585744924794e-06,4.4740859028759874e-07,0.0010672911543629982,6.565814885549194e-07,0.9989165296391529,1.2755011477878802e-05
10,mlp,9010,6,6,0.00043505531274623294,1.3604228991687954e-05,0.0016136208419718385,0.008986967747647012,0.0016701564263957769,0.07764608561191687,0.9096345098303306
10,mlp,292,5,5,5.423574941742681e-08,5.049716065238516e-07,2.863195727840829e-08,3.036066239582711e-05,6.116416879222423e-08,0.9999683128062827,6.775278395674969e-07
10,mlp,2002,5,5,0.00038986791434607727,0.00010658326834955658,0.0014325677140882129,3.143867827614422e-06,9.512836271897149e-06,0.9978283951029843,0.0002299292961325864
10,mlp,12153,3,3,3.088852637154289e-07,1.3518095658763945e-06,2.813966074715817e-06,0.9888409386712647,0.0005353619182036503,0.0007893986279131326,0.009829826121714213
10,mlp,6514,4,4,9.179361845970176e-08,1.2167426959222012e-08,5.11270759348942e-06,1.366296865361268e-07,0.9999687688603999,3.3259938075420753e-07,2.554524189398175e-05
10,mlp,2519,0,0,0.9565078141456549,6.4308531909974875e-06,0.0429978370299406,4.411162734366413e-08,0.0001637423728977805,0.00014617787982484527,0.0001779536068633855
10,mlp,9840,6,6,0.11578458180482398,1.989366720729228e-05,0.021776276280278988,0.00024738026883876544,0.004460880469933044,0.014166144856826948,0.843544842652091
10,mlp,12365,3,3,8.657722995012713e-08,8.888157464620147e-07,3.10111326509356e-06,0.9948736696518051,0.0005194410371593285,0.0007504185197661567,0.0038523942850275813
10,mlp,4929,2,2,0.00015449770466163692,3.711905291451459e-06,0.9997978383873423,1.1583758501313109e-11,4.31207173078568e-05,5.736631924645934e-07,2.576106206550115e-07
10,mlp,12047,3,3,5.363822969662697e-07,3.008911113914807e-06,9.7151234966441e-06,0.9657281092635318,0.0004276250981853042,0.0031712599897208314,0.030659745231654552
10,mlp,5756,4,4,0.0006651437198363894,1.4117378846701201e-06,0.00025349139701339525,0.000925011286677336,0.9843868828211906,0.0003615219588139578,0.013406537078583624
10,mlp,3086,0,0,0.989817152810985,7.138308016598626e-06,0.010145012361525135,2.227855203521614e-10,1.7422604085109104e-05,1.1749954147745497e-05,1.523738454520077e-06
10,mlp,13485,3,6,5.500479164003083e-05,8.056126095793428e-06,9.80552889838648e-05,0.4008453404879809,0.014693846483890842,0.0037830554710244916,0.5805166413503842
10,mlp,1035,5,6,0.0009617507972698809,1.4536573267331147e-05,6.114134664403883e-05,0.3956996501193577,0.003637303461505224,0.019366197110010905,0.5802594205919448
10,mlp,2067,0,0,0.9007575615757394,6.57377306475577e-07,8.747837541541215e-05,0.0007181875545005235,0.08419282659892158,0.004549599246909481,0.00969368927120713
10,mlp,10538,3,3,2.928284475454678e-08,2.5323056529670154e-07,5.58934387476373e-08,0.9992895335705371,0.0001273357796341086,8.990225870433677e-06,0.0005738020171094807
10,mlp,4459,2,2,7.82590980456227e-05,1.6131934278896036e-06,0.9996080452586661,2.0239696696461627e-10,0.0003015554249387802,2.76146743602826e-06,7.765355088539285e-06
10,mlp,9612,6,6,0.004739389520186408,6.043359537813037e-06,0.002252583696688994,0.000569285527823839,0.0014618097025575231,0.00179888558407083,0.9891720026091347
10,mlp,8848,6,6,0.00369722174521323,4.184719420030589e-06,0.00043203234469002836,0.004094658449798913,0.002015582461707416,0.0018533294658990107,0.9879029908132713
10,mlp,23,5,3,1.937177223760914e-06,1.1678164460101066e-05,4.092982624970585e-06,0.7664343646949483,0.00014432393580658716,0.2296303328149739,0.003773270229962444
10,mlp,7942,6,6,1.0627831371304002e-05,3.7717088855620023e-06,9.851659695998455e-05,0.4021246453470459,0.00623180925003561,0.007921769527784936,0.5836088597379167
10,mlp,202,5,5,1.6637130899676045e-08,5.020621928044239e-06,1.7644857035724722e-06,0.007520094793015947,3.0979893937352053e-06,0.992417723931923,5.2281540904725805e-05
10,mlp,6158,4,4,1.6017488363711281e-07,3.168873680561684e-08,9.531849466868136e-06,1.6305042119966925e-06,0.9998824678536073,8.632808891895908e-07,0.0001053146482043671
10,mlp,6950,4,4,0.00047421056992330595,2.57795852883244e-06,0.05375652551417714,4.889343828978392e-06,0.9333059581130504,0.00021384946265723095,0.012241989037834003
10,mlp,12311,3,3,3.2937973523248364e-07,1.6068803403201866e-06,6.195326328971248e-06,0.9839870681057753,0.0005337479568995968,0.0012693778683846495,0.014201674482535908
10,mlp,4540,2,2,0.00045344381325103383,2.742153236956958e-06,0.9993440099943962,3.5938999305940633e-10,0.00018931867566307617,3.626420778990017e-06,6.858583283565728e-06
10,mlp,11521,3,3,2.4005775173393376e-08,5.86424490960108e-07,1.2404870335829837e-06,0.9935012430442562,0.00011566960277074301,0.0017939609723110796,0.0045872754633621005
10,mlp,6847,4,4,9.613274504672116e-07,5.113670793297386e-08,4.4942955543339655e-05,1.2801691235213672e-07,0.9998458822988929,1.3451807330419044e-06,0.00010668908375991012
10,mlp,4231,2,2,0.007593141185764421,3.971378264189734e-06,0.9916227014992838,8.647632779659857e-09,0.0005489222810895059,3.700247541050812e-05,0.0001942525325547592
10,mlp,8700,6,6,7.893067382728882e-06,3.651558791782051e-07,4.383350922839649e-05,0.010447274871709652,0.0010914539085812441,0.0008546077937207213,0.987554571693498
10,mlp,9530,6,6,0.0008220944898027283,2.2369574266762756e-06,0.002467241443762284,0.0012405135183489965,0.011499075561680495,0.0051562817534209476,0.9788125562755579
10,mlp,8384,6,6,0.0015876578453784722,2.080710053290317e-06,0.00011964317731438424,0.029919769133395002,0.3042947772568844,0.0009895051806238643,0.6630865666963506
10,mlp,8886,6,6,0.0007513826622663115,2.4277231298422155e-06,0.0002355762854957346,0.0029599069320192365,0.0021679951953707303,0.0010822281255766964,0.9928004830761414
10,mlp,7488,6,3,8.077161762267563e-05,7.310347197356603e-06,3.4096363288328294e-05,0.49550558198714295,0.02648010549457262,0.0007412883587496073,0.4771508458314266
10,mlp,8477,6,6,0.0009016728333550081,4.4189266048687285e-06,0.0001783571329248575,0.02767938977466488,0.003021021891428549,0.002687577337356468,0.9655275621036653
10,mlp,10847,3,3,6.242428080958108e-08,6.173377405139113e-07,2.6138287629290487e-07,0.9973715988481784,0.0002592697365175382,2.7699749016498134e-05,0.0023404905213899483
10,mlp,1009,5,5,1.81865005596346e-06,1.6429995800831136e-06,3.311662298085789e-07,4.00402369015868e-05,5.034752980906394e-07,0.999945679858048,9.983613886213338e-06
10,mlp,2424,0,0,0.9975445692435988,2.851463426188042e-06,0.0022053174910487273,5.631288003182294e-08,3.512882804574968e-05,0.00016750995627961448,4.4566704720862e-05
10,mlp,9695,6,6,0.004195098388231262,1.1607070742989684e-05,0.004638319874432638,0.000519024111873101,0.0024854586668617796,0.014948954638071773,0.9732015372497865
10,mlp,15,5,5,1.7304696486240213e-09,3.747981249695963e-07,1.1194478143960806e-08,0.0002626051396135148,6.876276770934874e-08,0.9997361362919857,8.020825601757099e-07
10,mlp,1114,5,5,4.341662989278229e-05,1.0063914733183163e-05,1.544776569103225e-05,0.006624468216148115,4.865266026058792e-05,0.9882786531321531,0.0049792976811211115
10,mlp,12522,3,3,8.17391509751432e-07,2.0640466766526016e-06,9.388408446029012e-06,0.9732211881935988,0.0006818561602468376,0.0026445734448914235,0.02344011235463036
10,mlp,9808,6,0,0.5812097900594194,2.8748631120897615e-05,0.014534973667243744,0.00037509224650533057,0.003884576945278021,0.009051147327668516,0.39091567112276404
10,mlp,7680,6,3,2.7757016841216856e-05,1.0828055854866781e-05,0.00013509739943503936,0.7700437195186757,0.003175500369146816,0.010500997735072305,0.21610609990497404
10,mlp,10557,3,3,5.959759956149803e-10,8.219506534807555e-08,5.2698061957234676e-08,0.9996058682910511,1.930333867278435e-05,0.00016722063770316172,0.00020747224346947155
10,mlp,6969,4,4,7.963374510590414e-05,1.2972124532175304e-06,0.004729557975665871,1.196864500604683e-06,0.9933246541930096,3.576165031831389e-05,0.0018278983589463883
10,mlp,9877,6,6,0.023905474735034703,6.117480861591635e-06,0.00584946076124834,0.00017571805553394894,0.009456474447995003,0.001930915423604079,0.9586758390957223
10,mlp,10250,3,3,2.7410381904109763e-09,6.221077183935507e-08,1.1447689002585362e-08,0.999770039366867,7.632396502771211e-05,2.526849873674367e-06,0.0001510334187325691
10,mlp,6602,4,4,8.056282194948159e-11,2.164144464029374e-10,6.277875472926297e-08,1.1200288174361504e-08,0.9999956608849121,8.39608136332482e-09,4.256442986395406e-06
10,mlp,12355,3,3,3.383776418550204e-07,2.355112104826425e-06,9.413500464152627e-06,0.9812409298932867,0.0003571170002545835,0.007280313015751681,0.011109533100495884
10,mlp,10577,3,3,1.1431414125298183e-09,6.278195131871443e-08,3.2257657062179964e-08,0.999770750189428,3.9018769254939545e-05,3.241950185483987e-05,0.00015771535671242124
10,mlp,872,5,5,2.2437519107210217e-07,5.130520403862925e-06,5.455733790620043e-06,0.0019157169057684867,4.500322312004424e-06,0.9977939614575055,0.00027501068502837865
10,mlp,8283,6,6,0.0006274106326864889,9.532198288771939e-06,0.00024301241539419855,0.06904764230197039,0.34481806386509845,0.0012406979304882971,0.5840136406560734
10,mlp,1922,5,0,0.8721187343866248,2.881779371871691e-06,9.181451598612274e-07,4.952210623507761e-05,3.691622004937106e-05,0.1273915155864549,0.0003995117761039587
10,mlp,6886,4,4,3.374192713308563e-08,2.7310174787919204e-09,0.0005320679698881099,1.0287859283027155e-09,0.9994538286599354,6.13634755805558e-08,1.400450497046763e-05
10,mlp,4736,2,2,0.00011796789686481583,1.649009624856461e-06,0.9965082235368062,2.7902803060223725e-10,0.0033604471018210333,3.753412709531188e-06,7.958763145465862e-06
10,mlp,12448,3,3,3.9336758469130097e-07,3.6010909804051554e-06,1.3659835376226241e-05,0.9755581364979335,0.0003776634596066863,0.014030958531299117,0.010015587217219037
10,mlp,2122,0,0,0.6531634661716232,0.0001725110041838199,0.1487025481716532,7.71673754489221e-05,0.0026538035266731007,0.028771573653119897,0.16645893009729787
10,mlp,656,5,5,1.0476121131461542e-07,6.990971473685171e-06,2.3258251802582245e-06,0.0006958115379397419,2.004401557538773e-06,0.9992136475553602,7.911494727725001e-05
10,mlp,12219,3,3,1.1414193163801926e-07,9.620997203790154e-07,3.0259212756230185e-06,0.9930796080851441,0.00031113765096255346,0.0012553665728007595,0.005349785528164974
10,mlp,8240,6,6,2.181435373934121e-05,1.8930138050077498e-06,3.883003457814727e-05,0.01775889325015014,0.061443207875292664,0.0002807097536661906,0.9204546517187685
10,mlp,7946,6,6,4.000724532352422e-05,2.786862561261168e-06,0.00010938873939811484,0.12604561172380804,0.004793923364378048,0.0011612795422254376,0.8678470025223055
10,mlp,5777,4,4,9.796028195739664e-08,8.413934318135049e-08,5.3367585519133645e-06,3.740597867067196e-05,0.9994774793066309,2.9349381491340483e-06,0.000476660918372353
10,mlp,4353,2,2,0.04658292616830419,9.24042617350211e-06,0.9529633157574346,8.801932739699301e-09,0.0003547839403331376,4.2496604662548094e-05,4.722830115936814e-05
10,mlp,4478,2,2,0.02596470305780626,7.4083508070708865e-06,0.9734990115783689,3.5487516982903065e-09,0.0004346525189642397,2.217530200454893e-05,7.204564329718349e-05
10,mlp,9450,6,6,0.0013084631298322894,3.377057642392833e-06,0.0015109481959009686,0.000439460921537411,0.001265874719555047,0.0022678248018551802,0.9932040511736766
10,mlp,1569,5,5,4.110661403531983e-07,6.817918290055127e-06,8.949888924174782e-06,8.054295409554285e-05,1.3230108006146718e-06,0.9998376747025748,6.428045917450606e-05
10,mlp,3730,1,1,1.927583349780654e-08,0.999999712887697,2.6783586391694305e-07,1.145237463846976e-28,6.041855951725059e-13,1.569405014819681e-15,3.422219671227343e-25
10,mlp,1089,5,5,1.3212181911616263e-07,2.1279966276649407e-06,1.4071027449122113e-06,0.00018742724501419819,7.715342611498244e-07,0.9997762192435639,3.191475596917613e-05
10,mlp,5048,2,2,0.2276066707900525,0.0005488847573056761,0.7713447852213399,1.8712120526496202e-10,1.5276977309486405e-05,0.0004815447094887031,2.837357382583345e-06
10,mlp,5916,4,4,2.2841889600248666e-06,1.799609462787762e-07,6.737359097257702e-05,2.4314837853083596e-05,0.998370804525915,9.21940260021802e-06,0.0015258234927529623
10,mlp,2674,0,0,0.9999509991341727,4.7567551481716344e-08,3.814088264877412e-05,1.2044204656858468e-09,7.205159062429918e-06,2.6130942391232873e-06,9.92957904951961e-07
10,mlp,7003,4,4,1.519155507518939e-08,2.426903288877251e-08,4.832409126615053e-05,1.493030336231665e-08,0.9999322850150456,2.383526397535882e-07,1.9098150157122944e-05
10,mlp,6088,4,4,1.0916499021356203e-09,1.4821545818248889e-09,2.7161150318997576e-07,1.8530473026347865e-07,0.9999712738358849,6.286661586711711e-08,2.820380746142608e-05
10,mlp,7940,6,6,0.000204769508144747,1.8487984241316494e-06,6.945034554257221e-05,0.020045560050214226,0.0021045284155844484,0.00044941400007206164,0.9771244288820178
10,mlp,1583,5,5,0.000287596888824643,3.098453908863545e-05,0.0010576541535537453,0.06974519653305375,0.0013904953873497192,0.5582290664199115,0.3692590060782178
10,mlp,2229,0,0,0.9970072476275629,9.058608082383285e-06,0.0017681782503347376,5.87783902899386e-07,4.6892535655184255e-05,0.0010233094331574873,0.00014472576130445736
10,mlp,6608,4,4,4.0886000539315205e-06,1.644950364666518e-08,1.770578590140871e-05,5.406160987696459e-07,0.99983849871964,2.0050293261719317e-06,0.00013714479947608165
10,mlp,2905,0,0,0.9996478856201563,5.133523438240662e-06,0.00033609285405830706,6.492304203728522e-10,3.862638578876755e-06,6.900367556038784e-06,1.2434698176850392e-07
10,mlp,13298,3,3,8.962181044377606e-06,7.977910117936406e-06,0.00010307306714004254,0.8610727688604115,0.0017518483375393817,0.046395679310416785,0.09065969033332984
10,mlp,7499,6,3,0.0003444162861100092,1.5901840350935342e-05,3.8478485875428676e-05,0.6961198228789833,0.002471987035900604,0.016618691244034343,0.28439070222874535
10,mlp,6155,4,4,7.222232838573757e-07,3.015336875946045e-08,5.899448377450136e-06,1.8252160251025606e-06,0.9999442119324436,1.5555462717206692e-06,4.575548022952939e-05
10,mlp,7910,6,6,5.309748292428939e-05,9.281707570182213e-06,0.00026076201684761753,0.3295200862892996,0.009322950637513937,0.009771620580649079,0.6510622012851953
10,mlp,4978,2,2,0.008108375100088204,3.4420108431853996e-05,0.9912875786510876,2.3477085959481515e-10,0.0005532668033443075,9.498306259542858e-06,6.860796017521553e-06
10,mlp,10986,3,3,5.197095547582573e-08,4.153702895527516e-07,2.3359709971122494e-07,0.9900508984827376,0.0011890579646589214,1.636910779332959e-05,0.008742973506465341
10,mlp,9061,6,6,0.0006330786357331787,2.976064165868508e-06,0.0007241631209197717,0.0011488782750984652,0.0018260602180491421,0.0028385066960257216,0.9928263369900079
10,mlp,7264,4,4,3.599249599692685e-05,1.2742985409515038e-07,0.0015384974298707165,4.0144837351660827e-08,0.9979232391813051,5.098450057302188e-06,0.0004970048680784834
10,mlp,3636,1,1,6.040300728493815e-07,0.9996324160549048,0.0003669777232924804,2.3917908993997777e-25,2.19163585387554e-09,9.391069527321252e-14,2.6324269739718236e-21
10,mlp,5557,4,4,3.174346373543454e-06,5.488939944920048e-06,1.820489300124055e-05,0.29846237796816405,0.4340024700686302,0.00036354014690578396,0.26714474363698043
10,mlp,11693,3,3,5.945082043050241e-07,2.1919352234105472e-06,2.316671638419071e-06,0.9822549735173925,0.000648201944994848,0.0001520493404379398,0.01693967208210855
10,mlp,3898,2,6,0.008492648732703716,2.261955128234288e-05,0.06822556338631935,9.269154816656873e-05,0.07477029628985962,0.007700033545119972,0.8406961469465484
10,mlp,82,5,5,1.3508851123393864e-07,3.4998040271108383e-07,5.825252739400765e-09,3.115345360065348e-05,4.014590169278223e-08,0.9999680655125515,2.499937795706324e-07
10,mlp,233,5,5,3.574908278443208e-08,5.606845455362541e-07,2.5635053207460936e-08,2.4876307031153885e-05,5.0598373406244166e-08,0.999973961323247,4.897026669083089e-07
10,mlp,2296,0,0,0.9551268913295621,1.059705326553968e-05,0.04006146477351903,2.1874360030095747e-06,0.0010952435942837404,0.0012908964404930545,0.0024127193728736736
10,mlp,12453,3,3,1.7377417911117508e-07,1.1048511726814451e-06,7.486842834680249e-06,0.976913636011712,0.0003408085720285116,0.00793288698961312,0.01480390295845987
10,mlp,7893,6,6,0.00014598237483190386,1.027001290473326e-05,0.0001245148847857241,0.42116252228319356,0.008306623049312904,0.004067971219725697,0.5661821161752455
10,mlp,12658,3,3,2.661642106109275e-07,1.5096018912800307e-06,9.967442105251422e-06,0.9755837571482746,0.00038478263873362243,0.007119415489295971,0.016900301515488526
10,mlp,6397,4,4,3.400254368831248e-08,1.1286612523585207e-08,3.4616666222352105e-06,9.470344988186769e-07,0.9995023753985167,7.74473411484306e-07,0.0004923961377946586
10,mlp,2842,0,0,0.9998904715951215,1.0482850175317264e-07,9.511172399198327e-05,4.0232622241301826e-10,1.0062110926188192e-05,3.1724921826969344e-06,1.0768469495863143e-06
10,mlp,12056,3,3,9.430885264702313e-08,7.797653329404961e-07,1.7343115026454205e-06,0.994339760162588,0.0006827757986777492,0.00036418253108692417,0.004610673121959237
10,mlp,4585,2,2,0.0011651971019099963,8.97102350106268e-07,0.9970729299535906,3.686264880894682e-10,0.001743348058511338,1.4387100886091825e-05,3.240314125338071e-06
10,mlp,5039,2,2,0.0014369013348259495,8.36719345662251e-06,0.9983783056000207,4.558605728646012e-11,0.00017115049184574373,4.166381260408883e-06,1.1089530044750657e-06
10,mlp,921,5,5,1.3975376714505575e-08,2.2875062608419986e-06,9.619094109795444e-07,0.00015385769316738008,3.714719025195143e-07,0.9998341812838053,8.326160076199542e-06
10,mlp,1993,5,5,5.7781188822774556e-05,4.878827125089431e-05,0.0005910782090549296,3.658089368550622e-06,4.443321221024198e-06,0.9991277283334494,0.00016652258683253623
10,mlp,9533,6,6,0.03918680958748749,0.000141698134336131,0.012800259139184684,0.002426261500543665,0.0022035492167206214,0.3999710239785233,0.543270398443204
