class_name,count,percentage
BARBUNYA,1322,9.712732348835502
BOMBAY,522,3.835133348027331
CALI,1630,11.975607964146647
DERMASON,3546,26.05245757108221
HOROZ,1928,14.16501359194769
SEKER,2027,14.892366468297698
SIRA,2636,19.36668870766292
