seed,model_name,sample_id,true_label,predicted_label,class_0_probability,class_1_probability,class_2_probability,class_3_probability,class_4_probability,class_5_probability,class_6_probability
6,mlp,1223,5,5,6.4097686343878085e-06,4.014761725015363e-06,3.2722210134344547e-06,0.00038640502332020724,1.3162325754922703e-05,0.9994158078174286,0.00017092808212330958
6,mlp,11769,3,3,9.718499711510867e-09,4.8940200678989086e-08,2.3560403020066063e-09,0.9985313072102519,0.0003359762034386028,3.2673835664624823e-05,0.0010999817359042734
6,mlp,12059,3,3,3.1403386826790785e-07,2.7108283564864394e-07,8.776884684204167e-08,0.9836297209893688,0.00036023144039352235,0.0005453160058376253,0.015464058678849101
6,mlp,7126,4,4,4.1626439267356245e-06,2.911582301347323e-07,0.00017995816183633866,1.4428157292584771e-06,0.9996952512072582,4.509910594124424e-06,0.00011438410242545196
6,mlp,638,5,5,1.6988096791820755e-06,1.8293004098508602e-06,5.151916671331913e-06,0.004473689321199984,2.9025407617874713e-05,0.9951335718151805,0.0003550334292411544
6,mlp,13211,3,3,2.27176759367274e-05,6.883695539064879e-06,1.728634296854162e-05,0.8023206150162945,0.0020199112397768283,0.00852504269916903,0.1870875433303155
6,mlp,12549,3,3,9.128652060172731e-07,5.716144030985125e-07,6.083288141347056e-07,0.959318077215237,0.0006995997059710999,0.0013407375408547473,0.03863949272951389
6,mlp,10682,3,3,1.386385361017086e-10,1.5530735558625212e-09,1.0230180740821962e-10,0.999822123649973,2.380676006096487e-05,8.170882731051176e-05,7.235896864134159e-05
6,mlp,2639,0,0,0.9997685417512777,2.210966036051649e-05,6.470354957767474e-05,4.870529712390433e-08,2.0107753460827657e-05,0.00012355472828172833,9.338517446401698e-07
6,mlp,11764,3,3,1.428854545245544e-08,6.372862533563064e-08,2.4422667637712266e-09,0.9983452662021859,0.00046258985171658865,4.0612141874492166e-05,0.001151451344785615
6,mlp,10311,3,3,2.5960666913806365e-11,6.310117028479547e-10,4.291100532645322e-12,0.9999427827758561,3.2952733450724104e-05,1.8988440526125813e-06,2.236498537709609e-05
6,mlp,1606,5,5,1.4396133509379048e-05,5.166737682149651e-06,9.814373452499652e-06,5.826237711878296e-05,6.2273027673973415e-06,0.9998658030762664,4.032999920349024e-05
6,mlp,10888,3,3,1.2592234979683189e-09,9.174084446558341e-09,2.0584950681866177e-10,0.9996415267958263,7.126045165290612e-05,1.746798979433418e-05,0.00026973412356885734
6,mlp,13206,3,3,4.487250953679696e-05,8.727872680965106e-06,9.2142985239552e-06,0.7140436639849916,0.002375343580502938,0.0036456951216416182,0.27987248263212217
6,mlp,1755,5,5,7.296050081695444e-05,3.641522455576545e-05,0.0005910878406851165,0.0017212071443330446,8.43825136144592e-05,0.9941451861880638,0.0033487605879308053
6,mlp,8677,6,6,0.0031223840890771512,6.195951496038501e-06,0.00013377767176055483,0.006106077216974056,0.0005208520749120069,0.001807737755693097,0.988302975240087
6,mlp,6761,4,4,3.3005772378503738e-06,1.0312706030806779e-07,1.2784194420239939e-05,3.9308868693169365e-06,0.9985901781603569,4.6401996080657115e-06,0.0013850628544472526
6,mlp,10611,3,3,5.220023264076095e-07,4.936691138150231e-09,1.3498542311253008e-10,0.9994434441480203,4.319783132306307e-05,0.0004006250919451423,0.00011220585470835863
6,mlp,13061,3,3,2.084978183624163e-06,1.7954992627907604e-06,9.825358771337238e-07,0.9743657036974276,0.0007835394681377123,0.003354016551781701,0.021491877269329433
6,mlp,9005,6,6,0.004599274703352119,8.878247701243678e-05,0.010157815694622159,0.010282261526525496,0.0016009943283697248,0.3505734302362767,0.6226974410338414
6,mlp,10789,3,3,4.90962334015188e-10,5.74941595812397e-09,6.169176780590827e-11,0.9997950911780706,7.866230097693729e-05,5.37671918283669e-06,0.00012086349969963284
6,mlp,7761,6,6,4.787978159942192e-05,8.664183881059858e-06,1.0136616830116287e-05,0.13700846123040128,0.41536340494821766,0.000720728791677238,0.4468407244473933
6,mlp,289,5,5,8.302769971144582e-06,3.3778740860248266e-06,2.8846041396021262e-06,0.058022692517007333,0.00015714080171557384,0.9377708845313226,0.004034716901757659
6,mlp,12370,3,3,2.75494160027503e-07,5.484116228689126e-07,5.644857684167161e-07,0.9626097723029626,0.0002485742231181047,0.030271845283782607,0.006868419798585492
6,mlp,6968,4,4,0.00013157367223955982,4.036486382120945e-06,0.008213029602997683,1.2494609022751973e-05,0.9888015390051668,6.81649721326494e-05,0.0027691616520585855
6,mlp,1721,5,5,1.61608513946364e-05,2.3225972917838563e-05,0.00013018483085480375,0.001074829857724755,4.218676479736178e-05,0.9977857343384617,0.0009276773838490042
6,mlp,6805,4,4,1.2896962446901727e-05,6.0921146651168806e-09,0.0007067738967736839,2.0751561320253547e-07,0.9992604068919118,4.820017920538358e-06,1.4888623219250472e-05
6,mlp,1890,5,5,1.1762152058784887e-05,1.472560437537489e-05,0.00012286183193301303,0.00011515569612525586,1.2216581949472587e-05,0.9993965747220154,0.00032670341154259646
6,mlp,3758,1,1,1.9735864430443118e-06,0.9999957115861884,1.841825778298253e-06,1.5901295864056532e-23,4.7148593294050257e-07,1.5156574209765047e-09,5.316377249692022e-23
6,mlp,6354,4,4,2.494473962731895e-06,3.004232441269105e-07,9.45759512535079e-06,4.434138177137009e-05,0.9990852059721483,9.201096771532928e-06,0.0008489990569766542
6,mlp,9741,6,6,0.007593076703873365,1.9299948344993002e-05,0.010139894448798991,0.00100598043499596,0.022521393341023942,0.001569726171417822,0.9571506289515449
6,mlp,5171,2,2,0.21091170211495308,0.001066073159575502,0.7871294091861298,1.3874463634071606e-09,0.0006470262500902592,0.00024315343761691945,2.634464187782574e-06
6,mlp,2726,0,0,0.9998513077646269,7.47005025642043e-06,3.267739911976018e-05,2.8520234634904463e-08,4.687553659795839e-05,6.040344127629704e-05,1.2372878880645576e-06
6,mlp,50,5,5,6.581785493751138e-08,9.836996353068688e-08,1.1844061810606217e-07,0.0026882065468069962,5.414231824393653e-06,0.9972764602994476,2.963629348444217e-05
6,mlp,7845,6,6,0.0001775032257006357,1.0948747276997078e-05,6.0206100812739124e-05,0.13109606672163762,0.004301710106779449,0.0017636179289805987,0.8625899471688119
6,mlp,2257,0,0,0.9618544392849204,6.69900514908493e-05,0.007259684293103379,9.059825919466728e-06,0.02956095723466808,0.0008293163446695161,0.00041955296522819854
6,mlp,11131,3,3,8.93527318944257e-09,3.166353202384473e-08,9.268351624986513e-09,0.9945297430429018,4.6063326317090566e-05,0.004676932086880566,0.0007472116767437947
6,mlp,4829,2,2,0.014714021449058446,2.9793864059192188e-05,0.9827362626736021,5.685412146024115e-09,0.002447490703215644,6.524087959927394e-05,7.184745053033844e-06
6,mlp,9577,6,6,0.001708304282423381,7.2003755768101955e-06,0.002806948661548814,0.0012538475665944348,0.01750628067798299,0.0010498949707957643,0.9756675234650778
6,mlp,8329,6,6,0.0002083517328744109,1.0183575542646498e-05,4.343499415548516e-05,0.03395763218075149,0.1580218946965042,0.0009958321746831398,0.8067626706454886
6,mlp,6061,4,4,2.440238871742905e-06,2.6309811133735437e-07,9.035422043174213e-06,7.526991545599623e-05,0.9986773989990018,8.451807266958639e-06,0.00122714051924898
6,mlp,3405,1,1,0.002882509408087354,0.9965259005792868,0.0005588232813704023,2.4640835346247888e-17,3.1813322554134324e-05,9.534087004994198e-07,5.831835883114317e-16
6,mlp,1795,5,5,4.5916435648490514e-05,1.9433205972414192e-05,0.0002665382993634097,0.0004120735543666094,2.9635999744887807e-05,0.9982163227562144,0.001010079748689793
6,mlp,6510,4,4,0.00016264961154195313,3.0796620198054583e-06,0.0013273001111369974,6.545124090109308e-05,0.991430971920439,6.929197304549947e-05,0.006941255480915542
6,mlp,2322,0,0,0.999716119472823,4.844569352573322e-06,3.292355359164232e-07,8.182053008330628e-08,2.776983664303974e-06,0.0002758314954257611,1.642266830355568e-08
6,mlp,7750,6,6,0.00018749651830445192,2.778791597359555e-06,5.110141188639345e-06,0.08708551132919123,0.001351446607749125,0.003397245470002456,0.9079704111419667
6,mlp,6779,4,4,1.5713646609996526e-06,5.4168150273787956e-08,6.89842830424203e-06,2.437929188090387e-06,0.9991459078517252,2.262609077930268e-06,0.0008408676488934296
6,mlp,8012,6,6,0.00012052930335412869,6.008200515199297e-06,5.82226557640952e-05,0.05962610813002978,0.005413081747355216,0.0010783542224197694,0.9336976957405617
6,mlp,1844,5,6,0.0007613406162244296,3.7479666864459637e-06,0.0001008079185575911,0.0020019813716693506,0.00019831942462291923,0.0018416897396177814,0.9950921129626215
6,mlp,8476,6,6,0.001460725247397289,3.0031641385403334e-06,8.45448026188509e-05,0.003515894456298938,0.001355865255633334,0.001152463201350851,0.9924275038725622
6,mlp,9209,6,6,0.0009058673731681779,4.0792673432088655e-06,0.000320368731793336,0.0012259302418002715,0.0013306537743499553,0.00046402771073839847,0.9957490729008067
6,mlp,2008,5,0,0.6899373549008694,0.00037790789667887386,0.10687654032177327,0.000386476429785257,0.0017995263763377991,0.05016505515778335,0.15045713891677195
6,mlp,3792,1,1,1.5188634040068633e-08,0.9999998397592748,1.2086315391956505e-07,2.482961001179561e-25,2.3995540113627552e-08,1.9339700820772468e-10,7.80637966238766e-25
6,mlp,1169,5,5,8.298202370991062e-07,2.654920005494103e-06,4.447492199099358e-06,0.0011943594417874234,1.0945924431283785e-05,0.9986916806733932,9.508172794639917e-05
6,mlp,13514,3,6,0.00017408078639141888,1.0258340306078318e-05,6.399756354297194e-05,0.11209316450633504,0.008896113611554042,0.0019043822132709608,0.8768580029785995
6,mlp,6575,4,4,0.006511588527160652,2.7711671428107577e-05,0.12950144391686358,0.0002780418453852116,0.5428394204437808,0.0015310332434121466,0.31931076035196965
6,mlp,9409,6,6,0.0015779288398053326,6.66673217253293e-06,0.00038881826820183545,0.0011657149420321814,0.0003923510768888606,0.0025722980246445353,0.9938962221162547
6,mlp,4500,2,2,0.0022719432801753805,1.66915645519214e-05,0.9969099158571934,1.0214779860239915e-08,0.0007065025892102661,6.068358276286533e-05,3.425291132662194e-05
6,mlp,3558,1,1,1.196796492176195e-05,0.9999486895195108,3.729539263702693e-05,1.1572195212414676e-20,2.0233036376111492e-06,2.3819292659141862e-08,1.3157453072273888e-19
6,mlp,5069,2,2,0.001988616514173568,8.553701217613763e-05,0.9976816959469273,3.9797731397495767e-10,0.000196580345026263,4.584121370456798e-05,1.728570014679145e-06
6,mlp,12381,3,3,5.0380991344792635e-05,6.141568556800108e-06,4.536984540533235e-06,0.8517776907377561,0.0014804486238167846,0.019297369897851753,0.12738343119613324
6,mlp,11994,3,3,1.6066611352115942e-07,2.687783415493819e-07,3.354413264861379e-08,0.9896570760443655,0.0009964740034099679,0.0001243629547972264,0.00922162400883965
6,mlp,5312,2,2,0.005793108478991677,0.0003969084275915184,0.9929698373820696,2.424888145312191e-10,0.0007797770182167943,5.971616797026429e-05,6.522826713797352e-07
6,mlp,2736,0,0,0.9808272270877579,5.617231101873181e-05,0.017596164614773965,2.5384624652149166e-07,0.0011734741013576877,0.00031554848603720486,3.115955280788974e-05
6,mlp,3509,1,1,3.8061426197998416e-05,0.9999585982004183,2.8001647884828868e-06,8.869562265816344e-20,4.577963279930707e-07,8.241226717451016e-08,1.8967103532325466e-19
6,mlp,6516,4,4,2.443944583318441e-06,1.4392720986332007e-09,5.5436958608423376e-05,3.1877578696642813e-07,0.9998666304263668,7.984949750075408e-07,7.436996040731668e-05
6,mlp,2591,0,2,0.047449379496321706,6.138347101863995e-05,0.9497598359186892,2.034862219383579e-07,0.001886205053855826,0.0005375387023169832,0.0003054538715757684
6,mlp,5599,4,4,1.8834108541765666e-05,3.880177162549866e-06,5.6747385930022664e-06,0.062353876944009096,0.6631785399334654,0.0003511418166610411,0.2740880522815671
6,mlp,3976,2,4,0.005277632697705703,1.367701997814437e-05,0.16993468603186887,2.989070475360016e-06,0.8238530033012399,0.00019091391276369066,0.0007270979659682325
6,mlp,4781,2,2,0.05815656134813179,0.00013234041907807354,0.9405813970129316,5.8042755737404496e-09,0.0008416966711174448,0.0002719480659533666,1.6050678512259477e-05
6,mlp,7684,6,3,3.901360978172676e-05,1.1338060610417554e-05,4.183945866109232e-06,0.6595823769463158,0.06575301071605982,0.0012206109528024017,0.2733894657685637
6,mlp,4534,2,2,0.12635439628104256,8.988588342312599e-05,0.8571521353472181,9.483212799968005e-08,0.015891423717939123,0.00029922112362720555,0.00021284281462192082
6,mlp,112,5,5,2.7763979700720036e-07,9.646399135381596e-08,5.852281041383736e-08,0.00021055221459860324,1.8382132349675727e-06,0.999778356491157,8.820454410853091e-06
6,mlp,3984,2,2,0.010393466585501663,2.223686030625015e-05,0.9819210523340324,1.4582024684802593e-06,0.003901653150402553,0.0005717985327156401,0.0031883343345731636
6,mlp,4000,2,2,0.055956657422212154,1.9144083564577297e-05,0.9329285756202789,1.3154902478383354e-06,0.00937754008321891,0.0006177637892540794,0.0010990035112238591
6,mlp,7209,4,4,0.021750085730782662,3.5313454228488785e-05,0.031708160400565004,1.1477465781257389e-05,0.9285209818763154,0.0007799115894171895,0.017194069482910013
6,mlp,6790,4,4,1.4862404390358821e-06,3.812781204903876e-08,8.312140761213428e-06,1.295706340153791e-06,0.9995198279002445,1.5099077361149846e-06,0.0004675299766667773
6,mlp,1276,5,5,0.0004766812349446416,4.541888039452705e-05,0.0002597821857064112,0.013965423483628574,0.00043317274079054897,0.965812803232701,0.0190067182418344
6,mlp,3316,0,0,0.99999256897092,4.198200236341976e-06,5.660543394302673e-07,2.8827369969870812e-12,2.2018260972380196e-06,4.649351212395368e-07,1.0402654198245377e-11
6,mlp,12377,3,3,2.499586769143939e-07,3.4829201024010725e-07,1.1213030262002769e-07,0.9919452505694012,0.0003529687222746861,0.0011652149435966539,0.006535855383737454
6,mlp,10403,3,3,4.58967550255428e-10,3.0275160596148822e-09,9.881109992402879e-11,0.9997824871412031,1.9006581256418144e-05,3.263863007303248e-05,0.00016586406217281618
6,mlp,886,5,5,5.881387591253339e-07,1.400111982425831e-06,2.4759649671625704e-06,0.001425677655475712,1.1240115665929541e-05,0.9984503238822192,0.00010829413093043749
6,mlp,6246,4,4,7.74247614242207e-06,1.260294193528645e-06,4.082633098264993e-05,0.0006292494112822238,0.9908361178808903,0.00015586143325370885,0.008328942173255187
6,mlp,13071,3,3,1.919676268148288e-05,5.308262049895584e-06,4.856530798570482e-06,0.8210335678587943,0.0009131716593070743,0.008564952406027086,0.1694589465203415
6,mlp,11246,3,3,8.422805956436286e-09,2.618946940309463e-08,7.170779683758605e-09,0.9974444822971209,6.674336249196885e-05,0.001658003925314249,0.0008307286320176361
6,mlp,3103,0,0,0.9995460684625846,0.00022548249975482134,0.00010021007539632401,3.2266878139575374e-09,3.208628296468351e-05,9.610844891882672e-05,4.100369309055352e-08
6,mlp,12789,3,3,3.3538583422633367e-06,3.678659544854428e-06,6.818730019926728e-06,0.9098226320644892,0.000640515149279064,0.06693979902465468,0.02258320251366998
6,mlp,5647,4,4,1.5184476817026794e-08,1.8181476344052857e-08,1.1786788620662466e-08,0.00011349056384822896,0.9997672803568607,7.489775574762137e-07,0.00011843494899175784
6,mlp,4532,2,2,0.1787367399402411,0.0001869683602501933,0.8191030698268491,7.137020260465913e-08,0.001467156597248371,0.0003875623997578707,0.00011843150545094049
6,mlp,228,5,5,4.665873664018873e-08,3.054111506461472e-07,3.6555977461385714e-07,0.006602149521989318,9.427712213449296e-06,0.9933484442044715,3.926093166381347e-05
6,mlp,11230,3,3,3.2292094560500964e-08,6.38200628863029e-08,3.5547547937963558e-09,0.9964961564141691,0.00029348229026336225,5.303640938654031e-05,0.003157225219268536
6,mlp,12610,3,3,3.8119972099862584e-07,4.7626367866040396e-07,7.013706526365175e-08,0.9868245002771209,0.0010502423741739423,0.0005542517438219462,0.011570078004418389
6,mlp,1812,5,5,0.0010534600985078518,0.00011244543210279744,0.005574183744587579,0.016284627718426734,0.0010145545875030533,0.7549248596387322,0.22103586878013987
6,mlp,7267,4,4,0.0009563133597737094,1.2034021863932851e-05,0.03217377409500922,1.5023607220402807e-06,0.9659576826158242,0.00017267846439618175,0.0007260150824108055
6,mlp,6490,4,4,1.0728659033819175e-05,1.3751230431405736e-07,6.093781620285554e-05,6.738499453096852e-06,0.9962860010839294,8.810597884969024e-06,0.0036266458311914555
6,mlp,3497,1,1,5.092068919531548e-05,0.9998886689685388,5.553178742921181e-05,1.4904470355686027e-19,4.816033654054798e-06,6.252118237381567e-08,6.342223908604063e-19
6,mlp,10529,3,3,4.4670733920366143e-10,3.3559275258690418e-09,1.1035561244293085e-10,0.9997811861792136,1.9867447578230275e-05,3.494096797703557e-05,0.00016400149224050643
6,mlp,2832,0,0,0.9997894124231658,2.1422835033409622e-05,3.321923913501201e-06,3.317438181183943e-09,1.9806639148886863e-06,0.0001838503306263418,8.505907825293144e-09
6,mlp,875,5,5,1.3465230982939474e-06,1.0861249930457785e-06,1.6845647703387232e-06,0.00039328880258890413,5.761762464526117e-06,0.9995327599037841,6.407231830078256e-05
6,mlp,8611,6,6,0.0010985532126749863,1.2205161921351475e-05,0.00037057722528788283,0.009448067953672116,0.03830703749555529,0.0008399060473926312,0.9499236529034957
6,mlp,11553,3,3,2.441873803327723e-08,7.421534115059318e-08,4.376766399158247e-09,0.9981257997759194,0.00017247344285843856,9.062042845766026e-05,0.001611003341918968
6,mlp,2303,0,0,0.9826363499983312,0.00011543868527346115,0.0103377512666076,5.2112557140046075e-06,0.0004213787600087839,0.004427746730217352,0.0020561233038475517
6,mlp,5825,4,4,5.995735749580018e-05,3.8414308413205616e-08,2.170883430132674e-05,0.0002555468724603181,0.9976248304996016,1.532655805895682e-05,0.002022591463773404
6,mlp,9570,6,6,0.004968977614972927,1.0269458851629669e-05,0.004878865026279122,0.0014187788799950227,0.20204340602936607,0.0009950849591391327,0.7856846180313961
6,mlp,10163,3,3,4.565791897839188e-12,1.8919694004156143e-10,8.028703955688866e-13,0.9999682469686715,2.3747920256476624e-05,6.587641071216786e-07,7.346152399305851e-06
6,mlp,4732,2,2,0.000379910208619782,4.619991888887625e-06,0.9992939528334334,1.016405186104005e-09,0.0002937558892631834,2.554982180918029e-05,2.2102385806396338e-06
6,mlp,12784,3,3,1.518526977263674e-06,1.1529507843439496e-06,3.275450012204936e-07,0.9740355828789045,0.0012775082724763576,0.0011155302568918329,0.023568379568964303
6,mlp,3970,2,2,0.04950797074637802,0.0001940221896127398,0.8976634018928621,1.0645222021140858e-05,0.005081000698440566,0.015014867361181138,0.03252809188950421
6,mlp,3821,1,1,4.768692742411809e-10,0.9999914395227146,7.712683226766624e-06,1.4079121155671462e-25,8.471913903774904e-07,1.2579897561564404e-10,2.8023576640258e-25
6,mlp,8999,6,6,0.0009139689531920633,1.4181536591388775e-05,0.0011022753343494923,0.008025440386118465,0.000998266959609463,0.015600035090839959,0.9733458317392991
6,mlp,5087,2,2,5.337214950003398e-05,2.3078593342779776e-06,0.9996123520564846,8.305252587013233e-11,0.0003280930489937155,3.6673291299430138e-06,2.074735050691621e-07
6,mlp,8917,6,5,0.01799430654953367,0.00023417660032353746,0.005673470082613907,0.008179661022569076,0.0014634955048715228,0.7522426062785112,0.21421228396157704
6,mlp,12089,3,3,8.455534805766089e-08,2.717362068212646e-07,2.0472286745000902e-08,0.9868393250374737,0.0041786039525239654,5.016213358572115e-05,0.00893153211257496
6,mlp,2897,0,0,0.8131352553591181,0.0005896823531563581,0.18488561543117224,6.010220396189083e-08,0.0006373038301886178,0.0006716030098933289,8.047991426733578e-05
6,mlp,8019,6,6,0.002292439645197157,5.2404071118466126e-05,0.00012415303549519628,0.2166864383424966,0.004598980077881856,0.008336789582086435,0.7679087952457244
6,mlp,4834,2,2,0.00027657660359671255,1.0168406202775524e-05,0.9987911638005569,1.1668521679124506e-09,0.0008984059242209328,2.0468490711858715e-05,3.2156078588729743e-06
6,mlp,11272,3,3,3.326116221395398e-09,2.269659535518852e-08,6.432160717259795e-10,0.9992055184751731,0.00022342751942465083,1.6710557658980104e-05,0.0005543167818155042
6,mlp,8362,6,6,0.00024121801119092885,9.152411267033075e-06,2.9915056657708138e-05,0.05818763759305058,0.003730115959839604,0.0025524402505143766,0.9352495207174797
6,mlp,12012,3,3,4.7011684363130574e-07,4.6511810061218937e-07,2.5166793249266765e-07,0.9806217996959072,0.00039475616750433333,0.004588458200418418,0.014393799033293124
6,mlp,8605,6,6,0.00033178938234523797,2.398905946871585e-06,0.00013517822563179172,0.0036495109434450464,0.0008075880193926415,0.00047443819045734915,0.9945990963327811
6,mlp,12760,3,3,1.3546163446457814e-07,2.669055061521429e-07,5.8304338800199495e-08,0.989296813939873,0.003418178588847027,0.00018628602181924465,0.007098260777981192
6,mlp,5011,2,2,0.0017310947396556066,0.00013972453456341174,0.9978624904230846,7.408913583909921e-10,0.00011979454183459362,0.00014334130274345128,3.5537172266827653e-06
6,mlp,12551,3,3,6.43835072699042e-07,5.358418235897157e-07,5.467836159335468e-07,0.9788566767013788,0.0006265335827248481,0.002489888207167689,0.018025175048216338
6,mlp,10109,3,3,6.012878154433038e-11,6.631323836216116e-10,2.7195696381404506e-11,0.9998075206540545,9.803647050016307e-06,0.0001541846598653231,2.849028857326009e-05
6,mlp,2310,0,0,0.9494444477458559,0.00011207535233611113,0.04741021864222849,2.361719136736686e-06,0.000429192342612493,0.001762072866132121,0.0008396313316985562
6,mlp,13491,3,6,0.0008905951987689702,2.2988306469443255e-05,5.2724000720135206e-05,0.19850110250305494,0.0017788609457860991,0.014802149339455593,0.7839515797057447
6,mlp,2790,0,2,0.037329455418612024,0.00041323927267742527,0.9612850943399851,4.280458828706174e-08,0.0002091243751891815,0.000642832493697825,0.00012021129524999732
6,mlp,2433,0,0,0.9994660215125162,2.9668815127004768e-05,2.533670850833824e-05,2.0878054917689404e-07,1.3416818472757568e-05,0.0004640602252287816,1.2871395978170102e-06
6,mlp,10036,3,3,1.391229935261721e-12,5.380613618507881e-11,2.693821389870287e-13,0.9999878881315569,7.106862666194013e-06,6.424398512904769e-07,4.36251045891151e-06
6,mlp,6497,4,4,1.8743555573465545e-06,1.64711429800704e-07,1.8384382446431124e-05,8.567312423338593e-06,0.9998370462779563,2.716817660173878e-06,0.00013124614252649244
6,mlp,6191,4,4,0.0003106528518649365,1.0416730529479298e-06,0.00011213056204348768,0.00011957256644192891,0.9750771547936004,6.458023040894932e-05,0.02431486732258741
6,mlp,12253,3,3,3.619290871854161e-07,3.867493268780344e-07,5.421569457623702e-08,0.987213047599758,0.0006045397317533097,0.0003908570914141261,0.011790752682965916
6,mlp,8690,6,6,0.0011313047533584833,1.1389686446943759e-05,0.00011743254258505802,0.021639086541510047,0.0011007662434393104,0.006936126270165728,0.9690638939624944
6,mlp,8795,6,6,0.00032502434937189685,4.466808482670084e-06,0.0002059474014646741,0.002883452579338433,0.009202377433867077,0.0005782813424299895,0.9868004500850452
6,mlp,9949,6,6,0.006546997516817779,2.7286721396086445e-05,0.008719551732315077,0.0006110705504535862,0.09247055129297929,0.008713454426548412,0.8829110877594897
6,mlp,10625,3,3,1.507567685779458e-10,2.072035975323928e-09,4.459652095270432e-11,0.999892586347877,2.7753163256861097e-05,1.6597334912671788e-05,6.30608865641563e-05
6,mlp,8144,6,6,0.0008619231535366892,2.8323430681865435e-05,0.00010137503320643074,0.08576617994737809,0.007216939286056241,0.0025547449165791714,0.9034705142325614
6,mlp,5982,4,4,5.536023990470869e-08,1.911781158559016e-08,5.7008946184357396e-08,2.2292111271002696e-05,0.999813023136624,1.05385936894831e-06,0.0001634994057384075
6,mlp,12828,3,3,8.118119495680354e-07,6.30298624681378e-07,9.100132890009204e-07,0.978210117468647,0.0009299311450819806,0.0024646465636756617,0.01839295269873216
6,mlp,6198,4,4,3.883718987764651e-09,1.656067116199203e-09,7.074799248539829e-09,2.8182707649392677e-06,0.9999748569183927,1.8122076213221876e-07,2.2130975494854056e-05
6,mlp,7633,6,3,4.237409288364601e-05,8.318642254817967e-06,5.405231765290578e-06,0.6502148547667619,0.008109444879437905,0.0018212396802687533,0.33979836270662783
6,mlp,551,5,5,1.9428168210016628e-07,4.918501907299058e-07,9.253982688314789e-07,0.000891609674526021,4.482202119279603e-06,0.9990744082437245,2.788834948844241e-05
6,mlp,1658,5,5,0.0001469422403796465,3.828785359952513e-05,0.0004317864834056534,0.00334844945302997,0.0001561704857218627,0.9901294406507324,0.005748922833131114
6,mlp,2802,0,0,0.9886859837029053,4.042112616604166e-05,0.008594729473420095,5.171200905126202e-08,0.0025683718948015257,9.031877069529321e-05,2.012332000259673e-05
6,mlp,8760,6,6,0.0002498038273955787,3.0162642300780946e-06,0.00029436458397308715,0.005945619387566441,0.0008751104055263853,0.0017243406109407806,0.9909077449203677
6,mlp,10689,3,3,6.805277957668e-10,9.110266166143675e-09,9.859278182551935e-11,0.9994372200846193,0.0003105556568483033,4.950422596870206e-06,0.00024726394654872976
6,mlp,5571,4,4,7.995781299799538e-07,5.445493945036258e-07,1.3041545818160467e-07,0.07654952710970918,0.8947156177956238,7.738828606330958e-05,0.028655992265620957
6,mlp,12304,3,3,1.921295009064775e-08,6.676297095773615e-08,5.777818393100325e-09,0.9985446036155005,0.00034125482823927684,0.00017002244191618098,0.0009440273606046678
6,mlp,7923,6,6,0.001478687809728313,8.483384025182856e-06,2.3469745185885327e-05,0.11811225222030466,0.0029579106025334574,0.022249181829736342,0.8551700144084862
6,mlp,5197,2,2,0.021114765239530566,0.0004112838446731603,0.9781169296462886,4.726442350579718e-10,0.0002696287068394393,8.620016617884096e-05,1.1919238452502321e-06
6,mlp,13409,3,3,7.533005310406532e-05,1.0653726833353972e-05,3.5148236674825906e-05,0.5516605238144384,0.006883436590392076,0.004511458169691821,0.43682344940886536
6,mlp,12169,3,3,7.419710817587899e-08,1.5599264312989823e-07,3.7964782685462186e-08,0.9953618413770067,0.00017550940255193698,0.0011170028887598348,0.003345378177147612
6,mlp,6348,4,4,1.6264465225810846e-05,3.901965309063585e-07,1.5194354574196771e-05,3.9058885633072105e-05,0.9941254323640882,2.105439335308636e-05,0.005782605340594741
6,mlp,3683,1,1,2.549168337575287e-08,0.9999707724658431,2.8588369552247542e-05,5.48535736745315e-23,6.11687854079971e-07,1.985067419764136e-09,5.787006569816373e-22
6,mlp,9767,6,6,0.09493147766693505,0.000135231463597564,0.020102281528803945,0.0012824832626081744,0.0011587460433139251,0.0738965726849809,0.8084932073497604
6,mlp,5295,2,2,0.010430388438508024,0.0001323154843131239,0.9887960433769496,1.3500903163327756e-10,0.0006046449204143412,3.628353412713729e-05,3.24110678782203e-07
6,mlp,8782,6,6,0.0004993838228259458,3.913297234345945e-06,0.00026661053985106443,0.0025247906298350837,0.003158655927012401,0.0004547461490732242,0.9930918996341679
6,mlp,5504,4,3,4.196916264294799e-07,1.084714514536973e-06,5.21820838032496e-08,0.9021588009515071,0.08433765619080716,6.521944511246556e-05,0.013436766824348464
6,mlp,11688,3,3,2.5378858814160425e-08,1.213617305244924e-07,3.914821324471818e-09,0.9960151245133052,0.0011629715071376728,2.9948622868778943e-05,0.0027918047012777426
6,mlp,13118,3,6,0.00010779013647406416,8.455652380835327e-06,8.681867075006918e-06,0.3864369979621381,0.00306994962403368,0.002287745084235657,0.6080803796736626
6,mlp,4152,2,2,0.05966680704018822,2.391879202514254e-05,0.867785570698578,3.1298617077045283e-07,0.071808699829996,0.00038419938192382996,0.000330491271118096
6,mlp,11042,3,3,3.6268612359516215e-09,2.9090318448152744e-08,5.263856936957317e-10,0.9983559229783333,0.0006885604828368981,8.90030814314307e-06,0.0009465829871214865
6,mlp,1685,5,5,1.8212619276689788e-05,7.163256431727598e-06,2.2167914604248375e-05,0.00011102663243378487,9.916464506208155e-06,0.9996944097908912,0.0001371033218559683
6,mlp,9343,6,6,0.0067704998993167505,7.789610365167042e-05,0.006978475013641655,0.004198799403671128,0.0007733178623185973,0.21074461139806452,0.7704564003193357
6,mlp,4140,2,2,0.017231953554353103,2.2592207412433735e-05,0.9803979255538214,1.7197461813997857e-07,0.0016972094781611984,0.00035262055143283613,0.00029752668020083386
6,mlp,7372,6,3,6.086094249285552e-07,7.217376594172978e-07,4.484008286506162e-07,0.97993550113788,0.0004611512283101346,0.00938211842795126,0.010219450457945346
6,mlp,7595,6,3,1.7916706995389247e-05,7.319078939680177e-06,1.6626485344087954e-05,0.886046496104918,0.0022295026406076598,0.013903339283185821,0.09777879970000913
6,mlp,7588,6,6,0.00010763263413807411,2.1186046600463204e-05,1.649808933766675e-05,0.37764748542180876,0.08888079150662041,0.0012992417189885016,0.5320271645825062
6,mlp,5721,4,4,5.2558211459541444e-08,1.3325832156216798e-08,4.130333547370642e-08,5.181330814292604e-05,0.999422199088712,1.2118135663033952e-06,0.0005246686021995019
6,mlp,4761,2,2,0.11244239309552662,0.00012730880336491688,0.8828539229195401,1.6339440536515522e-08,0.00431781057356428,0.00022142002959475688,3.7128238968850155e-05
6,mlp,8620,6,6,0.002456470290878229,4.424507475073333e-06,0.00016065373863010252,0.0058688478692428036,0.0006637639627097835,0.0011299362748620357,0.9897159033562019
6,mlp,848,5,5,8.069880228693248e-07,1.8960245818441501e-06,3.3387596228017366e-06,0.002144677962161095,1.6165496638383957e-05,0.9976993126876263,0.00013380208134659635
6,mlp,5979,4,4,5.471810659484931e-06,3.677193654422613e-07,4.172470129708819e-06,0.000273438809408653,0.9853096814665743,2.9614705634080753e-05,0.014377253018228318
6,mlp,8874,6,6,0.0003057141804392811,5.7403372241671e-06,0.0002614215972821593,0.0044653743905404995,0.02626098219795552,0.0006113467922573044,0.9680894205043011
6,mlp,3437,1,1,0.00024066691008004328,0.9996860052001062,6.919058574604546e-05,3.3234258418463797e-18,3.838188911339855e-06,2.9911515660718027e-07,1.622553889103052e-17
6,mlp,11773,3,3,1.1331425472118758e-08,4.81279585174676e-08,2.325445205109273e-09,0.9986953632423724,0.00024170103857689727,5.2780238490705726e-05,0.001010093695730762
6,mlp,12214,3,3,2.833716639518238e-07,5.573416832108709e-07,5.997456202083965e-07,0.9489353958471984,0.00021318304056659352,0.04488472760253568,0.005965253050731839
6,mlp,8649,6,6,0.00012067721880636777,3.7574581531433313e-06,9.406173427231769e-05,0.006769090481384465,0.01075826016801517,0.00044798990963570545,0.9818061630297329
6,mlp,6668,4,4,5.115641972706428e-05,2.265586823416619e-06,0.000673751224497464,0.00014461271731089486,0.9858195499840301,0.00017439111898372056,0.013134272948627502
6,mlp,2862,0,0,0.9999635870362364,1.0356453471111815e-05,3.6846214969933857e-06,2.363358900133997e-09,4.2738896699897194e-06,1.809169113261229e-05,3.9446340481039605e-09
6,mlp,4590,2,2,0.3681118543841732,0.00031464000940511756,0.5850752970053789,8.490515184819531e-08,0.04549886243608502,0.0009521768052056103,4.708445460028047e-05
6,mlp,433,5,5,2.1589220559891746e-08,5.5660086152122046e-08,5.859446536417507e-08,3.6158653164401995e-05,2.654444723119261e-07,0.9999621856859534,1.2543726379789973e-06
6,mlp,13499,3,3,9.938886146174859e-05,2.6113698644734766e-05,0.00012382874011021694,0.647256534646155,0.0035554071266133097,0.038724789793672824,0.310213937133342
6,mlp,3563,1,1,9.597801712009025e-06,0.999974179395399,1.4775003723049834e-05,8.716577666049229e-21,1.4304139358861527e-06,1.73852300507829e-08,4.6101978977967e-20
6,mlp,10697,3,3,1.0332844500793187e-08,2.0342368898311385e-08,8.312047597337447e-10,0.9989066194081241,0.00010983293557681052,4.7553347197346506e-05,0.0009359628026836537
6,mlp,241,5,5,1.9040531559445318e-08,8.243933801028879e-08,6.695476522688255e-08,0.00021376888223565837,8.041947198025158e-07,0.9997827432675048,2.515220904880373e-06
6,mlp,9111,6,6,0.0008199160660288579,1.2445533553916564e-05,0.0005402155402779348,0.008118915107228689,0.0011611289489967106,0.009384898875436906,0.9799624799284768
6,mlp,3771,1,1,2.837754219495388e-07,0.999982310739274,1.5816680144082008e-05,5.4759981929008265e-24,1.5874559809385456e-06,1.349178844129066e-09,6.57734679106893e-23
6,mlp,788,5,5,0.00011237016764352593,2.6044301542473625e-07,1.741302300092801e-08,7.649871511922481e-05,2.548189248893933e-06,0.9998052587649355,3.0463070144213288e-06
6,mlp,9385,6,6,0.0020195095377367493,1.5052840558255343e-05,0.0015619971837931353,0.0018138232154066118,0.00035402943062235847,0.028376940687385995,0.9658586471044969
6,mlp,2918,0,2,0.48116252224320055,0.0005923766230217882,0.5160383153527635,2.972441040299954e-08,0.000712399330807739,0.0013948320047781823,9.952472101780638e-05
6,mlp,2157,0,0,0.9973132784059616,2.3131263837362537e-05,0.0007522124066030222,1.2640533804621066e-05,0.00022589085344437102,0.0004920820780140937,0.0011807644583349465
6,mlp,2573,0,2,0.0932482953042379,0.000685957613536428,0.8937375525919089,5.099994626404821e-07,0.0002941504069467703,0.011077496966624863,0.0009560371172824419
6,mlp,12497,3,3,7.223007947656066e-07,7.182198413165028e-07,1.2725897039307942e-07,0.9803997039195678,0.0004355841345190626,0.0006168989116323572,0.01854624525467438
6,mlp,4787,2,2,0.002648086894694845,4.110389781175627e-05,0.9860557983314888,7.963354958268007e-09,0.011040381519559425,0.00017291218134076662,4.170921174945145e-05
6,mlp,7074,4,4,6.275762426473639e-06,1.0388098368299274e-07,3.087121020771798e-05,2.760495489082081e-07,0.999955534295115,9.050527412834834e-07,6.0337489769714936e-06
6,mlp,12321,3,3,2.4267876006408644e-06,1.6525325457813378e-06,1.9158505561296197e-06,0.9474480643273745,0.0006140107776009689,0.024944428442430444,0.02698750128189161
6,mlp,5274,2,2,6.217993537494336e-05,2.5056584352116597e-05,0.9998841785693197,1.7258341104785924e-11,2.2220575099630133e-05,6.2514078327789455e-06,1.1291076236933671e-07
6,mlp,12656,3,3,6.887258360988385e-06,1.723876409564287e-06,2.4107541876699516e-06,0.8338647302408455,0.0012190715052895686,0.0028779986929440633,0.1620271776719629
6,mlp,6552,4,4,2.5202833022106285e-05,7.127048818781494e-07,3.2940570971374584e-05,4.743556426817703e-05,0.9860908599178532,5.093218941170267e-05,0.013751916219591702
6,mlp,323,5,5,8.48865705149918e-09,2.014012004690015e-08,8.293936369555223e-09,7.017428664714103e-06,8.445561106803463e-08,0.999992601003383,2.6018962756113055e-07
6,mlp,7455,6,3,1.9379060080000635e-05,4.386877848719381e-06,4.2093971469079875e-06,0.5893703424797344,0.00682787779408278,0.0007304089348968315,0.40304339545621043
6,mlp,823,5,5,3.8552729979604176e-07,3.64014976791872e-07,7.019645832394451e-07,8.459035024671655e-05,1.3669886569993838e-06,0.9999019823386722,1.0608815564266453e-05
6,mlp,12158,3,3,2.581863161751952e-07,2.983988537255184e-07,9.356684198502279e-08,0.9877667722480729,0.0003385096179002514,0.0006591639720679452,0.011234904009947248
6,mlp,8119,6,6,0.0006115891158080045,3.4790287775163027e-06,2.3040273752790045e-05,0.030655181526321445,0.0024150520018792867,0.0007701472959701078,0.9655215107574908
6,mlp,4146,2,2,0.013788225637174504,2.4668661524858653e-05,0.982752798306527,1.2097174904784174e-07,0.0028043251312438464,0.00022444646650424607,0.00040541482527637934
6,mlp,11600,3,3,1.9384378375161124e-08,5.4183037205323445e-08,5.6171290274389595e-09,0.9980923108805271,0.0002062677024767806,0.00014277968724848468,0.001558562545203122
6,mlp,266,5,5,1.1802145198614153e-07,3.355845430847415e-07,4.983161509996767e-07,0.00240318897748252,7.724711292242509e-06,0.9975493688775185,3.8765511560693944e-05
6,mlp,11911,3,3,3.127260491210369e-08,7.095829209241084e-08,1.2393984139516727e-08,0.9973182952200024,0.00024588972803628187,0.00022518880305435104,0.002210511624025708
6,mlp,8319,6,6,0.00028050226224367027,2.3817473626182963e-05,9.676870137365712e-05,0.21494601533126084,0.006023523649728353,0.026230604800363714,0.7523987677814036
6,mlp,9860,6,6,0.013782727582582614,2.156012585827627e-05,0.004757659132667452,0.00038478530710876524,0.0006344053792935772,0.003939271820487646,0.9764795906520016
6,mlp,12176,3,3,5.837692476286949e-06,1.807910563311475e-06,4.3161828211638604e-07,0.8584017846196219,0.00381669681834396,0.0005125562650966543,0.13726088507561576
6,mlp,12318,3,3,3.8584848469564723e-07,3.629330017850161e-07,1.6111122339275778e-07,0.9861312836039732,0.0006210531933036337,0.0007065564750351462,0.01254019683497821
6,mlp,550,5,5,4.7060243096969197e-07,4.672183206021925e-07,2.865933375272961e-07,0.00018921925964454623,2.740734017998015e-06,0.9997951485243055,1.166706794277179e-05
6,mlp,8702,6,6,0.0004804226729797055,7.556489103648621e-06,0.0003150990966090858,0.005426240293052197,0.022301540846390404,0.000686351140052183,0.9707827894618128
6,mlp,4021,2,2,0.1332523098286046,7.515377100254416e-05,0.8328504706072206,2.4126116063050237e-06,0.018171759176193573,0.001242971832795525,0.014404922172576717
6,mlp,12935,3,6,0.00047752429713786195,3.104755780154603e-06,3.6219081727202884e-06,0.44191159072300046,0.03834672261524925,0.003210294936810049,0.5160471407638495
6,mlp,7604,6,6,0.0001735281711636679,1.2699126952207788e-05,5.376696537442612e-05,0.388669663839749,0.003809786257388771,0.011763679513457246,0.5955168761259146
6,mlp,13412,3,5,0.00011734093095699544,5.921426845501975e-05,0.00027142898944068774,0.2743706935581779,0.0011716665791713281,0.6688099084499458,0.05519974722385229
6,mlp,2496,0,0,0.9998081108198074,1.907350071308143e-06,4.259012934327098e-06,3.341866445420522e-08,0.00014684109370294095,3.8612313995275855e-05,2.3599082440029793e-07
6,mlp,11670,3,3,1.1644823386087751e-07,2.203317279068993e-07,1.2548370217699152e-07,0.9540942712904024,0.00010768620976178617,0.042729985086627946,0.0030675951495442748
6,mlp,1336,5,5,7.388976835012513e-05,2.0747374201118672e-05,9.259776084780592e-05,0.004063485251225247,0.00011778525684894493,0.9935385884089574,0.0020929061795694997
6,mlp,5411,2,2,0.016055676055717834,0.0014878468130995843,0.9821908416593301,3.7178051102011494e-11,0.00017137192200028078,9.415522931967796e-05,1.0828335439421556e-07
6,mlp,11286,3,3,8.01726960613753e-09,3.1184843314358336e-08,1.7170322241260468e-09,0.9985331311087537,0.00019971020401774177,4.469356129111566e-05,0.0012224242067922107
6,mlp,13213,3,3,3.203892933668044e-05,2.9878093939326665e-05,0.0001104489828430661,0.5135470416125165,0.0016964017933919777,0.4395477630377562,0.04503642755021621
6,mlp,1364,5,5,8.881192929296272e-06,1.0985310316678235e-05,2.684257694262734e-05,0.002766573594804424,4.977870810175528e-05,0.9963747180890554,0.0007622205278499166
6,mlp,699,5,5,2.473808671217835e-07,3.508549872267055e-07,2.385542615217077e-07,7.172737697748303e-05,1.2115529428278415e-06,0.9999219608747117,4.26340525203334e-06
6,mlp,5880,4,4,2.1688342428099896e-05,1.296124784044161e-06,1.556146244360568e-05,0.0006715980281409039,0.9738008731266282,7.174964080874765e-05,0.025417233274766277
6,mlp,6278,4,4,0.07210385661926277,0.00011518054281377413,0.012478388265489625,0.00215009881750936,0.7821251827277652,0.002688879376085662,0.1283384136510737
6,mlp,11064,3,3,5.473692474009724e-08,4.964487996825808e-08,6.121852638901221e-09,0.9954243323451568,0.00010163333721881852,0.0002540428554840024,0.0042198809584830035
6,mlp,9334,6,6,0.0011096713479316768,3.201406522234898e-06,0.00018840452350208346,0.0006987066989851354,0.00029890132138023814,0.0010415458554835684,0.9966595688461951
6,mlp,7880,6,6,0.00011182802079708035,7.568114094845968e-06,3.698514898526902e-05,0.08623508572367437,0.00858469775244952,0.00097106986229973,0.9040527653776992
6,mlp,2577,0,0,0.9983754283455727,0.00011908347207224917,0.0001955439601792731,4.535495421589927e-07,7.723178999114529e-05,0.0012159308706203267,1.6328012021948206e-05
6,mlp,12434,3,3,8.695889567212921e-07,6.724051493165372e-07,2.2040003052627826e-07,0.9752122547928416,0.0003359427905684783,0.0020653400359010596,0.02238469998655223
6,mlp,13081,3,3,7.886555810207699e-05,9.92361850607423e-06,1.0990612111468218e-05,0.6368906189502038,0.0013129723554664238,0.05653963182499361,0.30515699708061655
6,mlp,11805,3,3,8.111172468036866e-08,1.868437822846349e-07,8.398684299854754e-09,0.9772656450024075,0.01793316910239986,5.957664431055956e-05,0.00474133289669082
6,mlp,10885,3,3,5.74092000818102e-10,4.56270226174065e-09,3.64202768685973e-10,0.9996689905572944,3.2867598736141804e-05,0.000130484934393874,0.00016765140857864926
6,mlp,10948,3,3,4.2303479847175815e-09,1.6677820499213354e-08,3.8461311701583745e-10,0.9992523000104188,8.518134841616843e-05,2.134399218838019e-05,0.0006411533561950748
6,mlp,3713,1,1,1.7615794505568193e-06,0.9999979902410122,1.9037113849452105e-07,1.2445050238215074e-22,5.2581267962122194e-08,5.227130924641511e-09,6.281712923973116e-23
6,mlp,3273,0,0,0.9998145581822157,0.0001578108271412782,1.142447903146936e-06,1.0257644679302793e-10,2.2249839515294453e-06,2.4263341182010136e-05,1.1502978014803315e-10
6,mlp,12642,3,3,9.846814126768951e-07,1.7676450706036182e-06,1.2742881493215823e-06,0.9410324572811399,0.00030512812009378046,0.048388962984936466,0.010269424999197217
6,mlp,11736,3,3,1.360994727618661e-07,1.7561830866982554e-07,9.477256194149256e-09,0.989365262492043,0.0005236384840879015,6.691403911145191e-05,0.01004386378971989
6,mlp,822,5,5,7.180410114057372e-08,1.8914228238895412e-07,9.518878339460106e-08,3.3218522861117486e-05,5.479692630759289e-07,0.999963505542886,2.3718298228231156e-06
6,mlp,6775,4,4,7.15941334367767e-07,5.8454364816885435e-08,2.9139986578334123e-06,2.5325431798557027e-06,0.9998548714262852,1.8423725133866371e-06,0.00013706526366461194
6,mlp,9171,6,6,0.0007885601365504836,3.361472026264011e-06,0.0012007765393092342,0.001052003678374482,0.010535874143802224,0.0006668833982051957,0.985752540631732
6,mlp,1346,5,5,4.073501691323783e-05,2.3826631990665677e-05,0.0002980210658610729,0.06316878355282787,0.00038209343419563313,0.9179895695349967,0.018096970763214783
6,mlp,9903,6,6,0.0017529897607415253,1.4147431276206862e-05,0.018648614413235443,0.0011261628095490326,0.1876681606370265,0.0018948186408389298,0.7888951063073324
6,mlp,3719,1,1,1.330764969210437e-07,0.9999908769877897,8.572772535734435e-06,2.0534148183516757e-23,4.1549075710569723e-07,1.6724205165751262e-09,2.8967230060064497e-22
6,mlp,3181,0,0,0.9669947655942781,0.00018335512740799494,0.03129732906730483,3.5838952256247523e-09,0.0014403548387420522,8.355041291907451e-05,6.413754527598777e-07
6,mlp,11410,3,3,2.283308991389647e-08,6.075615948007464e-08,1.770354743854356e-08,0.9945290912255982,5.764707894301189e-05,0.003942486023516463,0.0014706743791453442
6,mlp,9114,6,6,9.197796830540002e-05,3.303308527089911e-06,4.005697122919091e-05,0.005396238699035629,0.09887708870196621,0.0008246813864791389,0.8947666529644575
6,mlp,13039,3,3,3.6568827811680565e-05,7.2786376443165225e-06,7.3690019660391454e-06,0.788204959869982,0.002940892892586809,0.006356059360437056,0.20244687140957224
6,mlp,4462,2,2,0.06051405137244891,1.2319328572640169e-05,0.7982933186007445,7.42684751709379e-08,0.1353150697364613,0.005839401864049389,2.5764829248016838e-05
6,mlp,1193,5,5,3.642750187652028e-05,8.549172619086433e-06,9.426030885328904e-06,0.0007137024433453078,3.8661923724077644e-05,0.9988244368671231,0.00036879606042660237
6,mlp,600,5,5,2.591097983537014e-07,4.627384860390073e-07,1.4213217917174899e-06,0.0008474894612567342,4.44199117211082e-06,0.9991037860779708,4.2139299524361644e-05
6,mlp,3880,2,6,0.11279607766477856,4.799799023738219e-05,0.32091897934354,0.0005316907080753318,0.03649446522678208,0.0037509012590854,0.5254598878075013
6,mlp,4879,2,2,0.013534928269065521,6.162371532307951e-05,0.9847729646518238,3.0255052061080526e-09,0.0015234278871556696,0.00010011258475990492,6.93986636661925e-06
6,mlp,2547,0,0,0.9994845164144296,6.548021983981679e-05,5.0253491126064345e-05,1.0021873099416876e-07,1.724457883121417e-05,0.00038168031076005454,7.247662822486966e-07
6,mlp,1623,5,5,4.936447778937197e-05,3.151165075472972e-05,0.000493434914757846,0.005698089990331527,0.000151645910095592,0.9885903966004133,0.0049855564558577625
6,mlp,7441,6,3,8.82376877054917e-06,3.3464593379351344e-06,2.2170012505972304e-06,0.905808167467135,0.002780738971309332,0.0014743867995636187,0.08992231953263306
6,mlp,12503,3,3,2.2458087392257946e-06,1.2023489648620789e-06,1.8201070299674383e-07,0.9479053166665045,0.002787196744710746,0.0003903251598103565,0.04891353126056735
6,mlp,1876,5,5,0.2148354393355113,0.0011320776562208765,0.002469316079928116,0.003782447331350569,0.0017032878714349651,0.759224357514495,0.01685307421105911
6,mlp,6669,4,4,2.6702063931519646e-06,3.8445152771253694e-07,1.617214398433572e-05,2.9923121914442295e-05,0.9992877278131481,1.7213543580736595e-05,0.0006459087194515761
6,mlp,10365,3,3,4.44555462599996e-10,3.0260793734847145e-09,5.802947419304524e-11,0.999790092603001,4.4775863893566604e-05,1.189048896481489e-05,0.0001532375154761605
6,mlp,7906,6,3,3.3650889694442425e-05,6.394072308198901e-06,1.8622837805080837e-05,0.5003559836801599,0.024262887740771056,0.002432495076254601,0.47288996570300684
6,mlp,3575,1,1,8.091452598851622e-06,0.9999857310039395,5.589136912325131e-06,7.004591016242513e-21,5.726085657847496e-07,1.5797983642247712e-08,2.3783618888064764e-20
6,mlp,6132,4,4,0.0005337061500006487,1.575803236054664e-06,0.002551170477595074,0.00010330674789052779,0.985463685357852,0.00011249894279813625,0.011234056520627703
6,mlp,2650,0,0,0.9995062814778364,2.421064572941835e-05,0.0003046085358305562,6.883377770787979e-08,7.478430289407601e-05,8.831914218135899e-05,1.727061750473446e-06
6,mlp,6667,4,4,0.002892939265495837,2.6306999157165687e-05,0.031569306885231345,0.00017861387131733132,0.9236057873858945,0.0005844411325808831,0.041142604460323015
6,mlp,2372,0,0,0.8406314012441526,0.00015078216913099338,0.1517701468551898,1.2201702616351853e-06,0.00411424695244928,0.0012670070026874294,0.002065195606128037
6,mlp,2890,0,0,0.9998316115593373,9.686010883914845e-06,0.00012334935209949832,2.983258331076187e-09,2.1730355606194804e-05,1.3396807112750217e-05,2.229317018160466e-07
6,mlp,6024,4,4,5.012639103338984e-07,2.216769891639088e-07,1.0519859949189616e-06,0.0001506536016527565,0.999418533810263,7.1302529690710535e-06,0.0004219074082206062
6,mlp,9170,6,6,0.002394587471133649,3.013863294306946e-05,0.0032802527408397715,0.005033431747123796,0.0008870286339696487,0.05385496609408696,0.9345195946799032
6,mlp,6568,4,4,1.3274960554766177e-07,1.2479025106212854e-08,1.8814249343341587e-06,1.6592752834663903e-06,0.9999306397232803,5.230133317692205e-07,6.515133453929867e-05
6,mlp,11085,3,3,1.8991713020076918e-08,5.209085734135759e-08,2.072219300160163e-09,0.9960668123668032,0.000531829531874463,2.478490409924123e-05,0.003376500042433325
6,mlp,8002,6,3,0.0001463749937901163,2.2118544212157578e-05,7.66641383335292e-05,0.5249954881961646,0.005992280410080967,0.028969738486837725,0.43979733523058095
6,mlp,4026,2,2,0.006010654752599676,1.937832000161854e-05,0.9897969547186691,5.579146067154578e-07,0.0016608131715848433,0.00032714184187419956,0.0021844992806641823
6,mlp,11059,3,3,1.6516276428321783e-08,5.5595015121634385e-08,1.3023341808989648e-08,0.9890731301778657,0.00010918238238097686,0.01021244818319708,0.0006051541219228953
6,mlp,9573,6,6,0.01103310044088427,9.007262050538004e-06,0.002855360239564156,0.0007239571777925405,0.004914602171162408,0.00080700303938952,0.9796569696691566
6,mlp,7638,6,6,0.00014582858819377656,1.0540105312521633e-05,3.6789322645320484e-05,0.31954967538508955,0.0041934933005295634,0.005432982923277478,0.6706306903749517
6,mlp,4721,2,2,0.003399910109462629,6.539742785168846e-05,0.99627284744878,2.9885353167238332e-09,0.00017056883372095557,7.923883541877602e-05,1.2034356230652234e-05
6,mlp,9030,6,6,0.00010079452658931245,1.73898609734797e-06,0.00017410231545854233,0.004817277968765958,0.002601329602398784,0.001194965028398326,0.9911097915722918
6,mlp,10516,3,3,2.1803761175786632e-10,2.1120623089547857e-09,3.9123082988020595e-11,0.9998544719776078,4.024134624339141e-05,8.484234741028956e-06,9.680007218463531e-05
6,mlp,11120,3,3,1.073833064912799e-08,4.860822875469233e-08,1.0831212808821013e-09,0.9923808652556713,0.0066693426621930625,1.5282147766089245e-05,0.0009344495046889832
6,mlp,2796,0,0,0.9999778426399237,4.558904720975338e-06,3.126863183470955e-06,2.897414692830331e-09,5.529802822594058e-06,8.923451687041001e-06,1.5440247416320307e-08
6,mlp,2161,0,6,0.3081522039109712,0.00015721452601696493,0.08960626366096555,0.0002817104553955562,0.05650685485410053,0.009282219878323188,0.5360135327142271
6,mlp,83,5,5,5.800156477408325e-08,1.8238236889929005e-07,1.9775144982181616e-07,0.006097210309595224,8.831421377667855e-06,0.993856871778465,3.664835517855657e-05
6,mlp,7742,6,6,0.00018577885263302362,2.0683056629098683e-05,7.06784650430866e-05,0.36086227281493216,0.0028789341168294984,0.03911536645886787,0.5968662862350652
6,mlp,1773,5,5,1.2125655935755637e-05,1.2068132462011393e-05,2.226037907424831e-05,0.00010376736349059335,8.460015806365188e-06,0.9997626090699703,7.870938326085463e-05
6,mlp,10231,3,3,1.0573963096628669e-11,2.7502895453215453e-10,2.217724725945601e-12,0.9999612668503488,2.394596086929789e-05,1.6178704296295828e-06,1.316903053156265e-05
6,mlp,8006,6,6,6.889473342754665e-05,8.713195296064422e-06,5.38982248641726e-05,0.3230077736905587,0.00586603727525007,0.0032069389743723674,0.6677877439062311
6,mlp,652,5,5,7.348265278872444e-08,1.3832571547389756e-07,6.40193595206524e-08,3.2453780298547316e-05,5.272812493900198e-07,0.9999642097294732,2.5333812509669543e-06
6,mlp,9336,6,6,0.0017055711032389561,1.5959009766647666e-05,0.0032545283024894905,0.0023877222844353916,0.0005084220158441517,0.03793223333813505,0.9541955639460903
6,mlp,5466,2,2,3.548552782176444e-05,9.631718887561948e-05,0.999820768148265,7.408658515494708e-13,4.369611883409963e-05,3.7311675189761755e-06,1.847943696932857e-09
6,mlp,7144,4,2,0.015698629992893228,6.054697073893669e-05,0.7539327931304205,1.0604449992232479e-05,0.22357948849626275,0.0007667691323645827,0.005951167827327564
6,mlp,6762,4,4,0.0012152436327506403,9.636663015337585e-07,0.003422037007943189,8.331843841048176e-06,0.989871972235511,5.868131966916989e-05,0.0054227702939833086
6,mlp,4234,2,2,0.0001370363914308559,3.898313693930293e-06,0.9996792486733641,8.147151551532919e-09,8.200310993653297e-05,3.694285042804794e-05,6.086251399508975e-05
6,mlp,3697,1,1,6.002859718978897e-07,0.9999969798838819,2.080425114353975e-06,6.390110511433223e-23,3.372777232900667e-07,2.127308654098603e-09,2.4193226985468995e-22
6,mlp,11360,3,3,5.942037214837903e-09,4.2569964663337135e-08,9.123648441164461e-10,0.9968533051423845,0.002314937696845398,1.3997915600650505e-05,0.0008177098208025793
6,mlp,10869,3,3,9.54451893277447e-10,9.034704961138575e-09,1.0342608688553355e-10,0.9984589628072431,0.0011348755252213968,4.469424725192421e-06,0.00040168215022723066
6,mlp,11486,3,3,1.4041521607847488e-08,5.4724541910445226e-08,1.526074008694942e-09,0.9986321859475897,0.0002690732812674012,2.866478581380741e-05,0.0010700056931915326
6,mlp,1309,5,5,1.1546522900195592e-05,7.110466017258283e-06,1.930353836821436e-05,0.0010886705985314778,2.6810717750076437e-05,0.9985043521542883,0.0003422060021444537
6,mlp,2619,0,2,0.01775541794710146,4.6494467075380365e-05,0.9804149007923348,1.0865649039543205e-07,0.0009884479299393147,0.0002731309964238655,0.0005214992106348126
6,mlp,3207,0,0,0.9999791116374644,8.177404094568451e-07,2.1185325194455722e-07,4.7094274413897514e-11,1.8309385854339098e-05,1.5492811617039194e-06,5.4763736297255765e-11
6,mlp,5246,2,2,0.013080035971200383,0.0001782514280898877,0.9864427222897465,1.7439123705808293e-10,0.00024873332343392754,4.97001571640888e-05,5.566559738025692e-07
6,mlp,4845,2,2,0.00020364130449461955,1.7945668539676132e-06,0.9983741567750419,2.663432860185553e-10,0.0014088186635222114,1.128651649222275e-05,3.019072515631704e-07
6,mlp,6632,4,4,0.00021215089489391077,1.65428096992929e-06,0.0002666867374695207,4.189966267661644e-05,0.979802500199706,7.072032485529406e-05,0.019604387899428723
6,mlp,3395,1,1,0.00036597139407094215,0.9991619096763198,0.0004636651703803358,4.041031691384752e-17,7.448076236751838e-06,1.005682991724027e-06,4.588693689236238e-16
6,mlp,8840,6,6,0.0015107022435035316,1.1840088643773645e-05,0.0008758640109918442,0.006214023418209537,0.0011939193385056516,0.0084345936570339,0.9817590572431117
6,mlp,5731,4,4,9.974393029352556e-10,4.6373146713045337e-10,1.3565855027947093e-09,1.96650869316023e-06,0.9999891966895663,5.468609375754477e-08,8.779297890544356e-06
6,mlp,1293,5,5,7.215783289087082e-07,8.554827133494528e-07,5.47474077220081e-07,2.758389356794288e-05,1.2681628632254781e-06,0.9999624212413012,6.602167148124087e-06
6,mlp,5200,2,2,0.014789329170003362,0.0006634675969770952,0.9841087974140118,7.934229095740554e-10,0.0003114619739124329,0.00012588187066684423,1.0611810056981425e-06
6,mlp,3364,1,1,0.009373969388952005,0.9771466371290346,0.01335757448076677,1.624561870131629e-15,0.00011148523945863958,1.0333761722146258e-05,6.422767668992055e-14
6,mlp,6197,4,4,5.58658289393294e-08,8.593795047562508e-09,6.865966274413272e-08,5.66959944872003e-06,0.9998255185244902,6.152698172831879e-07,0.0001680634869570536
6,mlp,5218,2,2,0.015955029155942522,0.0002393120443450843,0.9834402129930411,2.656799653303334e-10,0.0002244349799901174,0.00013992512476534148,1.0854362359383273e-06
6,mlp,3485,1,1,8.864014239617308e-06,0.9997105669962821,0.00027609922548158384,1.3506913090992481e-19,4.384777116622868e-06,8.498688006409484e-08,2.8269861267567718e-18
6,mlp,6178,4,4,3.1426143865614654e-07,3.5592803221527286e-08,3.1101719039747774e-07,2.1725456628027283e-05,0.9991137733163821,2.262249135494096e-06,0.0008615781064222008
6,mlp,320,5,5,1.8333106281998605e-07,2.4596867120300915e-07,2.829243705807687e-07,0.00043566891392977415,2.773521891277095e-06,0.9995460310342846,1.4814305789830608e-05
6,mlp,7727,6,3,3.067791928946139e-05,8.61451524630032e-06,1.04494506672486e-05,0.6944779329866877,0.005786556898222974,0.0016667929979434155,0.2980189752319428
6,mlp,4056,2,2,0.04216613731230008,0.00012286281806234153,0.8890686326255429,2.060859389539825e-06,0.06374704981552676,0.0025239887694487838,0.002369267799729632
6,mlp,8116,6,5,0.0008316537253675513,0.00012335141964890837,0.0015335718123569877,0.1554745053079345,0.002295977432054876,0.6719459227656424,0.1677950175369947
6,mlp,1100,5,5,4.575922511656485e-08,2.0866607626442646e-07,6.549578906892624e-08,1.1901419216440233e-05,3.0346496061860885e-07,0.9999866946372136,7.805575190586912e-07
6,mlp,12185,3,3,2.9106600102081147e-08,1.0042967058659401e-07,3.6239140024852044e-09,0.9955230529653418,0.0020466904917893604,5.398915638327266e-05,0.0023761342263008568
6,mlp,6656,4,4,7.243832240796319e-09,1.6702648722711569e-09,2.1397356445210285e-08,4.505389266771961e-07,0.9999879192602165,1.0012675847513365e-07,1.1499762644859666e-05
6,mlp,93,5,5,2.9509488018465272e-08,9.604436648476451e-08,1.2053301393419934e-07,0.002149793026569266,4.0380005827700105e-06,0.9978291410892686,1.6781796710824555e-05
6,mlp,2177,0,0,0.8985350365461695,0.00019463271201344883,0.06927079056637854,3.416442556974095e-05,0.0010391824754358166,0.01250959593845959,0.01841659733597333
6,mlp,5123,2,2,0.09555141823203471,0.002734991433169465,0.9007858698163415,2.723301159238515e-09,0.0003385970992656331,0.0005839955122396584,5.125183648061047e-06
6,mlp,6738,4,4,4.310286646391093e-06,1.0516592158366306e-07,1.2151467074372668e-05,3.7197788899145253e-06,0.9985252969936924,5.5383041152585905e-06,0.0014488780036601013
6,mlp,5590,4,4,3.6118852863900404e-08,2.263150887769811e-08,1.203302079842901e-08,0.0009635864512764011,0.997880336512974,2.6974511122081665e-06,0.0011533088012546616
6,mlp,7907,6,6,9.873294894075044e-05,8.714268669916391e-06,4.0672273597070577e-05,0.16246268388744364,0.01845605248903843,0.0015905880518879722,0.8173425560804222
6,mlp,5651,4,4,5.004147975364705e-09,2.124361597981979e-09,4.306872494667368e-09,4.5494025429799165e-05,0.9997442824588973,2.845916134331102e-07,0.00020992748867727746
6,mlp,874,5,5,1.1739053579556043e-06,2.0456599315577566e-06,3.307731459367731e-06,0.00162439370741629,1.4125117987376311e-05,0.9982293813209483,0.0001255725568992608
6,mlp,6509,4,4,2.3827346322861397e-07,2.9099895780555286e-08,3.402667151921272e-07,7.4404831825763605e-06,0.9995080195653875,2.0628869758886714e-06,0.000481869424379778
6,mlp,1823,5,5,1.4724468622576823e-06,2.3511748714184627e-06,9.329654326784961e-07,2.6503353696443085e-06,7.082561811933756e-07,0.999990016796285,1.8680249978893046e-06
6,mlp,2028,0,6,0.00021452000885444406,2.6301922942595546e-05,4.969960400163666e-05,0.45631326916383047,0.0037798868469998874,0.01226159663751667,0.5273547258158542
6,mlp,10184,3,3,3.3441161880603615e-12,1.418855001571523e-10,7.095537787762686e-13,0.9999770718955882,1.6700679524335034e-05,9.161856541110172e-07,5.311093294020673e-06
6,mlp,6463,4,4,8.858549370842542e-09,1.8240680319746489e-09,3.194300204075577e-08,7.203182025204565e-07,0.9999801882122366,1.207700964684392e-07,1.892807384510149e-05
6,mlp,8380,6,6,0.00018156686578362264,7.227283797725928e-06,0.00012852973864425798,0.05334395033108706,0.0016643684420352355,0.003393095974706135,0.9412812613639461
6,mlp,9757,6,6,0.014324234585793546,3.838865653258352e-05,0.0185314690606374,0.000649825604066418,0.0008771355423203281,0.032207465748492314,0.9333714808021574
6,mlp,12406,3,3,1.011520331818019e-06,9.183885898851554e-07,5.162680970451726e-07,0.9797354937199624,0.0003523690048293005,0.005459931827698181,0.014449759270491408
6,mlp,7279,4,2,0.00044464199862417355,1.5996486237647545e-05,0.8952304302506703,4.1770199385511276e-07,0.103773993226002,0.00016256204777014035,0.00037195828870197994
6,mlp,6879,4,4,4.937217866298003e-07,3.681933990553346e-08,2.533105288800922e-06,1.6383832714409508e-06,0.999686777012404,2.560683943950636e-06,0.0003059602739652488
6,mlp,5350,2,2,0.24624936490459176,0.008757476968820297,0.7434048741883551,1.770842642682647e-09,0.000987919896640062,0.0006000445034798199,3.1776727009125e-07
6,mlp,10101,3,3,1.3389619982611225e-12,5.94584377604136e-11,3.274160606605285e-13,0.9999866113916764,9.04669151246997e-06,8.565840827141321e-07,3.485271603570193e-06
6,mlp,5519,4,4,2.3818191657950682e-08,7.632578954504133e-08,6.044555684330023e-09,0.01593522359886178,0.9833809110123969,5.894823524310763e-06,0.0006778643766799863
6,mlp,10424,3,3,6.863411778518227e-11,1.0948343379132788e-09,2.3807491398452028e-11,0.9999182687212331,1.7278855102776147e-05,1.721188527774899e-05,4.723935111024664e-05
6,mlp,6770,4,4,8.430631522394002e-08,7.08692050203825e-09,4.106152758945166e-07,6.203819853611634e-07,0.999924519425072,2.940716855622736e-07,7.406411274535483e-05
6,mlp,9200,6,6,0.004030641196433864,9.256058098382317e-06,0.0004674056952156216,0.002255224610700281,0.0013171689817765566,0.0009143571142401338,0.9910059463435351
6,mlp,3022,0,0,0.997696877669647,0.00038273725985807236,0.0014813757548446855,1.1892538566476606e-08,9.67839423263924e-05,0.0003410907434875914,1.122737297716521e-06
6,mlp,8183,6,6,0.0009319967673508889,3.437051185245035e-05,0.00016822698146861656,0.1181597807406682,0.006320905411540227,0.005535455009006263,0.8688492645781133
6,mlp,301,5,5,5.314104817272973e-07,3.624122720093511e-07,8.07404715738718e-07,0.0011124183214341408,7.168796819058548e-06,0.9988010243561923,7.768729808493132e-05
6,mlp,797,5,3,2.1977405759239965e-05,1.567425759297099e-05,5.6358151255484725e-05,0.5528157035337935,0.0008343966585047087,0.41037936657121704,0.03587652342187702
6,mlp,1853,5,5,8.394653587240306e-05,3.180969616872494e-05,0.000237992219726603,0.0002629994988393467,3.0043653722953137e-05,0.9987821588497343,0.0005710495459357384
6,mlp,3159,0,0,0.9902504141652739,0.0001070355347379029,0.009434013740618724,1.0111015290510416e-09,0.00016629945858119845,4.177022273639272e-05,4.658669505368377e-07
6,mlp,10212,3,3,2.8070087199587723e-11,4.863459726068993e-10,6.429569321854244e-12,0.9999566208316161,1.1269794243010744e-05,6.6184186382735926e-06,2.5490434657202674e-05
6,mlp,7368,6,3,1.5458445834208993e-06,1.1462198918940058e-06,1.819811853057831e-07,0.9670239320337788,0.0016608452191791572,0.0002918597053722893,0.031020488996009184
6,mlp,3678,1,1,4.428832260486611e-08,0.9999483108449608,5.0727376594517565e-05,6.302912542600772e-23,9.146366586241794e-07,2.8534634565098904e-09,2.468793516217397e-21
6,mlp,4904,2,2,0.01767912709574784,7.496381460480658e-05,0.9813914209671085,2.1903467530616636e-09,0.0006589582394747464,0.00018685628156838734,8.671411148909429e-06
6,mlp,5754,4,4,7.336444936920069e-08,1.7648785832399188e-08,4.662353569277362e-08,3.987467606174009e-05,0.9995503219263853,1.2382052519824152e-06,0.00040842755552997353
6,mlp,6692,4,4,2.3189020171108705e-05,8.599366365083815e-07,0.00033055806745471163,1.3495959536438787e-05,0.9988105934081266,1.5006926055349701e-05,0.0008062966820194962
6,mlp,7938,6,6,0.0005849625191533666,3.066886020510376e-05,0.0004562404661202871,0.15400972579686675,0.002606455942085623,0.05864980862300053,0.7836621377925683
6,mlp,9254,6,6,0.0010057892164778409,8.56620813807403e-06,0.00040243877757752025,0.002305607136901356,0.00037540382526040923,0.00895481443215238,0.9869473804034925
6,mlp,8943,6,6,0.001869623179662497,2.806456980496493e-05,0.0013094000243295293,0.010657930295029127,0.0011658379068467317,0.05746858722388531,0.9275005568004419
6,mlp,6304,4,4,9.892475439367922e-07,1.6553783560384896e-09,1.723087246735636e-06,1.1843733869407259e-06,0.999945913427323,2.73599302158771e-07,4.991460981912796e-05
6,mlp,274,5,5,1.288751643584642e-07,3.8303933663529996e-07,8.684804550104875e-07,0.006210935757675435,1.1015994701443699e-05,0.9936988447834898,7.782306917734882e-05
6,mlp,13256,3,3,1.1542426380549512e-05,4.675837139037217e-06,2.9332632980903708e-06,0.8625896061750267,0.005865942113707014,0.0016828374827826448,0.12984246270166594
6,mlp,8906,6,6,0.0006004732492956516,6.5823194323393085e-06,0.00034395111806129344,0.006932438025558621,0.001010301250821999,0.0032756481596369143,0.9878306058771932
6,mlp,12339,3,3,2.1327349354966323e-07,2.427044277528352e-07,2.480967671344801e-07,0.9855949023399213,0.00047832905012523816,0.0016476480200747433,0.012278416515190375
6,mlp,4557,2,2,0.04324459377345635,0.0006155453001767089,0.9487503730591366,4.3258410835355103e-08,0.0004068855764490898,0.0068382877367555465,0.00014427129561491166
6,mlp,11589,3,3,1.3127827561864811e-08,3.834595359315027e-08,3.848378942700993e-09,0.998097627691759,0.0001889819009869299,8.978923972580182e-05,0.001623545845368187
6,mlp,1702,5,5,0.0002592305282511706,5.182561957942597e-05,0.0003588188665167363,0.003355145365920782,0.00020580880768193062,0.9837862384503112,0.011982932361738776
6,mlp,9291,6,6,0.0002638467997405243,4.147126253375861e-06,0.0005402060485591662,0.006929779493872375,0.0018402170654606893,0.007753245991149604,0.9826685574749643
6,mlp,8549,6,6,0.00020225687026625196,1.0200065745867066e-05,4.224745892811444e-05,0.05754685849689348,0.1264281188009904,0.0014185412745675158,0.8143517770326084
6,mlp,3043,0,0,0.9995933038372764,1.0287790361615991e-05,0.00014588893675492195,1.1629451144478347e-09,0.0002390562212361778,1.1394780318614523e-05,6.727110721240954e-08
6,mlp,12691,3,3,6.592866210757868e-07,7.175704616545593e-07,1.3253669735796425e-07,0.9867253241853867,0.0011026604945795471,0.0006358071264456755,0.011534698799807784
6,mlp,3078,0,0,0.7619685362777011,0.0006634916555478095,0.2366165033832797,1.0339396127544957e-08,0.00039931955126428073,0.00034688702085739696,5.2517719534399104e-06
6,mlp,8909,6,6,0.004549440546983329,9.709095388571802e-06,0.000638043344595625,0.0038172277543104057,0.008580778022847733,0.0010288046458110237,0.9813759965900632
6,mlp,12204,3,3,7.46944811125123e-08,1.9021570347083374e-07,1.6392241508532386e-08,0.9970043723158748,0.00029388837696103424,0.00021082674816925076,0.002490631256568943
6,mlp,6882,4,4,4.3828494336113183e-10,1.8004855370209674e-10,3.254123121542432e-09,5.431634876834411e-08,0.9999987468563502,1.4868205394408003e-08,1.1800866391417229e-06
6,mlp,12777,3,3,1.600017500080815e-05,4.60558356418556e-06,4.029487331577295e-06,0.8906236057217559,0.001939028183771163,0.004796885122755873,0.10261584572582039
6,mlp,2040,0,6,0.05364552262911696,4.3721095018142914e-05,0.002723905846384928,0.003134279846567505,0.0011472730275178698,0.005991383396684484,0.93331391415871
6,mlp,10427,3,3,1.534007470398937e-10,1.7452454550802643e-09,3.8185147524065275e-11,0.9998731147218323,1.544136000298452e-05,1.997237369047521e-05,9.146960764291792e-05
6,mlp,1367,5,5,0.0008666738615926956,0.000172198783644336,0.00016028908428374503,0.042089452269774154,0.0012506777152548306,0.9381248785222859,0.017335829763164372
6,mlp,6731,4,4,1.973541785718251e-05,6.835488784063004e-07,0.00014760154000843583,1.5255418098482358e-05,0.997729462915383,1.8417075508313998e-05,0.0020688440842663272
6,mlp,3278,0,0,0.9960043156839634,0.0033922008586666787,4.84855268104142e-05,4.3361257151439915e-10,1.8923858057767114e-05,0.0005360718933348844,1.7455543577587178e-09
6,mlp,5545,4,4,1.8434885282523106e-07,5.069629443909576e-07,1.6109408577727263e-07,0.1497223661640775,0.8404994050300284,5.8431079870221084e-05,0.009718945320141096
6,mlp,12383,3,3,3.160301469161423e-06,3.1630500051287944e-06,5.412932731511561e-06,0.775861628510976,0.0008622543421042259,0.20783489424347376,0.015429486619240304
6,mlp,4712,2,2,0.00047076543818445833,3.500009790048799e-06,0.9988340109761465,1.72550695513862e-09,0.0006725496770062569,1.592027314893732e-05,3.2519002165301237e-06
6,mlp,2769,0,0,0.9927125177046051,2.8261203193501195e-05,0.004669829548507952,8.299612751973506e-08,0.002500976675772346,7.93170435261201e-05,9.014828267683325e-06
6,mlp,3649,1,1,2.921827978292701e-07,0.999897526869816,0.00010009475234815424,2.680023754550472e-22,2.080253566979554e-06,5.941471143177524e-09,1.080347750008748e-20
6,mlp,10612,3,3,7.080171893306085e-09,2.3817936238639682e-08,5.869772449909465e-10,0.9987520965937751,0.00029880473574788076,1.4669858353120558e-05,0.0009343973270384924
6,mlp,5452,2,0,0.6981829249380078,0.0124921460290425,0.28822261509606684,1.2181284270526956e-10,0.0008681736134720612,0.00023409650614998216,4.3695447676572664e-08
6,mlp,10970,3,3,2.008872095826696e-09,8.840680955474102e-09,7.145033667047049e-10,0.9993267985095935,7.847203007757902e-05,6.0368667850833794e-05,0.0005343492284216608
6,mlp,12003,3,3,8.048627422820109e-08,1.718200023079638e-07,1.0910863759651331e-08,0.9961901909402042,0.00029458319741034795,0.00011722423655653368,0.003397738408688686
6,mlp,3039,0,0,0.5943238240334572,0.0015004882971219285,0.40290558493223383,2.1430340171537774e-08,0.0006070318709972452,0.0006405494417465736,2.2499994103053293e-05
6,mlp,11920,3,3,1.2002526196911722e-07,1.8083256558537153e-07,1.2003085564740789e-08,0.9937985838147335,0.00031187854991614395,0.00012044403525066494,0.005768780739186664
6,mlp,10925,3,3,1.5403784963254964e-08,5.112157619520615e-08,1.030672929063071e-09,0.9934791988751186,0.0037594360863877118,1.9060644698881703e-05,0.002742236837760621
6,mlp,6044,4,4,1.8286787816431773e-08,3.5659514823355313e-09,2.043992684177972e-08,6.730939741990855e-06,0.9998327851687511,3.302849584105141e-07,0.0001601113138826676
6,mlp,7642,6,3,1.2415609830826791e-05,7.225649633310006e-06,5.697905808293543e-06,0.9099327247805798,0.0012388710427856777,0.005359264553199749,0.08344380045816241
6,mlp,5027,2,2,0.0038086827902352404,3.646760416865539e-05,0.9835681640888899,1.859864725331823e-09,0.012513821803501406,6.211386307664241e-05,1.0747990263527073e-05
6,mlp,6641,4,4,1.8705281511294982e-08,2.4333761309150603e-09,6.287930397049397e-08,4.5783051061858034e-07,0.9999735406186642,1.3336719752043973e-07,2.5784165666211356e-05
6,mlp,12075,3,3,1.927543581706616e-07,2.756752159137894e-07,4.32833862771757e-08,0.9907595259728841,0.0005431820149751147,0.00019736399574256592,0.008499416303437942
6,mlp,8184,6,6,0.00024581883002363313,4.571974271431838e-06,0.00011109258147208291,0.01267406157602322,0.0024150076691845626,0.0005882803390488921,0.9839611670299763
6,mlp,7832,6,3,8.738841604526718e-05,1.590563325127567e-05,0.00010349177212427,0.6663443493560354,0.005094327864147428,0.023861244962524977,0.3044932919958714
6,mlp,700,5,5,2.3645566263526884e-07,3.2936345030778424e-07,5.258035790653152e-07,0.00015541424938890621,1.691378953226995e-06,0.9998274384513804,1.436429758541223e-05
6,mlp,10471,3,3,1.3540684124359446e-10,2.333505896268911e-09,1.6538509887684558e-11,0.9998809466197477,6.313931936739517e-05,2.486361764211019e-06,5.342521366945773e-05
6,mlp,12825,3,3,3.514385810055861e-06,1.7469294544897308e-06,9.150373450042734e-07,0.9397152466082193,0.0011466282486496124,0.001227392723038048,0.057904556067483515
6,mlp,8730,6,6,0.00016512527976551516,6.138110759031122e-06,0.00010965265436053441,0.016340358017643178,0.04808119992430975,0.0011263545532615466,0.9341711714599005
6,mlp,9276,6,6,0.0010020891787303045,7.975322645182822e-06,0.0012414042211572561,0.0030916556963129027,0.0008605164076559916,0.009450254057398511,0.9843461051160998
6,mlp,9954,6,6,0.04816371541042861,8.76867455806151e-05,0.11830155180735163,0.0003547276382893784,0.002444118847474006,0.04127043119348921,0.7893777683573866
6,mlp,1176,5,5,4.6724369704485215e-07,8.034959669376712e-07,6.391936851062879e-07,0.00011257732180283941,2.7504997468400203e-06,0.9998645796528625,1.8182592238877998e-05
6,mlp,7967,6,6,0.000522038858547814,1.3834478410750436e-05,8.295329846430452e-05,0.12402843611686233,0.0030462984417162784,0.0018175873937843862,0.8704888514122142
6,mlp,10496,3,3,1.3070198798844282e-10,1.865413125388871e-09,2.610336700910062e-11,0.9999044415691171,1.898930774399719e-05,1.026956073357888e-05,6.629754018668819e-05
6,mlp,5986,4,4,1.2644057888187419e-05,5.300348143335793e-07,5.108311584047665e-06,0.00026490067448986846,0.9812241503287398,4.980822889443095e-05,0.0184428583635892
6,mlp,10208,3,3,7.808843172976409e-10,3.315428719781708e-09,1.688997491283233e-10,0.9993346402292718,1.5533226017565573e-05,0.0004485403555295683,0.00020128192396822212
6,mlp,5117,2,2,0.000303136737596655,8.736373644671548e-06,0.9992979870619064,1.6256818352419268e-10,0.00037974736857042244,1.0182774832066682e-05,2.0952088145753383e-07
6,mlp,8191,6,6,0.00021302547975807925,1.1177914630122768e-05,2.5995511361773497e-05,0.09104492019181129,0.04590500803458346,0.0015900298867751834,0.86120984298108
6,mlp,9054,6,5,0.001917643794744349,0.00018169253774121382,0.004062696829111985,0.016047730629777282,0.0008902538729181151,0.8232180333358505,0.15368194899985646
6,mlp,5467,2,2,0.00017213470761759546,0.00032391493046004936,0.9992594999387264,2.755415579425062e-12,0.00023336685540838588,1.1073008539223354e-05,1.055649319049885e-08
6,mlp,5882,4,4,0.09508483103618917,5.488123063216907e-07,1.109627849880974e-05,0.005573668484229605,0.871485036676566,0.01931754638773395,0.008527272324476063
6,mlp,10677,3,3,4.285812392466883e-10,3.885709555907825e-09,1.205261145546933e-10,0.9997863203826306,2.5004553188075906e-05,3.603026162257467e-05,0.00015264036774188005
6,mlp,12652,3,3,1.447974485532223e-06,1.1148363170421696e-06,3.710334374588765e-07,0.9737941169405216,0.0008064109147519326,0.0015847709829382773,0.023811767317548076
6,mlp,11346,3,3,3.501686061509782e-08,1.0559018994162308e-07,2.976409084449548e-09,0.9932396537840925,0.0022201249755056285,2.181401639113381e-05,0.004518263640550889
6,mlp,12649,3,3,1.4598533023736887e-06,2.0007561888764655e-06,2.4303500156791125e-07,0.9382694987773201,0.013371683608059572,0.00015647316798276704,0.048198640802144484
6,mlp,4622,2,2,0.00970825588859141,5.3111067503576195e-05,0.9898609606100089,5.4298899153724355e-09,0.0002601758680948182,9.776715676782218e-05,1.972397914342699e-05
6,mlp,10323,3,3,1.5334316996829796e-11,3.10140970430123e-10,1.2084306346501176e-11,0.9999385579184128,1.0467670908815836e-05,3.1702452218899076e-05,1.9271620899944478e-05
6,mlp,705,5,5,1.135612912434708e-05,8.333948670930067e-07,4.488721096087804e-07,0.00010360304294917182,4.577741197719283e-06,0.9998638168421242,1.5363977627840063e-05
6,mlp,2824,0,0,0.6976004646080941,0.0004964076879325078,0.3003652523392916,8.995606496368305e-08,0.00039248990520700786,0.0010912070261822368,5.4088477227499334e-05
6,mlp,7276,4,4,7.04361329929475e-05,1.0698363059755664e-06,0.001148509365520746,1.549745023448156e-07,0.9987133981699194,1.1246281231660349e-05,5.518523952707906e-05
6,mlp,5252,2,2,0.003292188383040048,0.00020807656389862467,0.996085731396612,1.715135694724344e-10,0.00024998861208119837,0.00016316713276299906,8.477400916260661e-07
6,mlp,4448,2,2,0.0005325749906934797,4.8160993909267015e-06,0.9991432052589477,4.009482981624227e-09,0.000271404050456807,3.6036704585415726e-05,1.195888644246347e-05
6,mlp,9905,6,6,0.04547370547373379,4.284304001978543e-05,0.012849620524956423,0.0007301297689224439,0.02927211565340762,0.004345758695399604,0.9072858268435603
6,mlp,7870,6,3,0.00013534289902047514,1.752775924341027e-05,0.00011450482055291195,0.5190028944982022,0.005202359838521563,0.017055518098061315,0.4584718520863982
6,mlp,11096,3,3,1.7842653942363751e-09,1.3744138706692153e-08,3.4067920190544224e-10,0.9994388840261517,0.0001686449239577794,1.3653137034425671e-05,0.0003788020437726756
6,mlp,3087,0,0,0.9969918657709924,0.0014829848145374183,0.0006847865167860494,1.0921743877441606e-08,7.705914797992983e-05,0.0007630599299235714,2.3289803671620164e-07
6,mlp,4391,2,2,0.0018295588482289836,6.717573512968561e-06,0.9936126381535177,7.547100959445797e-09,0.004480234969684147,5.575920868427031e-05,1.5083699271049023e-05
6,mlp,2216,0,0,0.9999569923296965,1.4406704514309935e-06,6.088292466622897e-08,2.26108995931467e-07,8.209368038308467e-06,3.303649923950891e-05,3.41406535252149e-08
6,mlp,8668,6,6,0.00046189406941818113,3.6023303964962356e-05,0.0009666474296354368,0.08935467666964368,0.0027521357701080123,0.1653174878379925,0.7411111349192373
6,mlp,12735,3,3,2.0946202406155473e-06,1.2365246673151163e-06,1.33667010112226e-06,0.949708092260677,0.0008774161075590669,0.0024155938365613807,0.04699422998019353
6,mlp,3052,0,0,0.99921395641974,1.2866271166031868e-05,0.000438869711929073,4.421999516526511e-09,0.0003113113973982488,2.2482835709934404e-05,5.08942057104807e-07
6,mlp,74,5,5,2.9329855322176885e-08,1.6511818096600648e-07,1.5978713655225e-07,0.007298962086347399,8.100601312401168e-06,0.9926707034059469,2.1879671220394026e-05
6,mlp,1656,5,5,0.0009445122025065798,3.541945504827587e-05,0.000625208922963172,0.0007584229009643083,0.00012807193898520098,0.9936766998103354,0.003831664769197136
6,mlp,1343,5,5,2.7772291219237647e-06,2.652967139060283e-06,4.070154132231635e-06,0.00021839841693280717,6.6818687759320635e-06,0.9996890758184698,7.634354542817165e-05
6,mlp,6685,4,4,1.6774374449017683e-05,6.202831737654962e-07,0.0001501537525564197,1.2222923344081447e-05,0.9992297608628471,1.1319032167686466e-05,0.0005791487714620734
6,mlp,2170,0,0,0.9948322927270123,7.2159510553123545e-06,0.0003388145000217003,1.7632505764836177e-05,0.002188327848688194,0.0014224088219098588,0.0011933076455477249
6,mlp,8355,6,6,0.0005592132175804731,2.1341617779708497e-05,0.00011574280619855804,0.07683421766241294,0.006519681387074913,0.0034492918093422358,0.9125005114996112
6,mlp,5961,4,4,6.018675634007226e-08,6.338998199851742e-09,5.4281664443958854e-08,6.546251252351911e-06,0.9997637359562583,5.89031261101062e-07,0.00022900795380919795
6,mlp,339,5,5,3.516805605234111e-07,6.677993712954033e-07,1.7067053465328644e-06,0.0073732320245675125,1.8193570417259268e-05,0.9924488828668646,0.00015696535287226804
6,mlp,2669,0,0,0.9999700851779082,4.12468650257828e-06,1.2675023448219097e-06,6.35607046784249e-09,1.6983920951846309e-06,2.2796194090168467e-05,2.1690988797640883e-08
6,mlp,4163,2,2,0.1627957828832963,5.026118101884677e-05,0.8261574401709686,1.0991481506282231e-06,0.009504309009302004,0.0013520194890210434,0.00013908811824251297
6,mlp,11694,3,3,3.924178233900393e-08,8.64472245685756e-08,1.3674887181253156e-08,0.9967602352797086,0.00016850997304185153,0.00034466442212507974,0.0027264509612304655
6,mlp,688,5,5,3.651551418862579e-06,2.4406700916690364e-06,5.556908912099158e-06,0.0031311188609937407,3.021847575002874e-05,0.9965278051271563,0.00029920840567741205
6,mlp,11101,3,3,1.7341377255475998e-09,1.1097625280033193e-08,3.797656438050539e-10,0.9995406158491233,8.52104479490941e-05,2.5657982174790624e-05,0.00034850250922405983
6,mlp,11387,3,3,2.8509670625059532e-08,1.0976691629493291e-07,3.0231771135792945e-09,0.9979226813737262,0.0006371225789950735,2.3824845325138336e-05,0.0014162299021895604
6,mlp,5015,2,2,2.6902530815469478e-05,1.3514855324690791e-06,0.999719349659846,1.558463645035212e-11,0.0002490003637831354,3.3213039690069586e-06,7.46404691130857e-08
6,mlp,8557,6,6,0.0007092837251523218,1.2905303367402622e-06,6.681743182563152e-05,0.002536589749614446,0.0012453346618878762,0.0007410864733660622,0.9946995974278168
6,mlp,467,5,5,9.510331826745625e-09,2.4253656033195793e-08,3.370792311735669e-09,1.3746055553473206e-06,4.827951506040496e-08,0.999998488579749,5.1400400502916666e-08
6,mlp,4194,2,2,0.09132919154803719,0.00013604138490609405,0.8963528486188065,3.6298176894138023e-07,0.007739275767874086,0.0011936780942523972,0.003248601604354963
6,mlp,13158,3,3,1.0613485954682306e-06,8.882140042870487e-07,1.885889001582494e-07,0.9720192014414164,0.008357846345973197,0.000856612845514472,0.01876420121559584
6,mlp,8239,6,6,0.0004488602038399426,5.6426519534844e-06,4.104793958187103e-05,0.02106110889043301,0.0008415751544623772,0.0017982342817086975,0.9758035308780205
6,mlp,7770,6,6,0.0007844980488897546,3.431982317774827e-05,0.0001551385316927084,0.2419921096783357,0.0027682663957227485,0.036733399871618146,0.7175322676505632
6,mlp,13351,3,3,8.35606019145477e-05,1.5782553567680348e-05,1.6234553611046922e-05,0.7120145582256422,0.0034477506827458966,0.005511552462390977,0.2789105609201275
6,mlp,9316,6,6,0.002891828977801059,3.1171374798982937e-05,0.0021055724199058106,0.0035978201636296253,0.0006972135361636003,0.05346255971186533,0.9372138338158355
6,mlp,454,5,5,4.6541323941436106e-08,2.271165378447147e-07,4.2576565270937017e-07,0.0009398876213008268,2.623634009840657e-06,0.9990424339221177,1.4355399057062482e-05
6,mlp,9732,6,6,0.04125456972964728,0.00012762969113188098,0.027916005825371536,0.0013740938364390533,0.0013697692994665,0.06367908111563238,0.8642788505023113
6,mlp,2047,0,5,0.011852566450509108,0.00017006527746798872,0.01891373408014136,0.0031671548087360106,0.001341684707263743,0.593988158843219,0.3705666358326628
6,mlp,12892,3,3,1.7448316168599285e-06,1.5419485163085115e-06,6.053015383374183e-07,0.9697001671580127,0.00048072171572563846,0.0026922735067665803,0.027122945537823445
6,mlp,8901,6,6,0.00023530456085978926,5.1429660408668164e-06,0.00017331270838998842,0.007692093707002681,0.0013365202150580294,0.0015131053255200797,0.9890445205171287
6,mlp,13127,3,3,9.045457148943375e-06,8.576878422824096e-06,1.4399337813762814e-05,0.8683208928918786,0.0007364180569884948,0.08636820485755389,0.044542462520193345
6,mlp,9426,6,6,0.012614083083331333,1.4387959588505706e-05,0.0006758228323396472,0.0015744029286813624,0.0015353378172660026,0.00232543083360988,0.9812605345451834
6,mlp,5387,2,2,0.0002967633537141112,6.0892885127584175e-05,0.9990231705257095,2.638068930272124e-11,0.0006073479338763896,1.1757144707794468e-05,6.813048397111283e-08
6,mlp,6587,4,4,8.833186470479424e-07,1.708605655944526e-07,5.951654447763417e-06,2.228729422913215e-05,0.9997426885912226,6.470390493875233e-06,0.000221547890393883
6,mlp,4297,2,2,0.0030724734903417894,6.85725953902991e-05,0.9964399121873686,3.1224383918446495e-08,0.00012241451761440267,0.0001599894584666369,0.00013660652643404103
6,mlp,4842,2,2,0.06427542262123705,0.0007551331605067845,0.933373756899288,9.222098155930472e-09,0.00030106085482733524,0.001274189181273307,2.0428060769171455e-05
6,mlp,6356,4,4,4.6508149831679537e-07,4.5628958354833686e-08,6.541211771905948e-07,1.3436089373262514e-05,0.999198611027198,2.7350392074507042e-06,0.000784053012587468
6,mlp,7541,6,6,4.7832510049445176e-05,2.847559371502573e-06,2.650282053509623e-06,0.3175525748863399,0.002306440279998515,0.0016162258307901433,0.6784714286513969
6,mlp,11743,3,3,2.3851679801430784e-07,2.5517016697399275e-07,2.1331761312949582e-08,0.9928805607407153,0.0005101284052859388,0.00015437284782326128,0.006454422987449306
6,mlp,2430,0,0,0.9973105874816015,2.179275371883382e-05,0.0016265574581092,3.310536784437959e-07,0.0008659063886451311,0.00010571985188689067,6.910501236001241e-05
6,mlp,1726,5,5,0.10113496084045791,1.1438094623307675e-05,1.0551734222915391e-05,0.0003630583036940184,0.00018153028319601666,0.8975520539978881,0.0007464067459177696
6,mlp,2668,0,2,0.42178746407854023,0.0002970954837220449,0.5743498737655619,1.4543102262078214e-07,0.0007751769501798712,0.0022200536367658064,0.0005701906542074586
6,mlp,325,5,5,1.1449215058407707e-07,3.1705528951112903e-07,3.704689281891359e-07,0.0010318145846754294,4.582386821350465e-06,0.9989426433292622,2.0157682872618966e-05
6,mlp,10976,3,3,1.0904256320315772e-09,6.514931882369158e-09,5.729866455840721e-10,0.9995017277716582,3.255917924585323e-05,0.0001850912490586019,0.0002806136216931689
6,mlp,9977,6,4,0.14494670878304444,5.8451742407585976e-05,0.03880873439336831,0.0002313069056378929,0.5960227274454242,0.0022217374558643533,0.21771033327425307
6,mlp,12747,3,3,2.0819090830807365e-05,4.851783874354833e-06,8.150425024129227e-06,0.850387938252192,0.0017556267228938788,0.011478347579758944,0.13634426614542583
6,mlp,11073,3,3,6.426865099010516e-09,2.0210626644917312e-08,4.096388248517061e-09,0.9956579595355991,3.62507342351933e-05,0.003571791796223164,0.0007339672000624885
6,mlp,1320,5,5,7.779505771722825e-06,6.420126834941985e-06,1.5074025904717395e-05,0.0009623294391942382,2.3091954344486524e-05,0.9986064448139338,0.0003788601340160996
6,mlp,3199,0,0,0.9997158842893065,2.341158319235583e-05,0.00022033276587088977,3.1599827254943635e-10,3.4177280442165084e-05,6.1867257241279106e-06,7.039465632955651e-09
6,mlp,13164,3,3,2.7263143271778033e-05,8.506163965910639e-06,2.1121416228414728e-05,0.8035299022119317,0.0011527989037395264,0.03403210022267815,0.1612283079381846
6,mlp,3065,0,2,0.36445635593477044,0.00019420775684280824,0.5592025259559166,5.2885373950901444e-08,0.0758241087324628,0.00031526931106903915,7.479423564376968e-06
6,mlp,2482,0,0,0.9772896500800036,7.112132418829733e-05,0.021852265904215403,2.292159721022767e-07,0.0001938355009770695,0.0004311221167843308,0.00016177585785933662
6,mlp,3739,1,1,3.496977125274391e-07,0.9999973361668787,1.996816082213694e-06,1.6719392722239336e-23,3.15881520394914e-07,1.4378062380574278e-09,1.0130077695879533e-22
6,mlp,5188,2,2,5.55645210434618e-05,1.6032528992936042e-05,0.9917276190376054,2.2069011219528533e-10,0.008187031414294431,1.3398286806319748e-05,3.5399056749620773e-07
6,mlp,2986,0,0,0.9929578862240003,5.909415437642742e-06,8.17513480542959e-05,8.660021483607048e-09,0.006915582618283908,3.8799260189899336e-05,6.247401225172112e-08
6,mlp,11979,3,3,3.179974388722429e-07,3.240421649917995e-07,4.6155220098291526e-08,0.988000655804531,0.0004648275924586467,0.00034096853484472757,0.011192859873341614
6,mlp,5946,4,4,2.3520000391285995e-07,6.648269381859755e-08,1.5208467163390317e-06,5.66261939470046e-05,0.9996980068655087,2.270958312459813e-06,0.00024127345281766733
6,mlp,12472,3,3,1.4734637830424403e-06,9.484864113578166e-07,1.0698630921499702e-06,0.970792176856276,0.0006146802470551472,0.006559846682327637,0.02202980440105465
6,mlp,4267,2,2,0.005037214088764316,4.4147564807229716e-05,0.9943042039743428,3.800448818965826e-08,0.0001981233375345759,0.0002272278096247205,0.0001890452204380408
6,mlp,400,5,5,1.8362496623548916e-05,5.850567717179306e-06,1.1404821979290227e-05,0.03147366287631198,0.00018805016143629474,0.9656656020138299,0.0026370670621017832
6,mlp,593,5,5,1.0043939209376206e-06,1.0760228991174285e-06,5.443120342797554e-06,0.0045064997317576915,1.997794311959761e-05,0.9951674937622533,0.00029850502570637503
6,mlp,3826,1,1,6.20893607669412e-08,0.9999995208164159,2.9448634849240394e-07,8.935940963279588e-26,1.2244554220660236e-07,1.6233281540407838e-10,2.289186035235955e-25
6,mlp,3047,0,0,0.9998576205253741,1.466855436120386e-05,7.13267110475595e-05,3.102480583209308e-09,3.089946379205242e-05,2.53585249578084e-05,1.2311798692354134e-07
6,mlp,11124,3,3,5.924082981270264e-08,6.280168285348769e-08,3.1740612236515286e-09,0.9944239687545846,0.0002574552512792553,5.34538635581002e-05,0.005264996914004031
6,mlp,9595,6,6,0.006724902301154606,8.847997342109232e-06,0.013654587432756257,0.0008230443835577188,0.0034633607800019623,0.0022762671782571814,0.9730489899269301
6,mlp,6926,4,4,1.5710093990066262e-07,1.0086060801548801e-08,1.2602480727017483e-06,4.173634401271204e-07,0.9999055881327623,4.1770003000000417e-07,9.214936869424868e-05
6,mlp,8594,6,6,0.00021967536043997768,2.4698287752070135e-06,0.00013340492552195554,0.004619933925341042,0.0020500777388556667,0.0007219414993036435,0.9922524967217626
6,mlp,11516,3,3,2.8312957242749495e-09,1.9611351007874642e-08,6.687527419002049e-10,0.9995576878680783,8.63499196553583e-05,4.684278697184814e-05,0.0003090963138950199
6,mlp,11819,3,3,6.0516677919648405e-09,5.117607444191213e-08,1.1630683257906011e-09,0.9986460884002225,0.0005847222103688524,1.6879630012326934e-05,0.0007522513685857217
6,mlp,9546,6,6,0.007991595758714828,2.0860477952854828e-05,0.0019174211073317545,0.0009539944745086093,0.00036150515642464876,0.013652638106695997,0.9751019849183713
6,mlp,614,5,5,2.089851981937872e-05,5.26663199766818e-06,1.4561708906822318e-05,0.01638541497534533,0.00011459718905300422,0.9807418282202781,0.0027174327545998397
6,mlp,12597,3,5,1.571162924333749e-06,2.1323401037756003e-06,7.4035299664987245e-06,0.1251446977862871,0.00018467687173102275,0.8717487799326504,0.002910738376336796
6,mlp,5934,4,4,3.688950515495161e-08,6.0709628305358926e-09,2.8901770031508136e-08,9.516699856196148e-06,0.9998144188400578,4.940412924054101e-07,0.00017549855655541791
6,mlp,10019,3,3,1.1647090673184253e-12,5.719502640331547e-11,9.102137765300454e-14,0.9999845240572537,1.1309044764444287e-05,2.002362359332855e-07,3.9666032950111944e-06
6,mlp,11929,3,3,9.878358616017843e-08,1.0686397798411703e-07,3.951313187426965e-08,0.9892767375836797,0.00027665588261770234,0.00036263483752669776,0.01008372653547983
6,mlp,10644,3,3,1.1854925747268843e-10,1.6022772474762795e-09,5.352273640192959e-11,0.9998716448636283,1.8241090887036524e-05,4.509275958473912e-05,6.50195115508113e-05
6,mlp,12921,3,3,5.213771705302701e-06,2.4394336215308103e-06,3.0742938080160656e-06,0.9482474490605354,0.0013604058152856793,0.004840834044802312,0.04554058358024192
6,mlp,6625,4,4,5.5430804045402274e-06,3.4098419236239684e-07,9.260784419714316e-06,2.700008803976324e-05,0.9966795522152114,2.329859923591295e-05,0.0032550042484962268
6,mlp,1778,5,5,0.0015998957345127504,0.00011405434027980152,0.0008546221314009352,0.0018707279853046191,0.0003058114392325696,0.9838688960614101,0.01138599230785925
6,mlp,13073,3,3,6.252552052943303e-06,2.8792594787175943e-06,1.4120533780811433e-06,0.9164299777845305,0.0012890726535522052,0.0012478914664226448,0.0810225142305851
6,mlp,966,5,5,1.0998066068471251e-07,3.166158129552399e-07,3.581070014702236e-07,7.790641963084725e-05,9.79106141519515e-07,0.9999145431248756,5.786645877125746e-06
6,mlp,6362,4,4,9.642236447778018e-07,6.13034233881085e-08,1.050727180041631e-06,1.7348678521852735e-05,0.9977875104805322,3.863878375959402e-06,0.002189200708321811
6,mlp,5899,4,4,9.352150162142527e-08,3.975203403859094e-08,1.0132925711387754e-07,4.252787997766374e-05,0.9997554232783046,1.5655559329820533e-06,0.00020024868299183546
6,mlp,10108,3,3,9.037526987593704e-13,1.4962114440110377e-10,1.8030550093199412e-13,0.9990427363203366,0.0009543005083633743,1.5376804528233533e-07,2.8092525495605864e-06
6,mlp,691,5,5,8.643215420416811e-07,1.3053614432132137e-06,3.0692852534798985e-06,0.003075025977302944,1.8092713226767538e-05,0.9966746065068607,0.0002270358343710306
6,mlp,2048,0,6,0.010800395824446057,1.1141631003760858e-05,0.0013964000135986768,0.0015701659264347012,0.0005134404522218657,0.002036542928936976,0.983671913223358
6,mlp,2091,0,0,0.9919867326178787,0.00011659417965649709,0.000745367046293897,8.180489494584847e-05,0.0001841287225520065,0.005369473890610983,0.001515898648062219
6,mlp,9750,6,6,0.010606693267541696,2.8238573588311047e-05,0.014772531977673371,0.0005863700862184183,0.0007771074145372613,0.016572669563352262,0.9566563891170887
6,mlp,4621,2,2,0.0025296871977324143,8.235065344478423e-06,0.9953488557397167,3.307235747472121e-09,0.0020537165127869667,5.6865341782054344e-05,2.636835401718586e-06
6,mlp,322,5,5,3.725306772859782e-07,1.0015808020122266e-06,3.4341350705211504e-06,0.046364167337677606,7.359437819122126e-05,0.9528793317632905,0.0006780982742908549
6,mlp,6824,4,4,1.1229645235370063e-05,3.7049569520080503e-07,5.5099757908579974e-05,7.5802219793167624e-06,0.9982186919650535,1.381788095533592e-05,0.0016932100331727156
6,mlp,2818,0,0,0.9998832963890154,1.5338544581975182e-05,2.5197527386003188e-05,1.4584552422810376e-08,1.5748041210958412e-05,5.999200705360805e-05,4.129061999005859e-07
6,mlp,6321,4,4,0.00013969334901358906,1.6060438657380792e-06,0.00012574265778796375,0.00012626602178671264,0.9560782608355003,9.00697651983622e-05,0.043438361326847336
6,mlp,13374,3,3,4.5948572868343726e-05,1.4060032864899512e-05,4.291656757802865e-05,0.8060828509636142,0.0025969866559878347,0.019375906622178973,0.17184133058490772
6,mlp,1767,5,5,8.41879907078934e-05,1.8571122070606802e-05,7.394611038332485e-05,0.00016962188661412886,2.3479142903958462e-05,0.9992827658326469,0.0003474279146732112
6,mlp,12000,3,3,9.241924886667267e-08,2.421361831088441e-07,9.275923301745672e-08,0.9864318635391803,0.00011031279154546529,0.010424843257387415,0.003032553097221689
6,mlp,9749,6,6,0.007938759498408178,1.2976475163178861e-05,0.002330767217092923,0.0005139117051715309,0.0009160584199551399,0.00497840464671078,0.9833091220374983
6,mlp,8657,6,6,0.00542253118323711,9.19586056731424e-05,0.0025521137097877515,0.037007600579224524,0.001967774505024806,0.09352122365263585,0.8594367977644168
6,mlp,13523,3,3,0.00017410794943015803,2.9125857321944173e-05,0.00031498671605833465,0.5127456753350652,0.006004249721877264,0.07312705923930463,0.4076047951809424
6,mlp,9021,6,6,0.00024452648784702407,4.906596414293172e-06,0.00020153489989959786,0.008918150018487534,0.01325275115680873,0.0014776633434790765,0.9759004674970637
6,mlp,13293,3,3,1.6476554249482403e-05,6.853347725304385e-06,1.5014773992161075e-05,0.8923769026211125,0.001718368317313118,0.013130726713601578,0.09273565767200599
6,mlp,820,5,5,5.159381055889021e-06,1.277330169819347e-06,2.5210619955874146e-06,0.00038480784310978883,9.56049053530788e-06,0.9994720721439216,0.0001246017492119699
6,mlp,9814,6,6,0.0035712317428563643,9.88740715031879e-06,0.013037266034942482,0.0005262126682301418,0.009599701850726547,0.0008825265031167428,0.9723731737929774
6,mlp,1648,5,5,1.4776678285219641e-05,8.733782998330482e-06,2.4139448813589592e-05,0.00028732634447029145,1.57014243536975e-05,0.9993845779763655,0.00026474434471346125
6,mlp,6604,4,4,1.6545604045635778e-07,2.5453046439202092e-08,3.030712279692122e-07,4.614890396083326e-06,0.9998030259146783,2.462289643936101e-06,0.00018940292496682216
6,mlp,5794,4,4,1.8167776974204028e-08,2.524057349693566e-08,2.6243235848126173e-08,2.4839295074084786e-05,0.9999553349285932,5.302779837111494e-07,1.922584676262228e-05
6,mlp,4757,2,2,0.011283686505719905,7.972283795642649e-05,0.9883260483096303,2.5960612337437563e-09,0.00018658725531860566,0.00011204380135152848,1.1908693961994211e-05
6,mlp,10868,3,3,1.2353616514043435e-08,3.261960361909434e-08,3.805890611952701e-09,0.9982791427990981,7.98178979982371e-05,0.0006185925977613028,0.0010223979260318595
6,mlp,11626,3,3,2.7797817735325752e-08,9.188502045547505e-08,5.802809385255665e-08,0.9891816635821329,0.00016177578889031065,0.009255462110892535,0.0014009208071522074
6,mlp,4213,2,2,0.0003706323608941373,1.3895275468303245e-05,0.9904335589165836,9.56566803208591e-08,0.008827319055479961,0.00014437360669223982,0.00021012512820156576
6,mlp,8123,6,6,0.00022682887156972694,1.5366788554564848e-05,2.0529276848313347e-05,0.27028457053075544,0.02748215339565572,0.004598533768394909,0.6973720173682213
6,mlp,3724,1,1,2.1275108614606304e-06,0.9999975073189786,2.817485277634778e-07,8.567141041866317e-23,8.166500228164579e-08,1.7566298452980158e-09,5.822358767538882e-23
6,mlp,3827,1,1,1.0759237894013313e-07,0.9999996405625882,2.0465822504337214e-07,1.2717250278914664e-25,4.698384919549908e-08,2.029585806352412e-10,2.8841483701317843e-25
6,mlp,13542,3,6,0.0002435267646604043,1.6388240061089876e-05,8.935250894255629e-05,0.2134023069796789,0.008566718529738948,0.005625300634804778,0.7720564063421133
6,mlp,461,5,5,1.3024786954019798e-08,7.23485154734455e-08,2.6924085786787366e-08,2.8390893724770067e-05,2.3495803115291143e-07,0.9999707442008626,5.176499932042798e-07
6,mlp,2883,0,2,0.22842311979997376,0.0012132111768497714,0.7683998835537907,6.728322739485855e-08,0.0006563628858867047,0.001124695782104504,0.00018265951816703698
6,mlp,3374,1,2,0.0007671460554464116,0.4478043991299046,0.5479009826587806,1.438170443606769e-15,0.003504104279776736,2.3367876072706833e-05,1.74694821107282e-14
6,mlp,12933,3,3,8.274230734495308e-06,3.5166483362275168e-06,2.497767521154771e-06,0.9285207311784033,0.002030399809707787,0.0019681682622680434,0.06746641210302898
6,mlp,2289,0,0,0.9440172307513165,7.367999378563402e-05,0.04699700723154218,3.4714612436990786e-06,0.0008280561559243021,0.0008097038583709195,0.0072708505478168315
6,mlp,48,5,5,6.964736047133629e-07,2.776770017473835e-07,2.085965944567945e-07,0.0039585336452426225,1.2663508459552096e-05,0.995960689885731,6.693021336601499e-05
6,mlp,9050,6,6,0.0007132674978763798,5.813214673935109e-06,0.0002315021954103385,0.0023372770299595886,0.0037452978684951225,0.0006406909796591014,0.9923261512139255
6,mlp,5751,4,4,3.940666924187224e-06,6.33191515123184e-07,1.977000308871906e-06,0.001474870659962375,0.9809355045604238,3.398712456800779e-05,0.017549086796297676
6,mlp,10039,3,3,1.99651320374738e-12,6.544434320970299e-11,2.436096990725012e-13,0.9999869592509644,8.409084475960727e-06,6.476615956279659e-07,3.983935279558486e-06
6,mlp,3618,1,1,3.6575976537113537e-06,0.9999507616859694,4.363557908356229e-05,1.6936794150414722e-21,1.93265477270741e-06,1.2482520603687175e-08,2.822747894221518e-20
6,mlp,4812,2,2,0.00025556291747089936,4.633751130025195e-06,0.9992582076823551,5.859507225000845e-10,0.00046828987991678905,1.208251768138316e-05,1.2226654949403306e-06
6,mlp,7509,6,3,1.890402737252587e-05,4.452953325411788e-06,9.502595728489184e-06,0.7899727062381645,0.002081904013340261,0.004715040764182891,0.2031974894078858
6,mlp,11846,3,3,3.875074097904638e-08,9.299994531969178e-08,3.4586640855234564e-08,0.995612427103491,0.00014383296089124297,0.002146443063592435,0.0020971305346983685
6,mlp,1102,5,5,1.865146986163357e-06,2.775260589673847e-06,1.1846124454923236e-05,0.0014244101477261873,1.5007798537469586e-05,0.9983822309877286,0.00016186453397710148
6,mlp,3210,0,0,0.9819763420886604,0.005070436243958742,0.011832018363140118,6.670180398030078e-09,0.0003601075013691068,0.0007603173292766136,7.718034146308536e-07
6,mlp,6052,4,4,3.920267984484018e-06,2.1744745642151005e-07,3.0456656174544416e-05,5.355293272688681e-05,0.9985738966424307,8.140241728732325e-06,0.0013298158114983221
6,mlp,7235,4,4,9.176565482318116e-06,2.8631842703036756e-07,0.00024227431304063931,2.4555499959754876e-07,0.999639787968957,4.933981228038471e-06,0.00010329529786539257
6,mlp,6582,4,4,5.971822355807557e-06,9.817897274194521e-08,0.0003181048287125084,3.2530179700699202e-06,0.9990614257414198,5.40702869491293e-06,0.0006057393818741268
6,mlp,8180,6,6,0.00017388439887926473,1.3830235987642777e-05,8.088821541993755e-05,0.18301240977737043,0.005240738278007554,0.0033753179562708013,0.8081029311380644
6,mlp,6677,4,4,0.00035814299334247115,2.70494888339056e-06,0.0015189093274018421,4.111579417795254e-05,0.969766515608021,0.0001183787760857839,0.028194232552087525
6,mlp,10286,3,3,1.2338216748619569e-11,2.3651539994857745e-10,9.979826487689059e-12,0.999939419088238,9.691223517533415e-06,3.274619103536659e-05,1.814323837571944e-05
6,mlp,9117,6,6,0.002939930526610766,2.8427896987464096e-05,0.00143191177826443,0.005219291689258066,0.0005179074301079351,0.04372469394191233,0.946137836736859
6,mlp,11079,3,3,1.8353823814906237e-09,1.21027045344882e-08,2.506418422661754e-10,0.9995006493595802,6.55075886509338e-05,2.2971011447767455e-05,0.00041085785159243707
6,mlp,4451,2,2,0.0009944612818297395,1.2813146776030387e-05,0.9715381040155892,1.4565563748670963e-08,0.027358740619172383,6.916293780150064e-05,2.6703433267173073e-05
6,mlp,851,5,5,5.0887872951017825e-06,2.8498319782010555e-06,1.912017190232514e-06,0.0022071563057067317,2.805252660052581e-05,0.9971993871576148,0.0005555533736144205
6,mlp,8076,6,6,0.0008810210871404606,2.7834987197033384e-05,0.00020076581848583495,0.10484315825394808,0.004139653397236904,0.007386297593995141,0.8825212688619967
6,mlp,154,5,5,1.0435807673777013e-07,2.0494228589324035e-07,2.4112818737431665e-07,0.0014142038952224786,4.650701605136093e-06,0.9985609791292703,1.9615845352027665e-05
6,mlp,12327,3,3,4.3912600639211914e-08,9.78251393285473e-08,3.847961919169886e-08,0.9959086879615179,0.00018444059755769675,0.002088128629833612,0.001818562593731599
6,mlp,2428,0,0,0.9999410361993301,7.293992160074925e-06,8.799920278296407e-06,5.128302310922105e-08,1.4155222653171768e-05,2.8380575372598317e-05,2.828071827990302e-07
6,mlp,10274,3,3,4.080972527777857e-09,5.290138386522324e-09,3.213793062885447e-10,0.9880521854591576,1.8966436806599284e-05,0.011473359634829343,0.0004554787767161056
6,mlp,12456,3,3,6.430768496307347e-07,6.611414224676121e-07,2.8608151333949797e-07,0.9641196414076609,0.0018209510163719443,0.0002820008701150902,0.03377581640606653
6,mlp,7626,6,3,5.707168020963184e-06,2.6688083709301475e-06,4.845626015634669e-06,0.8417859052831613,0.004509194142937542,0.0011462636633905435,0.15254541530810325
6,mlp,6921,4,4,1.4093838287852444e-08,8.631284730766736e-10,7.911532677326108e-08,3.914915543155159e-08,0.9999974809596646,3.334388496135948e-08,2.3524750015836715e-06
6,mlp,5192,2,2,0.004601326257950588,0.00014666990206433167,0.9946960101865481,3.206204159414792e-10,0.00043552279696231985,0.00011915320357839062,1.317332276190787e-06
6,mlp,4168,2,2,0.009402399100125998,2.350383878174235e-05,0.9845978302351903,1.5910383411398634e-07,0.004949660050387978,0.00025827386396469937,0.00076817380771493
6,mlp,2224,0,0,0.9969266579163414,2.8387112498745665e-05,0.0021811961931672017,2.322899113732397e-06,0.00023690611118646504,0.000287483574637152,0.0003370461930552797
6,mlp,1209,5,5,1.4628377766422428e-05,1.4352132095625287e-05,7.36708878250432e-05,0.023258793214499023,0.0002074543825968748,0.9707015207303136,0.00572958027490349
6,mlp,13234,3,3,4.356071928934643e-05,9.06562408326826e-06,3.0426934959197848e-05,0.6852876824291253,0.0019403012652592817,0.013252973239468438,0.29943598978781505
6,mlp,11177,3,3,4.754218866363677e-09,2.0524141086458037e-08,5.257997685030594e-10,0.998255184482132,0.0011440575473974563,1.7058322397469278e-05,0.0005836738439135816
6,mlp,22,5,5,5.81495400000896e-07,2.0591156079593374e-07,4.388479211530435e-08,0.010366180037985619,1.0984541407140872e-05,0.9895418458609067,8.015826794780738e-05
6,mlp,4789,2,2,0.2608200774873166,0.0003869402641342593,0.7377112270662174,1.0681015629664756e-08,0.0004279970053220479,0.0006329042886089673,2.0843207384999236e-05
6,mlp,8855,6,5,0.00024426601602502244,9.690196617202337e-05,0.0017968546266476624,0.018793087751601767,0.0005305699193754483,0.9266454618781788,0.051892857841999214
6,mlp,12148,3,3,3.429552051767446e-07,4.211083877596321e-07,7.021778150667624e-08,0.9893116388362738,0.0002651141451537035,0.0006754472409088932,0.009746965496289214
6,mlp,5308,2,2,0.01633548534933988,0.0008063222873509115,0.982366490883924,1.819864576933573e-10,0.00029118670934432246,0.00019983173433576763,6.828537185244783e-07
6,mlp,11984,3,3,3.648544365687539e-08,8.67249099580123e-08,1.8144044878772924e-08,0.9970625275517112,0.00017036466107855602,0.0004994587945278899,0.0022675076382837633
6,mlp,9159,6,6,0.0007171461467401863,3.71903727912769e-06,0.00014035564386664535,0.0016223005588404304,0.0003342868643443406,0.0011707167219293306,0.9960114750269999
6,mlp,3192,0,0,0.9938789481835071,0.002027634607556338,0.0033568482376401623,7.2890685160140705e-09,0.00023035555756578687,0.0005056477648317286,5.58359830225175e-07
6,mlp,2511,0,0,0.9997455425220713,1.4394355697564782e-06,2.230856486815745e-06,3.9206641091046833e-08,0.0002335941696731479,1.7053090977249284e-05,1.0071858071437609e-07
6,mlp,5248,2,2,0.005268603194137883,0.0003416795490443936,0.9936465936796455,2.4066222838551646e-10,0.0004937471347633358,0.000247191095592246,2.185106154520085e-06
6,mlp,11121,3,3,5.870748088292626e-09,2.3558811482345068e-08,1.6017812217190766e-09,0.9990295137214283,7.646429887936335e-05,0.00010549963829307532,0.0007884913100584775
6,mlp,6194,4,4,2.2200966667541504e-07,1.161037744509315e-07,8.3891436692152e-07,6.845215939397975e-05,0.999743301010133,4.553561140980232e-06,0.00018251624152410746
6,mlp,9148,6,6,0.0036373579577907962,3.855297887179465e-05,0.0026249113133859077,0.006218927667736267,0.001212170862268216,0.027910837387868672,0.9583572418320783
6,mlp,9540,6,6,0.0005881684160135715,5.5702365414656936e-06,0.0005479425369386745,0.00190885823933301,0.004433879069540715,0.0036419635801287664,0.9888736179215037
6,mlp,5697,4,4,1.1213275043492185e-06,2.9770280315552407e-07,2.988767419643318e-07,0.003161467815811965,0.9860168521059581,3.64194209008314e-05,0.010783542750279545
6,mlp,1729,5,5,9.28481999826493e-06,7.617874095857213e-06,1.4735022447610245e-05,9.67789151710678e-05,7.305211380835254e-06,0.9997785181063323,8.576005057411665e-05
6,mlp,712,5,5,0.0012245587765954173,2.4129862144517208e-05,1.2321444898213745e-05,0.047971769362674575,0.00036756362263794885,0.9449088374692733,0.005490819461775943
6,mlp,10221,3,3,7.74834315231015e-11,1.681688145983372e-09,8.282516512972489e-12,0.9987642579071927,0.0011803795340681786,1.0829125845402318e-06,5.427787870062026e-05
6,mlp,9893,6,6,0.0020087231989622924,6.485037525105519e-06,0.007239613950775465,0.00022576320930050857,0.06526939891961082,0.0005672854425341955,0.9246827302412916
6,mlp,12820,3,3,6.69370046536921e-07,6.978224235325153e-07,1.5147809480095412e-07,0.9847127303731371,0.0028645735639183574,0.0009644895677232202,0.01145668782465663
6,mlp,1236,5,5,2.3274005383960528e-05,9.716480899305473e-06,2.700835596711449e-05,0.0018529897789308788,5.058051373802681e-05,0.9972141816675982,0.0008222491974824371
6,mlp,7995,6,6,0.00028126483951029785,1.3263492137868904e-05,3.8797317162384756e-05,0.05643470476938777,0.44889789964655324,0.0009642602461808853,0.4933698096890675
6,mlp,12445,3,3,6.828790915628875e-07,5.213994085179744e-07,5.162799230400841e-08,0.9658492594621589,0.0007703788888817452,0.00023478066173984784,0.03314432508072705
6,mlp,988,5,5,2.8492400845944363e-05,8.898404014556079e-06,1.5869233440937482e-05,0.005701492168547465,0.00010407655933826972,0.9920918813284864,0.002049289905326443
6,mlp,4182,2,2,0.004114006095412329,7.906321406624714e-06,0.9943399573301294,4.29987820752933e-08,0.0013082600421740402,0.0001426499940154322,8.717721808004062e-05
6,mlp,6566,4,4,9.244847741361334e-06,1.5182036729499339e-07,5.2877365062830296e-05,8.585359302500853e-06,0.9948827196961886,8.907180764629939e-06,0.0050375137305726835
6,mlp,11623,3,3,4.171547178095371e-09,2.6039744362728696e-08,7.588958759290874e-10,0.9992328821845055,0.00031956456465540625,3.183812104916401e-05,0.0004156841596024655
6,mlp,2672,0,0,0.9999315938747139,9.315659345618247e-06,1.3802509471780872e-05,1.6944459866798163e-08,1.593782588293872e-05,2.914186727768168e-05,1.9131884808331953e-07
6,mlp,4983,2,2,0.001007374704969099,3.475550690046232e-05,0.9987819551894324,4.759865099788282e-10,0.00014549635928691554,2.8369262208371974e-05,2.0485012161883947e-06
6,mlp,5100,2,2,0.004970914006294402,9.02009063236422e-05,0.9946569169742652,3.4420957033723563e-10,0.00019050087113600886,8.964847692976644e-05,1.8184208415241672e-06
6,mlp,7702,6,3,2.7225127868160106e-05,7.223055408807479e-06,1.7317294669826653e-05,0.7710858182802782,0.0022564789895721557,0.00554438774716179,0.22106154950504117
6,mlp,5592,4,4,1.8681186108718285e-06,1.5892633348737936e-06,8.653830076859727e-07,0.05927835795464004,0.9138315479872978,9.267362561684854e-05,0.02679309766749193
6,mlp,376,5,5,4.482886068116138e-06,3.3057719572954205e-06,7.69100641698618e-06,0.04058046748010318,0.00014985250065624328,0.9573509515633292,0.0019032487914688722
6,mlp,10670,3,3,3.352501125423565e-10,3.158095326300716e-09,6.170622244410496e-11,0.9998155336513823,4.472806539972976e-05,1.0562063924810584e-05,0.00012917266424167473
6,mlp,2080,0,5,0.01928138836856782,0.00043016800673936707,0.06346370093582475,0.0008990022743151232,0.0012220774710641074,0.7233122294315651,0.1913914335119237
6,mlp,12466,3,3,2.28092438747152e-07,3.41080300962083e-07,5.1131953401377056e-08,0.9908885896757765,0.00045757624079233536,0.00024026138913637882,0.008412952389601666
6,mlp,11957,3,3,9.116513181399985e-09,2.7306042466678907e-08,6.9683996911385845e-09,0.9985856484377712,0.00016863599872830862,0.0002981476837252636,0.000947524488819675
6,mlp,8190,6,6,0.0003925155646715351,7.923257860001201e-06,5.4069300326621645e-05,0.04239020487527252,0.0008487348242865961,0.004198269159673926,0.9521082830179087
6,mlp,4902,2,2,0.00010355842449553066,1.3959956100731465e-05,0.9997833362287613,3.8904608772881264e-10,8.249021837098025e-05,1.4994956135553663e-05,1.6598270897112016e-06
6,mlp,13494,3,6,0.00012391675293831755,1.4373521882936697e-05,4.4998886780198614e-05,0.3907495378125664,0.011410573301930155,0.005176992098743041,0.5924796076251589
6,mlp,10671,3,3,4.139365865899974e-10,5.42462367220926e-09,7.194522390909082e-11,0.999668251364951,0.00016777128973960898,4.412973949064491e-06,0.00015955846085481562
6,mlp,3531,1,1,2.4394536127508007e-05,0.999885115444684,8.812773506741531e-05,4.6438399015935715e-20,2.291623570433855e-06,7.066055072225039e-08,6.019063611088439e-19
6,mlp,10354,3,3,3.0139426291189463e-09,1.8734279900669476e-08,8.174452590890898e-09,0.6163805203348154,2.9512210565027987e-05,0.38351650620431366,7.343132763075916e-05
6,mlp,9191,6,6,0.00046419382761670163,5.066003157909921e-06,0.0007530377205873782,0.004628190596704296,0.0010328228293132876,0.007798642828698576,0.9853180461939219
6,mlp,7631,6,6,7.89205206522746e-05,1.0270781822027985e-05,1.4921240719404553e-05,0.39014856074113324,0.004769790123428168,0.0016214958785362118,0.6033560407137086
6,mlp,11102,3,3,1.279193057614204e-08,3.386911997775247e-08,3.0858463266023453e-09,0.9984926067522346,8.630067961830858e-05,0.000236814816144992,0.0011842280051052483
6,mlp,8473,6,6,0.00132663465619511,4.350391681951774e-06,0.0001682301911261655,0.021352643378539173,0.0031589744561253074,0.0041713307579493,0.9698178361683831
6,mlp,1640,5,5,2.04031207438244e-06,3.363599461997037e-06,1.0271121364886976e-06,1.2052833291829064e-05,1.602645425058284e-06,0.9999769103848064,3.003112803755096e-06
6,mlp,1699,5,6,0.028144013120429127,0.00019896979374239317,0.005932619821052631,0.018956305332628418,0.003942122042230648,0.14129487043844544,0.8015310994514713
6,mlp,11290,3,3,2.0228246356476588e-09,1.1482644945907575e-08,7.582715088872981e-10,0.9994481584043401,7.657394988931572e-05,6.982370063782244e-05,0.0004054296813915591
6,mlp,2012,5,5,0.0003179352089439146,0.0001187394157159936,0.0017124818361993362,1.9014314141674775e-05,4.202916772322356e-05,0.996994113753659,0.0007956863036171058
6,mlp,996,5,5,1.3122720852892857e-05,4.616976716302745e-06,4.069399929989697e-06,0.0009733074690121194,2.8496327169746064e-05,0.9986767724364173,0.0002996146699017495
6,mlp,9720,6,6,0.0018228068719911572,5.535362904797601e-06,0.00306010174718774,0.0005798734099435876,0.001776913366167188,0.0009630543922745365,0.9917917148495309
6,mlp,6695,4,4,1.721050350621238e-08,1.386374291061707e-09,1.316570454142791e-07,1.5261373891161616e-07,0.9999914429798595,6.422279236993646e-08,8.189929685844128e-06
6,mlp,6693,4,4,0.0010083852721649693,3.878061099424808e-06,0.0008253028654219474,2.3036634108773066e-05,0.9963665427540704,9.546917903679513e-05,0.001677385234097874
6,mlp,10661,3,3,2.5087717985703663e-10,4.276835414228957e-09,2.6077518703092726e-11,0.9996827122562094,0.00019560696430009447,2.395226996699848e-06,0.00011928099870340982
6,mlp,7452,6,4,5.730385057204844e-06,2.066968929483312e-07,1.0580969934881174e-06,0.05379653690371959,0.8582721690545986,9.610076107958261e-05,0.08782819810165847
6,mlp,5228,2,2,0.00022870016748151992,2.272845153288438e-05,0.9995454318948562,7.176676826016412e-11,0.00019152301512049346,1.1352011074524475e-05,2.6438816734420647e-07
6,mlp,12405,3,3,2.188888427312618e-06,2.61336052191382e-06,2.603763982107426e-06,0.9266737762820101,0.0005269911974342689,0.06170732371238899,0.01108450279523518
6,mlp,529,5,5,3.674114565518683e-08,9.273052376585508e-08,4.5034797504386234e-08,2.5134403049581866e-05,3.2146805863359465e-07,0.9999733338303999,1.0357920249123699e-06
6,mlp,1943,5,5,0.0007110985777597047,5.2013060627571036e-05,0.0003390611821348448,4.733995542845597e-05,4.164308148306797e-05,0.9983449770419124,0.00046386710065418277
6,mlp,8378,6,6,0.000781287885745282,1.4796341029015566e-05,0.00012358010775993052,0.03865685433670132,0.0037102624714642025,0.003151003398529658,0.9535622154587707
6,mlp,9444,6,6,0.005120754240889891,1.1562234494511245e-05,0.001523604427823666,0.0012619116343944715,0.0005400849732730624,0.001870463911805725,0.9896716185773187
6,mlp,11585,3,3,2.757607344993256e-08,9.865104248774567e-08,4.690862886850312e-09,0.9973387294665658,0.0005844960368887566,4.337510533908014e-05,0.002033268473227756
6,mlp,6245,4,4,2.5610715958717864e-07,3.731789602206491e-08,1.8111002997599216e-06,3.009073493810985e-06,0.999981935284417,5.794128042316925e-07,1.2371703929717829e-05
6,mlp,3666,1,1,4.110910792623842e-08,0.9999804492118912,1.8897656870363277e-05,1.5055422860931302e-22,6.089861752706849e-07,3.03595523629404e-09,6.702416356541097e-22
6,mlp,809,5,5,3.0272833715252347e-05,5.537086146076877e-06,1.3815424393553932e-05,0.004188633600167219,6.962900982062541e-05,0.9942563551271986,0.0014357569185587146
6,mlp,7753,6,3,6.768329289811823e-05,1.0867927424235981e-05,1.4523133550819866e-05,0.5093236353271844,0.00495172346241416,0.00209517083057221,0.48353639602595605
6,mlp,2256,0,0,0.9996770049284498,1.2503023836035561e-05,5.09477387343508e-06,1.7885270951742325e-07,1.231025340606697e-05,0.0002927257298400546,1.8243788528302382e-07
6,mlp,8618,6,6,0.000687812173415824,1.0037607445994046e-05,5.3127504661321434e-05,0.014402134770281082,0.06779425423258828,0.0012361061840511936,0.9158165275275563
6,mlp,13484,3,6,0.00013569626520645934,1.1618548573737367e-05,8.860163443558972e-05,0.30599473171039754,0.004826785879327694,0.006014111929370098,0.6829284540326888
6,mlp,2710,0,0,0.7917949739672455,0.0002644251717001556,0.2065118898623847,9.445272086914941e-08,0.0004822723417281677,0.0007112777528091296,0.00023506645141114217
6,mlp,4364,2,2,0.01155737184312187,6.182050284566822e-05,0.8025083925302338,1.9177341093743432e-07,0.18495694067245483,0.00046451502723484674,0.00045076765069804615
6,mlp,4501,2,2,0.00024287682523014482,2.10237671487841e-06,0.9990480572929854,1.4179733911428303e-09,0.0006849877953680598,1.7755276185924234e-05,4.219015542257056e-06
6,mlp,326,5,5,1.0927775365424193e-06,9.247064091601258e-07,3.0154347507292704e-06,0.008803757100975444,2.8960268443884333e-05,0.9908337418974166,0.0003285078144677651
6,mlp,5807,4,4,5.976840156507896e-06,6.232666817865848e-08,6.38650001092236e-06,9.169184070284179e-05,0.9923041048157689,1.2579167556155102e-05,0.007579198509136495
6,mlp,5057,2,2,0.0005156323255226893,1.2328645731521193e-05,0.9973001827418505,3.222808367483907e-10,0.0021529803879503174,1.773640900583233e-05,1.1391676582154621e-06
6,mlp,8975,6,4,0.00040340125080499695,5.6674448775545705e-06,3.994597984929383e-05,0.005821529514263087,0.7164467040197979,0.00042448973676401276,0.27685826205364306
6,mlp,12724,3,3,1.5891340062016873e-06,1.1134190481366222e-06,2.757499910019582e-07,0.9673930726971771,0.001087686019937416,0.001036405199183344,0.030479857780656625
6,mlp,7898,6,3,0.00010380208378863881,2.0433793381800275e-05,4.7622451119977636e-05,0.6150532040558072,0.0016615021676121382,0.031222068168048064,0.3518913672802422
6,mlp,9269,6,6,0.0002174056803219674,3.2511009656530477e-06,0.0004080129898407943,0.0032576150584442635,0.01583740288081572,0.0009154354305907174,0.979360876859021
6,mlp,7481,6,3,5.043175646630339e-05,6.3564244685405324e-06,9.53371168230207e-06,0.6402573551496357,0.0014495519846717997,0.007186860055096757,0.35103991091797865
6,mlp,11749,3,3,3.041078091558015e-08,9.049917082279872e-08,5.787545524528026e-09,0.9975071995514097,0.0003548418053308839,6.563236734558784e-05,0.0020721995784164834
6,mlp,13122,3,3,4.353841603613139e-06,2.172755065541578e-06,2.710901739349746e-06,0.9477933448152966,0.0016097577908945105,0.002725192944161821,0.047862466951238476
6,mlp,12829,3,3,2.437811529056346e-07,3.922577054387585e-07,5.88095099476256e-08,0.9925201839282469,0.0019172830758612139,0.0004982167450238559,0.005063621402499756
6,mlp,9132,6,6,0.003465136334452569,1.3565040241515943e-05,0.0020230944221479134,0.0022392072482838397,0.0007298949548003334,0.005563284013460095,0.9859658179866138
6,mlp,6400,4,4,5.2389665867131855e-06,2.1605128885367595e-07,3.5180268125892655e-05,1.1033175449915165e-05,0.9995022103311467,5.2142988037747355e-06,0.0004409069085980657
6,mlp,352,5,5,8.048407209316464e-08,2.1230341988354666e-07,3.221829522776011e-07,0.0005892899326411182,2.611049131786432e-06,0.999393873882482,1.3610165300871297e-05
6,mlp,4360,2,2,0.004760814537119251,4.167676697770352e-05,0.9939359944477806,4.967738211790388e-08,0.00041389800064422393,0.0006014301688880267,0.00024613640120830756
6,mlp,12604,3,3,6.002093156375471e-07,6.468818021252051e-07,2.0001397970425645e-07,0.9842786010932795,0.000571565152402487,0.0007488003481323848,0.014399586301088403
6,mlp,7628,6,5,0.0002307292238931361,4.477635363352165e-05,0.00026557548059713917,0.10807245994382729,0.0012442572834026363,0.8421325390277765,0.04800966268686965
6,mlp,4561,2,2,0.0003800907311916458,6.4300330313098314e-06,0.9983402844959653,3.6471688781913467e-09,0.001227414874832143,3.487791527452027e-05,1.0898302536318419e-05
6,mlp,1315,5,5,0.0001422413458493097,6.049209479949151e-05,0.0005695475093289534,0.1453868328964271,0.0011423296717786597,0.8085646408090338,0.044133915672782756
6,mlp,2537,0,0,0.9994618760236353,2.887486047012678e-05,2.4781716957424114e-06,1.2994805534474803e-07,5.141195015274594e-06,0.0005014176575248393,8.214360299073016e-08
6,mlp,140,5,5,2.0203219758310818e-08,5.642724970556983e-08,5.5843168026644453e-08,0.00029921584086944154,9.50096388373077e-07,0.9996960189735299,3.682615574867922e-06
6,mlp,7054,4,4,0.0002496191819764889,4.096554674650143e-06,0.002966164086287537,4.668132807830901e-06,0.99588856326736,6.539607476231909e-05,0.0008214927021312748
6,mlp,9636,6,6,0.011547678286279513,2.571420950049453e-05,0.004885961442953847,0.0011133250069284225,0.0009029852772988666,0.009324307740117537,0.9722000280369214
6,mlp,11377,3,3,2.67896793029434e-09,1.735768284492699e-08,5.941694414129551e-10,0.9995456900622958,0.0001090016483000867,3.402598416832185e-05,0.00031126167441546083
6,mlp,10943,3,3,4.2106090148074027e-10,3.1482466987013305e-09,3.721142408200617e-10,0.9996492799571457,3.534342098446593e-05,0.00016386896478749237,0.00015150371566023535
6,mlp,5072,2,2,0.021283740299136173,0.00014219126842920202,0.9775243587577442,1.7360071505331311e-09,0.0009698384853142209,7.72948458922423e-05,2.5746074770793227e-06
6,mlp,8026,6,6,0.00017027573345963944,5.256507519894689e-06,2.7186204805172584e-05,0.0347953335682295,0.0024748716769883205,0.0007184098244828254,0.9618086664845146
6,mlp,8646,6,6,0.0006226525419611233,1.667732296324064e-05,0.0004470314548058013,0.036024768868224144,0.002485147437107303,0.009490196553557088,0.9509135258213813
6,mlp,7434,6,3,7.685064989814406e-06,3.5627757635997703e-06,1.234993348634069e-06,0.8077734599879691,0.010012415587573023,0.0006116073729458115,0.18159003421740993
6,mlp,869,5,5,9.714486791940417e-06,1.7033481562927857e-06,2.6123428896495273e-06,0.0002758725732944475,9.994659090153075e-06,0.9996238146537593,7.628793601806813e-05
6,mlp,7340,4,2,0.2642165468463866,0.00014739355552755132,0.6858189228751155,3.138633750677103e-07,0.04922157844867655,0.00047640281667978615,0.00011884159423903458
6,mlp,13150,3,3,4.290398964578736e-06,2.36724695347854e-06,7.502137241667808e-07,0.9420980898213934,0.005042117663941454,0.001444112049843164,0.05140827260517977
6,mlp,9911,6,6,0.21766945709543495,9.158063599476036e-05,0.11784726816320225,0.0009066161714295527,0.04869285490969555,0.003942523235217761,0.6108496997890251
6,mlp,9951,6,6,0.13191147366945288,0.0002198622348125314,0.15971365894852185,0.00043822729513898277,0.001632887894514401,0.0929499164450098,0.6131339735125495
6,mlp,955,5,5,7.69122891798406e-07,1.4208760344858364e-06,9.480236490311795e-07,0.0003845340393572641,5.558715622894072e-06,0.9995678159020327,3.895332041174624e-05
6,mlp,5525,4,3,3.95550730443959e-07,7.789002553217151e-07,5.534893628392814e-08,0.8120208689203774,0.17008345060837718,0.00012321579140531756,0.017771234879917948
6,mlp,12632,3,3,5.407168452111838e-06,2.1539235655665127e-06,9.86419543431414e-07,0.9275249296838955,0.0009075342612744615,0.0025174741396560346,0.0690415144036128
6,mlp,4340,2,0,0.6337940697524785,0.0002830055729993402,0.3627021140978415,8.101610998544533e-08,0.001964983992950431,0.0011183025582241668,0.0001374430093960657
6,mlp,6073,4,4,9.067697131798949e-09,1.4839300210752837e-09,1.3292273259764503e-08,1.988565672228318e-06,0.9999321189328554,1.4991355986372764e-07,6.571874401219202e-05
6,mlp,6416,4,4,4.298442631219735e-07,4.0534303124876345e-08,1.0642382336158063e-06,9.846705747673713e-06,0.9993500364987737,2.3606288241043585e-06,0.0006362215498547071
6,mlp,1150,5,5,8.601347670461551e-07,2.068756514990959e-06,5.720521464439587e-06,0.0009138549422062123,9.37963859132866e-06,0.9989721096242611,9.600638219485584e-05
6,mlp,10815,3,3,2.214005875681852e-09,1.1651995022644264e-08,2.2105869757867485e-10,0.9963632964923274,0.0030480563029821237,8.563844725046577e-06,0.0005800692729058242
6,mlp,10655,3,3,3.2414407977123333e-10,3.317211452988386e-09,4.126581814468635e-11,0.9997420272695122,0.00012398863320988612,4.752471179470956e-06,0.00012922794347676353
6,mlp,8289,6,6,0.0011343241271983273,1.944828770245325e-05,0.00015000871339530282,0.06090476257441983,0.0014399626022472672,0.005500601890199737,0.930850891804837
6,mlp,10909,3,3,1.2327204864339274e-09,8.54716686513269e-09,1.7873384975728037e-10,0.9996093668921863,7.672227964256152e-05,1.569874677493185e-05,0.00029820212277515264
6,mlp,11461,3,3,5.2848160379172156e-09,3.9415736287743235e-08,5.905019893166845e-10,0.9979266907683759,0.0010865181081825307,1.2179736004911265e-05,0.0009745660963823051
6,mlp,5187,2,2,0.00029563347043459856,1.5782579092304022e-05,0.9993917180753656,1.357168922888147e-10,0.0002854337272518873,1.1270420447729643e-05,1.6159169097074136e-07
6,mlp,1013,5,5,5.7099094875727986e-08,2.8019499580396935e-07,3.1491452179036104e-07,4.2910130784653466e-05,4.849867325732024e-07,0.9999539677931422,1.984880728092026e-06
6,mlp,8798,6,6,0.001448586876117324,8.40024883097257e-06,0.0005537367351923573,0.005399971497253992,0.0014081974888627744,0.0008830446907310516,0.9902980624630116
6,mlp,7125,4,4,2.9358106705416647e-06,5.715662659916194e-08,5.2368458480854706e-05,2.1285010505519686e-07,0.9997480040688638,1.8787972160372127e-06,0.000194542858037126
6,mlp,7505,6,3,1.7290378911019527e-05,6.770910752541053e-06,3.1880845829554657e-06,0.7756810795637571,0.010135236936907011,0.0009275617536737675,0.2132288723714158
6,mlp,4906,2,2,0.022769746024066465,8.330847326477674e-05,0.9761656867506863,7.3335661364242485e-09,0.0007936673641382883,0.00018442091592430122,3.163138353713871e-06
6,mlp,1067,5,5,5.7161059937502576e-05,4.211382965103416e-05,0.00011807197166273432,0.19453592627684216,0.0010276919725785117,0.7782314437960469,0.025987591093281043
6,mlp,9245,6,6,0.001704140999761704,8.701145283427175e-06,0.0004196260312069366,0.0026295010099500896,0.003161277322325451,0.0018275580696823339,0.99024919542179
6,mlp,7457,6,3,0.02027790321772164,7.155953129751408e-05,3.333121498274494e-05,0.7128224449035251,0.0038661619710427812,0.19610445178769467,0.06682414737373554
6,mlp,2464,0,0,0.9557576048889709,9.753297842754314e-05,0.04333189053378714,4.161961369241511e-07,0.00033032691179168315,0.0003631599420086283,0.00011906854887718869
6,mlp,2978,0,0,0.999753591693179,8.843137279340793e-05,7.146040460434281e-06,7.71566148536701e-09,7.598456903690517e-06,0.00014319166205441854,3.305894742465736e-08
6,mlp,13396,3,6,0.002862109778003452,8.825115518636644e-05,0.00013936132849603456,0.39186846082999327,0.005331221255982458,0.030330828498993167,0.5693797671533453
6,mlp,12758,3,3,3.541562943478016e-06,2.586960690911883e-06,3.533317520068119e-07,0.900871054324951,0.007970155773126753,0.00032293246121966766,0.0908293755853163
6,mlp,7659,6,3,7.181235827593741e-05,9.906018165101122e-06,2.0409439287568463e-05,0.5475766074421605,0.0015629669561339438,0.018232860085898715,0.4325254377000781
6,mlp,9199,6,6,0.004492755599988912,0.00010499657697579297,0.006169883285541246,0.012002381119106526,0.0015566985933169793,0.13650104922271514,0.8391722356023554
6,mlp,5656,4,4,4.9266763943931244e-09,3.229216452317656e-09,3.500371701447819e-09,3.234940267359334e-05,0.9999057365175261,2.451824029226672e-07,6.165724113302587e-05
6,mlp,8471,6,6,0.0005614739472677071,3.813108398212889e-05,0.0008987356712764548,0.14195365839178417,0.004333880299959825,0.0929695737748734,0.7592445468308564
6,mlp,7518,6,6,9.173599186146757e-05,1.8164750237463375e-05,1.1174793234246282e-05,0.4577881980161228,0.04516109100257362,0.001267217263039544,0.49566241818293094
6,mlp,9204,6,6,0.008526056426673471,1.6671971220815258e-05,0.0013713137810245015,0.00232951102936722,0.001150303971448441,0.002903840669947891,0.9837023021503176
6,mlp,375,5,5,1.3268311091511032e-05,6.4126675350952e-06,1.6224998110800088e-05,0.19986270543075246,0.00031249262413961005,0.7908914508153064,0.008897445153064064
6,mlp,414,5,5,2.0613900437550385e-07,4.110067051304207e-07,9.297994872563499e-07,0.0017126322650842468,6.722606844464957e-06,0.998226540057236,5.255812563862289e-05
6,mlp,9342,6,6,0.004367446843041719,1.1895021015019883e-05,0.0024785445393008484,0.0012936103002548496,0.0008677729200258518,0.005267048891129137,0.9857136814852326
6,mlp,9197,6,6,0.0009163399326580238,7.078413617841977e-06,0.00045710795025149007,0.005518407599982894,0.0030436399510542556,0.00588492824120035,0.9841724979112353
6,mlp,1269,5,5,1.3743416207559857e-05,1.0992945438621891e-05,7.584326142773485e-05,0.005528923091839782,7.926943953234816e-05,0.9928480796740237,0.0014431481715303988
6,mlp,2983,0,0,0.9998982615679981,5.148428652663215e-06,1.4204381474071127e-05,1.3060663059461468e-09,7.602349594423854e-05,6.349841044427141e-06,1.0978820149198715e-08
6,mlp,8392,6,6,0.00047003239614710796,1.2442441918869368e-05,8.171126200767221e-05,0.05988040803967085,0.0009601253778521774,0.006016446599816485,0.9325788338825869
6,mlp,2468,0,0,0.9968143381223517,0.00017317545973878618,0.000845973339607751,4.3176872340311694e-07,7.089281893369433e-05,0.002076240188607241,1.894830203729519e-05
6,mlp,9089,6,6,0.0006378817223759877,3.0721084226146245e-06,0.0006961557827715394,0.0013441974974010263,0.006203211133644807,0.0003914481606571764,0.9907240335947268
6,mlp,9162,6,6,0.0016552710011829828,1.865768566187536e-05,0.000672687605124807,0.005233835833574068,0.00046140177962957125,0.01137926937908266,0.9805788767157441
6,mlp,3157,0,0,0.9999801954057744,1.1029508502805426e-05,7.466142183737075e-07,1.91340069990524e-10,1.6268058144896394e-06,6.401199578395063e-06,2.747713563156586e-10
6,mlp,4205,2,2,0.003487500219703603,6.216271245870132e-05,0.8156897453020698,6.215814355945183e-07,0.1740874931870295,0.0009733581515021016,0.005699118845800637
6,mlp,1386,5,5,3.6273215407412756e-05,1.4534810992096751e-05,6.696344594338542e-05,0.003448224157314235,7.602358863527378e-05,0.9949223148472013,0.001435665934506311
6,mlp,9509,6,6,0.0015957673397719793,6.5826263908117495e-06,0.0012430501700462582,0.001539459850928428,0.0033232336721875314,0.0018764580756807422,0.9904154482649942
6,mlp,9309,6,6,0.0015491967251036584,2.3621239428341438e-05,0.0017606547545892927,0.004486614556578947,0.0008776606024245045,0.06942473446914385,0.9218775176527314
6,mlp,1963,5,5,0.0013082528958798963,0.00012184446911785012,0.0014621717471915378,0.00011844596027694257,8.758492829961043e-05,0.9958601742700766,0.001041525729157502
6,mlp,10859,3,3,9.719597557699317e-10,7.120571814609388e-09,3.3337652219851227e-10,0.9996777423201525,3.7293588402465576e-05,5.8462441831582575e-05,0.00022649322370544203
6,mlp,3236,0,0,0.9999323018557498,4.6333283777960025e-05,6.439024868912858e-06,1.9826331255470367e-10,8.044841676769459e-06,6.8802980782563825e-06,4.975851254498871e-10
6,mlp,9469,6,6,0.001681605526905227,1.1028744713204671e-05,0.0006093829166223153,0.0028841761391806726,0.006819255366422572,0.008845455357122426,0.9791490959490335
6,mlp,4686,2,2,0.055992020367028154,0.00030429299198664144,0.9427540818591336,1.172399396962875e-08,0.00018345504135741935,0.0007319518349300777,3.418618157019954e-05
6,mlp,11672,3,3,1.5978179627764016e-08,5.563400609271041e-08,6.074589447143018e-09,0.9983691232799176,0.00010361115520561478,0.0002899966599932376,0.0012371912181081838
6,mlp,9226,6,6,0.0007622815639420362,9.581858303743403e-06,0.0001768548972794579,0.005534309179332706,0.1341601979130835,0.0014524891813429601,0.8579042854067156
6,mlp,11211,3,3,1.3154114474997209e-08,5.7652903324622775e-08,1.7504536159063535e-09,0.9984944351502554,0.0004536406001594632,2.4986685365840277e-05,0.0010268650067481282
6,mlp,626,5,5,7.67363480402252e-07,1.965479694576951e-06,1.2319276747301572e-05,0.03804756394954803,6.847474007873259e-05,0.961110316588914,0.0007585926015368956
6,mlp,453,5,5,3.3834313674892784e-07,4.410695746197314e-07,7.054878425900906e-07,0.0008400891119945786,5.150559236521447e-06,0.9991125747338637,4.070069435112164e-05
6,mlp,9255,6,6,0.007516300976300359,1.4487325939159355e-05,0.000870989605150661,0.0029045894520067666,0.0006079323684864824,0.0024351978429332705,0.9856505024291833
6,mlp,7063,4,4,0.00024358206465984361,5.2809962333291326e-06,0.005301514323436809,1.4467090692257739e-05,0.9874288658229973,0.00013196677037596914,0.006874322931604559
6,mlp,2020,5,5,0.04008521044922487,0.0006679978388147994,0.19911122047285368,0.00022459436941343823,0.001137497248523663,0.5699168390520424,0.1888566405691272
6,mlp,8568,6,6,0.00027419481591147164,9.167303206869226e-06,4.421671175968092e-05,0.036562669671736145,0.003605500286076166,0.0026610937212398975,0.9568431574900698
6,mlp,4880,2,2,0.0017386913671154581,4.2755096932005106e-05,0.9979837079042748,1.5911815616825398e-09,0.00018962740750983023,4.2151900605278284e-05,3.064732381104096e-06
6,mlp,4707,2,2,0.003177935638180856,1.8111751688358378e-05,0.9952942253119397,3.277715108696571e-09,0.0014481683081787387,5.476711880034106e-05,6.788593497060612e-06
6,mlp,10857,3,3,4.09516652472034e-09,3.0519592263448006e-08,3.5620796667059117e-10,0.9973915131644097,0.0019090144103148454,7.4291652686457506e-06,0.0006920082890398832
6,mlp,13519,3,6,0.0004933473147691467,6.285343212559485e-06,2.032320457167738e-05,0.04157964955613377,0.0392743536601092,0.0008124022337089315,0.9178136386874947
6,mlp,9223,6,6,0.0019172038140249177,1.339353870393056e-05,0.0006995381892682176,0.00589880348488094,0.018693932271656513,0.0021679979803806418,0.9706091307210848
6,mlp,12676,3,3,6.688368931687915e-06,2.3762965591309906e-06,2.1483391275729733e-06,0.9122796275858995,0.0012123708077890255,0.0032433217377960503,0.08325346686389706
6,mlp,7955,6,6,0.0001958994786963276,1.387503679617175e-05,3.071723786485663e-05,0.1917974019507312,0.005702551065597853,0.002026046402741289,0.8002335088275723
6,mlp,5402,2,2,0.0035396266862936375,0.00027664118547573416,0.9956091646672071,6.850284001794513e-11,0.0005326680574913653,4.1877472714273994e-05,2.1862315169354608e-08
6,mlp,6993,4,4,0.0007542955472803068,3.5807105733649077e-06,0.042810426282911325,3.394764484829443e-06,0.9427451943770778,0.00018461565946077316,0.013498492658211536
6,mlp,9006,6,6,0.0006113848890415895,4.124388303980195e-06,0.00028689207181712274,0.0015432370516101264,0.0008304290613865244,0.0005160259976299458,0.9962079065402106
6,mlp,1627,5,5,0.000873052114308644,4.935696226345914e-05,0.0010352003376887927,0.003157906041790432,0.0002578753525312821,0.9835165607280818,0.011110048463335494
6,mlp,9583,6,6,0.0009674280011814691,4.361677056858495e-06,0.0003545130648450707,0.0006727724242522925,0.0005265721153852599,0.0012464747312131187,0.996227877986066
6,mlp,1651,5,5,0.002170050659917804,0.00010441985039432914,0.0055159100714218205,0.03710245239646514,0.002457078996122199,0.5962190000792681,0.3564310879464107
6,mlp,6486,4,4,8.727482712662389e-07,3.947817399472852e-08,1.1311773688757164e-06,5.768415797490486e-06,0.9992792320663972,2.180158931595914e-06,0.0007107759550592977
6,mlp,5922,4,4,1.6134665559286543e-07,2.1645017422568576e-08,1.1634936956533486e-07,3.1405713083946195e-05,0.999135711217588,1.6780097797257036e-06,0.00083090571850576
6,mlp,9556,6,6,0.0014123504595382648,7.40598495158831e-06,0.0007251089479864649,0.0015538542120496822,0.0019581557443297763,0.004356938518514015,0.9899861861326303
6,mlp,511,5,5,2.0355914178985172e-07,3.600589007997844e-07,6.743897019330875e-07,0.0005496674478453853,3.561632074639761e-06,0.999420189958056,2.5342954279543667e-05
6,mlp,4651,2,2,0.004964576271645716,2.253537679094792e-05,0.968109061808684,8.56955535140841e-09,0.02678785220879716,8.963908147554616e-05,2.63266830513392e-05
6,mlp,1558,5,5,2.495924519098832e-07,9.740015698100557e-07,4.050628360425467e-07,1.0145779389229337e-05,5.713801445103895e-07,0.9999860068998496,1.6472837588651021e-06
6,mlp,4368,2,2,0.0011879961646909672,1.9642688878721393e-05,0.9982557205390186,1.92151866117316e-08,0.00030292853978332096,0.0001416481118033809,9.204474063851825e-05
6,mlp,7218,4,2,0.18637621417617195,0.00014776393514332983,0.5456520690555083,5.660697277017166e-06,0.2630718744127942,0.0017421063874330201,0.003004311335672072
6,mlp,8977,6,4,0.00011126643002737366,3.046680818317231e-06,8.176782113326806e-05,0.0031224402886566357,0.799512305863583,0.00026647863774364,0.19690269427803772
6,mlp,7284,4,4,3.0458802715544526e-06,9.934398547245639e-08,0.0003032022013519267,2.6258735474312148e-08,0.9996720984965629,1.5215375684382621e-06,2.0006281524170452e-05
6,mlp,13474,3,3,2.9911036644833834e-05,1.231729036603515e-05,1.8441163164020928e-05,0.7644475361777162,0.003950752569466298,0.030284020889907323,0.2012570208727353
6,mlp,13316,3,6,0.00044935488882883617,2.441294328593609e-05,0.00010508695251823267,0.28184276782957013,0.004523899781799892,0.016792445155600216,0.6962620324483968
6,mlp,4374,2,2,0.0037963874079561402,3.302404441690874e-05,0.9914343403922027,3.337882679174327e-08,0.004478604768917653,0.00018940700800918365,6.820299967075006e-05
6,mlp,6599,4,4,0.26253954265281015,2.5979314687518607e-05,0.06435601983453478,0.00011107330003832646,0.6546730977592607,0.0021111868283209306,0.016183100310347406
6,mlp,6745,4,4,0.0010163517520136776,4.2676932897184113e-07,0.00787067898493018,6.682625768659017e-06,0.9907226148459656,2.6279184967008466e-05,0.000356965837025865
6,mlp,9437,6,6,0.0025155161221115676,7.825840457407617e-06,0.0012601959244611328,0.0014400122919344487,0.0013623628369878321,0.001953482293708066,0.9914606046903395
6,mlp,3382,1,1,0.0007749178612600135,0.9991930306684154,1.6275561164293245e-05,4.5766860695601215e-17,1.394681040355393e-06,1.438122811971835e-05,1.434126349984546e-16
6,mlp,11806,3,3,3.402571904049718e-08,1.0930193056353534e-07,8.358004450353722e-09,0.997799302538161,0.00012717420612898446,0.00023013663289789488,0.0018432349371583414
6,mlp,13440,3,3,0.00012378391313698956,1.4897975809940394e-05,4.461343640391302e-05,0.5364820959817338,0.005533091792453908,0.006745217804549985,0.4510562990959115
6,mlp,12581,3,3,6.857274991266108e-06,2.539144671018048e-06,8.789714301969818e-07,0.8886888256740536,0.0032295154818043495,0.0007361489647361843,0.10733523448831359
6,mlp,3676,1,1,2.4521776144109206e-06,0.9999748378227957,2.0197594627009456e-05,2.2662686381534755e-22,2.506812638775539e-06,5.5923238856701e-09,2.2275362561833028e-21
6,mlp,9755,6,6,0.001952195866583532,1.4994497184975916e-05,0.0019253231564612147,0.0016108947062924703,0.0023077443973182144,0.027653858863559665,0.9645349885126
6,mlp,9457,6,6,0.002757867869357517,8.54551955396111e-06,0.00090641634451657,0.0011979061063180953,0.0038516441210105427,0.0012600184838813336,0.990017601555362
6,mlp,10114,3,3,9.860421883012535e-08,1.0001424367055103e-08,2.3218036529349378e-10,0.832861988516185,1.623557979060651e-05,0.16708820704318972,3.346002301107354e-05
6,mlp,12915,3,3,2.2002963759968177e-05,4.4110900887471225e-06,1.5093747983754837e-06,0.7138727324580023,0.008910799770942779,0.001167063981075326,0.27602148036133256
6,mlp,12955,3,3,5.0714781289248125e-06,2.47986879020931e-06,3.554964008328124e-06,0.93757576625623,0.0014971354827915807,0.004077470927775704,0.05683852102227541
6,mlp,8706,6,6,0.0003305949674602026,4.250174695853513e-06,0.0001839230148792886,0.004272732741423768,0.0030102716763969013,0.0006909295723799969,0.991507297852764
6,mlp,12746,3,3,8.163394397076785e-06,2.1631417634788905e-06,9.77321572207034e-07,0.8082404921156509,0.001799297045598415,0.0007927901339387969,0.18915611684707898
6,mlp,6988,4,4,0.010848166626971183,1.1754439787943089e-05,0.003599205280448579,1.3920119164340202e-05,0.9827037813070767,0.0002762526425095224,0.0025469195840418786
6,mlp,13301,3,3,2.1481857981170278e-05,7.930956405811483e-06,1.763569404138344e-05,0.8458871566940833,0.0025705074350722314,0.006933597547744303,0.14456168981467193
6,mlp,8021,6,6,0.0002501947858973517,1.0545266737531551e-05,9.008492800848111e-05,0.0850308010792373,0.004975837265473597,0.0023705676313046818,0.9072719690433411
6,mlp,176,5,5,7.821753433764993e-07,1.0170759078037165e-06,9.335665042983301e-07,0.026993468049562926,4.674047425050259e-05,0.9726007656321912,0.0003562930262399831
6,mlp,8122,6,6,0.001072165845960812,6.6290424656063745e-06,8.473247628056416e-05,0.03332026417624046,0.00130688770484147,0.0016445230033431946,0.962564797750868
6,mlp,6116,4,4,1.2781549157782647e-07,7.195815312939817e-08,3.2433084657806726e-07,2.812030521578225e-05,0.999911549063129,1.7876989632716435e-06,5.8018828200950216e-05
6,mlp,3869,1,1,8.567885174542516e-12,0.9999999999045515,1.0678628721386313e-11,4.473385458427267e-32,7.605342293224644e-11,1.488480263406146e-13,5.106741929444885e-33
6,mlp,7207,4,4,4.2913402258503316e-05,2.354722050585431e-06,0.01719025631372313,1.1196937637391072e-06,0.9825207474484983,2.1766668753161902e-05,0.00022084175095252458
6,mlp,13460,3,5,0.0033991029140212586,0.0002123022850776875,0.0008599247201588378,0.05078363350877981,0.0025382879623596266,0.8521531031116675,0.0900536454979352
6,mlp,9651,6,6,0.012152892580552648,7.633304817353498e-06,0.0008531210065114627,0.000501116081831083,0.0007463434856381704,0.0030656713425439006,0.9826732221981053
6,mlp,7327,4,4,0.004229885982236125,2.8270189782478258e-05,0.16384661067212,5.427925662568342e-07,0.831295478220943,0.0002597224027615717,0.0003394897395907603
6,mlp,7833,6,6,0.00012603641557785438,6.680350405357058e-06,1.5322262473160875e-05,0.13796958858062275,0.0021304386246064305,0.0013816515609487545,0.8583702822053656
6,mlp,5114,2,2,0.0003425367185783981,2.6588377478356732e-05,0.9994530734284496,1.6164985031413232e-10,0.00015538126249582703,2.216266450419265e-05,2.573868440363455e-07
6,mlp,7815,6,6,0.00010393239323428154,3.1161639924115786e-06,1.0448269687756485e-05,0.05196615436832035,0.009437373091434074,0.0005740592986900911,0.937904916414641
6,mlp,2774,0,0,0.9941071796308759,9.111881207115624e-05,0.00555545858005648,2.668600702399869e-08,8.68997648694042e-05,0.00015478977758586648,4.5267485339393206e-06
6,mlp,183,5,5,2.341918032363032e-08,3.977435506990479e-08,2.277324260933763e-08,3.6404840022608506e-05,2.910345362016787e-07,0.9999623492099923,8.689486707715148e-07
6,mlp,12201,3,3,1.535180779296438e-07,3.2536222064358564e-07,5.129337895636344e-08,0.9850790771928711,0.0019414285954909207,0.0001052388779081177,0.01287372516005233
6,mlp,4581,2,2,0.07715452434568384,8.638194765973752e-05,0.9155383653088357,4.654757911459275e-08,0.006925659445930729,0.0002370604457391412,5.796195857196106e-05
6,mlp,8121,6,6,9.30456578622491e-05,9.042836125305105e-06,8.76152875686336e-05,0.2720056226312116,0.005205116938013208,0.007450577598207802,0.7151489790510113
6,mlp,2370,0,0,0.9991089625234343,2.455183321616975e-05,0.0003895112052719435,8.191120760774588e-07,0.00019629070936119072,0.0002603550634770595,1.9509553163447762e-05
6,mlp,5145,2,2,0.0006182169516784965,1.4002145925819065e-05,0.9991143995444238,1.7770542655321158e-10,0.00024112511797050063,1.1904710592656346e-05,3.5135170351488625e-07
6,mlp,12957,3,3,2.6336873228727512e-06,2.6917029047676528e-06,3.9999772999486455e-07,0.7809632182301933,0.14891765236843227,0.0002850569789175865,0.06982834703449907
6,mlp,9076,6,6,0.0021880026143795473,6.433415659847662e-06,0.0012428729793759242,0.0020543973104990704,0.005060592037787169,0.0006450628221385356,0.98880263882016
6,mlp,4243,2,2,0.012910228160659641,3.328100039984932e-05,0.9853047476989261,7.928722062227575e-08,0.0012213817833576159,0.00020763582575537113,0.00032264624368081083
6,mlp,5396,2,2,1.966568652561463e-05,6.775569756317201e-06,0.9998364966689244,2.5609887307662567e-12,0.00013504660120084388,2.010442363063113e-06,5.028668588128234e-09
6,mlp,4400,2,2,0.0017097909548508918,1.5231254153198604e-05,0.9861056487533809,3.6224178768762105e-08,0.012029274388363525,8.745248199823988e-05,5.256594307436571e-05
6,mlp,12880,3,5,1.5813811672588262e-06,2.7607398705193384e-06,1.5795451819845843e-05,0.07049193676338401,0.0001527029474491347,0.9270937943931014,0.0022414283232079675
6,mlp,8822,6,6,0.055048239959059664,0.0002918651673702766,0.003842191683927729,0.03425118210459298,0.003621462517245595,0.16207896273635736,0.7408660958314462
6,mlp,2654,0,0,0.9999689795638391,5.551757015729538e-06,4.284403601123771e-06,7.914040600929687e-09,8.208201224824569e-06,1.2929472396626675e-05,3.8687881852866735e-08
6,mlp,5135,2,2,4.059069912312314e-05,8.532942931630704e-06,0.999875831288653,5.415076467572014e-11,6.935845996038015e-05,5.460109373871968e-06,2.26445807156062e-07
6,mlp,2406,0,0,0.9998839788985313,1.2666756187257405e-06,8.836309258613464e-07,6.923573278313473e-08,9.474857707771924e-05,1.8961386889016053e-05,9.15952246203922e-08
6,mlp,7453,6,3,2.3973237064819512e-05,4.600698873505137e-06,3.17750039762067e-06,0.7302479398471347,0.003457710428661812,0.0017914065358842933,0.2644711917519832
6,mlp,5933,4,4,1.4521948009606739e-06,1.1242335389589123e-07,1.600990648060491e-06,5.632954999160533e-05,0.9979495820311485,6.866393400246415e-06,0.0019840564166566455
6,mlp,10798,3,3,1.1335697121558705e-09,6.941506089665333e-09,2.195388436056275e-10,0.9995983615652361,7.770742621125733e-05,1.913498887014447e-05,0.0003047877250679168
6,mlp,716,5,5,3.7330518517010255e-06,3.3459794579813014e-06,2.2741774411914533e-05,0.016933708676476183,9.116299802745082e-05,0.9814677164753303,0.0014775910444444164
6,mlp,12137,3,3,2.928282882378756e-07,3.643878308837426e-07,4.645174757615667e-08,0.9898322376731721,0.00029706917210347867,0.00041707162894313556,0.009452917857914774
6,mlp,889,5,5,4.149641417037979e-08,1.3615075657224725e-07,2.9645342152307666e-08,7.356871456250281e-06,2.305404407195755e-07,0.9999916965278175,5.087677725341145e-07
6,mlp,12419,3,3,1.1917711150556247e-07,1.723199680558792e-07,5.411816200559903e-08,0.9941933013961668,0.0005190622254136278,0.0003370293495667676,0.004950261413610984
6,mlp,9756,6,6,0.01693845411781935,3.541094614140033e-05,0.020586492083839097,0.000586208169654822,0.0009330235321709196,0.03484427366689275,0.9260761374834816
6,mlp,2178,0,0,0.9993535920830902,2.2933636317570235e-05,9.736792229620544e-05,2.6200986042312694e-06,3.272245608823481e-05,0.0004416488034124954,4.911500019112519e-05
6,mlp,9819,6,6,0.005106745422446208,8.85854615308588e-06,0.008133140539246915,0.00026135147427859285,0.0041873253641349206,0.000890618340779135,0.9814119603129611
6,mlp,1763,5,5,0.001009119719780518,0.00016561454893420887,0.00011160214585323547,0.0005462401877349528,0.00015091005634901007,0.9976175283945091,0.0003989849468389742
6,mlp,6783,4,4,6.054822300669959e-06,1.5071271077196416e-07,8.295972857585053e-05,2.0579427655191315e-06,0.99973567744149,3.0922783027798064e-06,0.00017000707385441324
6,mlp,3184,0,0,0.996766804732513,5.36067550249369e-05,0.0021941466031161487,1.1357886276010546e-09,0.0009601682080272476,2.523092364703367e-05,4.164188292229721e-08
6,mlp,9467,6,6,0.0032240595960569586,8.359416733419993e-06,0.001638321723587142,0.0011859610024844566,0.002654070269357947,0.0010426353922353506,0.9902465925995447
6,mlp,8610,6,6,0.0006541707145204611,2.8305467652997667e-05,0.00033668760055309484,0.06171849031603532,0.002158170536678048,0.021917942123371274,0.9131862332411889
6,mlp,4348,2,2,0.003705484429120224,1.9529228134601778e-05,0.9469485522038901,9.664659247807481e-08,0.04907930464246731,0.0001283784682365821,0.00011865438155890035
6,mlp,11421,3,3,3.4957832169781342e-09,1.5196422387135335e-08,2.2130878447953184e-09,0.9991068067751832,7.572880086543445e-05,0.0002415803456190234,0.0005758631730390031
6,mlp,133,5,5,4.315390710747383e-08,8.119884547200043e-08,7.664972788663782e-08,0.0005229906161952238,1.610543636879095e-06,0.9994683608983078,6.836939379537173e-06
6,mlp,11702,3,3,9.9308143225655e-08,1.740809778499761e-07,1.3585943158829712e-08,0.9922044303756514,0.0006382718356666473,7.604409956916341e-05,0.007080966714048596
6,mlp,446,5,5,5.669834179396605e-08,2.339216552135577e-07,4.479499796600121e-07,0.0009307247054607663,2.9454736390721128e-06,0.9990478678543332,1.7723396590176392e-05
6,mlp,11621,3,3,3.214770491871204e-08,8.338840679898254e-08,1.327371592287142e-08,0.9975676686285694,0.00010192299057587848,0.0006419208381641867,0.0016883587328629058
6,mlp,12221,3,3,4.7769960667107e-07,5.077928945475614e-07,4.640320886198432e-07,0.9747211759679475,0.00032564115996191963,0.0122533603348877,0.012698373012612976
6,mlp,11853,3,3,1.508596683816862e-07,1.926957254171106e-07,2.5751563229416532e-08,0.9922590486576197,0.00038359216696301924,0.00021747660201265983,0.007139513266447724
6,mlp,9674,6,6,0.006548484111743255,2.117393513197706e-05,0.002068382420319501,0.0011408479763346073,0.0008714410331737425,0.015711650358555953,0.973638020164741
6,mlp,6799,4,4,3.287027749445638e-05,9.442981315741543e-07,0.0002388283893642174,1.4498473426334162e-05,0.9967787472087701,2.7466531176642402e-05,0.002906644821636921
6,mlp,5682,4,4,3.5160657371441864e-06,2.3747958807147923e-07,7.337970410323662e-07,0.0006696093368961751,0.9905109802816219,1.8558000025658353e-05,0.008796365039090094
6,mlp,5194,2,2,0.0008931175742332584,0.00018636240920661372,0.9982379298423129,4.3856517588238564e-10,0.0006443482048930992,3.749489532823103e-05,7.466354609349863e-07
6,mlp,10870,3,3,6.332652117472151e-10,6.626201283630056e-09,1.329517515202948e-10,0.9995602041185092,0.00017157434079979184,6.5994837546396245e-06,0.00026161466451815054
6,mlp,11655,3,3,1.849722696947276e-08,5.745012386204717e-08,2.1915459040916114e-08,0.9948039216501241,8.13060118300623e-05,0.0037632091291211122,0.0013514653461148742
6,mlp,10716,3,3,5.947002406845559e-10,3.1107812817934858e-09,2.597033920130798e-10,0.9996082837684349,5.156918213457222e-05,4.673088582610404e-05,0.0002934121984195862
6,mlp,13091,3,3,2.116373245930833e-06,1.7570592764040184e-06,4.2172833244122395e-07,0.9709637555629336,0.0031344769496782538,0.0007386178140563549,0.025158854512476993
6,mlp,7487,6,3,2.4009827004868866e-05,5.611974545588951e-06,1.8510558334426655e-06,0.639079301189709,0.010295327513879625,0.0007716233085153114,0.3498222751305119
6,mlp,6424,4,4,6.505400545055406e-10,1.9601786530965037e-10,2.5530335663074763e-09,1.7279723276887023e-07,0.9999961524583291,2.084823929958405e-08,3.650496607445715e-06
6,mlp,7085,4,4,0.0003100154330480373,3.3456882050458633e-06,0.001631173608919151,2.7786905329434394e-06,0.9977331763715054,3.8074350710687496e-05,0.0002814358570788828
6,mlp,1707,5,5,0.0006046889594331968,4.815423064168954e-05,0.00010629981502087198,0.0005515195630329257,0.00014446101078571254,0.9938856338904152,0.004659242530670404
6,mlp,3524,1,1,2.4841586932758273e-05,0.9997611414564597,0.00020379712919836728,4.760261804562004e-20,1.0165860993135737e-05,5.3966416113307904e-08,4.944437059318191e-19
6,mlp,605,5,5,4.701408218162302e-08,1.601045574833674e-07,6.029566508848198e-08,3.5164643305691456e-05,4.707419925178116e-07,0.9999628943349121,1.2028654849077782e-06
6,mlp,7152,4,4,2.693121630772542e-07,7.61049413980908e-09,3.2256920768395527e-06,3.475934227502874e-08,0.9999809855248382,2.1747567329405917e-07,1.5259625412027014e-05
6,mlp,8564,6,6,0.0025008112639821225,3.248089214831418e-05,0.0003084896518456361,0.03551843242158961,0.003032752464928448,0.006542906870508015,0.9520641264349978
6,mlp,1670,5,5,1.7984003797075253e-05,1.3949398932491203e-05,0.0001283592608218109,0.0007635523487237208,3.090785887871766e-05,0.9984900381283419,0.0005552090005043678
6,mlp,8051,6,6,0.0014292813834530097,2.8136204328505246e-05,0.00011582824969799317,0.0911094646595682,0.003776148116319563,0.003690267771297089,0.8998508736153357
6,mlp,12480,3,3,1.9620864618158578e-07,2.7663795454304485e-07,5.99983610201221e-08,0.9934519517311882,0.000663288770218788,0.0003531925272894164,0.005531034126341721
6,mlp,2551,0,0,0.9540660365329856,5.316657882659768e-05,0.04304346727454302,7.703746680570479e-07,0.0021695886470658025,0.0005406837495156893,0.00012628684239504186
6,mlp,12233,3,3,1.4673651731493222e-07,2.7877460350834674e-07,1.8717954655032804e-08,0.9950665034398719,0.00032588668163412165,0.00013837804630555966,0.00446878760311304
6,mlp,13488,3,6,0.00014788783309300997,1.8883460615946733e-05,4.4681432401006996e-05,0.43749022832483014,0.003949244546370226,0.011520883318775661,0.5468281910839139
6,mlp,4174,2,2,0.003944279367540392,3.318753868593528e-05,0.9953236717361662,7.104473341376183e-08,0.00018756240513645355,0.00020437557877933275,0.00030685232895814017
6,mlp,7571,6,3,8.640186018455614e-06,2.747948891045884e-06,6.402176084189193e-06,0.8213153212663719,0.0026626621743533847,0.0024843454649199695,0.17351988078336106
6,mlp,3392,1,1,8.030807614296573e-05,0.9996267698150282,0.0002852509698641445,3.1716546815259385e-17,1.7296495002912738e-06,5.941489464261039e-06,2.323362146542559e-16
6,mlp,9027,6,6,0.000745249936148507,4.401439321517767e-06,0.0004865333898149161,0.0023647948282870994,0.0005578531504902449,0.0014144648936661617,0.9944267023622715
6,mlp,3134,0,0,0.9996760966863206,2.6888033151673827e-05,0.00023568304712795745,9.89559494095333e-10,5.1016965875014166e-05,1.0296706471750386e-05,1.7571493525688993e-08
6,mlp,11947,3,3,7.182600071352547e-06,1.0091029539932438e-06,1.6162112835269788e-07,0.9283478369714014,0.004700734995304688,0.0004561424785726847,0.06648693223056751
6,mlp,12521,3,3,1.1089724038348006e-07,1.8601005448167703e-07,6.25276206002341e-08,0.9921058905425602,0.0008399303296289796,0.00021634047040615517,0.006837479222489116
6,mlp,13327,3,3,2.2299138603233445e-05,6.7365549519771946e-06,3.832427213437954e-06,0.8718711284562677,0.008114786938089343,0.0033987341926497426,0.11658248229222451
6,mlp,10990,3,3,5.747982404359727e-09,2.632398132358812e-08,7.725673629415279e-10,0.9990984352065141,0.0002276214072276774,2.0281803903863004e-05,0.0006536287378232404
6,mlp,6090,4,4,1.5809188768736138e-07,3.3406949055217174e-08,1.7491162598675543e-06,1.1754635147383428e-05,0.9999197084602088,7.663282024326063e-07,6.58299613446575e-05
6,mlp,2493,0,0,0.9996969655802898,1.4406878220578542e-05,0.00015917161729614654,1.0503150470190342e-07,3.023483836739824e-05,9.19338341127736e-05,7.182220208544512e-06
6,mlp,3083,0,0,0.5888551973080935,8.590218351052334e-05,0.29394830208106093,3.30934037595721e-08,0.11656920277662394,0.0005354123665752292,5.9501907320941435e-06
6,mlp,10940,3,3,1.3923839283608306e-09,7.88901381146635e-09,3.00179485313242e-10,0.9995136271153127,7.313816907971639e-05,2.539993774224502e-05,0.00038782519628815224
6,mlp,7323,4,4,0.0008968540734787445,2.8507279859648334e-05,0.16876635377992172,5.518296690139334e-07,0.8294979680095228,0.00030594812731921713,0.000503816900228943
6,mlp,5782,4,4,3.3125682767065104e-07,1.9781132756920346e-07,4.871703330151531e-07,0.0003783849073536182,0.9988289944649521,6.993640572019822e-06,0.0007846107486339639
6,mlp,4514,2,2,0.0004787549585100872,1.1809461084334985e-06,0.9935922984712314,1.7636768735579761e-09,0.005854745501810831,7.168565971327112e-05,1.3326989489013629e-06
6,mlp,13418,3,3,0.00015382547742652422,2.473932569208239e-05,8.155771869446876e-05,0.6561857002870474,0.004332391697937271,0.01844445789325435,0.3207773275999479
6,mlp,3621,1,1,2.474950373713402e-06,0.9999935435857077,3.316119805425519e-06,1.2254373038052182e-21,6.597677640931599e-07,5.5763489343336824e-09,1.8873081856515216e-21
6,mlp,5115,2,2,2.1039148272752003e-05,2.6604611817342364e-06,0.9996747086116468,4.070743796535443e-11,0.00029796332357171705,3.513559719820985e-06,1.148548997980458e-07
6,mlp,3330,0,0,0.755285324247558,0.009403053116218592,0.2343727362677848,1.532495971643189e-10,0.0006967906326078716,0.00024202489573714982,7.06868440060349e-08
6,mlp,6460,4,4,2.066500717480704e-08,2.8286961161994108e-09,5.323417308993977e-08,8.298248597904038e-07,0.9999619729572444,1.7286219411307098e-07,3.6947627825261076e-05
6,mlp,5585,4,4,1.710844823723496e-10,2.8810485408524147e-10,1.686203926838214e-10,3.82478441456342e-05,0.9999392286674261,4.661908079302242e-08,2.2476241537531576e-05
6,mlp,4454,2,2,0.06671186210222689,0.00013811060092968968,0.9322416647814451,2.6461789376616502e-08,0.0003635888591803263,0.00046350379335031967,8.124340107824116e-05
6,mlp,1484,5,5,3.6522556695374057e-06,3.3996106235741665e-06,8.48813421354565e-06,0.0002682538443608098,8.534194514346363e-06,0.9995851559840021,0.0001225159766159458
6,mlp,8652,6,6,0.00039613283040839536,9.140419880446625e-06,0.00019695061269871548,0.02329316338038223,0.0013199145675179063,0.0036576754700566143,0.9711270227190557
6,mlp,5112,2,2,0.021444780689806573,0.0001507201861532513,0.9779079107186227,5.444077509550129e-10,0.0003782162531735151,0.00011614966392835648,2.221943907994713e-06
6,mlp,7131,4,4,0.0007186028369538258,5.057830209884514e-06,0.0033559436700627806,7.139796877463587e-06,0.9838856846571093,0.00019112849328172367,0.01183644271550495
6,mlp,5836,4,4,1.9639977179598084e-07,2.6303219748774797e-08,8.453731143558812e-08,5.5235995669465044e-05,0.9987177421207871,2.2336183801881166e-06,0.0012244810248604775
6,mlp,2429,0,0,0.9996702015052688,2.5985219099276854e-05,7.203405130141584e-05,1.3797350612288746e-07,2.033927821243428e-05,0.00020989784027049976,1.4041323411798439e-06
6,mlp,6782,4,4,0.010520816750512689,2.2530819213145348e-05,0.12227899785319052,4.054062680436213e-05,0.8382551515308183,0.0007836506110859449,0.028098311808374993
6,mlp,1141,5,5,2.1782630238858716e-05,3.869174610126628e-06,8.975827950896143e-06,0.00044500489175624815,1.897995626578254e-05,0.9992855625227615,0.00021582499641647712
6,mlp,6411,4,4,1.7810949496103796e-08,2.8632764743634243e-09,7.06996731961532e-08,6.773628287892903e-07,0.999985514310528,1.3159549347316065e-07,1.3585357250782567e-05
6,mlp,314,5,5,4.75994266537106e-08,2.6709759432622014e-07,1.9365951225651957e-07,0.001468908502480394,4.205715826614676e-06,0.9985116136912223,1.4763733937451503e-05
6,mlp,10973,3,3,1.284163423897793e-09,7.678341892012842e-09,3.936592316839199e-10,0.9995563529894747,5.411019323496641e-05,5.0599391887832536e-05,0.00033892806923784165
6,mlp,8647,6,6,0.0005366379196657355,9.430481585585634e-06,0.00011713932581203553,0.016973026500557067,0.0010636745969846572,0.0045193696554626656,0.9767807215199322
6,mlp,4953,2,2,0.0006875997999522222,1.3219134846143978e-05,0.9885654437685887,8.074205432276141e-10,0.010704475123174417,2.6627267881758867e-05,2.6340981363327217e-06
6,mlp,804,5,5,9.861301400822919e-08,4.4067280349514755e-07,3.8003784541324337e-07,0.00018874087442482943,1.6485573333420998e-06,0.999801551779291,7.139465287931581e-06
6,mlp,5800,4,4,1.8572434597571098e-09,1.482468104534189e-09,3.3469331531886418e-09,8.614800572571954e-06,0.9999704682522059,1.3418632596449968e-07,2.077607425083004e-05
6,mlp,6934,4,2,0.029816902903302637,8.628103918326719e-06,0.6749482650592573,1.143163867029277e-05,0.288863765932078,0.0006861039420605023,0.005664902420712831
6,mlp,10489,3,3,1.2495567996413835e-10,2.2321044033914665e-09,1.1925226213759613e-11,0.9998958622243046,4.3260691565486066e-05,2.657559022241299e-06,5.821715612219282e-05
6,mlp,5479,2,2,0.006982264440781427,0.005395744056027719,0.9873610264944751,3.1529476361387657e-12,0.00019693320436404388,6.402209064653931e-05,9.710552028846717e-09
6,mlp,465,5,5,8.190868720441934e-06,1.982943494591818e-06,4.9456971905926165e-06,0.003650275838798523,3.773820255588359e-05,0.9957942280654744,0.0005026383837655366
6,mlp,4183,2,2,0.0013596140532724664,1.3990354069434157e-05,0.9892568408836437,1.7147454136094495e-07,0.008919930442622384,0.0001488067689802927,0.00030064602287010144
6,mlp,2233,0,0,0.9966313034954711,2.651458276220258e-05,0.002324973563154128,2.5455334722894675e-06,0.0003083525000162617,0.00028462798777239434,0.00042168233735157673
6,mlp,248,5,5,5.482935280905433e-07,3.2159666734022815e-07,4.0184070510873645e-07,0.0008286692433438763,6.071825304870311e-06,0.9991244667113391,3.9520489111538815e-05
6,mlp,13078,3,3,2.1716421237542708e-05,7.094735912993544e-06,1.1411132816108825e-05,0.8761092130657491,0.001942926086898902,0.00941556096767744,0.11249207758970764
6,mlp,4215,2,2,0.035182959095806446,9.925934034109899e-05,0.9605959347855565,1.155400646623675e-07,0.0029988206125648197,0.0008751571651616549,0.00024775346050499197
6,mlp,13423,3,5,4.4297706687772516e-05,3.45817271848648e-05,0.0001943804712276252,0.3361349973983897,0.0010472828447498181,0.6110321427741991,0.05151231707756112
6,mlp,10416,3,3,2.382015900759437e-10,6.97326360977904e-09,2.914608047312417e-11,0.9967746235106008,0.0031422887162915985,1.5734152911078914e-06,8.150711720539962e-05
6,mlp,10448,3,3,5.256936771749314e-10,3.639025307103118e-09,4.060452295417816e-11,0.9998296249400913,3.6036400627556295e-05,6.6987918862821845e-06,0.0001276356620711179
6,mlp,6612,4,4,0.0008425651454652824,3.13811920662997e-06,0.006321458706907905,3.8193894075091664e-05,0.9795580960562654,0.00013337108685798944,0.01310317699122156
6,mlp,8751,6,6,0.00022991440260626615,3.113191286969479e-06,4.449389739074714e-05,0.0034987192417253923,0.001595585110431895,0.000519603979328772,0.99410857017723
6,mlp,10664,3,3,2.707396250126565e-10,4.579439813181064e-09,4.184373739065037e-11,0.999755321606698,0.000138658653046246,3.1130706024970946e-06,0.00010290177762988222
6,mlp,9858,6,6,0.0026281980394363366,6.507164560167509e-06,0.007136144369665666,0.0005084122319636838,0.003934843397012245,0.0013964454768582535,0.9843894493205037
6,mlp,7190,4,4,0.004645630839721951,1.2339891882047999e-05,0.07408629156448082,2.024589780732225e-06,0.920736800931943,0.00011760304801851243,0.0003993091341728577
6,mlp,10133,3,3,3.873910430325887e-12,1.1621669712985316e-10,1.5010378173685645e-12,0.9999800332436262,6.905304016244989e-06,4.9692217731634374e-06,8.092108992861164e-06
6,mlp,8860,6,6,0.021784240665107056,6.33685078554518e-05,0.00294406444808206,0.00816683448838988,0.0023149407635699756,0.018930392444775967,0.9457961586822197
6,mlp,6938,4,4,1.5621549989421967e-05,2.5232991260771055e-07,0.0005495646701182265,2.3252843890413843e-06,0.9946282206175278,1.2900948286498908e-05,0.004791114599776436
6,mlp,2139,0,0,0.9911725008126914,4.6724054241972644e-05,0.004599106700677739,2.3705959867132186e-05,0.001413391438281944,0.0007297201827118858,0.002014850851528007
6,mlp,12435,3,3,2.1580566659290398e-07,3.91336282649063e-07,6.920072653977532e-08,0.9927284399246196,0.00025472749240129666,0.0007520988323261947,0.006264057407977055
6,mlp,1428,5,5,1.3982219467560501e-05,1.3650820189864632e-05,0.00013508244529786582,0.01066322956713321,0.00010933637449714736,0.9861791265655854,0.0028855920078289855
6,mlp,5747,4,4,5.308728948609084e-07,1.1364061278560878e-07,1.2814954000623147e-06,0.00010105031124619085,0.99943220414156,4.891613291604424e-06,0.0004599279249945548
6,mlp,12599,3,3,3.9602982655275e-07,5.22151130321961e-07,5.809696770585774e-08,0.9899271186198517,0.0009440911293298572,0.00025134010557807045,0.008876473867315673
6,mlp,11108,3,3,2.771910850552838e-09,1.0707669122728585e-08,8.527813349804892e-10,0.9991573786236959,9.290578962586993e-05,5.321723800771538e-05,0.0006964840163093674
6,mlp,1616,5,5,1.945843477921101e-06,2.1724512441967587e-06,2.460576260211591e-06,1.9531846235678482e-05,1.6297672179839453e-06,0.999965500388455,6.759127109119999e-06
6,mlp,5220,2,2,0.010143525857884878,0.00023231104160034363,0.9889846459892849,2.700164650107109e-10,0.0003211080773482356,0.0003171238093516196,1.2849545137534926e-06
6,mlp,7426,6,3,5.9156091451391686e-06,2.034277596767514e-06,6.309604427061817e-07,0.894013579052228,0.0032882713324503057,0.0011166933673107738,0.10157287540082617
6,mlp,4737,2,2,0.002415513674524463,1.6497296068379375e-05,0.9970637042667467,2.8350966409624778e-09,0.0004608047811886083,3.7617790345595856e-05,5.859356029591679e-06
6,mlp,7828,6,3,0.00047629731744543006,6.386383410491728e-05,0.00024487956286247547,0.5436821386367336,0.003049501487908614,0.15623260581045817,0.2962507133504866
6,mlp,682,5,5,1.8472398910885236e-07,5.527362116940639e-07,8.605065071973116e-07,0.0007821555478113543,3.951829676201792e-06,0.9991845330086296,2.7761647174776982e-05
6,mlp,11479,3,3,5.705798073557552e-08,7.677639338961464e-08,1.2578224724815434e-08,0.9942031660566626,0.0001972572729737127,0.00027520978389550515,0.005324220473869466
6,mlp,8259,6,6,0.0002904086338976263,8.738907262621018e-06,0.00010223345311787407,0.03239848774733742,0.0038559117813782616,0.0011009568043648234,0.9622432626726413
6,mlp,10149,3,3,3.4568743915692507e-11,4.742117455804044e-10,5.324286291892455e-12,0.9999467177552381,1.6737039451751893e-05,3.5000528225977333e-06,3.304463838278513e-05
6,mlp,6554,4,4,0.059385609564076756,5.1150188324313504e-05,0.07819330793703497,0.00046461667878751285,0.8129018536795997,0.0013239012228673504,0.04767956072930944
6,mlp,6705,4,4,0.00022001746020258197,3.0492278916597116e-06,0.008976123597190366,2.528969796355872e-05,0.9784431343014715,0.00010499746109560585,0.012227388254184655
6,mlp,10521,3,3,9.831384192101112e-11,1.049230145195749e-09,9.163260461568599e-11,0.9997267793591426,1.355804951724852e-05,0.00020385008129588603,5.581127086778431e-05
6,mlp,12371,3,3,5.660187284438718e-07,6.290521829932304e-07,2.1655595501558963e-07,0.9850168885076578,0.0002742275370984144,0.0020761905482224647,0.012631281780154938
6,mlp,8793,6,6,0.0035265405826196052,8.060181698794137e-05,0.0024408546462181165,0.030677359743555975,0.0019846706956480257,0.09332093475956858,0.8679690377554017
6,mlp,12913,3,3,1.7727909517884078e-06,1.7761903016644661e-06,1.2441001225557062e-06,0.9675712281715743,0.0005112213444834575,0.004632288381278652,0.02728046902128751
6,mlp,12667,3,3,1.877788357639668e-07,3.3789403774865573e-07,2.877236425482915e-08,0.990916490338935,0.0020346597070692264,0.00020544123750884915,0.00684285427124908
6,mlp,1930,5,5,0.018208446561819438,0.00013280115626028086,0.00011028711346296141,2.6499218920342505e-05,7.723720210152301e-05,0.9812733342671965,0.00017139448023876616
6,mlp,11720,3,3,2.670553482555207e-07,6.691304679850662e-07,7.535932105374206e-07,0.5966529481126169,0.0002659751589523917,0.4014399620162771,0.0016394249331267438
6,mlp,10309,3,3,3.620652748912181e-11,4.97347641338588e-10,2.3088284235802774e-11,0.9999204273129723,1.5456250893075073e-05,3.151360639500089e-05,3.260227309736512e-05
6,mlp,7446,6,3,3.279184182760293e-05,5.675729931109446e-06,5.793148378430297e-06,0.7403479169633738,0.0036484692539745832,0.008301865254969358,0.2476574878075452
6,mlp,2590,0,2,0.07993817263030527,0.000164154086869625,0.9158104314485579,1.9511032262266716e-07,0.001163937619058873,0.002464973726915461,0.00045813537797025647
6,mlp,12891,3,3,4.505567835997651e-06,2.249588613952583e-06,5.477954732423593e-07,0.9495018041881975,0.003624484758743183,0.0008923872349979339,0.04597402086613811
6,mlp,13397,3,5,5.1886970028943684e-06,7.94354813118026e-06,4.454366184117054e-05,0.021440782680802992,0.0001124751503638467,0.9754506082382632,0.0029384580235948025
6,mlp,10006,3,3,4.935626195541571e-13,1.6199408982382776e-11,1.755723521370293e-13,0.9999930233242005,2.0109613599586355e-06,2.810586543837108e-06,2.155111027135541e-06
6,mlp,9176,6,6,0.0008295844119445787,4.298855284801248e-06,0.0006200247677685224,0.001967493214145354,0.0008089255002602724,0.002339704872188345,0.9934299683784082
6,mlp,3653,1,1,5.9414967229656214e-08,0.9999602534627994,3.763323965047953e-05,3.7377580218456015e-22,2.0498526357755737e-06,4.029947270612398e-09,1.201820728671226e-21
6,mlp,12980,3,3,3.916723988405583e-06,4.375140811296291e-06,4.939208759590735e-06,0.9184020303775061,0.0004977063242386253,0.051046584121630746,0.03004044810306512
6,mlp,12780,3,3,1.7409599643862927e-05,9.065451320231184e-06,2.8344442327460018e-05,0.5122855152912946,0.0007360088039004653,0.45367424129978273,0.033249415111730636
6,mlp,4863,2,2,0.003250064303124234,2.485471262152335e-05,0.995912202887122,1.8698279028289553e-09,0.00075198704878931,5.4865400546039056e-05,6.023777969019384e-06
6,mlp,3536,1,1,7.02149440537164e-06,0.9998985380756144,9.234756720881295e-05,1.7493653030509877e-20,2.0599310038695986e-06,3.293176764129556e-08,3.618211853507657e-19
6,mlp,12368,3,3,2.0681868854206398e-07,4.245285754343576e-07,5.695607557043825e-08,0.9875517260642552,0.00183732505155181,0.0001294307970404859,0.0104808297838129
6,mlp,11313,3,3,1.569387628374795e-09,1.551419799477013e-08,2.38855195010044e-10,0.9990220560355869,0.0007130900921308436,9.769235893901305e-06,0.0002550673139475193
6,mlp,6863,4,4,6.210374634749447e-07,1.4268071520768864e-08,1.1175700776514185e-05,3.724579252425257e-07,0.9998278895832148,7.220207760300809e-07,0.00015920493177249315
6,mlp,2627,0,0,0.9998323127338195,1.9736206342391404e-05,4.661350989485898e-05,3.508423696677732e-08,1.3238890450262575e-05,8.751437879958601e-05,5.491964564623342e-07
6,mlp,4112,2,2,0.05133060313456597,7.450682358665887e-05,0.9454005594632288,1.9829909215576018e-07,0.00237318633852007,0.0004466960962453815,0.0003742498447609557
6,mlp,2515,0,0,0.9999537234810991,5.3122258059225434e-06,2.69569442169148e-06,2.4632077309371895e-08,5.166901975262031e-06,3.297615910202102e-05,1.0090551894143198e-07
6,mlp,6345,4,4,2.4254546768300545e-08,8.553806066701937e-09,5.2342945316492716e-08,3.1659487320611263e-06,0.9999718634259481,3.4964673174898175e-07,2.453582728989311e-05
6,mlp,8571,6,6,0.0007674705872890643,4.714612057986166e-06,0.00012927281931780625,0.005286193998958743,0.000553166508926066,0.0009017576631063651,0.9923574238103441
6,mlp,1980,5,5,0.00014841262662702143,5.6907445823962284e-05,0.0008839639898551023,4.931691659556066e-05,3.195847538899389e-05,0.9981375358215258,0.0006919047241835272
6,mlp,11235,3,3,6.2833069465296086e-09,2.4062788234990204e-08,2.364424630007014e-09,0.9988566598999865,5.159959920841552e-05,0.00024610508781216633,0.0008456027024730826
6,mlp,5416,2,2,0.09168696723164976,0.010320332944691124,0.897290109195955,1.8537070461769577e-10,0.0004236294404425528,0.0002788472785765616,1.1372331459514063e-07
6,mlp,12515,3,3,2.451204585988345e-07,3.0450452945650494e-07,1.2981795420322226e-07,0.9911594470406074,0.0004618610924579952,0.0008865773755112616,0.007491435048480913
6,mlp,5066,2,2,0.20104535294727185,0.0002908681605978321,0.7903568331665962,5.858905317287809e-09,0.008127898507380717,0.000176613658765716,2.427700482458429e-06
6,mlp,588,5,5,7.327312833062531e-07,1.3904502885671948e-06,2.0358093300305743e-06,0.004214254097947882,2.3113268343434598e-05,0.9955572747377129,0.00020119890509372496
6,mlp,1175,5,5,0.00010248583620878371,1.4435995422725274e-05,5.8929741429685555e-05,0.0032763232085285887,0.00011493960262405332,0.9943446153255274,0.002088270290258624
6,mlp,11719,3,3,1.1114733781864434e-08,3.405953422269886e-08,4.177071580495305e-09,0.9986066426181395,0.00020752475721019553,0.00011941821011772026,0.00106636506319291
6,mlp,1880,5,5,0.00021248717241497043,2.8164297050425287e-05,0.00027875590530660447,0.00014473325005648675,3.4771771380865436e-05,0.9983672284811105,0.0009338591226802139
6,mlp,127,5,5,2.58551026792367e-08,1.2166035411436682e-07,2.0625467331246418e-07,0.0033135583416264887,4.417828795706082e-06,0.9966641544244392,1.7515635008492564e-05
6,mlp,8931,6,6,0.0005135638362774887,2.283451025366973e-05,0.0004274549877816299,0.05954776963728995,0.0038198389582148394,0.05117462130646277,0.8844939167637197
6,mlp,4178,2,0,0.49833422878641964,5.9806787363927925e-05,0.48760055297157867,1.4825719093767804e-06,0.012788892842193669,0.0009349256915938573,0.00028011034894081274
6,mlp,2898,0,0,0.9999414438770172,6.805193597003667e-06,4.8937394138085395e-06,7.192013586143189e-09,1.3304902822624101e-05,3.3522860046579034e-05,2.2235089268825347e-08
6,mlp,10578,3,3,4.195878248870054e-08,2.791022410017075e-09,3.6074991521643394e-11,0.9998120359059894,9.397273691527674e-05,1.773146598478578e-05,7.621510523085416e-05
6,mlp,4698,2,2,0.00014693187817792642,1.9174299826684943e-06,0.9996791530463559,4.738744098882587e-10,0.0001603842029207882,1.0263835294884713e-05,1.3491333932133992e-06
6,mlp,4068,2,2,0.009118380702280753,2.4085700614011844e-05,0.9607213782083629,4.4086856150179627e-07,0.0282718875463353,0.00039058228482389764,0.0014732446890217488
6,mlp,13087,3,3,2.307524404868816e-06,1.9141382824320713e-06,1.1930545321227953e-06,0.9737249018579365,0.0008469163682629228,0.004240303813461121,0.021182463243120193
6,mlp,5516,4,3,7.70228223596054e-06,1.6257410081542397e-06,4.6883017189073914e-07,0.6773997075970583,0.015987690538890587,0.0005491315269124448,0.30605367348372264
6,mlp,2414,0,0,0.9994879620429706,3.939446771919885e-05,7.823360343497216e-05,2.274025064482054e-07,1.9877644585910424e-05,0.0003724617534058276,1.8430853769694846e-06
6,mlp,480,5,5,2.5730294825600054e-06,8.226556565528391e-07,1.2962386466483514e-06,0.0021343211406096773,1.4618686415814406e-05,0.997637747981622,0.00020862026756683516
6,mlp,5053,2,2,0.0047640774508519905,6.194744371448401e-05,0.9948420682905847,4.452075082386366e-10,0.0002715186410618313,5.831206204145256e-05,2.0756665380863866e-06
6,mlp,12533,3,3,2.1163384671623155e-07,4.6453965847226325e-07,5.6954516596148645e-08,0.9885916953348872,0.0020217827031746363,0.00013473256953984062,0.009251056264376606
6,mlp,3173,0,0,0.9999151864383363,5.132572138248778e-06,1.7256847624464264e-06,2.0746155496794019e-10,7.395951278222688e-05,3.9955068640082234e-06,7.765541627770412e-11
6,mlp,604,5,5,6.509296507342475e-05,2.3024889646853973e-05,1.4047672818401273e-05,0.06540587283575923,0.000464456099978945,0.9296838062032639,0.004343699333459417
6,mlp,557,5,5,9.599318105395694e-08,2.516937716392747e-07,2.652873011819379e-07,0.0002423369259674852,1.6455020491662659e-06,0.9997457497819237,9.654815805925385e-06
6,mlp,7824,6,3,7.517910437609881e-05,1.0370186171459133e-05,1.3667480536178079e-05,0.5292481170431323,0.0031473769150075384,0.00388977375887713,0.46361551551189933
6,mlp,8163,6,6,7.139419517322731e-05,6.417135164012093e-06,4.49918995009664e-05,0.09843976265706385,0.01591591743693649,0.0015604494830952225,0.8839610671930663
6,mlp,6902,4,4,3.573541039732785e-07,6.489388760608139e-08,3.4591380859623332e-06,2.6600671338711453e-06,0.9999539583227653,1.5262515992999807e-06,3.7973972423860894e-05
6,mlp,9648,6,6,0.002435948361134267,8.590205589214234e-06,0.0007098451556108912,0.000880148788862998,0.06378063365242401,0.0009151786309478312,0.9312696552054309
6,mlp,1720,5,5,0.034441361499877365,4.850558720520384e-05,5.255399248746996e-05,0.00036845116007145804,0.0001214450772511627,0.9640860326771447,0.000881650005962585
6,mlp,1066,5,5,4.061136852277844e-06,1.7846881937644647e-06,8.695477248674857e-06,0.0008183683944593809,1.1792675399244839e-05,0.9988515045946587,0.0003037930331882153
6,mlp,8911,6,6,0.0007378672605358366,1.1360244866245884e-05,0.0003129339913369433,0.009038130622046276,0.000570592407501702,0.011425535202852166,0.9779035802708609
6,mlp,8232,6,6,0.0002947683893847705,2.7366449289706024e-05,0.00013760848000419102,0.24338760479694518,0.0022845795540818526,0.028422681295031324,0.725445391035263
6,mlp,2479,0,0,0.9689250314742863,0.00048352025458910986,4.538829257193043e-05,1.8956013138237432e-07,2.612260286342006e-05,0.030518935153001272,8.126625565132391e-07
6,mlp,7992,6,6,0.0002894329007390717,1.634334919005054e-05,0.00012219031848798798,0.23046017400735908,0.00590413515787622,0.008344184059729075,0.7548635402066185
6,mlp,12608,3,3,3.3615262881561174e-07,3.2969960269371123e-07,2.0747354832557297e-07,0.9866787045573968,0.0006461612402361869,0.0006856641785631573,0.011988596698023978
6,mlp,12772,3,3,4.28433482961371e-06,3.05390177188138e-06,5.772805512042993e-06,0.9174764928376754,0.0006259910220730698,0.058576865410025575,0.023307539688112524
6,mlp,13452,3,6,0.00017131533192629242,9.131445952171114e-06,2.2911064317754544e-05,0.12216738604214136,0.0036980962394849914,0.001522037229811101,0.8724091226463664
6,mlp,9046,6,6,0.000911371513316055,1.2229857750114569e-05,0.0005616947049324214,0.007252769687622054,0.0007231473473005093,0.00590469301371759,0.9846340938753612
6,mlp,10061,3,3,4.048231381539081e-12,8.917491644529183e-11,2.1098540123906957e-12,0.9999725004024613,2.8643975726650057e-06,1.5743679115465816e-05,8.891425517578846e-06
6,mlp,6283,4,4,1.2173917031452163e-05,5.3150247698456515e-09,0.00011747809611006717,3.1692036663693996e-06,0.9996512674379339,1.711368731673958e-06,0.00021419466150181867
6,mlp,13451,3,3,8.668854703268352e-05,1.533034580504408e-05,1.4990832804876705e-05,0.5811999873998674,0.01191151723452205,0.0034865888350991752,0.4032848968048686
6,mlp,1478,5,5,0.00016014088882133575,2.87802065637626e-05,0.00023658902153782092,0.005724339152973742,0.00018151842023444493,0.9868133315650921,0.006855300744776968
6,mlp,12770,3,3,3.404783912518252e-06,1.7233582505959978e-06,1.749310549988106e-06,0.9513864593334963,0.0012855002193329955,0.002634662157923228,0.04468650083653434
6,mlp,1666,5,5,0.0007664954406466952,6.513428681688702e-05,7.63506019547879e-05,0.0002555379554146425,8.585172847679561e-05,0.9984350127239564,0.00031561726273362855
6,mlp,10302,3,3,6.5693783767157886e-12,2.3708892635078105e-10,1.7485739161848549e-12,0.9999703308493967,1.982598820824199e-05,2.3344553019627455e-06,7.508461686420976e-06
6,mlp,476,5,5,2.1032100508515062e-07,4.6823389259326176e-07,1.2124684453519069e-06,0.0016312306468135777,6.691645973436859e-06,0.998309766607971,5.042007589909477e-05
6,mlp,13170,3,3,2.348516086386465e-06,2.185488985919698e-06,1.2614987130916778e-06,0.9720802750415553,0.0010483216134853479,0.004297036235187809,0.022568571605986392
6,mlp,4359,2,2,0.003089886864108496,2.5471697852705195e-05,0.9965645330029849,1.4888501342597844e-08,0.00015295722363223576,0.00011798798389239794,4.9148339028008715e-05
6,mlp,10681,3,3,6.384241955400467e-11,1.2956380269256232e-09,1.9211941035628682e-11,0.9999251274822296,3.263672035192449e-05,1.0640058866688144e-05,3.1594359859438685e-05
6,mlp,5157,2,2,0.0160080441854614,8.611667792979145e-05,0.9827891961428459,4.499125709062738e-10,0.0010536657588163761,6.166598513153845e-05,1.3107999022941774e-06
6,mlp,1235,5,5,3.1424829761419704e-06,4.00541836608887e-06,7.664812706413843e-06,0.0009971212574007417,1.8470004075759062e-05,0.9987449548548025,0.0002246411696721969
6,mlp,1644,5,5,8.406696970435044e-06,2.9935607143271856e-06,2.8095297006113665e-06,1.3463439648168346e-05,2.599947832200436e-06,0.9999593298671142,1.039695802008969e-05
6,mlp,2213,0,0,0.9685180561224893,8.06133301917424e-05,0.018993241323295666,1.1333306935953455e-05,0.00037920498560788487,0.0022895511305079256,0.009727999800971478
6,mlp,12584,3,3,2.686667086894419e-06,1.854760264250284e-06,2.347164986776797e-07,0.9055518442166649,0.006221710768018723,0.0002627059849403979,0.08795896288652616
6,mlp,10821,3,3,7.56419587132951e-10,1.015644700362883e-08,7.920869340844222e-11,0.9994810531327923,0.00030343511766527787,3.813328010023726e-06,0.00021168742945689939
6,mlp,2118,0,0,0.9849840037353095,9.29852077260861e-05,0.0001792439957074434,5.759523736370478e-05,0.00011480764367932809,0.013992082144335428,0.0005792820358781514
6,mlp,6391,4,4,1.9993049640031466e-06,1.7370522057916443e-07,1.3066062642033623e-05,9.300186367218296e-06,0.9998693116625011,2.692336553333115e-06,0.00010345674175168025
6,mlp,1796,5,5,0.008548512259449215,6.588289275154142e-05,0.0002797431890089299,0.000438905985996806,0.0002868835650832933,0.9754198117992547,0.014960260308455561
6,mlp,4875,2,2,0.006481761132058388,9.764691856589565e-05,0.9921630101923024,3.0902647433907656e-09,0.0010395325959180952,0.00018812425956556733,2.9921811324880655e-05
6,mlp,11543,3,3,3.6318481168002134e-09,1.634331438699974e-08,2.4630126932057396e-09,0.9991192928856144,7.80771367555805e-05,0.00030807722134137163,0.0004945303181135913
6,mlp,4684,2,2,0.0076564587213084935,4.3063471200030516e-05,0.9919315611711822,7.052172860136856e-09,0.00016083676918315698,0.0002012847215710671,6.788093382298413e-06
6,mlp,2714,0,0,0.9786716932636532,0.00015038630905365254,0.020722998556537628,8.836552901690226e-08,0.0001831074474688366,0.00025860619508738346,1.3119862670179235e-05
6,mlp,4396,2,2,0.00032984822562102196,8.989843917080943e-06,0.9966277328036188,1.3286501606030602e-08,0.0029543294855099663,5.306909689384579e-05,2.601725793769407e-05
6,mlp,12607,3,3,1.150916178861546e-06,9.045704603023461e-07,1.026952433079032e-06,0.9657476212207203,0.0006219474480029563,0.0045072134421772405,0.029120135450027264
6,mlp,11789,3,3,6.039532382408485e-08,1.3669273339937673e-07,3.010501297760275e-08,0.995848678392559,0.00010473692160721255,0.0014063446601192782,0.0026400128326442467
6,mlp,10022,3,3,1.0700240576872399e-12,1.3230631994792759e-10,1.256060304693121e-13,0.999583062210346,0.00041455012824492306,9.953814993560918e-08,2.287989757147224e-06
6,mlp,12009,3,3,1.8145032344545634e-06,8.411846940006295e-07,1.8692760399945513e-07,0.9787738946124649,0.0008918992503384249,0.0009829298395632113,0.019348433682101
6,mlp,4996,2,2,0.3491052400784357,0.0005442416545838999,0.6492937808559539,3.637297105728713e-09,0.0007597941488329604,0.0002891954799425828,7.744144953955942e-06
6,mlp,447,5,5,2.2422252508180756e-07,2.2510918776956638e-07,2.659572265330259e-07,0.00016926348534794446,1.7449804444486067e-06,0.9998163580267453,1.1918218522956818e-05
6,mlp,12654,3,3,5.520233973946095e-07,7.927353930260934e-07,6.43982432428955e-08,0.9712968333020514,0.011174607500217959,0.00017820793544855946,0.017348942105248268
6,mlp,12532,3,3,1.3384490364262155e-06,1.0118434043041055e-06,2.9194786214838767e-07,0.9744856250200998,0.0007020841120043858,0.0013660296182268186,0.023443619009366028
6,mlp,11478,3,3,5.4082329052270936e-08,1.5198730256303215e-07,4.8097184024679696e-09,0.9952948712341175,0.0012061302269062051,3.458147383688699e-05,0.0034642061857894264
6,mlp,8520,6,6,0.009972140784136318,4.8724164282466336e-05,0.0003529308327616233,0.027613161698915128,0.003931440144597516,0.006031490842843853,0.9520501115324631
6,mlp,1684,5,5,0.00032946070354611477,3.854920266475521e-05,0.0002827015213931405,0.000853001978026182,8.82411094504589e-05,0.9967588394299903,0.0016492060549290657
6,mlp,7835,6,6,5.482297414955926e-05,1.9311192387654596e-06,4.308326026561775e-06,0.057975451909592364,0.001346150530605327,0.0006737793274794411,0.939943555812908
6,mlp,11225,3,3,2.704234482725239e-09,1.1673390153143793e-08,1.7035191099762958e-09,0.9991780766862541,6.853796146575509e-05,0.00019699500180102728,0.0005563742693353388
6,mlp,267,5,5,1.4951301766689658e-08,3.4823953841302375e-08,1.989794690434704e-08,2.2885207371976807e-05,1.7912963225162684e-07,0.99997627643338,5.895564133730843e-07
6,mlp,6976,4,4,0.002532972950741707,2.856204019410606e-06,0.0007570663640711627,3.581090270945263e-06,0.996499273616767,6.951988426621708e-05,0.0001347298898635369
6,mlp,5580,4,4,1.805440754586545e-08,1.5943479078894402e-08,6.2209645900748875e-09,0.0011892967145811786,0.9979527210556979,1.6550783210495953e-06,0.0008562869325488198
6,mlp,1253,5,5,6.418482697038054e-06,3.4480858078063363e-06,3.4722625585339362e-06,0.00029599207258348444,1.0896599639329817e-05,0.9995374969535755,0.00014227554313821277
6,mlp,9851,6,6,0.007312490295921552,1.535975607993035e-05,0.01019406755913656,0.0005890752530222005,0.002406552429085887,0.00669028594253004,0.9727921687642238
6,mlp,3546,1,1,2.9846083474272854e-06,0.9999622747827213,3.38323009808927e-05,1.068979339245968e-20,8.860085486024779e-07,2.229940188612639e-08,1.2951939579235782e-19
6,mlp,6060,4,4,7.23936189664027e-07,1.1561085282584105e-07,4.07659990029565e-07,8.636168886404787e-05,0.9984352778343862,6.57156137352518e-06,0.0014705417083435695
6,mlp,6893,4,4,2.936669629794624e-08,4.9514337068462704e-09,2.1201397532526113e-07,3.02388118572219e-07,0.999990775946922,1.6004228105535703e-07,8.515290573004006e-06
6,mlp,9739,6,4,0.00028528406656730604,6.298522595575156e-06,0.0017646589825548586,0.0015966147751345923,0.6881298565651104,0.0009750780361814054,0.30724220905185573
6,mlp,8419,6,6,0.0009381420466409001,2.119734797820849e-06,6.48707979152712e-05,0.0042331315732174295,0.0009843428508693884,0.0007566998724739857,0.9930206931240851
6,mlp,12902,3,3,2.6767883657610676e-05,5.366414211787486e-06,9.677792535777252e-06,0.7804838859225132,0.0021302618982377702,0.00638577131014173,0.21095826877870213
6,mlp,1136,5,5,9.327912629214596e-07,1.3828682461536075e-06,4.435748382857933e-06,0.00033945191585779493,4.673506618618983e-06,0.9995979301587358,5.119301089569088e-05
6,mlp,686,5,5,3.446341980049975e-06,9.524772126384102e-07,2.705144870650217e-06,0.0006947984929717811,1.1222742036495013e-05,0.9990199553354284,0.0002669194654998797
6,mlp,11148,3,3,5.482938564589023e-10,6.753187814836167e-09,1.0453332282850393e-10,0.9997574337704906,0.00011082300495958372,1.248852229139425e-05,0.00011924729624342574
6,mlp,3839,1,1,1.2983763352763866e-09,0.9999999764012145,1.4188557110888643e-08,3.6379720115762266e-27,8.090477005838254e-09,2.1375076806798778e-11,2.057087339264983e-27
6,mlp,11008,3,3,1.634624023904798e-09,1.1377021999505242e-08,2.0663991764454655e-10,0.9996338628986139,6.547737301140597e-05,1.448598454852493e-05,0.0002861605255404681
6,mlp,13490,3,6,0.001041483414272345,3.146803079211212e-05,0.0004982349353147654,0.07966564464016566,0.0038301116879945712,0.027832821129710965,0.8871002361617497
6,mlp,864,5,5,2.0820509771417437e-08,3.491248968597647e-08,4.187074526894205e-09,3.2266461911192485e-07,3.0253361371611835e-08,0.9999995548525674,3.230937820502723e-08
6,mlp,10306,3,3,1.806116669910755e-10,1.888346938385289e-09,1.5952443297397614e-11,0.999374486000726,0.0004372916126623807,2.343274333336341e-06,0.00018587702736730114
6,mlp,10167,3,3,5.854840602863549e-11,6.788629827446803e-10,8.345311119802602e-12,0.999938221226738,1.5581720342277088e-05,5.288554249464384e-06,4.090775291355558e-05
6,mlp,197,5,3,3.277389066079505e-06,2.652837364463834e-06,2.735378671404378e-06,0.9318639112522097,0.000825514775284539,0.04725089254319885,0.020051015824204675
6,mlp,6933,4,4,1.7967267300687748e-05,4.74922321924841e-07,0.00019709392349676917,4.178318171260295e-06,0.9987122670837852,1.3199029787780976e-05,0.0010548194551364526
6,mlp,2708,0,0,0.9999695490174266,4.443023517493805e-06,1.5117348641554461e-06,4.810787875142619e-09,1.1733946111386102e-05,1.2753826060304224e-05,3.641232449092188e-09
6,mlp,4779,2,2,0.004024297116358764,2.5349936231362456e-05,0.9950259032499257,3.7515464688122515e-09,0.0008623772373011648,5.0312273275432206e-05,1.1756435360907992e-05
6,mlp,1057,5,5,0.0016388356696007667,8.197140921717456e-05,0.00022308582139992706,0.04000307556298828,0.001269859300947247,0.8769959376967157,0.07978723453913085
6,mlp,10891,3,3,4.332204264725801e-10,5.836550754558989e-09,5.764017179595371e-11,0.9996280295183325,0.00023480557106384079,4.143788541114622e-06,0.00013301479465102674
6,mlp,3242,0,0,0.98529194778857,0.0001803081246690569,0.014179670759429523,3.8314633222296947e-10,0.00031030313795597363,3.762640434234862e-05,1.434018866933237e-07
6,mlp,13411,3,6,0.00027541307197892116,2.3811037566677006e-05,4.430117647183675e-05,0.2922070252261624,0.008249539487795079,0.003013285820132571,0.6961866241798925
6,mlp,5455,2,2,2.0077045837939768e-05,1.3385018156581808e-05,0.9995118781541814,8.205129542786674e-13,0.00045277902922154646,1.8800702645173215e-06,6.815175199079854e-10
6,mlp,5468,2,2,0.0004198291901794482,0.00029279659132410476,0.9982688436077567,5.218372420023819e-12,0.001004028795562963,1.4488186399436363e-05,1.3623559280468163e-08
6,mlp,4838,2,2,0.01679924745660317,0.0007008755257911309,0.9818717685089624,6.5323527330198615e-09,0.00014345825366418797,0.0004672852685013191,1.7358454125319264e-05
6,mlp,1427,5,5,1.8786786337838335e-05,7.806181767537124e-06,1.632800768509255e-05,0.00038586637406357765,1.8397422657246418e-05,0.999381634093878,0.0001711811336106545
6,mlp,3271,0,0,0.9999935943846109,3.6077021215844305e-06,2.420526876897466e-07,1.6410983413095184e-11,1.292519380506141e-06,1.2633052343927295e-06,1.9554024283567045e-11
6,mlp,7165,4,4,0.0008262109031452214,1.0392443864640179e-05,0.03624941197648786,5.143166805253603e-06,0.9611934556648569,0.00012449339419849602,0.001590892450641589
6,mlp,2016,5,6,0.03870734995197246,0.00010920691324457076,0.12841616339509027,0.0004728925310116078,0.0021966158039758805,0.09641841206180797,0.7336793593428972
6,mlp,13487,3,6,0.0001849735288385998,1.966203578631554e-05,8.72117958194397e-05,0.48699495866690184,0.0072871173922599355,0.012236594514804579,0.4931894820655892
6,mlp,5323,2,2,0.0024073095024604667,7.302472544011015e-05,0.9956243454072405,1.0709318967246162e-10,0.001855414783561264,3.957411800973024e-05,3.313561945949507e-07
6,mlp,6417,4,4,1.2972146333659033e-06,1.2659954795717408e-07,1.19582079067043e-06,2.897834176767546e-05,0.99830808944392,1.2131362688700065e-05,0.0016481812166515694
6,mlp,9620,6,6,0.007203667197077186,1.0987681527733935e-05,0.0010915158908658294,0.0006883780890586899,0.0004391313097178139,0.0034292819399717547,0.9871370378917811
6,mlp,9919,6,6,0.07524704455797823,5.623429384759715e-05,0.02080581527114479,0.0006957366916095565,0.012806803209771192,0.006350134811220926,0.8840382311644278
6,mlp,7523,6,3,3.684364642107524e-05,1.2921223479699819e-05,3.674343191014011e-06,0.6353135871089367,0.08473996603358433,0.0006885471572616487,0.2792044604871253
6,mlp,8996,6,6,0.0006243386808645839,1.1826702831336971e-05,9.668896330662157e-05,0.01704891939156534,0.04697640577088257,0.0039250127262120005,0.9313168077643376
6,mlp,7657,6,3,0.037034503464148244,9.610538300769643e-05,0.00010927814334772852,0.47963588400174095,0.008470068889331536,0.02835843895587565,0.4462957211625482
6,mlp,7217,4,4,2.573809323261217e-05,1.607015982916845e-06,0.040252555697905465,4.397908123794638e-07,0.9596125159060447,1.4645163311088976e-05,9.249833271096192e-05
6,mlp,10554,3,3,1.4261414724349485e-09,6.762657069973758e-09,4.813244405461048e-10,0.9992856473369665,2.3123215940134564e-05,0.0004285662893467517,0.000262654487623587
6,mlp,10453,3,3,1.0411645669809207e-10,1.2786374553289927e-09,3.836842314195951e-11,0.9998862700125698,1.4566148684646501e-05,2.983829315394917e-05,6.93241244692356e-05
6,mlp,6436,4,4,4.2326260645377283e-07,2.9569393693403555e-09,4.439881946116659e-06,3.4969094337554183e-07,0.9999742299879705,2.979674429129088e-07,2.0256252151426082e-05
6,mlp,1088,5,5,1.6175635978874934e-07,4.4026453090936125e-07,6.143604696557748e-07,7.080579538475606e-05,1.011907956302265e-06,0.9999206941284349,6.271786863930729e-06
6,mlp,7421,6,3,1.5501358062800922e-05,4.540173381041642e-06,2.453695404328522e-06,0.7389062553385589,0.00637592640951881,0.0008354005450627212,0.2538599224800113
6,mlp,7244,4,4,0.0007695255417685142,1.708089850915584e-05,0.3370117775681251,1.1105384527149129e-06,0.6614886456360795,0.00014379025045923777,0.0005680695666057677
6,mlp,2907,0,0,0.9999922838239791,1.4265902119797323e-07,1.2726883096487065e-09,1.3595780661787577e-10,2.6680757467764894e-07,7.305287056143776e-06,1.3722700947863834e-11
6,mlp,5464,2,2,0.08436850510195838,0.0029085720176639618,0.9119943621820253,1.55628308798596e-11,0.0006345206882088516,9.400609727855237e-05,3.3897302149728796e-08
6,mlp,6363,4,4,1.8989171268356997e-06,9.48827367953043e-08,3.571093536539559e-06,2.2899297428819518e-05,0.9953588786285446,6.460242388516371e-06,0.004606196938237724
6,mlp,4616,2,2,0.00020503846830170007,9.187174946128739e-06,0.996829035806132,6.247359881424808e-09,0.002891752438734525,5.089368095239571e-05,1.4086183573616003e-05
6,mlp,7769,6,6,9.321391692719178e-05,7.593425844163934e-06,3.790491270990011e-05,0.2191281955480958,0.00296604838640688,0.002157642084174144,0.7756094017258419
6,mlp,12198,3,3,4.307094188151286e-07,3.8921707632137523e-07,7.055163722531872e-08,0.982899298943876,0.00029538912496205347,0.0005754454630085366,0.016228975990021037
6,mlp,6517,4,4,2.0585655530818332e-08,2.787905293523595e-09,4.428591488345935e-08,9.006539402759817e-07,0.9999503529336145,1.796138318534509e-07,4.8499139137742205e-05
6,mlp,7287,4,4,5.232826830009425e-07,2.324823325263374e-08,6.327247260978228e-05,1.4371425039507514e-08,0.9999205002012698,4.581990715052149e-07,1.5208224707644442e-05
6,mlp,5921,4,4,2.282787479337276e-06,4.307009603681e-07,4.242695198186259e-06,0.00022066550291824718,0.9981595026006617,1.2027185211698075e-05,0.0016008485275705096
6,mlp,8858,6,6,0.0003460489735241798,4.2582849354737435e-06,0.00022667847044468637,0.003929121320317019,0.001511370313045082,0.0007591804037135856,0.9932233422340199
6,mlp,6366,4,4,5.561450157209334e-07,8.362363907917987e-08,8.024194744576336e-07,1.9817099976347144e-05,0.9995291429968675,5.930513797084694e-06,0.00044366720122985073
6,mlp,1926,5,5,3.830828273825599e-05,2.5578239098389604e-05,0.00015943054505930822,6.57520942878172e-05,1.5162558944625388e-05,0.9994395336133841,0.00025623466648768485
6,mlp,12975,3,3,8.178047585030155e-06,2.4366751613866827e-06,1.2547160449602925e-06,0.8456766397088418,0.0013882300234360537,0.0011239712158028455,0.15179928961312794
6,mlp,11756,3,3,2.2654845619878575e-07,2.9464302224916274e-07,7.87769847412966e-08,0.9909280378568162,0.0001389415999114428,0.0030058833445092492,0.005926537230300057
6,mlp,3500,1,1,0.0006145571056293519,0.999384419994712,3.2510878380735725e-07,2.930888698774825e-19,5.864200534349795e-07,1.113708215520645e-07,4.567582639007114e-20
6,mlp,3228,0,0,0.9997406540255684,3.631176937900253e-05,0.00017558404319830187,3.295599152593337e-10,4.061309597458832e-05,6.831636667445607e-06,5.099652327790836e-09
6,mlp,2904,0,2,0.10686704623574966,0.0019338825892120427,0.8867253224564821,6.44806926399897e-08,0.00024113695032383956,0.004187498990571434,4.5048296968351114e-05
6,mlp,3465,1,1,1.798586900608045e-05,0.999015309893196,0.0009557116257081263,2.8987584911228455e-19,1.084591621658368e-05,1.4669587329840594e-07,1.599862217779752e-17
6,mlp,554,5,5,7.352827673585594e-06,6.338778065652702e-06,2.107272826501955e-05,0.08995255160280377,0.00027160172570199747,0.904986740393631,0.004754341943858851
6,mlp,2501,0,0,0.9999788988499322,1.375413226815605e-06,3.443180779751491e-08,6.048272877952902e-09,9.173442790183371e-07,1.8767164235276774e-05,7.482461157579437e-10
6,mlp,7224,4,4,2.323502734227635e-05,6.154084855109357e-07,0.00885356432047372,1.2527673476420446e-07,0.9910833746612862,8.21227604723711e-06,3.087302963021673e-05
6,mlp,3211,0,0,0.9982261242937461,0.001441261092871306,0.00016480078217748624,1.6352468502140948e-09,3.73295618410213e-05,0.0001304776506890285,4.983428276470587e-09
6,mlp,11921,3,3,2.0860537656886904e-08,6.952963213768807e-08,4.716427920330119e-09,0.9982978564853651,0.00032852585315617605,6.728260214340543e-05,0.0013062399527377932
6,mlp,13370,3,3,2.3237606707385575e-05,5.51221051078471e-06,2.0623300018127118e-05,0.7735437166556812,0.005050498461228004,0.005552397413297796,0.21580401435255667
6,mlp,8499,6,6,0.0005295526823501436,2.2958233572812197e-05,0.0002761951173072103,0.07447751894197512,0.0023305284065334255,0.02193571023157459,0.9004275363866867
6,mlp,11531,3,3,1.4892727035238986e-08,5.1948154080749926e-08,5.1611287755250975e-09,0.9982977550146821,7.206091711269428e-05,0.0003215882198516715,0.0013085238463435395
6,mlp,9613,6,6,0.0018309588077721369,1.2399922623907059e-05,0.002561726166494737,0.0023073147241663514,0.0009292910920552763,0.01919464668197553,0.973163662604912
6,mlp,1850,5,5,1.6973011962302773e-05,1.7262142122798378e-05,2.7911230182410724e-05,0.0001429808084566331,1.2997190278922285e-05,0.9995869478816966,0.0001949277353004427
6,mlp,8506,6,6,0.00019415964667491558,5.469256136198864e-06,0.00011921322949308541,0.026605082306370893,0.0030485709404675936,0.001767385366035555,0.9682601192548217
6,mlp,2214,0,0,0.8546375856610344,0.00020073125856936823,0.08266891794976297,2.665402146359214e-05,0.001755602187019178,0.009949843647461182,0.05076066527468933
6,mlp,5131,2,2,0.00028100917942795484,2.6181876919091418e-05,0.9995675560294908,1.4090274911896584e-10,0.00011206981090375067,1.2731158531514468e-05,4.5180382417621336e-07
6,mlp,12366,3,3,1.5872100423860107e-06,9.85024972166971e-07,2.67364894838761e-07,0.9669449630920773,0.0004725248593089946,0.0012742732004812722,0.03130539924822286
6,mlp,9961,6,6,0.06560709158227988,5.496906358357856e-05,0.05290464828203633,0.0002958406486035634,0.011749213647910385,0.002773270809439361,0.8666149659661468
6,mlp,10543,3,3,2.1353018760853065e-09,7.550969929949402e-09,1.5047948428437316e-10,0.9996483793693601,5.39287241462003e-05,1.6342924942287248e-05,0.00028133914480001684
6,mlp,1441,5,5,0.007224767556043133,0.00013000483866586188,0.00039833920484225275,0.004057633350270222,0.0005892454450744719,0.9761802040814903,0.011419805523613833
6,mlp,3272,0,0,0.9998860897552286,3.641677942530241e-05,4.6435563990269815e-05,1.7030146368076775e-10,2.5443383734257356e-05,5.613478474899812e-06,8.688453521622515e-10
6,mlp,6836,4,4,2.1500876255331734e-08,4.311399142430275e-09,8.504033612768234e-08,4.800190346335856e-07,0.9999747666161483,2.4069326421953273e-07,2.4401818941587184e-05
6,mlp,3114,0,0,0.9003005901071292,0.002059804219253293,0.09670919697360522,1.396345180480811e-08,0.0004717264949096826,0.00045604988398290883,2.6183576678358268e-06
6,mlp,2342,0,0,0.9572385283782009,9.923166356869359e-05,0.03976567655929301,2.1746461721207e-06,0.00043090029723012,0.0010698205412017592,0.0013936679143334231
6,mlp,702,5,5,2.0463242814458185e-06,1.6904353896540643e-06,7.372605498079696e-06,0.002958527327719066,2.1758552441998496e-05,0.9967234133089192,0.0002851914457506021
6,mlp,1352,5,5,0.03050472323235881,8.223652470387615e-06,3.978541631392767e-06,0.0029213542347320703,0.00025506708928706254,0.9650443734319614,0.001262279817558894
6,mlp,9203,6,6,0.001555219860208623,7.302695151269906e-06,0.000422600403375846,0.0019959176508534166,0.006764001495014145,0.0006976203332757987,0.9885573375621209
6,mlp,8479,6,6,0.0019500541129502742,0.00016109944869594094,0.002748554834409803,0.12035399672779806,0.004481114042116667,0.3497405132721394,0.5205646675618898
6,mlp,7332,4,2,0.02655082276639574,2.4758732073608527e-05,0.97020525854992,8.003548424868743e-08,0.0028465339791153956,0.0002263148032885152,0.00014623113372250172
6,mlp,11491,3,3,4.941267914800813e-08,1.1355048547691006e-07,2.787696656699231e-08,0.9945480596333952,0.0002176451024792048,0.0031706408899212137,0.0020634635340731526
6,mlp,10512,3,3,5.030211429954803e-10,2.933508483224758e-09,2.7144777903907184e-10,0.9995717853390998,1.54615842813186e-05,0.00020935898997049158,0.00020339037867088443
6,mlp,10866,3,3,1.3164650486546051e-08,2.3277432287173375e-08,2.2815665960881485e-09,0.9970562683354081,4.11251026441196e-05,0.0008970353105917341,0.0020055325277067034
6,mlp,11,5,5,3.677073262931719e-09,1.2521898153466101e-08,5.164990152512205e-09,0.00012264275682107,3.3517592496850684e-07,0.9998764348592646,5.658440277690299e-07
6,mlp,11161,3,3,1.0518436428835295e-09,1.2617437535197571e-08,1.491815948679249e-10,0.9995961803484943,0.00016232846063289809,7.70909828233521e-06,0.0002337682741275786
6,mlp,7854,6,6,8.462929314274819e-05,7.91932432166602e-06,4.16650786300851e-05,0.22325350152283166,0.004121991416904476,0.001927638138385,0.7705626552257845
6,mlp,10188,3,3,8.98432879437739e-11,8.814947080465576e-10,1.0895346226832468e-10,0.9982745758245295,1.0087479582431342e-05,0.0016831486936508997,3.218692194564087e-05
6,mlp,9196,6,6,0.00020913678693725818,4.122212008435065e-06,0.00026619278714230197,0.00801885241760209,0.004736327385147254,0.0035151048917604778,0.9832502635194023
6,mlp,12977,3,3,1.3174686620074383e-06,1.3990563144767832e-06,1.4953513840478063e-06,0.9746495967824956,0.0005362162721375746,0.008842021193153957,0.01596795387585232
6,mlp,4692,2,2,0.0031154080803854904,4.653263369704647e-05,0.9960689409003217,5.12856639466712e-09,0.0006213656812322797,0.00011848180472442038,2.926577107245751e-05
6,mlp,5569,4,4,6.56123562165717e-06,2.4565995369558926e-07,7.196055507560314e-06,0.010518242805277682,0.808111848664698,0.00011106283791279266,0.1812448427410285
6,mlp,8738,6,6,0.00460952515562815,6.875862629371288e-05,0.002936169898641732,0.023479137026534976,0.0017979383230469364,0.07770820881691487,0.8894002621529397
6,mlp,8126,6,6,0.0026136228293099336,3.436335083348698e-05,0.00031696049771951087,0.06675028018758533,0.0028515436319806868,0.010350630177770586,0.9170825993248005
6,mlp,8562,6,6,0.0004176098110235272,2.48436230548328e-05,0.00026078014722172527,0.0858554726727994,0.0014771382322005138,0.02792525620931824,0.8840388993043818
6,mlp,7787,6,6,0.00022922158055305064,1.8416900306040786e-05,4.718452397560812e-05,0.11592719559499194,0.03141451815187039,0.0012307550085540763,0.8511327082397488
6,mlp,5446,2,2,0.0005550479169010296,0.0008043925380399416,0.9985441174183496,6.1563619099722186e-12,7.244948653230634e-05,2.3968692851884956e-05,2.394116900857031e-08
6,mlp,3712,1,1,1.202713111632842e-06,0.9999896338283213,8.689255887314185e-06,7.347427236679408e-23,4.7077880728241074e-07,3.4238723066052986e-09,6.2470630533258215e-22
6,mlp,4269,2,0,0.8076412958376268,0.0002185707881729742,0.19104417054756678,1.9106095881343202e-07,0.0003974595599385719,0.0005844869427855958,0.0001138252629503882
6,mlp,5894,4,4,7.433749121283739e-07,2.252472613721369e-07,4.345020023975796e-07,0.0001937336818615093,0.998654433775109,6.65849462211449e-06,0.00114377092423138
6,mlp,10705,3,3,2.669369644577192e-10,2.6881488898327167e-09,6.907846925943416e-11,0.9997968999325396,7.067198176896365e-05,9.52822244537445e-06,0.0001228968390816144
6,mlp,7690,6,3,3.585129421977399e-05,9.026584309531349e-06,1.3290526300837055e-05,0.7045664855479815,0.0053543765960701074,0.0020762470980724146,0.28794472235304575
6,mlp,4171,2,2,0.019698338086489797,5.10644952403093e-05,0.976566109191641,1.8520820484320457e-07,0.0021953103883596797,0.00038641248749508937,0.0011025801425692953
6,mlp,10793,3,3,1.1481614835542297e-09,8.068952920775917e-09,8.535709005063596e-11,0.9994811526080076,0.00011082118425846869,9.058993618115376e-06,0.00039895791164444545
6,mlp,3687,1,1,2.933151133880918e-08,0.999839500453402,0.00015108010613869996,2.331848755903964e-22,9.386468904635997e-06,3.640043278955869e-09,4.914839069529572e-22
6,mlp,3749,1,1,1.3287871959815177e-07,0.9999960769508318,3.6124031274676862e-06,6.2737192193201114e-24,1.7655435528811706e-07,1.2129659159615395e-09,1.5289006834445643e-22
6,mlp,9107,6,6,0.00014854547101908922,1.5139746852143967e-06,0.0003213725888385622,0.0014314105086575286,0.0024497820761181397,0.0006862482907725709,0.9949611270899088
6,mlp,4614,2,2,0.00014943996785188012,6.441182809433351e-06,0.9997850250540526,9.09589940638156e-10,3.4887876639949786e-05,1.744996988679133e-05,6.755039169350967e-06
6,mlp,4490,2,2,0.013385919008687255,7.779872507811996e-05,0.9859409178824278,3.181849277340706e-08,0.0002453272970452759,0.00031714055006958167,3.286471819896172e-05
6,mlp,4131,2,2,0.07254825793037845,4.9758259585939346e-05,0.9247819949635437,5.05997017117541e-07,0.001479527249750965,0.0010134766351061,0.00012647896461791944
6,mlp,3002,0,0,0.999981146581354,2.4082793898174215e-06,4.2049673998455226e-07,1.032011868868925e-09,4.770555761380217e-06,1.1252382682447778e-05,6.720606268505873e-10
6,mlp,8807,6,6,0.0036051422350675375,4.924544797053312e-05,0.0024004845940988613,0.015375329129511641,0.0016260812567883338,0.05976024812682708,0.917183469209736
6,mlp,12773,3,3,1.1311483822764275e-06,8.74335283291749e-07,1.01051958740533e-06,0.972466019518787,0.0007733856488019568,0.003179582393115416,0.023577996436042765
6,mlp,2776,0,0,0.9987507967659388,0.00012270101253597415,0.0004802478093899753,7.931759129184716e-08,7.9464480300799e-05,0.0005598271891225342,6.883425120593605e-06
6,mlp,13398,3,3,5.92211511218638e-05,2.1982756254039843e-05,5.733287157888803e-05,0.8023407186234092,0.002053651035869354,0.042280094491067864,0.15318699907069874
6,mlp,3612,1,1,2.4558464995288506e-06,0.9999958802093721,1.5313975513833156e-06,1.7649660786218406e-21,9.427060240580779e-08,3.827597446721343e-08,6.044240725379536e-21
6,mlp,5865,4,4,1.005957436814676e-07,1.4725932710185423e-08,7.070128741244698e-08,2.6657456991308892e-05,0.999281856761484,1.3626776984336087e-06,0.0006899370808623615
6,mlp,56,5,5,8.18308829055497e-07,2.002929289965276e-07,2.3051624379611013e-07,0.0029822184341638806,8.307861514870468e-06,0.9968775420218273,0.0001306825644920489
6,mlp,13358,3,6,0.00018318009251109266,1.3649955094905115e-05,4.7872646102444365e-05,0.28304525561424765,0.0031744681961466165,0.003750186555366041,0.7097853869405312
6,mlp,4563,2,2,0.001401521784682642,3.194308319653907e-05,0.997979580546277,7.322386172833768e-09,0.0004685161713760311,8.269144147364117e-05,3.573965060804801e-05
6,mlp,6415,4,4,1.3109973914719292e-07,5.07191547169553e-08,5.537336076892848e-07,1.2513841617386219e-05,0.9999393237716591,1.2734202697490964e-06,4.615341395225683e-05
6,mlp,8723,6,6,0.0006140476542793505,6.972010343117283e-06,0.0002501044502410285,0.004458064183109198,0.01650981866800279,0.0007202441197756118,0.977440748914249
6,mlp,5235,2,2,0.000846654649375282,6.431926651894185e-05,0.9985768577056378,1.497509291376525e-10,0.0003922999165443353,0.00011917941136574421,6.889008071422497e-07
6,mlp,6094,4,4,0.00015483066939769594,3.831603486483742e-06,0.0023913982854020864,0.00045508788334262844,0.9368832474867795,0.00017914657164687627,0.05993245749994482
6,mlp,12907,3,3,6.909030694213863e-06,4.1351524408883886e-06,6.148700049783561e-06,0.9234018308718098,0.0008075091337647962,0.019652432927804393,0.05612103418343599
6,mlp,9313,6,6,0.0008628583738000237,4.37552005406085e-06,0.0006845106865743016,0.0017746630636199007,0.0012284290869162113,0.0023855748151657375,0.9930595884538698
6,mlp,11587,3,3,8.688636863079578e-09,3.066635753448157e-08,2.363631785329883e-09,0.9986768112474304,0.00017495021743165002,6.388454772346591e-05,0.0010843122687884403
6,mlp,4653,2,0,0.9397258311391483,0.00015339290031801708,0.05948417877366094,8.850577431368737e-09,0.00035794630155195717,0.0002605141066747681,1.8127928068425415e-05
6,mlp,7493,6,3,2.962069401668122e-05,4.650783886320609e-06,9.756857009207315e-06,0.594158857422311,0.004249900765066536,0.0022075480500765667,0.39933966542763366
6,mlp,6168,4,4,7.229300142970121e-07,6.416836351605399e-08,2.4915229096327812e-06,2.6780492476624918e-05,0.9987499937160118,4.776127512200357e-06,0.0012151710427118106
6,mlp,4365,2,2,0.0006482431481830094,3.8304363116798746e-05,0.999111466091671,1.2104277798604246e-08,6.398704628342445e-05,8.320525923897167e-05,5.478198722890021e-05
6,mlp,4897,2,2,0.0008189745244478765,3.884490988497962e-05,0.9988857717278746,1.064375349667515e-09,0.00021296857394740868,3.968397340643824e-05,3.7552260633942814e-06
6,mlp,3846,1,1,8.512535098551561e-10,0.9999999055254101,8.123518130725701e-08,1.6927926838105707e-27,1.2362453215275785e-08,2.5701818760630166e-11,7.667750651724559e-27
6,mlp,4817,2,2,0.0004765902729112549,6.607935291522312e-06,0.998463853525932,1.0618197502899507e-09,0.0010336333078847788,1.7039471107035477e-05,2.274425053555018e-06
6,mlp,837,5,5,2.641241512984987e-05,1.3000370148539833e-05,4.648190821768884e-05,0.046769180251554895,0.000386140816739264,0.9430970557121474,0.009661728526062395
6,mlp,8030,6,6,0.0001853878335880581,1.15583776814603e-05,6.580741199986694e-05,0.19687405747663478,0.0027049165212005327,0.003921772649193689,0.7962364997297016
6,mlp,2535,0,0,0.9998590791530957,1.2504148267713087e-05,2.7406628622186353e-05,3.945513972359138e-08,3.839925492657171e-05,6.239339117943319e-05,1.7796876853933725e-07
6,mlp,6593,4,4,0.0013072336947830847,8.194285922373935e-06,0.0011475155696354577,0.00012962096158702785,0.9797911458089091,0.0002382512983212292,0.017378038380841745
6,mlp,2752,0,0,0.9999510171016605,1.053510298724807e-05,6.410665897942006e-06,8.02271945957359e-09,5.568712871449766e-06,2.6417603826461814e-05,4.279003715765615e-08
6,mlp,3451,1,1,7.633544303049396e-05,0.9998841956261584,3.680868725164575e-05,8.348136355492173e-19,2.47181801062723e-06,1.8842554879075361e-07,5.996322463296461e-18
6,mlp,3663,1,1,4.720235552449496e-07,0.9999797852980858,1.841225284904518e-05,2.151455908536505e-22,1.32668332043308e-06,3.742189310812088e-09,1.1029957693816702e-21
6,mlp,13360,3,3,4.3686487942804144e-05,1.1991897025825392e-05,1.4073882322888768e-05,0.8161402148319651,0.003171609227671541,0.008607480708686388,0.17201094296438546
6,mlp,11881,3,3,7.62261881348967e-08,1.4838381130211708e-07,1.6146617845314886e-08,0.9951214857103456,0.0001899449969737374,0.0002655641374139304,0.004422764398649304
6,mlp,7652,6,3,1.5952475294909637e-05,5.80188564442042e-06,6.148552759017481e-06,0.8884508415629538,0.001950652258635176,0.0037299412367140876,0.10584066202799862
6,mlp,7497,6,3,1.1240140155578531e-05,3.7738579011919077e-06,2.2116115951646848e-06,0.8750814649146702,0.001607805807454096,0.0015377711405088436,0.1217557325277149
6,mlp,10519,3,3,1.5702085969354563e-10,2.3792308173901246e-09,2.5157990732916406e-11,0.9998368891370697,8.610366230303719e-05,2.8166796475583167e-06,7.418795957020383e-05
6,mlp,5568,4,4,3.630636345187866e-07,3.119978045780989e-07,2.890399003593245e-07,0.0081052581281967,0.9866287647916415,2.0806246499992263e-05,0.005244206732322386
6,mlp,4659,2,2,0.0019322230163978933,5.4456207391669984e-06,0.9957301822444699,3.2169484046458873e-09,0.002284113870823949,4.6467202999947134e-05,1.5648276210627113e-06
6,mlp,6939,4,4,1.4272205403763824e-05,7.333825988598479e-07,0.00273948888538806,3.1897055151956976e-06,0.9967931149067152,1.0208187879636954e-05,0.00043899272649917964
6,mlp,9576,6,6,0.002086561211722703,7.723046565001155e-06,0.0011796058645151414,0.000782969519793668,0.0005104997585133525,0.0035663861688767814,0.9918662544300133
6,mlp,7310,4,4,0.00017492328116808502,4.700513733734407e-06,0.01658081954086155,3.202295864257702e-07,0.9830950898598868,3.620237546084384e-05,0.00010794419930264695
6,mlp,12968,3,3,1.4785342476452089e-06,1.376551266391451e-06,3.524510241985468e-07,0.9772467242746304,0.0008741789542018822,0.0012631829598991758,0.020612706274730337
6,mlp,8332,6,6,0.0006138785379626613,6.45262929878583e-05,0.001494104286611552,0.18780420790639168,0.004728874648337462,0.2194651946249928,0.585829213702716
6,mlp,10865,3,3,1.494316008656193e-09,1.1602331843116199e-08,2.5611399864003803e-10,0.9993205028983421,0.00018676637778739598,9.970186535217952e-06,0.0004827471845735773
6,mlp,7789,6,6,0.000208212960530636,9.534360187516666e-06,1.659427599711193e-05,0.14624758025879636,0.003619081974692759,0.001925677624387996,0.8479733185454077
6,mlp,10350,3,3,2.517397287255067e-10,2.2922910327752526e-09,1.4652946893969072e-11,0.9998107996016745,4.809325222772084e-05,2.9598062136538853e-06,0.00013814478120028665
6,mlp,5665,4,4,3.114905502487809e-06,7.442228452457904e-07,4.883758405922931e-06,0.00260886746495791,0.984793202483005,4.337721356042723e-05,0.012545809951723177
6,mlp,1496,5,5,1.6953294903391947e-05,1.1059894004639612e-05,8.907323637517125e-05,0.0016127366710669065,3.7844342440459404e-05,0.9974965945584776,0.0007357380027316827
6,mlp,3757,1,1,5.182240738056633e-06,0.9999945889079563,1.153993970862335e-07,3.162049958692808e-23,1.122435708381318e-07,1.208337595340831e-09,1.185090925357743e-23
6,mlp,4895,2,2,0.00040657468699548837,8.83639389882108e-06,0.9992393751581876,7.240320816899865e-10,0.0003200645269707478,2.374600818474901e-05,1.4025017303020497e-06
6,mlp,1131,5,5,0.0009325839124436986,8.383259334456424e-05,0.00014231412265736063,0.05550471747316236,0.0011755918319541494,0.8904345128958725,0.05172644717056549
6,mlp,1226,5,5,4.153150290093816e-07,1.919685186715079e-07,1.4984258433626e-08,8.507461119964381e-07,1.56541799820857e-07,0.9999981635841952,2.0686008683705573e-07
6,mlp,2486,0,0,0.9608655417072484,4.475527048963547e-05,0.03680422648962889,4.634331601393151e-07,0.0010187962035978417,0.0003323068895243444,0.0009339100063507485
6,mlp,1772,5,5,3.07873987175329e-05,1.3183063836968706e-05,8.809627089419703e-05,0.00024131534595969682,1.8649816540119133e-05,0.9992581896471878,0.0003497784568635412
6,mlp,9401,6,6,0.0027310379023954257,8.75505098507762e-06,0.0015928887720557713,0.001271411087837692,0.0008691461217038214,0.0018627643268032963,0.991663996738219
6,mlp,8606,6,6,0.000313984019112992,6.446648068679803e-06,5.042349818880748e-05,0.009178721735012071,0.02276093609474351,0.0007863887469753137,0.9669030992578985
6,mlp,7763,6,6,5.419676813688766e-05,9.146761069826249e-06,2.2169336197821807e-05,0.2413163960687137,0.02023947411951278,0.0009586852578192526,0.7373999316885498
6,mlp,91,5,5,2.8541992769835274e-08,1.235829141891827e-07,1.1158528033625863e-07,0.0028923145766919095,4.296510165299171e-06,0.9970894467551412,1.3678447814327494e-05
6,mlp,5549,4,4,7.002263741353775e-06,1.739459835049374e-06,2.764348076760238e-06,0.04825845262356281,0.8676503324640266,0.00017803261424257036,0.083901676226515
6,mlp,12751,3,3,2.9990393960931272e-06,2.0208315647991865e-06,1.8299310538880166e-06,0.9597306118447972,0.0005783851510852831,0.008904043374544075,0.030780109827558525
6,mlp,1691,5,5,5.350433742372705e-06,6.60676726478474e-06,1.7527182818528613e-05,0.00024393251367801783,1.0060464876569013e-05,0.9995553644384902,0.00016115819912947382
6,mlp,3113,0,0,0.999975289048735,4.819655700715782e-06,5.509293656263226e-06,3.462499069996835e-10,9.129816797565094e-06,5.2442014663467725e-06,7.637394232372813e-09
6,mlp,12118,3,3,2.168484814614939e-07,3.808147980906392e-07,4.0329390049095276e-08,0.9899276846169854,0.0010952535017621345,0.00012395663935908712,0.008852467249223504
6,mlp,5892,4,4,3.6409947029448886e-06,8.624568764526625e-07,1.1794470683467666e-05,0.0015265424551201873,0.9898160358994819,7.129833618293581e-05,0.008569825386952171
6,mlp,11132,3,3,1.7525658244825944e-09,7.840629585035467e-09,6.224544147329065e-10,0.9993422943017876,6.485465055359235e-05,6.575036143733389e-05,0.0005270904705715106
6,mlp,4854,2,2,0.009119547487987522,0.00012080343182622849,0.9899921220326081,3.3013704602574167e-09,0.0001977966732702867,0.000553264964519339,1.6462108417971306e-05
6,mlp,4729,2,2,0.0014115937661006595,5.468277188777062e-06,0.9969026830953243,2.884041148600558e-09,0.001652072148356721,2.5099180603250323e-05,3.0806483851307576e-06
6,mlp,5038,2,2,0.0003261828478851008,1.3482105251733108e-05,0.9994930422442135,2.302683871320508e-10,0.00015496056134134978,1.1525369248129052e-05,8.066417915007367e-07
6,mlp,3170,0,0,0.9999505843885009,3.069124775512304e-05,8.987029976613922e-07,3.7160268612775365e-10,1.8266091075155516e-06,1.5998196701445732e-05,4.83334813360941e-10
6,mlp,5343,2,2,2.6778601638706994e-05,1.7932175102732868e-05,0.9994522626103711,1.005905131535274e-11,0.0004979131135026617,5.063474268272335e-06,5.001505770447595e-08
6,mlp,5275,2,2,0.0007204549574633169,5.4486006610565305e-05,0.9991004493856331,4.523093852381819e-11,0.00010773389281684673,1.66407137690632e-05,2.3499847627541173e-07
6,mlp,11904,3,3,9.021426965067889e-09,4.415376495219721e-08,1.2168845169706244e-08,0.9974973809601367,8.249693157890739e-05,0.0016454953500040195,0.0007745614142433842
6,mlp,2775,0,0,0.9966873500675935,6.899739147565875e-05,0.0030785842955127498,3.172110101862311e-08,7.342287936869065e-05,9.017811393943161e-05,1.4355310091517152e-06
6,mlp,10371,3,3,2.288444826145265e-10,2.164225475942253e-09,2.5313695804021667e-11,0.9998840310228709,2.5873390425045573e-05,5.715503163131327e-06,8.437766515708475e-05
6,mlp,5689,4,4,6.199457654744615e-08,7.05399171898442e-08,2.0493514097621228e-07,0.0007898619698641583,0.998598740776919,4.032803478439803e-06,0.0006070269801035733
6,mlp,9764,6,6,0.002040912203763358,6.9527014805629786e-06,0.0008072598921707592,0.0005931764256939885,0.012823805946911552,0.0016880579646637124,0.9820398348653161
6,mlp,4857,2,2,0.3176788828051653,0.00041377546439714657,0.679949760254051,7.596578609537551e-09,0.0012036665829315018,0.0007255140785079422,2.8393218368404092e-05
6,mlp,4558,2,2,0.0003547980225109128,7.171432261951524e-06,0.9982991531370871,1.956140671360634e-09,0.0012956763035319543,3.2686453325799254e-05,1.0512695141622707e-05
6,mlp,6717,4,4,1.2480511118599688e-06,3.157484385283328e-08,2.2773323663010785e-05,1.911649196580142e-06,0.9990511347817296,1.8775216826766289e-06,0.0009210230977725816
6,mlp,10253,3,3,2.195228775958676e-11,4.596599369572102e-10,5.9952194647758344e-12,0.9999586819863326,9.32265523830138e-06,8.230358253466807e-06,2.376451256813196e-05
6,mlp,4251,2,2,0.002128069899145729,2.7584053084427434e-05,0.9651184178396981,1.530946945226801e-07,0.03235843431158062,0.00018611600956543067,0.0001812247922311045
6,mlp,4206,2,2,0.0002613540008487276,1.176827245400917e-06,0.9945787712995422,5.882083416173468e-09,0.005121357769446401,2.4772269238751102e-05,1.2561951595151524e-05
6,mlp,10736,3,3,1.214329587626177e-09,1.2903718230483239e-08,1.8195463441104567e-10,0.9993922519056989,0.00028574651291278,5.978830070967693e-06,0.0003160084513149012
6,mlp,1029,5,5,1.91595199410134e-07,4.638152161308593e-07,4.328943562255412e-07,6.162932612360715e-05,1.0550640404754134e-06,0.9999309141243516,5.31318071235089e-06
6,mlp,10846,3,3,3.035127798063378e-09,1.3895120049218505e-08,2.67604541248907e-10,0.9991841518647385,0.00020284025243557969,1.0003404571637412e-05,0.0006029872804021592
6,mlp,1179,5,5,1.7082103577298262e-06,2.205035445346542e-06,5.021879957056853e-06,0.00043148555426639873,7.167828242857738e-06,0.9994775450830268,7.486640870392479e-05
6,mlp,737,5,5,3.993720159861743e-05,1.08922410256269e-05,4.586717029790307e-05,0.0503241053216778,0.00032790489482742175,0.9361707988014965,0.01308049436907618
6,mlp,5463,2,2,0.00010741943922191885,7.871196447915282e-05,0.9993796774033539,2.7350752061979684e-12,0.00043000567234144637,4.180854425870181e-06,4.663442654320317e-09
6,mlp,4871,2,2,0.0003688292818639792,7.920705704690887e-05,0.9994336531198869,8.685111933391872e-10,7.463836760761727e-05,3.962163738544789e-05,4.049667697797097e-06
6,mlp,3921,2,4,0.004288198672338804,1.70099833175096e-05,0.005840651881154551,2.689080585802382e-05,0.971874317974837,0.0006932392722431223,0.017259691410251004
6,mlp,12868,3,3,3.366637834617336e-06,2.4985821742599307e-06,1.3540428701963534e-06,0.966402022104573,0.0008627832916660639,0.0035428805029894084,0.029185094837892517
6,mlp,1151,5,5,8.49629731551032e-08,2.2405113986904111e-07,7.333127435190566e-08,5.429582739705293e-06,2.389908268415969e-07,0.9999934630632008,4.860178451667233e-07
6,mlp,9302,6,6,0.0005175854281039638,4.5271426670436265e-06,0.00038229364663974383,0.001598184463776743,0.007324961328596589,0.0007993723470055592,0.9893730756432103
6,mlp,8007,6,6,0.00024101419953956145,1.425808138076645e-05,8.033793272520264e-05,0.17967539421196047,0.010266412724926038,0.00406460158362019,0.8056579812658479
6,mlp,4539,2,2,0.0032211980453305485,0.00012240395879842552,0.9963967452800435,9.42336612071138e-09,9.139760756802857e-05,0.00013660819635417451,3.163748853911704e-05
6,mlp,9225,6,6,0.0004574487067534867,6.120898758855896e-06,0.00017196053863077103,0.0037603754011862173,0.0006675607725644503,0.0038038905632296416,0.9911326431188766
6,mlp,4663,2,2,0.011549292226275354,0.00018752410109325684,0.9876144432219461,8.637465276306096e-09,0.00013713381852924574,0.0004739605290985143,3.7637465592268684e-05
6,mlp,12016,3,3,2.3533232179603444e-08,6.981876207127111e-08,7.772149626968131e-09,0.998192294277865,0.00031843820696825486,0.0002786355767949139,0.0012105308142279637
6,mlp,5903,4,4,9.539031034709732e-06,4.5292487028688386e-07,8.377315799163339e-06,0.00027845483784258196,0.9804648378260795,3.416308383002368e-05,0.01920417498054363
6,mlp,1161,5,5,1.8342254667080787e-06,1.6334941764353929e-06,5.526361614885141e-06,0.00039177187488229184,6.767228364278112e-06,0.9994855283179761,0.00010693849751939294
6,mlp,13307,3,3,3.235315322222503e-05,8.023300510005358e-06,8.801042940673345e-06,0.7971515997964237,0.0028936951702292013,0.004013679508500959,0.19589184802817314
6,mlp,13364,3,3,3.7851120045102636e-05,1.325740603220689e-05,2.45381441804947e-05,0.8476671595119398,0.0018486979520263957,0.01840935212910567,0.13199914373667018
6,mlp,8625,6,6,0.00019311627846246062,2.541440551035846e-06,0.00015429850541819428,0.0034029054639369304,0.003700990556754634,0.0005353720789729329,0.9920107756759038
6,mlp,830,5,5,3.054243253917142e-07,4.039361432800754e-07,3.4657681083197836e-07,7.22908877774969e-05,1.3394889409148087e-06,0.9999178673485732,7.446337428942498e-06
6,mlp,4022,2,2,0.016897851550739546,2.918579444459068e-05,0.9755426735745658,1.1187754835042153e-06,0.003067721001692306,0.0005034640105416117,0.003957985292532579
6,mlp,2713,0,0,0.998772592141822,5.55795432158254e-05,0.0009388195925263743,4.782920948484239e-08,5.557002377946437e-05,0.00017172790485644456,5.662964590303413e-06
6,mlp,3250,0,0,0.9996910559595921,0.00021065588490115926,4.847184303955333e-05,4.772924918785673e-10,2.5165209719872616e-05,2.464734655595288e-05,3.2788988001679805e-09
6,mlp,2280,0,0,0.9996344290768193,2.0813011415965136e-05,3.0245624335269945e-05,5.316900559581293e-07,1.760187316008706e-05,0.00029203886042171846,4.339863791585634e-06
6,mlp,10487,3,3,8.262225331618516e-08,8.177589382688214e-09,1.217032659748339e-09,0.9981315812855457,0.0001071043203189352,0.0003824951962409768,0.0013787271810191133
6,mlp,6491,4,4,0.0005890754593452117,1.9283555563761596e-07,0.003562489526400128,1.683070070147708e-05,0.9913936911818818,2.989105127301028e-05,0.004407829244842622
6,mlp,10996,3,3,5.682744482853696e-10,4.322850886635237e-09,2.8733486265726914e-10,0.999698638264171,3.7576762314166714e-05,8.372991575924372e-05,0.0001800498792952667
6,mlp,11503,3,3,9.041907133016439e-09,3.856976144312653e-08,2.9452937691289126e-09,0.9989151577855028,9.203260255510641e-05,0.00016220904979411213,0.0008305500051855928
6,mlp,11887,3,3,4.120096216926212e-08,1.0259757821918584e-07,4.070305421995981e-09,0.9955582556743895,0.00041884742140659454,5.420730507278841e-05,0.003968541730285478
6,mlp,3955,2,2,0.002813180294818968,3.748141872526143e-05,0.9740367569362496,2.5659665021117778e-06,0.015520964393287137,0.0008528258270927776,0.006736225163324344
6,mlp,2604,0,0,0.9998143394618082,2.290077057004067e-05,6.302389832796401e-05,3.99881893839595e-08,2.1491213268548063e-05,7.774256878460381e-05,4.6209905101102423e-07
6,mlp,9463,6,6,0.10807839993573128,2.4579844860373813e-05,0.0013731980665800244,0.002253708528791089,0.0011284419407525822,0.0037602042982007953,0.8833814673850839
6,mlp,5511,4,4,9.765789662018639e-10,4.742728499420414e-09,4.3997384789095777e-10,0.0059709542257922205,0.9938622531362163,9.477703131040511e-07,0.00016583870839685392
6,mlp,8131,6,6,0.00018028083014651894,2.6161890412215326e-06,7.717999984555326e-05,0.014808994042067865,0.0017069825847010366,0.0005070696494669271,0.9827168767047308
6,mlp,3989,2,2,0.007208542605188409,2.8503462341770444e-05,0.9869438337391627,1.1624702445802292e-06,0.0026128848769354333,0.00048484622416264156,0.0027202266219644392
6,mlp,7673,6,3,1.423329189301281e-05,4.236381714939826e-06,5.578363701551953e-06,0.7924970888415304,0.0033494717797234756,0.002012529510419723,0.20211686183101693
6,mlp,11677,3,3,2.4969716226007796e-09,1.8499373067122648e-08,6.165045929770524e-10,0.99956311705555,0.00011122321100274605,4.880212848970553e-05,0.0002768359921083733
6,mlp,4423,2,2,0.019491600238289233,4.503701706428102e-05,0.9781490542637162,2.8949199045128113e-08,0.002119186041540625,0.00014298935865963863,5.210413153111171e-05
6,mlp,9742,6,6,0.004409667795472969,7.335087545548057e-06,0.0011862770828822862,0.0003774622343449836,0.00047957227423309424,0.0023528341509662844,0.9911868513745548
6,mlp,10074,3,3,2.2000923936793642e-12,8.920091856077011e-11,3.587779180751855e-13,0.9999884770654099,5.7625720053856826e-06,9.067779789945424e-07,4.8534928459541025e-06
6,mlp,1382,5,5,6.400083511041154e-07,1.2923921959506681e-06,1.5321830819821833e-06,5.7251031290332594e-05,1.7591255764579615e-06,0.9999278895419444,9.635717559773238e-06
6,mlp,7397,6,3,8.560480836756405e-07,9.292024446482968e-07,2.5556941324508035e-07,0.9557390990335581,0.004227111186374208,0.0002677758087825465,0.039763973151343446
6,mlp,3373,1,1,0.002099987307680078,0.9929379231347546,0.004904091662765105,2.3778358869732257e-16,5.496782309287078e-05,3.030071693833263e-06,1.3151077287666753e-14
6,mlp,6803,4,4,1.604559058461471e-05,1.6322563593674349e-07,5.718609787215991e-05,2.8376085509508153e-06,0.9988979338112144,5.476894230785649e-06,0.0010203567719109352
6,mlp,6498,4,4,8.613515247384643e-05,2.358274374122864e-06,0.0008379485210223036,8.716103665875217e-05,0.9840696531282114,8.304436665746455e-05,0.014833699520601961
6,mlp,7527,6,3,3.933409675535293e-05,9.253385660132714e-06,8.930888988695716e-06,0.6547901329427648,0.006861835416504827,0.001454993502743217,0.336835519766583
6,mlp,7805,6,3,6.954317776110469e-05,1.3905451904529532e-05,9.985033645159815e-05,0.5418043309792197,0.004327585176431358,0.022574011516828356,0.43111077336140347
6,mlp,6774,4,4,0.0071375826851359314,1.144696551816009e-05,0.0412327515838315,3.732013749294393e-05,0.9236328960706754,0.0004985437121141255,0.027449458845231797
6,mlp,8757,6,6,0.0007454196585387348,1.3333500905537794e-05,0.00023554665821597605,0.0185694419476757,0.002861228640737898,0.003645948730943965,0.9739290808629821
6,mlp,10696,3,3,2.999602648847827e-10,2.8597213185580122e-09,7.182116959244604e-11,0.9997696642376083,7.200569422795418e-05,8.913860997910283e-06,0.00014941297566302284
6,mlp,6241,4,4,6.115526921548405e-07,3.088416012907549e-08,1.9835911001946794e-06,9.05286923788583e-06,0.9991141638125974,2.0281394322070657e-06,0.000872129150779773
6,mlp,13113,3,3,6.089023695252457e-06,3.561653731311082e-06,1.1555971330744195e-06,0.93000012054337,0.003416030961069444,0.0007940939255157815,0.06577894829548513
6,mlp,7957,6,6,0.00010240737381733,7.182638246244968e-06,5.6257003557390114e-05,0.1086601329375589,0.004705970589682017,0.001297515294020762,0.8851705341631174
6,mlp,11917,3,3,8.068584906750992e-08,1.196724210867729e-07,1.5892088720787586e-08,0.9926640432841181,0.0002912943414783563,0.0001592076399503432,0.006885238484094245
6,mlp,8876,6,6,0.0006199086425112733,1.1988003477977092e-05,0.0008614806229131659,0.013489946320625333,0.0014449127033961944,0.015086167749847028,0.968485595957229
6,mlp,5928,4,4,1.2644188887545358e-07,5.21613588834897e-08,1.1638628570689846e-07,3.61005655427796e-05,0.9997824207586627,1.902890452581942e-06,0.00017928079580840917
6,mlp,1674,5,5,1.6167493883344098e-06,2.8801945588345633e-06,4.465694136063903e-06,4.861046512336347e-05,2.4670350605488883e-06,0.9999192086097295,2.075125200345099e-05
6,mlp,1376,5,5,5.600759110849405e-07,1.0261611207622386e-06,1.3287710067583496e-06,4.7077980523024946e-05,1.4926645387218968e-06,0.9999397885029742,8.725843925563748e-06
6,mlp,9708,6,6,0.0056411861160574,8.81687295637321e-06,0.0015295847108385318,0.0005712126248920378,0.0006411404171279688,0.0013626272706641278,0.9902454319874635
6,mlp,466,5,5,4.042824283689804e-07,4.1420145341230464e-07,7.786286396912659e-07,0.0008637007668657291,5.358495771729799e-06,0.9990736239890144,5.57196358266624e-05
6,mlp,910,5,5,6.745936999508851e-09,4.8979680257091456e-08,1.2809387051643564e-08,2.5519059349547258e-06,5.5154107582672426e-08,0.9999972346403831,8.976456993750756e-08
6,mlp,13165,3,3,2.4606160936842593e-05,6.067292719109958e-06,5.77087027146133e-06,0.7600397493692235,0.0019524890147440445,0.0021951856426959348,0.23577613164940914
6,mlp,7935,6,6,0.0060631332482444615,4.4697274746413604e-05,0.0001972393494537484,0.08051795672318944,0.004399529524270066,0.008618683664156055,0.9001587602159398
6,mlp,3755,1,1,8.554627963835776e-07,0.9999969931357533,1.966261738766182e-06,1.3531383181868545e-23,1.8343200666428487e-07,1.7077049204498853e-09,7.22442576770279e-23
6,mlp,2910,0,0,0.980062640681933,8.44085580451404e-05,0.019508457380459553,1.2901625750305317e-08,0.0002468630264910686,9.115296771745883e-05,6.464483728180113e-06
6,mlp,6960,4,4,0.00015504428896773926,2.7047568450943633e-06,0.001491324954841532,1.056652955021056e-05,0.9941016261564851,9.4443338854584e-05,0.004144289974456036
6,mlp,3352,1,1,0.011013624268084958,0.9528253683586749,0.03593972877093439,8.312670324374816e-15,0.00020381069740270545,1.746790401661657e-05,8.779163490642654e-13
6,mlp,5255,2,2,0.0004334547396474577,9.542575418925144e-06,0.9980416130382335,8.338775198315181e-11,0.0015058327414040006,9.523440840549815e-06,3.338106783569446e-08
6,mlp,1462,5,5,5.123009164808326e-05,2.2613307848540197e-05,0.000320175048662011,0.022433022832532117,0.00021264835144225265,0.9663198431468354,0.010640467221031706
6,mlp,6820,4,4,2.380658317000067e-05,3.276153564750391e-07,0.0005186090363077207,2.7812362597269708e-06,0.9988312205197206,9.204252093593081e-06,0.0006140507570919824
6,mlp,3564,1,1,7.734298767031464e-06,0.9999483291513981,4.2393409631786755e-05,9.506478253829104e-21,1.5208057394698482e-06,2.233446358634795e-08,1.1567980587532516e-19
6,mlp,11522,3,3,6.267517440684612e-09,2.0049327617782846e-08,3.215717504346155e-09,0.998668386155762,0.00011290839866931075,0.00015929485621433135,0.001059381056792025
6,mlp,1596,5,5,0.0001465128095062695,4.378788081384861e-05,0.000489242165199735,0.006195880030514179,0.00022290045029167875,0.9850390557555965,0.007862620908077734
6,mlp,891,5,5,0.0002545808935418761,5.200153271240236e-05,0.00032670759820435945,0.3370433670911747,0.003297101422511076,0.5234093630793778,0.13561687838247782
6,mlp,2666,0,0,0.9891466620701503,5.861094334583762e-05,0.010389225934854664,1.213460744664388e-07,0.00019396700341511777,0.00019063967737219774,2.077302478746924e-05
6,mlp,3362,1,1,0.007074584855611824,0.9928527969389708,5.53490539035612e-05,6.881918669988859e-16,6.853036905417766e-06,1.041611460676268e-05,1.2112683918902215e-15
6,mlp,3131,0,0,0.9991110948006293,3.3247217238088014e-05,0.0006846448228947718,1.3313286546504427e-09,0.00015792203109282936,1.3062232306779515e-05,2.7564509676126585e-08
6,mlp,8920,6,6,0.00086808141195867,1.1089238831814048e-05,0.00021472617555784508,0.010036496159511852,0.00210415916138702,0.005969238627671899,0.9807962092250809
6,mlp,7414,6,3,3.1904345045844377e-06,2.1892274435090395e-06,3.2488221333362263e-07,0.9235487542826113,0.005527991425335116,0.00037420930707027976,0.0705433404408221
6,mlp,4970,2,2,0.0027035076183242884,3.9726101823362505e-05,0.943300053255706,3.8775115198513295e-09,0.05383423521632157,0.00010417334550088244,1.8300584812482272e-05
6,mlp,768,5,5,4.124949065624354e-07,1.1119303609999968e-06,3.7506914572089594e-06,0.004370855233347116,1.5040630541052697e-05,0.9954163924598067,0.00019243655958031764
6,mlp,3720,1,1,1.4616761841156934e-06,0.9999981318426033,2.3812909107210044e-07,5.824369564636781e-23,1.6704272808118706e-07,1.3093934383633832e-09,2.6914487164071104e-23
6,mlp,12452,3,3,1.6140009823441348e-06,1.1636023070855505e-06,1.860146685543698e-07,0.9600643006217003,0.0016081040753690848,0.00032046434009971197,0.038004167344873024
6,mlp,6115,4,4,7.125529459080647e-05,2.304493413162186e-06,0.00020323553725648522,0.0003183412451442815,0.974033408726995,0.00011812007163246895,0.025253334630967957
6,mlp,2148,0,0,0.9801309318377163,4.895246209049595e-05,0.011885234774041364,3.49724196271925e-05,0.0036264739463275695,0.0010158400549975645,0.003257594505199727
6,mlp,9222,6,6,0.0012974190396782897,8.757194613831917e-06,0.0009841160694737563,0.0024847112752686873,0.000530375814489618,0.004440207427755277,0.9902544131787205
6,mlp,8074,6,6,0.0036464696395548347,0.00013807746190677548,0.0020092468411312017,0.10131484737877484,0.005673653497902492,0.2632760958769254,0.6239416093038044
6,mlp,5361,2,2,0.00016622081607670306,0.00010833317146880475,0.9996422344735271,1.75983637207165e-11,7.125446671586162e-05,1.1882975618590202e-05,7.407899473833554e-08
6,mlp,4822,2,2,8.639621034365154e-05,4.941575880510491e-06,0.9992673103396915,6.102870920957553e-10,0.0006253242150150388,1.3992945966113187e-05,2.0341028161332364e-06
6,mlp,10485,3,3,5.630740453036679e-09,1.845992251954999e-08,1.7824241357131883e-09,0.9977380526288309,6.792377848153948e-05,0.0017153729423781806,0.00047862477722231047
6,mlp,8099,6,6,0.00020299960911878106,1.561396125400019e-05,5.8313485621871704e-05,0.1408792080866144,0.0367268429981807,0.0016858132687042396,0.820431208590506
6,mlp,665,5,5,2.5534350460726295e-06,6.318284729103135e-07,3.5788275917860365e-07,0.00012429714149692723,3.786148561813579e-06,0.9998438291036851,2.454445997806298e-05
6,mlp,8470,6,6,0.00016499059285524296,6.487858609508684e-06,0.00010750600029845809,0.02296229428439537,0.0034060128764630735,0.0008517781040898233,0.9725009302832885
6,mlp,2019,5,5,0.06195431041504754,0.0009539688632430562,0.17576047834406203,0.00011732573157080702,0.00097384361956715,0.7122029000498783,0.048037172976630994
6,mlp,4355,2,2,0.000385883453463331,6.06495638055533e-06,0.9980142535893638,1.6375435375122003e-08,0.0014989976527776797,5.1119247880078046e-05,4.366472469911916e-05
6,mlp,270,5,5,7.091001759262684e-08,1.737282586530593e-07,1.601155338884509e-07,0.00041930155442707127,1.928453762711199e-06,0.9995708006994406,7.564538559434262e-06
6,mlp,11906,3,3,1.7649927972249547e-07,3.759483796430634e-07,1.932325400299409e-07,0.9850016129879318,0.0002992816827204866,0.011314175621647849,0.003384184027500432
6,mlp,3891,2,4,0.0010068840883329143,4.17626299640017e-06,0.04085923805890433,6.830630765047205e-05,0.9296274662567827,0.0002185562850518422,0.028215372740281287
6,mlp,3920,2,2,0.007409449441420859,7.255242358742137e-05,0.7444160262402009,8.206414031467357e-05,0.0710433455105491,0.006627368767540019,0.1703491934763869
6,mlp,5726,4,4,4.813831460381268e-08,1.1333935746689728e-10,3.262372195688496e-08,1.568573633370411e-05,0.9999757547843803,9.092092219014632e-08,8.387682988125192e-06
6,mlp,5120,2,2,0.0017020185750179265,0.0005385466002272887,0.9976123485319116,5.016198144763949e-10,6.0195324277403455e-05,8.507326524272105e-05,1.81720170326397e-06
6,mlp,6835,4,4,7.89307801889012e-07,7.212413472909891e-08,7.557897152289927e-06,2.3193611702015156e-06,0.9998969698607736,1.8764794954426431e-06,9.04149694717379e-05
6,mlp,1216,5,5,4.848739150288582e-06,6.907164632563442e-07,1.504753242675495e-07,2.2407618799875047e-05,1.9525150085028036e-06,0.9999577250133967,1.2224921857018366e-05
6,mlp,995,5,5,8.12869233059181e-06,1.702694697801575e-06,5.030741286796959e-06,0.0005740709600164514,1.2266438629053234e-05,0.9991244230308792,0.0002743774421600824
6,mlp,2364,0,0,0.9913648397258067,7.84876251323236e-05,0.0071603517604658575,1.2321717449505095e-06,0.00016968327562736686,0.0010959845881454721,0.00012942085307708338
6,mlp,11419,3,3,1.172905033237039e-08,3.6833863844155646e-08,6.796882253543644e-09,0.9982790621066885,9.8320430802008e-05,0.000571189101126758,0.001051373001586021
6,mlp,6830,4,4,5.299270671865446e-05,5.807039587177542e-07,0.000411077838518918,4.97216447308632e-06,0.9963748948222264,2.4232554016854143e-05,0.0031312492100871725
6,mlp,5601,4,4,1.8722569219012838e-05,5.048104048314037e-06,5.813993595838539e-06,0.09821607920096395,0.6733614145767602,0.00042120546872000055,0.22797171608669267
6,mlp,11673,3,3,4.4418491272457314e-06,1.438957184817138e-06,4.5223026655877083e-07,0.9646822278045533,0.0008492564979758208,0.009421867905398652,0.025040314755493488
6,mlp,714,5,5,1.1758273471165335e-07,4.282906964944679e-07,5.615464645807423e-07,0.0006062764156619037,3.0593882384689295e-06,0.9993659194619906,2.3637314213147906e-05
6,mlp,11748,3,3,9.788381430024113e-08,1.4285528705908526e-07,1.8060984225416723e-08,0.9944306593730545,0.0002726441843729773,0.00027152034799524485,0.0050249172944919415
6,mlp,6595,4,4,0.001032145074954431,2.8231067998940634e-07,0.008462005438752269,6.3830587171189175e-06,0.9867735902737864,0.00011276503714839885,0.0036128288059614003
6,mlp,10258,3,3,1.886460247342446e-11,4.4485950367618043e-10,3.7701695906377675e-12,0.9999385185443262,3.603336091283469e-05,1.777860090919818e-06,2.3669767175739677e-05
6,mlp,7064,4,4,0.010289518679388543,8.313960445015125e-05,0.3158900513889187,7.342547651105495e-05,0.6128192136828629,0.003817587060771466,0.05702706410709724
6,mlp,3548,1,1,1.835027132647946e-05,0.999970850828356,9.867849787866664e-06,1.9854743928255968e-20,9.084009972386168e-07,2.2649532369063224e-08,6.328459468427505e-20
6,mlp,9341,6,6,0.001220683102218276,6.5443368740345216e-06,0.0009265818734051676,0.0014635122003381744,0.0284980384211541,0.0006227750083768805,0.9672618650576332
6,mlp,13145,3,3,4.913829477157856e-06,2.415383520743795e-06,2.8558075494849518e-06,0.8860987077267733,0.004966717290413101,0.0011576010806624978,0.10776678888160363
6,mlp,10080,3,3,8.695301145714799e-12,2.2801898176995497e-10,8.84158965713697e-13,0.9999760657548376,1.0385653949512868e-05,1.020519468923581e-06,1.2527834145546497e-05
6,mlp,10183,3,3,1.433293026860875e-11,7.444331283305355e-10,1.5997069945473382e-12,0.9998504962469827,0.0001380211735447626,4.7391180921325186e-07,1.100790729757964e-05
6,mlp,4290,2,2,0.07525869324895103,0.00011147644400107854,0.9226804460236314,6.81136285667875e-08,0.0013577770059155037,0.0004510092818647793,0.00014052988200771274
6,mlp,5640,4,4,1.5838794294973365e-08,2.0546632165296316e-08,4.7825600966993855e-08,0.00018149277932977837,0.9996951494473882,8.624124021606561e-07,0.0001224111498524961
6,mlp,10880,3,3,2.2731997192115245e-10,3.3020814368027873e-09,5.528536047672953e-11,0.9998768397107931,3.695248530016171e-05,1.4537758504226001e-05,7.166646071567232e-05
6,mlp,5098,2,2,0.0015204712918862227,1.5693261606240065e-05,0.9906930184355613,4.779569251175631e-10,0.007746576209543454,2.3117071239865744e-05,1.1232522059796172e-06
6,mlp,1659,5,5,0.0008597590353722363,8.350399775989534e-05,0.002022543978114291,0.007636481035036742,0.00042285454718974687,0.9698026894826249,0.01917216792390208
6,mlp,5332,2,2,0.011269788075317002,0.001124931636488792,0.987244263184368,1.4005885846530957e-10,0.00028065860327700255,7.977255449082433e-05,5.85805999394176e-07
6,mlp,1356,5,5,0.00025023941215251944,2.2917098231305547e-05,6.722166478295362e-05,0.0012594578962398504,0.000106004507619534,0.9968874154932486,0.0014067439277253954
6,mlp,10492,3,3,1.1284585084743855e-10,1.8367897675469734e-09,1.0289215967652416e-11,0.9999097115683702,2.949847262812947e-05,2.732049018484481e-06,5.8055950058255935e-05
6,mlp,2064,0,5,0.05306429134357254,0.00031506335232762365,0.00024264157898632442,6.232479795217968e-05,0.00019559003768303854,0.9454231045596366,0.0006969843298416454
6,mlp,10082,3,3,1.057825563799858e-11,2.1051472118483747e-10,2.135060528008531e-12,0.9999760578677477,6.257195320289575e-06,3.6079624866967376e-06,1.4076751217331729e-05
6,mlp,157,5,5,5.726644626049427e-07,1.1697388480157539e-06,2.0606386961893174e-06,0.0970799862125741,9.050549383984726e-05,0.9020139180080172,0.0008117872435619326
6,mlp,5230,2,2,0.000423085876739194,2.986593190377165e-05,0.9979830833022606,1.607973686813402e-10,0.0015456877545809119,1.7611337552836256e-05,6.656361652786124e-07
6,mlp,2411,0,0,0.9999214330516581,7.816400668622933e-06,8.900409065792102e-06,6.774692705827276e-08,1.6709474387912354e-05,4.469980188184472e-05,3.731154103307676e-07
6,mlp,9356,6,6,0.000681722743387294,4.599853589991199e-06,0.00016312089679061998,0.0014419088899318049,0.007693433607168608,0.000807459965166096,0.9892077540439657
6,mlp,10656,3,3,1.3162843007331925e-08,3.1365986659277685e-08,1.0720193647432673e-09,0.9983917749204217,0.00029038825337204295,2.856457624076766e-05,0.0012892266491164402
6,mlp,6614,4,4,0.0007107990075554405,6.0363427905856315e-06,0.0030248867343951823,0.00012384657360868284,0.8758884512707504,0.00033116381923074936,0.11991481625166893
6,mlp,11874,3,3,2.7748347027459428e-08,1.0596586784078326e-07,4.827046581959097e-09,0.9980063170032665,0.0004401901437129716,4.623766707329412e-05,0.0015071166446857234
6,mlp,783,5,5,1.8242219386070192e-07,7.136213117344879e-07,1.0607680040777255e-06,0.00088398359176264,4.401217509508235e-06,0.9990802130211575,2.9445358060710073e-05
6,mlp,13101,3,3,5.878985345226325e-06,3.294900391436037e-06,2.557098724261054e-06,0.9465985554187744,0.0011224483449635222,0.004665955191891931,0.04760131005990938
6,mlp,3651,1,1,1.8165496812041847e-06,0.999986311786265,1.1377850689784335e-05,5.156302693031057e-22,4.868129218699309e-07,7.000442259400544e-09,4.899782831546734e-21
6,mlp,11280,3,3,3.76399999094074e-09,1.6739740928769466e-08,1.9669242438683957e-09,0.9990761612128528,5.467133319822432e-05,0.00026714347133325087,0.0006020015119504587
6,mlp,11988,3,3,4.4681530512315323e-07,6.363287365469712e-07,2.715986404516748e-07,0.9290396220640061,0.00022739930318782414,0.06404663836934342,0.006684985520780493
6,mlp,810,5,5,9.050117119548317e-08,1.8865943426535478e-07,4.9394578792324364e-08,1.2193056550219782e-05,3.9330168056761453e-07,0.9999861935388413,8.915477436854671e-07
6,mlp,1986,5,5,0.0006556068237927624,0.00013767917017756928,0.004177394698464341,0.00012870011809167556,0.00010074389792252151,0.9910300620519448,0.0037698132396062215
6,mlp,6457,4,4,0.008007419254443838,7.648678170644252e-06,0.14257253535817402,0.00011172615987845408,0.6414898826309917,0.002040770315992447,0.20577001760234895
6,mlp,729,5,5,3.5570824654388276e-07,5.517734002820213e-07,3.8392458489102426e-07,0.0001842718099860131,2.5008487419874693e-06,0.9997953073336004,1.6628601439675878e-05
6,mlp,627,5,5,8.427328193397509e-07,7.700584116341124e-07,6.864343237296136e-07,0.0004437925036368258,5.416676885252933e-06,0.9995169902032377,3.1501390685596385e-05
6,mlp,4455,2,2,0.0063276948240918425,9.318378027436919e-06,0.9917123472334282,2.602045498707361e-08,0.0018325204752194712,0.00010174114923305853,1.635191954511021e-05
6,mlp,11591,3,3,8.013756526900852e-09,3.5018595713786364e-08,2.9728423816218506e-09,0.9989860575543632,0.00010703041838930983,0.00017845728355636944,0.0007284087384966352
6,mlp,3456,1,1,0.00020903098606132235,0.9997533138127622,3.44263378335394e-05,1.2471255891673174e-18,3.0655583727794195e-06,1.633049700292616e-07,4.304870739381306e-18
6,mlp,10394,3,3,7.458091602875537e-11,1.2072275954573526e-09,1.2800684772955267e-11,0.999933030613197,1.7556592941943692e-05,5.451554626201661e-06,4.3959944625657464e-05
6,mlp,10446,3,3,6.58351518659868e-11,1.0452227479547555e-09,2.226050141891042e-11,0.9999221523706574,1.8124790514668544e-05,1.6709137979081142e-05,4.3012567530262044e-05
6,mlp,10155,3,3,2.2618389507016905e-12,1.5441001867875687e-10,3.7479302408846685e-13,0.9998207254014462,0.00017452512875068744,2.5503688891106115e-07,4.4942758674557504e-06
6,mlp,7568,6,3,0.0001062652862690214,1.0273786484883436e-05,8.334054194593288e-06,0.5183010140637523,0.002880557280736589,0.0035345705306193773,0.4751589849979432
6,mlp,4595,2,2,0.00011764489808015865,1.4151509129065444e-05,0.9995652837183263,3.5258995687314614e-09,0.00022304883923097114,6.284923529114598e-05,1.701827404285612e-05
6,mlp,11352,3,3,9.632913897009384e-08,1.4541443700160653e-07,1.9147722536818755e-08,0.9961887073422164,0.00016542161554528904,0.0009128517490875049,0.0027327584018522113
6,mlp,11324,3,3,6.052134079111944e-09,2.880930327909553e-08,1.2195335929107763e-09,0.9988801150216028,0.00031209017265211434,2.7528944042697105e-05,0.0007802297807315058
6,mlp,2867,0,0,0.9990557557046673,2.537562584232041e-05,0.0008268821451833675,9.356801109416573e-09,4.4970512796299054e-05,4.5346245920667953e-05,1.6604087890460524e-06
6,mlp,9503,6,6,0.00028110168724614684,4.046809761526729e-06,0.00029634601700715096,0.002606908342914712,0.0026768924024585263,0.0032814801809179757,0.9908532245596939
6,mlp,5477,2,2,4.483653091385763e-05,0.00014716738575783753,0.9996437660298919,7.499962774656212e-13,0.0001602690016461283,3.958372338821078e-06,2.678701281323064e-09
6,mlp,5974,4,4,0.0001506169318849536,2.199620804882288e-07,0.00027214414575917257,0.00018690482524913677,0.979018547537959,4.801572746457723e-05,0.02032355086960282
6,mlp,3855,1,1,5.845817824909835e-09,0.9999999869321006,2.6217328371212155e-09,6.200325088213721e-28,4.5878816892612425e-09,1.2467104200514841e-11,2.8052344450894805e-28
6,mlp,9924,6,6,0.23782920402314875,0.00012619003766956038,0.04178730513325119,0.0004387073460342059,0.002018836622031611,0.021047514879291254,0.6967522419585734
6,mlp,2858,0,0,0.9926820088201819,5.644922319586158e-05,0.006867833342614571,1.617387942536824e-08,0.0003358702293270545,5.6246715792612265e-05,1.5754950086817782e-06
6,mlp,6638,4,4,2.662055467281044e-06,5.5347900673623904e-08,3.156582339789241e-06,3.25974589353897e-06,0.9997239645719677,2.1845387258712913e-06,0.00026471715770523947
6,mlp,3430,1,1,0.00016949107949875984,0.9992302013661897,0.0005871731342996544,2.7975070438422456e-18,1.2797625887408608e-05,3.3679412461032823e-07,6.733221163144595e-17
6,mlp,3247,0,0,0.9999481473640387,1.1569085356163929e-05,5.729138028952026e-06,8.744931082629657e-11,3.181741263096617e-05,2.736794639966397e-06,1.178558160768155e-10
6,mlp,12375,3,3,2.2656793251136873e-07,3.9078763253914087e-07,3.4626262567564616e-08,0.9928394156716186,0.0007250653596492117,0.0001439093141555099,0.006290957672749149
6,mlp,6109,4,4,6.9849630348781415e-06,3.0016213164485165e-07,4.665051470731812e-06,6.976212121008175e-05,0.9960464355603424,1.6115271791773892e-05,0.0038557368700184993
6,mlp,7123,4,4,0.0017078076063854108,1.6415832189713583e-06,0.0013231546869153228,1.1341634089242346e-06,0.9969217478427242,2.5637739914183534e-05,1.8876377432849487e-05
6,mlp,10902,3,3,1.337742714614809e-08,2.8281635840811263e-08,1.6960733374034289e-09,0.9983747395397516,0.00013294899497503254,8.393520185190233e-05,0.001408332908285256
6,mlp,1353,5,5,0.000458412485478632,0.00011421589861283951,0.0005840690894103738,0.06820367673609525,0.00131875388499459,0.900096335434673,0.02922453647073533
6,mlp,8720,6,6,0.0002059453438198791,6.992270170440695e-06,0.00011750871319730566,0.01536433749226712,0.007103343119363803,0.001208385686451761,0.9759934873747297
6,mlp,261,5,5,6.571382082819509e-09,3.7338169367298636e-08,1.5718788085000797e-08,3.268048506576709e-05,1.7970434768819084e-07,0.9999667211978932,3.5898435364135404e-07
6,mlp,4959,2,2,0.0003316848899159415,6.244826416217815e-06,0.9983851063556245,1.4624561556424476e-10,0.0012635759180801625,1.2682875040890633e-05,7.049886765527355e-07
6,mlp,9239,6,0,0.7641558047094921,0.00012006396220008696,0.001340492733577118,0.004326406356277525,0.0027223359874690802,0.015383626032206478,0.21195127021877755
6,mlp,4330,2,2,0.003018611417458135,5.736757059732047e-06,0.9952716926496995,2.9006922164758378e-08,0.0015939357223588686,7.748842942497858e-05,3.2506017076736364e-05
6,mlp,2114,0,0,0.7640502085077991,0.00014861715400646874,0.026680543500873694,0.0002660248316300378,0.007723924141462879,0.008064560719655299,0.1930661211445724
6,mlp,7526,6,6,4.1837826077454155e-05,8.017799118789019e-06,1.079861054638856e-05,0.49006365984998607,0.010794354042302397,0.0012933021786926211,0.49778802969327635
6,mlp,9220,6,6,0.001563875423194896,4.882890273806837e-06,0.0004962738584075073,0.0010319042204797167,0.002059637338278036,0.0005784931418490953,0.9942649331275168
6,mlp,11088,3,3,2.367786161346684e-09,1.532506881618992e-08,6.338380231642624e-10,0.9995116357931142,4.966946703806074e-05,6.268371857595111e-05,0.00037599269457875976
6,mlp,5985,4,4,6.514750720319865e-08,1.0037225133127758e-08,6.782545959067902e-08,9.846858065886279e-06,0.999732496443806,8.935089378399274e-07,0.00025662017899824515
6,mlp,7701,6,6,7.79951741085456e-05,1.1181582542409576e-05,2.2037440352976098e-05,0.4194045410371759,0.013482444042570483,0.0022169266458483385,0.5647848740774013
6,mlp,6256,4,4,1.973520756172489e-07,2.9812957712140416e-08,1.8859055701193266e-07,1.5075766318148015e-05,0.9995873703925646,2.3241073774923433e-06,0.0003948139781493795
6,mlp,12243,3,3,2.5212980861430955e-08,8.047346756894968e-08,1.1372398840919391e-08,0.9981718358731759,0.00017951124621335465,0.0004163759331598386,0.001232159888603815
6,mlp,7202,4,4,0.0013216415044824065,9.709746814213687e-07,0.17654501330101827,3.579096421647853e-07,0.8218391284698628,0.0001491749027407652,0.00014371293757218446
6,mlp,6911,4,4,4.694916142967003e-06,1.1048752771125789e-07,1.616170275561142e-05,1.6918560159004232e-06,0.9994829018283468,4.184323854089711e-06,0.0004902548853570979
6,mlp,13197,3,6,0.00015961385001428969,5.077842549677071e-06,1.0652558569414238e-05,0.07963460397466902,0.004671986093909817,0.001361837060841999,0.9141562286194457
6,mlp,3387,1,1,0.002483264015539685,0.9926265095068803,0.004833080794401554,1.4184609296577404e-16,5.42195308817578e-05,2.9261522923915403e-06,4.2755019979730675e-15
6,mlp,6949,4,4,4.189689740200465e-05,3.6403156628550196e-07,0.000363435702365489,1.1175672449624248e-06,0.9995127080185477,4.930324886711229e-06,7.554745798672561e-05
6,mlp,8207,6,6,0.0002441002993388575,1.2781802241923014e-05,2.354988199097048e-05,0.056881545116601734,0.2533380547677239,0.0012518184797792279,0.6882481496523234
6,mlp,3138,0,0,0.9984110677139131,0.00019854621247129863,0.0012727006754418588,2.935175071688054e-09,7.110386623984601e-05,4.651101065395877e-05,6.75861047320682e-08
6,mlp,1075,5,5,1.928198139952256e-06,1.940923573568171e-06,2.7349069673499354e-06,0.0005508002831331006,1.0425520002093484e-05,0.9993124127020405,0.00011975746614339785
6,mlp,10410,3,3,4.3033155551023034e-10,4.516672122688425e-09,3.817856407804738e-11,0.9992436564219515,0.0005425636467194994,2.294101151304284e-06,0.0002114808449956028
6,mlp,3996,2,2,0.10800643407624178,3.880085885758704e-05,0.8844174846053352,2.446763979218561e-06,0.0045318287362138415,0.0014478438625560247,0.0015551610968163002
6,mlp,4507,2,2,0.006378672286626354,2.1732683739309e-05,0.9932754921973314,6.845835451591167e-09,0.00022088876097331532,7.156568558822673e-05,3.1641539905903396e-05
6,mlp,11831,3,3,1.4167486980254877e-07,3.3732926277595517e-07,2.3434421232936835e-08,0.9790885851715677,0.006641163679284581,5.607303116034426e-05,0.014213675679433666
6,mlp,12271,3,3,7.57396995338188e-07,6.23167015456001e-07,6.682032498308646e-08,0.9771133926297267,0.0007219989176550003,0.0002054592074475962,0.021957701860834927
6,mlp,3109,0,0,0.9997924372238598,0.00011772169424724195,1.8009944482254304e-05,2.2735520364232684e-09,9.824443589020125e-06,6.199386073640746e-05,1.0559533002462556e-08
6,mlp,1810,5,5,7.270539417392788e-05,4.504202993021438e-05,0.0008165703225734506,0.0015079450307058,8.08598002718417e-05,0.9943135516950428,0.003163325727301905
6,mlp,11143,3,3,7.980792358409748e-09,5.4870684175850684e-08,9.700856067251361e-10,0.9957312859235957,0.0032690244433329282,1.2792147688573538e-05,0.0009868336638205548
6,mlp,5041,2,2,0.06570758593930677,0.0001969507684631112,0.9296223343351664,3.046290684955e-09,0.004284028418005913,0.0001704354861515827,1.8662006615654685e-05
6,mlp,6025,4,4,2.4324670427910558e-05,1.6063662471302314e-06,1.8426587279234045e-05,0.0002999560173697378,0.9929682579439332,4.688026122619453e-05,0.006640548153516799
6,mlp,8897,6,6,0.0006160170873990499,1.1755800638423066e-05,0.0001674054475336742,0.0144861311083251,0.0007517839561703251,0.003562563125577722,0.9804043434743556
6,mlp,11261,3,3,2.3190902066486484e-09,2.5802702132603865e-08,4.0918199141162125e-10,0.9988528718344496,0.0006226991764696581,8.185780353266345e-06,0.000516214677753095
6,mlp,7852,6,3,0.0001167816282364047,1.6598277060958068e-05,2.8053552840019115e-05,0.5736245376541002,0.003928943516555852,0.004488751068611829,0.4177963343025949
6,mlp,2982,0,0,0.9973627281217851,0.0002759071819399108,0.002109029668538367,1.2102709698890762e-08,8.421299048985664e-05,0.00016751164718022482,5.982873567833103e-07
6,mlp,3614,1,1,5.086386774546377e-06,0.9999933365424954,1.307351640665063e-06,2.2809116264993785e-21,2.5903004789842383e-07,1.068904130764122e-08,4.743000002902567e-21
6,mlp,12705,3,3,1.3384993074031467e-06,1.0325096323640747e-06,2.8504915115158223e-07,0.9668732368432317,0.0003455461132968771,0.0021825519149056144,0.03059600907047504
6,mlp,12917,3,3,4.804172383809547e-06,3.090589174863552e-06,9.160447708079912e-07,0.9157046258873808,0.005503526082621578,0.0005941407834439983,0.07818889644022403
6,mlp,175,5,5,1.7704241991638156e-08,5.391252454198758e-08,3.267697414971459e-08,0.00010444599572361767,4.92648807214833e-07,0.9998935991616928,1.3579000355973102e-06
6,mlp,5078,2,2,0.0007981902368675241,1.854986561909893e-05,0.9989826003340818,3.0324087065252244e-10,0.00018074997013042783,1.9465344410990034e-05,4.439456492963796e-07
6,mlp,4029,2,2,0.0032032617751067993,3.880550986768101e-05,0.9924959055337115,5.933976989482518e-07,0.0011544191924131838,0.0005599048293685769,0.002547109761833414
6,mlp,1695,5,5,1.6768648726500525e-06,5.701312109789297e-06,1.5228087584327529e-05,0.00032681105300655974,1.0225149092201829e-05,0.9994891206914864,0.00015123684184806664
6,mlp,1263,5,5,7.064062003008711e-07,1.3435460735625295e-06,4.96428711986659e-06,0.00029637523094554983,4.298010826636877e-06,0.9996482866330394,4.402588579464739e-05
6,mlp,2445,0,0,0.9993600861306544,1.2364386894531002e-05,0.0004242817893692373,2.2065080394824492e-07,0.00010582105528716387,7.539787774830078e-05,2.18281092424437e-05
6,mlp,4446,2,2,0.0002766359766718048,1.7640114495390334e-06,0.9994311395404069,2.771286909711932e-09,0.00026127610799312205,1.9646660972758624e-05,9.534931218811913e-06
6,mlp,6469,4,4,0.0005689491290729994,3.101562905697631e-06,0.0016000861042845733,6.561122651559183e-05,0.9498349864599077,0.00016327589910441125,0.04776398961820883
6,mlp,160,5,5,6.503062113237016e-09,2.3103374871486066e-08,1.4232733138305376e-08,4.980956795759247e-05,2.0768353845838227e-07,0.9999492648203372,6.740889965077872e-07
6,mlp,13136,3,3,4.091450633688529e-06,2.5254962877968937e-06,1.144436226671956e-06,0.9497990603426113,0.0035167686365213786,0.001035805965087801,0.045640603672631216
6,mlp,10179,3,3,2.4744707962331145e-11,5.937612550260214e-10,2.411180062857729e-12,0.9999549466005657,2.582977575016117e-05,9.247192959676569e-07,1.8298283470952474e-05
6,mlp,9154,6,6,0.0015028033913595227,6.324667708260037e-06,0.0007739093179722824,0.0016294866646295073,0.0035846486999085766,0.0005546429868937934,0.9919481842715281
6,mlp,931,5,5,2.8762875456338826e-07,8.106768196837378e-07,1.4428052934575424e-06,0.0004003199494173886,3.7118621319070066e-06,0.9995675786251381,2.5848452445010487e-05
6,mlp,10241,3,3,3.3486531471569605e-12,1.7514698340022336e-10,5.972679504572085e-13,0.9999537255657163,4.0952898932524064e-05,4.997957025617401e-07,4.821560555624202e-06
6,mlp,6208,4,4,1.142833523872897e-06,6.8472193928443e-08,2.0264841447077368e-06,1.5208552727528522e-05,0.9991472221274347,3.5552504566956672e-06,0.0008307762795183569
6,mlp,12800,3,3,4.6180332309913886e-07,6.276574466750623e-07,1.4379369445748488e-07,0.9893288373705234,0.000639655612266282,0.0010218287384220247,0.009008445024324185
6,mlp,2848,0,0,0.9953637141018111,0.0002806374207518002,1.7933587167643838e-05,2.401252277473867e-08,1.1074865524035104e-05,0.004326464037369816,1.5197485268110997e-07
6,mlp,9770,6,6,0.003650366299586094,1.2611574568400164e-05,0.0049865607826413616,0.0008394340091896418,0.0008342437777212125,0.010582174521689962,0.9790946090346032
6,mlp,13224,3,3,1.0910921891361388e-05,4.117434992737241e-06,1.3458588813327231e-06,0.8154589838297853,0.003483071616261928,0.0010686507551902903,0.179972919582997
6,mlp,11569,3,3,1.8827965531714795e-08,5.453607580375403e-08,4.6968578870880366e-09,0.9975341782494717,0.00027264150379056683,6.662569776805604e-05,0.0021264764880703025
6,mlp,5627,4,4,6.245898929303452e-08,5.3115057011904146e-08,3.847219740621635e-08,0.00025411621882183693,0.9994008494995199,2.3740621652482935e-06,0.0003425061732492787
6,mlp,7046,4,4,2.1255132056413194e-05,4.04176280266868e-07,0.00017208722787952815,1.4931430240373353e-06,0.9992722961541582,1.0400223671426594e-05,0.0005220639429300487
6,mlp,10,5,5,1.272993845093622e-08,2.3991707142385917e-08,2.026841490521089e-08,0.0008596889467354064,1.3326665970884976e-06,0.9991349336523996,3.987744207350753e-06
6,mlp,1929,5,5,4.901791895719823e-05,3.2010527359469136e-05,0.0005977444897765828,0.00013622172848357835,2.6342448179931338e-05,0.9981978969031711,0.000960765984072226
6,mlp,10352,3,3,8.099440414717755e-10,4.165299624796337e-09,7.204881172226675e-10,0.9968426628217607,2.4969071075488645e-05,0.0030031722725901004,0.00012919013884203764
6,mlp,8196,6,6,0.0002667610211158783,1.2772728958106746e-05,4.694570199424477e-05,0.05138069502745908,0.00913057555361206,0.0010619840650983208,0.9381002659017624
6,mlp,7532,6,3,3.313574003635316e-05,7.948150736670283e-06,6.239541158340226e-06,0.6555263930335287,0.0213709284448347,0.0014391540205824882,0.3216162010691227
6,mlp,8695,6,6,0.0002996212089862923,7.844169561574845e-06,0.0001305462365849224,0.022341484702559485,0.005378263867153824,0.002114605973719506,0.9697276338414343
6,mlp,8497,6,6,0.0001581176009765169,2.417226259537645e-06,3.254705806565314e-05,0.0049502601876648305,0.004778624029136701,0.0004997913927007508,0.9895782425051961
6,mlp,2173,0,0,0.9980580375747508,4.1437012149929686e-05,0.0007649513631810933,5.989087525627646e-06,7.174616323331142e-05,0.0007701105548605223,0.00028772824429874595
6,mlp,227,5,5,6.578967869230928e-08,1.5232423912939432e-07,1.294403308067173e-07,0.0006457607725952372,2.459520930127847e-06,0.9993389053182359,1.252683399011506e-05
6,mlp,3641,1,1,3.856061210786855e-06,0.999974223621548,2.1023452296173345e-05,8.687917440867135e-22,8.870453526843854e-07,9.819592429035211e-09,1.074800255862186e-20
6,mlp,7112,4,4,4.104529561899028e-06,5.2895044457089034e-08,0.0001476009675644507,1.2797896537176286e-07,0.9997310745664395,1.7939425650168816e-06,0.00011524511985910314
6,mlp,8310,6,6,0.0006590250967251034,6.494662298514708e-05,0.0012248893542653335,0.19760750992122778,0.00464358855356531,0.15518750400638695,0.6406125364448444
6,mlp,2685,0,0,0.9991086804782471,0.00011408953952834522,3.455948664544808e-05,7.550080198660353e-08,1.7891026477131257e-05,0.0007239426517912405,7.613165089434929e-07
6,mlp,7321,4,4,0.00010775404094114751,3.757897342810291e-06,0.015209679866448302,1.6269105095310858e-07,0.9846202984026099,1.975156769819694e-05,3.859553390871944e-05
6,mlp,13195,3,3,4.65568522218144e-05,3.0156426310634367e-05,8.671675848333659e-05,0.4875167019542697,0.001216275953947992,0.4604623181868208,0.050641273867945556
6,mlp,965,5,5,6.76643839130919e-07,1.0271790010940552e-06,2.8294465309094554e-06,0.0007238648015442786,6.089377541110889e-06,0.9991814210291986,8.409152234499491e-05
6,mlp,4841,2,2,0.000822782885116645,6.295735389889433e-05,0.9987442684614438,2.082031069298543e-09,0.0002511737282253523,0.00010854065844695923,1.0274830837074937e-05
6,mlp,1363,5,5,6.43341620120868e-08,2.0989036097573607e-07,2.3702159972975577e-08,6.365591957437512e-07,7.898332329734192e-08,0.9999989286509074,5.787989055831058e-08
6,mlp,4657,2,2,0.0004796474809776803,2.147928885639474e-05,0.9994031293366505,1.532422871931245e-09,5.3321023439050485e-05,3.3726570758782076e-05,8.69476689443109e-06
6,mlp,4277,2,2,0.0016590236552565718,4.246767104695535e-05,0.9754387326091285,1.5726367873577853e-07,0.021685306383981518,0.000751152559305758,0.0004231598576019766
6,mlp,9311,6,6,0.00045009676883783816,4.66421194794088e-06,0.00038558797574496644,0.003635712014040072,0.0026864082595655335,0.0019857237011016893,0.990851807068762
6,mlp,8073,6,6,0.0004961189786041935,2.0996988626641933e-05,0.0003950578499136328,0.11710318262725315,0.003541410110417053,0.021239178034836576,0.8572040554103487
6,mlp,6985,4,4,1.0364676728507949e-07,1.4215966875051861e-08,4.928672155910238e-07,6.482348106574407e-07,0.9999257456647764,8.088148432537686e-07,7.218655561973553e-05
6,mlp,11310,3,3,3.498784664216979e-09,1.7668235588433665e-08,1.7107677059612042e-09,0.9991424342580366,4.892606347722858e-05,0.00027492199658571355,0.0005336948041124698
6,mlp,8025,6,6,0.00019297224218930306,1.263203905988695e-05,6.532729422794876e-05,0.06966477562945483,0.01142697586532907,0.0009414137226228078,0.9176959032071162
6,mlp,3294,0,0,0.9957024850670787,0.0007889433028046526,0.003319963427136782,3.477441203034819e-10,0.00014503346620723181,4.3563877124434956e-05,1.0511903833397193e-08
6,mlp,7838,6,6,0.0006024579719159207,8.625935936290537e-06,4.955161280032583e-05,0.06912730818733204,0.0019753836640687555,0.0017485490859078562,0.9264881235420388
6,mlp,3355,1,1,0.0035973554326689723,0.9949823484733245,0.001382671712331214,2.467815297504786e-15,2.7427927295351196e-05,1.0196454316790336e-05,6.07076985968746e-14
6,mlp,1103,5,5,8.43464626559156e-07,1.1993060019552045e-06,2.30178614339655e-06,0.00018731632793721217,3.3011557200476673e-06,0.9997801673310702,2.4870628500622268e-05
6,mlp,1445,5,5,0.000852484470453444,6.401471525992105e-05,0.00038721107415308183,0.023837366782574188,0.0005741811458041405,0.9242161288264158,0.050068612985339364
6,mlp,12045,3,3,1.0462757340867706e-06,5.534000238970155e-07,5.627278813144516e-08,0.9574830309417134,0.0034774678580964478,9.527792282026488e-05,0.03894256732882379
6,mlp,4727,2,2,0.0025938773310026906,1.9962084629065562e-05,0.9970988908356153,2.012045896750074e-09,0.00023118672476436054,4.6528024365692324e-05,9.55298757690557e-06
6,mlp,87,5,5,1.7806556545615939e-06,5.587424607430921e-07,4.930154579090146e-07,0.008313569339024185,2.474159535117748e-05,0.9913356260473533,0.0003232306046981896
6,mlp,1105,5,5,2.4348312167390165e-06,4.542571773358345e-06,1.4887683983051456e-05,0.003886672782496432,3.337655013802803e-05,0.995670151675772,0.00038793390462041403
6,mlp,9661,6,6,0.025779560534343212,6.670305826452709e-05,0.022297662433374228,0.0009695537916902023,0.0011837331014143474,0.04372960909999849,0.905973177980915
6,mlp,1313,5,5,5.147614520808603e-06,5.5918410462018535e-06,2.5972390794762397e-05,0.0018269364171881186,2.8925603193337504e-05,0.9976078259616481,0.0004996001716085751
6,mlp,11328,3,3,2.8019425769413148e-08,1.0616922145070037e-07,3.638555328472502e-09,0.996575869896118,0.0010374212061373424,2.9303007429821356e-05,0.0023572680631121327
6,mlp,4204,2,2,0.007515003928741999,7.672283032360511e-05,0.7235950004091117,6.102836421324616e-07,0.26502349485122284,0.0009953548757303437,0.0027938128212271433
6,mlp,10004,3,3,2.394702021579181e-13,1.0254542084600233e-11,1.1623917514418766e-13,0.9999941920721801,2.0673999929313617e-06,1.9006725518127446e-06,1.8398446649461154e-06
6,mlp,356,5,5,1.7323077998947587e-07,3.5380217802013235e-07,8.072324675813135e-07,0.0019012305269841922,6.181383644511914e-06,0.9980456850602073,4.5568763738427476e-05
6,mlp,4762,2,2,0.00021767591484404947,2.3279359047700952e-06,0.9996161205866223,6.591209671019435e-10,0.0001504447959725906,1.1540973567725052e-05,1.889133967380121e-06
6,mlp,7041,4,4,3.352863782853946e-05,1.4520669719991412e-06,0.01585924165906838,1.646341119304735e-06,0.9836580696872649,2.2312857711175795e-05,0.0004237487500356487
6,mlp,9059,6,6,0.00018327553527176194,4.0061345228294605e-06,8.240008308799517e-05,0.0029292840824375077,0.053505589093819486,0.000644350523919778,0.9426510945469405
6,mlp,994,5,5,1.2965733121175715e-06,1.4535268626426314e-06,2.963648659288774e-06,0.0005062624749854831,6.349517703183243e-06,0.9994225744473082,5.909981116918077e-05
6,mlp,3577,1,1,1.1870817093590313e-05,0.9999540402838666,3.3307444796487346e-05,1.425233427112644e-20,7.06808872424497e-07,7.464537120580394e-08,7.489392993735662e-20
6,mlp,5494,2,2,0.0026190027564317853,0.006297650798606628,0.9909368249813677,4.2205968400996403e-13,0.00011362654740388963,3.289366538770596e-05,1.2503800618270487e-09
6,mlp,5238,2,2,1.798855250690573e-05,8.535122128559285e-06,0.9998622591170597,2.277657568250986e-11,0.00010747448443110917,3.664618115504763e-06,7.808298161086892e-08
6,mlp,7806,6,6,8.5423100912756e-05,3.803467641328122e-06,9.067790498331849e-06,0.053949716644395566,0.007335174634574559,0.0007125979571503665,0.9379042164048271
6,mlp,6080,4,4,1.8521348173226633e-05,5.019477979032291e-07,4.4950959439599744e-05,0.00010843784129139432,0.9872229574146757,3.0645991837740785e-05,0.012573984496784542
6,mlp,6070,4,4,5.5365714492546445e-08,9.684717831731262e-09,1.6388458405445526e-07,6.473756202073885e-06,0.9998695243605201,7.029509781080536e-07,0.0001230699972832861
6,mlp,7088,4,4,0.07095005122328338,4.414609986337164e-06,0.2639088626493727,7.995606959781149e-06,0.6634362742813926,0.001069100079214898,0.0006233015497902409
6,mlp,4885,2,2,0.007832125575677362,0.0001168849822403558,0.991531943195194,2.6995890613511587e-09,0.00040916303792599686,9.381688740831028e-05,1.6063621965021646e-05
6,mlp,2268,0,0,0.9991555211023889,2.6430342368008248e-05,0.000388518596212414,1.401291453363475e-06,0.00019674386198149303,0.00019471274453520862,3.667206106091581e-05
6,mlp,13509,3,3,0.0001014022974238478,1.5235229695869988e-05,7.608412355787082e-05,0.5719652532154886,0.006209036646928421,0.01942405906872368,0.4022089294181817
6,mlp,10158,3,3,7.228005930390958e-11,7.063661265507719e-10,1.2088857287167945e-11,0.9999130457669623,2.4400449794778924e-05,6.327765783729664e-06,5.6225226723990715e-05
6,mlp,8445,6,6,0.020037813443786318,9.440392477935102e-05,0.0008177149714722495,0.03661023466881812,0.002986019160087034,0.026489420930787436,0.9129643929002694
6,mlp,8301,6,6,0.00040616895808309565,1.3644970486497824e-05,7.859740858326e-05,0.033152617152044025,0.009027466682944974,0.0011345818626985768,0.9561869229651595
6,mlp,1152,5,5,1.842768894285162e-06,2.6387566940594747e-06,3.987604585298805e-06,0.0015988425498857058,2.0819818818825513e-05,0.9979917551238466,0.00038011337727497993
6,mlp,13536,3,6,0.00013257970880867288,1.261405709755085e-05,5.6623946749015864e-05,0.2011997572715778,0.0049337866556630515,0.0026814951845166293,0.7909831431755873
6,mlp,12237,3,3,1.1134748795749405e-07,1.9741035006487374e-07,4.330788352907006e-08,0.9933415399075176,0.00015212391873923616,0.0010431505959997511,0.005462833512021918
6,mlp,9513,6,6,0.0076895662470936,3.299269189901986e-05,0.0028274002090215105,0.0019297802914126235,0.0011437623814506872,0.030881423650171054,0.9554950745289515
6,mlp,4101,2,2,0.06426151425293891,0.00021446673739447338,0.929249598911832,6.35714596721947e-07,0.0003281067649816852,0.004122222443807509,0.001823455174448927
6,mlp,9763,6,0,0.992946790201472,2.8999865969857093e-05,0.0002005537818883879,0.00017464654442328663,0.0040030879160801655,0.0016935737771707237,0.0009523479129956344
6,mlp,1581,5,5,0.0001373781288318885,2.5734168825965992e-05,8.10084783909375e-05,0.0006787857300278622,5.850875018134031e-05,0.9984087387273569,0.0006098460163851153
6,mlp,6944,4,4,0.00035357480495905666,1.5865381108622532e-07,0.025006057044647374,5.762482385407207e-07,0.9743467174122086,2.033043143745343e-05,0.0002725854046980302
6,mlp,9231,6,6,0.00041638226334147425,2.729913652407106e-06,0.0005533168249600198,0.0010119513252364299,0.0018760636005545957,0.0005741369038608369,0.9955654191683942
6,mlp,5605,4,4,1.0416081089408678e-06,2.1596210015811342e-07,2.3946918950207093e-07,0.0040646156848079245,0.9775067864769613,2.4533968123802022e-05,0.01840256683070845
6,mlp,11573,3,3,1.2155661073120013e-07,1.3514840622929272e-07,1.7399746919752306e-08,0.9926449578789184,0.000305044230502129,0.0002024997864546426,0.006847223999360854
6,mlp,1808,5,5,7.097379597957022e-05,4.241700628880107e-05,0.00022989116049139364,0.0012697183912419119,8.753711209765166e-05,0.9951817143371662,0.0031177481967345454
6,mlp,6268,4,4,1.1385378625087788e-05,4.2453159275355133e-07,4.7074621195936856e-05,3.628000363502047e-05,0.9975823650695336,1.4211576979220188e-05,0.0023082588184382136
6,mlp,3913,2,2,0.014040552858928431,8.226408979014751e-05,0.7729513252794846,7.834942582211821e-05,0.13842331246366535,0.0022358703630387723,0.07218832551927065
6,mlp,9975,6,2,0.29156826786776985,7.189078740639251e-05,0.3078612613605984,0.0001825524411062702,0.18498367215588787,0.0036423492238034636,0.2116900061634278
6,mlp,4625,2,2,0.004996612172565029,4.6160049139893426e-05,0.964341697552318,2.113133602325975e-08,0.03041531929541142,0.0001731352785955013,2.7054520634275975e-05
6,mlp,5198,2,2,7.449872101276866e-06,3.9820695357680866e-07,0.9994164023162397,4.975216825135174e-12,0.000574688197543063,1.0508704900005568e-06,1.0531697193931501e-08
6,mlp,3450,1,1,3.392886792228294e-05,0.9997090827307524,0.0002538247443043341,1.055569493535204e-18,2.9021493715005285e-06,2.615076493599006e-07,1.673297711485571e-17
6,mlp,9295,6,6,0.0015083391068280872,6.02418738577371e-06,0.0010527758572876657,0.0013824101515427078,0.000720374093941738,0.0019666844331211585,0.993363392169893
6,mlp,3283,0,0,0.9998918118360555,9.411951433863254e-06,5.541427585012541e-06,5.282088816831452e-11,9.028885921326201e-05,2.9457854069149756e-06,8.748461012446787e-11
6,mlp,3268,0,0,0.9999860466538913,3.616757383856668e-06,1.2832153379746555e-06,3.892054116647599e-11,7.353870695230549e-06,1.6993413276272843e-06,1.2244355809404397e-10
6,mlp,5289,2,2,0.0010985464660583266,7.992519756418705e-05,0.9985209934318809,1.0278841179077607e-10,0.00027888736519063166,2.148614761096419e-05,1.6128890625931941e-07
6,mlp,1942,5,5,8.042234458255045e-05,4.292617678354352e-05,0.00029544517236531855,6.923048764728988e-05,2.3213080711464526e-05,0.9990990638308778,0.00038969890703197124
6,mlp,9881,6,6,0.012442472698048174,2.3292691368121237e-05,0.03596293994901089,0.00041058992729964137,0.005951748528447964,0.0015049261957036386,0.9437040300101217
6,mlp,195,5,5,6.411920195112108e-08,1.5998524888479994e-07,3.0348197931310927e-07,0.00195518980277368,5.2351632773465804e-06,0.9980063094391693,3.273800834970561e-05
6,mlp,317,5,5,4.1704305261828666e-07,6.978984072350016e-07,9.984759308000243e-07,0.005333057845081585,1.699383880329289e-05,0.9945201926624561,0.00012764223626845402
6,mlp,4499,2,2,0.01224322413771382,0.00026617632912937937,0.986674261338851,2.746995738847542e-08,0.0001609932201015681,0.0005805750644522998,7.474243979452904e-05
6,mlp,9244,6,6,0.0015775110428477034,8.112756973109034e-06,0.0009507604061032454,0.002163368569904017,0.0009386461838710551,0.0028576306324725066,0.9915039704078284
6,mlp,410,5,5,1.1190304590727714e-06,1.0989176612008554e-06,4.0640192037547215e-06,0.009118210925920488,3.1569181227861015e-05,0.9904620198635824,0.000381918061945146
6,mlp,2061,0,0,0.9858258306175395,7.814594211784743e-05,0.001045418717244744,0.00028916021051017716,0.0004720421673229357,0.0026039713268573204,0.009685431018407221
6,mlp,3139,0,0,0.9995228280862218,1.1663954830027065e-05,0.0001588169899274798,6.920227884017974e-10,0.0002979901560136866,8.678651012224974e-06,2.1469972217046125e-08
6,mlp,12227,3,3,1.6767288569893263e-07,2.615826797099411e-07,2.3400511547055943e-08,0.9920668041475655,0.00048278911674017006,0.0002334068539718709,0.007216547225645319
6,mlp,3290,0,0,0.999985588378975,5.552833601983237e-06,1.9758230231133863e-06,1.139743092789883e-11,5.816529449487589e-06,1.0663182980004065e-06,1.0525487176963382e-10
6,mlp,4383,2,2,0.015303124764100109,5.395539102464458e-05,0.9827121266756446,2.9595450982861406e-08,0.0015649840828667568,0.00023901537952260537,0.0001267641113901463
6,mlp,7799,6,3,2.972599622924052e-05,9.416346462007571e-06,6.994944337768676e-06,0.760117597816844,0.004009204419511908,0.006408086506009076,0.22941897397060618
6,mlp,631,5,5,8.299517051557607e-07,2.090951855530721e-06,9.730952892271523e-06,0.03814665462487755,8.54173270622446e-05,0.9606896971737561,0.001065579017851158
6,mlp,2940,0,0,0.9985417598460482,6.015339129527631e-05,0.0012675833324724993,9.220838866420883e-09,6.690610020068636e-05,6.291928232971931e-05,6.688268149205264e-07
6,mlp,2149,0,0,0.9993568513971962,2.7167820302929223e-05,4.2040442918069535e-05,6.542958283781413e-06,0.00031532042500277056,0.00023756894767484017,1.450800862136402e-05
6,mlp,8215,6,6,0.00023502794123185725,7.296720595833204e-06,0.00014939613692999503,0.05317252942684899,0.0020201903412170232,0.0032269874871005085,0.9411885719460759
6,mlp,3237,0,0,0.9998302903366365,2.5868384208880867e-05,0.00010346755229176112,1.8568951399180184e-10,3.500863079466262e-05,5.361126132895394e-06,3.784245838611522e-09
6,mlp,1904,5,5,0.12251915278093417,0.00034296193886971935,0.053267275978880764,0.0029396406675466936,0.002839127834925196,0.5332252241663011,0.28486661663254237
6,mlp,355,5,5,6.292027678256452e-08,1.3872249151702181e-07,7.411244680818734e-08,0.00012137212861336914,1.058152283140371e-06,0.9998734948755954,3.799088292975032e-06
6,mlp,4531,2,2,0.003430899179697851,0.00011945965743957145,0.9942149109626437,2.5361509534459686e-08,0.0003683890933760243,0.0017679702223064016,9.834552302715762e-05
6,mlp,13005,3,6,0.0002194398097975795,1.1728452648618374e-05,1.8986843320182584e-05,0.4287746654888264,0.0025049390552961412,0.007820856678043909,0.5606493836720671
6,mlp,4188,2,2,0.05893188212421164,8.442356629897343e-05,0.9306393617575569,2.118219933711446e-07,0.00846605528275748,0.0005410457294306971,0.001337019717751266
6,mlp,3884,2,2,0.021461321426339473,3.0580190575137514e-05,0.6014185608162689,0.00015863949919836938,0.03532277431043556,0.002258130465237555,0.33934999329194493
6,mlp,12494,3,3,1.1236938918278717e-06,8.478090250203539e-07,1.6424052951940683e-07,0.9717239931033085,0.0010941924383325993,0.000427278290339308,0.026752400424573112
6,mlp,2320,0,0,0.9996917225054395,1.3877924461900993e-05,0.00011002558967570775,4.5942246487741127e-07,4.16812606981726e-05,0.00012314703258825386,1.9086264671460865e-05
6,mlp,1402,5,6,0.03057432881193422,0.0001999776859237871,0.0010268002465513419,0.08402663908516846,0.006954102852235008,0.0765638709124585,0.8006542804057286
6,mlp,11622,3,3,2.784327195203172e-08,5.492146455663434e-08,1.6065435141969497e-08,0.9965769747652489,0.0001552748194525199,0.0005184561378082003,0.0027491954473187986
6,mlp,2881,0,2,0.1603497100669706,0.001300887120778549,0.8354926759012681,6.966426177391595e-08,0.0002904505213205538,0.002507685937869697,5.852078753062636e-05
6,mlp,1907,5,5,3.442169641658678e-05,2.0253144428039953e-05,0.00012559569178742172,5.7289755424785165e-05,1.217359189750469e-05,0.9995747933017649,0.0001754728182807858
6,mlp,7330,4,4,2.1192448351110063e-05,5.17558129776213e-07,0.00029688159305662077,4.218633114882364e-08,0.9996572302926827,6.200014398527054e-06,1.7935907050004503e-05
6,mlp,13202,3,3,0.00044152468637371307,1.9122762226774293e-05,1.7114203737809873e-05,0.508370608538999,0.006272942231302883,0.00604012293327756,0.47883856464408225
6,mlp,6889,4,4,3.753911210130224e-05,8.75196296627997e-07,0.000849462124681117,6.801549679519715e-06,0.9981821353304442,1.558093881137602e-05,0.0009076057479857612
6,mlp,2667,0,0,0.9989547362232888,0.00014794090791026164,1.723918041392158e-05,4.795725433925832e-08,9.677841002178794e-06,0.000870240629357419,1.172607731294425e-07
6,mlp,3872,2,5,0.0004847764258574119,2.503593619471035e-05,0.00046322389940816564,0.00035255865319909756,6.728276479429729e-05,0.9956483302885027,0.002958792032043474
6,mlp,5537,4,3,1.6889446916661303e-06,2.0326341441076304e-06,3.531505431924085e-07,0.9584930851407532,0.008621034982467225,0.0003390525368881108,0.032542752610512635
6,mlp,2544,0,2,0.3295273801374463,0.0003171491297153553,0.6674284158128276,3.8828884336491305e-07,0.0005313646670530283,0.00166386131567128,0.0005314406484430372
6,mlp,526,5,5,3.694901504880562e-08,1.5137597127048972e-07,5.5097779084245514e-08,5.9855953438252085e-05,6.106221505519858e-07,0.999937764863108,1.5251385378346302e-06
6,mlp,3956,2,0,0.45766536864114643,0.0005461266282247813,0.3894240528095671,1.682075155570591e-05,0.0008185495865512581,0.1405854425194586,0.01094363906349603
6,mlp,6581,4,4,1.74851852843125e-05,2.7301895629532287e-07,4.850383055646644e-05,6.8087676158974245e-06,0.9987539294480569,1.1517805674311142e-05,0.001161481943855803
6,mlp,4844,2,2,0.000583945963948349,7.086172349564265e-06,0.9951440260073108,1.0110224815258601e-09,0.004243457602023091,1.9766805353984053e-05,1.716437991721167e-06
6,mlp,11061,3,3,4.5677870003682135e-09,2.8602254914985317e-08,9.038060675892841e-10,0.9983649122366476,0.0005035943105112961,1.378052325224074e-05,0.0011176788557410399
6,mlp,4667,2,2,0.009293979807869378,1.8247673010811618e-05,0.9861059172425586,1.1410147122475647e-08,0.0044712459231040285,0.00010221240764896289,8.385535660746348e-06
6,mlp,1079,5,5,1.1215744096516301e-05,1.1818287936809096e-05,7.932644108160821e-05,0.0462190932684531,0.00024134226928144268,0.9481599704926871,0.005277233496463353
6,mlp,1866,5,5,0.002081413034276077,0.00014390956021911012,0.005192587242682154,0.01387291650873484,0.0010882519382285321,0.6274630744189907,0.3501578472968686
6,mlp,11256,3,3,1.1303341080521283e-09,9.374599555604619e-09,2.66965932558575e-10,0.9996390838882582,0.00014131030404063743,2.7670793490649144e-05,0.00019192424231110627
6,mlp,2675,0,0,0.999173134637657,1.8076880674133128e-05,0.00046821053296556403,1.556887543553448e-07,0.00013466443039365992,0.00019953543939079098,6.222390164800819e-06
6,mlp,11020,3,3,5.001592854302747e-10,7.846107351704756e-09,8.264447526587987e-11,0.9991803967486309,0.0006792583887566141,4.410899837100459e-06,0.0001359255338641435
6,mlp,11159,3,3,7.163449217598919e-09,2.4643843163804524e-08,1.813902822040789e-09,0.9988217785338617,0.0001060881862923064,8.560858008368146e-05,0.0009864910785670178
6,mlp,6443,4,4,1.0947420056797832e-06,1.1750841411665821e-07,1.2404009451742463e-06,2.412149929401924e-05,0.9987074293235236,1.013205911933264e-05,0.0012558644666980068
6,mlp,11678,3,3,1.9458926101645276e-07,2.0060600971773392e-07,2.1125351778446822e-08,0.9821400052124519,0.0010500911007860492,7.077688435290672e-05,0.016738710481786507
6,mlp,6537,4,4,5.858168721761646e-06,3.003343674056301e-07,1.654507706282909e-05,2.0350431048583668e-05,0.9986715949019779,1.0637948314139551e-05,0.0012747131385072103
6,mlp,9290,6,6,0.0003541340221231509,3.2014829056643804e-06,0.0002189798137408509,0.0009826324906417575,0.011734705171593479,0.0005393481961013387,0.9861669988228938
6,mlp,11711,3,3,3.158838407672728e-08,6.807367977328304e-08,1.124000405140527e-08,0.9968814068835709,0.00018476697523994297,0.0002488597947927479,0.0026848554443285578
6,mlp,4920,2,0,0.6665382446844434,0.0005625356452850499,0.33184535828534856,8.684807813427709e-09,0.0005304890468682401,0.000516888647024619,6.475006222242117e-06
6,mlp,5829,4,4,1.6231866393238506e-08,5.202415324907665e-09,1.747218876629754e-08,2.575038791008123e-05,0.9997694549508342,6.119400706711921e-07,0.0002041438147144869
6,mlp,11796,3,3,2.286606792397313e-08,5.3069603331016155e-08,2.431703522836684e-08,0.9954441670048414,0.00011410454301194572,0.0023069888631520245,0.0021346393362883173
6,mlp,5505,4,3,1.0263783509997814e-07,2.2722429973595643e-07,1.666704945885474e-08,0.9940727195759972,0.0014495483796332332,0.00012142663209329898,0.004355958883092189
6,mlp,4011,2,2,0.015440614469670395,6.75575962460743e-05,0.9777692917260387,1.1145816131276218e-06,0.001858438463624416,0.000819811394447838,0.00404317176835953
6,mlp,1129,5,5,7.085612702624993e-07,1.5414639236164658e-06,1.4627097474918514e-06,0.00024125600060035708,4.194551413305704e-06,0.9997208286542093,3.0008058835516538e-05
6,mlp,13007,3,3,1.9119550143375085e-06,2.045535700528954e-06,2.6279212087892527e-07,0.7966235191910711,0.15943185684559574,0.00028865657687225,0.0436517471036252
6,mlp,8735,6,6,0.0028004634467910716,9.124749332508516e-06,0.0004948396430873432,0.004109076383952839,0.002644709852532997,0.0008280228475834141,0.9891137630767198
6,mlp,11633,3,3,4.8308388877624365e-08,9.892367526304007e-08,2.7025437400276496e-08,0.9954705225818277,8.48665672551643e-05,0.0018400425140830538,0.002604394079332631
6,mlp,1339,5,5,2.6940940488940537e-05,1.2371396061049443e-05,4.62388195726857e-05,0.005343702067986282,0.00011417125160853724,0.9901663055214883,0.004290270002794149
6,mlp,6992,4,4,5.304075514979493e-08,2.363564138917245e-09,1.5519124679031088e-06,5.226749924745955e-08,0.9999917577796074,7.79583963772176e-08,6.504677709760925e-06
6,mlp,4543,2,2,0.0001037484828755156,1.6830964062801362e-06,0.9997541286144186,6.155443263011651e-10,0.0001259506124388717,1.1963394007628445e-05,2.5251843087681215e-06
6,mlp,12548,3,3,1.6778678981343335e-05,5.045826288667862e-06,3.0594558609307715e-06,0.9288420940465123,0.0008593843218565153,0.017358090829493557,0.05291554684100653
6,mlp,6163,4,4,1.770031666974695e-06,1.1258711409415203e-07,1.3501354363710153e-06,4.6886608015896296e-05,0.9965333514143737,7.829378111294452e-06,0.0034086998452817516
6,mlp,11534,3,3,2.2907234676104184e-09,2.4086901198488653e-08,3.395730422514607e-10,0.9994142508680074,0.000256979001062038,1.0673129337119036e-05,0.00031807028439573504
6,mlp,5920,4,4,7.854672327937955e-10,4.107385129500942e-11,1.070932850322681e-08,1.6074121707259265e-07,0.9999981262792382,1.2253790208042407e-08,1.6891898850679438e-06
6,mlp,3750,1,1,1.4778994362936203e-07,0.9999972060632779,2.4730802458980056e-06,6.901197386771044e-24,1.7208241501188058e-07,9.841175181863805e-10,6.187511802846763e-23
6,mlp,12173,3,3,3.781134579569803e-07,4.5459039674734776e-07,1.5580264319211235e-07,0.988811161490479,0.0002695150052949657,0.0020486421651788327,0.008869692832549177
6,mlp,6531,4,4,4.0050369214901434e-05,7.545239823074189e-07,0.0004894251935565777,3.60330345802431e-05,0.9839162864169894,4.5790018536254346e-05,0.01547166044314035
6,mlp,9071,6,6,0.000293674986374156,6.334597444822693e-06,0.00018514384447357085,0.01307658864429034,0.008659843607446689,0.004264759200232787,0.9735136551197378
6,mlp,12357,3,3,1.7470781815217877e-07,1.895151613162707e-07,1.228838999955995e-07,0.9886928467163651,0.0004534982451805001,0.000639747481417171,0.01021342045015785
6,mlp,10209,3,3,2.609965622185257e-12,1.2716001620591947e-10,5.61920066605921e-13,0.9999827185853685,1.1410347858968116e-05,1.36833201486028e-06,4.502604425794388e-06
6,mlp,6118,4,4,4.36266080416562e-06,4.674293701086631e-07,7.784096740836503e-06,0.00020164248207741854,0.99414759270332,2.847200386069265e-05,0.005609678623826736
6,mlp,1476,5,5,1.0379074916584143e-05,6.328302600690471e-06,3.20388353978289e-05,0.0006074132001791735,1.887387809941266e-05,0.9989917289361295,0.0003332377726767015
6,mlp,12785,3,3,8.66704493336007e-07,7.315547584406728e-07,9.517968708565593e-07,0.9789803135802693,0.0007721593644344594,0.003931844900850991,0.01631313209832264
6,mlp,3312,0,0,0.9999483140026556,3.795337662180137e-05,3.5027309179161146e-06,1.6166516493490977e-11,7.6148107512980625e-06,2.614956265854479e-06,1.0662114230111857e-10
6,mlp,7614,6,6,0.00011735996742543102,7.932177979396945e-06,1.3131263087201816e-05,0.2042854086359864,0.01228692146663229,0.0008860712312718026,0.7824031752576175
6,mlp,10049,3,3,8.401651600944086e-11,3.924043342424574e-10,4.395939526175844e-12,0.9999506555025444,1.0815567345921464e-05,7.0577668732603136e-06,3.1470682419739636e-05
6,mlp,12127,3,3,3.3531930287339015e-07,3.0571678193925295e-07,4.817605573359297e-08,0.9841728909906962,0.0003225925025148316,0.00037758094800735,0.015126246346641201
6,mlp,7422,6,3,1.309051382014755e-06,1.0198537737795108e-06,2.4505218171738954e-07,0.9714615987462142,0.0008544249370743428,0.0006497214611829843,0.027031680898191055
6,mlp,10663,3,3,5.965775003047356e-09,1.1378049563657681e-08,3.5458866822198084e-10,0.9990208874462678,5.083842932281079e-05,4.851558222631859e-05,0.0008797408437700981
6,mlp,750,5,5,2.110039879661043e-05,1.0795494812180681e-05,5.4547938492503144e-05,0.09387459127410153,0.0003114541214054421,0.8953167492661938,0.010410761506198052
6,mlp,11934,3,3,4.164265409451762e-07,4.7429212774717325e-07,5.420711322557632e-08,0.9859163177237522,0.0009259066520870851,0.00017190250557734923,0.01298492819280173
6,mlp,1637,5,5,3.071748509035183e-05,2.6019049777191852e-05,0.0004903656255343439,0.0063529715791722004,0.00015924065123160727,0.9877528660419899,0.005187819567204679
6,mlp,7092,4,4,3.74227589941313e-07,2.1214093483805255e-08,3.939206034437922e-06,3.1148986492162704e-07,0.9998982836215149,6.537119510003436e-07,9.641652895148521e-05
6,mlp,12834,3,3,1.2745715152706756e-05,6.447195436949592e-06,2.533029273884985e-06,0.6601400402597289,0.10589904232075749,0.0006465205439309706,0.23329267093571904
6,mlp,3772,1,1,5.197276873755874e-08,0.9999906607523864,9.020928717138661e-06,1.91777528862767e-24,2.6556741079419153e-07,7.787168917083538e-10,4.753760344366465e-23
6,mlp,5755,4,4,0.00010104487849586338,2.30335374979222e-06,1.928755234883972e-05,0.001230131788236938,0.9936411609915703,8.325489828153451e-05,0.004922816537316898
6,mlp,908,5,5,0.00305354006332414,0.00014892605154719196,0.0001767889799648508,0.06718534244206513,0.001870201400356442,0.8928862346964326,0.0346789663663097
6,mlp,10755,3,3,8.964826404574661e-10,1.0507208000415302e-08,1.142958154345819e-10,0.9996018314069829,0.0002322066578855107,4.937207511289066e-06,0.00016101320963400213
6,mlp,6472,4,4,9.483428516572038e-07,8.302185510590782e-08,6.109748460344191e-06,4.019674805713119e-06,0.9999297964723701,1.4843625428529162e-06,5.7558377114103325e-05
6,mlp,3329,0,0,0.9718015216670699,0.019081682835869737,0.008650437982504052,2.216559331708241e-10,0.0002522837033397043,0.0002140682227666175,5.3667942008046796e-09
6,mlp,8629,6,6,0.00113842295480144,1.389579499253844e-05,0.0003048124709408382,0.016060818613010154,0.0016971646482517653,0.0030246353007541125,0.9777602502172491
6,mlp,10191,3,3,2.510700012294406e-10,2.750177758845623e-09,1.9079660200716886e-11,0.9824746782601962,0.01740948236633128,2.2828544652728226e-06,0.00011355349867980668
6,mlp,11110,3,3,7.465477024543712e-09,4.1477832267191417e-08,6.135433501839177e-10,0.997331451932868,0.0012287866837198092,1.3285174757064503e-05,0.0014264266518024666
6,mlp,5050,2,2,0.00749311460293234,0.00021549195361724263,0.9919826025400145,8.332455306311079e-10,0.00014569224597147688,0.00015993611532305575,3.1617088957950826e-06
6,mlp,6833,4,4,1.8146078429142708e-07,4.39929943791933e-09,6.196194644360954e-07,1.3483816726138593e-07,0.9999881860406876,1.8812746171355014e-07,1.0685514135213609e-05
6,mlp,11985,3,3,5.369186856087478e-08,1.1110703168905583e-07,1.720948346428447e-08,0.9966419336879887,0.00031709525131104195,0.00022510431768302383,0.0028156847346335204
6,mlp,138,5,5,1.3975680056584937e-09,7.754519263919622e-09,1.9207852747592603e-09,4.904446962738715e-06,3.609121363820028e-08,0.9999950026530882,4.5735862717736626e-08
6,mlp,13319,3,3,3.45719686858027e-05,7.881063433197613e-06,1.8119086339172167e-05,0.7409447485790873,0.0025023057234768937,0.005732938989844203,0.25075943458913325
6,mlp,13381,3,6,0.00026049796118085593,2.046822308290006e-05,8.1318906535944e-05,0.36842490806079603,0.00425762489333035,0.01101573344979415,0.6159394485052797
6,mlp,6763,4,4,2.4251607836705174e-06,1.5105831050818992e-07,3.074523148860467e-05,4.716991616187565e-06,0.9996419521924726,4.096711524287435e-06,0.0003159126538038609
6,mlp,10657,3,3,4.35392138332988e-11,1.0427570017857488e-09,7.41639680951252e-12,0.9999171351143902,5.567078613123037e-05,2.275373216632168e-06,2.491763254934501e-05
6,mlp,6629,4,4,1.2235648763869863e-05,1.1297297029098488e-07,2.3317536536912945e-05,2.2508305213722043e-06,0.9997354024729118,5.252267502066591e-06,0.0002214282707935339
6,mlp,6860,4,4,0.0017649860772113088,1.0665980020520418e-05,0.009142783941044405,4.2209958866304474e-05,0.9809900444982141,0.0001927649803335841,0.007856544564309745
6,mlp,2686,0,0,0.9999717105169684,5.874146786868066e-06,2.166400029956592e-06,6.959101304945644e-09,4.526515104303116e-06,1.5695975207129834e-05,1.9486801705427915e-08
6,mlp,2746,0,0,0.9819810223362871,0.00011072553009840973,0.017569082955101435,6.032600788755924e-08,0.00015922535476718832,0.0001683042064843318,1.1579291253510407e-05
6,mlp,9185,6,6,0.0005902820693332515,1.5154553583672517e-06,0.00010615736451122002,0.0005692082979245406,0.0005003860432746892,0.0003318566499069137,0.9979005941196911
6,mlp,4963,2,2,0.00034005622036420403,4.351729979108904e-05,0.9991922187635105,7.993296962054163e-10,0.0003847834568155989,3.589152964916205e-05,3.5319305397380447e-06
6,mlp,203,5,5,2.9064969908713845e-07,9.452203719087801e-08,6.821855963363443e-08,5.1082713560814e-05,9.494258919344195e-07,0.9999441829874927,3.3314827587261594e-06
6,mlp,6398,4,4,5.317830739895624e-08,6.829456651015073e-09,5.966888187985191e-07,2.150957538708453e-06,0.9999280750362524,3.7249986368620475e-07,6.874480976225248e-05
6,mlp,6821,4,4,1.6768330987714158e-05,5.02167708883038e-07,0.00027592637137486664,5.039392157757717e-06,0.999279817228015,8.724912505503101e-06,0.00041322159725045815
6,mlp,9273,6,6,0.0003215134367775083,7.98606657144947e-06,0.0002833918245701796,0.0131328341027414,0.03437965077938613,0.003189960098965732,0.9486846636909877
6,mlp,11144,3,3,1.7703431447622285e-09,7.64370452907265e-09,1.2365835696021363e-09,0.9992816078656169,5.6981699297773797e-05,0.00022104745129537386,0.0004403523331588164
6,mlp,4035,2,2,0.0048006448317514504,2.883187469225992e-05,0.983850335217744,6.829422058968701e-07,0.009953981520767102,0.0003378828001149148,0.0010276408127243627
6,mlp,9488,6,6,0.0032075062004782023,7.773082275498407e-06,0.0005171328627712092,0.0011303434749194714,0.013786254988695757,0.0008651530037325581,0.9804858363871274
6,mlp,1985,5,0,0.8831860681501522,0.0003012134822061048,0.002851568147444089,0.00016292413150888237,0.0007076732928042628,0.10575014867829993,0.0070404041175845
6,mlp,470,5,5,2.170987068783227e-08,1.3412144858224753e-07,1.9485733184367035e-07,0.00030675546442928244,1.077903219712524e-06,0.9996872334174841,4.582526215662502e-06
6,mlp,13204,3,3,0.0002736479370000252,3.484620322096424e-05,0.0001225286289199765,0.6229556733135581,0.0032696374367700756,0.08744488742130004,0.28589877905923083
6,mlp,1688,5,5,9.495978783695103e-06,1.3593453092334598e-05,6.516520991360229e-05,0.0005199153155803114,2.1076211888347613e-05,0.9990756530012654,0.0002951008294763411
6,mlp,13322,3,6,7.100704759938338e-05,1.0187854822873915e-05,2.364404969246773e-05,0.36181479314491516,0.005177273435513603,0.0014970421765391564,0.6314060522909173
6,mlp,11852,3,3,3.73920114232662e-08,1.5641369953302132e-07,4.488083901044068e-09,0.9924940144685198,0.0044969175371308776,3.031768226274155e-05,0.0029785520182915126
6,mlp,5110,2,2,0.002880118284503995,5.088851027306458e-05,0.9962170346820832,6.169582460831597e-10,0.0008154049610188878,3.482269125454399e-05,1.730253907825417e-06
6,mlp,6272,4,4,5.076256724211558e-05,1.8469834827859943e-06,5.381583892200514e-05,0.00020497246813939334,0.9861677609325249,7.44330798275351e-05,0.01344640812986138
6,mlp,11099,3,3,3.5340492744220305e-10,3.6864229133221597e-09,2.100862748538249e-10,0.999755498434246,3.8762579980549886e-05,0.00010791860841426277,9.78161274449995e-05
6,mlp,12811,3,3,4.870848586387504e-07,5.411444559149613e-07,1.7375039863314304e-07,0.9893222125523561,0.0012946752538292741,0.0013103251724864873,0.008071585041614966
6,mlp,8778,6,6,0.00014638963783523423,4.2828717621521355e-06,0.0001276864977854193,0.011489482618088869,0.013305474774597228,0.0010222859853226479,0.9739043976146086
6,mlp,13461,3,6,3.293412814001069e-05,6.064405361071338e-06,2.2912169755090037e-05,0.27171349026740765,0.03499776155078764,0.0015340460813886962,0.6916927913971599
6,mlp,3446,1,1,0.00013084121233858452,0.9998479299719796,1.9198676328717045e-05,1.0430740925374088e-18,1.7684000313839813e-06,2.6173932185174244e-07,6.046277493979719e-18
6,mlp,1526,5,5,6.156179421117527e-06,7.01223787188221e-06,1.94077283605925e-05,0.0004167369160310136,1.2910256021014422e-05,0.9993858750270947,0.0001519016551996585
6,mlp,4254,2,2,0.27777801894095755,0.0003237999443596346,0.71477409213925,2.8604695141622574e-07,0.00031555125722919727,0.006362469419318783,0.00044578225193341075
6,mlp,1310,5,5,1.0961972194730153e-06,1.4996511282073136e-06,1.0704691802071876e-06,4.959549627517529e-05,2.1238922905610834e-06,0.9999368597250022,7.754568904155227e-06
6,mlp,10229,3,3,5.854427768137992e-11,7.06784852993959e-10,7.45044245767088e-11,0.9992742502704784,1.1312676460088643e-05,0.0006882878909280009,2.614832229965476e-05
6,mlp,5853,4,4,0.00018059919821701543,4.649782615630815e-06,8.46632004269193e-05,0.0011801093136440232,0.9769352550980095,0.00014194344380631075,0.021472779963280578
6,mlp,10270,3,3,5.925063656612066e-11,7.495891314639961e-10,2.373807047890857e-11,0.9999097852978104,1.0189304327966185e-05,2.36374406765375e-05,5.638712460728768e-05
6,mlp,6292,4,4,3.926271032023409e-07,5.875247500161532e-08,5.131354013138056e-07,1.7535262285140656e-05,0.99959518629629,4.448110875440457e-06,0.00038186581556989857
6,mlp,3152,0,0,0.999936248680628,1.434849558746071e-05,2.5371536708182388e-05,6.014707273395075e-10,1.39317777470031e-05,1.0079403425596846e-05,1.9504432817004348e-08
6,mlp,358,5,5,3.794603763647207e-08,7.908610660767975e-08,3.692758331848276e-08,3.910698168181076e-05,4.06994681451864e-07,0.9999589107421027,1.421321806585494e-06
6,mlp,13062,3,3,2.755736522590346e-05,7.165566705848014e-06,3.532115538705396e-06,0.7693961714016966,0.006557845976221506,0.0013948206868716526,0.22261290688773994
6,mlp,2419,0,0,0.9989633587151825,3.685593998571026e-05,5.202693410597305e-05,1.9762287303891096e-07,2.0072593669903934e-05,0.0009245418664913308,2.94632769161301e-06
6,mlp,13183,3,3,8.387993368764556e-06,3.967280766439353e-06,5.381524329352564e-06,0.9357246173445555,0.0014542947278576338,0.007284227246606928,0.055519123882515516
6,mlp,7261,4,4,0.00012862079608410695,1.2787563862911592e-06,0.015006564985688626,1.1535397020545267e-07,0.98466417844975,2.5730310872920457e-05,0.0001735113472479887
6,mlp,8058,6,6,6.032041781059704e-05,7.781369812055841e-06,1.1941434716282887e-05,0.14856179493624527,0.020037795265234217,0.0013896678971098623,0.8299306986790717
6,mlp,13395,3,6,0.0005312303792117995,4.217403189569566e-05,0.00022887976794459905,0.2791498457795468,0.0037265985237557066,0.05696579471847914,0.6593554767991663
6,mlp,11954,3,3,1.2749316819965115e-08,4.209760145092973e-08,6.178142496194532e-09,0.9985645316201285,0.00016087911018738596,0.00028907638000963485,0.0009854518646136015
6,mlp,2613,0,0,0.998702495067494,0.0001516131468774777,0.00046407669774912547,1.691540336452499e-07,5.4484523676622244e-05,0.0006241695543910317,2.991855778242354e-06
6,mlp,3783,1,1,2.352022653894619e-07,0.9999993079169902,3.800033343050628e-07,1.732851164699834e-24,7.64435863386704e-08,4.338238286556419e-10,3.4873211084928975e-24
6,mlp,6189,4,4,1.945387073921095e-08,9.324622965289607e-09,1.1586242353147595e-07,4.597180001954979e-06,0.9999796127202168,3.031196740028315e-07,1.534233918984404e-05
6,mlp,13172,3,3,4.06968050018095e-06,2.6062150694317065e-06,7.406922829391005e-07,0.9556349047213831,0.0034687832205050413,0.0013346724241634028,0.039554223046095884
6,mlp,7119,4,4,3.249910118838046e-05,1.0967701916925354e-06,0.004976972400222758,1.2523688094676843e-06,0.9947968407078154,1.0906411641963648e-05,0.0001804322401303505
6,mlp,2035,0,6,0.006921014213364068,3.696918438308534e-05,0.0014765089724200135,0.008344287669437194,0.0010894333669807768,0.016261566766744687,0.9658702198266701
6,mlp,11095,3,3,2.3079608093171658e-09,1.4876120104295078e-08,3.0308931954489754e-10,0.9992936778084822,0.000139506043001377,1.3306915604639456e-05,0.0005534917457415109
6,mlp,3156,0,0,0.999789818676741,1.1707571525094205e-05,1.3025668076297217e-05,3.9951629762801e-10,0.0001782833790485716,7.163460646888196e-06,8.44445741098655e-10
6,mlp,6364,4,4,2.677903805861255e-08,5.270481006985696e-09,6.88618216695448e-08,1.4920807212567517e-06,0.9999734542202127,2.683189718369889e-07,2.4684468753464995e-05
6,mlp,5259,2,2,0.00015573462057012094,3.9816104628318745e-05,0.999757883830787,3.3432107391571523e-11,3.5016958394391305e-05,1.1415418252525599e-05,1.330339355958355e-07
6,mlp,11580,3,3,1.048165508235553e-08,5.9185225728715136e-08,1.269842075747609e-09,0.9984373891966117,0.0003510777005336556,1.837221145583347e-05,0.0011930899546756478
6,mlp,7550,6,3,6.747051791039018e-05,1.5048190085796593e-05,9.276794980608438e-06,0.6118766071246463,0.009527744793497137,0.001308968889809603,0.3771948836890701
6,mlp,11519,3,3,1.2682771314801127e-07,1.7494932333427946e-07,6.013125457473726e-08,0.9874222212956268,0.00011003479260878053,0.007694662626307585,0.004772719377165885
6,mlp,8374,6,6,0.000585017703951892,2.633596651702022e-05,0.0002276312619675644,0.1265658352805929,0.0043440051074251996,0.010181460603598733,0.8580697140759467
6,mlp,2232,0,0,0.9990500373202432,3.1854803129638034e-05,0.0004769542386430237,1.8514074419302164e-06,0.0001730029641054428,0.00021891215673079336,4.738710970580736e-05
6,mlp,9559,6,6,0.0007244200714268597,4.561351274021952e-06,0.0004234869112040518,0.0007351384681031106,0.020320071115175618,0.0007830388034597924,0.9770092832793564
6,mlp,13404,3,5,0.0011954836408468587,0.00012740460718476995,0.00022751480358733895,0.18539563461662176,0.0024908535539751556,0.6185881258693312,0.19197498290845288
6,mlp,5719,4,4,1.442133960942639e-09,3.7384658412191425e-09,2.375914426949945e-09,7.680722840973593e-06,0.9999898069655949,9.235918137485784e-08,2.412395868302003e-06
6,mlp,10926,3,3,1.0367663386336533e-09,5.894308692010982e-09,4.556426730002604e-10,0.9995728795887725,4.9043840447931543e-05,7.266682474871592e-05,0.0003054023593132557
6,mlp,10100,3,3,1.887047039162127e-09,3.624178458480216e-11,9.210508532906414e-14,0.999983941556384,1.0427323861120571e-05,4.062390220037517e-06,1.5668061537389233e-06
6,mlp,12098,3,3,8.482471728851161e-08,1.428110783524709e-07,3.484122119178376e-08,0.9942800603225364,0.0002752778725683824,0.0004095033070891703,0.0050348960207893135
6,mlp,3221,0,0,0.9999471336992979,3.3576812191823695e-05,5.709034854780225e-06,1.7112345285238535e-10,6.753221637597076e-06,6.8263656960179085e-06,6.951984371803993e-10
6,mlp,310,5,5,7.837859167616762e-07,1.6879549356523066e-07,9.863471882552782e-08,5.95091370890447e-05,1.4552817746940033e-06,0.9999327139755136,5.2703894934448425e-06
6,mlp,9099,6,6,0.0006671501771241217,3.6804962711628375e-05,0.0015895339429890377,0.02585167030870014,0.001522788070399404,0.11996306342697569,0.8503689891110999
6,mlp,5866,4,4,0.00023664689848392284,9.231337800455404e-06,0.00019556426697936354,0.0033065947738913203,0.9057025906714986,0.00033000471908602473,0.09021936733226034
6,mlp,2503,0,0,0.9997974906820927,1.432865424144735e-05,0.00010381953093887131,5.438422713023518e-08,3.902725586298598e-05,4.393134864786815e-05,1.3481439888043206e-06
6,mlp,5857,4,6,0.0006290751187765334,1.1792233978114488e-05,0.0006361406640393331,0.004039438750074142,0.4423323846331141,0.0009165260156865019,0.5514346425843314
6,mlp,6003,4,4,4.109546239502304e-06,1.701139481333887e-07,3.5133095878181775e-06,5.96003440429657e-05,0.9946432495988161,1.2595689903940256e-05,0.00527676139746142
6,mlp,8750,6,6,0.00028191552576705797,1.3975046351522639e-05,0.00013006178040830623,0.07269781875142005,0.004305535010683274,0.011862267026786768,0.9107084268585831
6,mlp,2021,5,0,0.9570484711282958,9.83385873069078e-05,8.920211415031792e-05,4.0878457877039736e-06,4.8743232026153876e-05,0.04267862580090034,3.2531291532636266e-05
6,mlp,5555,4,4,3.0745856486637193e-07,2.8904892226415783e-07,1.231034903804983e-07,0.012065900106778483,0.9812169895175886,2.1096789442009413e-05,0.006695293975213466
6,mlp,12099,3,3,3.889423992144765e-08,1.25716031526617e-07,5.632289305963066e-09,0.9977618188220619,0.0002591359552128838,6.310339969545033e-05,0.0019157715804688307
6,mlp,4714,2,2,0.0010115643062446153,5.431612448470559e-06,0.9975403418431837,1.981989105565392e-09,0.0014131137012246332,2.7316691546334287e-05,2.2298633629468934e-06
6,mlp,9535,6,6,0.002515502161741551,3.502674822496005e-06,0.0006190178646257088,0.0004085071760083636,0.0004058569725015356,0.00061247477969646,0.9954351383706039
6,mlp,5181,2,2,0.0017545300852911234,4.873656278778502e-05,0.9975617106306499,3.3186262777349683e-10,0.0006117918063760709,2.2375274774195633e-05,8.553082581983373e-07
6,mlp,939,5,5,3.267577269450179e-05,8.661804805887124e-06,4.548226544151785e-05,0.014616519114324981,0.0001464140657890278,0.9806181595857341,0.004532087391209942
6,mlp,6728,4,4,4.910993435167295e-07,9.95701676181352e-08,3.5146542555760753e-06,8.5916221717955e-06,0.9998180218799227,4.659285432537798e-06,0.00016462188870626897
6,mlp,9520,6,6,0.009069235217840496,1.0094834987489233e-05,0.001068117568456366,0.0009695388854685873,0.001127840198360793,0.001282330358899642,0.9864728429359867
6,mlp,2234,0,0,0.9997707803901208,3.711493093611967e-06,6.867346174871206e-06,5.165786786804404e-07,0.0001544304033919701,6.076240337984542e-05,2.9313851601172734e-06
6,mlp,5451,2,2,0.024079223951936377,0.00223188048475392,0.9724512647838582,2.8929590251460082e-11,0.0011670869489028275,7.045019115857774e-05,9.361046043497044e-08
6,mlp,1974,5,5,0.008905806829178964,0.00017922500224821405,0.029042407745615305,0.0006571440288981013,0.000502898571492429,0.8756562243346298,0.08505629348793722
6,mlp,3745,1,1,1.2587160454729212e-07,0.9999997502133948,7.050013428718213e-08,8.651642268524242e-24,5.290854815689608e-08,5.063182972513683e-10,2.4488304608931975e-24
6,mlp,2756,0,0,0.9998226292427135,7.166982804180293e-06,1.5267570822325329e-06,3.078755159283039e-08,7.938387722270013e-06,0.0001605683953869525,1.3944673919344464e-07
6,mlp,4671,2,2,0.012562177840731895,3.301516838774488e-05,0.986726187800639,5.8506006306953025e-09,0.000589668285389046,7.340496109752419e-05,1.554009315409531e-05
6,mlp,1629,5,5,0.0006022139578575961,0.00010645297809470682,0.001366227400099691,0.014086829839333362,0.0005356505248252241,0.9638814953787928,0.01942112992099656
6,mlp,10772,3,3,2.8636039528239334e-10,3.848934883007842e-09,6.316425945452514e-11,0.9996817080563348,0.00015622572015330886,4.44433585195868e-06,0.00015761768920022568
6,mlp,2024,5,0,0.4427375464708334,0.0002957252926281567,0.3508199295543139,8.796540353033266e-05,0.0015851104062406737,0.12641416071936643,0.0780595621530872
6,mlp,9051,6,6,0.0012196197152412596,6.924740026031531e-06,0.00016908455190806586,0.0031899728088491596,0.12859306109410104,0.0007088187603728751,0.8661125183295015
6,mlp,6702,4,4,0.17210819666709518,8.368708273969981e-07,0.00017564291002871248,2.192885111949949e-05,0.8253578598180163,0.0019216697665948633,0.00041386511631802744
6,mlp,4016,2,2,0.09854731563278808,3.526857604540532e-05,0.8963363637201558,1.7753250305458872e-06,0.0025025190840060577,0.0007453816120038495,0.0018313760499702385
6,mlp,28,5,5,2.2000818552070244e-07,2.6056551992197155e-07,2.477726245507465e-07,0.020884144232484726,2.6219199973642765e-05,0.9789372135843604,0.00015169463685140995
6,mlp,12097,3,3,1.4364577583311375e-07,3.412939495244027e-07,2.2709284004733415e-08,0.991185936249567,0.0013262488914202245,8.10560605609887e-05,0.007406251149442515
6,mlp,8346,6,6,0.001810892104052271,9.219046615025861e-05,0.0025087070295900273,0.0991935185966748,0.003595351490337207,0.23999742402053578,0.6528019162926595
6,mlp,701,5,5,1.0192577615464575e-06,5.621987324693784e-07,3.489849126567303e-07,0.00010956085070054456,2.8297047352191377e-06,0.9998699868340596,1.5692169097933862e-05
6,mlp,5715,4,4,7.77644144192596e-08,3.588249838772845e-08,6.469340854754783e-08,0.0001863325954793073,0.999111991373052,2.4306687779815642e-06,0.000699067022369485
6,mlp,5162,2,2,0.0001519883075265482,4.41677533689164e-06,0.9987913987951309,9.657787331352603e-11,0.0010462867502678518,5.756509583319245e-06,1.527655766264277e-07
6,mlp,2187,0,0,0.9991818632679978,1.328193495360241e-05,1.1515909338631769e-05,1.6133160920911456e-06,3.057908169686983e-05,0.0007540860615572193,7.06042836354328e-06
6,mlp,8143,6,6,0.00022485780483339298,1.5783467860697024e-05,9.008702914675357e-05,0.1949736221203798,0.0028779337088850367,0.004602647322684117,0.7972150685462103
6,mlp,7693,6,6,9.486129744575359e-05,8.673092189539504e-06,9.272442978592584e-06,0.3534629208744643,0.005701055285612679,0.0024370780147174344,0.6382861389925918
6,mlp,1080,5,5,4.584019616722176e-08,1.7863840595757326e-07,5.5255604565568155e-08,6.602296059834461e-06,2.1596817780895138e-07,0.9999925098862572,3.9211529845178443e-07
6,mlp,474,5,5,2.13925351630648e-07,6.402688850409059e-07,1.3669734555256879e-06,0.0033328278812935104,1.1309932912595133e-05,0.996578355812036,7.528520606576194e-05
6,mlp,3091,0,0,0.9999619177948865,1.1757738094721162e-05,3.683601772331085e-06,1.0462638217510914e-09,6.4768940555105795e-06,1.6155459537747655e-05,7.465389401139002e-09
6,mlp,12603,3,3,2.9467224310679844e-06,1.8740791230025046e-06,2.614907147801478e-07,0.9008057944394816,0.011131444414239156,0.0003812247305724747,0.08767645412343815
6,mlp,12590,3,3,1.779936105659351e-05,2.9231692022391383e-06,1.0268817685843172e-06,0.7993555634865508,0.004281338096514109,0.0011263608271176125,0.19521498817779023
6,mlp,2821,0,0,0.999875308994641,1.4297097716343865e-05,4.368172687798506e-05,1.2074298206186118e-08,2.6681904038429977e-05,3.976988978554353e-05,2.4831264234528237e-07
6,mlp,8418,6,4,4.297619017594467e-06,7.896910905057858e-08,5.7084145844138525e-06,0.0011290151791016635,0.9882086755315869,1.910851802529485e-05,0.010633115768575126
6,mlp,1045,5,5,2.3556292741008148e-06,1.144519785171059e-06,1.3958759996676503e-06,0.00012450296612009424,4.070940090735133e-06,0.9998409444595429,2.5585609187509404e-05
6,mlp,5710,4,6,4.5437694968639506e-05,6.545830762560446e-06,4.668658975461042e-05,0.10067674249146337,0.3846481868449679,0.0018593885325348415,0.5127170120155481
6,mlp,748,5,5,3.3971523252992934e-05,1.379121400521017e-05,5.977819169255438e-05,0.08122455969259103,0.0004586721060749433,0.9044625141609474,0.013746713111435889
6,mlp,9377,6,6,0.0006738708518468381,5.273590977636552e-06,0.0007517599229047822,0.0040073311891249495,0.0016795892760065009,0.008789132688430753,0.9840930424807084
6,mlp,11441,3,3,2.466683111846018e-08,6.691629709992325e-08,3.1615391856552948e-09,0.9978708232961904,0.00029080730003569087,5.4608747229815136e-05,0.0017836659118769466
6,mlp,3428,1,1,0.0003553377941684038,0.9995401192363067,9.88086197301244e-05,5.729180544618614e-18,5.353379782405699e-06,3.809700122896456e-07,2.7285750117526756e-17
6,mlp,2955,0,0,0.9998682369046218,1.5738925334879352e-05,5.913215332140988e-05,3.6420361803370624e-09,3.8232174533095796e-05,1.8607412144603385e-05,4.87880082895358e-08
6,mlp,6471,4,4,2.5958997650063594e-07,3.9605608404465986e-08,4.0872969101451457e-07,1.0276079272673227e-05,0.9995392950819233,3.2993163802970236e-06,0.0004464215971478793
6,mlp,5877,4,4,3.2986686519910478e-06,1.9399321512283253e-07,5.430206711223112e-06,0.00016879221865340153,0.991382197656712,1.5308330960251043e-05,0.008424778925096021
6,mlp,12637,3,3,1.784462740544713e-05,6.5112853301806905e-06,1.259033466608728e-05,0.871145199502558,0.0012412542040326651,0.06392418765193696,0.0636524123940706
6,mlp,8804,6,6,0.00017281397908335217,1.1357819164773408e-06,6.491601072596767e-05,0.0014161748748755436,0.0009533459070110612,0.0003027576981137921,0.9970888557482738
6,mlp,389,5,5,2.930641762266215e-06,7.456493208158369e-07,1.2308954998471583e-06,0.001956385345609741,1.4080598354902734e-05,0.9978420849374482,0.0001825419320043706
6,mlp,3519,1,1,3.713446369196798e-06,0.9982793008660457,0.0016859374930426139,6.074684412690605e-20,3.098719325725112e-05,6.100128551591749e-08,3.4870094552325434e-18
6,mlp,7157,4,4,3.397763310435784e-05,6.085229059872422e-07,0.0003383936251556882,5.891122746218527e-07,0.9994907413279871,8.858696151106008e-06,0.0001268310824212271
6,mlp,7667,6,5,0.00048649749116115153,9.152044735805273e-05,0.00031606695384087666,0.15175669048233095,0.0023694634227824376,0.776540419249792,0.06843934195273474
6,mlp,8633,6,6,0.005923723580360609,4.260489927252665e-06,0.000329101003962575,0.022240437397282084,0.019535374683814326,0.0016449436544588442,0.9503221591901944
6,mlp,5001,2,2,3.434724804298492e-05,3.910902967907409e-06,0.9998612977791157,7.613397348969401e-11,9.48790952483034e-05,5.25600071338985e-06,3.088977777949625e-07
6,mlp,6317,4,4,6.930419934537068e-09,3.6779150831718233e-09,1.0677854724856778e-07,1.428091725424263e-06,0.9999952015740968,6.583498654539514e-08,3.1871123087742543e-06
6,mlp,11398,3,3,8.718754235203882e-09,3.6439383627340956e-08,1.4945006085579553e-09,0.9989265711256196,0.00017053515805613554,3.82970768217933e-05,0.0008645499868640657
6,mlp,6712,4,4,5.360025507503402e-06,9.390197408072052e-08,1.5257200552321501e-05,2.3527284930853067e-06,0.9995567926193765,3.36476352453129e-06,0.00041677876057213086
6,mlp,12035,3,3,1.3198365170725444e-07,2.0977241751270492e-07,7.846581736370575e-08,0.9922580396428688,0.0001518321058740807,0.0024892929576433953,0.005100415071727271
6,mlp,8413,6,6,0.0007627746860241306,1.288527367371926e-05,0.0004833522689463251,0.026290768138614813,0.001802176902532364,0.0079547039119164,0.9626933388182922
6,mlp,10575,3,3,3.124988005076557e-11,6.230685846105448e-10,9.730511066837915e-12,0.9999107542950798,5.599109602117306e-05,3.209421138934725e-06,3.004452371097244e-05
6,mlp,10275,3,3,8.890242007359472e-11,1.9366060984512594e-09,9.959163008390266e-12,0.9996288851232479,0.00032470218192611605,1.2786618085468164e-06,4.513199754965295e-05
6,mlp,8701,6,6,0.0003917023596279299,9.988944350248245e-06,0.0002635383740167562,0.02878089364560568,0.0033813700007039958,0.0048703164773014375,0.9623021901983939
6,mlp,3276,0,0,0.9992017629703159,0.0006659592346496991,2.302614010683041e-05,2.636212028435747e-10,1.3106970265679134e-05,9.614319965018242e-05,1.2213905182022215e-09
6,mlp,1932,5,5,2.295778746349485e-05,1.8873996002398995e-05,6.032233412597945e-05,1.965554877242095e-05,6.781949769729996e-06,0.9998221551460512,4.9253237814798755e-05
6,mlp,11050,3,3,5.55695236080781e-10,4.846544022087222e-09,5.578944363749501e-10,0.9994953069737078,2.6347576074413683e-05,0.00030802243252146187,0.0001703170575624577
6,mlp,1033,5,5,2.9587106450557553e-05,1.0957773754149647e-05,0.00013717350972929608,0.03108814361312908,0.00025605727194612346,0.9590256745865862,0.009452406138404769
6,mlp,13309,3,3,4.804078653613644e-05,1.3671328995961428e-05,4.309001497744832e-05,0.8296092471566306,0.003017752642888713,0.023177235115035274,0.14409096295493565
6,mlp,5316,2,2,0.15691268517001725,0.00043774723648820266,0.836655413290208,7.193469381544215e-10,0.005873418207923303,0.00011985568692761776,8.796890886535057e-07
6,mlp,11945,3,3,8.79485682387137e-08,2.3570546360514772e-07,1.3591891391143682e-08,0.9929290721700842,0.001763766220535833,7.311433495905823e-05,0.00523371002849752
6,mlp,6368,4,4,3.665381369556312e-05,1.0398734034590927e-06,0.0002869611788085807,4.5042071925248994e-05,0.9949199898253479,3.179758276067121e-05,0.0046785156540586174
6,mlp,13082,3,3,3.315222051125499e-05,1.5074531937939868e-05,4.192889454784597e-05,0.8133738716999787,0.0020282578732706766,0.08844308615274878,0.09606462862700481
6,mlp,3240,0,0,0.9999911976344705,2.3495343017829637e-06,5.228682557552493e-07,6.140664557234985e-11,3.074215405057668e-06,2.8553339647556008e-06,3.521953253263099e-10
6,mlp,7419,6,3,1.5042145490257553e-05,2.888900493687483e-06,9.571924329727928e-07,0.7716558110871543,0.005244499347065227,0.0009618466466534487,0.2221189546807102
6,mlp,12912,3,3,1.6594939029446544e-05,7.137485240212068e-06,2.0334575697355132e-05,0.8662451274801428,0.0017056158925312448,0.05183725598641715,0.08016793364094191
6,mlp,10137,3,3,4.931932565163404e-12,1.2612292745937764e-10,1.593759427867975e-12,0.9999741053371911,1.3167818937861107e-05,3.05924969713995e-06,9.667461525153741e-06
6,mlp,11545,3,3,2.0004715100613973e-08,5.2131311000433134e-08,1.2027494620901289e-08,0.9974963382571137,0.00011375996945007286,0.000806993743100662,0.001582823866814924
6,mlp,11048,3,3,1.2757986983195064e-09,9.019625967292465e-09,2.5446593406073464e-10,0.999621762760402,7.924130328002479e-05,1.8349798554275443e-05,0.0002806355878731122
6,mlp,12668,3,3,4.311548940010952e-07,6.514096759289687e-07,1.5925948132785814e-07,0.9822085036925623,0.0016356485074211823,0.0002287644707430405,0.015925841505222155
6,mlp,9035,6,6,0.0009522448020280887,4.687350866550564e-06,0.0002933591491945053,0.002173987773085369,0.012173046823569528,0.0005225488743968266,0.9838801252268592
6,mlp,9547,6,6,0.004543311188850365,1.645787073769714e-05,0.0044975449099513036,0.001035898719379829,0.0006812280905693026,0.011254766894555127,0.9779707923259563
6,mlp,201,5,5,3.211713497195906e-06,1.4000428369270853e-06,2.4332216600051746e-06,0.013213562605551992,6.994555088286379e-05,0.9857096815780183,0.0009997652875528248
6,mlp,2243,0,0,0.9993314814091163,2.0603949963647604e-05,0.00021840405225854675,1.734837402013722e-06,9.666746204473101e-05,0.00025274153010766817,7.836675910687798e-05
6,mlp,993,5,5,1.4742415711789786e-05,8.070008126648501e-06,4.3579781564477366e-05,0.009462800390505434,0.00010300330379099227,0.9885844372837741,0.0017833668165265395
6,mlp,1405,5,5,1.4676988609104325e-07,4.791925812610573e-07,2.836219665861124e-07,9.126611991669544e-06,3.8698322597831563e-07,0.9999884100263372,1.1667940111060892e-06
6,mlp,1797,5,5,1.3945362416559348e-05,9.647460174260162e-06,2.4475348956053325e-05,6.827384993644379e-05,7.109695718066189e-06,0.9997988915413034,7.765674149541303e-05
6,mlp,2956,0,0,0.9993812701629763,2.174513523276011e-05,0.0002446188307240116,5.7663950680749365e-09,0.0003234353554916465,2.878648479611263e-05,1.3826438415493327e-07
6,mlp,3315,0,0,0.9924379165646515,0.006445162119181123,0.0008446716480824702,4.86005759739362e-10,0.00012658573479156271,0.0001456589065349638,4.54075258989752e-09
6,mlp,8453,6,6,0.0001457227211990217,7.763010737588361e-06,7.04013787796373e-05,0.063395080627429,0.01679129467450983,0.0019890126696170004,0.917600724917728
6,mlp,10537,3,3,4.825959581414344e-09,1.2935439779874266e-08,5.055905740805638e-10,0.9993781819603562,6.9493532657327e-05,6.348423172262768e-05,0.0004888220082738586
6,mlp,11142,3,3,8.609648352552939e-10,7.42504812763126e-09,2.546867067933888e-10,0.9997482617545397,6.921480097189853e-05,3.588964178452026e-05,0.0001466252620044282
6,mlp,10156,3,3,1.0033200480380475e-11,2.84063902755157e-10,1.03897427603824e-12,0.999971084089516,1.747321397800125e-05,7.920013830239572e-07,1.0650399987177277e-05
6,mlp,6694,4,4,2.191771106751264e-05,4.90004276501303e-07,5.887320187538468e-05,1.3720277057581408e-05,0.9958661357447536,2.418791605168402e-05,0.004014675144917787
6,mlp,5996,4,4,1.5340517729200996e-08,9.714840593458983e-09,3.835678225191608e-08,9.094501054135809e-06,0.9999623944411188,3.937488116276217e-07,2.8053896875047534e-05
6,mlp,6045,4,4,5.122185716325666e-07,3.8318625782903365e-08,3.700000874663693e-07,2.6497337596289293e-05,0.9984725701525052,3.154038253759048e-06,0.001496857934359944
6,mlp,10647,3,3,2.2944708633667782e-10,1.9034218013363245e-09,1.4100920593233733e-10,0.9997964400231689,3.667163470123577e-05,5.0796251971473376e-05,0.00011608981628002244
6,mlp,5612,4,4,7.281261340044865e-07,1.3080128944855114e-07,2.1272104572208004e-07,0.0009832254373450156,0.9945380080257242,1.2249066729237483e-05,0.004465445821732513
6,mlp,9093,6,6,0.00811974343337523,1.470957720110125e-05,0.00039137244393622455,0.0037562830352189163,0.0022072064878744823,0.004427474856655937,0.9810832101657382
6,mlp,1900,5,5,0.43842251635898316,4.727841101145362e-05,4.8706531435827715e-05,0.0002583584330134621,0.0002753608536974614,0.5597999405539911,0.001147838857867703
6,mlp,11812,3,3,1.7167216311864983e-06,5.713211096415935e-07,1.5059131625432713e-07,0.9750325144441675,0.00036362545878814714,0.0019028075180220155,0.02269861394496537
6,mlp,10616,3,3,5.077301747949921e-10,4.226070752671134e-09,7.970689346474368e-11,0.999774147039942,6.213384400016962e-05,9.216445805753086e-06,0.00015449785674413705
6,mlp,13338,3,3,1.1860304340616346e-05,6.2772129072776e-06,3.891188560961425e-06,0.903107872932672,0.0017694840972403046,0.0057364843466907066,0.0893641299175881
6,mlp,2344,0,2,0.3598197195310821,0.00031712007354063615,0.6106725744792647,5.872307487145251e-06,0.001475338233669952,0.007477373589224538,0.020232001785730987
6,mlp,8937,6,6,0.0009385166332395571,2.8933971981816467e-05,0.0005486394752958465,0.02239178110474674,0.0013627087438128301,0.03514687746198778,0.9395825426089354
6,mlp,3055,0,0,0.9981436536878832,2.4445077229796564e-05,0.0010421695688104578,2.0242299922093026e-08,0.0007165844736355157,7.263885650995591e-05,4.880936311731509e-07
6,mlp,2418,0,0,0.99176292369291,0.00019219891507943896,0.0003808656580710315,5.170939294969804e-07,6.0086895859532174e-05,0.007585195337732728,1.8212406417862984e-05
6,mlp,498,5,5,3.834003694989772e-09,2.6551277346797893e-08,6.7609774760445024e-09,6.906058254437426e-06,6.97292499213145e-08,0.9999928230449489,1.6402128830063732e-07
6,mlp,2246,0,0,0.9895977185582124,4.285841401332115e-05,0.008162183922387602,3.5650901749783977e-06,0.00021102184470912305,0.0005626328664743679,0.0014200193040280122
6,mlp,10597,3,3,1.3274342079338057e-10,2.3225523782324927e-09,1.5937670099554338e-11,0.9998970455693098,4.919852577684466e-05,2.7811949403916316e-06,5.0972238739653995e-05
6,mlp,5559,4,4,5.959666896922559e-09,1.4582970406210826e-09,2.6684781372746184e-09,0.00016299407649146062,0.9994126853408547,5.303404274420918e-07,0.00042378015578427427
6,mlp,11784,3,3,3.803994425888955e-08,1.0358551388497493e-07,1.4759584803541783e-08,0.9971907700523215,9.936045180191524e-05,0.0005602083645568682,0.0021495047462767266
6,mlp,2831,0,0,0.9998935620720439,1.1661451120098426e-05,3.231693635688839e-05,1.12862612672679e-08,2.397501595055141e-05,3.816317464645003e-05,3.1006362085198837e-07
6,mlp,2130,0,0,0.9341253997049443,3.7968967446625896e-05,0.01972562699372874,0.00016711263950809456,0.03780588944484751,0.00267860884227436,0.005459393407250127
6,mlp,10303,3,3,1.2014392842573032e-10,1.289659415009426e-09,2.708148868163605e-11,0.9999008244691815,1.9744409069179757e-05,1.2519588114749747e-05,6.691009674974497e-05
6,mlp,10615,3,3,4.0336564468704504e-11,1.332822372462377e-09,6.576434301817408e-12,0.9992652860456972,0.0007048485575733194,1.3356106325420257e-06,2.8528406361554e-05
6,mlp,8160,6,6,0.00025828859948641924,2.8975539904212974e-06,7.829765987310243e-05,0.013932507816543286,0.0021181826317403485,0.0005553557776079128,0.9830544699607586
6,mlp,11578,3,3,1.076343380013244e-08,4.2508802846795556e-08,3.113360810992386e-09,0.998935568029422,0.000140873498001518,0.00012680402738310262,0.0007966980595958184
6,mlp,6724,4,4,1.114615455975789e-06,1.0356562550611749e-07,1.6082323141327603e-05,3.323896781458654e-06,0.9999135947561483,1.5842305682834229e-06,6.419661227915456e-05
6,mlp,11494,3,3,2.233893139814218e-09,1.3124099540181196e-08,1.1744256464936162e-09,0.9993973576087948,6.64657417835949e-05,0.000173447953930981,0.0003627121630723113
6,mlp,9361,6,6,0.0004740802072398919,4.062300240053993e-06,0.0002714946567605369,0.0011686706918782783,0.0021579592689366083,0.0019066539364927832,0.9940170789384518
6,mlp,12289,3,3,2.796061342178465e-08,9.964064404985197e-08,3.361752054939368e-09,0.9902805388025627,0.0072178075254474275,5.42140097823518e-05,0.002447308699197867
6,mlp,3793,1,1,1.8496593915473046e-09,0.9999881802257842,1.1294996972253557e-05,3.699361070561961e-25,5.227005765777967e-07,2.2700762941044376e-10,2.147970250213316e-24
6,mlp,3960,2,2,0.02336945760990925,2.894793003177013e-05,0.969686153918025,1.7583314728180657e-06,0.0009515430443259689,0.0007230843037483592,0.005239054862486543
6,mlp,536,5,5,4.2268747617853905e-06,3.1752130585229114e-06,5.138252742819105e-06,0.00997818663324132,6.870452624360347e-05,0.989305303920185,0.0006352645797669196
6,mlp,8094,6,6,0.00024556767475278243,3.298186461542884e-06,2.1573018744221346e-05,0.014310095854427286,0.0013794928379143034,0.0006903845372709774,0.9833495878904289
6,mlp,8117,6,6,0.0006076739734896574,4.614027486251705e-05,0.00029593968019524366,0.29289292257886623,0.0027660661044526776,0.043774639869533685,0.6596166175185999
6,mlp,7692,6,3,3.727932433824482e-05,8.149162021943455e-06,1.0713715402173039e-05,0.7645368331317173,0.003301867969890113,0.00432470741439865,0.22778044928223165
6,mlp,6320,4,4,4.20956597356534e-06,4.806068844565367e-07,2.0425544001421474e-05,6.02062133865785e-05,0.9990991911364758,1.446498925969811e-05,0.0008010219440184212
6,mlp,6896,4,4,7.099819818392467e-08,1.224655317027129e-08,9.101807756612728e-06,2.4217256938000164e-07,0.9999874267650262,1.1777908276476657e-07,3.028230813608874e-06
6,mlp,6419,4,4,4.303229005691394e-06,1.2004202121639006e-07,9.60200848652922e-05,1.40965982845455e-05,0.9935335338512145,1.0167961080390538e-05,0.006341758233528323
6,mlp,3179,0,0,0.9689056993214546,0.0011298194014507038,0.0294626563363011,4.68686534921946e-09,0.0002888545905774073,0.00021207416193504402,8.915014158551184e-07
6,mlp,2252,0,0,0.9992496774543127,2.0997824289327566e-05,0.0002485696037802249,2.412965746261515e-06,0.00010846456275254699,0.00030426851876372285,6.560907035541236e-05
6,mlp,13533,3,6,0.000284746833517804,8.280361376149739e-06,0.00011714501290219844,0.05714494784125767,0.0038967961348180175,0.0027457362039799266,0.9358023476121483
6,mlp,395,5,5,1.4900582271803085e-08,7.643889957934281e-08,4.660474440976473e-08,6.595678482618277e-05,3.9161367900841787e-07,0.9999325005048181,1.013152450489637e-06
6,mlp,9153,6,6,0.0007744784366396537,5.886808480822379e-06,0.00020040681871727969,0.0019305348494405657,0.003109558185818476,0.001062230306053936,0.9929169045948493
6,mlp,12369,3,3,1.034898604738497e-07,2.1105649206941913e-07,4.8421586731470305e-08,0.9951843179213873,0.00022046301004346108,0.0009889092254359636,0.003605946875194163
6,mlp,1793,5,5,1.4314958464195385e-05,8.644257404848293e-06,3.073396451489691e-05,0.000137766638419681,1.1226495857212257e-05,0.9995796497818084,0.0002176639035309576
6,mlp,10627,3,3,6.208112227236337e-10,3.52811827964636e-09,1.6364400004530044e-10,0.9996720707810075,4.978126795481438e-05,2.9464418386858796e-05,0.0002486792200774068
6,mlp,11238,3,3,7.018714021406431e-08,1.5579606400374343e-07,5.0610689441209304e-08,0.9733020882272626,0.00017274418570920703,0.0250768974340484,0.0014479935590860863
6,mlp,5245,2,0,0.9644127778257852,0.00020066948457213982,0.020683972203244624,2.4251362811846427e-09,0.014626796453054003,7.5706805357174e-05,7.480285036135448e-08
6,mlp,3507,1,1,0.00031044150374781663,0.9996811543861708,6.413089103092441e-06,3.3163035639315823e-19,1.9157734358739227e-06,7.524754222822295e-08,2.7440475317123447e-19
6,mlp,9967,6,6,0.0668267605477918,3.7793522371480926e-05,0.0304488183293967,0.00022687170245690047,0.005807842156963276,0.0019452658806621153,0.8947066478603577
6,mlp,8036,6,6,0.00034320800399939853,1.2151327751741211e-05,4.066006929110884e-05,0.06794906093744738,0.0072342473522127426,0.0016192311630148582,0.9228014411462827
6,mlp,362,5,5,6.816332980782793e-07,1.2104367659155252e-06,3.2459934258554814e-06,0.014705916811018429,3.8708312474159e-05,0.9849364764622363,0.0003137603507813165
6,mlp,12564,3,3,4.216046647307958e-06,1.4811444653515076e-06,6.110477059584963e-07,0.9127181973865861,0.000620013438632852,0.002540014886211815,0.08411546604975054
6,mlp,10882,3,3,3.019519832138351e-08,2.683885916289258e-08,1.884101176847431e-09,0.995858310394436,9.554761026763581e-05,0.00016332861519764043,0.003882754461939892
6,mlp,3041,0,0,0.9996388604248622,7.026640439101874e-05,8.733196610834273e-05,8.591123262019174e-09,3.93772001457802e-05,0.00016347685247779036,6.785608915565479e-07
6,mlp,9053,6,6,0.001740597423348206,1.631389790962624e-05,0.0012428882076822596,0.005982445439700496,0.0013226046535434047,0.014577225783084334,0.9751179245947317
6,mlp,12835,3,3,4.451672424385862e-06,2.6230434797736697e-06,2.6316239904338896e-06,0.9487494324003459,0.0006121347425520188,0.010276895123084464,0.040351831394122774
6,mlp,1069,5,5,0.0006207282234512826,3.507238806335278e-05,7.398575083795375e-05,0.007675909431626382,0.0002791066548120276,0.9861230319120812,0.005192165639127805
6,mlp,10223,3,3,2.1872601767799006e-10,1.7449425780095533e-09,1.6482848620525615e-11,0.9997662989960197,8.906631821370433e-05,2.5950906626231902e-06,0.00014203761495250355
6,mlp,8538,6,6,0.00024173708352442726,5.1697250628253255e-06,0.00014918364291124556,0.01757433124003097,0.001775244926006714,0.001407360737642263,0.9788469726448215
6,mlp,6426,4,4,0.007693830906362088,4.624321626869748e-05,0.06036491207014831,0.0006445547765398167,0.6874294578043204,0.001556564180205936,0.24226443704615472
6,mlp,8111,6,6,0.001094750149182947,3.490044809136662e-05,0.0005329456535380753,0.0869775596370152,0.001996444336662005,0.04864078395928857,0.8607226158162218
6,mlp,6427,4,4,1.811064873791438e-05,2.161226685612155e-07,3.736386284938404e-05,1.3895864017661274e-05,0.9959483677088946,1.1377620322874122e-05,0.0039706681725090705
6,mlp,8410,6,6,0.0002510175318835445,1.4600280421137107e-05,0.00019794348515544898,0.11383460707951035,0.0016597920316174409,0.010670795877581473,0.8733712437138307
6,mlp,13162,3,3,3.954680257921902e-06,2.2961966888296103e-06,1.2263366590423342e-06,0.957975092632676,0.0028764151617292496,0.0019142326951888662,0.03722678229680031
6,mlp,12093,3,3,1.748766197613084e-07,4.885653842458592e-07,4.4753810491407485e-08,0.964848349526691,0.020251529600658926,6.272031768968825e-05,0.014836692359145897
6,mlp,5061,2,2,0.00016931679300629383,4.81103977358565e-06,0.9997284365530863,5.324967191527938e-11,8.370182587461413e-05,1.3656325545590418e-05,7.740946396711292e-08
6,mlp,2427,0,0,0.9997693266275471,7.084043596657381e-06,4.123008506538007e-05,1.8430908464005687e-07,9.90987616858622e-05,7.722682064385594e-05,5.849352376413945e-06
6,mlp,5170,2,2,0.011112317350387936,0.00040108014507480254,0.9882214025760818,4.454298816371128e-10,0.00017945812282825938,8.424121782752031e-05,1.5001423696501883e-06
6,mlp,983,5,5,1.2678993910781923e-06,1.4302009045926977e-06,4.26216749147081e-06,0.0008014391039225522,8.303664921342536e-06,0.9990714965197267,0.00011180044364241982
6,mlp,1554,5,5,0.0006673455260130815,5.846037371208474e-05,0.001032894187343551,0.0067088922548509886,0.0003549733879878952,0.9762963173225339,0.014881116947558387
6,mlp,1957,5,5,0.0033694682360362097,0.0001656131618263219,0.002455942194461343,0.00022945311392417883,0.0001910900062873402,0.9881753005098577,0.005413132777606922
6,mlp,4401,2,2,0.005974731360099487,1.5749779728250185e-05,0.988707841893022,1.8320414098982683e-08,0.005148091584102855,0.00010044937736629808,5.311768526706016e-05
6,mlp,4220,2,2,0.06879236827562066,0.00015061960540102933,0.8465021647995192,4.38389014055157e-07,0.08324760378549717,0.0009390668709230502,0.00036773827402479086
6,mlp,8276,6,6,0.0004994810984642881,9.836069097999268e-06,0.00010898799283717072,0.017841545909673545,0.027632127807167384,0.0008278147045731709,0.9530802064181864
6,mlp,11129,3,3,1.8456366995369952e-09,1.0780546049636738e-08,8.284884169002937e-10,0.9994756310933501,4.903871458425283e-05,0.00012767532341811396,0.000347641413976127
6,mlp,7615,6,6,6.386894075657898e-05,4.088133007191966e-06,4.318062665181835e-06,0.2601311046937985,0.17311466145975568,0.0005879254950438451,0.566094033214973
6,mlp,9270,6,6,0.0016416766543866671,8.320588167232078e-06,0.0007762853172388428,0.0029791405955538323,0.009304754223632037,0.0015134948067616586,0.9837763278142597
6,mlp,7355,4,4,0.0015807239844015549,3.674603015783435e-05,0.39813572900090866,6.736001245739233e-08,0.5999780790417439,0.00018443163774171985,8.422294503375415e-05
6,mlp,7725,6,6,6.599387906254872e-05,9.190610199842925e-06,2.229705133535788e-05,0.4259610025686227,0.00957398010385646,0.0022960813634021987,0.5620714544235208
6,mlp,8584,6,6,0.0012347100929011982,3.591868466328853e-06,6.275730656205132e-05,0.005782682167317877,0.00042166767307992624,0.0011953456943252958,0.9912992451973472
6,mlp,7776,6,6,0.00031961765974955226,1.8457683039056464e-05,2.3399149664960035e-05,0.16259896896102544,0.02501009633057268,0.0014167129807891889,0.8106127472351592
6,mlp,343,5,5,1.4216038230130831e-07,4.798310236410585e-07,7.343847838327771e-07,0.005173398403798931,1.0684410722242756e-05,0.9947472680863038,6.729272298536308e-05
6,mlp,10327,3,3,2.767590449172976e-10,2.0681909626770007e-09,4.07793291666637e-11,0.9998500834354048,3.090833369295319e-05,1.0573031932447087e-05,0.0001084328132403571
6,mlp,4157,2,2,0.003773691684489815,2.7938731391901605e-05,0.9940601727792248,1.3987158836884035e-07,0.0012227506625484882,0.00030776634846104556,0.0006075399222955469
6,mlp,11992,3,3,3.7223521141657133e-07,6.838832276900728e-07,4.847502353871333e-07,0.9476263072448516,0.00025819265292249745,0.04753570952640287,0.004578249707148476
6,mlp,70,5,5,5.312165449204676e-09,6.7577069727505325e-09,3.905779380635982e-09,8.621959392290083e-06,6.706024653041171e-08,0.9999910662376497,2.287670596508612e-07
6,mlp,7031,4,4,0.09130248964906766,7.777362996312774e-06,0.1908106636117847,1.1045500450545818e-05,0.7041017233960762,0.010397362804560337,0.0033689376750640613
6,mlp,4248,2,2,0.02493225610576547,8.308762351673626e-05,0.9732858323456618,9.830788440847826e-08,0.0004876524775803012,0.0008423540312230126,0.00036871910836819267
6,mlp,6260,4,4,3.270714681832127e-06,5.70346978903606e-07,5.747912563070593e-06,0.00027767615145067923,0.9956953307008428,7.706878146632763e-05,0.003940335392016457
6,mlp,9194,6,6,0.0020328194058950423,1.1309910628207561e-05,0.0008453662720671417,0.0025986893196846992,0.0006734748196906508,0.004906406763292994,0.9889319335087413
6,mlp,11535,3,3,1.0533323312024355e-08,4.402320190227362e-08,1.6514242650295685e-09,0.9987629291182579,0.00016657177324757967,3.683110463507086e-05,0.0010336117959098064
6,mlp,535,5,5,3.627653684666817e-05,1.2055522705388734e-05,2.9769355479170767e-05,0.18909453685153044,0.0005083364319465958,0.7915483923675605,0.0187706329339312
6,mlp,1692,5,5,6.3253146717369794e-06,4.840784475689785e-06,1.3365776560474054e-05,8.673930306111913e-05,5.574243107763182e-06,0.9998058095343967,7.73450437267767e-05
6,mlp,6135,4,4,0.0008870330746808071,4.438629614556997e-06,0.0004326777197018805,0.0004328732343855524,0.8838307639481063,0.00025335468670686445,0.11415885870680398
6,mlp,5972,4,4,1.358971948350486e-05,1.3461451336211393e-06,2.163949359365019e-05,0.0002698407291668797,0.9957334124863628,3.6006959861258585e-05,0.003924164466398417
6,mlp,11991,3,3,7.006108041557882e-07,7.834388744110653e-07,5.815373126102786e-07,0.8776158276525694,0.0003695560189568552,0.11297666769533707,0.009035883046145277
6,mlp,12002,3,3,5.7971370593303376e-08,1.1514961417833941e-07,2.4577781002320215e-08,0.9960493900918919,0.0002221014187004144,0.0004654370448334604,0.0032628737458085
6,mlp,2179,0,5,0.029267533975264545,0.000628769921105048,2.4730140624222098e-05,1.152096069692522e-06,2.4114955203535436e-05,0.9700494813448466,4.217566886319681e-06
6,mlp,789,5,5,1.9195536513786057e-05,7.453526208452107e-06,2.1432317440042986e-05,0.014421092829136402,0.00016551601494249613,0.9812080738760927,0.004157235899666187
6,mlp,13321,3,6,0.00020072938269299431,1.5399516171143055e-05,3.525139958257684e-05,0.1952527896500026,0.00670259804745657,0.0016666750888209847,0.7961265569152731
6,mlp,3048,0,0,0.9999458165492625,1.4749488368199803e-05,1.2246515587440593e-05,1.0224745319259217e-09,1.8232902913906895e-05,8.950282358066874e-06,3.2390356347221654e-09
6,mlp,11658,3,3,8.776272883821816e-08,1.548754720684718e-07,7.104361141603765e-09,0.9885397821889741,0.0033110413148652014,4.8378593742235794e-05,0.008100548159856492
6,mlp,8218,6,6,0.0005186639380252044,7.566522618859489e-06,0.00013090961844992407,0.01738929914997622,0.0019298566935529243,0.0011561663050663517,0.9788675377723106
6,mlp,3165,0,0,0.9946388035082827,6.96766963931819e-05,0.005107788723085286,1.3574246945067129e-09,0.00015612906069298248,2.7489356804755484e-05,1.112973163979013e-07
6,mlp,4574,2,2,0.0321664068852568,0.00010062621745890377,0.966776902654013,1.2565771554534196e-08,0.0004957317378521071,0.00041968888551827176,4.063105412910657e-05
6,mlp,12854,3,3,5.842436695100256e-06,3.0063034531761215e-06,1.4837579883644763e-06,0.9449726317371688,0.0008930017872170766,0.003255264252963685,0.05086876972451377
6,mlp,826,5,5,6.11435213626146e-06,8.568857514429546e-06,4.004472851141627e-05,0.10658149663691406,0.00028733064074760626,0.8874751726693947,0.005601272114781623
6,mlp,2043,0,0,0.8634480173957506,0.00015370158098434788,0.0025551239565613187,0.0017189663309307352,0.0018424666469540757,0.021466147698423796,0.10881557639039496
6,mlp,13021,3,3,5.1731386790120396e-05,2.112071852555327e-05,6.288502202236371e-05,0.5400746595994423,0.0015771250208202203,0.3790497594231616,0.07916271882923769
6,mlp,10640,3,3,4.882339373092394e-10,3.257774397497683e-09,3.933668202266107e-10,0.999565962944334,3.1676201825133354e-05,0.00024574741012301264,0.00015660930434273978
6,mlp,12076,3,3,3.5271410021678164e-08,6.653616024015289e-08,1.9597635036033732e-08,0.996372120903412,0.0003106674409050616,0.00020542996240936718,0.003111660288068375
6,mlp,6854,4,4,0.001379822735078388,2.2910100103731147e-05,0.06494086396656126,7.833650276485246e-05,0.8880875498088595,0.0006000902573378025,0.0448904266292944
6,mlp,12740,3,3,2.263051424432932e-06,1.367367751959949e-06,1.1154497675700902e-06,0.9526871700297315,0.0005689168441189211,0.0032159932251450926,0.04352317403206057
6,mlp,3189,0,0,0.9998316545465863,5.7801694652612375e-06,1.169652945700128e-05,5.112093637611128e-10,0.00014228441820402697,8.580103746357773e-06,3.7213316441942494e-09
6,mlp,2778,0,0,0.9990830163898019,7.675392638307492e-05,3.253117083947514e-05,1.3856107289236437e-07,5.7351411215187715e-05,0.000748788623043844,1.4199176436516456e-06
6,mlp,3326,0,0,0.9954341831313962,0.0006630958465445796,0.003729844517433125,5.2446403804189995e-11,0.000153102591950341,1.977183870955379e-05,2.0215198392119487e-09
6,mlp,7037,4,4,1.540274744554917e-05,4.3783012670048193e-07,9.81528233037279e-05,2.61313735886357e-06,0.9992436751426897,1.0611009540590449e-05,0.0006291073095348306
6,mlp,1585,5,5,0.00011183588860959545,4.8635966299951673e-05,0.0008581149367516572,0.013684985616905631,0.00035636279922176525,0.9733941424625664,0.01154592232964513
6,mlp,2806,0,0,0.9993339075332675,5.689449095887615e-06,5.973222327375601e-06,4.86354399416081e-09,0.0006257554882031649,2.866489628674248e-05,4.547275524907718e-09
6,mlp,9599,6,6,0.0110528531097307,4.5439626362705155e-05,0.004360963023118462,0.0014488162700319234,0.000658539851171845,0.03049820878161122,0.9519351793379731
6,mlp,5012,2,2,0.00043143336356521987,1.7165546014451475e-06,0.9954615406352271,2.1915296670716204e-10,0.004086021832457957,1.920509788284426e-05,8.229711246746387e-08
6,mlp,6750,4,4,1.501419194570219e-07,5.601978538687744e-09,1.4055703495988462e-06,3.1930952046184686e-07,0.9999398108901549,2.858536688569571e-07,5.8022632408160623e-05
6,mlp,12942,3,3,7.387516124414739e-06,3.0924185943208977e-06,3.347609686247332e-06,0.9237543366237789,0.0010557609920504106,0.006164852123026987,0.06901122271673858
6,mlp,11998,3,3,1.6314434622022446e-06,1.266271393529894e-06,6.158886594451018e-07,0.9234395239835688,0.0005127278138038425,0.05745637498197652,0.018587859617135685
6,mlp,3571,1,1,5.0363818475458116e-05,0.9999494001000019,6.57328525027777e-08,8.657185114348966e-21,9.874588787145771e-08,7.160278250825055e-08,1.7055867524509228e-21
6,mlp,1148,5,5,1.8068475288627332e-06,2.0888441422243062e-06,1.6598244109616575e-06,0.000228271229537996,5.8238206403952505e-06,0.99971457182425,4.5777609489431776e-05
6,mlp,6184,4,4,3.248264235996878e-09,1.2565872690334812e-09,1.6340992652973287e-08,1.256165453472332e-06,0.9999888056862692,8.702590343848559e-08,9.830276529637387e-06
6,mlp,8957,6,6,0.003571562179670406,0.00010385499209926575,0.005962027501800566,0.017119024759381606,0.0015050768580464917,0.2884727273266921,0.6832657263823094
6,mlp,6104,4,4,4.8055708603179565e-05,7.662349608951416e-07,5.360599852637926e-05,0.00016497110453377086,0.9497836692057605,5.596939852025632e-05,0.049892962349094884
6,mlp,1167,5,5,3.877259592604006e-07,9.496069646837603e-07,2.0710814586331197e-06,0.00019547826204217974,2.4778194985268825e-06,0.9997756481749108,2.298732916607014e-05
6,mlp,3153,0,0,0.9977056097035942,0.0013045630795242861,0.0003173963454710283,4.920301594701866e-09,5.311702642640073e-05,0.0006192217475863813,8.717709586550463e-08
6,mlp,10576,3,3,1.150949784769653e-10,1.2628890626997996e-09,7.130265122459272e-11,0.9998372071620107,1.4285431086966623e-05,7.802317785831572e-05,7.048277975727702e-05
6,mlp,5406,2,2,0.0001465829226873328,0.00011846645767359579,0.9996263693852168,6.833464120862665e-12,9.865353217958528e-05,9.895776017660293e-06,3.191939157473128e-08
6,mlp,5762,4,4,4.0840061707838235e-09,2.0815383586310103e-09,2.927683576928752e-08,8.067015197748085e-06,0.9999798697205307,1.2338696648623013e-07,1.190443492480592e-05
6,mlp,12580,3,3,6.142367562881815e-07,7.30675206595506e-07,1.2536276825909125e-07,0.9781065477223703,0.0013263110939298682,0.00025716751942590283,0.020308503389542914
6,mlp,7110,4,4,5.0551160203088e-07,3.284682888632414e-08,5.73938755796094e-06,2.1525470392747192e-07,0.9999853675740268,3.5135084391085775e-07,7.788074436476454e-06
6,mlp,7535,6,3,3.5492923477866095e-05,8.008051607611473e-06,1.722862694555367e-05,0.8229394356809159,0.0028853108900648446,0.010831549299356641,0.1632829745276314
6,mlp,11549,3,3,4.412536721354927e-08,1.306482774526782e-07,4.849324852726609e-09,0.9960055492904667,0.0014356107234287454,4.4786236816566494e-05,0.002513874126318494
6,mlp,148,5,5,5.8424003405600455e-08,7.954219235869621e-08,1.1339256306872421e-07,0.0004997261224975352,1.655963781343853e-06,0.9994869623139846,1.140424097767439e-05
6,mlp,8953,6,6,0.0010792726539007327,1.676364487434057e-05,0.0009002853714888365,0.011304812393859252,0.0009653676371844996,0.007302282434230008,0.9784312158644624
6,mlp,5953,4,4,1.1880839267318206e-06,2.593444532092955e-07,2.471528434985959e-06,0.00017455346744134738,0.9984531826592477,9.579503089654182e-06,0.0013587654134062433
6,mlp,2999,0,0,0.9933771462980279,5.232924189172358e-05,0.006117243336705829,6.066962047681323e-09,0.00041057511670113296,4.217834920855175e-05,5.215905025994978e-07
6,mlp,2567,0,0,0.9998479726157824,1.0219135470987516e-05,2.92308627133034e-05,5.769063458385061e-08,1.8567460940726198e-05,9.174206274808867e-05,2.2101717099614758e-06
6,mlp,11414,3,3,4.744635988678909e-08,9.762569497273726e-08,2.375860866267749e-08,0.9950142629020668,0.0001251982005167889,0.002768006592843863,0.002092363473909011
6,mlp,8251,6,6,0.0003261652191443395,1.0576885086051156e-05,9.268566127772798e-05,0.051850385849578386,0.0023747442756501275,0.0016683149416685716,0.9436771271675948
6,mlp,5079,2,2,0.003595141679612257,9.275295461250755e-05,0.9920274857413212,1.2870519299867698e-09,0.0038530736773420816,0.0004288843364983982,2.660323561644105e-06
6,mlp,1418,5,5,3.7176915554914526e-09,4.147373556466306e-08,1.868786744556889e-09,3.5067928233359645e-08,6.570990829516459e-09,0.9999999093658287,1.9350384734674853e-09
6,mlp,4933,2,2,0.0006392991115304467,1.3313161334455375e-05,0.9990260833823267,6.893714057795117e-10,0.00030029933168883777,1.9617340090646202e-05,1.3869836577724889e-06
6,mlp,8592,6,6,0.00601879423086138,2.8208592838077574e-05,0.00032910512797946557,0.018839955857185356,0.004201669166928104,0.0017634461777682657,0.9688188208464393
6,mlp,4458,2,2,0.0003115643355595926,2.6853305247469913e-06,0.9995451724331791,1.8612990631630035e-09,0.0001107885625656182,2.3223433896483248e-05,6.564042975568531e-06
6,mlp,11458,3,3,3.32476811299385e-08,7.608304808981151e-08,2.392321091050411e-09,0.9952327432867671,0.0005154674634326393,3.513399550255103e-05,0.00421654353124736
6,mlp,9140,6,6,0.0006658449649103795,4.007354229962896e-06,0.0013842406034918976,0.0018305993408126392,0.304534796492951,0.0008279086942172962,0.6907526025493868
6,mlp,12588,3,3,6.964901482074433e-08,1.6096668469428205e-07,3.213359071148393e-08,0.9966296961115334,0.00032634358620140517,0.0007589958466785684,0.0022847017062965274
6,mlp,12094,3,3,7.352611506494082e-08,1.7923332256796127e-07,1.4221659070345316e-08,0.9945775518136389,0.0009814022232613065,9.415328144462534e-05,0.004346625700558496
6,mlp,8452,6,6,0.0005664581458069426,5.5092565041033724e-06,9.534594513998486e-05,0.01009905835885245,0.0008987457749854414,0.0008170326672188588,0.9875178498514923
6,mlp,943,5,5,3.882094790054177e-05,1.4001861572146438e-05,0.00015793814496617718,0.0491752392775481,0.0004189780626727106,0.9373506006171717,0.012844421088168514
6,mlp,13504,3,5,0.00030324444573578854,8.039844957788971e-05,0.0006540957691104518,0.2897218214486179,0.0019054299740773211,0.5211499151697229,0.1861850947431578
6,mlp,6450,4,4,0.00030035066261426186,2.9329580421148765e-06,0.002207805936309173,4.765807941506297e-05,0.9926677809819309,6.355751079828004e-05,0.004709913870890135
6,mlp,11047,3,3,7.648406229650391e-10,7.909740016856947e-09,1.2460056935112023e-10,0.9997697513941581,7.384454646522155e-05,1.0888315943570122e-05,0.00014550694425188802
6,mlp,5419,2,2,1.7772197656950725e-05,1.1418741894733521e-05,0.9997435406102686,1.598650578047411e-12,0.00022519109805891452,2.075265162880659e-06,2.085359106867091e-09
6,mlp,3008,0,0,0.9948356741750413,6.184452518582284e-05,0.004502408811981029,4.164862892151534e-08,0.00041928384113182245,0.00017909897915795145,1.6480188733627794e-06
6,mlp,8467,6,6,0.00023332660833177364,6.568931065405618e-06,7.005725985611263e-05,0.016042110481406073,0.00340124888520212,0.0010473725591176044,0.9791993152750208
6,mlp,6834,4,4,1.435845745672983e-05,6.100972779317781e-07,0.00019920626456041405,8.890655462795302e-06,0.999240148511302,1.2011587060544207e-05,0.0005247744268795637
6,mlp,11301,3,3,3.628526572669684e-08,8.12298190610596e-08,2.567391848313481e-08,0.9921538648327196,0.00016654705424498856,0.0058191926676088275,0.001860252256423176
6,mlp,9857,6,6,0.008148169307042524,3.0333377531695805e-05,0.020614156949298846,0.0005969123948185369,0.0012610522346283735,0.00268446441560655,0.9666649113210734
6,mlp,8929,6,6,0.001561855068722034,8.608365607374803e-06,0.0004991036061217744,0.003071759942943945,0.004738876916172856,0.0006030429240802358,0.9895167531763518
6,mlp,8496,6,6,0.00029890869073935386,4.684552613263275e-06,2.5366613870988124e-05,0.009520532113247594,0.015459716765124514,0.0007481244108423213,0.973942666853562
6,mlp,7034,4,4,0.0005508629919988276,4.429710109710298e-06,0.0386034423089346,3.0747121617518865e-06,0.960063066315879,6.97796520084896e-05,0.0007053443089076864
6,mlp,3882,2,5,0.07879640303909875,0.0004517838448392136,0.017709340283147575,7.554922860613986e-05,0.0005018181272573323,0.8954699984371162,0.006995107039934768
6,mlp,6254,4,4,1.4202457082254094e-08,1.9708966859381456e-09,3.0591770340867604e-08,1.4736580477385563e-06,0.9999271202845379,1.7043180291530602e-07,7.118886048762867e-05
6,mlp,12797,3,3,2.5527238996381e-06,1.856836115805287e-06,2.7492978998354783e-07,0.9263214875442228,0.002730323222796929,0.00030183163680298655,0.07064167310637176
6,mlp,8962,6,6,0.00558185130126722,9.31878285471402e-06,0.0006702568461332422,0.003506967071981446,0.004443092010041098,0.0010196820925472074,0.9847688318951751
6,mlp,10401,3,3,2.4313258186199336e-11,7.541338612459349e-10,4.1602570408854065e-12,0.9999063038016456,6.807158944391629e-05,1.1519233123546773e-06,2.44719029907298e-05
6,mlp,12657,3,3,2.97640085072622e-06,1.6787607827675342e-06,3.735876693802735e-07,0.9545170977654509,0.001259825118084622,0.000556190950795378,0.04366185741636634
6,mlp,10548,3,3,1.2300663601039013e-09,6.20900516554953e-09,6.002011555668788e-10,0.9991913651486615,2.7229732149978763e-05,0.0005580171923228815,0.00022337988759309787
6,mlp,12672,3,3,6.137363615996882e-07,8.491652622171738e-07,1.764819167491509e-07,0.9651251588417751,0.007965758199683579,0.00021668667265233317,0.02669075690234844
6,mlp,6028,4,4,7.753694427564505e-09,3.842965564289591e-09,8.658513447925704e-08,1.6851629806368313e-06,0.9999962803971397,7.631797400187968e-08,1.8599401110110513e-06
6,mlp,9167,6,6,0.0008726771319635171,9.086047995537846e-06,0.0004140215611593127,0.004021845400672404,0.0005385697540618338,0.004924992216706111,0.9892188078874413
6,mlp,4173,2,2,0.005025141645601598,2.6606460183232353e-05,0.9931985688075611,1.2736079401074993e-07,0.000948265956319074,0.00030937699362209437,0.0004919127759189617
6,mlp,10267,3,3,9.542867717278876e-11,2.1008342284153826e-09,1.120837382246202e-11,0.9998532703498165,0.00010298301805874252,1.3055986406234503e-06,4.243882601285682e-05
6,mlp,1392,5,5,6.795231982617516e-07,2.0025618591548833e-06,2.5327252153870026e-06,0.00017467751286834215,3.425772013588102e-06,0.9997893373549891,2.7344549856035863e-05
6,mlp,857,5,5,1.0694960069371364e-05,3.7909374756055185e-06,1.2109703941851205e-05,0.0028349017583024607,4.2128929622730995e-05,0.9964347554428565,0.0006616182677315067
6,mlp,8526,6,6,0.00011954200325351047,3.7490224851592297e-06,2.1917933213397506e-05,0.009690363743265557,0.00698077950368106,0.0006044346005496074,0.9825792131935518
6,mlp,7386,6,3,1.6073435799776868e-06,8.590907185356687e-07,4.200158795683768e-07,0.9545717215781507,0.0006574808898264202,0.0010656872910208032,0.04370222379082387
6,mlp,12948,3,3,4.92604579956864e-06,2.5714151543290657e-06,8.036730479036101e-07,0.5113945289118952,0.29465467255656985,0.0002711710113932921,0.19367132638613985
6,mlp,9034,6,6,0.0011767385751909464,6.787860594806884e-06,0.0005915955014124771,0.002383328920599775,0.00111902695145212,0.0008028974237962811,0.9939196247669537
6,mlp,10194,3,3,1.8193658900773333e-11,3.0376990646780523e-10,6.047616149393016e-12,0.9999593470027742,1.0496442137594453e-05,9.954046484898965e-06,2.020218059214808e-05
6,mlp,5225,2,2,8.012127381968597e-05,1.0499168905310308e-05,0.9995866717362902,3.770005719714632e-11,0.0003165103734238173,6.087704465652163e-06,1.0970539512964028e-07
6,mlp,7803,6,6,7.628894216524514e-05,1.1713968089852624e-05,1.8861491191611624e-05,0.1587811527799774,0.16918951626849352,0.0008654831259941716,0.6710569834240883
6,mlp,9258,6,6,0.004877528318353918,3.156078257233017e-05,0.001132184822923512,0.004482720086692687,0.0010438684783376066,0.015867265447178147,0.9725648720639418
6,mlp,1318,5,5,1.2122227259463857e-05,9.348226076155808e-06,7.257242638718519e-05,0.0038969615317231325,5.881444864843459e-05,0.994719961466905,0.0012302196730006232
6,mlp,7921,6,6,0.0006131115008359244,1.0617201411213491e-05,2.030178852015026e-05,0.08379909000086073,0.019021561234857914,0.0015288091631979848,0.8950065091103161
6,mlp,11690,3,3,7.147538539390644e-08,1.2211386507850695e-07,1.9745402918325204e-08,0.9947716447055505,0.0001246974257656718,0.0005873788720743324,0.004516065661956146
6,mlp,8382,6,6,0.0005292340224314749,8.781317037682509e-06,0.00010266767374493621,0.025726001551825837,0.29319622770778125,0.0007379302639402292,0.6796991574632385
6,mlp,5395,2,2,0.0010865458625585972,9.820395111675027e-05,0.9983475753702188,2.8300434574850566e-11,0.00045451365921170825,1.3104397329312527e-05,5.67312643999608e-08
6,mlp,12049,3,3,4.408328307143259e-08,1.1764504356085612e-07,1.8824271128405262e-08,0.9973133318869213,0.00017135694124636552,0.000591709543341022,0.0019234210758934545
6,mlp,10430,3,3,1.6894360826685441e-10,2.873052409690241e-09,2.451709221952853e-11,0.9998018251181032,0.0001238071098385075,2.55944732559337e-06,7.18052582194996e-05
6,mlp,3407,1,1,0.0010869538090701534,0.9986915588125649,0.00020381293219291592,1.6215651825845364e-17,1.6989159397126767e-05,6.852867746764827e-07,1.8000515288392657e-16
6,mlp,11388,3,3,4.621570134884028e-08,6.866299087057606e-08,4.3248969387862624e-09,0.9956122293068559,0.00023203842215452355,7.882689328652175e-05,0.0040767861741139895
6,mlp,10759,3,3,2.6049208907562727e-10,2.973546226457341e-09,1.006856633700447e-10,0.9998376445810911,3.0090418034678588e-05,3.853500773124178e-05,9.372665841919234e-05
6,mlp,3336,0,0,0.9999872270948401,9.719059712351689e-06,3.3214951909331166e-07,1.0856058474880955e-12,2.3560629408684633e-06,3.656304701527464e-07,1.4317170810508242e-12
6,mlp,2924,0,0,0.9923193874363214,6.420511225017282e-05,0.007208298259019825,9.154301869755396e-09,0.00034591114053275564,6.097332771395585e-05,1.2155698598320283e-06
6,mlp,11910,3,3,1.624886564337877e-07,1.7798235050406966e-07,3.427538089852765e-08,0.9891623421134307,0.00021436871351675264,0.0004840073983107107,0.010138907028354112
6,mlp,1983,5,6,0.02107329210915148,2.3194089398711394e-05,0.00940226008344649,0.0008768073545108628,0.002151502660337202,0.008546884257634148,0.9579260594455211
6,mlp,7619,6,3,0.00013992496533108846,1.8165429273605896e-05,0.00010692097872603404,0.5238120046203912,0.0032798934208141286,0.03765071402848955,0.43499237655697437
6,mlp,1815,5,5,8.999269366180279e-06,1.0067631161353632e-05,3.956750343172346e-05,0.00010487234933721876,7.659750443783208e-06,0.9997389950225551,8.983847370448374e-05
6,mlp,2499,0,0,0.9998136094477287,8.777509006902424e-06,5.0537975369287515e-06,2.4558101484123984e-08,3.179139828664959e-06,0.0001692769429643735,7.86048329006611e-08
6,mlp,12762,3,3,2.0046619622252107e-06,1.5515555589470792e-06,1.1802574933636063e-06,0.9610533385531769,0.0005617455258628991,0.0064399455058309,0.03194023394011502
6,mlp,3163,0,0,0.9999565800362026,4.322701757300018e-06,1.1893379654120673e-05,2.0347782105893606e-10,2.431573403777505e-05,2.8835794029521805e-06,4.365467371882548e-09
6,mlp,12262,3,3,1.5427831054838717e-06,8.570059187216649e-07,2.554861926192602e-07,0.9715305605001768,0.0007859627847421949,0.0009696038144852314,0.026711217625378897
6,mlp,1243,5,5,2.1313316401345056e-05,6.807092822911333e-06,1.4665293380672874e-05,0.001439350655770071,3.842352612188528e-05,0.9975387552466297,0.0009406848688735199
6,mlp,1020,5,5,7.457101310369723e-07,1.4839224712324313e-06,7.478010481497429e-06,0.0015828743353229159,1.0659026830210617e-05,0.9982556113396128,0.00014114765515029862
6,mlp,13023,3,3,3.834566618357769e-06,2.4172457108841054e-06,4.98771487630954e-06,0.9481333390532258,0.0008493880746695634,0.01642020256350612,0.034585830781393136
6,mlp,9888,6,6,0.007255500485779727,6.420862588740766e-06,0.003102204614149585,0.0001413386249655383,0.0018043244453001765,0.0010514289123924765,0.9866387820548237
6,mlp,11538,3,3,1.530576604670513e-08,5.100272766082608e-08,6.036868040635944e-09,0.9982107001223094,7.407442396877125e-05,0.0003856942189893918,0.0013294588893705717
6,mlp,4325,2,2,0.0015896658820016131,5.546487600918585e-06,0.9963713685603328,8.044618179395178e-09,0.0019546060518964,5.8768132257547725e-05,2.0036841292534145e-05
6,mlp,7008,4,4,0.0008530319472356183,2.247024304593626e-06,0.288144612729553,1.4978949251473266e-06,0.7074193370479461,0.0004580656447614175,0.0031212077112740943
6,mlp,8416,6,6,0.00034795495520046894,7.810954945513603e-06,0.00018351557969191072,0.024982904930090612,0.0020708389184389904,0.0014789611094527069,0.9709280135521798
6,mlp,13222,3,3,0.00014539861850773315,1.47274174853331e-05,3.338247563504099e-05,0.501449631734754,0.005689936798125731,0.006537146226550516,0.4861297767289416
6,mlp,1901,5,5,0.0001240259790006564,3.810238917662193e-05,0.0004978823574411872,0.00020201646460232136,4.0898304347674253e-05,0.9976935136802766,0.0014035608251550629
6,mlp,3122,0,2,0.3789645912642907,0.0003502778854689706,0.6194762626426011,3.4271372743093817e-09,0.0009429128699265976,0.0002595671133303865,6.384797244882017e-06
6,mlp,2053,0,0,0.9195234991708781,0.00012152341285722052,0.0037435711513837924,0.002042064256034012,0.006676363622628002,0.0047526158628673435,0.06314036252335169
6,mlp,3150,0,0,0.582601543004604,0.0013133215908719168,0.4148413169774359,8.248628747395319e-09,0.00037181691343492033,0.0008669178200739925,5.075444950585019e-06
6,mlp,7961,6,6,0.004897730674841014,0.00013521038979847985,0.0012626680552277302,0.09982205698453189,0.004926635323543295,0.21782197622341773,0.6711337223486398
6,mlp,4606,2,2,0.0010480417727867929,1.722663367602283e-05,0.9983043890884947,4.674875459347841e-09,0.0005674452722955862,4.968227129767492e-05,1.3210286573809463e-05
6,mlp,7636,6,6,0.0003215027985835297,2.0104550565099464e-05,4.11804042849598e-05,0.29834636017783156,0.00736466078423718,0.0026344807291522384,0.6912717105553454
6,mlp,7506,6,3,3.453902059630002e-06,2.1626844273052173e-06,6.393657430568846e-07,0.9542264046702281,0.0013204132684074162,0.0015351229229417342,0.04291180318619261
6,mlp,1760,5,5,0.03434036038145978,4.086215024930343e-05,9.627654426534515e-06,0.0026703986394178455,0.00025257302719404765,0.9604264500930351,0.0022597280542174117
6,mlp,6920,4,0,0.4834485227908005,0.00016692220991951839,0.23659061148633645,7.800268589088242e-05,0.2318432203727928,0.0035791013820656854,0.044293619072194264
6,mlp,7663,6,3,6.770059470010458e-05,1.0678847633735652e-05,1.82945793183275e-05,0.6184298390423668,0.00227933733236346,0.004584824307514062,0.37460932529610336
6,mlp,10202,3,3,8.609928054195847e-12,2.625368384604736e-10,1.6670082956613183e-12,0.9999771700585562,9.460549021581896e-06,2.277008768701548e-06,1.1092110839656136e-05
6,mlp,5978,4,4,7.08075923281966e-08,1.0503455665164173e-08,5.026801028039621e-08,1.447581086662677e-05,0.9997146162951185,6.820312986403066e-07,0.00027009428365787027
6,mlp,8326,6,6,0.000241918714469156,3.25079106672921e-05,0.0003299101204446746,0.3281332158425858,0.0047136068894526395,0.05008164822312923,0.6164671922992513
6,mlp,12990,3,3,3.0331687062776987e-06,2.180519607536459e-06,9.755920496403233e-07,0.9582767764358916,0.0009042224769895451,0.0014968703792165264,0.039315941427538734
6,mlp,11431,3,3,6.893677227038857e-07,2.2385932713542007e-07,1.4429034988406368e-08,0.9950571115761513,0.0005190765716783424,0.00010753902990518209,0.004315345166180418
6,mlp,3429,1,1,2.3757081746012638e-05,0.9963059352005688,0.003646972975835769,2.3299791518072684e-18,2.298491079582019e-05,3.4983105340333344e-07,1.5713872876393457e-16
6,mlp,9040,6,6,0.0007088487865333574,5.809901794720655e-06,9.612054507285441e-05,0.0027540080708245195,0.015051784169296915,0.0007148111610550914,0.9806686173654225
6,mlp,3616,1,1,1.1532816903113472e-06,0.9999898099160224,8.817673736185979e-06,1.8858592760665108e-21,2.0290065684167228e-07,1.62278942702053e-08,1.6835560966373367e-20
6,mlp,4175,2,2,0.017272170977364366,5.67690516851249e-05,0.9803507006532745,1.1068622397005791e-07,0.0016032648183590828,0.00041690064564634216,0.0003000831674466603
6,mlp,499,5,5,7.019218155174127e-08,2.604835528872456e-07,2.368456521310627e-07,0.00030855127875239655,1.8863446150098103e-06,0.9996816985800557,7.29627519044288e-06
6,mlp,8635,6,6,0.05438419831580166,4.0579282509225e-05,0.00035852332743358613,0.03675236820067218,0.040152541078166175,0.005451806933970641,0.8628599828614466
6,mlp,12346,3,3,6.472308546931079e-08,1.5416318466565236e-07,2.157927901566158e-08,0.9967986210326909,0.00026130997060952373,0.0003145872672086,0.0026252412639420106
6,mlp,3812,1,1,1.2762043773469887e-08,0.9999999146791265,5.271115601352715e-08,6.544962738430769e-26,1.9720660151827872e-08,1.2701368034461602e-10,2.264738245582454e-25
6,mlp,4087,2,2,0.060834637890679735,5.5087315768669374e-05,0.9364616708762565,4.5727915299850485e-07,0.0011808527692247597,0.0005695835321195845,0.0008977103367975793
6,mlp,9629,6,6,0.003217610805631789,7.203420260367103e-06,0.0010654691129818284,0.0005532495684454442,0.002334315634818987,0.0009913168321570055,0.9918308346257046
6,mlp,11476,3,3,7.842606562583979e-09,2.7889112713234113e-08,3.6732653142843717e-09,0.9988003510443185,0.00011784666703591025,0.00020861315585246935,0.0008731497278086215
6,mlp,547,5,5,0.0003176925034017723,1.6602255992052664e-05,1.1278080209783302e-05,0.04256889647371309,0.00031688455014450317,0.9498045690514505,0.006964077085088321
6,mlp,838,5,5,1.1618667095450573e-06,2.329441643442126e-06,6.141488586136287e-06,0.008199237709308622,3.500006836192057e-05,0.9912337360304235,0.0005223933949667248
6,mlp,7707,6,3,6.347402829875037e-05,1.1229164224509182e-05,5.190541565378042e-06,0.6082141274745936,0.02323841616010731,0.0020116489779542757,0.3664559136532561
6,mlp,8088,6,6,0.0002484113346083194,1.6404222857672374e-05,6.279935340271445e-05,0.10736972336891079,0.011892935475452745,0.0015875013013788182,0.8788222249433889
6,mlp,7930,6,6,7.82096299739314e-05,1.325995674169039e-06,9.00220354170494e-06,0.03128951408146535,0.0020801419916106454,0.00042118486780618234,0.966120621229928
6,mlp,8132,6,6,0.0001828226443549513,3.0331804497361074e-06,5.723811823767054e-05,0.009575385241109471,0.005112470151640601,0.0006020961169349217,0.9844669545472726
6,mlp,2188,0,0,0.9994409345866216,1.829135351883339e-05,0.0001763454142123577,2.6595170926814667e-06,7.844734227751733e-05,0.00019873427825726315,8.458750801996962e-05
6,mlp,5542,4,4,1.1141327362611307e-05,3.3717751105101993e-08,2.8206847761841077e-08,0.008498448288337063,0.9912070905354118,8.13178703005942e-05,0.00020194005398903756
6,mlp,11943,3,3,3.549040656929712e-08,1.2813300722281342e-07,7.0673893679743e-09,0.9974080317033188,0.0004954914522989292,5.469652667270717e-05,0.0020416096269062086
6,mlp,11193,3,3,1.3176822901732736e-08,3.516042392040902e-08,2.3015122212454732e-09,0.9981066888733299,0.00017043497178843465,6.215622787128948e-05,0.001660669288251089
6,mlp,8084,6,5,0.0018603443454801541,0.00012462405205859527,0.0018605170221750432,0.12569452759417404,0.0031878745033291894,0.5291700486453889,0.3381020638373941
6,mlp,6077,4,4,0.005093248860654983,1.0956448982868963e-07,1.260476026445646e-07,0.0002031700785418302,0.9946431482307531,5.813015162503021e-05,2.0670663326242543e-06
6,mlp,798,5,5,2.8581096903708852e-06,4.86982811292778e-06,1.3756661241836546e-05,0.02254903976310328,9.632830166878295e-05,0.97601101973714,0.0013221275990426397
6,mlp,6139,4,4,7.817057821882034e-08,1.9003405527516405e-08,3.5496482014534584e-07,7.375658809619417e-06,0.999938957934166,5.768855613599997e-07,5.26373826591361e-05
6,mlp,11548,3,3,3.711219486085452e-08,8.747744886127456e-08,6.493901479986856e-09,0.9968409843564107,0.0004409718395826906,8.963725724015291e-05,0.0026282754632212624
6,mlp,12228,3,3,5.955321560876748e-08,1.4387543776456122e-07,1.519233809424627e-08,0.997031908125326,0.00030673812596853137,0.00017966769953126166,0.002481467428182972
6,mlp,9804,6,6,0.016865953630977676,1.9588987420493765e-05,0.00959150160235632,0.0005584706804071674,0.0013529286893786971,0.004192187235592439,0.9674193691738673
6,mlp,385,5,5,1.6206371029799162e-06,1.4854344427689208e-06,1.4174207507852722e-06,0.00516031501592541,3.0757238264173504e-05,0.9946291945996822,0.0001752096538316841
6,mlp,2592,0,0,0.9997702576701312,2.542381899317369e-05,7.664547578637973e-05,5.0830709465336836e-08,1.835888450630156e-05,0.00010885677006503268,4.0654980850713873e-07
6,mlp,13299,3,3,1.5229744363014016e-05,6.9072592140317404e-06,4.529588155042625e-06,0.7371126775116091,0.041187049753993794,0.0008518855325054985,0.2208217206101595
6,mlp,2887,0,0,0.9988816095276946,0.00029141085537736527,0.0002581859485433653,3.854510219681215e-08,4.817414563809116e-05,0.0005197603714151301,8.206062290996614e-07
6,mlp,2793,0,0,0.9998376379328788,2.1167009874048603e-05,6.478341725682139e-05,1.3984048726187432e-08,4.89703099816809e-05,2.734819704699443e-05,7.914891294397101e-08
6,mlp,12609,3,3,7.491965638467582e-07,8.183024135037391e-07,2.8614208135931924e-07,0.9815701537243012,0.00026853687021234017,0.002578242035311527,0.015581213729116283
6,mlp,1566,5,5,0.0025619420489709516,8.967557696986193e-05,7.217717192318566e-05,0.008144844701414319,0.00040610078432164025,0.9816498471376438,0.0070754125787561165
6,mlp,4552,2,2,0.017169206927251553,4.823715294582926e-05,0.9815440931669763,2.275356395633476e-08,0.001042769987700839,0.00018259211191119218,1.3077899650243864e-05
6,mlp,224,5,5,1.1114108924740128e-07,2.4150467036570127e-07,3.5263365120743123e-07,0.0013663119863747497,4.417997809421519e-06,0.9986063427878544,2.2221948550345566e-05
6,mlp,8762,6,6,0.00029551967907189496,3.662779091075589e-06,6.866084172454488e-05,0.00540054914465568,0.18161758757924662,0.0004999092392905199,0.8121141107369197
6,mlp,12665,3,3,2.88385396809432e-07,5.517767045440207e-07,4.361378006893696e-08,0.9825289624984395,0.006834479558708734,0.0001435294522492948,0.010492144714721055
6,mlp,6908,4,4,3.945728789299693e-05,4.685895725348376e-07,0.0002035518125907297,4.605270910731183e-06,0.9956176522916554,1.7347371435972916e-05,0.004116917375941738
6,mlp,1171,5,5,6.056196543340873e-07,1.2602589324122619e-06,3.1449912792580704e-06,0.00029590610651664416,3.795402893940579e-06,0.9996555619063932,3.9725714330200565e-05
6,mlp,913,5,5,4.197324874854904e-08,1.9577117320422688e-07,1.717039108571219e-07,4.225740156514964e-05,4.553750287416411e-07,0.9999548966654676,1.981109605656832e-06
6,mlp,2357,0,0,0.9995325254445535,2.8489510275215566e-05,0.00023979723778314236,3.519403347681743e-07,7.58700238676752e-05,0.00011692622750340209,6.039615682221647e-06
6,mlp,10987,3,3,8.299882893209328e-10,8.908645724593307e-09,1.432756878156473e-10,0.999622178476696,0.00014357817163916913,7.571737419639126e-06,0.00022666173233553777
6,mlp,2987,0,0,0.999954054194849,1.96584534260758e-05,3.0539539502757308e-06,1.8021733897656252e-09,3.827297880695225e-06,1.9401310042333877e-05,2.9876784088553213e-09
6,mlp,9939,6,6,0.02749347675060911,4.455573597848256e-05,0.012212661527034338,0.0004117192426076501,0.01143642460118647,0.020868938630823713,0.9275322235117602
6,mlp,7045,4,4,2.4707355761366315e-05,1.892897384937491e-07,0.00013135643354187905,8.832566481059378e-07,0.9990998555765909,5.682723641913247e-06,0.0007373253640772767
6,mlp,5441,2,2,0.007306881396974645,0.0005201764958893345,0.9918450472341196,9.483004610210033e-12,0.0002992977099802649,2.8564036637385142e-05,3.3116915576078695e-08
6,mlp,1508,5,5,2.0588665952903486e-05,1.9370145017585318e-05,0.0003154850270501364,0.011696582655256513,0.00016373471696212212,0.9827035360112825,0.005080702778478231
6,mlp,3906,2,2,0.037597687750951236,0.00011444798124281213,0.7910946488828866,7.206945000329455e-05,0.017479917504133698,0.004574331751131606,0.14906689667965087
6,mlp,6674,4,4,2.5007920326261787e-05,4.844996625487994e-07,6.46022337418921e-05,1.793587197159858e-05,0.9914571016792174,2.323939160747397e-05,0.008411628403472886
6,mlp,6210,4,4,2.789796018584009e-06,7.264040158949542e-08,3.5388737937133104e-06,1.5211015652665467e-05,0.9975721996633503,4.907452623912184e-06,0.002401280558159021
6,mlp,9275,6,6,0.0006703752470792291,4.9378465244755406e-06,0.00017788832187446327,0.0016452588073631324,0.0014860173328208872,0.0017012648378812935,0.9943142576064565
6,mlp,9988,6,2,0.16497275638145933,0.0002775614987825832,0.4763344557851685,0.00014959032604546234,0.001683247708895419,0.12496279283122091,0.23161959546842786
6,mlp,8145,6,6,0.00020925841342390704,9.708715725380719e-06,6.285351765121908e-05,0.05150829242209557,0.0037964824841582676,0.0009911128644740125,0.9434222915824716
6,mlp,2279,0,0,0.9985859531831786,2.1350949509804123e-05,0.00013776331935594807,1.089928304740573e-06,0.0010920342565766173,0.0001552589859252698,6.54937714891939e-06
6,mlp,12509,3,3,5.944653556184447e-07,5.084336543997521e-07,7.21709622451489e-08,0.9763669020394646,0.000417183165538904,0.0005416917253207118,0.02267304799970336
6,mlp,13096,3,3,8.129777604552326e-06,3.7176977798977974e-06,2.0566233283803655e-06,0.9274714437104814,0.0016894963052753833,0.003033063137805959,0.06779209274772438
6,mlp,6492,4,4,0.0011095214956653577,3.687422479362076e-07,0.02690909925688005,1.5624580701840948e-05,0.965954949519523,9.781371777996099e-05,0.005912622687201836
6,mlp,9817,6,6,0.007172425219150849,1.46343313310987e-05,0.006528891777346409,0.0006976974440590747,0.001250863662051023,0.0031737026628530147,0.9811617849032086
6,mlp,3098,0,0,0.999944506227075,3.0247453636141996e-06,7.704137592827785e-06,3.888939747890584e-10,4.099652358197156e-05,3.7620153182808393e-06,5.962174224913543e-09
6,mlp,10217,3,3,3.3982049657223134e-12,2.1101159201449956e-10,4.630169014541495e-13,0.9999540369632774,3.990560407337297e-05,5.170357483508711e-07,5.540182028248224e-06
6,mlp,1347,5,5,2.9153904360665372e-05,2.1926404812336985e-05,0.00021448522858153032,0.0348263976215225,0.0002895391862642267,0.9559657406091977,0.008652757045260992
6,mlp,8003,6,6,0.0009674292170744838,0.0001121320912479016,0.0009151821183578592,0.31622942800693216,0.004382438241345965,0.2744227465090562,0.4029706438159854
6,mlp,1612,5,5,8.754241764268905e-05,1.7593902018500443e-05,0.0001839229618601523,0.000893482529451776,4.8272734319254344e-05,0.9975864397354559,0.0011827457192516563
6,mlp,11293,3,3,3.2948439241312583e-09,2.7475772315235167e-08,5.199967258761666e-10,0.9984630340643081,0.0010001361313576776,1.1987175374943955e-05,0.0005248113383463138
6,mlp,11103,3,3,2.5150709348232896e-09,1.3968569568097428e-08,8.911978386435992e-10,0.9994115873922736,5.651069922828573e-05,0.00010275310721603192,0.0004291314264438436
6,mlp,6046,4,4,2.1669411076483903e-06,4.32899349057029e-09,2.438419169177848e-07,2.313856830347934e-06,0.9999809554722803,1.3753848442951695e-06,1.2940174026954781e-05
6,mlp,5178,2,2,0.001635204636121503,5.7936746240991285e-05,0.9980741123072278,1.9083874628272242e-10,0.0002099826438563212,2.2095099651982563e-05,6.683760627732927e-07
6,mlp,12011,3,3,3.809712288983698e-07,3.5546828990173416e-07,9.089940258859676e-08,0.9842925458150228,0.00022095765019303058,0.0012340433032524939,0.014251625892610495
6,mlp,8871,6,6,0.0003623264463742011,2.5867240126512244e-06,4.4062192184320425e-05,0.0024070140475278383,0.0005166370491813813,0.0008965390607590454,0.9957708344799606
6,mlp,13457,3,6,8.783533486322997e-05,8.686325494868334e-06,4.788903695170045e-05,0.33806772669232316,0.002254166796717712,0.006121024737678968,0.6534126710759702
6,mlp,3219,0,0,0.99995225054568,7.166109438586148e-06,5.851942107714888e-06,4.855010958795142e-10,2.425909378558881e-05,1.0467817653738602e-05,4.005833239546437e-09
6,mlp,1937,5,5,6.648099264073492e-05,2.3344818755454614e-05,7.066161933484892e-05,2.48932782919309e-05,1.0891117260818983e-05,0.9997107348245292,9.299334918716656e-05
6,mlp,5707,4,4,1.288305141468299e-09,5.1253960560192255e-09,1.5128740249711238e-09,6.594236731300839e-05,0.9999213563543011,2.3837899915024987e-07,1.245497281163569e-05
6,mlp,6504,4,4,9.862431738574577e-08,1.299620879069758e-08,2.1600784401815562e-07,2.0057085044964647e-06,0.9999408666159372,5.866354991607701e-07,5.621341168913464e-05
6,mlp,10268,3,3,1.0778406886567192e-10,9.943583509428343e-10,5.583964789119658e-11,0.9998168664420364,1.24960192123688e-05,0.00010882015931989008,6.181622144911514e-05
6,mlp,7913,6,6,0.00163271781840866,0.00011922702375111994,0.0011525601658141599,0.20505960802437848,0.005209645519725638,0.3319200165009782,0.4549062249469437
6,mlp,3598,1,1,1.6500084047099966e-05,0.9999796107937099,3.3134853743874056e-06,5.869622791752956e-21,5.617396128416202e-07,1.3897255829023841e-08,1.3261495265103743e-20
6,mlp,3520,1,1,5.603686569741554e-06,0.9999784662159471,1.5482817052328496e-05,4.256966890197174e-20,3.5618132333300485e-07,9.109910749726622e-08,2.584732630902751e-19
6,mlp,8154,6,6,0.00016252837504131953,5.277732353299768e-06,8.380496095481709e-05,0.04109693532321104,0.00385282404414664,0.00136633846857126,0.9534322910957217
6,mlp,3229,0,0,0.9956796358034634,0.0001437829711719498,0.003802692353656628,1.047768170456953e-09,0.0003395966471938843,3.424392050416357e-05,4.725624186712064e-08
6,mlp,11069,3,3,1.1836926096266548e-08,4.0577288780598247e-08,7.552754132209552e-09,0.9963171132485017,5.731676102749303e-05,0.0029730328807410595,0.0006524771427606792
6,mlp,11424,3,3,4.210922271798842e-09,2.2323414382245657e-08,1.813538188501564e-09,0.9992412733194835,6.743791600736452e-05,0.00019008597760192836,0.0005011744390322342
6,mlp,13385,3,6,0.00016887127127873506,3.464751971599745e-06,4.1207354095021866e-05,0.027181417542045106,0.0016061429138231969,0.0009369389639615605,0.9700619572028247
6,mlp,10629,3,3,3.4300488228032845e-11,8.389182493872607e-10,9.491610863577656e-12,0.9999496100109658,2.32648342102549e-05,6.689608255996011e-06,2.0434663857679387e-05
6,mlp,10938,3,3,6.022054637424006e-10,6.434990565936063e-09,9.139135299091211e-11,0.999742075055268,8.733079628122515e-05,6.889522213709937e-06,0.00016369749764969714
6,mlp,10353,3,3,1.332387245304128e-11,3.8963450090749004e-10,2.4629907793202733e-12,0.9999651289385046,2.0370209110666513e-05,2.0459913728806936e-06,1.2454455590634308e-05
6,mlp,10591,3,3,3.1634850720322287e-10,2.8303267669834592e-09,5.961959708306566e-11,0.9998058607752888,5.435166462985977e-05,9.132842340343052e-06,0.00013065151144615829
6,mlp,4664,2,2,0.0009567898598268061,7.4791757558052985e-06,0.9960928923828489,2.165209499895038e-09,0.0029086360540238115,2.9554994231449802e-05,4.645368103796669e-06
6,mlp,9947,6,6,0.04813067629011737,7.561693296052842e-05,0.07378114158276966,0.000852499604034559,0.04454825336632391,0.012054855614837712,0.8205569566089562
6,mlp,9837,6,6,0.007379341321117528,9.965389875172298e-06,0.0043202658276481455,0.00027088499404657177,0.008614528487422082,0.0009394808384453075,0.9784655331414451
6,mlp,1342,5,5,0.00536833862630438,0.0001795903984257439,0.0003024285599157659,0.0656638348173634,0.0020052485832957726,0.8092710299697237,0.11720952904497127
6,mlp,9602,6,6,0.009553400489631316,8.183050641591289e-05,0.007550461255839414,0.0028723253239634344,0.0012674370101799217,0.1697413000532045,0.8089332453607655
6,mlp,9766,6,6,0.004458341563791816,1.1614683927927242e-05,0.0046861235949407845,0.0006705822688619197,0.0008985029181342741,0.004709484666343684,0.9845653503039996
6,mlp,6171,4,4,1.5008053115466551e-06,5.181767003974547e-08,1.7183404139944642e-05,9.074006938723418e-06,0.9996184601781923,2.644788349734593e-06,0.00035108499939760535
6,mlp,4814,2,2,0.00018148298218532163,3.407372667145182e-06,0.9997025243377565,4.552783111795656e-10,9.626488670747636e-05,1.4703941495579108e-05,1.616023909958423e-06
6,mlp,1965,5,5,0.001113888747716076,9.763824356222397e-05,0.0012600630495843322,0.00011933771259740895,8.924129943925243e-05,0.9951433078934754,0.002176523053625249
6,mlp,12490,3,3,3.16482595212341e-07,4.753341276406945e-07,1.7300727118164453e-07,0.9894292276455913,0.00022886838821497665,0.0025356362981149194,0.007805302844084797
6,mlp,1587,5,5,0.00041841982988325164,4.522920151031911e-05,0.000311031849762264,0.0030147146698507672,0.00020759621045401654,0.987100332433269,0.0089026758052705
6,mlp,4445,2,2,0.00031484652967742906,1.744236719092276e-06,0.9944707906565411,8.580263767787499e-09,0.005170666105889682,2.9493777583531832e-05,1.2450113325607537e-05
6,mlp,10447,3,3,7.264043516141643e-11,1.1393673773059764e-09,1.7293826213172267e-11,0.9999269241999135,2.0303941678336052e-05,8.753479847525615e-06,4.4017149259150336e-05
6,mlp,7683,6,3,1.091119603138688e-05,4.754479118960292e-06,4.923391328025011e-06,0.8341152338374589,0.00524392696788234,0.001472030979497812,0.15914821914868268
6,mlp,11900,3,3,2.980913911060519e-08,8.93650068632817e-08,8.207179454692053e-09,0.9964928345160147,0.00038946641774224,6.80434317118689e-05,0.003049528253205733
6,mlp,8868,6,6,0.0009796278761091699,1.559512869087105e-05,0.0006913290572691552,0.013376717136157214,0.0008590188160049961,0.010674562029496145,0.9734031499562724
6,mlp,12995,3,5,0.00010744375787344887,2.6873076384100435e-05,8.219221708042157e-05,0.3121459758492692,0.0010891724820627693,0.6253492737396099,0.06119906887772011
6,mlp,3866,1,1,7.502779088169814e-10,0.9999999935394768,1.4166320831832913e-09,1.0208376868781618e-29,4.291114258251254e-09,2.498816841878662e-12,4.33945507849796e-30
6,mlp,11639,3,3,7.17599298295199e-09,3.2359787955053155e-08,2.451568527460329e-09,0.9989559321613347,8.886423416680854e-05,0.0001534495682088761,0.0008017120489401946
6,mlp,8989,6,6,0.002327736923691613,5.205847310634166e-06,0.0006134320155149941,0.007682746245746123,0.1445657732398684,0.0006039086296423524,0.8442011970982259
6,mlp,13433,3,6,0.001714498892857111,5.379789149484265e-05,0.00035445961912283026,0.15435920943633352,0.003419150795145709,0.057379117836435324,0.7827197655286107
6,mlp,8648,6,6,0.00043222018183784435,1.5180026408681408e-05,0.00016248393134720094,0.042665189193169015,0.0025336926851902263,0.01898308153075495,0.9352081524512921
6,mlp,7134,4,4,1.1081617111720148e-05,6.063362477506052e-07,0.0009505476779191267,1.2616182602901713e-06,0.9988686999017556,7.1904596968547345e-06,0.00016061238900857177
6,mlp,11473,3,3,6.819584842468943e-09,2.1672684545820835e-08,6.991155375403485e-09,0.9982831024020058,0.00012386806665447584,0.0006143639128109672,0.0009786301351041803
6,mlp,10887,3,3,5.308352261277992e-10,6.352556545960345e-09,9.64402409822562e-11,0.999660126484156,0.00014087901192834444,5.8510467081342835e-06,0.00019313647737536445
6,mlp,10393,3,3,3.4728917653478734e-11,1.0372585634295464e-09,5.6956871930726495e-12,0.9998879380590835,8.342602387455099e-05,1.1590438710422365e-06,2.747579548786864e-05
6,mlp,3999,2,0,0.8436291069791869,0.00012253550864997658,0.13190652699883385,2.9900937785892288e-06,0.01959657570122099,0.0010094876301272669,0.0037327770882023947
6,mlp,10936,3,3,1.453459581199839e-09,1.1185916811685908e-08,1.1865476372243325e-10,0.9992704972747142,0.00023194367907905555,7.816248943359654e-06,0.0004897300392321245
6,mlp,3044,0,0,0.9999336403095849,3.0184502767100187e-05,4.708717759622426e-06,1.468617261533553e-09,4.220362070727829e-06,2.72405499719236e-05,4.089228573691118e-09
6,mlp,10458,3,3,3.4057476602121255e-10,2.4549579077927727e-09,2.2670150793585978e-11,0.9998129116855063,2.9290570719392758e-05,4.598914686312438e-06,0.0001531960108852939
6,mlp,10433,3,3,1.1024466659654704e-10,1.0145525474835137e-09,1.0130004335539294e-10,0.9997517663003599,1.2055317963033763e-05,0.00015938035475469156,7.679680082531038e-05
6,mlp,1407,5,5,2.49023790521546e-06,4.358140408845141e-06,1.1060096189909036e-05,0.0006244933692807283,1.1823167485784902e-05,0.9991954389187876,0.0001503360699419309
6,mlp,12143,3,3,9.201765807664618e-07,8.750795027901345e-07,7.232328268143612e-07,0.9594897393206862,0.0003771577357079632,0.026235835816146382,0.013894748638548837
6,mlp,11835,3,3,1.4101743964032668e-07,1.7787362540202646e-07,2.446258188939732e-08,0.9928469576929544,0.00029583911062418326,0.0002473782653266389,0.006609481577447797
6,mlp,10836,3,3,1.338455270612687e-09,8.972585954632549e-09,2.4722382913786966e-10,0.9996431836525164,4.784130602321474e-05,2.5740404232388e-05,0.00028322407896295857
6,mlp,7557,6,3,7.950299982519483e-05,1.3456523143149226e-05,6.160728779964987e-06,0.6625439033123798,0.016267326676080072,0.001961610480400843,0.31912803927939104
6,mlp,1920,5,5,0.00023319395437201835,4.790599209792974e-05,0.0012965944176931042,0.00018504446481836017,5.279482176851644e-05,0.9962437796981485,0.0019406866511015863
6,mlp,9666,6,6,0.002328053862442691,1.2054278252788395e-05,0.004351679941262487,0.001687817794027211,0.0010839684927624253,0.03273303398886752,0.9578033916423849
6,mlp,12798,3,3,1.3857570506185158e-05,4.1618574262869556e-06,1.8143357076427328e-06,0.9017131474444608,0.002288922774624549,0.0015623987141962176,0.09441569730307828
6,mlp,302,5,5,6.023198144177837e-09,4.708335407707753e-08,3.221229585290631e-08,7.228332156183773e-05,2.825224488388946e-07,0.999926722629594,6.26207547230877e-07
6,mlp,7011,4,4,0.04921340640811648,8.072631171116938e-06,0.3857660414558564,1.3584010236913138e-05,0.5624054739064914,0.0006673438378030867,0.0019260777503244224
6,mlp,8824,6,6,0.002517549116073596,1.928510568034652e-06,0.00010565400913233198,0.006013750204888085,0.0016232702213027086,0.001671698852533081,0.988066149085502
6,mlp,4802,2,2,0.0069040565228163705,6.692862069743932e-05,0.9920219111237055,3.4836064886309024e-09,0.0007176282904908859,0.00027809447953236076,1.1377479150909746e-05
6,mlp,11733,3,3,2.6285956503587227e-08,6.607033303620146e-08,5.0138881116544415e-09,0.9973263722024477,0.0001353884222885775,0.00015165171567631033,0.0023864902894099446
6,mlp,10150,3,3,7.837624771784113e-11,1.2176174173291416e-09,6.25101667608359e-12,0.9975076673910824,0.002448827414201807,1.1134885569698572e-06,4.239040391417362e-05
6,mlp,7442,6,3,9.491612859340138e-06,3.842475110287318e-06,4.861984717610496e-06,0.9071189154830174,0.00109874368394712,0.008999604423277848,0.08276454033707031
6,mlp,11466,3,3,1.858179498570111e-08,5.847032879021448e-08,3.078013082176664e-09,0.9976420859967396,0.0002774694074118153,4.535299048028704e-05,0.00203501147523139
6,mlp,8512,6,6,0.00027519109919800863,1.2669969802594954e-05,6.59341513594056e-05,0.061670015219829344,0.0011609325647922324,0.0047685170518467065,0.9320467399431717
6,mlp,9845,6,6,0.010592232795475614,2.8395262245692723e-05,0.008494806141078974,0.0007121728021262175,0.0009781989920595443,0.017058897329210173,0.9621352966778038
6,mlp,7843,6,6,0.00011121235138301861,1.0546954980510071e-05,4.5023606532870145e-05,0.39230804538397934,0.004936765683714869,0.0045646355868983425,0.598023770432511
6,mlp,5868,4,4,3.78606861420494e-05,9.914910121196902e-07,3.7091179455980086e-05,0.00028127058776029375,0.9715800479130272,7.940592167089851e-05,0.02798333222093149
6,mlp,9677,6,6,0.0012484375305555644,6.4152000238052986e-06,0.0007078012416107287,0.000980148571865066,0.007109096098763376,0.0027105577210962146,0.9872375436360853
6,mlp,12552,3,3,3.2817773031491895e-07,3.338612875310783e-07,1.9583374032009e-07,0.9849779226807205,0.0007387643992385481,0.0005259355429129415,0.013756519504370086
6,mlp,10115,3,3,4.9966912326748314e-12,1.5123248979589285e-10,7.66944747223512e-13,0.9999775466123694,1.3580799137498658e-05,8.048057853386927e-07,8.067625711387789e-06
6,mlp,12500,3,3,2.04597091774791e-06,1.0731754315578124e-06,4.081960167444068e-07,0.9528946141446069,0.0015891385288823213,0.0009235691278257197,0.04458915085631904
6,mlp,2490,0,0,0.9996265605836534,2.624993550500306e-05,0.00010803875539988476,1.7997177194710892e-07,2.9618286516943417e-05,0.0002059955500765669,3.356917076138399e-06
6,mlp,7814,6,5,0.000355111914548989,4.900913156597497e-05,0.00018253210613774682,0.027656811831664442,0.0005681269192179577,0.9501620857039097,0.021026322392955196
6,mlp,1077,5,5,1.8532763459417191e-06,1.2240915988271093e-06,6.996873016382507e-07,5.9152852585438845e-05,2.8668571408236997e-06,0.9999266974392169,7.5057958102654195e-06
6,mlp,4596,2,2,0.012338656937426492,4.370356975927098e-05,0.9851483024391342,1.5004997733616834e-08,0.002222953275921157,0.00016443362887907093,8.193514388197283e-05
6,mlp,7603,6,3,5.0798455548076235e-05,8.395755115876381e-06,2.3501719969582647e-05,0.6036805957576826,0.003390741764668457,0.0046224395158426055,0.3882235270311727
6,mlp,8969,6,6,0.0037808526375953987,5.594423970957858e-06,0.0009640270812410317,0.004380719900457861,0.002918433678769339,0.0019133683689060673,0.9860370039090594
6,mlp,2315,0,0,0.5832306254628096,0.000658411731763517,0.35768806034436085,1.2500942219407689e-05,0.0016804205835280709,0.03193076599652764,0.024799214938790795
6,mlp,164,5,5,2.1897516297821595e-08,1.555037803624519e-07,1.7780853820420765e-07,0.0023762963150529147,3.7252751430785634e-06,0.997609204043633,1.0419156336108367e-05
6,mlp,4878,2,2,0.0001022972301246405,7.878844849510006e-06,0.9994672042078239,5.104516164556541e-10,0.00040750296875884914,1.3493501757348618e-05,1.622736234223497e-06
6,mlp,10380,3,3,1.1500076792310201e-10,1.7595968803841482e-09,1.1325997212772842e-11,0.9998138112530326,0.00010619904177350817,1.7942369420723918e-06,7.819358232808347e-05
6,mlp,3659,1,1,1.0642800348115773e-06,0.9999843614980268,1.3927795152519936e-05,2.2327110919294993e-22,6.413657984373459e-07,5.0609874060582e-09,4.1902424573934844e-21
6,mlp,1533,5,5,9.552865530056809e-06,2.5735512276676128e-06,1.0760754043688082e-06,7.248522927850196e-06,1.911594697143883e-06,0.9999741742190122,3.4631712006547614e-06
6,mlp,12742,3,3,2.2906888437020743e-05,7.708211905545524e-06,1.6579182927343322e-06,0.9034876496291296,0.00600556328210161,0.0010084024337714994,0.0894661116363619
6,mlp,6482,4,4,4.182136420731761e-06,2.3709763168682e-07,5.584459002701454e-06,2.266531898191279e-05,0.9986089764783653,9.273184898655212e-06,0.0013490813246990016
6,mlp,778,5,5,1.4458269061957419e-06,2.123992001783593e-06,4.966351408459889e-06,0.0035503133782958957,2.286157053554316e-05,0.9961734891433844,0.00024479973746770325
6,mlp,717,5,5,4.147013051642004e-09,3.8073534984781605e-08,9.413355013615881e-09,3.617562086142116e-06,5.497822014408317e-08,0.9999962080190592,6.780673153982189e-08
6,mlp,10898,3,3,2.2741770745432792e-10,3.7099979326431993e-09,4.1953607740990883e-11,0.9998000313533794,0.00011372705287548332,3.881586189912651e-06,8.235602818601463e-05
6,mlp,715,5,5,9.171745067966148e-08,4.164464097443436e-07,3.06797450713264e-07,0.00018077626416048543,1.5819505198521004e-06,0.9998115692048589,5.257619149562905e-06
6,mlp,3434,1,1,0.00017953331044158488,0.991311335688771,0.008442977123160259,3.1758871775959443e-18,6.564106718048266e-05,5.128104464592301e-07,2.8099817337397507e-16
6,mlp,2125,0,0,0.9918869436558958,5.313182830265509e-05,0.0028234218329642666,2.700602803281005e-05,0.0002335796439061857,0.0014677390167988566,0.003508177994099576
6,mlp,2306,0,0,0.8819071705730865,5.582821232128126e-05,0.11224300999604961,8.216420226705712e-06,0.00215881047321403,0.00111542455012621,0.0025115397749757486
6,mlp,2405,0,0,0.9983516195433816,9.447965875566608e-05,0.0008539055790413013,6.647813835748833e-07,5.832344923261051e-05,0.0006265794685645631,1.4427519640481053e-05
6,mlp,7703,6,3,2.211290814294857e-05,7.756193474605264e-06,1.6413565947930966e-05,0.8652291876474721,0.0021697475734933636,0.010331793286697758,0.12222298882477135
6,mlp,8819,6,6,0.000977867811247034,7.958464119883959e-05,0.004567505586322069,0.051404566459664826,0.003199044964115181,0.32438417556195126,0.6153872549755007
6,mlp,599,5,5,6.588373389582913e-07,1.3791380484477812e-06,8.954832214771374e-06,0.01890834473179917,4.300827942577874e-05,0.9804770832271062,0.0005605709540668433
6,mlp,10818,3,3,9.813997185736343e-10,5.485691800173401e-09,5.552220924640224e-10,0.9994831076948589,2.428659378314677e-05,0.0001835338391360863,0.00030906484990808055
6,mlp,11635,3,3,1.716164975590611e-08,4.6940101728198034e-08,4.882954338356277e-09,0.9978700326137276,0.00011836259073525892,0.00016277403269297362,0.001848761778138301
6,mlp,6378,4,4,8.943146720990935e-08,1.1754914045846599e-08,1.2738777492608233e-07,4.817098493657773e-06,0.9997726074901754,8.640802034446489e-07,0.00022148275697122095
6,mlp,10457,3,3,7.00030079833406e-11,1.3922336983856427e-09,7.762027610950181e-12,0.9998475672455659,9.375517368163072e-05,1.775795260535207e-06,5.690031549312586e-05
6,mlp,8423,6,6,0.0006107665833403511,7.564028915944189e-06,0.00015551909608025013,0.013790715717154596,0.0011916383214270068,0.0010645629206794507,0.9831792333324023
6,mlp,6929,4,4,5.1314320982308155e-06,1.2729113618237743e-07,0.0002480073123895018,6.888967976138289e-07,0.9996322845947846,2.836315788070141e-06,0.00011092415700597515
6,mlp,8566,6,6,0.0038674551968314566,3.2168184216324704e-05,0.00020197716873477596,0.04934240981768398,0.05122245990967226,0.001667490424550799,0.8936660392983103
6,mlp,10906,3,3,4.0758327547278554e-10,4.0535865323246475e-09,1.0932463151887792e-10,0.9996858395701601,0.00011819893860573305,8.648799315422596e-06,0.0001873081214240923
6,mlp,3791,1,1,5.478670824049784e-08,0.9999995927296934,3.1250092677318454e-07,4.762974501435892e-25,3.9721127665682835e-08,2.6154376288829214e-10,1.7062074269183147e-24
6,mlp,1164,5,5,7.502702662641689e-05,2.885957974916733e-05,0.00029492914669959896,0.09462626857748944,0.0005904110268674854,0.877786904749002,0.02659759989356602
6,mlp,3479,1,1,6.98738548420428e-05,0.9996356333642996,0.0002880362217825723,3.084994884940261e-19,6.338607105116164e-06,1.1795197050593255e-07,7.287272102214955e-18
6,mlp,4198,2,2,0.2408392019964911,0.00012095875960526468,0.7542765817378433,2.6787636466620923e-07,0.0035576833758055996,0.0005443850062895806,0.0006609212476005146
6,mlp,3936,2,4,0.002349781243013842,5.087068819914453e-06,0.14852033241558066,4.408638704427802e-06,0.8479199778516522,0.00013822466889715587,0.0010621881133319215
6,mlp,4165,2,2,0.013955144133475176,1.0571680796599026e-05,0.980562249396807,1.5617556556613262e-07,0.005123137486972236,0.0002528017027968853,9.593942358649004e-05
6,mlp,5322,2,2,0.056238539785563944,0.0013657621186023976,0.9418790629410448,3.1118740440091445e-10,0.00039081697895635917,0.0001253816710389815,4.3619360596538303e-07
6,mlp,2412,0,0,0.9995816538369781,2.164711506583413e-05,0.00014193601179552563,2.58509009824183e-07,3.333428105623646e-05,0.00021110451644162527,1.0065729652841747e-05
6,mlp,9955,6,6,0.21397156461526937,0.00012984922884543037,0.05638667195210742,0.00037449151493725046,0.003285727582365696,0.024419007318623974,0.701432687787851
6,mlp,519,5,5,8.438159329393548e-08,2.2271188091738566e-07,1.5164968967113872e-07,0.00012788201974697202,1.1296221513599921e-06,0.9998660643852577,4.465229680163405e-06
6,mlp,8591,6,6,0.00033711506671153297,2.3001618733224367e-05,0.00019386918855783143,0.14027109349023473,0.006991955317146902,0.04722197087887304,0.8049609944397428
6,mlp,3365,1,1,0.0017813420233613122,0.9974542814110439,0.0007405148245116167,5.390569831681976e-16,1.1256665774471303e-05,1.2605075303609943e-05,4.732295366447645e-15
6,mlp,8832,6,6,0.0011175600380789622,2.9570507854488474e-05,0.0008582096278456357,0.021697232861377907,0.001311263967856652,0.042879509444552225,0.932106653552434
6,mlp,5161,2,2,4.390877828500921e-05,4.943380935246733e-06,0.9981078338102067,1.3584427038374797e-10,0.001835616271114527,7.35572048557569e-06,3.419031284125584e-07
6,mlp,9024,6,6,0.0021824389415446652,3.443676924845535e-05,0.0032503773964604123,0.009065698549019357,0.0011886997144388977,0.058444028081317455,0.9258343205479708
6,mlp,13328,3,6,2.3728103291119067e-05,4.103321636984316e-06,2.369122328368352e-06,0.28055195193901067,0.039442546487030765,0.0006207612846353226,0.6793545397420668
6,mlp,10021,3,3,2.3740455448935206e-13,1.2251749681404802e-11,1.1469699639019372e-13,0.9999940919981518,2.392473537721545e-06,1.9849132707714407e-06,1.5306024357285894e-06
6,mlp,3547,1,1,6.810890840070302e-07,0.9985894265037353,0.0013909399190083097,3.443180110450048e-20,1.8903627906170416e-05,4.8860266297772766e-08,1.0304479144683726e-19
6,mlp,12447,3,3,1.3267083184513046e-07,2.9321504857649974e-07,1.7841230103556992e-08,0.9909188598158128,0.003611780477234961,0.00010986244041531595,0.005359053539426454
6,mlp,1532,5,5,3.335870693592063e-05,1.4022861264510182e-05,7.837590157764618e-05,0.001068156851069171,4.0408507002125264e-05,0.998062988556791,0.0007026886153595996
6,mlp,9697,6,6,0.0010658301814262185,4.379939778169778e-06,0.0005652653196514441,0.0004067910396699412,0.01545249863954295,0.0006938309602449802,0.9818114039196862
6,mlp,8865,6,6,0.0014322329918922243,5.082730701440603e-05,0.0033069463204988383,0.025900437601613518,0.001906254833819194,0.12824502804848542,0.8391582728966764
6,mlp,5018,2,2,0.0015840234800586829,1.5011434664988041e-05,0.9944392338273983,7.453645625430999e-10,0.003933808308385532,2.5663093351962e-05,2.2591107762095316e-06
6,mlp,7625,6,6,0.0001518527185318778,1.3808384789123488e-05,1.6016834704610973e-05,0.2918037647799481,0.011034926494246965,0.0010841392183057708,0.6958954915694735
6,mlp,6336,4,4,7.15401478611958e-06,1.8421898735955516e-07,4.645581045580334e-05,1.3906759089353158e-05,0.9982273253551088,9.211351939894698e-06,0.0016957624896325825
6,mlp,13093,3,3,1.4637747234575674e-05,7.0369941092393404e-06,1.027237635126781e-05,0.9083849553624841,0.0010649854194727212,0.019686951447115717,0.07083116065323238
6,mlp,12984,3,6,0.00010357351453700493,7.623081136189647e-06,1.1756331761448174e-05,0.4620369324272919,0.0016055160643374965,0.010053244172585902,0.5261813544083501
6,mlp,5737,4,4,1.4987559217416116e-08,1.3217799870488418e-08,1.0802949967978583e-08,5.2084978165674874e-05,0.9998531391995028,5.793608857964997e-07,9.415745313672271e-05
6,mlp,1395,5,5,2.7951021999850186e-06,1.8310258772045863e-06,3.5050160053485425e-06,9.583841661701023e-05,3.8160450160879375e-06,0.9998453845932987,4.6829800985692556e-05
6,mlp,7809,6,6,0.00028478234723963713,2.346704224104614e-05,0.00011933851806804354,0.3773888914382729,0.004794108031941157,0.015606460300513955,0.6017829523217233
6,mlp,7318,4,2,0.00046497840859115435,1.7673623205347498e-05,0.8873927056905312,2.0620720822151272e-07,0.11177580445742027,0.0001328333404836151,0.00021579827256031195
6,mlp,12563,3,3,3.1420288341827125e-07,5.158443160367391e-07,3.2096439667079953e-07,0.9883132119259898,0.0002922345034089263,0.00562690505177182,0.005766497507233529
6,mlp,6706,4,4,0.0009533455948894886,1.134897769234818e-06,0.0925970464265236,9.458937843917285e-06,0.8969055156762754,0.00020474734401126785,0.009328751122686843
6,mlp,488,5,5,1.555709720712429e-06,3.2979357084907304e-06,9.911830291588647e-06,0.30837471757000745,0.00024950023885584856,0.6865414012706028,0.004819615444813079
6,mlp,11897,3,3,1.1149349635537716e-07,1.8729169475499057e-07,2.0493225662092352e-08,0.995036968374955,0.00022049683714235783,0.00026977067877977437,0.004472444830706068
6,mlp,7589,6,3,1.5326408476271225e-05,5.1624828232632775e-06,1.5195952400164912e-06,0.6654007476781474,0.02548950120827902,0.0007707387286228967,0.30831700389841116
6,mlp,6089,4,4,3.070764282526651e-08,1.4277981351970032e-08,2.2108881625684016e-07,5.217583269638416e-06,0.9999840849934037,2.874207097584131e-07,1.014392817636187e-05
6,mlp,13448,3,6,7.663244670103927e-05,1.0544046317885397e-05,2.5467121238627138e-05,0.4785386510259175,0.002608470896564397,0.004040743751885951,0.5146994907113746
6,mlp,9499,6,6,0.005946045789100077,2.27450102697383e-05,0.0016580919877690833,0.0018215426073721847,0.0009881270853170994,0.009976009244678372,0.9795874382754935
6,mlp,5496,2,2,0.08710723204906831,0.023092259653433374,0.8878145541232453,1.870077072494718e-12,0.0019102776535639837,7.567377937896934e-05,2.739439954403364e-09
6,mlp,9944,6,4,0.0016341051291788066,1.6881171362313774e-05,0.0021407276214029936,0.0004690088885084907,0.7158466270885482,0.00167558854077218,0.27821706156022713
6,mlp,7668,6,3,1.3256156861694074e-05,5.815159846614613e-06,3.343786029152398e-06,0.8277534763781607,0.015511136630489324,0.0014485380868549129,0.15526443380175775
6,mlp,6374,4,4,1.9026732681233435e-06,2.2535999332869545e-07,1.1546147772549003e-05,2.8056159258873257e-05,0.9995357940010222,6.129503531745635e-06,0.0004163461551532062
6,mlp,10389,3,3,4.4829221316157514e-08,9.082198222876621e-09,2.955369345134585e-10,0.9991180704591572,0.00032335359676256896,3.738526813094051e-05,0.0005211364689927204
6,mlp,513,5,5,1.1426358059474295e-07,3.6478161430501e-07,9.622256885297946e-07,0.0015349800184137165,4.473117430016755e-06,0.998425162600287,3.394299298587172e-05
6,mlp,9052,6,6,0.011980440045984473,0.00021558486715068833,0.008242985559712384,0.014751827551865031,0.001724573097551301,0.3970685027724336,0.5660160861053025
6,mlp,6970,4,4,2.4135412556749185e-05,7.717914134944546e-07,0.0002587646405588519,3.972053824062837e-06,0.9993804324304544,1.1234599371907554e-05,0.0003206890718206097
6,mlp,3046,0,0,0.999934667222676,6.618267191299242e-06,2.3018633519994218e-05,1.012850189595019e-09,2.860641863318828e-05,7.06162031625313e-06,2.682481299128403e-08
6,mlp,8022,6,6,8.044446731796153e-05,1.0048780185675461e-05,2.112943132065484e-05,0.26680092300874997,0.005453794387812615,0.0031406660106185363,0.7244929939139946
6,mlp,6652,4,4,7.057289038974903e-07,3.430472169057256e-08,1.6235895887681635e-06,2.9957568415664565e-06,0.9995461380217213,1.650871893607248e-06,0.0004468517263293147
6,mlp,11113,3,3,2.7038076964358914e-09,1.053846015435376e-08,1.2239277473330918e-09,0.9988656336138128,3.4847684409064185e-05,0.0005622753548674925,0.0005372288807149538
6,mlp,7773,6,6,0.0005918810790105771,8.932297755687297e-06,3.311059651724847e-05,0.09759862091175942,0.0017721291942815068,0.0025381103735010197,0.8974572155471745
6,mlp,1680,5,5,4.0293206443466246e-05,3.464769497620082e-05,0.0003664650614786137,0.003902238381827146,0.00012515909623963016,0.9909677298403542,0.004563466718680722
6,mlp,12326,3,3,8.26980067900351e-08,1.503535597228569e-07,3.3293630658787824e-08,0.9956030957390622,0.00036637004462299386,0.0003143128236168418,0.003715955047500466
6,mlp,10505,3,3,2.929464060694258e-11,7.700616845255027e-10,5.706417398022838e-12,0.9999133046137427,5.751902235444622e-05,1.5547295574379375e-06,2.762082928247711e-05
6,mlp,9031,6,6,0.0004870865832338942,4.2293734092355346e-06,0.0003327706034786891,0.003104325151578126,0.0017745848327168701,0.0010580019500794745,0.9932390015055036
6,mlp,572,5,5,5.5126767794419916e-08,2.390672015491138e-07,2.1780293764768921e-07,0.00021472239189786017,1.2754747735019324e-06,0.9997783372044932,5.1529319284718296e-06
6,mlp,7889,6,6,4.169851485056792e-05,7.29808109484964e-06,3.096206209543962e-05,0.4623634359803792,0.007456828814092352,0.0024997692393815924,0.5276000073081061
6,mlp,5414,2,2,0.00146152811020113,0.0002677528704131463,0.9980350663481307,3.051930276154697e-11,0.0001743129169900085,6.131903348092303e-05,2.069026470410007e-08
6,mlp,5706,4,4,1.1259901479407992e-09,4.855039759014021e-10,1.3568176613823797e-09,6.283841620043289e-06,0.9999490798643227,6.912339833682521e-08,4.456420234708361e-05
6,mlp,2690,0,0,0.9970598149611227,0.00017907912786139623,9.3944007811139e-05,3.0280876223017036e-07,7.299860077990409e-05,0.002580863723706037,1.2996769956749161e-05
6,mlp,11213,3,3,5.269768224150304e-09,1.769074087555589e-08,5.6061216585682914e-09,0.9980635947650076,8.820238469837222e-05,0.0010973371782486284,0.0007508371054147377
6,mlp,2725,0,0,0.9993552599076204,9.608425567965523e-06,0.00041413754029285383,1.8120875478685662e-08,0.0001894221954637647,2.8319847980315714e-05,3.233962199056321e-06
6,mlp,5096,2,2,0.001043685530896464,4.1059688684351986e-05,0.9984130311521942,3.905495085927858e-10,0.0004159069655280427,8.456026486320044e-05,1.7560072843523733e-06
6,mlp,8745,6,6,0.00037961132586898427,5.12914587225578e-06,0.0002822751725745675,0.008687115885399041,0.0013878708026962428,0.002035590374328935,0.98722240729326
6,mlp,6439,4,4,1.5095404229301273e-06,1.7677302915823064e-07,1.2987715312073855e-05,1.8102727684872985e-05,0.9997135211352404,4.621074915616391e-06,0.00024908103339502097
6,mlp,12465,3,3,3.6974725240121433e-07,4.52634192465472e-07,1.0981582310014056e-07,0.9875105013888293,0.0008535274865740061,0.0003079270090288534,0.011327111918299984
6,mlp,12398,3,3,5.706141709722488e-07,6.625260638226092e-07,2.4921513415905583e-07,0.9871858212721816,0.0003177563974340696,0.00255400165672909,0.009940938318286385
6,mlp,11472,3,3,1.722710770111314e-08,3.756208523088923e-08,7.062202738946078e-09,0.9972888476572583,0.00014413591958207402,0.00020742658106222072,0.002359527990701775
6,mlp,13276,3,3,4.370237228995478e-05,9.13467343815942e-06,8.426584289200151e-06,0.5203698663315788,0.017439541002193783,0.0013935238713051346,0.4607358051649051
6,mlp,7311,4,4,0.004922713437664066,5.9051996714437275e-06,0.019017029870108615,2.63313089554547e-07,0.9760101835520717,3.676710912705197e-05,7.137518267573684e-06
6,mlp,3630,1,1,7.03943721495648e-06,0.9999883275262641,4.303412113490273e-06,1.816469969130716e-21,3.1340930554192805e-07,1.6215101766627242e-08,7.374307613297888e-21
6,mlp,13372,3,6,3.006518069922705e-05,7.69227732044211e-06,3.886396090621582e-06,0.37238186959190683,0.08064738863042287,0.0007307445933937557,0.5461983533301663
6,mlp,5173,2,2,0.0018911345603282496,5.922800215765693e-05,0.9976413259457722,3.242848374021637e-10,0.00038414320545394464,2.34563470099328e-05,7.116149932884681e-07
6,mlp,9418,6,6,0.012042319269784482,7.296312409625568e-06,0.0006644456676052873,0.001072652593680435,0.0004130570918623203,0.0016113811575084885,0.9841888479071494
6,mlp,4489,2,2,8.852662115734e-05,3.1039360301181146e-06,0.9997892418687219,1.242303650002705e-09,9.70264760519979e-05,1.5891596464882962e-05,6.208259270139533e-06
6,mlp,1848,5,5,0.0002758422117180282,3.900296146154048e-05,6.564619575470422e-05,6.340584719581522e-05,2.552203349501591e-05,0.9994123234702081,0.00011825728016678119
6,mlp,5002,2,2,0.0030634885267544023,1.8046909058297574e-05,0.9954844394289154,6.482069589944607e-10,0.0013749459414958878,5.8589284276143875e-05,4.892612928288959e-07
6,mlp,11378,3,3,3.329460234051249e-09,1.8091385136509607e-08,1.1604190946436508e-09,0.9993742942545355,9.29890609483113e-05,7.962356152461514e-05,0.0004530705417274013
6,mlp,11375,3,3,3.183639947219239e-09,2.3008841355056998e-08,6.677100849199811e-10,0.9991635958108325,0.00025615089445674014,1.6916976487963292e-05,0.0005633094580316365
6,mlp,10969,3,3,4.5113635288142716e-09,1.7945932941267916e-08,1.3095013666069214e-09,0.999174330450214,6.459509343406382e-05,0.0001187205438840502,0.0006423301456701708
6,mlp,12877,3,3,0.00011728599095957758,6.6079225289997516e-06,6.482911578511549e-06,0.5089562169485315,0.0051304450890102115,0.0014143094012374943,0.4843686517361538
6,mlp,3870,1,1,6.067618275129515e-12,0.9999999998728162,5.464347574460683e-12,1.2137691762053615e-32,1.1555977265644525e-10,9.221832429549449e-14,5.276719509226559e-34
6,mlp,12316,3,3,3.7854970046769293e-07,4.1104794403898223e-07,3.5716707941356985e-08,0.9758905481773309,0.00424623446264018,0.00014958902019453834,0.01971280302548191
6,mlp,3518,1,1,4.017415046515101e-06,0.9985276073179604,0.001461712104737006,2.6237809922019912e-20,6.595502083334451e-06,6.766017294950035e-08,3.3453549947922203e-18
6,mlp,8480,6,6,9.289198447020795e-05,8.851415722794528e-06,5.528117773668776e-05,0.164363410697761,0.019613356202082145,0.006328237382218392,0.8095379711400088
6,mlp,10879,3,3,2.2247157721368153e-09,1.3147994834795964e-08,3.5183770600442764e-10,0.999445370235646,0.0001424851249806154,1.670935413653383e-05,0.0003954195606884384
6,mlp,11188,3,3,2.0561684602371714e-09,1.1435261157219231e-08,9.621189197401149e-10,0.9994232162404457,6.529769034237237e-05,0.00012061402578261554,0.00039085758988077876
6,mlp,6751,4,4,0.005491562096569715,3.995849742254602e-07,3.7428542654892045e-06,8.404423583323244e-06,0.9944604501520573,3.370361400133095e-05,1.7372745486645178e-06
6,mlp,9215,6,6,0.000330182083041985,2.7575039616942245e-06,0.00046812987163256443,0.0021666127883640004,0.3229381717965061,0.00041087808873364,0.67368326786776
6,mlp,2589,0,0,0.9998317595927756,1.2788888640328142e-05,1.6563696758088776e-05,3.900000221474951e-08,1.3835812457335694e-05,0.00012473428233639291,2.787270302558487e-07
6,mlp,5151,2,2,0.33801999001887173,0.010793368287165438,0.6493756609032061,7.482701961804231e-09,0.0008252488610119921,0.0009817545314260282,3.969915616658485e-06
6,mlp,2273,0,0,0.979345565204308,7.564014308176848e-05,0.016437695301070327,2.2183374010001974e-06,0.002581244279934996,0.0005567513323241272,0.0010008854018797335
6,mlp,4013,2,2,0.01244710241861039,4.857567018019229e-05,0.9719725856882198,1.3614225358523692e-06,0.012989710099444234,0.000704969250862692,0.0018356954501468172
6,mlp,11844,3,3,3.4607471654119534e-08,1.3125209531630335e-07,5.986361106625014e-08,0.988883327338966,0.00010388489315532056,0.009605698466057766,0.0014068635786430752
6,mlp,10029,3,3,7.52674147550051e-13,3.0448899892750186e-11,1.5822483641459247e-13,0.9999893435561057,7.00045213015506e-06,8.192927945837046e-07,2.8366676096264524e-06
6,mlp,3889,2,0,0.8002000641499035,0.00019697292365381807,0.09360935328646985,0.0001298915732818276,0.009448570934497563,0.0060839853616329,0.09033116177056037
6,mlp,6983,4,4,4.4775929430210594e-05,1.863017386627111e-08,1.1944456463350887e-06,9.34178450114841e-08,0.9999510990446698,2.73381089869507e-06,8.472133623155491e-08
6,mlp,7679,6,3,1.2406117575294284e-05,6.52877276291336e-06,6.531961038965862e-06,0.8725643727405822,0.0010515960545045896,0.011172609501266332,0.11518595485227005
6,mlp,9675,6,6,0.004584634135686414,2.273703560436877e-05,0.0055581147048158345,0.0011207802063364053,0.0005542834114149892,0.018168544696486124,0.9699909058096559
6,mlp,7555,6,6,0.00040333608630412966,8.251031166595447e-06,8.890708578923057e-06,0.4295418888847662,0.0021017081458468475,0.004212165157275073,0.5637237599860622
6,mlp,13445,3,3,0.0001454232269074904,2.034789114845481e-05,6.679198065459521e-05,0.5443840290947453,0.0027645578560576266,0.015458600234107223,0.43716024971637935
6,mlp,3858,1,1,1.7644535224424296e-10,0.9999999944687803,3.5253240991671595e-09,7.890070317197942e-29,1.8241768785936914e-09,5.27349940657962e-12,1.1110125805400983e-28
6,mlp,448,5,5,8.416879649417241e-07,6.37761629534409e-07,1.268802967034074e-06,0.0010541110229246484,8.671150354314443e-06,0.9988594756990177,7.499387514182848e-05
6,mlp,871,5,5,4.440320703451429e-06,3.1880499197876332e-06,1.2774122897538451e-05,0.0037398788872183538,3.5186683024433255e-05,0.9956538481766842,0.000550683759552126
6,mlp,9818,6,6,0.0021097354296004387,6.2851727043626e-06,0.0045085700081096075,0.0006870534339798317,0.004616152765299201,0.0022477815300385225,0.985824421660268
6,mlp,5279,2,2,0.05347034576501103,0.0026884956583849593,0.9433026343622689,6.685171096032706e-10,0.00029786752125066167,0.0002396518819818408,1.0041425855463333e-06
6,mlp,5376,2,2,0.0047158413861504,0.0002406631878739232,0.9948408326735909,2.5254768278293174e-11,0.00016788606810967923,3.465122798733154e-05,1.2543103297388147e-07
6,mlp,412,5,3,2.2722963530346432e-05,1.1792415647043495e-05,1.8525234547468043e-05,0.7694367868279918,0.0015963398852353345,0.1890311096006374,0.03988272307241045
6,mlp,6508,4,4,1.8965787996062514e-06,1.6876809224767647e-07,4.452961503647393e-06,2.0607828934266288e-05,0.998969673818242,1.0635271207099071e-05,0.000992564773221141
6,mlp,597,5,5,1.6633593458407235e-07,2.833041016503995e-07,2.0620773065738462e-07,9.871505601068272e-05,1.202318743065221e-06,0.999893928499972,5.4982775074365305e-06
6,mlp,8365,6,6,0.0008736008795285603,2.9188367008312625e-05,0.0006629622889395229,0.08183476799927394,0.002996741323791658,0.020138403285744795,0.8934643358557132
6,mlp,5699,4,4,1.5360441552465881e-09,4.1783866898581825e-10,2.735533272126485e-09,4.656788887753101e-06,0.9999674586823648,7.466071816310894e-08,2.7805178613191236e-05
6,mlp,192,5,5,6.079215212178096e-08,1.5950645952030123e-07,1.3546445817725665e-07,0.0005816520459974236,2.38456542344621e-06,0.9994073680913118,8.239534197511715e-06
6,mlp,9803,6,6,0.027878005019849342,1.2589891628002231e-05,0.004964682088420981,0.0004051066416145511,0.0006225570287191133,0.0014653709349934587,0.9646516883947746
6,mlp,3845,1,1,5.059955119170351e-10,0.9999998509186245,8.171046871882363e-08,3.4737855040801824e-27,6.684256295300153e-08,2.2348320846639192e-11,1.5320816264454347e-27
6,mlp,6381,4,4,1.5809447905323742e-05,3.399056918018255e-07,3.733395647653782e-05,2.9113217479228017e-05,0.9938405679666494,1.8367840171709533e-05,0.006058467665625872
6,mlp,5562,4,6,9.878742363644533e-05,5.2093430696075485e-06,9.280045327080069e-06,0.10494367194315553,0.05827621047144705,0.0007895177430453568,0.8358773230303189
6,mlp,1018,5,5,2.1755407538596297e-07,3.57667775371359e-07,1.303064720763635e-07,3.8671031323707276e-05,1.09991463914525e-06,0.9999534813528542,6.042172860174017e-06
6,mlp,218,5,5,8.82680375951604e-09,4.291083372247765e-08,1.891839492334806e-08,4.431819793899717e-05,2.5254581222068154e-07,0.9999548840539456,4.745462708189589e-07
6,mlp,6891,4,4,0.0002451503664130088,9.678208187254775e-06,0.015433622048337557,9.45567790138037e-05,0.949777246530537,0.0005090256068777935,0.03393072046063371
6,mlp,11564,3,3,4.9963849114722193e-08,9.348528737599434e-08,5.3375423841526175e-09,0.996876066704191,0.00029737711401310325,7.085704987603682e-05,0.0027555503452406415
6,mlp,594,5,5,6.072175170226433e-07,2.073637822086423e-06,2.658936574611914e-06,0.030346183825672314,6.171976740077545e-05,0.9688620168366046,0.0007247397784086042
6,mlp,12061,3,3,1.5056459615243694e-07,2.8174190725935483e-07,1.9728158263873005e-08,0.993054119622069,0.0010277882464710204,0.00010473173568579098,0.005812908361112467
6,mlp,12274,3,3,5.982422064365257e-08,1.02353993758091e-07,3.945688090099514e-08,0.9952754748954002,0.00029082817522832347,0.00045090499766016105,0.003982590296615926
6,mlp,13196,3,3,5.9856175746830315e-05,1.105713422635687e-05,4.211552867823471e-05,0.6903242802386889,0.0035797868749323286,0.013545805175910931,0.2924370988718165
6,mlp,386,5,5,1.0906756331910302e-07,1.2911593983049393e-07,1.3065233719354862e-07,0.0001282612033759545,1.1820215189878657e-06,0.9998623628803497,7.825058915077195e-06
6,mlp,11003,3,3,9.136877933974132e-10,6.708284678051127e-09,2.1778221893367665e-10,0.9996554066283245,0.0001414488698926135,1.8667185460949708e-05,0.00018446947656727573
6,mlp,8580,6,6,0.0008151247988557956,6.580301379734023e-06,0.00012587971687828977,0.010238470647121854,0.0006524584139039194,0.0016752215682098578,0.9864862645536504
6,mlp,11584,3,3,1.154096262998265e-08,3.428644573056214e-08,1.0089386191950566e-08,0.9973196451381608,8.335652243656759e-05,0.0014049431467857308,0.0011919992758223142
6,mlp,4810,2,2,0.007993691103277831,0.00043827289856968325,0.9911113375946853,5.444134663243531e-09,0.00012288338094672995,0.0003178647599889834,1.5944818396847258e-05
6,mlp,13531,3,5,0.0001338808257531884,5.743569328938895e-05,0.000970600320486835,0.1130468285247612,0.0014582752024613083,0.8305898248476119,0.05374315458563606
6,mlp,11754,3,3,4.552087138091376e-08,9.82347184417839e-08,2.8359174990962875e-08,0.9959117716503922,0.00011553229023663867,0.0015102567674282915,0.0024622671771778273
6,mlp,7857,6,6,0.00016040393738335203,1.526933364718072e-05,1.2344173681903395e-05,0.2657697614820832,0.11653841666206732,0.001987563177519933,0.6155162412336173
6,mlp,13253,3,3,0.0001433047840497327,2.890297673238922e-05,0.00010260781179459367,0.6642332919853934,0.0019457265077763312,0.11738036669774385,0.2161657992365097
6,mlp,6691,4,4,2.257498658694615e-07,4.169155333424992e-08,2.8144295663446437e-06,5.205763204602999e-06,0.9998958555514819,1.829994731564244e-06,9.402681959628107e-05
6,mlp,8118,6,6,0.0005365006548123204,2.9812284846993173e-05,0.00015897873304700883,0.21666990081748194,0.0028341213496741006,0.02049280448828027,0.7592778816718573
6,mlp,9880,6,6,0.0064928797936811295,9.397634951949127e-06,0.007066656640685267,0.0003116231588251016,0.03034130086116564,0.0007061100550434405,0.9550720318556475
6,mlp,1349,5,5,8.903008085964802e-06,1.1265405653705896e-05,6.880011170762433e-05,0.00720169696838573,8.55297184889289e-05,0.9909145060671126,0.00170929872056537
6,mlp,3363,1,1,0.0019341044506164754,0.9783372031298881,0.01964318128219623,7.201718437094295e-16,7.979687682673796e-05,5.714260373913404e-06,9.7965950204547e-14
6,mlp,10814,3,3,1.3022311682934656e-09,6.339539742729202e-09,9.017044706578757e-10,0.9991747713994683,2.5241265732981027e-05,0.000496982262265948,0.0003029965290573127
6,mlp,1232,5,5,7.621723334806288e-07,1.9221095036750146e-06,2.5453010136954193e-06,0.00036353061069100524,5.5871994755779166e-06,0.9995747864130955,5.086619388700229e-05
6,mlp,2827,0,0,0.9857281091055375,4.3637016934635215e-05,0.007593002151354508,1.5283076605241527e-07,0.006518909338904885,0.00011323834055476291,2.9512159475379664e-06
6,mlp,6483,4,4,0.00015229566372634322,4.734835212639178e-06,0.0010651335685502878,0.0002310767626071972,0.9754432763265547,0.00022032589187800415,0.022883156951470758
6,mlp,4832,2,2,0.006618690701698,0.00020926450210023752,0.9927147220727801,3.471741857791047e-09,0.00019947274100954747,0.00024085548961937754,1.6991021050796547e-05
6,mlp,2635,0,0,0.9997110306813354,7.628757052338248e-06,5.691647502317677e-05,3.204401692383448e-08,0.0001790897707701782,4.4024552878872124e-05,1.277718923039273e-06
6,mlp,8830,6,6,0.0008467536014391897,1.729963221992125e-05,0.000561794295066089,0.017690229037956053,0.0016034344099317397,0.02582204879189709,0.9534584402314901
6,mlp,1448,5,5,1.7195928725451083e-06,1.677200955345962e-06,1.3382981021135417e-06,3.1819982449559844e-05,1.97633880917184e-06,0.9999513866531382,1.0081933672959866e-05
6,mlp,11824,3,3,7.713942693659739e-09,3.3455301026192175e-08,2.01252606269002e-09,0.998857133697631,0.00038587930892613115,8.581785625312157e-05,0.0006711259554200063
6,mlp,11267,3,3,8.936008016768578e-09,3.033472221180529e-08,2.2098631835986614e-09,0.9975164979213288,0.0003185453821211161,3.181754373820789e-05,0.002133097672218724
6,mlp,4381,2,2,0.006486082811253382,1.119611427381755e-05,0.9888067569826853,1.790434463267788e-08,0.004565134853179837,0.00011064947507053443,2.0161859192460416e-05
6,mlp,10171,3,3,3.850252578963246e-12,3.385825087867271e-10,6.842906755742968e-13,0.9991808124197783,0.0008120491192589089,2.6030963382583036e-07,6.877808211882039e-06
6,mlp,3072,0,0,0.8631760510652138,0.00046896348033598846,0.13552431769145265,5.904518345141254e-09,0.000491906481304836,0.00032922397765416787,9.531399520159132e-06
6,mlp,1725,5,5,0.08039437880989833,0.00011929237757853695,0.0003807214036399081,0.00045929411907536584,0.00042278050777213547,0.912278481080088,0.00594505170194756
6,mlp,1730,5,5,1.5969568353210346e-05,9.459940389691714e-06,1.0947318877508754e-05,5.9172453385199117e-05,7.464071395117207e-06,0.9998473703871527,4.9616260446782956e-05
6,mlp,1840,5,5,4.4547954306536645e-05,3.425804799034421e-05,0.00018316532920899868,0.0006951724068669562,5.4569014331800184e-05,0.9972155952510539,0.0017726919962415071
6,mlp,4429,2,2,0.001258237877537911,1.605624492128409e-05,0.9979948523248651,1.5538476470573567e-08,0.0005884189854210682,8.508568451865942e-05,5.733334425965388e-05
6,mlp,2659,0,2,0.0828958170774681,0.00015125475226432142,0.908489955015394,1.7595564450784628e-07,0.005706872273714933,0.0014303576731068896,0.0013255672524075126
6,mlp,12838,3,3,1.2187339308772916e-06,1.0818442869724555e-06,2.015983085650672e-07,0.9722347558633608,0.0007253293754219539,0.0009676405402809257,0.026069772044410012
6,mlp,7943,6,6,0.0004625209247991616,1.866013022579835e-05,8.366716344174466e-05,0.1608263969320335,0.001966430023484234,0.00769517642111232,0.8289471484049032
6,mlp,8176,6,6,0.0003229911490655506,5.6448378550605725e-06,4.6911447726367095e-05,0.021485243474047313,0.0012259204055912324,0.0010351521551998425,0.9758781365305147
6,mlp,9118,6,6,0.00034460618714564004,4.224252352926336e-06,0.0004888421748700969,0.004803395722973869,0.0010412372374216969,0.0036699627404759272,0.98964773168476
6,mlp,2673,0,0,0.9985233008261727,2.5471757787810546e-05,0.001313595657719525,2.5994331815545276e-08,7.590601580198555e-05,5.696493817460299e-05,4.734810011786102e-06
6,mlp,7825,6,6,5.1237891896037295e-05,6.648168827790408e-06,2.961472520662249e-05,0.1603165082283902,0.041069740848070566,0.0009365705392715047,0.7975896795983373
6,mlp,12292,3,3,1.3448874662046626e-07,1.8233955783192533e-07,6.002204715068379e-08,0.9922276959160504,0.0004214638461482446,0.0004019336747625623,0.006948529712687263
6,mlp,7986,6,6,0.00024717473486271285,2.1080036105084927e-05,1.97220296656602e-05,0.3199609749937279,0.11498684248694485,0.0036153553454987674,0.5611488503731951
6,mlp,11033,3,3,1.780994465904363e-09,1.3988141813674834e-08,3.1033651911973124e-10,0.9994483182486024,0.00017263922597510694,1.1229489922588945e-05,0.0003677969560270988
6,mlp,4756,2,2,0.002814232454206523,3.080915225784633e-05,0.9968226942603328,2.1127248518482346e-09,0.0002644841583403971,5.899944000246029e-05,8.77842213513307e-06
6,mlp,5595,4,4,1.3989753324735227e-08,1.3445120695063296e-08,4.958392760577998e-09,0.0009647550820838152,0.998349655703428,1.4487824481999212e-06,0.0006841080387733718
6,mlp,2193,0,0,0.503191505469554,0.00011915176534679096,0.00861174124011513,6.967394518229503e-05,0.4836965050172604,0.0019801392114763235,0.0023312833510651344
6,mlp,10480,3,3,1.2525614816109478e-10,2.0431320604469007e-09,1.9204586868203737e-11,0.9998425955888119,8.078238763111892e-05,2.681323823299378e-06,7.393851214071189e-05
6,mlp,12206,3,3,1.0685918339910852e-06,1.0071840996359518e-06,6.905932735220261e-07,0.9720343707166037,0.00041638425667882506,0.014183301918538763,0.01336317673897165
6,mlp,5264,2,2,0.00021274687653480658,2.075222858239411e-05,0.9993532478054719,7.511836903056349e-11,0.00040424088428295545,8.83077219462792e-06,1.8135781492289138e-07
6,mlp,12254,3,3,5.5393366806097674e-08,9.305348304143083e-08,7.292318131766857e-08,0.9949200556231756,0.0002740330157711545,0.001329353267595688,0.003476336723426065
6,mlp,8787,6,6,0.0003092219194069656,1.1230872137853395e-05,8.390708096631992e-05,0.037812817391969164,0.005990376934210523,0.009327517490715082,0.9464649283105941
6,mlp,9640,6,6,0.0010619901748507685,2.6267427825974587e-06,0.0007215439027226588,0.0002558126627760821,0.0006116733705688185,0.0008163985823523003,0.9965299545639467
6,mlp,252,5,5,6.624801662559627e-07,1.6662622867987764e-07,2.0133795659886775e-07,0.00010097613484118725,1.863963472990494e-06,0.9998874384484746,8.691008859719394e-06
6,mlp,440,5,5,1.8349323892591615e-08,3.421130026493233e-08,4.667126553988346e-09,2.3993984283273025e-06,8.861910149891373e-08,0.9999973091318485,1.4562287089880975e-07
6,mlp,9906,6,6,0.020715205927600545,1.6761441043672142e-05,0.02612826070940444,0.0003024100275459755,0.017444710386537762,0.001126661903910516,0.9342659896039571
6,mlp,4785,2,2,0.00025929629105558133,9.533730010284207e-06,0.9996424678348077,6.088699514273366e-10,6.757990090206281e-05,1.9169433433699013e-05,1.9522009207028604e-06
6,mlp,10197,3,3,3.202758426152806e-11,5.584516902092711e-10,3.2473187672037004e-12,0.9999577513808531,1.6699989726814163e-05,1.6404120493277793e-06,2.3907623644040442e-05
6,mlp,4708,2,2,0.008622207137377446,5.1531658025099726e-05,0.9899877912992988,5.377642529919394e-09,0.0011730806086206436,0.00014805082483940117,1.73330941961197e-05
6,mlp,9789,6,6,0.01036882361393822,1.7898451468472945e-05,0.0072080125551271645,0.0007592489444612121,0.0065220355911309435,0.0018516648076393725,0.9732723160362345
6,mlp,9186,6,0,0.7440937745691563,6.803098392953995e-05,0.0007935650104056928,0.006819173675198354,0.006965444313041513,0.02269401595532799,0.21856599549294037
6,mlp,7639,6,6,0.00029443388079410516,8.907306797150047e-06,1.348877839796456e-05,0.16618318170122334,0.003211282408295531,0.0030599527862336653,0.8272287531382582
6,mlp,603,5,5,2.333450321368247e-08,5.062693162220157e-08,1.0408988986441958e-08,3.208645796587717e-06,1.0769566800580964e-07,0.999996433015307,1.6627280433181653e-07
6,mlp,3972,2,2,0.050213015252963816,7.228451504600273e-05,0.900999916583051,6.517232081809535e-06,0.04109864398744103,0.0009855289012212884,0.006624093528194834
6,mlp,7187,4,4,1.8850111608804217e-05,9.463777934426739e-07,0.0028606339608777255,8.215655830139699e-07,0.9969861416185658,9.26133375457964e-06,0.0001233450318166892
6,mlp,13333,3,3,1.439658597516039e-05,6.345027464947172e-06,4.539257323613656e-06,0.9012243225974074,0.0028744538952450776,0.0030341300445399398,0.09284181259204378
6,mlp,938,5,5,8.50828483098107e-07,2.0205752709253577e-06,5.073369195186793e-06,0.0021737689350378006,1.4703323223228986e-05,0.9976660499048577,0.0001375330639319461
6,mlp,10439,3,3,1.1659456208873559e-10,1.382940974454551e-09,3.569656813515995e-11,0.9998896056756088,2.8576740823681956e-05,1.2607223778804784e-05,6.920882455675032e-05
6,mlp,5013,2,2,0.00011100810644208954,1.9541827847008235e-05,0.9996616440753611,1.8955178515952591e-10,0.00019250709125899956,1.471751941705774e-05,5.811901220092547e-07
6,mlp,1417,5,5,5.3644229466090663e-05,2.1709141137827064e-05,0.00024828852939524866,0.014999552015058258,0.00019955777305791773,0.9770676122312822,0.0074096360806023154
6,mlp,13379,3,3,3.018751708957914e-05,1.025705364370473e-05,3.373715931487708e-05,0.8025537307396409,0.0022959405997832467,0.01382393209208427,0.18125221483844337
6,mlp,1535,5,5,5.855708402647213e-06,7.240008984164004e-06,3.852111014460565e-05,0.000732180882882997,1.7083082685946986e-05,0.9989492055133493,0.0002499136935505283
6,mlp,3814,1,1,4.2609471896017136e-08,0.9999998421582492,8.759851208072154e-08,1.31829233703962e-25,2.749362717018697e-08,1.4013945032905493e-10,2.2316348826525555e-25
6,mlp,5261,2,2,0.02535834621293078,0.00010048148726888528,0.9484635215669517,1.2239724926755692e-09,0.026009319530546703,6.761572934072256e-05,7.142489889143032e-07
6,mlp,11475,3,3,2.4645687709723954e-08,5.812189739286658e-08,1.307395801367419e-08,0.9960481937596777,6.774783263251956e-05,0.00226201821154965,0.0016219443545969067
6,mlp,5140,2,2,0.00011468722256694919,1.4239383541570625e-05,0.9969876654117702,4.17470003796137e-10,0.0028519696092239324,3.047964746171374e-05,9.583079658108498e-07
6,mlp,10536,3,3,4.943525578741661e-10,3.939641403150598e-09,1.0708915327364569e-10,0.9997885435331542,2.790353195370483e-05,2.2373582979281658e-05,0.000161174810829796
6,mlp,13217,3,3,2.8023881581009825e-05,7.471706627024038e-06,3.522456783501082e-06,0.7684244691079957,0.005966492723052195,0.0014941002494383438,0.2240759198745223
6,mlp,11032,3,3,1.437845569204588e-08,2.345538023171394e-08,1.7714957597393346e-09,0.9973751787076087,4.799636153558938e-05,0.0006857438235932733,0.0018910415019307248
6,mlp,738,5,5,5.741769088544288e-07,8.374666727013478e-07,1.5093623996680949e-06,0.0006456555041045399,6.3574621359076755e-06,0.9992908776849602,5.418834281833346e-05
6,mlp,3265,0,0,0.9999547920537198,3.5634402906620486e-05,1.5686798258092249e-06,8.393454754488275e-11,3.6358953562392642e-06,4.368804599632047e-06,7.965739672852026e-11
6,mlp,10517,3,3,5.233372123945195e-10,3.5785986495929684e-09,1.621572991139072e-10,0.9997486601643664,2.6255517869226233e-05,4.537628005748544e-05,0.00017970377361376018
6,mlp,2583,0,0,0.99937486598702,2.8688588557409667e-05,0.0003837866539855218,9.553959867508042e-08,0.00014749500372773027,6.386430791129565e-05,1.2039191994772837e-06
6,mlp,1446,5,5,4.670165497938214e-05,7.818743718973837e-06,1.8748079344422485e-05,0.00022412381379614807,1.917731070949342e-05,0.9995386218741258,0.00014480852332585117
6,mlp,13027,3,3,2.354592754545469e-06,1.8072920489452055e-06,9.937387242641307e-07,0.9725180813668474,0.0011798755951180602,0.0030080294457341243,0.023288857968772603
6,mlp,2822,0,2,0.031585880490894065,8.189401233928003e-05,0.9671039731102639,2.01634773302068e-08,0.0008935444679599038,0.00027811172243446505,5.6576032631046304e-05
6,mlp,7075,4,4,0.0032320682849559675,3.3429379067369e-05,0.4557706503654359,1.1923794732743166e-05,0.48338968871459165,0.0010507300604369104,0.05651150940077947
6,mlp,5929,4,4,8.427272120518158e-10,1.5708845233426235e-10,1.6528296646713405e-09,3.104772807438926e-07,0.9999965337756577,2.30458529491371e-08,3.130048562960649e-06
6,mlp,13426,3,3,8.964824805042957e-05,2.861520747407328e-05,0.00010763935650294924,0.6853851131180762,0.0019506263374786956,0.11036765992172917,0.20207069781068857
6,mlp,8273,6,6,0.0001926097270286218,6.38944623322905e-06,6.964163671165162e-05,0.046853108597016,0.0017350440845963933,0.0018184415259337422,0.9493247649824803
6,mlp,2536,0,0,0.6391386086315745,0.00012784196538275004,0.3556049067768885,6.703037244268584e-07,0.0041814113156927535,0.0005870573168509279,0.00035950368988610045
6,mlp,2227,0,0,0.9870642362907628,4.0005651042381444e-05,0.00823446937857781,1.19693472936575e-05,0.0033873494856732755,0.0005455040463063935,0.0007164658003433796
6,mlp,2529,0,0,0.998929937065828,2.817330229450204e-05,0.0008885891464012279,8.36298447445785e-08,8.127990394766732e-05,6.776025254043929e-05,4.176699143814469e-06
6,mlp,10112,3,3,1.3813843955183761e-11,2.836522574374022e-10,1.6587067296148112e-12,0.9999763852293402,7.792337393322173e-06,1.8748620345353595e-06,1.3947272107175913e-05
6,mlp,5391,2,2,0.0016891727626772925,0.0002675252964548598,0.9979341443992843,2.1267672550040254e-11,8.871581122924981e-05,2.037949070835979e-05,6.221837819125708e-08
6,mlp,11875,3,3,8.279524374925546e-08,2.1666333559216535e-07,1.0882791979051506e-07,0.9705360237817222,0.00011183587234028435,0.026732221159770836,0.0026195108996677446
6,mlp,5784,4,4,2.3040568272779355e-06,2.2973917779384025e-07,2.8720457110830123e-06,0.00024380476111928663,0.9956425258386948,1.3615692651422583e-05,0.004094647865818369
6,mlp,2803,0,0,0.99824729720163,7.516774739148263e-06,0.0001767465595060755,2.3443755672019475e-08,0.0015405184150446203,2.6478736219784863e-05,1.4188691046990667e-06
6,mlp,9910,6,6,0.010988821626272325,1.9174539565068135e-05,0.005582375605355075,0.0002969983588354601,0.0017312720450510567,0.008514883637351945,0.9728664741875691
6,mlp,10628,3,3,7.874262018008077e-10,4.530960141351861e-09,1.7444939338698537e-10,0.9997015963046524,4.0602406094907425e-05,3.415149310790587e-05,0.00022364430330900855
6,mlp,12007,3,3,3.5614357400651867e-08,1.11468496744228e-07,7.1173895073121346e-09,0.9978061876116695,0.000171904958066966,0.00014868674287614835,0.001873066487143769
6,mlp,10467,3,3,7.132703260863679e-10,3.6737856163411964e-09,5.175086936281178e-11,0.9996613110159945,4.9539799460379436e-05,6.23530732843977e-06,0.00028290943840960807
6,mlp,10345,3,3,1.6091147559761682e-11,2.712107552573971e-10,9.803182471865797e-12,0.9999463337846312,1.8793095964372324e-05,1.3818197876396548e-05,2.1054624423193245e-05
6,mlp,7263,4,4,4.9132461218135665e-09,7.880066100026823e-10,1.2068830757696383e-07,7.334372881065653e-09,0.9999986573178896,1.9792461487311595e-08,1.1891657156570015e-06
6,mlp,4315,2,2,0.0034824678128731017,2.047484367105963e-05,0.9962129851707686,1.5847608011719225e-08,0.0001319269771922837,8.387549931362661e-05,6.825384857340119e-05
6,mlp,2228,0,0,0.9983425613180728,6.010557610415775e-05,0.0003949486524161279,2.53139435423124e-06,6.0486449061136166e-05,0.0010826060858899137,5.676052410162137e-05
6,mlp,13246,3,3,1.4000736125294111e-05,6.7320990880167555e-06,2.5028442502854274e-06,0.8713188550090821,0.007895486667632871,0.0010150254728759013,0.11974739717094561
6,mlp,11086,3,3,3.3997514377955005e-10,4.636642420472884e-09,6.168095586247671e-11,0.9997096529568127,0.00019056898988074273,5.48182594617856e-06,9.429118906220167e-05
6,mlp,8101,6,6,0.00019549825314942398,4.3750116957366715e-06,8.368921960522454e-05,0.02803449643060169,0.0013095294640780317,0.001249346222544321,0.9691230653983255
6,mlp,971,5,5,2.9330362124697018e-05,2.4509463622274857e-05,0.00013412160281357148,0.17356354106202798,0.0008027016044250073,0.8075693347943665,0.017876461110619978
6,mlp,7865,6,6,9.03707772964376e-05,3.186529119023269e-06,1.2248367872768172e-05,0.030884220784827082,0.11247077356986096,0.0006347894923298582,0.8559044104786938
6,mlp,13250,3,3,0.00036547251351050044,3.780463497735029e-05,5.2976378055419126e-05,0.5896419491028336,0.005156747154317859,0.01672232850157329,0.38802272171473207
6,mlp,8636,6,6,9.172242718769341e-05,2.245051126969268e-06,0.0001290538662877912,0.010430410931283562,0.0015702054161593534,0.0011256503649198564,0.9866507119430348
6,mlp,3491,1,1,1.7829510209033515e-05,0.9986354531437449,0.00133891718263451,1.23505794953699e-19,7.688939797867413e-06,1.112236137361756e-07,1.2443529438711902e-17
6,mlp,2984,0,0,0.9802424527007896,8.159885853695845e-05,0.019169553920774896,8.619314007068439e-09,0.0004131872035391657,8.704193021007127e-05,6.15676683513703e-06
6,mlp,6564,4,4,4.505069521456688e-05,1.1408570049591243e-06,0.0004311839720461608,5.199262592136166e-05,0.9854228743944805,5.4624026011837775e-05,0.0139931334293207
6,mlp,6454,4,4,3.5092131879620005e-08,4.093089087439515e-09,1.2632519880013505e-07,7.004640719171527e-07,0.9999795966539522,1.802050458324654e-07,1.935716651038901e-05
6,mlp,7341,4,4,1.7242867052162234e-05,5.524917398698483e-07,0.0003364052215880927,4.1154050378203925e-08,0.9995946807530006,1.5887374487040423e-05,3.5190138081653635e-05
6,mlp,9978,6,6,0.019237088685998174,9.951226791323257e-05,0.14052911346779903,0.0005759491662181212,0.029261627206095823,0.09559133303140693,0.7147053761745686
6,mlp,13168,3,3,2.64962577897534e-05,5.524458086729612e-06,1.4698039580677403e-05,0.7069511436203957,0.0017221839770938112,0.005862573061470386,0.28541738058558297
6,mlp,4839,2,2,0.0027485101895259913,3.760342134430562e-05,0.9968760000667782,2.4849657431602477e-09,0.0002834062563516402,4.862519940818675e-05,5.852381625829044e-06
6,mlp,10177,3,3,1.7487668710082308e-11,6.186191702447031e-10,2.1054208759048744e-12,0.999938687373919,4.712629510903267e-05,6.090368203947503e-07,1.357665593912448e-05
6,mlp,12238,3,3,1.7457945866031077e-05,2.3675901765688834e-06,7.640980371040021e-07,0.9499027803275869,0.0011330293199820912,0.002715804327115677,0.04622779639123561
6,mlp,4535,2,2,8.549752533256437e-05,4.950002846001567e-06,0.9994593876078748,2.607931546589719e-09,0.0004147213639771679,2.5867750102365778e-05,9.573141935567113e-06
6,mlp,1694,5,5,0.15323745146658807,0.0004272982257287163,0.0007589042006204188,0.0056737921463562825,0.001148427354835392,0.825700105420401,0.013054021185470117
6,mlp,12338,3,3,3.056289339005304e-07,4.2710762456024943e-07,1.0938821309026444e-07,0.990257114923763,0.0002998837079236446,0.0010086173663011555,0.008433541877240595
6,mlp,2981,0,0,0.9983929978887053,2.736901215123335e-05,0.0010613729461634446,1.3349233379880096e-08,0.00047084677203305134,4.698674277589601e-05,4.1328893770606594e-07
6,mlp,2184,0,0,0.9942698707605861,6.464760713512418e-05,0.003992535175600554,7.807676663718747e-06,0.0003487237406569104,0.0008849567226596854,0.00043145831669768995
6,mlp,4161,2,2,0.012688256306650094,2.566647832533729e-05,0.9856175747275967,1.1121965362183687e-07,0.0011678274600297744,0.00019315786836427887,0.00030740593938028684
6,mlp,6359,4,4,0.001196894077035906,9.209091444088991e-06,0.009998950677045353,0.0003176499295400153,0.926076008811619,0.0003017698964867067,0.062099517516829114
6,mlp,12417,3,3,4.619852267591656e-07,5.141227285029506e-07,1.43567797593087e-07,0.9767364250201586,0.0016870379142006446,0.00025595012489296133,0.021319467264995066
6,mlp,8916,6,6,0.0006199444742189315,5.311930351274317e-05,0.0010292700218679915,0.07627195715034962,0.0027675844563651124,0.12012696370898573,0.7991311608846998
6,mlp,5144,2,2,0.0009227502156424572,2.6665649958246176e-05,0.9988283554794195,1.781501023930527e-10,0.0002030678253858719,1.864621717381913e-05,5.14434270115226e-07
6,mlp,4947,2,2,0.0006929662423125215,4.584618264643723e-06,0.998423940022877,4.69319986291472e-10,0.0008600219724879258,1.817710569653959e-05,3.095690412645726e-07
6,mlp,8033,6,6,0.000540020653134409,1.9082404758860412e-05,6.086414259601842e-05,0.09241800706259216,0.004684631521179242,0.0022877675296515063,0.8999896266860877
6,mlp,10386,3,3,9.996914889436989e-11,1.576549003201632e-09,1.0565474958999642e-11,0.9999213281706741,3.108757990073007e-05,2.3597952636778365e-06,4.522276707764675e-05
6,mlp,12963,3,3,1.1353682499710625e-05,3.7829202107548936e-06,1.3723886065208532e-06,0.8778754171857673,0.0010164106594712683,0.002254790086123153,0.11883687307732117
6,mlp,5914,4,4,2.3199421410478288e-10,2.4599579825007003e-10,3.8670632412802783e-10,1.7159324788521518e-06,0.9999944178968495,2.249225866806065e-08,3.84281371685644e-06
6,mlp,11821,3,3,9.44788776036393e-09,5.4690958930105276e-08,1.667881728291485e-09,0.9983778681992438,0.0006922552037374002,2.8337591781906434e-05,0.0009014731985085685
6,mlp,6333,4,4,1.4824814902154108e-06,2.8734567588500244e-07,4.234144464075941e-06,5.773636927556381e-05,0.9993640592032563,9.106648183241698e-06,0.0005630938076549233
6,mlp,6182,4,4,0.00014142769036707274,2.1046332611240916e-06,0.0004006519026470089,9.860711444253809e-05,0.9962264692396763,4.782034603025348e-05,0.003082919073575801
6,mlp,313,5,5,1.0151508545139972e-07,4.4195180870731566e-07,1.2139857066180678e-06,0.009171578098226241,1.3017226211611631e-05,0.9907333411465982,8.030607636316224e-05
6,mlp,8617,6,6,0.0005035778786406687,1.7152582700180212e-05,0.0006008460309028128,0.05096351741123011,0.003019503892341767,0.02120630945884923,0.9236890927453352
6,mlp,1475,5,5,1.5543665700347873e-05,1.4199433014940792e-05,0.00023790018238556779,0.008646413869042855,0.0001268071961877084,0.9878811990323353,0.0030779366213332907
6,mlp,12621,3,3,8.580685114114303e-07,7.941822526800451e-07,1.2924196970010823e-07,0.9821009099068122,0.0012058868996081117,0.0005366093934027897,0.01615481230744312
6,mlp,8451,6,6,0.0024796539026967625,1.056348403733927e-05,0.0003126222541509068,0.0194985476882873,0.003167996642488836,0.0010114409417529262,0.9735191750865858
6,mlp,9330,6,6,0.00029858567536055993,2.112842795781202e-06,0.0005451879344157746,0.000886148752931461,0.0012316693770507748,0.0007544452054886178,0.996281850211957
6,mlp,7239,4,4,7.271244008906649e-06,1.772634098575163e-08,1.9073968449616146e-06,1.2791279343697007e-08,0.9999900848790296,6.549541480552015e-07,5.100834802569027e-08
6,mlp,34,5,5,5.006726905256757e-10,5.895887134476388e-09,2.044706690086739e-09,3.410519109278994e-05,6.696840461680637e-08,0.999965749967086,6.943215015649777e-08
6,mlp,12013,3,3,1.1679522624563906e-07,1.5539171959305034e-07,5.2489461837685534e-08,0.9913406283242558,0.00033254132291160566,0.0004466852676707336,0.007879820408754087
6,mlp,4324,2,2,0.003618984884433535,1.8904366317058237e-05,0.9937198450224796,2.7349556836789964e-08,0.0023554357042504166,0.00013203139418461823,0.00015477127877825753
6,mlp,12117,3,3,2.882367926265657e-07,3.334619801803128e-07,2.9537955143837677e-08,0.9790947909589072,0.0010219083122794555,0.00014685980284371336,0.01973578968924167
6,mlp,11840,3,3,2.2492686274275916e-08,5.362011006191342e-08,1.4749347594205506e-08,0.9975188659429488,0.00015659532575459237,0.0005809522754198399,0.0017434955937330181
6,mlp,4914,2,2,7.750567145511162e-05,8.528713745098931e-06,0.9997631141315745,3.305058418400089e-10,0.00013841360708423398,1.1186402639285095e-05,1.2511429960043977e-06
6,mlp,4943,2,2,0.000280827212028874,9.049792914958707e-06,0.9993762171615804,4.583929992418115e-10,0.00031798418753055705,1.4587432601267492e-05,1.3337549510197052e-06
6,mlp,3071,0,0,0.9992802131184493,0.0001008673425821044,0.0005267061440281112,2.6108014133729443e-09,4.069388196062148e-05,5.137718789950844e-05,1.3971427881679965e-07
6,mlp,1419,5,5,4.468583608476094e-05,5.579364585431973e-05,0.00030973404644037665,0.19741866134067806,0.001051086187448512,0.7537485967542041,0.047371442189289896
6,mlp,6675,4,4,0.014800673292470213,7.582132654538801e-05,0.1945848135155222,0.00040695928767934484,0.503687906135059,0.0028185936436012013,0.2836252327991227
6,mlp,5833,4,4,1.3092388800982014e-07,3.512586397390796e-08,1.3922830564517438e-07,1.920768898225151e-05,0.9998899112854469,1.3097836930101635e-06,8.926596382030603e-05
6,mlp,12215,3,3,2.02536216437892e-07,4.693255829614227e-07,3.571520266066513e-08,0.9848240491242871,0.002969716936596169,9.251908648545844e-05,0.012113007275629178
6,mlp,4954,2,2,0.0010272944679818592,1.952815864021487e-05,0.9986848211105827,8.375923202915405e-10,0.0002414374992603647,2.5751504840719845e-05,1.166421102013749e-06
6,mlp,10989,3,3,1.1976464350329795e-09,7.186180925599845e-09,6.436252130474487e-10,0.9994986929227724,4.1270697348916496e-05,0.0001546980191045645,0.00030532933332172614
6,mlp,8001,6,6,0.00011920558211365073,1.0059821146809384e-05,3.935498233297305e-05,0.22685021263318605,0.03087349503093562,0.0024402103556907394,0.7396674615945942
6,mlp,5526,4,4,1.640322701315855e-08,5.0356271092039184e-08,3.3494512520906575e-09,0.0839363419257569,0.9136375968397366,1.3687310571523807e-05,0.0024123038149857752
6,mlp,2923,0,0,0.9998294584164253,3.783017492351551e-05,4.0691818165351556e-05,7.2754850768741234e-09,1.5735347386447683e-05,7.612179053063169e-05,1.5517708362230759e-07
6,mlp,6207,4,4,1.2771906026578092e-06,5.974250964525057e-08,3.585304810905748e-06,2.2083152551559003e-05,0.9965997528729179,5.246262467438565e-06,0.0033679954741400826
6,mlp,3722,1,1,1.0316058758478364e-06,0.9999983156601345,4.431197811920747e-07,4.5511793531416967e-23,2.0820013141549282e-07,1.4140769801414e-09,4.405916206051352e-23
6,mlp,5380,2,2,7.219119727983048e-05,1.0085752099774692e-05,0.990898594104705,2.0390060423426006e-11,0.009014212774766937,4.886045649922279e-06,3.010510812312195e-08
6,mlp,1225,5,5,2.8929336168110534e-06,2.4192261726810536e-06,9.824930740502406e-06,0.0004927797479747158,9.143802153617888e-06,0.9993363905050151,0.0001465488543265791
6,mlp,215,5,5,4.425491766473158e-07,6.282001121520915e-07,1.1957512934093739e-06,0.008541281073562822,2.4208097577273165e-05,0.9912494563597389,0.00018278796853869083
6,mlp,4387,2,2,0.012406491436110842,6.079979515860558e-06,0.9638961107015422,4.702833323849056e-08,0.023468019620494305,0.00021383577183566678,9.415462167502094e-06
6,mlp,10383,3,3,8.831298145476157e-10,4.374340590103371e-09,9.571458572695213e-11,0.9997450336175372,5.9159106923478745e-05,1.3159516142446048e-05,0.00018264240621204908
6,mlp,3360,1,1,0.00044500844331311933,0.9444164925574172,0.05507572111028914,5.168078499484017e-16,5.4627769659611994e-05,8.150118907168337e-06,4.132715925888925e-13
6,mlp,3623,1,1,5.030750778904272e-08,0.9997645113674595,0.0002327932455963471,6.531936273440137e-22,2.637864980034353e-06,7.214456346432414e-09,3.066339113393815e-20
6,mlp,7415,6,3,2.4441005848245827e-07,3.3801539142715434e-07,7.13923349923535e-08,0.9927972100475327,0.0008756122235628466,0.00045590487680966776,0.005870619034309891
6,mlp,1312,5,5,1.355219440976955e-06,1.3350398654338456e-06,7.632303742790008e-07,3.2889496392348554e-05,1.8992563855387632e-06,0.9999551499185759,6.607838965486728e-06
6,mlp,7049,4,4,0.0006012864581477712,5.028073121586019e-07,0.0676617086400838,7.584434952530949e-07,0.9305277853206951,4.2657539559540305e-05,0.001165300790706335
6,mlp,3449,1,1,0.00031554283492186036,0.9987805705000963,0.0008617396857181181,1.2047928085707656e-18,4.1832596385963145e-05,3.1438287783393104e-07,8.274521618328109e-17
6,mlp,3833,1,1,1.2396255175277889e-08,0.9999999536457757,2.399221097688991e-08,2.574042345265667e-26,9.903490854392509e-09,6.226731996991452e-11,3.177663765025714e-26
6,mlp,4181,2,2,0.016336412360203716,9.367281434351995e-05,0.9810694638769999,2.0088794379385704e-07,0.000677981692383784,0.0009963922290736123,0.0008258761390516023
6,mlp,10840,3,3,4.5928412491642566e-10,4.977770570185431e-09,9.986162426950113e-11,0.9998186482488051,3.729937708337739e-05,1.8182095669565246e-05,0.00012586474152556355
6,mlp,442,5,3,5.940811056830475e-06,6.028230745773492e-06,1.9626990201707177e-05,0.6938714379066683,0.0008173506559673762,0.28574367781496735,0.01953593759039274
6,mlp,8079,6,6,0.0007809200956828481,1.966802443153241e-05,4.354877993353653e-05,0.06129290383235939,0.3553001738785739,0.0017738512777768886,0.5807889341112419
6,mlp,44,5,5,2.4203082314774223e-08,8.289596020509924e-08,1.203873403817395e-07,0.006222041715247938,5.4598374402723856e-06,0.9937485536778187,2.3717283110076615e-05
6,mlp,4003,2,0,0.63112618848044,0.00010764596508433965,0.3432275047014366,6.116299067439218e-06,0.02259715621104342,0.0011134048021731225,0.0018219835407551333
6,mlp,12232,3,3,4.545017041195108e-07,9.060903357327774e-07,5.881122041100465e-08,0.9817634626036575,0.0038758316608165895,9.71161953262613e-05,0.014262170136939235
6,mlp,3851,1,1,8.276635280224687e-09,0.9999998967220594,5.617849063879e-08,1.6882435186191203e-27,3.879216919858661e-08,3.064546968630946e-11,3.744125421548766e-27
6,mlp,868,5,5,3.394158141853692e-07,5.806080703392746e-07,1.1295764860499309e-06,0.00023526241227094004,2.597702272591124e-06,0.9997370118872873,2.3078397798485333e-05
6,mlp,10325,3,3,1.4964364337317518e-11,4.5680144730837906e-10,2.7858593867567484e-12,0.9999657454228119,1.7398467127702014e-05,1.9778002331383533e-06,1.487783527583277e-05
6,mlp,10491,3,3,1.2420521647311294e-10,1.9564897972165274e-09,1.978133599143058e-11,0.9998413586158076,7.832438830211845e-05,2.843133595609445e-06,7.747176181839669e-05
6,mlp,9579,6,6,0.0005049171092661315,5.071517628329129e-06,0.0002939878283487518,0.0018237327274768312,0.006074353889944433,0.0026470256396725735,0.988650911287663
6,mlp,4475,2,2,0.002128447575098746,1.789337656926065e-05,0.9950949810146525,1.5382476964392894e-08,0.0026560075844212117,7.409169561204845e-05,2.856337116941634e-05
6,mlp,807,5,5,1.2059312484890692e-06,2.5487028437779698e-06,7.095417782340211e-06,0.010161232209881604,4.145313518333926e-05,0.9892163650479122,0.0005700995551482484
6,mlp,7313,4,4,0.00015382262244207148,2.1677095829857336e-06,0.003489230014856748,2.7515812867507623e-07,0.9958221148363557,3.371751728185287e-05,0.0004986721413520985
6,mlp,2041,0,0,0.7607224830620153,0.0001272500309515272,0.0008361192451876571,0.0062065410946255395,0.0025018674990292173,0.040880862940504206,0.18872487612768638
6,mlp,1967,5,5,0.018783128426885544,0.00024780701534542286,0.01503427901958207,0.0005997143956368849,0.0006820091054884504,0.9122324901023927,0.05242057193466892
6,mlp,12477,3,3,9.7599573639597e-07,6.243540515001994e-07,7.651054134155124e-07,0.9738821546266424,0.0006722019599721838,0.0033818988294070087,0.022061379128776905
6,mlp,877,5,5,8.330095667899943e-05,1.6399700288599827e-05,9.551749334121815e-05,0.02518709039154655,0.0003356016349481124,0.9652497654050616,0.00903232441813507
6,mlp,3136,0,0,0.9998227782361019,1.2653351337645433e-05,7.38488275673214e-05,1.6298957035918254e-09,7.338421462134836e-05,1.7297147947193773e-05,3.6592528898102923e-08
6,mlp,132,5,5,1.856906898880528e-07,2.5370919197810996e-07,3.6143620276000304e-07,0.01178030793502714,1.3817560480158235e-05,0.9880079709577303,0.00019710271067789977
6,mlp,961,5,5,6.18807311035406e-05,1.4611320723323763e-05,7.35564197005157e-05,0.07977311768579502,0.0003776961224610823,0.8871279877847293,0.03257114993548735
6,mlp,11586,3,3,2.6755249427028163e-08,7.417660267946183e-08,5.491305066797425e-09,0.9977399773935308,0.00018688391915592563,0.00011801179538517952,0.001955020468770937
6,mlp,11602,3,3,7.134584962066329e-09,3.238366360878675e-08,2.12256546119099e-09,0.9984661339841856,0.0003086864635706892,3.212731563081224e-05,0.001193010595798885
6,mlp,2729,0,0,0.9944517181002593,3.3965905260499663e-05,0.0031921811603721887,1.266667051324417e-07,0.0022025613757865247,0.00011548391574204782,3.96287587437952e-06
6,mlp,5055,2,2,0.0004852748105493664,3.723871118587041e-05,0.9993083646981746,2.685094929563646e-10,0.00013070836214150268,3.7094605534355806e-05,1.3185439047568493e-06
6,mlp,7379,6,5,0.008129441292418394,1.038940841981149e-05,9.098509359572346e-07,0.43252428505633983,0.002313383376438655,0.5523381080045846,0.0046834830108627564
6,mlp,5318,2,2,0.03790853966388497,0.0002756522104573168,0.9536224777079033,8.353588411135585e-10,0.008126618709015404,6.628702594907572e-05,4.2384743137139274e-07
6,mlp,3124,0,0,0.9999676564406696,3.083601442253541e-06,1.1780780483981713e-06,3.7412759003912243e-10,2.2423111207491114e-05,5.657986861613125e-06,4.07643222258542e-10
6,mlp,10645,3,3,1.2271376433296435e-10,2.3617167589488268e-09,2.0457510584122805e-11,0.999766150443056,0.00016841289989769597,2.435465077129686e-06,6.299868708117842e-05
6,mlp,8048,6,6,0.00020694029934101182,3.340551079210895e-05,0.0002959259505996481,0.37758142577042914,0.002982039946438872,0.10689473450526665,0.5120055280171325
6,mlp,5265,2,2,5.414458257559425e-05,5.807860701630441e-06,0.9996569210378065,1.162391819934246e-11,0.0002791301361593162,3.9726491772448745e-06,2.372195601895207e-08
6,mlp,12795,3,3,4.4581476540121735e-07,7.404113411008893e-07,1.2885264674261749e-06,0.9752398771959071,0.0004622095804083198,0.015120621039658822,0.009174817431451899
6,mlp,8262,6,6,0.00033689283136736393,4.173058348004325e-05,0.0001776064595397695,0.3412673272935509,0.004602682347496862,0.05080595101133918,0.6027678094732258
6,mlp,7562,6,6,6.19897502884652e-05,7.68238638364692e-06,1.8116591774943725e-05,0.42831581927666634,0.005716832328884249,0.0021700821992701297,0.5637094774667323
6,mlp,1561,5,5,4.9069764642845664e-05,9.330833758742518e-06,1.3744024218651608e-05,9.368591527431873e-05,1.3767606642043678e-05,0.9997454084387907,7.499341667285081e-05
6,mlp,12155,3,3,1.5576484927495256e-07,2.090762983826459e-07,9.367088573076003e-08,0.9911429178185901,0.0002396219122162974,0.0013486117426529292,0.007268390014507387
6,mlp,8330,6,6,0.0001858369845659493,4.615906821630384e-06,9.389465327579081e-05,0.010620541104822755,0.004445014985142379,0.0005529053283679165,0.9840971910370037
6,mlp,7775,6,6,0.0001344428091204837,1.4965547719501152e-05,2.8638686391099306e-05,0.33155459847177693,0.008519664112646165,0.002263226755777266,0.6574844636165685
6,mlp,10338,3,3,1.5172802000944725e-09,7.396879916299032e-09,1.0853183518066107e-10,0.9993806792837377,0.00017902639340425277,6.697209234880866e-06,0.00043358809093111913
6,mlp,13142,3,3,3.469199911009759e-05,7.716349922943943e-06,9.147697756438307e-06,0.7979098875703299,0.0033342761287556166,0.004047112105832959,0.194657168148292
6,mlp,4245,2,4,0.05142070939602541,0.0001009566912107316,0.37296161907206465,8.44910053813013e-07,0.5742727704422349,0.0007756617905999823,0.00046743769781044687
6,mlp,180,5,5,4.7989370249785165e-08,1.7114069278423269e-07,1.57748959108725e-07,0.0020557408108754084,4.469316737667998e-06,0.9979174720458049,2.194094755998547e-05
6,mlp,3321,0,0,0.9998743732980706,1.53102659058528e-05,3.8257872867107e-05,1.3013899432042354e-11,7.000110763966736e-05,2.0571244629645234e-06,3.180400705594959e-10
6,mlp,6022,4,4,1.3072970479649358e-08,4.9225885367319916e-09,2.2281115961202258e-08,5.485041056912326e-06,0.9999538868023695,2.645933165906818e-07,4.032328658190902e-05
6,mlp,1945,5,5,0.0077916539812239675,0.00040404392112499294,0.0003337849163722016,0.00010972377619670818,0.00018514221036962646,0.9903589330423267,0.0008167181523858111
6,mlp,4827,2,2,0.046478284429608684,9.269295005104865e-05,0.9015118967605099,2.7210222777297103e-08,0.05162460497164024,0.00023070423930260917,6.178943866462649e-05
6,mlp,269,5,5,3.878880705611035e-08,2.249422126681498e-07,2.6046919242050176e-07,0.001577957584121618,3.4836722144686566e-06,0.9984067902559228,1.1244287528901307e-05
6,mlp,9010,6,6,0.001016390346346226,3.65074485859899e-05,0.0012662389272656669,0.01978093729035589,0.0011878509739004872,0.07447625619719658,0.9022358188163492
6,mlp,292,5,5,1.9388819084522593e-07,1.4371380505644749e-07,1.1025363235137248e-07,0.00012853473255134266,1.4139148853899107e-06,0.999861737241376,7.86625555903011e-06
6,mlp,2002,5,5,0.00126192132876795,0.00022639791476642402,0.0038132871712973004,4.711764198982387e-05,9.434450154449227e-05,0.9933410125037105,0.0012159189379235427
6,mlp,12153,3,3,1.2488064989485374e-07,2.511169758872712e-07,3.9486044563184915e-08,0.9952423788362117,0.00022210278320872447,0.0006209232120889669,0.003914179684820431
6,mlp,6514,4,4,3.464487119008377e-07,2.9494790613259827e-08,8.955848351652417e-07,1.775058688662217e-06,0.9999633326412489,7.932207638371144e-07,3.28275509610469e-05
6,mlp,2519,0,0,0.9780871898441684,6.252941968510405e-05,0.02124525784906011,1.5529838254950566e-07,0.0003148207324319403,0.00020232476786346957,8.77220884083891e-05
6,mlp,9840,6,6,0.12688717722240123,7.74089016310513e-05,0.03226393148927128,0.0009337026062744149,0.0031500906663762575,0.02034320615794919,0.8163444829560966
6,mlp,12365,3,3,5.0425882393794246e-08,1.2831883786725071e-07,1.9704484775445168e-08,0.9971236175950614,0.00022838955630042276,0.0003744330831105806,0.002273361316322414
6,mlp,4929,2,2,0.0003449913923326126,8.187764281689604e-06,0.999436913854289,4.5487228905905777e-10,0.0001861325036586544,2.2806374771446676e-05,9.6765579399063e-07
6,mlp,12047,3,3,2.9411358974545477e-07,3.092060787873484e-07,1.5341513157320453e-07,0.9863758286925396,0.00031791515226521513,0.0018644227159986242,0.011441076704396206
6,mlp,5756,4,4,0.0005395373420046558,5.145812209382253e-06,4.9667600842658935e-05,0.0018686051444335799,0.984422393022905,0.00025723343369949797,0.012857417643905255
6,mlp,3086,0,0,0.992721278916695,7.6270707538357e-05,0.007045893327896485,1.870970380647058e-09,0.00011835925496660196,3.770627277281625e-05,4.896491604037887e-07
6,mlp,13485,3,6,0.00011628696182710957,1.4616163856062221e-05,1.9321990493816995e-05,0.45160633180104615,0.01165704868228659,0.005552650645696375,0.5310337437547938
6,mlp,1035,5,6,0.00048774514884231373,2.5664047163356472e-05,4.258527316080506e-05,0.44179346956338567,0.0026537270078714884,0.020937812586353476,0.534058996373223
6,mlp,2067,0,0,0.9838916740543777,1.8488249086835284e-05,3.453097642735443e-05,0.00013644473360728936,0.013064360912351037,0.002706968977263911,0.0001475320968859074
6,mlp,10538,3,3,2.9694475845636824e-10,4.457981223098362e-09,4.197568815122727e-11,0.9997625072664366,0.00013327855828765286,3.1252986206698307e-06,0.00010108407975350638
6,mlp,4459,2,2,0.00012061301499660958,2.7131645899612743e-06,0.9996495747801095,1.4228825893962575e-09,0.0002042305653350881,1.7211534644990493e-05,5.655517441281259e-06
6,mlp,9612,6,6,0.007178290096719573,1.782834008413538e-05,0.003890989480912961,0.0008536211115475482,0.0005280983696746247,0.0047310420793584915,0.9828001305217027
6,mlp,8848,6,6,0.0016910806703615867,7.82373550992302e-06,0.0006091806146151824,0.003458385147988793,0.0010112287705013657,0.0018148205713483607,0.9914074804896748
6,mlp,23,5,3,1.5185378816787303e-06,1.298554681822194e-06,7.135605440559755e-07,0.8185177954370694,0.00030106355833495115,0.17597372141157624,0.005203888939911774
6,mlp,7942,6,3,6.039163891075199e-05,1.0666434004084672e-05,1.630857647351485e-05,0.5227719728562409,0.004291924387123875,0.007554907634854322,0.46529382847239253
6,mlp,202,5,5,1.0615965870356054e-07,3.591993059117713e-07,9.366477765709629e-07,0.008488588686007085,1.3674693367976676e-05,0.9914248413498639,7.149326401983201e-05
6,mlp,6158,4,4,3.918923950220317e-07,8.612872700050706e-08,1.4947755533029924e-06,2.0438525692037437e-05,0.999854080216886,1.831968712598151e-06,0.00012167649203387636
6,mlp,6950,4,4,0.0005681149822685638,1.1781876099132737e-05,0.03141510830395407,4.5913045089501054e-05,0.9529384134936209,0.00032525493926242275,0.014695413359705567
6,mlp,12311,3,3,1.7069976542523845e-07,2.7361609818723104e-07,6.30509113217394e-08,0.9926532561348831,0.00028996379420262496,0.0006907457264657767,0.006365526977673445
6,mlp,4540,2,2,0.0005853237423596032,7.040379275639178e-06,0.9991845996986591,3.2589268351969146e-09,0.00018725687044336283,2.645806820299133e-05,9.31798213235715e-06
6,mlp,11521,3,3,3.0021216217968825e-08,6.780744599786971e-08,1.6866854490930762e-08,0.9961311380647707,7.453468367497297e-05,0.0017597923760930667,0.002034420179944671
6,mlp,6847,4,4,3.413549068472459e-06,1.28132721523713e-07,1.7307311939248567e-05,2.073116368552467e-06,0.9997959636610727,3.5187246941323996e-06,0.00017759550413548478
6,mlp,4231,2,2,0.011378074037735105,3.645273634641695e-05,0.9874562928950978,5.5225167510945954e-08,0.00078831931176632,0.00019031894777362459,0.0001504868461132717
6,mlp,8700,6,6,0.0001632886949423822,5.794938322653569e-06,4.265125032131385e-05,0.019411690147642335,0.0007229117278069886,0.003481988855603011,0.9761716743853613
6,mlp,9530,6,6,0.0004488792072239054,3.3524362078017917e-06,0.0008738458428066498,0.002132077710814069,0.006531757116726982,0.0025981723797408366,0.9874119153064796
6,mlp,8384,6,6,0.0032364566579499757,1.5909694057538045e-05,8.690833365897393e-05,0.03267677579056146,0.40186235419094135,0.0018331200755625223,0.5602884752572682
6,mlp,8886,6,6,0.0007085012024920795,6.565307250934113e-06,0.0001288117121832704,0.005722079161596447,0.0013028904112017874,0.0017733362570232542,0.9903578159482522
6,mlp,7488,6,3,5.601895651504427e-05,1.0882265768819241e-05,3.30405026823642e-06,0.67665293421881,0.03664017355597226,0.0013152359796288788,0.28532145097303657
6,mlp,8477,6,6,0.0009493404109137965,1.5754241979359593e-05,0.00011237978946130266,0.03479962388999921,0.0017164276820838585,0.004018535096482961,0.9583879388890796
6,mlp,10847,3,3,2.7158729678669637e-09,1.4343456969579035e-08,3.1163325335238227e-10,0.9993728947774583,0.00011571705061109308,1.583299317553876e-05,0.000495537807791855
6,mlp,1009,5,5,5.150757084556505e-06,1.927866675200229e-06,1.5310619183198544e-06,0.00022084017338652848,8.228668302458429e-06,0.9996938524308615,6.846904177129358e-05
6,mlp,2424,0,0,0.9988343715351438,2.1558560323295184e-05,0.0009328642710044772,2.5288126865009045e-07,5.394582011485524e-05,0.00011966896331195234,3.733796883311645e-05
6,mlp,9695,6,6,0.002898312021551911,1.075214420031202e-05,0.002032126386305886,0.0012102312427076738,0.0012599080535506556,0.006561841165066664,0.9860268289866168
6,mlp,15,5,5,2.921601958695607e-09,1.7291286899594532e-08,8.656679990874012e-09,0.00046061530031468186,6.073079325082342e-07,0.9995377142907587,1.0342314251269738e-06
6,mlp,1114,5,5,6.97801793260537e-05,1.3909138711669799e-05,4.0921124081198756e-05,0.011199208958283486,0.0001706461751801863,0.9813714185398096,0.007134115884607793
6,mlp,12522,3,3,5.228127170169752e-07,5.945490139227374e-07,2.301136432734007e-07,0.987931785168398,0.00041347387054638203,0.001839129696992635,0.009814263788688878
6,mlp,9808,6,0,0.5187016836109484,9.554278303279384e-05,0.01533045478991546,0.0008640354084892953,0.0015163761576556089,0.00888832467621253,0.45460358257374606
6,mlp,7680,6,3,2.966035420113992e-05,9.05676933879063e-06,1.5242687097795732e-05,0.857318419465881,0.0025659296911863068,0.007055182649791431,0.13300650838250327
6,mlp,10557,3,3,1.1942034371355108e-10,1.2586358838052886e-09,8.20326025808288e-11,0.999825314287291,1.4063827906794401e-05,8.687371625459802e-05,7.374670845886575e-05
6,mlp,6969,4,4,0.00016626912352500883,3.397768997301763e-06,0.002560911999416038,1.465111541327906e-05,0.9935576281978246,7.749098981625571e-05,0.0036196508050077097
6,mlp,9877,6,6,0.023995615612958987,2.1689131096031243e-05,0.005607880460737718,0.0005403391535703237,0.006929040078550336,0.0016971716226943652,0.9612082639403922
6,mlp,10250,3,3,2.0287095037132747e-11,6.177027117887365e-10,2.8047612258144544e-12,0.999936228967245,4.643170499610972e-05,9.820934308454824e-07,1.6356593533306688e-05
6,mlp,6602,4,4,1.6399129370662049e-09,4.168254529021746e-10,7.737089121924424e-09,1.5595040763968694e-07,0.9999965908266835,2.985910961180446e-08,3.2135699719234074e-06
6,mlp,12355,3,3,3.21636903654416e-07,3.74105564633029e-07,2.578197207503569e-07,0.9881872046681376,0.00032902504204615257,0.003880569275581162,0.007602247452046149
6,mlp,10577,3,3,6.481481867835498e-11,1.1950192074537144e-09,2.222371087706307e-11,0.9999279539022362,2.1125629669644057e-05,1.4881082924310866e-05,3.603810311201714e-05
6,mlp,872,5,5,1.5597952216334945e-06,2.0445477779581027e-06,7.200051476043574e-06,0.0034139411016137523,2.2741949257355122e-05,0.9961856286315686,0.000366883923084787
6,mlp,8283,6,6,0.00046973002335264275,2.4175209736878847e-05,3.5662251986395344e-05,0.11658646155706963,0.36084379097135283,0.001299670585978756,0.5207405094005229
6,mlp,1922,5,0,0.848528122151542,5.433109847427399e-05,2.28454977098573e-05,0.0007605009906150646,0.0002109873755331322,0.1496779310879908,0.0007452817981348721
6,mlp,6886,4,4,4.68464400382933e-06,2.5127849599419367e-09,0.0011084793396673735,5.046623050970887e-08,0.9988771843752209,7.090683153420635e-07,8.889593777217283e-06
6,mlp,4736,2,2,0.000301026199509159,9.61444694700546e-06,0.9963413267341296,2.9645445269117682e-09,0.003310735032634386,3.1483322809237494e-05,5.811299426318416e-06
6,mlp,12448,3,3,5.275264640923931e-07,6.388141093126711e-07,5.788193102021605e-07,0.9817260840881006,0.0003991026964028221,0.008557096081228092,0.009315971974384957
6,mlp,2122,0,0,0.5372273002885481,0.00024935764768951196,0.16939046510941966,0.00022904121382683236,0.002291613314165297,0.06544205038814688,0.22517017203820358
6,mlp,656,5,5,5.485317441396064e-07,8.079089603861133e-07,1.6001476130490303e-06,0.0018939646005876533,1.2879422710019402e-05,0.9979337452894755,0.00015645409890924648
6,mlp,12219,3,3,7.737038455856538e-08,1.7035957505071786e-07,3.637611204766199e-08,0.9958396422217805,0.00018186317764047708,0.0008464767108946139,0.003131733783612708
6,mlp,8240,6,6,0.00013758260048489114,5.929140051496261e-06,2.353474684212113e-05,0.022747190160722415,0.10038441421432082,0.0007301636246760063,0.8759711855129022
6,mlp,7946,6,6,6.79427880523825e-05,5.004020874413345e-06,4.398294584491178e-05,0.13055607644719547,0.004891406395232434,0.0012527830181304656,0.86318280438467
6,mlp,5777,4,4,2.4826876434903777e-07,1.4963910802565128e-07,4.5042232696546996e-07,0.0002078753129565321,0.9993719420747261,4.139877208118264e-06,0.00041519440490989123
6,mlp,4353,2,2,0.06962762636941962,7.709768626538044e-05,0.9289700082279848,1.1151233013385204e-07,0.0008752204674305815,0.00034893132291184984,0.00010100441365770784
6,mlp,4478,2,2,0.04870359098294431,7.134008499858629e-05,0.9501159568631266,2.2435103364398095e-08,0.0008526612986967709,0.00020180390682620657,5.462442830433919e-05
6,mlp,9450,6,6,0.001404590546840827,7.3670691188769715e-06,0.0009573641111213895,0.0014111733813291952,0.0006456396572477167,0.002117479065014328,0.9934563861693276
6,mlp,1569,5,5,7.378219099675108e-06,8.613469971570131e-06,3.3543373609561474e-05,0.0006686138456720807,1.957034569036188e-05,0.9989913900357722,0.00027089071018462766
6,mlp,3730,1,1,5.748473818553357e-08,0.9999913414353323,8.21554546351441e-06,8.677223873376002e-24,3.8410720995080624e-07,1.42725586261795e-09,2.7217264595912466e-22
6,mlp,1089,5,5,1.3554398389200659e-06,1.8351249440582558e-06,3.836400846921653e-06,0.0004752664886972752,6.74219517669813e-06,0.9994481411448868,6.282320560941681e-05
6,mlp,5048,2,2,0.2924074289118487,0.0014028737317904663,0.702804588384719,7.2863606105325865e-09,0.0002960559188151294,0.0030836080498156887,5.437716650535443e-06
6,mlp,5916,4,4,3.198978648910919e-06,3.212508018971044e-07,6.906908813528005e-06,0.00011828247736563174,0.9984544675342927,9.902979434898195e-06,0.0014069198706423583
6,mlp,2674,0,0,0.9998346661840001,1.5147522581595648e-05,6.200198612714578e-05,1.9406540905131095e-08,6.501303142802144e-05,2.3007761091960118e-05,1.4410823024292465e-07
6,mlp,7003,4,4,1.3257435123334319e-07,2.040385696118951e-08,6.678120102606778e-06,4.5958951060486646e-07,0.9999784996606497,3.797381679420859e-07,1.3829913361045808e-05
6,mlp,6088,4,4,1.2608843478954357e-08,3.0883300669105143e-09,2.7414961950451553e-08,1.6692668497591854e-06,0.9999788431404837,1.7735232075795315e-07,1.9267128210152978e-05
6,mlp,7940,6,6,0.00020998897361643645,3.6913642724579877e-06,5.45927720622655e-05,0.017430921161074153,0.0016870116251498843,0.0008233238834529574,0.9797904702203719
6,mlp,1583,5,5,0.0009722493791192197,0.00013809719096747017,0.0012929502489680052,0.11064380480340048,0.0016648247093056115,0.6875431734650927,0.19774490020314647
6,mlp,2229,0,0,0.9982772738105471,4.112198066605485e-05,0.0006961963322939482,3.1807170523421703e-06,6.913776508582724e-05,0.0007351964027668675,0.0001778929915878732
6,mlp,6608,4,4,1.3711148205528448e-05,1.0191178544809751e-07,1.3031184087306521e-05,3.2818290263255043e-06,0.9997716790334551,4.1634391005076e-06,0.00019403145433980395
6,mlp,2905,0,0,0.9996652234951275,1.916937530867069e-05,0.00017009163406275654,2.5314515360995486e-08,6.90508117258237e-05,7.596680254556539e-05,4.72566714645771e-07
6,mlp,13298,3,3,2.1733701448265968e-05,1.0016772469423617e-05,2.9210757077067304e-05,0.8749289469894841,0.0016100515018817197,0.051817718686551995,0.07158232159108761
6,mlp,7499,6,3,0.00017992110547820428,1.7468006382705026e-05,2.0489462300572606e-05,0.6948932067282749,0.002154478848282394,0.02083761772815885,0.2818968181211223
6,mlp,6155,4,4,8.716582566519799e-07,1.5039804585235676e-07,2.4292329532924436e-06,1.2400449342973569e-05,0.9999208183067736,2.467034317932628e-06,6.086292030951068e-05
6,mlp,7910,6,6,7.985693410723605e-05,9.995567808936484e-06,3.688443991088988e-05,0.46045336150470206,0.0077636326376583345,0.00558223145831247,0.5260740374575
6,mlp,4978,2,2,0.007063170512189145,6.845874408168747e-05,0.9917926822072604,1.956041537893321e-09,0.0010031644141822711,6.440402471703044e-05,8.118141528165377e-06
6,mlp,10986,3,3,5.223819186739132e-09,2.8521882541108073e-08,8.356300601392476e-10,0.997060305180937,0.0011192796664079377,1.2464879675990311e-05,0.0018079156916472655
6,mlp,9061,6,6,0.0006264756157202007,5.422989440765468e-06,0.00027056256934507875,0.0033261060184845534,0.0013623432238501264,0.0020136539077769563,0.9923954356753824
6,mlp,7264,4,4,0.0001563167317707518,8.490481897547387e-07,0.001437968096210859,2.8948415203425634e-07,0.997958287253078,1.5037753114124783e-05,0.00043125163348460907
6,mlp,3636,1,1,3.606814066875172e-07,0.999927977228598,6.938464796385935e-05,6.929916452852278e-22,2.271210268846934e-06,6.231762508895511e-09,5.1644601148160254e-21
6,mlp,5557,4,4,1.358768816257997e-05,5.312304741631398e-06,2.2183314992080055e-06,0.24985110796988524,0.5337845455474972,0.0005224749327540707,0.21582075322546007
6,mlp,11693,3,3,6.526657825523452e-08,1.2290505683014167e-07,9.270182510512114e-09,0.9950717000274181,0.0003543417284745904,8.598884249985412e-05,0.004487771959789756
6,mlp,3898,2,6,0.006784194138109452,1.9658298860104135e-05,0.02606618075826493,0.00013170364814065692,0.028287927737177514,0.0019456961281463317,0.936764639291301
6,mlp,82,5,5,1.4509303524194973e-07,6.025073265010353e-08,4.2538456301195744e-08,0.00012029685240679645,1.1181542898110207e-06,0.9998742986690943,4.038441984883811e-06
6,mlp,233,5,5,1.3243863330033465e-07,9.687975145144863e-08,7.555141761203546e-08,0.00011066460163878928,1.1634272383968748e-06,0.9998804818957009,7.385205619608212e-06
6,mlp,2296,0,0,0.9805123837881402,3.021623082888337e-05,0.014247497806183182,3.7565505099031016e-06,0.0005034539362855724,0.00048782551067742754,0.004214866177374968
6,mlp,12453,3,3,3.3817654043590075e-07,5.112677384190809e-07,2.5823916511232314e-07,0.9858792081728238,0.0002304808534459785,0.005993759471385747,0.00789544381890053
6,mlp,7893,6,3,0.00014728416814562445,2.059015662815341e-05,2.4751418762111092e-05,0.6084999765083292,0.008206866984411415,0.00788304929602746,0.375217481467696
6,mlp,12658,3,3,4.2599790121707865e-07,8.282640372409121e-07,3.62662860705647e-07,0.9852430938918963,0.00025926694910913446,0.005699304192632194,0.008796718041563093
6,mlp,6397,4,4,4.0589389695380255e-07,2.2704177794714574e-08,8.605111977626378e-07,5.722362437853602e-06,0.999152432132612,1.363783486124426e-06,0.0008391926121918633
6,mlp,2842,0,0,0.9997881109198895,8.141717743064517e-06,0.00013275668262280343,5.313673797959477e-09,5.861518737008823e-05,1.2075386541769915e-05,2.9479215916705195e-07
6,mlp,12056,3,3,1.9293845928650684e-08,5.5395385962297536e-08,8.271865603010883e-09,0.997651403158969,0.00033586640706517875,0.00010505184280918223,0.0019075956300589206
6,mlp,4585,2,2,0.002295199848545333,5.18934250599598e-06,0.9954427825149774,4.772359999057359e-09,0.0021947965333595893,5.959052691840006e-05,2.436461333278842e-06
6,mlp,5039,2,2,0.004841485609751418,7.038234783564592e-05,0.9944019448062199,7.260721600849833e-10,0.0005846730052189541,9.89921790994593e-05,2.5213258025516413e-06
6,mlp,921,5,5,1.8338643711111182e-07,7.127150172348871e-07,1.3891637511867465e-06,0.0006092571150726104,4.214995761977997e-06,0.9993540599144388,3.0182709521059822e-05
6,mlp,1993,5,5,0.0001637719865887247,8.905430844552547e-05,0.0015968251225129257,4.783366258177525e-05,4.1545857037085454e-05,0.9969087671819281,0.0011522018809058904
6,mlp,9533,6,6,0.04693248150610257,0.00020297030100632012,0.024267084857823997,0.002272029901478044,0.0014757609164309149,0.28089371766343235,0.6439559548537258
