seed,model_name,sample_id,true_label,predicted_label,class_0_probability,class_1_probability,class_2_probability,class_3_probability,class_4_probability,class_5_probability,class_6_probability
4,mlp,1223,5,5,1.4950268697089776e-06,5.43586133282032e-08,1.9129567731404787e-06,0.000628895290706364,7.123252605023452e-07,0.9990746454229649,0.000292284618812038
4,mlp,11769,3,3,4.2489138634184826e-08,2.394082207904403e-07,1.7739490319446793e-06,0.9920921124024394,0.0007801725458519609,3.247081865599996e-05,0.007093188386661358
4,mlp,12059,3,3,4.919625689119451e-07,1.0330786926482406e-06,1.5778521710369283e-05,0.9608900764208987,0.0008315280724115612,0.0005539143277277962,0.0377071776159901
4,mlp,7126,4,4,2.5618603156550865e-06,8.778830519964281e-09,0.00017335995020233692,1.8142911858584426e-07,0.9997772158633634,8.123384911263023e-08,4.659088432044145e-05
4,mlp,638,5,5,9.187003770278367e-07,3.4596125264021593e-07,5.453799562142057e-06,0.004138946969340267,2.677008734428365e-06,0.995062806823494,0.000788850737239362
4,mlp,13211,3,3,4.158768668096548e-05,3.634660172204575e-05,0.00037575189147804445,0.7271795473609254,0.0030789231898531296,0.008527018797927895,0.2607608244714124
4,mlp,12549,3,3,3.2256383011754332e-06,6.4952096981882915e-06,5.1109513549947245e-05,0.9046983310544817,0.0017141849009787334,0.0020337641873821688,0.09149288949560791
4,mlp,10682,3,3,3.7246299599245665e-10,4.898864550856112e-09,8.136839611475347e-08,0.9997075829817381,6.0272396444440733e-05,7.727320981427447e-05,0.00015478477227946224
4,mlp,2639,0,0,0.9999359270918186,2.1712996755015126e-06,8.940196520564154e-06,2.765401713861136e-07,5.257565494432183e-06,4.741477912137809e-05,1.2527198079841273e-08
4,mlp,11764,3,3,2.3825510810072543e-08,1.3884470621761877e-07,9.742425331515788e-07,0.9939379790994716,0.0007692494895662888,1.7795345484184682e-05,0.005273839152727668
4,mlp,10311,3,3,7.982491736130692e-11,7.862541528351481e-10,1.8084756448134213e-08,0.999737991329811,8.270037723762246e-05,1.270639193324543e-06,0.00017801870292273307
4,mlp,1606,5,5,1.1987929874850821e-06,3.995371173162565e-08,2.154523244230595e-06,5.085484402820832e-05,1.331737727199718e-07,0.9999073495547921,3.8269157463397995e-05
4,mlp,10888,3,3,1.6940664924001828e-09,8.803370350183542e-09,1.6646153718815012e-07,0.998564873325915,0.00018141610866623074,9.770096377008699e-06,0.0012437635100677788
4,mlp,13206,3,3,2.3843579278120045e-05,7.440790733630827e-06,0.00014622919733316673,0.6471148616223282,0.0036935963432427206,0.001159041162667555,0.3478549873044166
4,mlp,1755,5,5,3.525509245523522e-05,1.1951814316708964e-05,0.0003966355045945866,0.0010372149991717792,1.9322883017551384e-05,0.9901780402593281,0.008321579447116178
4,mlp,8677,6,6,0.0016740479449617236,1.970097003532171e-06,0.00018216334096372505,0.0033638438265213727,0.0007397536631583928,0.0008154862579997577,0.9932227348693916
4,mlp,6761,4,4,6.750067412741053e-07,1.0000697293002916e-10,1.1739353977774133e-06,9.359732255340138e-07,0.9989557243789985,7.355594320049315e-09,0.0010414832500356113
4,mlp,10611,3,3,4.986677426089084e-06,2.6271555550477125e-10,1.598678706540293e-09,0.9967215330801952,2.3881989723116292e-05,0.0025284827415341785,0.0007211136497272872
4,mlp,13061,3,3,1.8330818544015746e-06,3.249112246577704e-06,2.1269873628023767e-05,0.9519442735496765,0.001993961594493771,0.0012094605956394638,0.04482595219246145
4,mlp,9005,6,6,0.0033009021815024733,0.00021656527945318864,0.008623189284716944,0.004110489307424528,0.0004272204140881297,0.33727384566106183,0.6460477878717529
4,mlp,10789,3,3,5.631891109211172e-10,3.403592119641221e-09,7.360809591515226e-08,0.9992764493503679,0.00017276046236384395,2.228929272115623e-06,0.0005484836831190723
4,mlp,7761,6,6,2.8105845115378648e-05,5.616023281557875e-06,0.00011674542807383714,0.0947419449398508,0.20470863219423951,3.547036018750227e-05,0.7003634852092514
4,mlp,289,5,5,6.483395349639696e-06,1.7410037354490165e-07,3.913263812072374e-06,0.03409991852077383,1.2079373592109194e-05,0.9636506733064796,0.002226758039619337
4,mlp,12370,3,3,5.081289213774246e-07,2.155702700788632e-06,2.652339407026712e-05,0.9654081086591118,0.0003465990069086968,0.02572542209764515,0.008490683010641788
4,mlp,6968,4,4,8.273827470293043e-05,3.259047490312877e-07,0.005412443908194202,1.5101507853776306e-06,0.992300690624142,3.2054545200250546e-06,0.0021990856829066413
4,mlp,1721,5,5,6.9016447659176626e-06,3.08370523160422e-06,8.718702500131397e-05,0.0005967367564925222,5.652860030282529e-06,0.9973373745288597,0.0019630634796187025
4,mlp,6805,4,4,6.914654407373835e-07,2.1418657373370645e-08,0.0002845033212684715,1.4157539144957172e-09,0.9997108392492235,6.313404008649415e-07,3.3117892551099947e-06
4,mlp,1890,5,5,3.261161753687913e-06,1.8104289727419891e-06,0.00010384937135741888,3.630084697645235e-05,8.884843669305263e-07,0.999452961054364,0.00040092865220863264
4,mlp,3758,1,1,4.0616386479612523e-10,0.9999999689643396,6.378438084188381e-09,1.685236271697879e-18,2.4250667655626993e-08,3.909493644065207e-13,4.4461497571955194e-32
4,mlp,6354,4,4,6.949494652639335e-07,2.4423347705210202e-08,1.261394238055513e-05,7.212764171185344e-06,0.9992249514128168,1.370391151796564e-07,0.0007543654687033749
4,mlp,9741,6,6,0.001736609243075525,9.550545452780731e-06,0.009746020927798325,0.00010761990349367492,0.013686114661584517,0.0002283184213149093,0.9744857662972803
4,mlp,5171,2,2,0.11382929345419729,0.00021403861365685702,0.8855344093004581,1.2912986723531442e-08,0.00037029111291872593,5.1897514375760066e-05,5.709140649998098e-08
4,mlp,2726,0,0,0.999986990214439,3.036198973279652e-07,1.4008581434294244e-06,1.1682717981857373e-07,6.656472847345235e-06,4.529825771081311e-06,2.181721991122209e-09
4,mlp,50,5,5,2.9622218389199316e-08,7.936446569265094e-09,9.414957736882261e-08,0.001860955140664175,1.8808952029302805e-07,0.9981059269441955,3.2798117377696396e-05
4,mlp,7845,6,6,0.00010525054958549602,8.188541457751218e-06,0.00017705534891500503,0.04573323769086655,0.0015190321719943827,0.0002494533720504535,0.9522077823251304
4,mlp,2257,0,0,0.9486882818766722,8.425073326386022e-07,0.003722611996641478,5.1958431596108603e-05,0.04654946347910768,0.0003033161908886074,0.000683525517761331
4,mlp,11131,3,3,8.047643869758198e-09,4.4246486200179e-08,1.0306008419274095e-06,0.9964193190049065,8.775471749228087e-05,0.002223489812427585,0.0012683535702013237
4,mlp,4829,2,2,0.006618632975157629,2.9071009758192087e-06,0.9877303116779163,8.959204892587562e-09,0.005646086367584715,1.5224072633497276e-06,5.305118976312404e-07
4,mlp,9577,6,6,0.0012922565240962949,1.5138761058608837e-05,0.004388378193744129,0.0003014252030510674,0.026056423940655025,0.00020379135183720115,0.9677425860255575
4,mlp,8329,6,6,5.397465008654127e-05,4.812983589991242e-06,0.0001338279544566567,0.021132364711386756,0.07549745441201096,4.676845447770781e-05,0.9031307968339913
4,mlp,6061,4,4,1.2223597238830338e-06,3.995502657340238e-08,3.2197744003748594e-05,8.588080622616495e-06,0.9982544880892195,2.9624976406690783e-07,0.0017031675216397123
4,mlp,3405,1,1,0.0002101711773263831,0.9995895711089197,0.00016340182944374158,6.891866295769925e-13,3.679962355011415e-05,5.626007122971528e-08,3.174588575379221e-21
4,mlp,1795,5,5,1.2120207162382352e-05,2.817316851355075e-06,0.0001502973236942355,0.00022424983540603156,3.8791159412494656e-06,0.9976273810299594,0.001979255170985481
4,mlp,6510,4,4,6.287001039238167e-05,1.9554604291001047e-07,0.0008019971455674211,8.172470280167313e-06,0.9967720114004509,1.96223479296152e-06,0.0023527911924732772
4,mlp,2322,0,0,0.9998304341206725,1.7348344626733797e-08,3.370177066956961e-10,9.681087343199358e-06,2.0708844486416393e-05,0.00013910377844666565,5.448368898208535e-08
4,mlp,7750,6,6,9.146528413935467e-05,4.2554319391611936e-07,1.3949074202153544e-05,0.08257124743622986,0.002033009003845706,0.0006067177708645633,0.9146831858875244
4,mlp,6779,4,4,3.648380227526252e-07,4.364807134533672e-11,7.281660281196599e-07,4.761423148776872e-07,0.9992558549345468,3.90367004473118e-09,0.0007425719717692982
4,mlp,8012,6,6,0.00011551267382167984,1.0489167631213766e-05,0.00019152620407633764,0.02602537968786413,0.002505919307319328,0.0001962490531251612,0.9709549239061622
4,mlp,1844,5,6,0.0004467975149681639,1.2694560471300433e-06,7.548470016471853e-05,0.00042747667151319193,0.00025699873042825736,0.0008870051938944404,0.9979049677329842
4,mlp,8476,6,6,0.0016770460778596653,1.3535981776573203e-06,0.00015988409261685023,0.00503207169684585,0.002185358828183105,0.0006445508938707532,0.9902997348124462
4,mlp,9209,6,6,0.00014762859678386277,2.9057013983905743e-06,0.00048397730413252707,0.00040447072049054844,0.001805230521353462,6.07514714417183e-05,0.9970950356843995
4,mlp,2008,5,0,0.637423600900156,0.0001819756415072635,0.07598147470701527,0.0001267124871090418,0.0007500907072017603,0.07377063168822215,0.21176551386878842
4,mlp,3792,1,1,1.2273773111742201e-12,0.9999999992082618,1.784951717415476e-11,5.552676907391368e-20,7.726587902918023e-10,2.4430959970990667e-15,7.268435720196345e-35
4,mlp,1169,5,5,3.331388093832996e-07,1.7310659809941571e-07,3.340869107893436e-06,0.0009646103001046886,9.149253293129608e-07,0.9987910143775484,0.00023961328250228793
4,mlp,13514,3,6,0.00014168672642758058,2.974537967452956e-05,0.0003086790958214997,0.07178910296708074,0.00585151136165555,0.000403525068262805,0.9214757494010773
4,mlp,6575,4,6,0.001690478642821073,2.344454252393263e-06,0.14180775914991883,8.426218900317637e-06,0.26453189010417005,9.518939439416419e-05,0.5918639120355432
4,mlp,9409,6,6,0.0006771492698285412,5.2699028566804854e-06,0.00023878368600045214,0.0005075112454613419,0.000497463749493056,0.0009335409538461288,0.9971402811925137
4,mlp,4500,2,2,0.0006493439448609454,2.99284676449849e-06,0.9989730180445942,4.236945071981404e-09,0.0003691838810057645,1.260393992369773e-06,4.196651837197064e-06
4,mlp,3558,1,1,4.108129926254465e-08,0.9999993468811808,2.783064281771253e-07,4.508545617244108e-16,3.3368907092181704e-07,4.2020299018072906e-11,7.854385176116216e-27
4,mlp,5069,2,2,0.0007756995760215477,2.5163216163705594e-05,0.9989793876352155,1.418977651051868e-09,0.0002177314076695859,1.9077594710385695e-06,1.0898648077585336e-07
4,mlp,12381,3,3,8.879458503258346e-05,1.8399559356500161e-06,6.0080281869119205e-05,0.8728104855669213,0.0012295169937523909,0.02029620398334156,0.10551307863314734
4,mlp,11994,3,3,4.054400986190632e-07,1.047667352764787e-06,6.884250199913274e-06,0.9497000902131991,0.0014800455742103266,8.458481201585277e-05,0.04872694204292357
4,mlp,5312,2,2,0.012859875214960678,0.00016316570486746938,0.9825141366140793,5.45315127913948e-09,0.004461150193614713,1.61160997959715e-06,5.520934698796005e-08
4,mlp,2736,0,0,0.9925338911353427,2.4182968105268036e-05,0.006759100711143179,4.2607814354649073e-07,0.0006268802947330257,5.525831392267366e-05,2.604986096579888e-07
4,mlp,3509,1,1,9.112832192303398e-08,0.999999779876589,4.648024605284633e-08,7.759040948686257e-15,8.232660753553523e-08,1.8822759096518616e-10,3.709597481772907e-27
4,mlp,6516,4,4,3.54575802821484e-07,2.3114397094103106e-09,1.961647661813709e-05,8.702838494793176e-09,0.9999407517880451,1.8683591814533877e-07,3.907930933749433e-05
4,mlp,2591,0,2,0.027113672220951526,7.470197849430152e-06,0.9718873504448533,2.1260029043216848e-08,0.0009237991814772807,2.1898538043183902e-05,4.578815679590939e-05
4,mlp,5599,4,4,1.0705521491754578e-05,2.9075248183412456e-06,4.979866502722618e-05,0.04329052905041921,0.6400202109306363,1.3453454287668723e-05,0.3166123948533195
4,mlp,3976,2,4,0.0013507037741702969,1.8565516208526e-07,0.24541274971192018,1.9211097572411466e-07,0.7523189257923533,8.919657582646852e-06,0.0009083232978359056
4,mlp,4781,2,2,0.03589631437815117,1.154747883338799e-05,0.96339576125799,2.025336514721241e-08,0.0006693892440509027,2.6279178307580307e-05,6.882093020761485e-07
4,mlp,7684,6,3,1.37063484719226e-05,7.022748961647605e-06,4.3278927729605745e-05,0.5210057363932656,0.046065694411199044,8.223749483858041e-05,0.4327823236755336
4,mlp,4534,2,2,0.05986089036104728,3.700281548337353e-06,0.925138103945463,7.541388495641433e-08,0.014976884684370455,7.140472070502185e-06,1.3204841615418501e-05
4,mlp,112,5,5,2.8694173528732527e-07,6.327829646928455e-10,3.737582261883096e-08,0.00041400883523052965,4.795670605864069e-08,0.9995802241918617,5.3940658608465484e-06
4,mlp,3984,2,2,0.0081488891597247,2.3088879366145893e-05,0.9822147280395315,6.357688732916759e-07,0.008522495640932826,3.6884488739226534e-05,0.0010532780228323035
4,mlp,4000,2,2,0.0328743553703514,5.336301457357938e-06,0.9575474824042153,2.088813171171252e-07,0.009269786510479992,5.461179626870399e-05,0.0002482187359099373
4,mlp,7209,4,4,0.006031887784590672,1.1331091767482002e-07,0.0054021507266581005,6.2390981683587975e-06,0.9876394388249208,3.6626664504891337e-06,0.0009165075882939809
4,mlp,6790,4,4,5.249328900888883e-07,3.532640570505347e-11,1.16586229194501e-06,2.9348653504261136e-07,0.9994881115565986,4.49629847780742e-09,0.000509899630059448
4,mlp,1276,5,5,0.00033427141764848044,5.670596931404075e-06,0.0002733040713762519,0.01390542653341303,6.328247543692013e-05,0.9377938007130348,0.04762424419215927
4,mlp,3316,0,0,0.9999989668664075,1.8528154068530284e-07,6.136916326180889e-08,1.124787979365186e-09,6.569579038899104e-07,1.2840018523107087e-07,1.1223295594229432e-14
4,mlp,12377,3,3,3.043290914673381e-07,9.210692248059157e-07,9.861189693322435e-06,0.9843663535645663,0.0007671885547432774,0.0007640238088260103,0.014091347483854705
4,mlp,10403,3,3,1.8784169150102112e-10,7.438577136975229e-10,2.2509582751882014e-08,0.9997033721730232,4.7401737375327135e-05,9.097985507370871e-06,0.00024010466281190336
4,mlp,886,5,5,2.271624877590431e-07,1.6319279114951035e-07,2.2150261373520335e-06,0.0011592857871925582,7.963703805837094e-07,0.9986196211236857,0.00021769133732498376
4,mlp,6246,4,4,1.3100732395782178e-05,9.728949866475949e-07,0.0001457882312723318,8.360912083703887e-05,0.9905122954794598,9.279678152433069e-06,0.009234953862896097
4,mlp,13071,3,3,1.7209101820800022e-05,3.7196253977729235e-06,9.926085531690931e-05,0.6377094215097774,0.0019863935343363928,0.004866995131472297,0.35531700024187834
4,mlp,11246,3,3,1.5420123101009726e-08,1.0056783519623776e-07,1.631190554170651e-06,0.996023835824416,0.0001329771039461533,0.0021036431372226097,0.0017377967559028514
4,mlp,3103,0,0,0.9998111716998419,2.365127573216275e-05,7.061536714518302e-05,9.075687566346495e-08,7.526154627627096e-06,8.694451305415828e-05,2.3272345365680025e-10
4,mlp,12789,3,3,4.748430374976208e-06,7.613054727091532e-06,0.0001194113007916432,0.9021673308451746,0.0007227483595241128,0.05794453608744221,0.039033611921965417
4,mlp,5647,4,4,1.499486415344903e-08,1.32111137132086e-09,7.534825446047422e-08,9.907941726522978e-05,0.9997772960969284,4.481195697955215e-09,0.00012352834038042285
4,mlp,4532,2,2,0.18715468497247947,5.385375011358486e-05,0.8099880244000938,2.3475422782671817e-07,0.002738273148391616,5.5424348882234154e-05,9.504625811666437e-06
4,mlp,228,5,5,4.00249896278579e-08,6.769146237736074e-08,7.051202627265509e-07,0.0048438594468241,8.018776427969061e-07,0.9950448925375301,0.00010963330128830454
4,mlp,11230,3,3,3.4302822541981194e-08,8.617175739128068e-08,1.081482112624006e-06,0.988317666551449,0.0005084353066590003,2.8690825245486846e-05,0.011144005359954218
4,mlp,12610,3,3,7.637596414945267e-08,1.3764905059110688e-07,8.378406710200601e-07,0.9758714432201113,0.002506913739182551,2.9202229910673286e-05,0.021591388945109757
4,mlp,1812,5,5,0.0014190569186441635,0.00031411868549302053,0.007298165647231637,0.016361271470129377,0.0009700887122170619,0.6151268788622651,0.35851041970401964
4,mlp,7267,4,4,0.0008379058151102718,2.692275706139872e-07,0.019863302157431522,5.658197075651307e-07,0.9790676449029018,6.819054986026967e-06,0.00022349302229214514
4,mlp,6490,4,4,1.4105288487097056e-05,1.22427120383693e-09,2.97519454498279e-05,1.6767631221834343e-06,0.9947030056885741,1.4335979228906354e-07,0.005251315730303488
4,mlp,3497,1,1,5.19056543725697e-07,0.9999936828669608,1.2847048138521145e-06,6.099134543766862e-15,4.513315524630545e-06,5.615095430857747e-11,1.5698490155718454e-24
4,mlp,10529,3,3,1.7788566067805413e-10,1.0640919970301505e-09,3.772345490081122e-08,0.9997064316420611,5.496611115071357e-05,7.924735322214294e-06,0.00023063854603352734
4,mlp,2832,0,0,0.9999336176608766,3.7205084321861067e-07,7.070013734658546e-08,1.792215098889492e-07,3.4051718841283285e-07,6.541982360194332e-05,2.584269605976466e-11
4,mlp,875,5,5,2.9072781883467064e-07,3.827768634197004e-08,1.1262879645700454e-06,0.00045176420389705853,3.434217993607e-07,0.999410782477782,0.00013565460305175266
4,mlp,8611,6,6,0.001940517892779023,1.0712421779370517e-05,0.0016527439610971508,0.00536973420754595,0.035939132104131785,0.00023238412825485596,0.9548547752844119
4,mlp,11553,3,3,1.469511883746362e-08,5.4974940459375456e-08,8.707001664565352e-07,0.9961341470797099,0.00034931579736852456,3.6924727609695816e-05,0.003478672025086122
4,mlp,2303,0,0,0.9955208864182247,3.723977585309831e-05,0.0033135399941728277,4.322446809212432e-06,0.00013559366973381378,0.0009654132035968127,2.3004491609646213e-05
4,mlp,5825,4,4,8.969211262038511e-06,2.3353569735021085e-08,0.00015060197541103018,9.947352126143895e-06,0.9985240510553383,8.795314824985734e-06,0.0012976117374678897
4,mlp,9570,6,6,0.0008046422672488898,5.192696074966775e-07,0.003297005271486831,7.884987905177902e-05,0.172650585652606,3.658347450472524e-05,0.8231318141854944
4,mlp,10163,3,3,1.7424349501380732e-11,2.0896505547140291e-10,4.8923266267831685e-09,0.9998717035696724,5.325396414814671e-05,4.912538074163644e-07,7.454609365590032e-05
4,mlp,4732,2,2,0.00016121071265590741,7.661992665943865e-06,0.999191182522502,1.7044148420826752e-10,0.000638814672835691,5.725549713771066e-07,5.57373927361172e-07
4,mlp,12784,3,3,7.311121761505573e-07,1.029949276536298e-06,6.332626484404207e-06,0.951229521865916,0.0025001576669673436,0.0001714895958446399,0.04609073718333475
4,mlp,3970,2,2,0.10182527142817883,8.477526565213339e-05,0.8695359540433497,4.64599612196315e-06,0.004584992144606778,0.003008859297594245,0.02095550182449642
4,mlp,3821,1,1,1.9992538970036576e-13,0.9999993636905568,6.708982050196563e-09,2.4274124962933696e-20,6.296002614512104e-07,9.527112077298254e-17,8.702397261845089e-33
4,mlp,8999,6,6,0.001748919348136131,0.00013592638288924649,0.0037513135865606443,0.005203818873921284,0.0009998858521242705,0.019906407578913512,0.9682537283774548
4,mlp,5087,2,2,7.95724662168558e-05,1.0148910185538584e-06,0.996207073697859,1.293750535920729e-10,0.0037122191810365127,5.3099875312439646e-08,6.653461888549883e-08
4,mlp,8917,6,5,0.005103308754255532,1.568547615902751e-05,0.002252613160096752,0.0027809250744149994,0.00019923278149808525,0.6831855884723775,0.3064626462811981
4,mlp,12089,3,3,2.3636730634727074e-07,6.080011669509869e-07,3.2645372091299937e-06,0.9705741387879934,0.005067825036299044,1.5779354032787023e-05,0.02433814791599224
4,mlp,2897,0,0,0.856054281217392,0.0001844471504216338,0.14294211301120635,3.5463447726130853e-07,0.0005329608106108116,0.0002839891740040207,1.854001887765482e-06
4,mlp,8019,6,6,0.0005200949717410124,7.000397861703234e-06,0.0004102122515205129,0.12417605396532165,0.002866836414102956,0.0014300913318101803,0.870589710667642
4,mlp,4834,2,2,0.00016776165025139545,2.147922738077953e-06,0.9989680374094517,8.71722805329878e-10,0.000861434817131515,2.3955513329279963e-07,3.7777357111339337e-07
4,mlp,11272,3,3,1.133078119449731e-08,7.265679918449244e-08,6.890065473653443e-07,0.9956140150157762,0.0004741421055247013,1.661759217381417e-05,0.00389445229239778
4,mlp,8362,6,6,7.062451562921477e-05,4.635394898754179e-06,7.115468195520118e-05,0.06966025180983523,0.00598528194403245,0.0003056877419017241,0.9239023639117473
4,mlp,12012,3,3,1.0129493343800132e-06,1.7301773489846493e-06,2.677904288043823e-05,0.9551343631343348,0.0006057618593313124,0.005445246919685882,0.038785105917084214
4,mlp,8605,6,6,0.0001161328837506919,4.793605946462238e-06,0.00035477471725934743,0.0019227561214173242,0.0005352423682723071,0.0001318721815703127,0.9969344281217835
4,mlp,12760,3,3,4.0310685684040676e-07,4.451565432828835e-06,1.305621330726952e-05,0.9651406819374904,0.005564101824988082,0.00011341015592320603,0.029163895196001335
4,mlp,5011,2,2,0.002598485778590707,0.0001381923631071319,0.9970506818358608,4.246655321993927e-09,0.00018854421235706373,2.3734923758470762e-05,3.566396704330776e-07
4,mlp,12551,3,3,1.7130010277290452e-06,5.387673428730126e-06,3.921959119732883e-05,0.9611268140478271,0.0012421465788882019,0.0036442336722133173,0.03394048543541772
4,mlp,10109,3,3,6.83480092808825e-11,4.6151623637262636e-10,1.2047816855840269e-08,0.9998328290097771,1.3741542897395685e-05,0.0001272447910258792,2.6172078618485653e-05
4,mlp,2310,0,0,0.9763247170982107,1.0891292797230468e-05,0.02234544215245494,1.7032687917076203e-06,5.740553754962238e-05,0.0012204616702613427,3.937897993449643e-05
4,mlp,13491,3,6,0.0004435181774179904,2.744211101093298e-06,0.00023903296041928837,0.07040636949205287,0.0011866062516153616,0.003895110428488652,0.9238266184789047
4,mlp,2790,0,2,0.06929341664224432,0.000461282279158678,0.9294099266778292,2.3406482758759581e-07,0.0004863923039263432,0.0003335735125924604,1.5174519421452475e-05
4,mlp,2433,0,0,0.9999577266549026,7.329868218366678e-07,2.4988511147355984e-07,5.985501821431539e-07,3.918425942665331e-06,3.6763471528969035e-05,1.0025510580892322e-08
4,mlp,10036,3,3,3.1696060966575134e-12,2.7607869420339644e-11,1.2731101865970722e-09,0.9999468465308285,1.6228960586397457e-05,3.786530502290347e-07,3.654455164733286e-05
4,mlp,6497,4,4,1.271221883534216e-06,5.725172322421541e-09,1.900428966583824e-05,9.012276762439694e-07,0.9999411155196298,3.153730733146922e-08,3.767047866506492e-05
4,mlp,6191,4,4,0.00016401968462972585,2.2435409108533584e-09,3.583215642796532e-05,5.493203562871712e-05,0.9740486476811714,9.856853832968539e-07,0.025695580513218134
4,mlp,12253,3,3,6.759682585403981e-08,8.111754582643663e-08,9.600582397556533e-07,0.9792730887823196,0.0012059739032382558,3.550388051592499e-05,0.019484324661314688
4,mlp,8690,6,6,0.0002745512042899291,1.3176147754850841e-06,0.00010314256467166287,0.0032272787655859415,0.00040991414214279893,0.0007187964512592965,0.9952649992572749
4,mlp,8795,6,6,0.00013609887972025665,3.4872631123964403e-06,0.0005342684000598302,0.0007209299712934627,0.0032235402408588103,5.93301422269379e-05,0.9953223451027283
4,mlp,9949,6,6,0.0020669199459646195,3.1431201581361886e-06,0.0017924621801529998,0.00020260668843406985,0.08683617538711445,0.0006880608166044687,0.9084106318615712
4,mlp,10625,3,3,1.188092547920448e-10,8.105813236413969e-10,1.6061615534840986e-08,0.9996950102307955,7.419869507236956e-05,3.997021867109235e-06,0.00022677706125884386
4,mlp,8144,6,6,0.0004594355498743337,8.739272065408153e-06,0.0003306667500416477,0.05011403805125002,0.0032432369559325888,0.000380223250273046,0.945463660170563
4,mlp,5982,4,4,1.084177833997111e-08,2.626771873626917e-10,3.378504964015201e-08,1.579615576357803e-05,0.9998981304537651,1.4033076473380144e-09,8.602709765850479e-05
4,mlp,12828,3,3,2.7444603743915433e-06,1.3615357727067123e-05,4.8445234380537854e-05,0.9657782653562893,0.0019129682020834061,0.00344371785241316,0.02880024353673191
4,mlp,6198,4,4,3.016805954779223e-10,1.0834819540386852e-12,2.761196237948822e-10,9.603449005573265e-07,0.9999956235837224,1.2459418685101545e-11,3.4154800340226682e-06
4,mlp,7633,6,3,1.2763754854443827e-05,5.519371055416002e-06,4.295934313209817e-05,0.5846941194877909,0.010463420108726695,0.00020094384319629344,0.40458027409124414
4,mlp,551,5,5,6.456090559177109e-08,4.927558508147557e-08,7.161189141310682e-07,0.000702127765847535,2.999354254573933e-07,0.9992320963627094,6.464598061296527e-05
4,mlp,1658,5,5,5.2182559787340826e-05,9.344131141212626e-06,0.0002983470757238322,0.001331824385597295,1.6149921200106177e-05,0.9872277105994304,0.011064441327119978
4,mlp,2802,0,0,0.9913968678440495,7.780498986780532e-07,0.004975928234976598,3.640672709315847e-07,0.003614572672130741,1.119059717743335e-05,2.9853449624054054e-07
4,mlp,8760,6,6,0.0007159794770513737,3.6024594336646886e-05,0.000972717572537176,0.0026118830428903434,0.0005258632131249589,0.002404534392193492,0.9927329977078659
4,mlp,10689,3,3,2.0983985098187716e-09,1.5769167316931285e-08,1.3147235136830144e-07,0.9975718845517544,0.0003999264766626447,3.4998030537217355e-06,0.002024539828611849
4,mlp,5571,4,4,2.240659658254563e-07,4.7477244727137254e-08,1.155814484522722e-07,0.08278964353901576,0.9002139516284958,5.177851916397198e-07,0.016995499922637637
4,mlp,12304,3,3,1.5667142707274542e-08,9.651484462349863e-08,3.6828621146411756e-07,0.996618786584084,0.0009331456618251673,2.7564736144198132e-05,0.002420022549747889
4,mlp,7923,6,6,0.00023981709368619695,2.4641867477710045e-06,3.218482267833339e-05,0.09506451736651483,0.0015517940437953558,0.009369688647068995,0.8937395338395084
4,mlp,5197,2,2,0.007888323251172736,8.148302220855443e-05,0.9916723731066666,3.8350945949577606e-09,0.00035308421255087353,4.671666408383932e-06,6.090589840331207e-08
4,mlp,13409,3,6,0.00010502628549879418,5.070676521694588e-05,0.0003970406744650951,0.3099121120120665,0.005881309839209941,0.002040611969131642,0.6816131924544111
4,mlp,12169,3,3,6.538697797111006e-08,2.589486473418261e-07,2.001339833449982e-06,0.9906685969156636,0.0004778987207334016,0.0004249736282996412,0.00842620505984475
4,mlp,6348,4,4,6.0692511018725905e-06,1.1101982809176046e-09,3.727188574464529e-06,2.952003344929333e-05,0.9967945497612598,8.324117477626602e-08,0.0031660494142413276
4,mlp,3683,1,1,6.599756952582667e-11,0.9999983110618546,3.1084269511473133e-07,9.60160993516155e-18,1.3780294005877827e-06,5.2163491721930284e-14,1.2795428554650986e-27
4,mlp,9767,6,6,0.04339199372960144,9.248093026374727e-05,0.012188878580019989,0.0005151022218665582,0.0007696744971316227,0.10410575396522341,0.8389361160758934
4,mlp,5295,2,2,0.006883387871506405,5.240561570843222e-05,0.991029185313572,2.8716704986854764e-09,0.0020330818917984866,1.931982783900621e-06,4.452960109539298e-09
4,mlp,8782,6,6,0.000135767910604537,4.9333285531222976e-06,0.0007615425099506982,0.0006479210299468635,0.001974897243461753,9.029632813354382e-05,0.9963846416493494
4,mlp,5504,4,3,5.534386548143606e-07,8.072643870688244e-07,3.5598518700212424e-06,0.8972331022404242,0.08024874289941585,5.589921746703508e-06,0.022507644383501262
4,mlp,11688,3,3,5.816324346967461e-08,2.4316852885927975e-07,1.6975505576853066e-06,0.986614348463728,0.0013611112266753603,1.4432288826614538e-05,0.012008109138439749
4,mlp,13118,3,6,2.144229485455107e-05,1.517958087903365e-06,4.9038622775167896e-05,0.27455606188071197,0.0032357405741802714,0.00023181023338640424,0.7219043884360037
4,mlp,4152,2,2,0.01580097981284194,7.12794544850822e-07,0.9299987495632819,3.79930913469715e-08,0.05412740843865876,9.963119408949884e-06,6.21482781723921e-05
4,mlp,11042,3,3,9.973890366366208e-09,4.190361943939356e-08,3.16986113810357e-07,0.994656600890451,0.0008144200310905787,4.9481581029941035e-06,0.004523662056731688
4,mlp,1685,5,5,2.288973640301795e-06,1.7389768819765537e-07,7.519744599044907e-06,8.293916120222273e-05,3.5798963327830086e-07,0.9997447744264675,0.00016194580676940848
4,mlp,9343,6,6,0.0030378136067798207,7.831384812283258e-05,0.005056583360807031,0.0024862810485309075,0.0005092525915492108,0.15176827033719706,0.8370634852070131
4,mlp,4140,2,2,0.008009523751595317,1.234505677716617e-05,0.9909485177702028,2.8785181826423528e-08,0.0009667768896597658,1.6318267973537012e-05,4.648947860948706e-05
4,mlp,7372,6,3,7.74801523698768e-07,1.8949919225771845e-06,3.3770099524642004e-05,0.9689749690364663,0.0005533539728636161,0.00877301377033684,0.02166222332736246
4,mlp,7595,6,3,2.1303782161099332e-05,3.4311810649854146e-05,0.00026132375671408445,0.8730628859956082,0.0027381990337171265,0.011014314268606988,0.11286766135254266
4,mlp,7588,6,6,9.886899165379288e-05,7.993575150272909e-06,0.00018932295307992215,0.2036210508587316,0.031213881609967242,0.0001020782251685235,0.7647668037862486
4,mlp,5721,4,4,1.8970098467441e-08,1.3146366998696303e-10,1.2746086446729166e-08,2.9373451650394654e-05,0.9998777896682308,2.1047770905500428e-09,9.280292769304506e-05
4,mlp,4761,2,2,0.04161531759427601,8.487906322205292e-06,0.9546662992258499,4.195198340660389e-08,0.003700209160944711,8.26613215758944e-06,1.3780284661586443e-06
4,mlp,8620,6,6,0.0008105186636994096,4.780761295312919e-06,0.0005511701497495924,0.003363991767798489,0.0008666152735439953,0.0006346423287034762,0.9937682810552098
4,mlp,848,5,5,3.587223930377233e-07,2.1286833688130697e-07,3.0987814795998494e-06,0.0019112884181558553,1.2760515927861858e-06,0.9977718468897877,0.0003119182682539944
4,mlp,5979,4,4,1.306754383152779e-06,7.886697663027598e-09,2.0120241265357018e-06,9.477750104648934e-05,0.9909446535539026,1.8495270868847886e-07,0.008957057327134874
4,mlp,8874,6,6,0.0001331236547477784,6.207247601948029e-06,0.0008018717335798422,0.0011600632020655353,0.017799241653827777,7.563154759646e-05,0.9800238609605806
4,mlp,3437,1,1,1.1633675310836157e-06,0.9999966394140661,1.5654027117237774e-06,6.01556055578065e-14,6.286361472855759e-07,3.1794834828646092e-09,1.4811420666752334e-24
4,mlp,11773,3,3,2.2615578465877653e-08,1.1479228764963821e-07,1.0720150499186097e-06,0.9948686251698473,0.0006331925171568636,2.5104447400459486e-05,0.004471868442679276
4,mlp,12214,3,3,5.495193976345249e-07,1.7167886866392092e-06,2.483885165653535e-05,0.9453798122007,0.00028883480289125984,0.044799467854111825,0.009504779982556045
4,mlp,8649,6,6,4.443607995671185e-05,7.01635622755047e-06,0.00044223580494931404,0.0038210516649345417,0.010222989551288378,6.790924681240034e-05,0.985394361295831
4,mlp,6668,4,4,4.8065762809170696e-05,8.302507753515024e-07,0.000836598006202207,1.1692612819729616e-05,0.9936346591370586,8.845295738960047e-06,0.005459308934595988
4,mlp,2862,0,0,0.9999971334577334,9.637139625238251e-08,2.9411791911927257e-08,4.4465400824311953e-08,8.125882388194983e-07,1.883668969645826e-06,3.646898852025086e-11
4,mlp,4590,2,2,0.34117542922533844,2.773347301051704e-06,0.6505176884692495,1.217181267792039e-07,0.008215082275192609,8.755918839545586e-05,1.3457763962897105e-06
4,mlp,433,5,5,2.9262443879596043e-09,2.0469254898838383e-09,4.407069107474669e-08,4.9811388467723e-05,1.031158566469897e-08,0.9999470277374705,3.1015186151746024e-06
4,mlp,13499,3,3,0.0001453583619627833,0.00015808805186926872,0.0011075209091726643,0.6018474763008497,0.005411186467103487,0.02893000868668534,0.36240036122235664
4,mlp,3563,1,1,1.0415411444845131e-07,0.9999985620714273,3.299305340764775e-07,7.026191452627535e-16,1.0038200103354811e-06,2.391299842889561e-11,6.227300010587844e-26
4,mlp,10697,3,3,1.3140894034475006e-08,1.5215221083728143e-08,1.7741617649155962e-07,0.9979599867186858,0.00016056150870246623,4.3652291087109076e-05,0.0018355937092333903
4,mlp,241,5,5,4.392812440324269e-09,4.3294251001388945e-09,5.669713816795973e-08,0.00021073771867389745,3.382022395552018e-08,0.9997824383348116,6.7247069148535564e-06
4,mlp,9111,6,6,0.0007630262077479324,5.213345446903388e-05,0.0012086752890996077,0.00495893764041818,0.0015536584893147435,0.004747236229387901,0.9867163326895627
4,mlp,3771,1,1,8.825785524646014e-11,0.9999997991793425,2.472538150880363e-08,5.066351667865224e-19,1.7600698227626738e-07,3.589637890110765e-14,1.970679218062231e-31
4,mlp,788,5,5,0.0003498593911255263,2.033319665670264e-09,6.041561947011595e-10,0.013439977218091939,3.482347783789575e-05,0.9860017142864813,0.00017362298898753614
4,mlp,9385,6,6,0.0016324744863943196,1.941238930281993e-05,0.001150471477639831,0.0004748874724860141,0.00024477763612451223,0.018055668719055368,0.9784223078189971
4,mlp,2918,0,0,0.5542972884130634,4.5978384216183865e-05,0.4450557541870422,7.973594679660269e-08,0.0003257934017546967,0.00026882911994358674,6.276758033467418e-06
4,mlp,2157,0,0,0.9989191918525877,2.7320801876482904e-07,0.000461341174387876,6.957088285625845e-06,0.000101002433417132,0.00036610822477396645,0.00014512601852866144
4,mlp,2573,0,2,0.22681930601221034,0.0017548982792046789,0.7580415618656643,3.3917289865855805e-06,0.00047731121071540125,0.01269586886988138,0.0002076620333373042
4,mlp,12497,3,3,2.853770912574203e-07,4.852735608060325e-07,7.700409224942206e-06,0.975335707757485,0.001067991889866584,0.00015949458576151732,0.02342833470700982
4,mlp,4787,2,2,0.001429235780689727,2.0440459313756817e-06,0.9874100373574491,7.980938047526247e-09,0.011155382774971644,6.531533980646405e-07,2.6389066218987283e-06
4,mlp,7074,4,4,1.4467855274314547e-05,4.9815121664578e-10,6.290014567527994e-05,1.247575913727853e-07,0.9999174761822455,2.584118643933088e-08,5.0047198759073255e-06
4,mlp,12321,3,3,3.971081905365811e-06,4.351453566730206e-06,9.028574187297513e-05,0.8818447064752023,0.0007427995883681287,0.03246299894838018,0.08485088671070427
4,mlp,5274,2,2,0.00013817408723177117,2.425472494935894e-05,0.9993298385340927,2.833258073715525e-10,0.0005075413517458523,1.5351324826348707e-07,3.7505406112235235e-08
4,mlp,12656,3,3,1.8996101315395542e-05,6.515650459697166e-06,0.0001205915050915346,0.6131413243477472,0.0018171149389742335,0.0028286361478210738,0.3820668213085909
4,mlp,6552,4,4,2.6804913047771864e-06,1.4979953381695654e-09,2.933048767375814e-06,1.3830396330645907e-05,0.9886110815652666,9.234161332392364e-08,0.011369380658721742
4,mlp,323,5,5,6.910071999625514e-10,1.3656716635469128e-10,5.7561753515197145e-09,1.308096999931093e-05,1.299620844475639e-09,0.9999863003413145,6.108053156399482e-07
4,mlp,7455,6,6,1.1677423577803373e-05,4.932786353949267e-06,7.512415247244244e-05,0.4280105405081543,0.004089077988336982,0.0001200543014642851,0.5676885928396402
4,mlp,823,5,5,5.041820050992478e-08,1.0332256512338575e-08,3.1555174537693307e-07,0.00010284746023487572,5.8443796762634695e-08,0.9998783781755014,1.8339618264358308e-05
4,mlp,12158,3,3,4.2316009178469704e-07,9.777286115029801e-07,1.36731435502217e-05,0.9701622328751142,0.0008606090086363645,0.0006595274445138365,0.028302556639482102
4,mlp,8119,6,6,0.00011008115862030182,9.02918805519305e-07,9.316688234503321e-05,0.017619187234819637,0.00534848056525364,0.00010292474296302764,0.9767252564971928
4,mlp,4146,2,2,0.0036822399609563084,2.529154160954151e-06,0.9942520676837237,5.2515152483832684e-08,0.0019940492541173586,4.650505376718894e-06,6.441092651265712e-05
4,mlp,11600,3,3,3.478247766556531e-08,1.637319323686546e-07,1.6649121642259179e-06,0.993680080488467,0.00043244828994812805,9.953161575541826e-05,0.005786076179255228
4,mlp,266,5,5,5.882076240921115e-08,5.8837542747643637e-08,5.832138604552876e-07,0.0022290534127900573,4.790415009042614e-07,0.9976862099440019,8.355672954150568e-05
4,mlp,11911,3,3,7.265124815741997e-08,4.1064616793644644e-07,3.4995046847561295e-06,0.9924392472700627,0.0005933132553108488,0.00019123159103098147,0.006772225081494805
4,mlp,8319,6,6,0.00010283938792484558,1.330939699500508e-05,0.00011593439429596471,0.11978033914679907,0.006132779483581843,0.00310844208060312,0.8707463561098001
4,mlp,9860,6,6,0.00990104998328276,2.1459262809189733e-05,0.002662305237339238,7.963368822450835e-05,0.000646978137641799,0.0015613315148244194,0.985127242175878
4,mlp,12176,3,3,4.512823089456725e-06,7.783824459205515e-07,1.5705547755923606e-05,0.6449701243647525,0.0024359376694110388,9.289143039913147e-05,0.35248004978214614
4,mlp,12318,3,3,8.959014314899399e-07,2.3259767831339e-06,1.779509185076989e-05,0.9548492369259692,0.0012576884980673973,0.0006887885075753194,0.0431832690983225
4,mlp,550,5,5,7.748868467053421e-08,5.071944700116879e-09,1.6280569358724803e-07,0.00023756516367662246,7.513525839891563e-08,0.9997442758227939,1.7838511948294813e-05
4,mlp,8702,6,6,0.00027877740257192335,6.348281561049628e-06,0.0007863156803102591,0.0015191129005869854,0.011683443772168884,0.00010174688594644272,0.9856242550768545
4,mlp,4021,2,2,0.04562636743019922,7.1794061587001514e-06,0.9110990244252052,1.5577011037848256e-06,0.04099093556757286,2.9762754992281503e-05,0.0022451727147677412
4,mlp,12935,3,3,0.0004828380631972978,1.3070036519245745e-07,9.311211335909658e-06,0.6844852540503841,0.06003724417564463,0.0005015503775205916,0.25448367142155237
4,mlp,7604,6,6,0.00021796781868445165,2.05407495621309e-05,0.0004551835986469346,0.25003749046183443,0.002540217651630572,0.007206135864558291,0.7395224638550831
4,mlp,13412,3,5,0.00011759247680327265,2.477294798742897e-05,0.0005762380875156327,0.28493992383437977,0.000566135716195151,0.6049459827927227,0.10882935414439605
4,mlp,2496,0,0,0.9998887640703206,1.1774402753842259e-08,8.069847923775359e-08,5.055820640583198e-07,9.833335610942123e-05,1.2229605921682546e-05,7.491270247458439e-08
4,mlp,11670,3,3,1.6235816571127751e-07,3.4305340862880266e-07,8.04843493850265e-06,0.9508882946845774,0.0001668738239078365,0.0389336684766054,0.010002609168396324
4,mlp,1336,5,5,2.5478170146468992e-05,1.982425989903257e-06,6.146825742808426e-05,0.004018803107884447,1.2779489941404007e-05,0.9910475283015707,0.00483196024703902
4,mlp,5411,2,2,0.027558801518469213,0.00310714974243725,0.9686384849682602,4.109592080540219e-09,0.0006583777056198706,3.718063304169279e-05,1.3225797187075642e-09
4,mlp,11286,3,3,2.9384963395249134e-08,1.523795065906361e-07,1.43693002200978e-06,0.991030450230433,0.0004558650966800349,6.425782628852918e-05,0.008447808152106391
4,mlp,13213,3,3,5.273163067090478e-05,3.5709193351076055e-05,0.0006133022678242016,0.47581701415822036,0.0007142793023420455,0.43365039298740554,0.08911657046018587
4,mlp,1364,5,5,3.7692237302430613e-06,9.676014577506444e-07,1.9516949436295297e-05,0.002593054994186381,4.946319923063022e-06,0.9956446594479511,0.0017330854633151429
4,mlp,699,5,5,3.0129581740078025e-08,3.5750274446601226e-09,1.2313979581421913e-07,8.589760671982344e-05,3.2202951592402265e-08,0.9999054755908199,8.437755103796631e-06
4,mlp,5880,4,4,8.628817298873128e-06,1.1147777299435729e-07,3.8855942960004086e-05,0.00029495048466426406,0.9634763563114094,1.563906805583581e-06,0.0361795330590888
4,mlp,6278,4,4,0.05077115079951921,6.502848715315531e-06,0.01288175704525782,0.0013727415657619443,0.8906712821619016,0.00027332462117975393,0.044023240957664425
4,mlp,11064,3,3,1.8212039758325057e-08,9.428116676047959e-09,2.408825095093557e-07,0.9947615185153751,0.00022395189361715007,7.279321776343015e-05,0.004941467850578495
4,mlp,9334,6,6,0.00045713081584462356,1.477890310277886e-06,8.713691562690271e-05,0.00020794269678343165,0.00031725009838276915,0.00027076055354880823,0.9986583010295031
4,mlp,7880,6,6,9.591740624334979e-05,1.1205023602883493e-05,0.00022646999112682135,0.05712997931719397,0.005734706576770494,0.00014513202152780096,0.9366565896635346
4,mlp,2577,0,0,0.9997789857179661,2.48054901651216e-05,1.5566903668174713e-05,9.597856575418333e-07,4.907881467120681e-05,0.00013051073624172259,9.255163027472194e-08
4,mlp,12434,3,3,5.851649961599706e-07,6.713688292918187e-07,1.9373698288074657e-05,0.9625322165210257,0.0007902986853315486,0.0008504681299660209,0.03580638643156313
4,mlp,13081,3,6,0.00013686009724916175,1.983763444778478e-06,8.29649113107904e-05,0.38927571029764013,0.0015475723402039352,0.03741969378533284,0.5715352148048183
4,mlp,11805,3,3,2.1839496114205357e-08,5.682958227523208e-08,2.661032199205231e-07,0.9739291670035823,0.010352028605636143,2.85312363599338e-06,0.01571560649484727
4,mlp,10885,3,3,8.478039277907689e-10,7.973003247264571e-09,1.6398882554801192e-07,0.9995230364270731,7.626494146489919e-05,8.86287586884636e-05,0.00031189706314075917
4,mlp,10948,3,3,1.4745673093978524e-09,4.985528087861808e-09,1.1310318827903811e-07,0.9982695291557306,0.00020064650843113025,4.791210195465704e-06,0.001524913562359037
4,mlp,3713,1,1,9.383765795908757e-10,0.999999987977482,3.5674375561239865e-09,3.1415157962361e-17,7.511899475443498e-09,4.804443487259287e-12,4.698635772575981e-32
4,mlp,3273,0,0,0.9999551099968447,2.7323593637415164e-05,4.569506482427699e-07,3.9336572834546854e-08,1.6073226011855788e-06,1.5462799447661342e-05,2.4796708047958525e-13
4,mlp,12642,3,3,1.2446469799756735e-06,1.8524800211719228e-06,3.873659563775308e-05,0.9428045991903642,0.0004228203991714759,0.032291878671886244,0.02443886801593921
4,mlp,11736,3,3,2.5224435207082798e-08,4.4876808091674274e-08,7.367577439776861e-07,0.9827711745102017,0.0008209183511486626,6.078444465112319e-06,0.01640102183519718
4,mlp,822,5,5,7.649036913103136e-09,2.549909781553638e-09,6.171773767716796e-08,4.611076354789951e-05,1.3745345789348843e-08,0.9999490406484076,4.762926014432643e-06
4,mlp,6775,4,4,2.389541036346444e-07,2.879536906708452e-10,1.885734947815478e-06,1.3738562255511228e-06,0.9998736829890881,6.011446757722927e-09,0.00012281216623433942
4,mlp,9171,6,6,0.0002529712630516208,6.532629564259172e-06,0.002043997554364208,0.0002159559813052099,0.003414890571018058,0.00011556990660684634,0.9939500820940897
4,mlp,1346,5,5,5.402096526357665e-05,2.4573222683333697e-05,0.0003860809321488549,0.0684106317323418,0.00021036697110944766,0.9015643021931413,0.029350023983311494
4,mlp,9903,6,6,0.0012186556356156833,2.2959306870150694e-05,0.014386546165653718,9.804912333768416e-05,0.34944987723260407,0.0002496414610493207,0.6345742710748694
4,mlp,3719,1,1,6.90373939149261e-11,0.9999999321879586,6.7262416592016815e-09,2.098887424429551e-18,6.101669858845744e-08,6.381182882216103e-14,1.881417632699837e-30
4,mlp,3181,0,0,0.9844714691360299,2.803227176356179e-05,0.014873716782461625,5.052093277496346e-08,0.0006115205535194902,1.5207690950622139e-05,3.044342393044752e-09
4,mlp,11410,3,3,1.90905704353225e-08,5.4989902031045544e-08,1.5809173840904967e-06,0.9948922213544825,0.00012881287481219026,0.001838867958478928,0.0031384428143697973
4,mlp,9114,6,6,4.533149677440393e-05,1.0963676201982947e-06,2.7662873909696098e-05,0.004396442437933148,0.09246338702589638,2.898486265624913e-05,0.9030370949352099
4,mlp,13039,3,3,1.6355123400594646e-05,3.358000755469099e-06,5.348660915942381e-05,0.6520854481340995,0.0032294936938927665,0.001470486737022582,0.3431413717016697
4,mlp,4462,2,2,0.008217324075601475,0.00029521575961350105,0.5147997491956979,6.946328344677044e-10,0.47639568313196123,0.0002882142406563801,3.812901836749199e-06
4,mlp,1193,5,5,1.9284582618755368e-05,1.3875183432728146e-07,4.068928853083491e-06,0.001198230666296409,1.6503878914933053e-06,0.9983530019743887,0.0004236247081170898
4,mlp,600,5,5,9.188114300377343e-08,6.883172388612917e-08,1.1412863465590176e-06,0.0006851794662598834,3.510128913589933e-07,0.9992183152692022,9.48522524329465e-05
4,mlp,3880,2,6,0.013402912393134502,1.4333609897426538e-05,0.3686024282698713,8.969392014515711e-06,0.027731985158709217,0.0007986760086998016,0.5894406951676732
4,mlp,4879,2,2,0.004414863607790175,2.7548793605079756e-06,0.994854945611067,4.4477204507310024e-09,0.0007251649163276447,1.9980708646532955e-06,2.6846686959924854e-07
4,mlp,2547,0,0,0.9998231537781591,2.388957319787471e-06,5.120974645714835e-06,5.483383120308579e-07,4.092782352030398e-06,0.00016467922866660384,1.5940544786186687e-08
4,mlp,1623,5,5,3.632186010572888e-05,1.9476575259655366e-05,0.0004193836566482236,0.0031918423578934023,3.6308469502725955e-05,0.9857480561740151,0.010548610906575153
4,mlp,7441,6,3,1.1202704886004297e-05,9.345761462717891e-06,7.792454561185217e-05,0.7282562125590042,0.0032457572780645655,0.0009255905536911825,0.26747396659727934
4,mlp,12503,3,3,3.8420325718034207e-07,2.963735746078892e-07,2.5068123988638404e-06,0.933073476477516,0.003139227170439132,3.6130809804713956e-05,0.06374797815300962
4,mlp,1876,5,5,0.3414977821681496,8.204336581358933e-06,0.0009390748391532943,0.005682516083207337,0.00019421309182395292,0.6412100945565948,0.010468114924489803
4,mlp,6669,4,4,3.0961703190647227e-06,5.4955182259626044e-08,5.273828207212797e-05,7.0246160887105645e-06,0.9992085339357291,5.837914941222805e-07,0.0007279682491145914
4,mlp,10365,3,3,7.211248556916883e-10,3.1888041591436885e-09,6.205091296315653e-08,0.99925008060061,9.711857223133565e-05,9.248884558260937e-06,0.00064348598175845
4,mlp,7906,6,6,2.358751830854565e-05,4.482106711239398e-05,0.0002439639642107778,0.3687936477449293,0.02265947932294089,0.0006297415638647227,0.6076047588186334
4,mlp,3575,1,1,7.415652070020466e-09,0.9999999315500459,1.3250692467559666e-08,2.667723354241299e-16,4.7773047621552696e-08,1.056173410393895e-11,1.7123499700130807e-28
4,mlp,6132,4,4,0.0008717055558966591,6.448781272834451e-07,0.00775000970551821,1.8149117571122273e-05,0.9745033525099155,3.36575026308435e-05,0.01682248073034028
4,mlp,2650,0,0,0.9998682265970903,1.5780062816105475e-06,7.168624351776417e-05,2.9197706240683255e-07,3.973825613229485e-05,1.8448819367271454e-05,3.0100548552325536e-08
4,mlp,6667,4,4,0.002816572691166874,3.980068016740019e-06,0.030582799388153187,3.9097673093729464e-05,0.9355186511355578,5.8082451955591655e-05,0.030980816592056346
4,mlp,2372,0,0,0.862861331058778,3.3282609021585186e-06,0.134926883603626,1.6629358773636404e-06,0.0016351938889096849,0.0004404326096262357,0.00013116764228021535
4,mlp,2890,0,0,0.9999103565880825,2.1012851007509732e-07,6.76532601839251e-05,2.8427245979990964e-08,4.579978416021369e-06,1.7169334768657444e-05,2.2827929899408913e-09
4,mlp,6024,4,4,2.4945443870872666e-07,1.3265717407994238e-08,1.3859689677535736e-06,2.6269315677601845e-05,0.9998434504407668,3.161713099001691e-08,0.00012859993730064792
4,mlp,9170,6,6,0.002982308270781905,0.00014034570227442579,0.005093582440447804,0.0040826181844484605,0.0008651970376453439,0.05296315816960513,0.9338727901947969
4,mlp,6568,4,4,1.205404498129334e-07,2.7465658289525004e-10,3.6478891184610912e-06,1.9211697089016646e-07,0.9998928072954629,7.729015898990602e-09,0.00010322415432534696
4,mlp,11085,3,3,2.4684903645285787e-08,6.338997443416947e-08,6.217669823076623e-07,0.9896275038056319,0.0006854589583081537,1.3750693711989505e-05,0.009672576700487571
4,mlp,8002,6,6,9.344010798753127e-05,2.466153138445317e-05,0.0001781608371255498,0.39074325834689394,0.006657106284362765,0.005354504664236731,0.5969488682280091
4,mlp,4026,2,2,0.0013038393608717231,2.8619305748091733e-06,0.9950285719909858,4.763097206343854e-08,0.0015260933713454922,1.2110116541500013e-05,0.002126475598708643
4,mlp,11059,3,3,1.4037240533841953e-08,9.966135414596245e-08,1.683023041492418e-06,0.9922190096743693,8.591353450180766e-05,0.006637366550555046,0.0010559135189377288
4,mlp,9573,6,6,0.001393598021976614,6.931997893637133e-07,0.0013435298809097564,8.242570747769428e-05,0.0055401113388464825,5.1664877635102415e-05,0.9915879769733651
4,mlp,7638,6,6,0.00013691970932739182,1.3565354273377808e-05,0.0002989210267695034,0.15441131801764885,0.002333826811316466,0.0022205114655789327,0.8405849376150856
4,mlp,4721,2,2,0.0016944799623789988,1.844834112924875e-05,0.9980805025764784,5.619486443318277e-09,0.00020002443484441073,4.945612607558428e-06,1.5934530748674773e-06
4,mlp,9030,6,6,0.0002608440707794073,3.1622176270671965e-05,0.0007187580972534772,0.0014321491475493507,0.0018112037238809916,0.0009305967409192201,0.9948148260433468
4,mlp,10516,3,3,3.323653050992622e-10,3.409263770330342e-09,7.686313004706881e-08,0.9995163862554581,0.00011245195003624572,6.9259014408183645e-06,0.00036415528830574593
4,mlp,11120,3,3,9.333556248083124e-09,4.304523273294355e-08,2.431924998665857e-07,0.9936666791118283,0.003568985368030827,1.818994933969037e-06,0.00276222095391809
4,mlp,2796,0,0,0.9999959734665649,2.7563795915646397e-08,9.400021533420253e-08,5.494852255670725e-08,1.1582516814586539e-06,2.6913678899542195e-06,4.013299114681199e-10
4,mlp,2161,0,6,0.3034596981347995,1.7774493181716223e-05,0.06172881087436613,0.00021279919058914636,0.13646941082444544,0.0031109145947855474,0.4950005918878325
4,mlp,83,5,5,4.063636188912294e-08,2.839640394160861e-08,3.144523279212077e-07,0.004461973307171986,5.506261588969544e-07,0.9954558238192672,8.126876230812569e-05
4,mlp,7742,6,6,8.99823930440753e-05,8.510515791640628e-06,0.00029651693569539885,0.17117879735070776,0.001129003604835075,0.007067972025498191,0.820229217174428
4,mlp,1773,5,5,1.2118395380757252e-06,1.8681144251304556e-07,7.973191568026965e-06,7.320956583178478e-05,4.2729539856399467e-07,0.9997327862280387,0.00018420506818226206
4,mlp,10231,3,3,4.2959777443462745e-11,5.794492486444284e-10,1.2839506149274088e-08,0.9998402527366993,5.954481917956833e-05,1.5591953737308618e-06,9.86297868323026e-05
4,mlp,8006,6,6,0.00011672712991288168,6.122830725731474e-05,0.00046979418047296626,0.20925966247398364,0.006130329070378471,0.0016045614972729366,0.7823576973407218
4,mlp,652,5,5,8.027568469225442e-09,1.6928744929540803e-09,4.341007031198593e-08,5.535188607889057e-05,1.284800190594154e-08,0.9999396442049158,4.937930490025911e-06
4,mlp,9336,6,6,0.0028086442840195213,0.00015180546431662475,0.007514632324279636,0.001163913928278344,0.00042078626584537645,0.04381595404369707,0.9441242636895635
4,mlp,5466,2,2,9.23781144082903e-06,1.7539416202019686e-05,0.9999170565192611,1.445116968086092e-12,5.6153825837689075e-05,1.1940680787142807e-08,4.851324140256358e-10
4,mlp,7144,4,4,0.024877698056476025,1.0542576793376118e-05,0.46693721369155466,4.981571326117219e-06,0.5060053424655241,7.19560677180673e-05,0.002092265570607704
4,mlp,6762,4,4,0.00026569217266154374,1.3521692903746971e-08,0.0024167030458621718,4.0808378849074237e-07,0.9893721562800906,1.4106159737533049e-06,0.007943616279930545
4,mlp,4234,2,2,0.00033951604289713793,4.651947483747848e-06,0.9989740161486055,6.520271411849625e-09,0.0005311214639208379,3.4145976797745062e-06,0.00014727327914137566
4,mlp,3697,1,1,2.024190227356719e-10,0.9999999828529119,1.0526489144821023e-09,3.4161613511852493e-18,1.589188789625524e-08,1.3242222422496966e-13,4.263195886194476e-31
4,mlp,11360,3,3,1.7154485025118463e-08,1.3674147982146887e-07,7.551723879801822e-07,0.9934254693585354,0.0025104236314105353,6.570531001405622e-06,0.004056627410699861
4,mlp,10869,3,3,2.3163824806949647e-10,5.456094882196072e-10,4.3639991628044415e-09,0.9983760913546347,0.0009107420852275273,1.6621784036928473e-07,0.0007129952010506196
4,mlp,11486,3,3,5.879271553255082e-09,1.749904840623569e-08,2.0401914110486088e-07,0.9966570253345955,0.0004403190548405206,5.2222369171901315e-06,0.0028972059761857424
4,mlp,1309,5,5,2.8312898254778385e-06,3.5443214180764027e-07,1.0451705635497567e-05,0.0010520292416977828,2.1929825079428525e-06,0.9981512097833026,0.0007809305648890305
4,mlp,2619,0,2,0.005775948151585568,4.185218732410445e-06,0.9934658691917481,3.916349534626283e-08,0.0006880345856261978,6.69082892402114e-06,5.92328598883539e-05
4,mlp,3207,0,0,0.9999945182387898,8.754364402079384e-09,1.521756080940147e-09,2.6411001705462507e-09,5.390453763316104e-06,7.838966271877184e-08,5.635809832203452e-13
4,mlp,5246,2,2,0.01049947061532137,8.563625794254598e-05,0.9879481103607423,5.277527219984939e-09,0.0014625305557305359,4.233889214573677e-06,1.3043521248160608e-08
4,mlp,4845,2,2,5.191986499423551e-05,4.6770482189380865e-07,0.9988035437893878,8.762304190354072e-12,0.0011438511587389885,1.133972162179397e-07,1.0407607845377747e-07
4,mlp,6632,4,4,5.809407793459935e-05,3.7601361320067486e-09,3.9109039889639925e-05,2.5309530057455587e-05,0.9880156081332557,5.03772372122925e-07,0.011861371686354549
4,mlp,3395,1,1,6.93711007999111e-06,0.9999773469326807,1.2982100783694475e-05,3.3074264708544065e-13,2.720401386310374e-06,1.3454738539386832e-08,7.79374520428882e-22
4,mlp,8840,6,6,0.001981053648076392,4.587711096082813e-05,0.0017200827163794243,0.003395565477919495,0.0007247106554281897,0.00762397540966567,0.98450873498157
4,mlp,5731,4,4,4.093358569776113e-09,1.2960342235387563e-12,5.964415294026861e-10,7.560950352276078e-06,0.9999857374705201,2.5301093832168172e-11,6.6968627301876325e-06
4,mlp,1293,5,5,5.908941091843758e-08,3.9125816357780114e-09,1.9861797650357644e-07,3.1986796437166266e-05,2.2695374733493533e-08,0.9999592412386284,8.487649590658877e-06
4,mlp,5200,2,2,0.019759671837850143,0.00013916244112453118,0.9790845379424012,5.095260687320898e-09,0.0010089259844487059,7.418135214929991e-06,2.785636999981577e-07
4,mlp,3364,1,1,0.0003359260169180787,0.9978297377092116,0.0017827797146639196,5.9197484446618844e-12,5.0826289040640195e-05,7.302642460795034e-07,2.0548916819761287e-19
4,mlp,6197,4,4,1.913480321419942e-08,1.1524620771754782e-11,1.852619323276003e-08,2.0895204518203665e-06,0.9999240592134019,4.124538612470462e-10,7.381318117141144e-05
4,mlp,5218,2,2,0.019939446989356346,0.00016313349317435648,0.9789191693093179,7.1248804307058295e-09,0.0009493796439545294,2.883876769381381e-05,2.467162273244973e-08
4,mlp,3485,1,1,5.768601896437198e-08,0.9999894674487068,4.415285346808424e-06,3.6162638060940296e-15,6.059552584301902e-06,2.733963807514374e-11,6.986057356641699e-24
4,mlp,6178,4,4,8.460557194636208e-08,9.531119195925508e-11,1.0173668063567146e-07,5.017244053522451e-06,0.9994633859540943,3.3106926503233e-09,0.0005314070535958123
4,mlp,320,5,5,4.2759274404394494e-08,1.0316019371872478e-08,1.902114897886953e-07,0.00042232501414384206,1.1151252914491831e-07,0.9995525416361343,2.477855040921089e-05
4,mlp,7727,6,3,2.43633866429133e-05,2.324196871617953e-05,0.0002015235424312814,0.615721041454279,0.006995624017513257,0.0004477794856286406,0.3765864261447888
4,mlp,4056,2,2,0.05503131843830291,5.502213096218185e-06,0.9227432116174085,6.608033010722318e-07,0.021566947050404038,0.00022390448908072297,0.000428455388406552
4,mlp,8116,6,5,0.0006745108219029739,8.646066041190028e-05,0.0019984785644491954,0.10374433319101356,0.0008447843655417267,0.5707050993081723,0.3219463330885083
4,mlp,1100,5,5,3.5947179722531966e-09,1.2053926508672446e-09,3.907610036333904e-08,1.587608516250694e-05,5.14365415295545e-09,0.9999821877777093,1.887117263077352e-06
4,mlp,12185,3,3,8.534893711869156e-09,3.0341245141262466e-08,1.1081841360065349e-07,0.9919498485915998,0.0027208158617546474,4.115920493519713e-06,0.0053250699315997
4,mlp,6656,4,4,1.874769176405134e-09,5.393130147798974e-13,1.483188374494923e-09,2.139137070604709e-07,0.9999967848189001,1.7844607314489397e-11,2.997891051434395e-06
4,mlp,93,5,5,1.434415099834556e-08,2.0442565888317164e-08,1.6983299758855187e-07,0.0017400157648053503,1.8957286132352084e-07,0.9982281242308818,3.146581173714149e-05
4,mlp,2177,0,0,0.9587044754323527,4.167547601074789e-05,0.033730959876079845,1.100074183806869e-05,0.00017149315216419107,0.005022134095201793,0.0023182612263526158
4,mlp,5123,2,2,0.15512149377402767,0.005969891707839521,0.8374731399544258,1.1284755379341818e-07,0.0011728535136941902,0.0002624201816926426,8.802076618964774e-08
4,mlp,6738,4,4,1.1037962004218405e-06,7.874036168947029e-11,9.183006835982114e-07,1.4479708076778875e-06,0.9992475880539622,7.211796553010982e-09,0.0007489345878093386
4,mlp,5590,4,4,1.171272836939516e-08,4.695622870279104e-10,5.511543253569266e-09,0.0007190896059208224,0.9990363214276461,3.957193143612161e-09,0.00024456731540620387
4,mlp,7907,6,6,9.427487122440992e-05,2.2055218324035125e-05,0.00022192522076112787,0.10261502231769987,0.013010272021170995,0.0002459804538408565,0.8837904698969787
4,mlp,5651,4,4,4.589854431339134e-09,1.7799733765496462e-11,2.077606703294372e-09,1.5596233264051678e-05,0.9999390896687953,4.2509577998226766e-10,4.530698758382322e-05
4,mlp,874,5,5,4.237995117462321e-07,1.425259508743526e-07,2.6663936210023324e-06,0.0013372948604617964,1.0783096046221601e-06,0.9983467136920879,0.0003116804187621049
4,mlp,6509,4,4,2.327847358910817e-08,2.1777530266290588e-11,2.7087296634334796e-08,1.6989521274797328e-06,0.9997569749970808,6.45821198755607e-10,0.0002412750174228178
4,mlp,1823,5,5,8.205314374605975e-08,4.545010148672977e-09,2.56599130514643e-07,2.8171046480046697e-06,7.183455401174426e-09,0.9999952439647807,1.5885498314025733e-06
4,mlp,2028,0,6,6.96315360788856e-05,9.464099635311584e-06,0.00018178008937783124,0.35662201112005404,0.004342350546958525,0.002374722076571612,0.6364000405313238
4,mlp,10184,3,3,4.308358490694887e-12,6.101612457915181e-11,1.208433281376745e-09,0.9999021587800085,4.431353863692814e-05,2.0920244456123007e-07,5.331720515223342e-05
4,mlp,6463,4,4,4.22940342980811e-09,1.8396327492631867e-12,6.744357070365214e-09,1.2850962983355777e-07,0.9999907496196735,6.626071858921387e-11,9.110828835621305e-06
4,mlp,8380,6,6,0.0002675064622680927,3.967744987914573e-05,0.0009307020709083214,0.03295589726443773,0.0018562331382773376,0.002387509391710139,0.9615624742225192
4,mlp,9757,6,6,0.01335356158645331,0.0001831987470735456,0.011269736443248716,0.00023824859183973798,0.00034048307529113063,0.04084698145344225,0.9337677901026513
4,mlp,12406,3,3,8.189074676759853e-07,8.524841269813419e-07,1.6049942299380744e-05,0.9608585887766035,0.0006573584510609854,0.00315196709938183,0.035314364339059434
4,mlp,7279,4,2,0.0006455428495258402,2.3680084631958534e-06,0.8272983961885758,9.471667992474233e-08,0.1717017204559485,4.277698842638792e-06,0.00034760008196429797
4,mlp,6879,4,4,9.70206257959679e-08,2.9057848329051067e-11,2.0141753757456773e-07,2.2463030528522984e-07,0.999817071786657,1.250758416180625e-09,0.00018240386505796234
4,mlp,5350,2,2,0.3135851982927516,0.009611960481253531,0.6681823343162099,3.688264062626574e-08,0.008530100768377387,9.035600987576961e-05,1.324889129274548e-08
4,mlp,10101,3,3,3.3678950597685912e-12,5.1682530410686214e-11,2.0591248696857783e-09,0.9999609147325673,2.246586177440303e-05,4.67528303553165e-07,1.6149763179666345e-05
4,mlp,5519,4,4,6.554918821369027e-08,1.126986140084529e-08,1.0906990652393576e-07,0.006891224137334451,0.9927847294930102,2.0274677871350652e-08,0.0003238402060212622
4,mlp,10424,3,3,8.037986751078026e-11,6.735670551153661e-10,1.910123869297455e-08,0.999785135584514,4.845606331538439e-05,6.857971293646528e-06,0.00015953052569133436
4,mlp,6770,4,4,2.3814843907439398e-08,3.0283238662933242e-12,3.96379500184248e-08,1.0893713009131358e-07,0.9999540721041494,2.3103799904092988e-10,4.57552718603953e-05
4,mlp,9200,6,6,0.0007450822426988808,2.371510140618067e-06,0.000591207187389978,0.0006442410028112015,0.0017141856853379713,0.00011295549720035273,0.9961899568744209
4,mlp,3022,0,0,0.9983075373966735,0.00023151991137776686,0.0011031202705908281,3.1724663057572773e-07,4.871451559662874e-05,0.0003087865728239735,4.086306549016144e-09
4,mlp,8183,6,6,0.0006458553868556794,3.174336973400769e-05,0.0006480902893068047,0.08229805218960874,0.0038687498186471387,0.0015058613673016507,0.911001647578546
4,mlp,301,5,5,1.7150662559116543e-07,3.330771517325588e-08,5.577769194315688e-07,0.001103602971582771,3.440277942378964e-07,0.998800112437282,9.51779720808105e-05
4,mlp,797,5,3,2.7852290882293096e-05,1.511493204947786e-05,0.0002688559414621017,0.5429161152655569,0.0005705773317096689,0.38832248489447035,0.0678789993438692
4,mlp,1853,5,5,1.1266522504420646e-05,1.4778812607365145e-06,8.631307780298985e-05,0.0001291968127394459,2.3479021013748403e-06,0.9985256854720487,0.0012437123315422122
4,mlp,3159,0,0,0.9899328969201469,1.0501514677352757e-05,0.009933860313597597,1.8979053460212642e-08,8.19499622824749e-05,4.076876250508428e-05,3.5477372951466075e-09
4,mlp,10212,3,3,2.3467337617192883e-11,2.2319765371281012e-10,1.1141255321989035e-08,0.9999101214124876,3.3544415719394004e-05,3.08425727675254e-06,5.3238526596022045e-05
4,mlp,7368,6,3,1.4724461822857736e-06,8.996623541672817e-07,1.5735209072297805e-05,0.847027799833051,0.001561050664398595,8.289956580714614e-05,0.1513101426191344
4,mlp,3678,1,1,2.242170740874945e-10,0.9999981404236341,5.118440195062863e-07,8.909912279169267e-18,1.3475080210311145e-06,1.0806110265011094e-13,3.482971975481419e-27
4,mlp,4904,2,2,0.012306822202300102,1.3320512923107977e-05,0.9863411495770973,1.1525186868922165e-08,0.0013226992922652711,1.5594189711841322e-05,4.0270051538093786e-07
4,mlp,5754,4,4,4.211185897126217e-08,1.3864885829748636e-10,3.087559930970187e-08,5.073103349352413e-05,0.9998200601147125,2.056875567806821e-09,0.0001291336688113826
4,mlp,6692,4,4,1.2345457909127723e-05,3.91276508307162e-08,0.00026231102475258143,2.2063781956847706e-06,0.9993268541110101,3.075541054910318e-07,0.00039593634637603517
4,mlp,7938,6,6,0.0005053155190749661,3.836269858010055e-05,0.0011598839587832522,0.07410294618937593,0.001038009982013551,0.03747110274541644,0.8856843789067558
4,mlp,9254,6,6,0.0007636646302230849,5.788271232620323e-06,0.00020477899339368784,0.0005996279627266836,0.00033621806547885714,0.0044037671032289075,0.9936861549737162
4,mlp,8943,6,6,0.0014345226203339473,2.599766668522838e-05,0.0006462317211639793,0.004270949056315115,0.0007572036481900351,0.025607690094704906,0.9672574051926068
4,mlp,6304,4,4,1.13246596224571e-07,4.439420000679251e-11,2.264649020471619e-06,1.706607985500466e-08,0.9999412435965112,8.660122264814606e-09,5.635273727598498e-05
4,mlp,274,5,5,9.573386275192141e-08,9.735297569451637e-08,1.348326105311356e-06,0.0049598881945081,1.1682087270325848e-06,0.9948137026551565,0.0002236995286647581
4,mlp,13256,3,3,8.36558628219814e-06,1.530789633029623e-05,6.34318125684808e-05,0.8362706196566736,0.009111997419938733,0.00031509177165473917,0.15421518585655183
4,mlp,8906,6,6,0.0008167425891789616,3.753786318559773e-05,0.0012861770571521484,0.003919523487620724,0.0010370950416622416,0.0021839452436243586,0.990718978717576
4,mlp,12339,3,3,6.559534788773758e-07,3.3162537660320006e-06,2.0793446630900957e-05,0.9802288828077323,0.0008612340365597076,0.0024534272734628958,0.016431690228369277
4,mlp,4557,2,2,0.06578810578818199,0.0002901019854176635,0.9313420072685064,1.8815722229628712e-07,0.00043033412486908907,0.0021324904322865858,1.6772243516341292e-05
4,mlp,11589,3,3,4.279807245883847e-08,2.5622224590343427e-07,2.3518577409874226e-06,0.992408281823533,0.0005102577045659465,0.00012100477340656626,0.0069578048204349706
4,mlp,1702,5,5,8.541586773256424e-05,6.358155524270996e-06,0.0002938586042116306,0.0017347443343972888,1.9049263207149652e-05,0.9765715156817788,0.02128905809314827
4,mlp,9291,6,6,0.0005437096270031051,0.00017287098026075898,0.002550019457613475,0.0038038786325986992,0.00235302700398264,0.012400324496506679,0.9781761698020347
4,mlp,8549,6,6,4.805948053169524e-05,7.357311704261424e-06,0.00012310283289159558,0.036487820472760765,0.09469242793793875,6.96452258600186e-05,0.8685715867383129
4,mlp,3043,0,0,0.9999350855947048,5.400187161938882e-08,1.632040092855899e-05,1.3164884198392502e-08,4.77416885231627e-05,7.849206980754468e-07,2.2838939474013621e-10
4,mlp,12691,3,3,2.4180502049857615e-07,4.3724929079602525e-07,2.4866706367793195e-06,0.976352878890135,0.0020865938939020534,7.342612644611099e-05,0.021483935364568683
4,mlp,3078,0,0,0.8466883832728752,0.00011591444866195934,0.15265585474050733,1.0468039243399197e-07,0.0003467886336276153,0.00019287300570540916,8.121823024560718e-08
4,mlp,8909,6,6,0.0015601604723413903,3.042909791381257e-06,0.00150606035042356,0.0007214395546176586,0.005070441663561488,0.00018678643320125838,0.9909520686160633
4,mlp,12204,3,3,2.8354289636388155e-08,8.38671327829922e-08,7.68404541212695e-07,0.9947917112363052,0.0006500183184658493,3.128937287152313e-05,0.004526100446393968
4,mlp,6882,4,4,4.2517569233185166e-11,1.8292416239647118e-14,7.410537970373349e-11,7.531747237710643e-09,0.9999997687393065,3.650011825749645e-13,2.2361194003094005e-07
4,mlp,12777,3,3,1.804146666670888e-05,7.836126543896714e-06,0.0001266834195047478,0.7627096945015279,0.002333053137264295,0.003515311416250542,0.2312893799322419
4,mlp,2040,0,6,0.06212207229365717,3.6117932723413045e-05,0.00432605198811756,0.002303605083397496,0.0008381417446898135,0.007164691776538024,0.9232093191808766
4,mlp,10427,3,3,7.776067744700564e-11,4.989452815496401e-10,1.3387395756638666e-08,0.9996888310400489,5.319997119666825e-05,4.188958396500104e-06,0.00025376606625623004
4,mlp,1367,5,5,0.0006672098100192089,3.353134629927947e-06,0.00019778448803784178,0.0348802534497756,0.00011945927643350146,0.9146213553616661,0.04951058447943786
4,mlp,6731,4,4,5.532064385772951e-06,2.3990334465150048e-08,0.00015736792568344385,3.596626505172643e-06,0.9974360791213357,3.72416216153768e-07,0.0023970278555391932
4,mlp,3278,0,0,0.9968845806300777,0.001935195288659134,0.0001557377110514829,2.0914218006827713e-07,2.293449843838137e-05,0.0010013427231491247,6.444179670306149e-12
4,mlp,5545,4,4,4.229481919768041e-07,2.573782241633916e-06,5.442871964479048e-06,0.0978448720096672,0.8778240917287508,4.341077707120112e-06,0.024318255581476832
4,mlp,12383,3,3,4.175740993030404e-06,6.4960428184381196e-06,0.0001196516324119082,0.748068748737431,0.0004128773628417896,0.2109038078581435,0.040484242625360364
4,mlp,4712,2,2,0.0005411789911552652,1.6693655138201344e-06,0.9960772931863046,1.2803053452300165e-09,0.003378716742955514,3.991221464429875e-07,7.413116189788305e-07
4,mlp,2769,0,0,0.9969594424750647,8.137929978577948e-07,0.0019095853547171097,2.1363689136399475e-07,0.0011197145006444091,1.0127368010965224e-05,1.0287167358461566e-07
4,mlp,3649,1,1,4.122563196254087e-10,0.9999993992766005,1.639781270243899e-07,1.5030576891116476e-17,4.363325452369354e-07,4.707779782721117e-13,2.921089634790415e-28
4,mlp,10612,3,3,1.1654260092036287e-08,1.585120177773814e-08,1.3760201454061744e-07,0.9958674733173473,0.00034891133926836246,7.853734851991865e-06,0.003775596501056087
4,mlp,5452,2,0,0.6871031676755274,0.02383829160089464,0.2872931698084788,2.0567597692886612e-08,0.0015676595445786215,0.00019769074398145352,5.894138734083059e-11
4,mlp,10970,3,3,7.277842695744932e-09,5.287014964606974e-08,6.814568286175116e-07,0.9974212757784046,0.00021158122013461287,0.00010528982506472611,0.0022611115715751346
4,mlp,12003,3,3,2.271478240162504e-08,5.507932940673292e-08,6.849075031143849e-07,0.993960980776301,0.0006485157286289731,1.7359164852811792e-05,0.0053723816286024096
4,mlp,3039,0,0,0.5897238521894616,0.00031846952403874083,0.4092854004557452,1.3250818981973173e-07,0.00037549915745930195,0.0002958216189410877,8.245461642372472e-07
4,mlp,11920,3,3,1.785666768149023e-08,2.7710234410727993e-08,4.379740242012558e-07,0.9921430634135167,0.0006457981409417425,1.1997994420780689e-05,0.007198656910194677
4,mlp,10925,3,3,9.759327178388103e-09,5.010441205979677e-09,4.420363323591604e-08,0.991605877530459,0.0028578540512073634,6.896368282300344e-07,0.005535519808103933
4,mlp,6044,4,4,4.743110436380711e-09,6.763776997668506e-12,3.3719768873349024e-09,1.3994121854281452e-06,0.999957255640869,1.5672776490026366e-10,4.133666836687221e-05
4,mlp,7642,6,3,1.1576607801212782e-05,8.551535177304147e-06,0.00019226757585702874,0.8434250431092946,0.0024171206458142394,0.002306586160154976,0.15163885436590047
4,mlp,5027,2,2,0.0011423953482520845,2.5388492177467297e-06,0.9785435517567326,3.6079907810638765e-09,0.020310854022506618,1.856705074352973e-07,4.7074479292361003e-07
4,mlp,6641,4,4,7.027154316384626e-09,6.899693408286333e-13,5.860570909914942e-09,1.4812793672664984e-07,0.9999900638592001,4.5375629290243227e-11,9.77507907231057e-06
4,mlp,12075,3,3,3.192162170932973e-07,1.0387341917821402e-06,8.169598994007602e-06,0.9700548677528503,0.0010681177090136613,0.0001904153280955946,0.028677071660637352
4,mlp,8184,6,6,0.0002295881859671889,4.795653941491853e-06,0.00023585270811582817,0.0054047145555346805,0.0012354776393244983,0.0001534759976798127,0.9927360952594364
4,mlp,7832,6,3,0.00016178463159276582,0.00015335973295524445,0.0008196485054151493,0.5218150464820908,0.005687401184082904,0.025031923675884252,0.4463308357879789
4,mlp,700,5,5,4.2433489431471655e-08,1.5616461776023158e-08,3.258362768067777e-07,0.00018731967200162435,8.348679499973247e-08,0.9997871997553917,2.5013199583585714e-05
4,mlp,10471,3,3,1.755303221324023e-10,1.0582418417666193e-09,1.9931594040842776e-08,0.9995141423005377,0.00012549262587247914,9.472986175278458e-07,0.00035939660960611987
4,mlp,12825,3,3,3.6879659899111714e-06,4.332852384824954e-06,4.909549363258455e-05,0.8968886334257397,0.002506512598688466,0.0006356588472793673,0.09991207881628529
4,mlp,8730,6,6,7.964742272028466e-05,1.3643174882122411e-05,0.00044050091664617756,0.0063714275324744185,0.024217875467035056,0.00011716499485442366,0.9687597404913875
4,mlp,9276,6,6,0.0020383940220970753,0.00015286618335101271,0.0035433929109883705,0.002092214269744619,0.0009352213330515829,0.016553542111992416,0.9746843691687749
4,mlp,9954,6,6,0.06369750639601518,0.0002009097560456898,0.10749814494548822,5.501105786267671e-05,0.0014967095256908987,0.025124672527626925,0.8019270457912705
4,mlp,1176,5,5,8.147687920418099e-08,2.065457766162094e-08,3.424797667673274e-07,0.00013773215128505426,7.44700572419402e-08,0.9998359967505034,2.5752016930730262e-05
4,mlp,7967,6,6,7.319406395140594e-05,3.879250401126128e-06,0.0002177266715724993,0.017390493303081157,0.0007256853444550433,0.0001707192724689153,0.9814183020940699
4,mlp,10496,3,3,6.408176830043151e-11,3.877450569848978e-10,1.2075412678581559e-08,0.9997501158424089,6.163332418607201e-05,2.1502391824648794e-06,0.00018608806698305728
4,mlp,5986,4,4,1.7450095000880977e-06,3.897024370408709e-09,1.219770776996452e-06,0.00016240709320079384,0.9900710567506754,1.1377375700512503e-07,0.009763453705065466
4,mlp,10208,3,3,1.8795252814771137e-10,6.867194498684171e-10,1.6728851962509322e-08,0.999794042573867,2.1624475272789455e-05,7.211044540925952e-05,0.00011220490192711849
4,mlp,5117,2,2,0.00013605807631512955,1.765147827633862e-06,0.9996233468430135,5.157497788139639e-11,0.00023866893700902182,1.2645789157811344e-07,3.448636819655076e-08
4,mlp,8191,6,6,4.991457044647853e-05,4.878826558873813e-06,5.359106718566379e-05,0.07335548480130002,0.03640301595462715,8.259301716138441e-05,0.8900505217627205
4,mlp,9054,6,5,0.001234349757311871,7.586196222160827e-05,0.003177029300048824,0.011436169367649608,0.0006200203796394739,0.587102104764874,0.39635446446825456
4,mlp,5467,2,2,8.914937155356002e-05,0.0002512789991220856,0.9993919020898432,4.6834450179228246e-11,0.00026741067358940847,2.586772474783445e-07,1.4180968153598134e-10
4,mlp,5882,4,4,0.3543981812854252,1.5169172982166413e-08,5.2080162508484376e-06,0.001183775355299867,0.5807613110956815,0.0161812051479412,0.04747030393022836
4,mlp,10677,3,3,2.6870027592638366e-10,1.7980476258458011e-09,5.3257521268401106e-08,0.9996393051519543,7.007917412649182e-05,1.0813924422454246e-05,0.00027974642522743723
4,mlp,12652,3,3,6.369282341051812e-07,7.303970841638159e-07,7.037495405308388e-06,0.9522276884312924,0.0015511504687213463,0.0003267237454054497,0.04588603253385732
4,mlp,11346,3,3,3.66839370042651e-08,4.949661287882784e-08,5.722533919133624e-07,0.9853134445320275,0.0015688238093669107,3.997264448860686e-06,0.013113075960214778
4,mlp,12649,3,3,1.6144796855332552e-06,1.874509794199141e-06,1.4016301351286067e-05,0.9178251854446852,0.01032789336138313,2.9782584319969638e-05,0.07179963331878059
4,mlp,4622,2,2,0.011504462211770422,3.067368951424706e-05,0.9872770643202449,3.4513186320542605e-08,0.0011733392984513453,1.2853421746746905e-05,1.5725450860216949e-06
4,mlp,10323,3,3,3.8375343262091706e-11,5.992150791383849e-10,1.3710021718325087e-08,0.9998911482382161,2.7640496955591464e-05,2.1151802285129642e-05,6.004511493116705e-05
4,mlp,705,5,5,0.0001011001284589042,1.927106706500751e-09,3.549241115893937e-07,0.0005379819866527349,2.0564044165741485e-07,0.999352183476399,8.171916829598808e-06
4,mlp,2824,0,0,0.805641823429793,0.00012139856053695543,0.19325418798678462,3.872434246550393e-07,0.0002472539122416323,0.0007331972342141229,1.751633005134874e-06
4,mlp,7276,4,4,4.234315669721073e-05,3.1757115070905737e-09,0.00032202330486517266,2.3601860764189456e-07,0.9996258285414406,8.287413966008481e-08,9.482928538203324e-06
4,mlp,5252,2,2,0.0030754412909724314,0.00015759368661987666,0.996496641030058,1.285278046173534e-09,0.0002542430373994759,1.605918491264931e-05,2.048475961793454e-08
4,mlp,4448,2,2,0.00031247233524720294,5.870007739821905e-06,0.9991479916134842,1.010323585981901e-09,0.0005280784497557122,1.2049300280289454e-06,4.381653421283635e-06
4,mlp,9905,6,6,0.014753293879358127,3.99159878956225e-06,0.004527406367336465,0.00031675241564021713,0.047155000322045705,0.0007654454783720356,0.9324781099384578
4,mlp,7870,6,6,0.00021980723747460474,9.909843185467976e-05,0.0008224604378038839,0.3525967828467505,0.004899503343515974,0.014117198198105401,0.6272451495044951
4,mlp,11096,3,3,7.071869306228987e-09,4.718720926653363e-08,4.870986785455472e-07,0.9966745936928253,0.00038427176122875055,1.535215299854138e-05,0.0029252410351905222
4,mlp,3087,0,0,0.9986000616191234,0.0007855478517783066,0.0002317202992684239,4.065687497829463e-07,7.970149672383782e-05,0.00030256100885760044,1.1554984168623929e-09
4,mlp,4391,2,2,0.00034379282554111544,2.7753504907207787e-07,0.99788293877098,3.201138364814569e-10,0.001768118436645127,5.637107180992081e-07,4.308400952806137e-06
4,mlp,2216,0,0,0.9997845453790845,7.335279608185106e-10,7.072242734843148e-10,1.2657591972594324e-05,8.449193736966727e-05,0.0001163954567739897,1.9081940471810833e-06
4,mlp,8668,6,6,0.0006809507808007,0.00014360824369664572,0.0011596538413802561,0.043018722685285116,0.0026470917113600684,0.07679818173759494,0.8755517909998823
4,mlp,12735,3,3,5.361379827618553e-06,8.503114628335525e-06,8.165967511239722e-05,0.8936321231933418,0.0018655512979521638,0.0030878318717792075,0.10131896946735845
4,mlp,3052,0,0,0.9998121007840147,9.320466014073993e-07,7.835078011968733e-05,3.5053766286697534e-08,0.00010673434179086166,1.8459449086856844e-06,1.0487984452883127e-09
4,mlp,74,5,5,2.1900003238132198e-08,3.478056780663971e-08,3.1928573174353666e-07,0.005253221867199203,5.414403034803151e-07,0.9946848426313123,6.1018094882382554e-05
4,mlp,1656,5,5,0.00041213332047819435,2.4220034600127547e-06,0.0002532437726510817,0.000827585134233745,1.1918241832858013e-05,0.9910012030291612,0.007491494498182897
4,mlp,1343,5,5,4.3837115475878554e-07,7.131655669602722e-08,1.870865758709514e-06,0.00022244201783027,2.8021420041467555e-07,0.9996640880442493,0.00011080917024988716
4,mlp,6685,4,4,8.662737134730098e-06,1.587571645119605e-08,6.69962339957397e-05,1.7638853691834124e-06,0.9998452145452661,1.2287396616030797e-07,7.722384855160584e-05
4,mlp,2170,0,0,0.9985779761453245,2.885289858962396e-07,0.00024019616897730307,4.3377776522316026e-06,0.0004963098879930832,0.00045218808012367187,0.00022870341094357642
4,mlp,8355,6,6,0.0004388150091627401,3.0314810501871013e-05,0.0005892814630919014,0.05911350579070846,0.004993004766307558,0.0007636585838713615,0.934071419576356
4,mlp,5961,4,4,7.127870243791098e-08,7.707821439176501e-12,1.6085993259637473e-08,6.473277661664635e-06,0.9999205639290921,5.968925810397592e-10,7.287482395001047e-05
4,mlp,339,5,5,2.5077414400439214e-07,1.6807409480590047e-07,2.4539985595645658e-06,0.005569358395551018,1.868131047132465e-06,0.9940315474206223,0.00039435320598139124
4,mlp,2669,0,0,0.9999879345582829,6.874017693767944e-08,1.348501648391552e-08,1.9141874361232377e-07,1.032994474620455e-06,1.0758312310695533e-05,4.909949434333137e-10
4,mlp,4163,2,2,0.3420983978155926,1.2943220817707543e-05,0.6492841609703908,3.391049721276824e-08,0.008426993358529032,0.00017181119812537625,5.659526047161981e-06
4,mlp,11694,3,3,5.2170880752390647e-08,1.9333984709291828e-07,3.0938494503515826e-06,0.9926659494460255,0.0003992171148047763,0.0002943731525131361,0.006637120926478366
4,mlp,688,5,5,1.3546733342727175e-06,2.148656593580031e-07,4.367765147188036e-06,0.002690482735398477,2.11462426602876e-06,0.9967687387862102,0.0005327265499845017
4,mlp,11101,3,3,3.5527468905930043e-09,2.389713806516816e-08,3.663619953679359e-07,0.998367066221588,0.0002444318268589912,2.167114704114006e-05,0.001366436992631617
4,mlp,11387,3,3,1.343927556875995e-08,3.218446996675218e-08,3.910999142734964e-07,0.9932813780145439,0.0005394281047927807,4.2743144895194085e-06,0.006174482842513852
4,mlp,5015,2,2,1.150186947459211e-05,5.173960989867158e-07,0.9997044231180992,1.4584490174337765e-12,0.00028341296031303014,4.143979196789239e-08,1.0321476391933482e-07
4,mlp,8557,6,6,0.000548929255832763,1.7369147497938413e-06,0.00014098482125324738,0.0036257656149021426,0.001871669756280606,0.0005038762171358351,0.9933070374198456
4,mlp,467,5,5,6.7384757655618e-10,1.2211219046574784e-11,1.4167039742105207e-09,2.770023028129793e-06,2.4151141826164933e-10,0.9999971493736265,7.825907095795619e-08
4,mlp,4194,2,2,0.12409053291362983,1.217936953395723e-05,0.8597675110490647,6.291514953907736e-07,0.01585487207424463,3.9619260159062446e-05,0.00023465618187253987
4,mlp,13158,3,3,4.780870739221052e-07,1.4812436242399915e-06,2.6899562742000413e-06,0.9425246456835201,0.015457667898180706,7.754563496156952e-05,0.04193549149636512
4,mlp,8239,6,6,0.00015389013687105803,1.0543689088922767e-06,5.3128493444892514e-05,0.01026442185209125,0.0007670650223627173,0.00034395552337372317,0.9884164846029476
4,mlp,7770,6,6,0.0005219266874911159,1.3058833329326945e-05,0.00045182233715546674,0.1973028080783321,0.0020020301775807775,0.023338813747299417,0.7763695401388118
4,mlp,13351,3,3,2.8699913473505917e-05,8.000298346444412e-06,0.00013389881079063854,0.6492105462682924,0.00436874141518293,0.0011181742712746449,0.3451319390226394
4,mlp,9316,6,6,0.001859030109952096,3.456835145915939e-05,0.0010691623317143162,0.0017342537101046904,0.000612334371454857,0.030776324819184287,0.9639143263061306
4,mlp,454,5,5,1.995660430575956e-08,3.297473903610195e-08,4.1779192995860613e-07,0.0006869450627222592,1.8892072330595045e-07,0.9992781084784695,3.428681481152374e-05
4,mlp,9732,6,6,0.018277263569366042,0.00012542147692866173,0.01393316403503345,0.0004192045446750099,0.0005747538763047248,0.04551192794885933,0.9211582645488329
4,mlp,2047,0,5,0.003945089553304529,0.00010774127439648487,0.010966112919506693,0.0012183374857746405,0.0002048203649622705,0.5354946336418078,0.44806326476024755
4,mlp,12892,3,3,1.353736563687674e-06,2.1246259491530376e-06,2.6171927046290564e-05,0.954388706644197,0.0013204410663475868,0.0011986621030640242,0.043062539896832355
4,mlp,8901,6,6,0.0001772723169398433,2.4113184060063223e-05,0.0006054755726637464,0.005945573049563451,0.0017062250049051438,0.0003752790222691042,0.9911660618495987
4,mlp,13127,3,3,1.373392727513309e-05,1.2428838124702983e-05,0.00019912292330521926,0.8290976512042357,0.0009577807987122559,0.0805517634817115,0.08916751882663541
4,mlp,9426,6,6,0.0027543251924294423,2.6363335639922554e-06,0.00024168041167780153,0.0007511403536663344,0.001699890838258312,0.0005677284214804267,0.9939825984489236
4,mlp,5387,2,2,0.000167700657978716,2.721985585517328e-05,0.998892332410944,2.011827922055112e-10,0.0009125700360646193,1.75843473310611e-07,9.945014154447552e-10
4,mlp,6587,4,4,1.0922533033580654e-06,1.4374341900511194e-08,1.1137026629063255e-05,2.934467790218619e-06,0.9999120433395267,9.490853702768594e-08,7.268362987156156e-05
4,mlp,4297,2,2,0.004428164316921376,4.841648190924805e-05,0.9951847324047606,4.6740613444181094e-08,0.00026269404286810035,2.720946987513622e-05,4.873654305236282e-05
4,mlp,4842,2,2,0.06555457922183193,0.00022606340716481706,0.9337477744591722,3.1856350729685714e-08,0.0001704091803218231,0.00029941322968513745,1.7286454735024307e-06
4,mlp,6356,4,4,9.682903818082223e-08,1.1897567284362085e-10,1.434368145048589e-07,3.508438795612385e-06,0.9994992020775868,3.600567941821767e-09,0.0004970454982213437
4,mlp,7541,6,6,1.2951906509677006e-05,4.802956048362786e-07,1.9085228826833995e-05,0.19366984675353408,0.0019079661469245872,0.0001286905596912964,0.8042609791089088
4,mlp,11743,3,3,1.3607818547952316e-07,1.719313025351835e-07,2.621720446468058e-06,0.9788112224978447,0.0007393294729862976,6.517789524069778e-05,0.02038134040399387
4,mlp,2430,0,0,0.9986849740191058,1.4502566408462123e-07,0.0007317437795062568,8.800238656535161e-07,0.0005508643147921484,2.9318860630740664e-05,2.0739764352058503e-06
4,mlp,1726,5,5,0.031281478964475175,3.009931337766173e-08,5.7275081619903284e-08,0.016709184542076753,0.0005789167046727574,0.9416787135681265,0.00975161884625392
4,mlp,2668,0,2,0.4333602775943176,2.5524463036491008e-05,0.5658881570723772,1.539032297034151e-07,0.0002584507084639224,0.0004272446722918993,4.0191586283164095e-05
4,mlp,325,5,5,3.744965789589304e-08,2.7991363116058693e-08,2.8634619247973217e-07,0.0009366138780669327,2.2197726118370583e-07,0.9990256887784916,3.7123578966855405e-05
4,mlp,10976,3,3,1.08774828848738e-09,1.0320113324912176e-08,2.0538791493047998e-07,0.9994382916023526,8.366413937717319e-05,8.464191247933885e-05,0.0003931855500141649
4,mlp,9977,6,4,0.07056486145869593,4.2956931288374435e-07,0.012566605686200927,0.00014138119593008397,0.846106341655322,7.41309482156013e-05,0.07054624948632257
4,mlp,12747,3,3,3.0732731529940894e-05,1.0213817637541223e-05,0.00018115773086463445,0.6729432009953946,0.001928799550577376,0.011035979415367983,0.3138699157586278
4,mlp,11073,3,3,4.191858899240911e-09,2.9036647761258987e-08,5.639236798314509e-07,0.9974627947738968,8.015923499787365e-05,0.0012806039717292931,0.0011758448671895978
4,mlp,1320,5,5,2.119228369055589e-06,3.718357789121753e-07,9.222941635912909e-06,0.0010747304073106976,1.993680662311293e-06,0.9980828949122447,0.0008286669939986167
4,mlp,3199,0,0,0.999830308124925,9.256506549008421e-07,0.0001473612834584575,9.441109764514723e-09,1.908145325260057e-05,2.3139436486817886e-06,1.0295065755305651e-10
4,mlp,13164,3,3,4.7880182939674615e-05,2.0934472879124696e-05,0.00037857095885226376,0.6498642765099449,0.001838797235429398,0.03537347815642609,0.3124760624835284
4,mlp,3065,0,0,0.5222246977497986,1.9433998028957636e-05,0.4018634883351335,2.9661890505382155e-07,0.07587645727424303,1.5433318800709084e-05,1.9270509029757897e-07
4,mlp,2482,0,0,0.9820675048038471,4.584861206820302e-06,0.017373077068139443,3.993760793430376e-07,3.8108011250977656e-05,0.0005117454336805183,4.580445795773149e-06
4,mlp,3739,1,1,1.3326952664175815e-10,0.9999999713535642,2.6889773961667656e-09,1.814981787265039e-18,2.5824089250187273e-08,9.955037340639296e-14,2.7910640282021893e-31
4,mlp,5188,2,2,5.522850733314617e-05,2.417257449040291e-06,0.9956957360784822,2.2210618386934312e-10,0.004246539331971875,6.672830516370593e-08,1.1874352510551576e-08
4,mlp,2986,0,0,0.9988711772077697,8.392334381158047e-08,2.812466516573456e-06,4.293335369583415e-08,0.0011246793573986042,1.2030690326828596e-06,1.0425850984271577e-09
4,mlp,11979,3,3,9.184268685676473e-08,1.1420567606581887e-07,1.883765033216876e-06,0.9795987884134127,0.0008161386639652842,6.837699156034349e-05,0.019514606117665503
4,mlp,5946,4,4,1.460219662997119e-07,1.505372117125626e-08,5.332752973677692e-06,3.3871831534485384e-06,0.9997957202501829,4.206396982469806e-08,0.00019535667403258953
4,mlp,12472,3,3,2.445343232536511e-06,3.818895101042167e-06,5.3155321534908875e-05,0.9350971746494993,0.0010215753964057223,0.0081975781849608,0.05562425220926569
4,mlp,4267,2,2,0.00273649576803591,8.329333788795799e-06,0.9968543867018259,2.9263237727373647e-08,0.00024580003726450134,2.1655315453104836e-05,0.00013330358039389541
4,mlp,400,5,5,1.4883901625998278e-05,8.187300384127729e-07,2.1074101592568232e-05,0.019418607404730507,1.4437772784651565e-05,0.9767481041106653,0.003782073978562642
4,mlp,593,5,5,5.998795550730674e-07,3.490203431052898e-07,5.922990924458276e-06,0.003723376951854093,2.3219639621663525e-06,0.995584916855564,0.0006825123377971761
4,mlp,3826,1,1,2.9155081800332718e-12,0.9999999939600837,1.6706461859081603e-10,1.944279511815557e-20,5.8699348015095886e-09,1.6531114131436942e-15,5.61920609456298e-35
4,mlp,3047,0,0,0.999911373041752,5.950475549884633e-06,3.391179842025597e-05,7.961160014465674e-08,4.2921151634035614e-05,5.76297828142586e-06,9.42762156369093e-10
4,mlp,11124,3,3,2.033191899728883e-08,1.649497646518629e-08,3.03457390654857e-07,0.988010357068779,0.0004432484795219035,7.488118948654747e-06,0.011538566048464498
4,mlp,9595,6,6,0.00048063385371888216,2.0847308152269288e-05,0.007166645939577635,9.181103470037593e-05,0.0011292232254078135,0.0008601292518338237,0.9902507093866091
4,mlp,6926,4,4,4.3019177067685665e-08,4.977133425219937e-12,9.747745352245966e-08,6.382616860524397e-08,0.9999576714821293,2.6639379873529804e-10,4.212392370060482e-05
4,mlp,8594,6,6,0.0005022804729130537,8.708931731633259e-06,0.000364912977951676,0.0015199496476737302,0.0009455417551796982,0.0004085103724851658,0.996250095842065
4,mlp,11516,3,3,1.0621383522360227e-09,5.26664020556318e-09,5.9399986371360583e-08,0.9990506853501484,0.0002259897754657961,5.229583805332066e-06,0.0007180295618154231
4,mlp,11819,3,3,1.6706694599860138e-08,1.0284086316352934e-07,7.07837435084042e-07,0.9956574156667162,0.0009417959765768894,9.234521993331958e-06,0.0033907264497208705
4,mlp,9546,6,6,0.004500857757127133,1.4062983973661575e-05,0.0012648875838878434,0.0002872287922408913,0.0002670006226961637,0.012943093942706386,0.9807228683173678
4,mlp,614,5,5,1.199366644742202e-05,6.961543877884109e-07,2.140107712088209e-05,0.01068445765914255,1.0650967410441805e-05,0.9852136552332622,0.0040571452422287655
4,mlp,12597,3,5,2.0988745133289458e-06,2.224423740158444e-06,3.177915464336638e-05,0.09734740043577113,3.959247285428249e-05,0.8960212903971955,0.006555614241282396
4,mlp,5934,4,4,2.763805376246276e-08,8.814697699117092e-12,8.210156197149794e-09,9.208076816482763e-06,0.9999455655755207,3.6116457161663984e-10,4.51901294736483e-05
4,mlp,10019,3,3,7.019614441344789e-13,3.6319895612039957e-12,8.256595446584427e-11,0.9999477664674722,2.7072455119825993e-05,2.7611870746946102e-08,2.5133378637332068e-05
4,mlp,11929,3,3,2.1825408156468917e-07,1.1151350906103124e-06,8.538893793611497e-06,0.9786620851925347,0.0008327723635291283,0.00043835256892967646,0.020056917592040733
4,mlp,10644,3,3,1.0033123635875382e-10,1.080087878309208e-09,2.1786357413829072e-08,0.9997662744769474,5.3276571045748925e-05,1.2319871644130133e-05,0.00016810611358632617
4,mlp,12921,3,3,9.247982175964665e-06,1.3313465965439559e-05,0.00010652224066431531,0.8878740256560657,0.002401723895949504,0.004478039999709258,0.10511712675946995
4,mlp,6625,4,4,6.207679070665704e-07,7.824603415585488e-10,1.0468084297730057e-06,7.94043236744408e-06,0.9966447795087995,3.26284743520569e-08,0.0033455790715613875
4,mlp,1778,5,5,0.0003921415815947646,3.9542735679746985e-06,0.00039127820778058647,0.001131541559653021,2.1914856746975295e-05,0.9730277296965313,0.025031439824125357
4,mlp,13073,3,3,4.574853362672923e-06,5.4795199480637195e-06,6.64495825444011e-05,0.8896476624375393,0.0031591984912785736,0.0004090617781214585,0.10670757333720549
4,mlp,966,5,5,1.6070938832308565e-08,1.187228577270405e-08,2.2629960674180227e-07,8.395993011335526e-05,3.824541158821608e-08,0.9999052540109115,1.049357073225679e-05
4,mlp,6362,4,4,1.917414894311192e-07,9.114668653062481e-11,1.5490028195574383e-07,4.282982202731506e-06,0.9987650528672274,4.243613846291732e-09,0.001230313174037937
4,mlp,5899,4,4,5.3233398328769114e-08,1.8339804470613741e-09,3.900345381540622e-07,2.5362464970417307e-05,0.9996827880792193,9.605945047379894e-09,0.0002913947479481155
4,mlp,10108,3,3,1.0060233981216834e-12,1.0779432575657087e-11,7.747059698737954e-11,0.9993601053345175,0.0006050844794921237,7.370918580317222e-09,3.480272581550477e-05
4,mlp,691,5,5,4.6204828542950474e-07,2.2532291212179874e-07,3.5041082217538666e-06,0.0027107840315272035,1.6026639470933855e-06,0.9967799464745084,0.0005034753505979885
4,mlp,2048,0,6,0.004036405504248965,9.002327685820511e-06,0.002779453693456716,0.00024235180079877134,0.00029675328005475843,0.0008082428472864391,0.9918277905464685
4,mlp,2091,0,0,0.9931697085166717,1.3590021414013433e-06,0.00016605988141577422,8.835331626885056e-05,3.526812214575205e-05,0.0059852041794638666,0.0005540469818930156
4,mlp,9750,6,6,0.0065517844792344826,6.803922442780416e-05,0.004937975955573529,0.00010993855651329506,0.000145371888459348,0.010724575046795715,0.9774623148489957
4,mlp,4621,2,2,0.0012454267724451773,1.3225562676547786e-06,0.9977420695161826,1.7635889066160482e-10,0.0010093384279030255,1.4513354191693389e-06,3.9121542334207023e-07
4,mlp,322,5,5,4.240391362601189e-07,9.277452762705853e-07,7.871734753182826e-06,0.02576420358863051,7.749222929771522e-06,0.9731722763312854,0.0010465473379885617
4,mlp,6824,4,4,2.5536838547847463e-06,1.8191105152705477e-09,1.7586936095293793e-05,3.3224577244841936e-06,0.9980599562263093,7.156090925171555e-08,0.0019165073159964274
4,mlp,2818,0,0,0.9999755090415385,1.4383822918209465e-06,2.8944584120371122e-06,1.468988808827851e-07,8.344108234678302e-06,1.1664253726352696e-05,2.8569157874088784e-09
4,mlp,6321,4,4,2.837247462524302e-05,5.7090230588027435e-09,2.226035578677505e-05,5.4034331873295634e-05,0.9674521910428407,5.783985880831768e-07,0.0324425576872629
4,mlp,13374,3,3,6.908825438013401e-05,7.178739248437808e-05,0.0005539263903697807,0.7567040803183148,0.0037188928362957997,0.016566120276405426,0.22231610453174974
4,mlp,1767,5,5,1.1048951601878478e-05,4.067175128329326e-07,2.5179603172632216e-05,0.00010938811746819442,8.901683661584804e-07,0.9993857544563263,0.0004673319855520149
4,mlp,12000,3,3,1.0454783250734847e-07,2.8551111690343326e-07,6.251527573264804e-06,0.9870039758154171,0.00021871941764744162,0.006063303738640685,0.006707359441772027
4,mlp,9749,6,6,0.0034636318841494884,6.556948496500213e-06,0.0008656867083923,7.106055337496255e-05,0.0005158842319607278,0.0010917948797084126,0.9939853847939176
4,mlp,8657,6,6,0.0023719081915826983,4.443403085579907e-05,0.0026935583629721996,0.01112927237950715,0.0005617816416758959,0.05822060757753576,0.9249784378158704
4,mlp,13523,3,3,0.000286442235156374,0.0003898565112975697,0.0016478508261109867,0.4768999228567482,0.007763022892805453,0.07041613734212146,0.44259676733575987
4,mlp,9021,6,6,0.0002555873091939352,1.5669849648539014e-05,0.0006908536296015661,0.00274789828063008,0.009048686835197379,0.0002825438544612743,0.9869587602412673
4,mlp,13293,3,3,2.7051198992154876e-05,4.0087129171425364e-05,0.00028104096518458496,0.8624101974555991,0.0030397701576703215,0.010864702785627555,0.12333715030775473
4,mlp,820,5,5,9.822022110616712e-07,3.6053012446367334e-08,1.3574057413959704e-06,0.0005257607193350969,3.8508404536394106e-07,0.9993418825109142,0.00012959602474058794
4,mlp,9814,6,6,0.0007833250772292028,9.640512848871029e-06,0.009501200319118623,3.0547957298731094e-05,0.007783117136310269,0.0001646581642996782,0.9817275108328947
4,mlp,1648,5,5,2.633312736883505e-06,3.527944925152922e-07,1.1132184351556372e-05,0.00021002867923395209,7.775967596165928e-07,0.9993654214587069,0.00040965397371870544
4,mlp,6604,4,4,1.8984987893965657e-08,1.8474451424189724e-11,2.6202204866920693e-08,1.1410308425831022e-06,0.9998656152020985,6.482050330695548e-10,0.00013319791318692982
4,mlp,5794,4,4,4.340940811872095e-08,5.293527639588145e-10,7.159774757216264e-08,1.3472774381894421e-05,0.9999793094581255,1.1686999732693189e-09,7.101062284057806e-06
4,mlp,4757,2,2,0.0040425685690594305,1.0584721134955077e-05,0.9956820919649942,6.921364232294196e-09,0.000256768725703887,6.218236446189889e-06,1.760861296757309e-06
4,mlp,10868,3,3,1.8484701783482723e-08,3.2399079484472286e-08,6.703280252303731e-07,0.9972354940175275,0.0001234163162493854,0.0006382754231388554,0.0020020930312774454
4,mlp,11626,3,3,4.7607040638146864e-08,5.710704806926459e-07,4.7916281826721655e-06,0.9858541960819519,0.00016681234850411767,0.012219425326463213,0.0017541559373769843
4,mlp,4213,2,2,0.00048006715048577617,1.956669648674207e-06,0.9892831561463381,2.535563193832712e-08,0.010098904529484356,3.928964074611405e-06,0.0001319611843365764
4,mlp,8123,6,6,3.555684439862296e-05,4.6325331124934974e-06,3.422425741255511e-05,0.20846709582772574,0.03403368366795605,0.00020103066896433807,0.7572237762004301
4,mlp,3724,1,1,7.451304183654446e-10,0.999999988707689,2.1655087206597464e-09,1.964441710428366e-17,8.37969971660346e-09,1.9722225012850732e-12,1.098708013892962e-31
4,mlp,3827,1,1,4.774932463883473e-12,0.9999999982263335,2.801228949364408e-10,4.071663419060924e-20,1.4887527854696055e-09,1.5910953885016812e-14,7.372695173368244e-36
4,mlp,13542,3,6,0.00017901449924594934,7.758715041650132e-05,0.0006388171991511245,0.15747093950167995,0.006994729105014379,0.0018500116322522806,0.8327889009122398
4,mlp,461,5,5,1.6894868793644274e-09,9.58997739782281e-10,2.0192316535459042e-08,4.974672694839531e-05,8.051798241768626e-09,0.999948125810483,2.096569969400674e-06
4,mlp,2883,0,2,0.22698183877048098,0.0005128150501343607,0.7715063504677283,2.642207172999139e-07,0.0007188774730569395,0.0002677562491423328,1.2097768739653724e-05
4,mlp,3374,1,1,7.917157877217415e-06,0.9659821391203609,0.03176116455856293,1.2747183649528971e-14,0.0022487770055888948,2.157597232267085e-09,4.966134070052457e-18
4,mlp,12933,3,3,8.843757843076884e-06,1.0259469838755295e-05,8.494075087250034e-05,0.8452582380279888,0.003209068897076051,0.001188184877481984,0.15024046421889875
4,mlp,2289,0,0,0.9430265530888057,3.7562009581032203e-06,0.05522570292986194,2.7905861633294635e-06,0.0008967889755012334,0.0002903520412467416,0.0005540561774629562
4,mlp,48,5,5,5.447616461105976e-07,5.175203636235109e-09,1.5397597509096823e-07,0.0025161917539539987,3.3363010013083747e-07,0.9974535177791735,2.9252923947734823e-05
4,mlp,9050,6,6,0.00020826221466580555,4.272519840204134e-06,0.00041357003121376474,0.0011842676845799734,0.004484522756216004,8.171081589409254e-05,0.99362339397759
4,mlp,5751,4,4,8.861220949324237e-07,5.1401882013424865e-08,4.390430244184401e-06,0.000693562227245019,0.9854422496664265,4.5863507666947993e-07,0.013858401517030881
4,mlp,10039,3,3,1.9088242691605843e-12,2.880158145025332e-11,1.274406446922944e-09,0.999969177204679,1.8889996630169744e-05,3.000933656581124e-07,1.1631400208319959e-05
4,mlp,3618,1,1,4.155029555238044e-09,0.9999997627974023,8.677989453886611e-08,5.0310002385504935e-17,1.4626173859607436e-07,5.935078965995659e-12,1.8147311649345708e-28
4,mlp,4812,2,2,0.0001099290912606774,1.295250781829458e-06,0.9994585249674341,1.5423693016238344e-10,0.00042965916614937994,2.0782802795565446e-07,3.8354210899474324e-07
4,mlp,7509,6,3,3.453831898718648e-05,1.732352663096197e-05,0.00024032961096119763,0.5947102499754833,0.0029770382469136505,0.00403432826804222,0.39798619205298147
4,mlp,11846,3,3,7.411172583057664e-08,4.149995874330878e-07,5.330610916736898e-06,0.9930612192036663,0.0002749818503456958,0.0027568960296477595,0.0039010831941102726
4,mlp,1102,5,5,6.385624878634874e-07,3.742559874878004e-07,6.419712743376344e-06,0.0011991677906961604,1.5089819399757761e-06,0.9984641417546382,0.0003277489415070937
4,mlp,3210,0,0,0.989631554364988,0.0063551387010966215,0.0032592225671393775,3.008346067254833e-07,0.00045204999449383304,0.0003017316987420822,1.838933401407104e-09
4,mlp,6052,4,4,3.824631442368589e-06,4.380105238146474e-08,0.0002476899195874495,2.8616050380726734e-06,0.9974626808510924,7.237045285298293e-07,0.0022821754872587633
4,mlp,7235,4,4,1.04747536930661e-06,5.651257194077761e-10,4.6935749363296076e-05,6.558377874082825e-08,0.9999151891413787,1.0010603892369969e-08,3.6751474380240975e-05
4,mlp,6582,4,4,5.865138878459503e-06,1.361092042410494e-08,0.0013258866896198851,1.192466326465805e-07,0.9975787985005461,3.9916143533155315e-07,0.0010889176519671621
4,mlp,8180,6,6,0.00015282264996368928,4.525159375551727e-05,0.0005494576484801533,0.12170830632101413,0.004995657579173957,0.0011645669350881203,0.8713839372725244
4,mlp,6677,4,4,9.226581994378606e-05,2.2840369522032202e-08,0.00047815771183787754,1.3240008633969442e-05,0.9600062432382166,2.157712164802203e-06,0.03940791266883336
4,mlp,10286,3,3,4.281589024122705e-11,7.666477131412859e-10,1.6985605791892066e-08,0.9998906327189064,2.6473926933452373e-05,3.1161334036198985e-05,5.171422505443627e-05
4,mlp,9117,6,6,0.001307895046378404,1.4738120119209281e-05,0.000980966378930221,0.001661134752236633,0.0002642175420451794,0.03279564780512334,0.9629754003551669
4,mlp,11079,3,3,5.857603292631026e-10,1.618855047738981e-09,2.720588077192366e-08,0.9985265825191154,0.00025081639868320934,2.126032988713036e-06,0.0012204456387165732
4,mlp,4451,2,2,0.0003678706130246126,6.65565519605379e-07,0.9574703866459048,8.57909602421357e-09,0.04215227130793253,6.708658705164212e-07,8.126422651828505e-06
4,mlp,851,5,5,2.7330067992347566e-06,3.782756701926101e-08,1.1234380247149684e-06,0.0020005612070448184,1.7106781413419222e-06,0.9975030957405395,0.0004907381018832221
4,mlp,8076,6,6,0.0005874329648458489,2.324198819772761e-05,0.0006244980973736381,0.051302072995114655,0.001778363412955394,0.0023839154037669217,0.9433004751377458
4,mlp,154,5,5,3.598295867103694e-08,1.6796884406317408e-08,1.9316673892164324e-07,0.0010992373081904685,2.0347139494441917e-07,0.998866541572705,3.377170112749958e-05
4,mlp,12327,3,3,8.276229786162244e-08,5.274619742427204e-07,2.4794481118849733e-06,0.9938050084386829,0.0004632742424723533,0.0015844798197582881,0.004144147826702423
4,mlp,2428,0,0,0.9999796055248871,1.368525773645303e-08,3.181642062521018e-07,4.1296787616397504e-07,4.3711335878139634e-06,1.5224566619358846e-05,5.395756549620521e-08
4,mlp,10274,3,3,1.0070318203005269e-08,4.553255800488517e-10,3.2391623271847744e-09,0.9944565559312519,1.1656759599932745e-05,0.005410232110117642,0.00012154143422418178
4,mlp,12456,3,3,2.375715808253933e-06,3.2022859344209917e-06,2.050747974807639e-05,0.8318889253800849,0.002887728182645516,0.00015594382958036498,0.1650413171261985
4,mlp,7626,6,3,1.5526930732137177e-05,3.2685168346055964e-05,0.00010850732374058688,0.7600573135351409,0.006837052363882182,0.0006490739626261677,0.232299840715532
4,mlp,6921,4,4,2.3159877018034662e-08,7.595677724834145e-14,4.329506052482116e-09,3.924613032455954e-08,0.9999983965666619,2.0120692163257878e-11,1.5366776280853477e-06
4,mlp,5192,2,2,0.0027574992170435867,6.546499879850752e-05,0.9968458022696307,1.4667316206593731e-09,0.0003233729093416275,7.832764135028841e-06,2.6374319013283466e-08
4,mlp,4168,2,2,0.0012475225411101478,1.3765019478951601e-06,0.9945508982671173,2.594738746557837e-08,0.003946219158471703,2.740432672003972e-06,0.0002512171512934273
4,mlp,2224,0,0,0.9987761413847828,3.5336523152388994e-07,0.0009054829307577106,1.673420496104098e-06,4.269167308964194e-05,0.0002570309978898142,1.6626227752564403e-05
4,mlp,1209,5,5,1.5233555899644614e-05,5.65999069293994e-06,9.795642188873323e-05,0.017976336839333074,3.272611681232774e-05,0.970677964604652,0.011194122470721359
4,mlp,13234,3,3,7.507009058189475e-05,2.95420882081909e-05,0.0005625613066659766,0.5153470429806409,0.0025808898519750624,0.012851024354443139,0.46855386932748483
4,mlp,11177,3,3,9.278241524679105e-10,4.07357080558345e-09,2.6092439766726737e-08,0.9967701123403648,0.0008272735329375676,1.0679141271140624e-06,0.002401515118735405
4,mlp,22,5,5,8.352781091639556e-06,2.2825477690958485e-09,9.026529304189977e-08,0.009895683110720987,8.078725495019646e-07,0.9900769037922524,1.8159895544530395e-05
4,mlp,4789,2,2,0.34104057493879303,0.00013101036406514636,0.6579851882209132,8.999690864003245e-08,0.00052224490650958,0.0003204177110038104,4.7386180657644305e-07
4,mlp,8855,6,5,0.0003325991494518526,0.00010199516154480535,0.002378838228741294,0.015327826862751654,0.00037329217912915585,0.8723045512081736,0.10918089721020764
4,mlp,12148,3,3,8.7694966566797e-08,1.0745024194836744e-07,2.316557999367754e-06,0.9854986430293694,0.0005851541511948415,0.0001331176119293912,0.013780573504298626
4,mlp,5308,2,2,0.013768999194794906,0.0005084298602692258,0.9854435855977358,2.168902665363193e-09,0.0002476480065224823,3.131792296799973e-05,1.7248806679225995e-08
4,mlp,11984,3,3,5.6467579209990176e-08,2.964701230225031e-07,3.114410701975737e-06,0.994246620877586,0.00043990535934401124,0.0003404033488885574,0.004969603065777202
4,mlp,9159,6,6,0.00034743983271649944,3.2732906962982557e-06,0.00015245888963387713,0.0008949755614694841,0.0005385066706126296,0.0003825901324467541,0.9976807556224245
4,mlp,3192,0,0,0.9969780649715219,0.0019180191233741134,0.0007548130213927925,2.0671342344034983e-07,0.00021988982611662096,0.0001290050135398586,1.3306316399618083e-09
4,mlp,2511,0,0,0.999917864880155,2.2252878014979625e-09,1.2084638268301707e-07,1.0995248907734866e-07,7.423604047638602e-05,7.634390966239989e-06,3.1664242808237583e-08
4,mlp,5248,2,2,0.011674078195985281,0.00019635947300854345,0.9873254366780101,1.8389036083824184e-09,0.0007930561850617089,1.1038922137535308e-05,2.870689327860625e-08
4,mlp,11121,3,3,5.10305718884232e-09,2.4701513049547863e-08,5.271554927971928e-07,0.998014040296946,0.00018320510566106516,5.972654185480893e-05,0.00174247109547504
4,mlp,6194,4,4,1.3380293362600006e-07,8.401045167731586e-09,1.022047259287618e-06,8.286279676332313e-06,0.9999406149439775,2.3239756451083617e-08,4.9911285351819434e-05
4,mlp,9148,6,6,0.0026343946623301386,0.00011614553256429017,0.004034990600068892,0.00497058992878812,0.0010047562487147384,0.02596003650629495,0.9612790865212388
4,mlp,9540,6,6,0.0003679271666471975,8.618914899869383e-06,0.0004300833846302737,0.0004667952570740734,0.0031329506362859465,0.0005845524759520124,0.9950090721645105
4,mlp,5697,4,4,9.572638118335624e-08,1.8062740955047145e-08,1.1849191594321781e-07,0.0019813462773514423,0.9960736258918601,9.103502669270112e-08,0.0019447045147239406
4,mlp,1729,5,5,1.0133468645926375e-06,1.354752984502944e-07,5.614913831394369e-06,7.103805651996009e-05,2.73822562012601e-07,0.9997934734320404,0.00012845095288330747
4,mlp,712,5,5,0.009659003634113346,4.5235466331172223e-07,2.3144771463890055e-05,0.09167104674575012,6.758383048254303e-05,0.8953358355126951,0.003242933150831529
4,mlp,10221,3,3,4.649859808701293e-11,1.2863131269431184e-10,1.2651876282896912e-09,0.9989105564411466,0.0008171436113783268,3.747579669792305e-08,0.000272261031360996
4,mlp,9893,6,6,0.00033459587608404817,3.5456053984707076e-07,0.0015456406956530174,1.4188722015015469e-05,0.04968338914262002,1.179538343472055e-05,0.9484100356196532
4,mlp,12820,3,3,1.8399088137187652e-07,5.367495506273429e-07,1.4256816702359797e-06,0.9567278452298443,0.005699562666525208,7.190031645544021e-05,0.03749854536507297
4,mlp,1236,5,5,6.412019544462993e-06,6.368641568361082e-07,1.6111279137362617e-05,0.002073756217017931,4.058494210342564e-06,0.9963808450585964,0.001518180067336562
4,mlp,7995,6,6,0.0008918209520703318,4.120653163714532e-06,0.0006863633596188614,0.05972439739346246,0.44910417916853784,8.632133284654137e-05,0.4895027971403002
4,mlp,12445,3,3,1.818972540944081e-07,1.336385458750085e-07,1.631050855051848e-06,0.9588393253239982,0.002231118436202345,2.7237985503319213e-05,0.038900371667640994
4,mlp,988,5,5,1.2732854516460681e-05,4.765311097966768e-07,1.3579496500603463e-05,0.005712562377763762,6.876758423828448e-06,0.9912654569162104,0.0029883150654753045
4,mlp,4182,2,2,0.001396238456828246,5.50846894982017e-06,0.9974986885308791,4.372432711588586e-09,0.0010726731227491371,4.784751793927207e-06,2.210229636695315e-05
4,mlp,6566,4,4,7.3519022466945464e-06,1.0129249470266062e-09,1.6253550537177256e-05,1.9233645084585507e-06,0.9935048197869727,9.329434430767231e-08,0.006469557088465894
4,mlp,11623,3,3,2.905451840851126e-09,1.852463102406438e-08,1.1119559041212552e-07,0.9975152668499527,0.0006478454715138712,5.041118007150753e-06,0.0018317139348530136
4,mlp,2672,0,0,0.9999872900115436,1.7016266420743865e-07,1.1700125970987633e-06,1.4073077660269634e-07,4.314935107999863e-06,6.910564602776251e-06,3.5827074374338753e-09
4,mlp,4983,2,2,0.0003581272660313484,5.048322067120162e-06,0.9994375480789128,8.659600264261834e-10,0.00019845843445856956,4.964846876008371e-07,3.2054788254586995e-07
4,mlp,5100,2,2,0.004161419937607617,3.811751973679895e-05,0.9948788978379604,4.8593377120947305e-09,0.000913567758691656,7.874496526076322e-06,1.1759013976198234e-07
4,mlp,7702,6,3,5.83421156957773e-05,4.7508713306820253e-05,0.00042638925560362453,0.6527481102549988,0.0042887941377470875,0.005430921560118716,0.33699993396252914
4,mlp,5592,4,4,1.1288865656482224e-06,9.594560348549998e-07,5.269747213969313e-06,0.020117913181029227,0.9609928660062077,1.3012171153839764e-06,0.018880561505833508
4,mlp,376,5,5,4.38788660587537e-06,9.747300831668487e-07,1.6545491775024923e-05,0.0320436458108336,1.6915023367325354e-05,0.9639337793580364,0.003983751699298767
4,mlp,10670,3,3,5.762976902461727e-10,5.037572486370012e-09,1.0922059787443177e-07,0.999347162198187,0.00013886757615001857,8.257901081148677e-06,0.0005055974901138897
4,mlp,2080,0,5,0.00810060642876416,0.000313291635726551,0.029957935258910773,0.00036912444535588517,0.00021564671133922933,0.7250716059621063,0.23597178955779716
4,mlp,12466,3,3,2.2703898626592528e-07,8.934327214221326e-07,8.31757471146931e-06,0.9833488807057442,0.0012115280702783247,0.00010930466348162744,0.015320848514076852
4,mlp,11957,3,3,5.836065500934903e-08,5.895209621854934e-07,3.4517666969791765e-06,0.9966607183506887,0.00048554247244011014,0.0006657209420762117,0.002183918586480925
4,mlp,8190,6,6,0.0001740520627746519,1.9904501064922264e-06,9.381098621417675e-05,0.01619785709573786,0.0006428328475792978,0.001463574522101781,0.9814258820354858
4,mlp,4902,2,2,0.00019105831702131415,9.675512857160387e-06,0.9993300452774567,1.2977478696760023e-09,0.0004681417631921957,5.36524692449414e-07,5.413070324290996e-07
4,mlp,13494,3,6,9.109574870834662e-05,8.697512383652192e-05,0.0005247334977062789,0.34280361856324604,0.010225150099740175,0.001581025718500598,0.6446874012482622
4,mlp,10671,3,3,1.9031718978635128e-09,1.3826471686079544e-08,1.2420788717536725e-07,0.998233046834793,0.0002946390190284726,4.34473397846529e-06,0.0014678294746693049
4,mlp,3531,1,1,5.70355292762358e-08,0.9999982304405798,1.4037375093650644e-06,1.7783606504471116e-15,3.084489251121455e-07,3.374547467110051e-10,1.032937595768456e-26
4,mlp,10354,3,3,3.259973083310898e-09,1.4102294791381905e-08,1.5921420147121205e-07,0.6705047115389962,1.0963145573364168e-05,0.32933156366928995,0.00015258506967126835
4,mlp,9191,6,6,0.0016037036578336083,0.00018277055406198145,0.003185703054432043,0.0025975684485864746,0.0011166132526060665,0.020050444697411754,0.9712631963350681
4,mlp,7631,6,6,3.802496125357552e-05,8.650635560154686e-06,0.00017191305729227262,0.28253954710816315,0.003873505095847219,0.0002531230943202989,0.7131152360475633
4,mlp,11102,3,3,9.493507604293311e-09,3.496146485327468e-08,8.370503497217787e-07,0.9975792503406843,0.00015407482277084752,0.00011854030190219968,0.002147253029320523
4,mlp,8473,6,6,9.516641617769951e-05,1.1225869266252175e-05,0.00033502414140962686,0.010833022328295996,0.0015444570102568895,0.0027738772872385156,0.984407226947355
4,mlp,1640,5,5,1.526392293468019e-07,5.04221792201487e-09,2.762104573450392e-07,1.699177835822871e-05,2.490295126887899e-08,0.999978123627126,4.425799659772802e-06
4,mlp,1699,5,6,0.02215842347498389,7.052606797460424e-05,0.003563565559313111,0.010900904797518068,0.0007707171602064416,0.10331241380419018,0.8592234491358138
4,mlp,11290,3,3,4.464026639248476e-09,3.5782937745238486e-08,4.987685956656723e-07,0.9985732224889524,0.00023439372480308274,5.1559783606038414e-05,0.0011402849870784462
4,mlp,2012,5,5,0.0001104345672979171,2.618797405830105e-05,0.0014600580646649854,7.689273989480693e-06,2.229304197126898e-06,0.998039826779862,0.00035357403593004854
4,mlp,996,5,5,3.6868968834941887e-06,5.201676240089548e-08,2.19060741066408e-06,0.001177191116137005,1.1070018578298344e-06,0.9984435317447271,0.0003722406162216169
4,mlp,9720,6,6,0.0006253389313245988,9.590455186280025e-06,0.004016527874929004,4.720320245249841e-05,0.0012511587815811197,0.00016362493739038555,0.993886555817136
4,mlp,6695,4,4,1.499596253565598e-08,1.749402970598385e-12,5.330985929172703e-08,2.1594768672218927e-08,0.9999943431795612,1.5018209538254564e-10,5.566767916796143e-06
4,mlp,6693,4,4,0.0027647783070118537,9.75288770709567e-08,0.0010072938179850914,9.241203819071609e-05,0.9926729497592428,6.726952227561187e-06,0.0034557415964649248
4,mlp,10661,3,3,1.2305363286107905e-10,5.143887315613883e-10,5.379556633411223e-09,0.9993692573766207,0.0002652701553177587,2.884165198531139e-07,0.00036517803454271707
4,mlp,7452,6,4,7.405456992236803e-06,1.943575465287434e-06,4.327465543886568e-05,0.08186138001284296,0.858170539852022,6.374463833901052e-05,0.059851711808899706
4,mlp,5228,2,2,0.00010792870407583466,4.138861347887354e-06,0.9993774092687333,2.438945072863233e-10,0.0005103837073847025,1.049044608257433e-07,3.4310103006521833e-08
4,mlp,12405,3,3,1.6725536874841114e-06,2.2158209225832037e-06,4.97255441344897e-05,0.9371141249629015,0.0004570993134367991,0.03979519023300928,0.022579971571907873
4,mlp,529,5,5,3.855752472725864e-09,9.541376450561804e-10,2.8345365998212477e-08,3.763645383783696e-05,7.54183877885522e-09,0.9999598608088427,2.462040224633443e-06
4,mlp,1943,5,5,5.4818707422638165e-05,7.065525641968314e-07,8.376082720301644e-05,1.9567533041361953e-05,8.341352659157177e-07,0.9996435269320626,0.00019678531244019448
4,mlp,8378,6,6,0.0005304930473349424,1.3694176511488354e-05,0.0003936672438226114,0.02162418373510053,0.002470445046745479,0.0008701280700483222,0.9740973886804367
4,mlp,9444,6,6,0.0016175807419199124,7.787822249143739e-06,0.0016095276500941674,0.0001835624225322577,0.0002906837435288341,0.0003463843981320722,0.9959444732215437
4,mlp,11585,3,3,6.970620020266963e-08,2.899376412288784e-07,1.8551227619438066e-06,0.9846850910256161,0.0008290525332309548,3.1493373323593256e-05,0.014452148301225732
4,mlp,6245,4,4,7.956613676624701e-07,1.1063274268599955e-09,3.734289484288326e-06,4.963637964820747e-07,0.9999906554231524,8.332611819519232e-09,4.308823259858734e-06
4,mlp,3666,1,1,2.2147950437176347e-09,0.9999821796509075,6.664110895933673e-07,1.3522100938451312e-16,1.715172308256571e-05,1.250130857638055e-13,5.140255000654782e-26
4,mlp,809,5,5,1.4385246558732685e-05,3.0834153805644695e-07,1.1789709161614962e-05,0.003701261792681114,4.5322526120267834e-06,0.9943831242484071,0.0018845984090411893
4,mlp,7753,6,3,3.2980895792787644e-05,1.4512053872170204e-05,0.00018947861274256833,0.5004399119297064,0.006428977840346418,0.0004176999090595652,0.49247643875848013
4,mlp,2256,0,0,0.9998060757523902,5.980727930540172e-08,7.502034149854709e-09,1.3861679484450739e-05,4.4681768859022924e-05,0.00013489214805010466,4.2134190286256664e-07
4,mlp,8618,6,6,0.0001452097468784533,6.171219805687098e-07,3.7911581120445814e-05,0.010321118691462093,0.047953030400888094,4.149411562889454e-05,0.9415006183420414
4,mlp,13484,3,6,0.00020224496110866439,7.050146081036145e-05,0.0006473877875452566,0.17446771048744777,0.004622957562215603,0.004071469100709626,0.8159177286401628
4,mlp,2710,0,0,0.7954828759105769,2.2108409479628684e-05,0.20392856516204627,2.3448547198195101e-07,0.00024934986715704013,0.00029787987945336573,1.8986285814599328e-05
4,mlp,4364,2,2,0.009521938952952044,1.2567868146123604e-06,0.8259220256193368,2.3144830651475674e-07,0.16452399634003925,3.2527971727349924e-06,2.7298055378005857e-05
4,mlp,4501,2,2,0.00010598628911409597,9.352119913606265e-07,0.9991675453751993,1.5463029026500038e-10,0.0007233001277639676,3.2389102424197474e-07,1.9089502766324324e-06
4,mlp,326,5,5,6.693546532976622e-07,2.16422606760041e-07,3.75251074999546e-06,0.00655078425067496,2.885296572189795e-06,0.9927054345665585,0.000736257598184359
4,mlp,5807,4,4,4.625857220847439e-06,3.4026153700123244e-09,1.1758741808602104e-05,1.2547846515444025e-05,0.9902821538396368,3.090780770992373e-07,0.009688601234125826
4,mlp,5057,2,2,0.00010302398594253584,6.898334614105268e-07,0.9987779783552121,1.0304486148461395e-10,0.0011180970163975395,3.906821690968058e-08,1.7163772448293265e-07
4,mlp,8975,6,4,0.0001528829563034294,1.4769731806995544e-07,7.10861205631893e-05,0.005526664572853496,0.6873872565925639,1.099913943747507e-05,0.3068509629209604
4,mlp,12724,3,3,4.6729646695500895e-07,4.839619196836133e-07,3.953195509453439e-06,0.9419834482036141,0.0024551192987944614,0.00011770069514669451,0.05543882734854853
4,mlp,7898,6,6,9.538546169678228e-05,1.4170479904520284e-05,0.0003847770795511721,0.31584759058903417,0.0020223240976700867,0.022255089970595346,0.659380662321548
4,mlp,9269,6,6,0.0001665395793061704,1.0820615817373801e-05,0.0007768770737920217,0.0008626009294073567,0.02126723516568116,0.00011795407560381165,0.9767979725603921
4,mlp,7481,6,6,4.615736752357635e-05,4.659286450226553e-06,0.0001791204492036647,0.44290730851708593,0.0019640757082891236,0.003372912071887231,0.5515257665995603
4,mlp,11749,3,3,6.90835157548686e-08,3.1589495187961276e-07,2.5427940648388554e-06,0.9885462383118866,0.0007315682134714771,6.195507407365238e-05,0.010657310628036185
4,mlp,13122,3,3,9.280883228307773e-06,2.317156479502676e-05,0.00010582008926560532,0.9133120657028013,0.0034017287760237836,0.0022678549423540183,0.08088007804153179
4,mlp,12829,3,3,9.759236957246139e-08,4.117438859228518e-07,8.94197843613909e-07,0.9825537762795089,0.0036795425485408473,4.8579562327109204e-05,0.013716698075524088
4,mlp,9132,6,6,0.00203267804430037,1.9102699320369843e-05,0.0015846955080911396,0.0006186544801509523,0.0001958231412179564,0.0031013324498384807,0.9924477136770807
4,mlp,6400,4,4,4.547507705979216e-06,1.0270401460988246e-08,0.00015205746924087528,1.610082835912578e-06,0.999209298670638,2.1429086656402247e-07,0.0006322617083112012
4,mlp,352,5,5,2.4012254871707224e-08,2.148977105289192e-08,2.501981014826191e-07,0.0005509052289723952,1.3726731644005126e-07,0.9994217118982102,2.6949905373648735e-05
4,mlp,4360,2,2,0.011673054874859904,5.598651027114826e-05,0.9863521908589756,1.0682539290251821e-07,0.0017220586566873868,0.00016531836122746173,3.128391258548234e-05
4,mlp,12604,3,3,6.98488527378238e-07,1.9330021451023673e-06,1.650867860754141e-05,0.9697986500816965,0.00139340251412495,0.0003943991152914976,0.028394408119607153
4,mlp,7628,6,5,0.00020684224711052282,1.8235158011807757e-05,0.000458931497654661,0.06623649009797458,0.00018551628402843355,0.8222600154971452,0.11063396921807475
4,mlp,4561,2,2,0.0001309945016264896,7.458952097893658e-07,0.9986204477035496,1.1633764483221666e-09,0.0012437285938264324,3.1815609330056313e-07,3.7639863178238002e-06
4,mlp,1315,5,5,0.00015395879625055902,4.7877307158507805e-05,0.0008877416139560536,0.14958722309925654,0.0005074736708135832,0.7615555603595168,0.08726016515304807
4,mlp,2537,0,0,0.9999794103388326,4.0709558059567623e-07,7.248948578319522e-09,3.3931072410966564e-07,2.4711391556687852e-06,1.7364159451044736e-05,7.073073053839868e-10
4,mlp,140,5,5,5.365869588234685e-09,4.214849722029741e-09,5.242098786916639e-08,0.0003100035641206905,3.87245423343493e-08,0.9996813782022232,8.517507406507949e-06
4,mlp,7054,4,4,0.0006539136226160324,1.716751656360963e-07,0.003805473596354725,3.7581685889524524e-06,0.9950460576985997,5.832231289736826e-06,0.0004847930073854013
4,mlp,9636,6,6,0.006091756522206872,4.040688910254862e-05,0.004149418131772513,0.0002785773210454271,0.0005448659003627256,0.00433495005824798,0.9845600251772618
4,mlp,11377,3,3,2.9369320134974646e-09,1.654919985463873e-08,2.0727578092079062e-07,0.9986302491415381,0.0002838717730346508,1.0851827408140529e-05,0.0010748004961062554
4,mlp,10943,3,3,1.3571248477027454e-09,1.813115831684167e-08,2.345499120577496e-07,0.9994222830527881,8.705324048506606e-05,0.00021466095239757875,0.00027574871613414014
4,mlp,5072,2,2,0.009132046792930499,2.768356027558981e-05,0.9899052553822065,6.403538026587351e-09,0.0009315481122265386,3.3426211278806628e-06,1.1712769484389014e-07
4,mlp,8026,6,6,4.780153719535045e-05,2.9490336602299366e-06,0.0001272001532044577,0.020450132272431875,0.0020530575568349094,6.8232293792596e-05,0.9772506271528807
4,mlp,8646,6,6,0.000560013519699463,7.91964788684659e-05,0.0013215458058658744,0.018984212192950427,0.0020924337294806884,0.005354349116066394,0.9716082491570687
4,mlp,7434,6,3,6.094641649317963e-06,6.5336316762715636e-06,5.265267798842313e-05,0.7169430196907742,0.006319823944336107,0.00010158099791411882,0.2765702944156615
4,mlp,869,5,5,3.3910579556014905e-06,9.40410993821479e-09,1.0054120151210378e-06,0.0003254184358048135,2.8457569141753956e-07,0.9995817421873983,8.814892702485183e-05
4,mlp,7340,4,2,0.17908498730893324,3.2681002131202066e-06,0.7370849059301497,5.788117694626111e-07,0.08378621902777689,3.18051263209806e-05,8.235694836428622e-06
4,mlp,13150,3,3,1.1984180843208942e-06,1.784269197400226e-06,5.766385396796811e-06,0.9044875529127241,0.00873425284020561,0.00011950517347217415,0.08664994000091965
4,mlp,9911,6,6,0.15319356314982058,1.6727317853143397e-05,0.23839986954652453,0.00024356177013045972,0.07863105325926098,0.0013593997951742343,0.528155825161236
4,mlp,9951,6,6,0.11006950470168576,0.00044143479538444623,0.1540494128397059,0.0001226222220872773,0.0008836834532004446,0.08961404407669797,0.6448192979112382
4,mlp,955,5,5,1.7004938799438049e-07,2.7675917320179032e-08,6.511116299930009e-07,0.00043953499419072394,2.8400459013551297e-07,0.9994660544655346,9.327769874915752e-05
4,mlp,5525,4,3,3.052275667407201e-07,7.639836864608007e-07,1.4359919649068552e-06,0.7920140679891743,0.17615565111294076,8.019481062665828e-06,0.03181975621360392
4,mlp,12632,3,3,1.7124510039276925e-06,6.044505336886627e-07,1.3444188225548561e-05,0.8747735372782618,0.0016472226896666361,0.0005610436875197964,0.12300243525478857
4,mlp,4340,2,0,0.6672916008449546,7.3816915407087305e-06,0.3318980034711508,1.706437116621934e-07,0.0005264089432724045,0.00027050159624847147,5.932809121332146e-06
4,mlp,6073,4,4,4.7100540487746936e-09,1.193282768986143e-12,1.878636448086361e-09,6.197558347836128e-07,0.9999864180303031,5.613512526920298e-11,1.2955567843233908e-05
4,mlp,6416,4,4,1.1579338431980784e-07,1.2425571751027794e-10,2.451872096366644e-07,1.9271619683700573e-06,0.9995237881628121,4.206947019265169e-09,0.00047391936342262305
4,mlp,1150,5,5,2.944688116470075e-07,2.2808041369480602e-07,3.7957776723106515e-06,0.0006861353168049455,7.343520851211538e-07,0.9991303846687588,0.00017842733545351467
4,mlp,10815,3,3,3.492213162665765e-10,7.749636030715983e-10,6.472776477657975e-09,0.9958299078680134,0.002007233634678871,2.0944981000127964e-07,0.0021626414505364405
4,mlp,10655,3,3,8.389161024789217e-11,3.6395507101410855e-10,4.8452512854509415e-09,0.999289784231149,0.00017931012667483183,3.6908214796140243e-07,0.0005305312669304286
4,mlp,8289,6,6,0.00039589046865299925,7.486611908929374e-06,0.00048526658715947483,0.028756861719819504,0.0010552173231058643,0.0016053168447376892,0.9676939604446155
4,mlp,10909,3,3,3.7526051026806727e-10,1.0866785049691775e-09,1.9408937516078664e-08,0.9988004957213463,0.00018496967070553565,1.5224208270345412e-06,0.0010129913162446422
4,mlp,11461,3,3,2.3626493913777904e-09,7.723959824719767e-09,4.89789065084473e-08,0.9968113200890982,0.0010841067808748483,1.391299769505368e-06,0.0021031227647415533
4,mlp,5187,2,2,0.0001803145800242625,5.321517863929712e-06,0.9995660383842286,7.378239757367634e-11,0.00024813537221475855,1.6513526761834161e-07,2.493661863457316e-08
4,mlp,1013,5,5,8.170137052023058e-09,6.14964743299051e-09,1.5405094359277884e-07,5.196348749887006e-05,2.471743355197356e-08,0.9999413203682608,6.523056078866058e-06
4,mlp,8798,6,6,0.0002481057067811073,6.499028890313289e-06,0.000511753921192649,0.000997372080629391,0.0004343377423595517,0.0002549735846495053,0.9975469579354976
4,mlp,7125,4,4,8.894082526649798e-07,8.689121452148906e-11,5.231095211153424e-06,4.628355137808519e-08,0.9999608063157316,1.7884396901018753e-09,3.302502192230328e-05
4,mlp,7505,6,3,1.4224958288152322e-05,1.2243751229751113e-05,9.825175933551839e-05,0.5899672266869767,0.007366897039708397,0.00019450194368660954,0.40234665386077484
4,mlp,4906,2,2,0.03710295350666969,6.500144514785828e-05,0.9602661098691417,5.9199721140939884e-09,0.0025488976051009278,1.6849540798480603e-05,1.8211316924884964e-07
4,mlp,1067,5,5,7.154514916557465e-05,1.3615133097716756e-05,0.00032990786634836354,0.19269069390203092,0.0002880466998810768,0.7370987283083923,0.069507462941084
4,mlp,9245,6,6,0.0005498428365433187,6.150576666346175e-06,0.0003443039970170861,0.0017427451851565762,0.004832965720451317,0.0002827727952022038,0.9922412188889632
4,mlp,7457,6,3,0.05889699910909802,3.217358281455519e-06,7.743127109633375e-05,0.7784061816114903,0.0006494646407174856,0.13652992062600602,0.025436785383310397
4,mlp,2464,0,0,0.9750233103045561,5.621802722600593e-06,0.02449811849335983,7.221055641046656e-07,0.00011467339271769207,0.0003522888179287466,5.2650831507260375e-06
4,mlp,2978,0,0,0.9999605409276808,1.5431947055704924e-05,2.770817439189557e-07,2.4392294325087995e-07,6.346801116157291e-06,1.715917677209548e-05,1.4268794931985097e-10
4,mlp,13396,3,6,0.0011887217714678414,8.671903523758263e-06,0.0005105700308926489,0.3452202579514134,0.004066586927556448,0.013048358117177366,0.6359568332979686
4,mlp,12758,3,3,1.1021871220259534e-06,8.283591615793747e-07,5.89258122729274e-06,0.8826683102131238,0.0061324950874600105,2.588220089466621e-05,0.11116548937101063
4,mlp,7659,6,6,5.481051322153735e-05,4.74887692860936e-06,0.00010559298688454067,0.2742472790089322,0.002024429056735376,0.00823266933001766,0.7153304702272801
4,mlp,9199,6,6,0.0026202761120559547,0.00019884459556952468,0.0069295738100945475,0.009879961529715063,0.0012753367186022694,0.1033842753705711,0.8757117318633916
4,mlp,5656,4,4,5.302186702540922e-09,3.783571115092746e-11,5.91823973755435e-09,4.305403673209233e-05,0.9999284269286911,4.690467733691728e-10,2.8507307267947268e-05
4,mlp,8471,6,6,0.0009572744190903841,0.0002988646682117345,0.00293141539202091,0.09263673671090228,0.004113310165430932,0.0676491421660759,0.8314132564782678
4,mlp,7518,6,6,7.890393216127373e-05,7.725266282622052e-06,0.00014516816375211987,0.2993164702430708,0.015944006579760972,0.0001203252270648617,0.6843874005879074
4,mlp,9204,6,6,0.009610801378170292,2.628595267375422e-05,0.0026666035367257277,0.001382042618803356,0.0009675561667375677,0.0020982688182699114,0.9832484415286195
4,mlp,375,5,5,1.0229274364934175e-05,2.5639700099714357e-06,6.323326982376153e-05,0.1639993309721876,0.0001101347955276846,0.8124908302939653,0.023323677424120812
4,mlp,414,5,5,9.124907162476674e-08,7.176320796317318e-08,9.40151292889855e-07,0.0014230746162217035,4.905860942370542e-07,0.9984620566538975,0.0001132749802139414
4,mlp,9342,6,6,0.00579985472633155,4.192586336049262e-05,0.0024821291796501897,0.0006715721090621556,0.00043512697008427174,0.005187943784098625,0.9853814473674128
4,mlp,9197,6,6,0.0008626410759634167,4.1641203837357004e-05,0.001501388609310923,0.003414532173304256,0.004220690762713208,0.002494357193516666,0.9874647489813543
4,mlp,1269,5,5,7.0331234282600335e-06,2.956776991043783e-06,5.517617197517222e-05,0.004740969237196309,1.1667088465461998e-05,0.9918526954927952,0.0033295021091486595
4,mlp,2983,0,0,0.9999802942436948,3.424101028641042e-08,1.4640827061370443e-06,2.481518610478412e-08,1.7404042082846442e-05,7.783920403606622e-07,1.8327963639373702e-10
4,mlp,8392,6,6,0.00018439376462251394,3.859178499848162e-06,0.00020731986421743196,0.01926186458448696,0.0007420488258520349,0.0025250726145214825,0.9770754411677998
4,mlp,2468,0,0,0.9972271946886946,1.6634707467325344e-05,0.0006254277458577324,1.3438027505232597e-06,1.316033572146278e-05,0.0021159112905765063,3.2742893169810677e-07
4,mlp,9089,6,6,0.00022135243288618652,9.78125606891885e-06,0.0011505059963716237,0.0004926705962172912,0.010064260861031158,0.0001146395437813654,0.9879467893136434
4,mlp,9162,6,6,0.0009198029592245586,1.3845743833986459e-05,0.0009725488120366363,0.0017286891611006249,0.00029342540298288344,0.009320481076968732,0.9867512068438526
4,mlp,3157,0,0,0.9999964695661134,5.799043636084386e-07,2.9190743277577723e-08,2.014547327100494e-08,4.991614510101748e-07,2.402030865282038e-06,9.902354444072562e-13
4,mlp,4205,2,2,0.005792609058034562,4.62436715304719e-06,0.7128480305991851,4.2943902829606537e-07,0.28100425041247656,4.552655435323887e-06,0.0003455034686870903
4,mlp,1386,5,5,1.2172820658353874e-05,1.3806243307204033e-06,4.188889805661195e-05,0.0029178743512101755,8.951997303499964e-06,0.9937305624394284,0.0032871688690122897
4,mlp,9509,6,6,0.0010743927198222484,1.7996469543965634e-05,0.002099005175780053,0.0005820073044914821,0.004837857115878072,0.0005253378361297028,0.9908634033783543
4,mlp,9309,6,6,0.001368313112253217,3.149672333462793e-05,0.0006903948309367392,0.001587943276702737,0.0006959851579461569,0.0285068900216723,0.9671189768771542
4,mlp,1963,5,5,0.00012964868821267766,3.4420015886914238e-06,0.0003044564832653468,2.94574500028937e-05,2.4295648583220756e-06,0.9987201136201684,0.0008104521919037254
4,mlp,10859,3,3,7.565646665344341e-10,4.193556052596684e-09,1.1500668051348131e-07,0.9994796628009376,8.67927790603835e-05,2.748424507833447e-05,0.00040594021812249064
4,mlp,3236,0,0,0.999987517287638,5.0776923260055455e-06,1.941053598108794e-06,1.2323468365266563e-08,2.521283245783473e-06,2.93035764705978e-06,2.0767113866005347e-12
4,mlp,9469,6,6,0.000622133294638098,5.522957316288776e-06,0.0002224440337524945,0.0008701140306420433,0.005342652820194032,0.00164498871791962,0.9912921441455373
4,mlp,4686,2,2,0.13863857377057168,0.0002576121271994241,0.8602503776446521,1.1057062412242978e-07,0.00039387864758398666,0.0004569078552217214,2.5393841469637584e-06
4,mlp,11672,3,3,1.1032442604851904e-08,5.102684213698572e-08,7.830088265580684e-07,0.9974104619359487,0.00024204550688221971,0.0001074967527947801,0.0022391507362627136
4,mlp,9226,6,6,0.0002068031960141098,2.047447834353537e-06,0.00021507846652397554,0.005213662551980977,0.11988484082751573,7.419127456498772e-05,0.8744033762355657
4,mlp,11211,3,3,1.9029413626548558e-08,8.241379476449282e-08,6.917340144917944e-07,0.9922899264945675,0.000519645735436161,1.3976019764377685e-05,0.007175658573009197
4,mlp,626,5,5,8.929832330846943e-07,1.432952339432894e-06,1.4234701996221017e-05,0.029685548127721135,1.389228805548512e-05,0.9691091248395114,0.0011748741071432446
4,mlp,453,5,5,9.962884148921926e-08,3.0199998499115314e-08,5.219936196919613e-07,0.000734959094608776,2.8697434522591027e-07,0.9991845544649255,7.954764366096238e-05
4,mlp,9255,6,6,0.0021178935006141678,5.947386380337724e-06,0.0012285495757323622,0.00048116933441046724,0.00034963581827997296,0.0005171561540132326,0.9952996482305695
4,mlp,7063,4,4,9.678448980691412e-05,2.430871381416635e-07,0.003953790599897942,3.613751335741968e-06,0.9893130431374507,5.28904312973536e-06,0.006627235891240745
4,mlp,2020,5,5,0.0322403162401576,0.0027370061329352775,0.14386956922105715,0.00017316112566912457,0.00046161762233408346,0.7316084414573558,0.088909888200491
4,mlp,8568,6,6,8.180413639511352e-05,5.630444987714074e-06,8.48345305261161e-05,0.04043562944378226,0.005569180132140112,0.00031146760846418177,0.9535114537037045
4,mlp,4880,2,2,0.0013937026392360377,2.0558472285282994e-05,0.9981987926803414,2.7662295824725658e-09,0.00038479848608039094,1.5256214730163254e-06,6.193343543835803e-07
4,mlp,4707,2,2,0.0014602818830245906,3.336127155798811e-06,0.9979166186109594,7.98135005241302e-10,0.0006173995386256436,1.1307281393837868e-06,1.2323139600933871e-06
4,mlp,10857,3,3,2.2793077151164496e-09,4.178641336305561e-09,4.077166497761729e-08,0.9962464880037682,0.0013301254027918736,4.894313369978974e-07,0.0024228499324890572
4,mlp,13519,3,6,0.00010173098949741788,3.9902513756243526e-07,3.99220367231011e-05,0.031000116907718006,0.047105645055680385,3.6945259457270704e-05,0.9217152407257861
4,mlp,9223,6,6,0.002224250344467394,1.6101935583738896e-05,0.002083670863278413,0.0030676323246468856,0.01751177139970496,0.0004431864504019448,0.9746533866819167
4,mlp,12676,3,3,8.281799835401621e-06,5.400453086629475e-06,9.401565220641205e-05,0.801081408640168,0.0020032589468001725,0.0026548479408736235,0.19415278656702953
4,mlp,7955,6,6,6.297787378474179e-05,8.325113846113788e-06,0.00014571823258937598,0.17373626870218106,0.005246495604975532,0.00028161694646615,0.8205185975261571
4,mlp,5402,2,2,0.003864125520768201,0.000285160637568675,0.9939523467224881,2.2637469083233325e-10,0.001897001044861295,1.3647611711409396e-06,1.0867678499785344e-09
4,mlp,6993,4,4,0.0005937137790006321,2.916224628703332e-07,0.03137034844439542,2.640915561319321e-07,0.9625065905975222,2.613465698847764e-06,0.005526177999363999
4,mlp,9006,6,6,0.0001896009171407351,4.919470643031693e-06,0.0005161426220377979,0.0006204932419154104,0.0007866388528754628,0.00010640613673966767,0.9977757987586479
4,mlp,1627,5,5,0.0003507549395988361,1.1515351464624649e-05,0.0006367618783816431,0.0019294279515581871,3.283452358257769e-05,0.972262120493804,0.024776584861610176
4,mlp,9583,6,6,0.00024922249874440933,2.6836119310286503e-06,0.00012345660074451024,0.00027294252270233533,0.0006287604776244685,0.00018583631531167842,0.9985370979729415
4,mlp,1651,5,5,0.0017752285062642248,0.0001995416136684395,0.0048299016016942,0.016154438940431972,0.0005708310638055952,0.534389926127811,0.4420801321463247
4,mlp,6486,4,4,3.383358565855639e-07,2.233807518961076e-11,1.0638110118670468e-07,3.219229311316124e-06,0.9997999715323413,2.084207833217818e-09,0.00019636241484343847
4,mlp,5922,4,4,6.171688589999317e-08,8.884497754401434e-11,4.7673278499362506e-08,1.1431352843230822e-05,0.9996346301715239,3.076645991186317e-09,0.0003538259199775967
4,mlp,9556,6,6,0.0004025444480106573,7.3095188477164945e-06,0.0003036417703405602,0.000768662895465553,0.0028075457730490755,0.0006899883645620621,0.9950203072297243
4,mlp,511,5,5,5.7800274277429286e-08,3.547816791187204e-08,4.825908158424395e-07,0.0005691797557847813,2.0271456901544887e-07,0.9993814794693577,4.8562191030401235e-05
4,mlp,4651,2,2,0.0010202006916932706,9.484899880692426e-07,0.9605291546764821,1.0498483482485505e-08,0.03844573209993721,3.8799683981860504e-07,3.565546576083971e-06
4,mlp,1558,5,5,1.6620743926094038e-08,3.796569694125639e-09,1.511812026961317e-07,1.116105044370554e-05,1.0569431989025627e-08,0.9999855417554671,3.1150261409878913e-06
4,mlp,4368,2,2,0.0013663682089396453,8.1750906831188e-06,0.9979260916438913,2.0248816214019053e-08,0.000662090469810429,1.033296372123374e-05,2.6921374138085396e-05
4,mlp,7218,4,2,0.1661478620597962,6.119038083643534e-06,0.5540165539674133,4.698939502927085e-06,0.2787096309122176,0.0002574825465452846,0.0008576525364409759
4,mlp,8977,6,4,4.8017591312252483e-05,4.492008934602715e-07,0.00030219147046977983,0.0007325171819125435,0.7531636587202525,1.043740674969333e-05,0.24574272842840997
4,mlp,7284,4,4,9.20390408756688e-07,3.6807521601474415e-10,7.967834451111799e-05,3.065702462633615e-09,0.9999167361124983,2.333425034770865e-09,2.659385379144718e-06
4,mlp,13474,3,3,2.924009459781094e-05,1.4020326907061774e-05,6.840559983305759e-05,0.524135668782344,0.007299004632014658,0.005995278825183698,0.4624583817391197
4,mlp,13316,3,6,0.0006702134716950018,2.9315628291854778e-05,0.0006789971200135524,0.22856397433620798,0.002707800101022155,0.011077878912063348,0.7562718204307062
4,mlp,4374,2,2,0.0026239621733265867,1.669597947001752e-06,0.9959821004393736,1.6683711514508653e-08,0.0013803600478035699,4.553230458979586e-06,7.337827378697432e-06
4,mlp,6599,4,4,0.21140996372927626,5.95996226516179e-07,0.034962405135111896,3.68826871089934e-05,0.7355770250687966,0.00032731079680755747,0.017685816586672093
4,mlp,6745,4,4,8.049144428857258e-05,9.688070151138286e-08,0.011254580977062107,9.653657667404956e-08,0.9885513552364925,4.191559033853632e-06,0.00010918736584491461
4,mlp,9437,6,6,0.002445000046402889,2.5084136671819362e-05,0.002604482342918387,0.0005218397712477252,0.001674118473904074,0.0008532858676912869,0.991876189361164
4,mlp,3382,1,1,1.3730591384388489e-05,0.9999830898921653,2.0763680634087036e-06,2.4954117448380823e-12,1.035379788245062e-06,6.776610297488653e-08,2.3100815895055564e-23
4,mlp,11806,3,3,1.1246810347220848e-08,3.9624661692614235e-08,6.305789315267604e-07,0.9969788432111955,0.00028352010985493363,4.954671560595844e-05,0.002687408512940161
4,mlp,13440,3,6,0.00013212050161648725,5.425272611691874e-05,0.0005440105469502987,0.42316021277629573,0.006391373698701558,0.0032814991595510505,0.566436530590768
4,mlp,12581,3,3,5.857844048626908e-06,3.173777721491875e-06,4.2983979022000213e-05,0.7101021594636587,0.0029714478462425364,0.0002733771067372832,0.2866009999825694
4,mlp,3676,1,1,1.9568069106035565e-09,0.9999995194280746,9.747412863943751e-08,1.4510447914410864e-17,3.8114030848032236e-07,6.814408708074448e-13,4.697174282842312e-29
4,mlp,9755,6,6,0.0009785390692316185,1.9765696890718277e-05,0.0007137243299560752,0.00045178725930092366,0.0019158795352691351,0.009666929482224671,0.9862533746271269
4,mlp,9457,6,6,0.0007801670521666686,4.688509105137593e-06,0.0008066369215347698,0.00043068240207052774,0.004621085014874947,0.00018039489191737417,0.9931763452083305
4,mlp,10114,3,3,1.87538032778109e-07,5.2259201731039465e-11,1.4464437242417426e-10,0.9165294823684383,7.909312467326312e-06,0.08338081941630024,8.160116785792382e-05
4,mlp,12915,3,3,3.1204736451023428e-06,7.144892513605016e-07,7.368593828330476e-06,0.6424300172356581,0.010090917605497886,8.002381514227661e-05,0.347387837786977
4,mlp,12955,3,3,1.0418844178574069e-05,1.7103401923984538e-05,0.00012145159860282284,0.885516526427384,0.0025653941269266674,0.004024801228555663,0.10774430437242835
4,mlp,8706,6,6,0.0002483487384733086,7.402672315571801e-06,0.00044441258560678495,0.001998651994685505,0.0022365292546288186,0.00014584627003285186,0.9949188084842571
4,mlp,12746,3,3,3.7061056279267025e-06,2.3062569219325957e-06,4.22035707522419e-05,0.7806860346712825,0.002979900818749595,0.0001531281632150427,0.2161327204134508
4,mlp,6988,4,4,0.0343101494796563,5.962913366702949e-08,0.0014429885296876042,6.278189407936834e-05,0.9629359564137845,8.815565934820941e-06,0.0012392484877238336
4,mlp,13301,3,3,3.6648035738388864e-05,5.272929183299257e-05,0.00033885842284982074,0.7975100304213607,0.0038567918466214553,0.006254683100143312,0.19195025888145337
4,mlp,8021,6,6,0.0002781450426328119,1.7327319316464423e-05,0.0002558621444681512,0.03809230363650009,0.002075346668774616,0.000630946478668875,0.958650068709639
4,mlp,176,5,5,6.019150948172115e-07,8.170097877861353e-08,1.7477469040404517e-06,0.014827508655357733,3.503329310517768e-06,0.9846521594772506,0.0005143971751035438
4,mlp,8122,6,6,0.00030563816536192544,5.091565046447054e-06,0.00031878149101854236,0.013286958179532385,0.0007329101282173982,0.0004988514724493114,0.9848517689983741
4,mlp,6116,4,4,1.3419735332848854e-07,2.427567858562273e-09,4.3971284993599933e-07,1.0308730401722896e-05,0.9999642297708579,6.870331942417385e-09,2.487829063737243e-05
4,mlp,3869,1,1,1.327806177880304e-17,0.9999999999977627,9.331731575539078e-17,1.7048463116289467e-25,2.2372741678646094e-12,4.288936832620025e-21,1.711008357751254e-44
4,mlp,7207,4,4,2.9971038992473223e-05,7.502317603873708e-08,0.010932289335886513,6.753443669036009e-08,0.9888428313121382,4.702364285696315e-07,0.00019429551894145568
4,mlp,13460,3,5,0.005362652059343141,2.4773745331512696e-05,0.000942096577945015,0.07256510940751103,0.00044004333785544196,0.713202302374414,0.2074630224976
4,mlp,9651,6,6,0.0032811295340020503,3.820675331951129e-06,0.0003853686281507769,0.00021289987512455275,0.0012209381714311915,0.0009291169537394855,0.9939667261622199
4,mlp,7327,4,4,0.0022454503611527643,3.546303497459045e-07,0.07486666363550495,2.460527660637678e-07,0.9228272017550632,6.7368012658156456e-06,5.334676389746602e-05
4,mlp,7833,6,6,3.526325116724501e-05,2.515679273463929e-06,8.54690249578263e-05,0.10158022300017065,0.002457516373984241,0.00016661842243135392,0.8956723942480151
4,mlp,5114,2,2,0.00010420682829308176,3.3023221784370104e-05,0.9996007424193736,4.967882938544105e-11,0.0002615701340774799,3.8893249380868996e-07,6.841429879303935e-08
4,mlp,7815,6,6,2.7959417547317832e-05,7.088711028597417e-07,3.9284317818211126e-05,0.03962618239507168,0.010956953148251798,3.0751705427174605e-05,0.949318160144781
4,mlp,2774,0,0,0.9945857794871086,3.852532949175122e-06,0.005044614101117473,1.3740474132576407e-07,2.3711508814747216e-05,0.00034171733741535993,1.8762785366174575e-07
4,mlp,183,5,5,3.0764925627296574e-09,4.626356352833359e-10,1.4666263745643054e-08,5.834488488427496e-05,6.319124114673397e-09,0.9999398955396076,1.7350509919561404e-06
4,mlp,12201,3,3,5.307819813519713e-07,1.3269379163473196e-06,6.821624367944619e-06,0.9388277082923736,0.0026639001887003083,4.956236256737605e-05,0.05845014981209293
4,mlp,4581,2,2,0.014833632312196112,1.921544776514217e-06,0.9818674062322582,2.4860278213880728e-08,0.0032888462221656754,4.701222042501743e-06,3.467606282837772e-06
4,mlp,8121,6,6,0.00021939398061245562,0.00015504404680184952,0.0009266953543443714,0.23661833305109103,0.007899959754812731,0.006288883001902688,0.7478916908104348
4,mlp,2370,0,0,0.9998664348739056,7.015028457261389e-07,3.9484455783000504e-05,1.1489357059706398e-06,4.8686386961030365e-05,4.301343195566717e-05,5.304128427922518e-07
4,mlp,5145,2,2,0.0007403486001219451,4.442097578056402e-06,0.9974402594760328,6.923847544380014e-10,0.0018147077009130121,1.9432299662035062e-07,4.710997271947547e-08
4,mlp,12957,3,3,2.3867182375342617e-06,3.2541080593827518e-06,1.4663731256715352e-05,0.7655887169355153,0.09907592971852093,3.0342711416765987e-05,0.13528470607699353
4,mlp,9076,6,6,0.0005085068275358163,9.127962917458843e-06,0.0024247836804065833,0.0004058864103515964,0.0047005623649401624,0.00019361289115896,0.9917575198626895
4,mlp,4243,2,2,0.003528330928448178,3.4372434328617653e-06,0.9958027546014683,2.7362723913086022e-08,0.0006315398309588517,4.872246024613574e-06,2.9037786943448194e-05
4,mlp,5396,2,2,5.074821570788913e-06,1.0027031176569127e-06,0.9999082007098038,7.499341280765922e-13,8.571370139609375e-05,6.738549675882466e-09,1.3248120979422325e-09
4,mlp,4400,2,2,0.001801350446625062,9.365383086167481e-07,0.9715500504599663,3.141968579290937e-08,0.026633837918821568,1.6817035757009976e-06,1.21115130167296e-05
4,mlp,12880,3,5,1.9979115121512142e-06,2.728074151005654e-06,2.8916092082831325e-05,0.04332835971314401,2.365377000060125e-05,0.9533440761513146,0.0032702682877949057
4,mlp,8822,6,6,0.024754240775127244,2.5590443119696143e-05,0.0020882172573989718,0.018105085025398742,0.0013569771644633476,0.24430808766328896,0.7093618016712031
4,mlp,2654,0,0,0.9999927492909898,1.894969871884614e-08,1.467951325492222e-07,1.1951586336390484e-07,2.6681574540225575e-06,4.2945265322800674e-06,2.764329327876618e-09
4,mlp,5135,2,2,8.429017144514672e-05,7.216608357860788e-06,0.9991131729036207,3.0863260757597414e-10,0.0007951357878976257,1.0649559855712561e-07,7.772444736654121e-08
4,mlp,2406,0,0,0.9999174881192867,1.56037904398408e-09,5.750064720984207e-08,2.735592010542577e-07,6.619752145858255e-05,1.5863841144087898e-05,1.1789788333141717e-07
4,mlp,7453,6,3,1.352939680697735e-05,3.5807417062996254e-06,6.908015749393617e-05,0.5799333441800386,0.003192761147178643,0.0005118240325797543,0.4162758803441959
4,mlp,5933,4,4,1.3975713152403253e-06,2.6758892278983984e-09,3.898608958376048e-06,2.7221456951954722e-05,0.9970493983295816,9.248263831593529e-08,0.0029179888746653773
4,mlp,10798,3,3,2.656109105453138e-09,1.868864304715252e-08,2.8250103150476163e-07,0.998324744656325,0.00019527611040127615,2.2834882224920923e-05,0.0014568405052651143
4,mlp,716,5,5,3.2053506256192236e-06,1.9600206299117285e-06,2.8796580949980458e-05,0.01306373406904507,1.1321725945892777e-05,0.9836089699892597,0.003282012263543864
4,mlp,12137,3,3,6.335038380779798e-08,9.261154834815907e-08,1.6074846191722358e-06,0.9862670128749311,0.0006938427797111905,6.218338556363241e-05,0.012975197513242855
4,mlp,889,5,5,3.105802096941819e-09,3.885301324316149e-10,1.6821373108017488e-08,1.3515842339895594e-05,2.829797682403196e-09,0.9999852586125715,1.202399585455624e-06
4,mlp,12419,3,3,4.099594169965992e-07,2.1470423298579394e-06,1.0932141166896653e-05,0.9816228812037846,0.001365904282357615,0.00028454804493269946,0.016713177326011398
4,mlp,9756,6,6,0.02420434588044222,0.00020930372076461806,0.013214130079908617,0.00034146140326703943,0.0004148658310700373,0.06003194844605414,0.9015839446384933
4,mlp,2178,0,0,0.9994436121199451,1.9573861723145116e-07,1.1215384644040387e-05,4.518653490093855e-06,8.072856316331883e-06,0.0005223298346077409,1.0055412379474282e-05
4,mlp,9819,6,6,0.0015970998323600503,2.4433302737992383e-06,0.005943667790363043,1.5730895377532568e-05,0.0026463474296968253,6.302832544937666e-05,0.9897316823964795
4,mlp,1763,5,5,0.0006146039344953575,2.7015040559587424e-07,4.0107703735345416e-05,0.0006735338850389746,6.714973401680102e-06,0.9977021498351212,0.0009626195178018088
4,mlp,6783,4,4,4.413497018062237e-06,3.428256890832243e-09,0.00028720402967073185,3.5807297671797506e-07,0.9994445047727898,1.2868093754438058e-07,0.0002633875183502317
4,mlp,3184,0,0,0.9964946688638949,7.327968782531524e-07,0.002633576560673806,2.6928161306631677e-08,0.0008687370923396705,2.256570972138405e-06,1.1870798925925149e-09
4,mlp,9467,6,6,0.002289672936148282,1.3161106080995213e-05,0.003665729570542721,0.0003154650245731959,0.003357702085008275,0.0002776511590736936,0.990080618118573
4,mlp,8610,6,6,0.00036161488203351145,3.783907300865855e-05,0.0007362456338746238,0.042803106864734715,0.002526484922413616,0.007475912226194972,0.9460587963977399
4,mlp,4348,2,2,0.0024750560641976435,5.32388203208048e-07,0.9110340355016273,5.286317591986117e-08,0.08645497577593088,2.4154554833371674e-06,3.2931951381878375e-05
4,mlp,11421,3,3,8.677223720605723e-09,7.376695919187263e-08,8.194975272275737e-07,0.9983174398420246,0.00020197097327855448,0.00023881807905888549,0.0012408691639276168
4,mlp,133,5,5,1.1116473218487363e-08,2.7752744761958056e-09,5.001426076935946e-08,0.0003426897881122507,4.8611545116495144e-08,0.9996472645937491,9.933100585169315e-06
4,mlp,11702,3,3,9.602123505630856e-08,2.6040246983664656e-07,2.9499120897060994e-06,0.9745002196152392,0.0009582409173784322,2.9829137339166337e-05,0.024508403994248435
4,mlp,446,5,5,2.3472461760731174e-08,3.854799457376011e-08,4.465024726693228e-07,0.0006996703946771784,2.0049915103009613e-07,0.9992607252603644,3.8895322878457667e-05
4,mlp,11621,3,3,1.958366240657587e-08,4.924687927492123e-08,1.1234684848641334e-06,0.9964859859929998,0.00021700015415662222,0.00028402606491863475,0.003011795488898178
4,mlp,12221,3,3,1.0193380784060663e-06,2.5428385773962756e-06,3.8746720536226846e-05,0.9584793559404373,0.0005242644164015283,0.01581574556015642,0.025138325185812778
4,mlp,11853,3,3,1.3380485986804563e-07,3.024029346541196e-07,3.9042381683883335e-06,0.9795405351624336,0.0007090779191218647,0.00013598329831013346,0.019610063174171733
4,mlp,9674,6,6,0.002399498970852636,1.0975348073648687e-05,0.0004979662343821615,0.0002914131227345152,0.0005975630594022936,0.005808804346026926,0.9903937789185278
4,mlp,6799,4,4,1.1392229000620169e-05,3.1212111048773594e-08,0.00024188429100337585,5.939243261260068e-06,0.9961662066705526,5.786254391722451e-07,0.0035739677286319178
4,mlp,5682,4,4,4.152980319278759e-06,2.5757154162086575e-09,1.1027906171730853e-06,0.0011911200223825085,0.9944118017075091,1.449023408880129e-07,0.004391675021115506
4,mlp,5194,2,2,0.0012366152392422945,0.0005576412460488263,0.99609817022646,4.692113583701061e-09,0.0021055848364306237,1.966363301458592e-06,1.7396403337349465e-08
4,mlp,10870,3,3,2.8045587257314056e-09,2.2769093555360735e-08,2.1021338484757465e-07,0.9977524749814919,0.0003548298991085,6.5105456913730846e-06,0.0018859487866712172
4,mlp,11655,3,3,3.85495625302808e-08,2.0907410837803033e-07,2.9720324541418296e-06,0.9931071505346954,0.00017198808620681023,0.0040505779495726806,0.0026670637734000856
4,mlp,10716,3,3,3.3031436654930587e-09,2.6848215104102363e-08,3.095295503949298e-07,0.9987453238690283,0.0001369614103057027,0.0001190167941557883,0.0009983582456010158
4,mlp,13091,3,3,1.2323862158028332e-06,3.067074024359468e-06,1.1102155242312733e-05,0.9514927344324678,0.005180256915826999,0.00013206872537638726,0.043179538310846206
4,mlp,7487,6,6,6.810573173205477e-06,7.261784426560198e-07,1.4735006456107044e-05,0.408469327452839,0.008784577682195711,2.4553611995356804e-05,0.5826992694948979
4,mlp,6424,4,4,1.9288865503058366e-10,6.46389919750317e-14,1.3266241666031322e-10,4.282861837151442e-08,0.999999407236268,1.8575907781095194e-12,5.496076401596095e-07
4,mlp,7085,4,4,0.0004973155815525352,4.7120224747691666e-08,0.0015609394402093678,3.821167315600986e-06,0.9977512912276659,1.6193390671912338e-06,0.00018496612396471244
4,mlp,1707,5,5,0.0005915791527631691,1.00316661807963e-06,5.151410764594412e-05,0.0018039163202334043,1.0487146413877307e-05,0.9919076275315701,0.005633872574755367
4,mlp,3524,1,1,1.4638411678188078e-07,0.9999833164870715,5.115228416194783e-06,2.079619818146468e-15,1.1421878183706525e-05,2.220954039173545e-11,6.872643495120537e-25
4,mlp,605,5,5,5.411845511566349e-09,1.4092264743930213e-09,3.508601532144933e-08,5.7355641449140056e-05,1.261051345979454e-08,0.9999392276371547,3.3622037952375124e-06
4,mlp,7152,4,4,9.482560154332136e-08,1.6745722823727599e-12,1.3614250579749932e-07,1.3357335847252907e-08,0.9999982221712825,7.987136628086405e-11,1.5334217283059124e-06
4,mlp,8564,6,6,0.001012737123404682,1.650071392969081e-05,0.0006466068593587062,0.0254342326273046,0.0023792416986866765,0.0022807623389640586,0.9682299186383516
4,mlp,1670,5,5,5.270589771319482e-06,2.2899627961419003e-06,7.803602399636692e-05,0.0002828278700927851,2.7528269601240074e-06,0.9985211769354155,0.0011076457909677789
4,mlp,8051,6,6,0.0006421728424594097,6.153201631341793e-06,0.0003511031612168734,0.046625717312897115,0.0019259394600985441,0.0005385105863316691,0.9499104034353651
4,mlp,12480,3,3,3.300310729954023e-07,1.4424266954181093e-06,8.291250580546527e-06,0.9837877272246355,0.001359409841968332,0.0001517477345984488,0.014691051490449076
4,mlp,2551,0,0,0.9731965945746875,1.1927035706703325e-05,0.02599395164056054,3.599354047394611e-07,0.0006758804753109493,0.00011917581007628234,2.110528253220408e-06
4,mlp,12233,3,3,3.0103622737899444e-08,6.899834308053483e-08,1.051419748999881e-06,0.9936002154871562,0.0006484278968770003,1.9578459539030734e-05,0.005730627634712835
4,mlp,13488,3,6,7.363687619321527e-05,1.3011293273257643e-05,0.00017411162175998948,0.3201700408836512,0.004948453146088113,0.0024971750250550057,0.6721235711539792
4,mlp,4174,2,2,0.0028648214645433786,8.023946579371654e-06,0.9966004053700996,4.053656436310158e-08,0.0002900419807823601,1.9952997339978322e-05,0.00021671370409086593
4,mlp,7571,6,3,2.3442692501812848e-05,4.200110629913639e-05,0.00019558995599493323,0.7717145007905241,0.005049116249408402,0.0020897240122485774,0.22088562519302304
4,mlp,3392,1,1,2.5036515928074486e-06,0.9999801220123791,1.6287595500562424e-05,9.181144421187204e-13,1.0135837229122462e-06,7.315588668047048e-08,1.3179662479890107e-22
4,mlp,9027,6,6,0.0007139073172944423,1.3889971573333114e-05,0.0009586820836817359,0.0007446671930098565,0.00030492630237226987,0.000723505576868235,0.9965404215552002
4,mlp,3134,0,0,0.9999233298381239,8.957470228712933e-07,5.923701175327447e-05,1.5437767119737677e-08,1.4398576779629664e-05,2.1232751239827002e-06,1.134291810585373e-10
4,mlp,11947,3,3,1.8856204046553116e-05,1.3471138701402387e-07,2.357956297015442e-06,0.9355253040348636,0.0030342013695937877,0.0001391850121679903,0.06127996071164398
4,mlp,12521,3,3,6.02600661831085e-07,3.1751496498954814e-06,1.1589863305407044e-05,0.9714331215955292,0.0019798707254440966,0.00020135257519693004,0.02637028749021265
4,mlp,13327,3,3,6.227252967881482e-06,6.385034889576131e-06,2.1616871838079244e-05,0.8095261000798217,0.011812506993570771,0.0003627474514041946,0.1782644163155078
4,mlp,10990,3,3,1.1267871241704353e-08,5.1875757732787214e-08,5.193330004109223e-07,0.9946503040341468,0.00036077216285728135,1.7534109689100768e-05,0.004970807216677518
4,mlp,6090,4,4,1.5547398247015794e-07,4.5177908504733845e-09,1.1308162332892199e-05,4.636763372805898e-07,0.9999059537403941,2.9007713893370168e-08,8.208542144836462e-05
4,mlp,2493,0,0,0.9998840385509812,4.441464451695871e-07,5.5468022428386315e-05,3.4640877943215765e-07,1.1450523164607022e-05,4.8040901021400523e-05,2.1144717971238596e-07
4,mlp,3083,0,0,0.745337688571295,1.204529516259837e-05,0.23547824576147539,1.0263225441183747e-08,0.01915787809906783,1.4088961110804915e-05,4.3048662914209974e-08
4,mlp,10940,3,3,2.962900354690324e-09,2.3444254842504576e-08,3.7986665941710473e-07,0.9982420889646424,0.00022662101063699482,2.581733976173802e-05,0.0015050664111439722
4,mlp,7323,4,4,0.0008722164544573284,9.851308359024105e-07,0.24926437292473794,3.175030739046679e-07,0.7495958428669418,8.647501685001536e-06,0.00025761761826802404
4,mlp,5782,4,4,1.6911771716502068e-07,3.676561871628119e-08,1.7305959438039448e-06,8.361955143592358e-05,0.9991605357572249,6.834724408277613e-08,0.0007538398648157288
4,mlp,4514,2,2,0.0001136197785777195,5.637659403221839e-06,0.9723873662667812,1.756420432300322e-11,0.02748972209491017,2.045727424558607e-06,1.608455338913383e-06
4,mlp,13418,3,3,0.00012746714249550333,6.107984896257735e-05,0.0006559545732751229,0.5460332370496437,0.00469296910463654,0.010542771060032968,0.4378865212209535
4,mlp,3621,1,1,1.1328994376566349e-08,0.9999992407544864,4.1366714144612027e-08,1.8712353718422842e-16,7.065487176175116e-07,1.0871686446836708e-12,1.9589773511728117e-27
4,mlp,5115,2,2,1.439435700898323e-05,6.392968857162504e-07,0.9992294908834178,2.2516045931065775e-11,0.0007554033502942355,2.5802251459806957e-08,4.6287625733463193e-08
4,mlp,3330,0,0,0.5437809532279647,0.0036712983543717125,0.4517233226758972,1.1485593590724199e-08,0.000611970240901904,0.00021244347758588055,5.376849295269316e-10
4,mlp,6460,4,4,9.464733220093618e-09,1.3011335765844348e-12,8.08125052283829e-09,3.0542471833034254e-07,0.9999839993966055,8.186916478087559e-11,1.5677549522010076e-05
4,mlp,5585,4,4,1.3101920949217705e-10,1.4041388846867946e-12,4.696754859647512e-11,1.0128021665577249e-05,0.9999877861311155,2.177143254414096e-11,2.085646056648216e-06
4,mlp,4454,2,2,0.1057461331988319,5.025116303054993e-05,0.8934285103890638,1.207184809404106e-07,0.0005819140818325347,0.00018768165432066805,5.388794439785395e-06
4,mlp,1484,5,5,6.988503453016519e-07,1.6384594723003392e-07,4.681315508940947e-06,0.00021227982048901376,4.0440976914062247e-07,0.9995794072035897,0.0002023645543504801
4,mlp,8652,6,6,0.00037046539169163973,3.187542853248744e-05,0.0009189809446906334,0.016718693365463336,0.001757999453051179,0.0019223002477452233,0.9782796851688255
4,mlp,5112,2,2,0.010411689872620252,3.77012319284108e-05,0.9888179261343392,5.827563109452801e-09,0.0007224982165781036,1.0119070899340658e-05,5.96460717536821e-08
4,mlp,7131,4,4,0.00016245597708171614,1.7329302941767682e-08,0.0005701313089533558,2.4539460299688184e-06,0.997603385342522,5.091184462956053e-07,0.0016610469776637425
4,mlp,5836,4,4,4.279976713091175e-08,6.999252326184257e-11,1.1244550165978734e-08,6.435443016042189e-05,0.9997896327551294,1.490324845244957e-09,0.0001459572100756283
4,mlp,2429,0,0,0.9999375424198633,3.5845172649459524e-07,3.074719793608243e-06,3.616063986173465e-07,2.3476738159410625e-06,5.628945671239237e-05,2.5671689525296604e-08
4,mlp,6782,4,4,0.00460625208088503,1.0802777959983445e-06,0.14049435061916346,9.605935712806516e-06,0.7928526725866021,6.143241282876196e-05,0.06197460608701188
4,mlp,1141,5,5,5.499867788388178e-06,5.738709366253042e-08,4.2014216516193835e-06,0.0005367650748686069,8.17362550232832e-07,0.9990890943428098,0.0003635645432377078
4,mlp,6411,4,4,1.3357332952210577e-08,7.473771896805098e-12,5.4854700599780093e-08,2.1053587439447245e-07,0.9999882818190794,3.839443717390741e-10,1.1439041594556502e-05
4,mlp,314,5,5,2.1256677395134434e-08,2.279535093060678e-08,2.531733187036254e-07,0.0012633127948350465,2.3487786500474747e-07,0.998695230666188,4.092443576499689e-05
4,mlp,10973,3,3,2.1562254915974794e-09,1.6038508106927518e-08,3.043630417603928e-07,0.9987927721695316,0.00017088509543263785,3.4137972991180615e-05,0.0010018822042690094
4,mlp,8647,6,6,0.00024091339351463756,5.628547413721339e-06,0.00016590857735037564,0.008694371581925174,0.0011215815422072986,0.0013055545135962395,0.9884660418439927
4,mlp,4953,2,2,0.0001751282362387887,3.743899148018391e-07,0.9882560783430892,2.68340146847194e-10,0.011567624360049543,5.9112631694934695e-08,7.352897357533891e-07
4,mlp,804,5,5,1.9685290313248785e-08,1.7044589265393858e-08,2.660629724298742e-07,0.0001999882068111777,8.315279931677444e-08,0.9997812582563136,1.8367591223843353e-05
4,mlp,5800,4,4,5.683039218519653e-10,1.8157260281814632e-11,1.0418542352483976e-09,3.866988858814396e-06,0.9999912604637827,8.389314162814645e-11,4.870835149951093e-06
4,mlp,6934,4,2,0.003357230846496873,2.7875871233769993e-06,0.756178288386012,1.934338412699199e-07,0.23271435299335652,8.086309189067484e-05,0.007666283661279374
4,mlp,10489,3,3,1.3873625836840585e-10,9.785394689524245e-10,2.3444308792965908e-08,0.9995972424170501,0.00011916447999866234,1.0178252593553408e-06,0.0002825507161073448
4,mlp,5479,2,2,0.0063507071638788486,0.01103640903589221,0.98215797430341,5.621800196334447e-10,0.0004410821722136486,1.3826688506497777e-05,7.391891280782975e-11
4,mlp,465,5,5,3.843630973848399e-06,1.385470739884253e-07,4.124725035405512e-06,0.002880238253371733,2.0455455379954556e-06,0.9965195256615684,0.000590083636438631
4,mlp,4183,2,2,0.0026957954098690818,4.396623477417653e-06,0.9205355960859524,1.725358723280636e-07,0.07646787315252733,9.613136316265885e-06,0.00028655305598534423
4,mlp,2233,0,0,0.9984528882715996,3.6612286447898984e-07,0.0012133578113774637,2.4875626953022476e-06,0.00010373522378229175,0.00020248526740955118,2.4679740271231262e-05
4,mlp,248,5,5,1.5117153267398273e-07,1.2194208104400968e-08,2.774651769378815e-07,0.0008058428802426065,2.0313059120337237e-07,0.999147896219021,4.5616939227562185e-05
4,mlp,13078,3,3,2.3069683911747664e-05,1.8491588764133956e-05,0.00023862465249968265,0.7913545468190585,0.0026232307321127756,0.006732277609643,0.19900975891401013
4,mlp,4215,2,2,0.043289570970035315,4.749302779323065e-06,0.9556574753614212,9.789591546151407e-08,0.0009342949369621835,8.42476197684031e-05,2.9563913117948276e-05
4,mlp,13423,3,5,6.907895253329754e-05,4.412266556154797e-05,0.0005580818594128713,0.34622027153121365,0.000736994878027494,0.576446229620908,0.07592522049234324
4,mlp,10416,3,3,5.93045795785019e-10,2.4454174828140945e-09,2.5704617159648907e-08,0.9981107180911533,0.0013694146223097899,2.861402043668648e-07,0.0005195524032520415
4,mlp,10448,3,3,1.2506984883798768e-10,6.633318700546954e-10,2.057197229983874e-08,0.9996260411884902,6.0623878408494934e-05,1.2053995466110877e-06,0.0003121081731808288
4,mlp,6612,4,4,0.0004307669065281344,1.5009764115955654e-07,0.018050611353625564,4.915121202681336e-06,0.9309456808515942,1.4281837666761199e-05,0.05055359383174136
4,mlp,8751,6,6,9.223693604871222e-05,2.3428450060140762e-06,8.955575287975564e-05,0.004622493386265774,0.0028584056340477987,7.59099832487487e-05,0.9922590554625033
4,mlp,10664,3,3,8.657831745456625e-10,5.6038141833567675e-09,7.365396549141324e-08,0.9989571250669658,0.00025011526574928534,2.069350525055077e-06,0.0007906101931969947
4,mlp,9858,6,6,0.0014359884110298848,1.2681429458143946e-05,0.009175018835765728,3.406138200900774e-05,0.0027940159236542477,0.00029697003561752664,0.9862512639824655
4,mlp,7190,4,4,0.0034965703686249223,1.0796229161523457e-07,0.02694145670740508,9.792236770318096e-07,0.9694591459178908,4.759963924786294e-06,9.697985618564253e-05
4,mlp,10133,3,3,6.717695570850883e-12,8.959104759246787e-11,3.982444870790026e-09,0.9999461170799816,1.8997940545563685e-05,2.2598044038760056e-06,3.26210963154087e-05
4,mlp,8860,6,6,0.02550817114575855,4.6827591920620324e-05,0.002822285509889876,0.004707815535982201,0.0007573223026871806,0.018919897312969267,0.9472376806007923
4,mlp,6938,4,4,1.4285079521558302e-05,6.890564138942148e-09,0.0001872911735713253,2.515867636408835e-07,0.9983639248919369,8.756443161321697e-08,0.0014341528132105744
4,mlp,2139,0,0,0.9916626128212309,1.8081995447797723e-06,0.003911903459655084,4.578986773467789e-05,0.0020366520746185643,0.0010560552269871684,0.0012851783502289232
4,mlp,12435,3,3,1.104031076299792e-07,3.4667158826659876e-07,3.7331921976049065e-06,0.9890578585090144,0.0006706306631924674,0.00020732331840256945,0.010059997242497213
4,mlp,1428,5,5,1.1704616642113075e-05,5.9678823266764275e-06,0.00010366758652627378,0.010587196642321134,3.2364011468095466e-05,0.9832495950971422,0.006009504163573519
4,mlp,5747,4,4,1.4552036063716779e-06,2.298293783441456e-08,1.1256157661550987e-05,2.5993134225533384e-05,0.9996519697523156,1.3635570135752136e-07,0.0003091664135515371
4,mlp,12599,3,3,1.5785572062324213e-07,3.0820364492700536e-07,2.2400944081851428e-06,0.9842130330076629,0.0017171239830144512,3.480603423535801e-05,0.014032330821313561
4,mlp,11108,3,3,7.804242817269951e-09,6.748890042398411e-08,8.024566330593557e-07,0.9976196395297039,0.00026272343928916345,8.295715477883719e-05,0.0020338021264518463
4,mlp,1616,5,5,1.229728380784484e-07,1.2503928771637493e-08,5.65330943610565e-07,1.459198394349987e-05,2.7617275603110348e-08,0.9999770948581267,7.584732943809361e-06
4,mlp,5220,2,2,0.009510701439353326,0.00011781483442483318,0.9899582551688528,2.4508064419949777e-09,0.00037308448853966725,4.010837811861033e-05,3.323990427468472e-08
4,mlp,7426,6,3,9.74573921243498e-07,5.321566507132512e-07,4.612704673167744e-06,0.8557385237820497,0.004970760498049655,8.257780615823304e-05,0.1392020184784972
4,mlp,4737,2,2,0.000916813352873532,2.8239602829121805e-06,0.9986333244699577,2.253290450159789e-09,0.00044530729119647095,7.979474484546205e-07,9.307249505148125e-07
4,mlp,7828,6,6,0.00031143855389715756,2.916902593219861e-05,0.0006945622084321072,0.44360764739014147,0.002146767707193905,0.09691525205127739,0.45629516306312573
4,mlp,682,5,5,6.484201785619875e-08,4.101274048306376e-08,7.64332278359204e-07,0.0005802546532883685,2.83918300484765e-07,0.9993403265118197,7.826472955489132e-05
4,mlp,11479,3,3,1.0426669644173463e-07,2.601642895235072e-07,3.354135175430662e-06,0.985862823699934,0.00042234676718637637,0.00028275306040563986,0.01342835790631261
4,mlp,8259,6,6,0.0001825193936649894,1.0843396371576855e-05,0.0003055887018293866,0.013078817893072988,0.0021419001821457416,0.00020868234396288673,0.9840716480889523
4,mlp,10149,3,3,6.965295760801153e-11,3.4039554856787275e-10,1.0292504605334168e-08,0.999782247444303,3.970029772727971e-05,2.6247356051208944e-06,0.00017541681981154603
4,mlp,6554,4,4,0.04839944506255899,3.5573191711695137e-06,0.03306878861578104,0.00010739641200772079,0.9101270341606739,0.00015964388838320083,0.008134134541424053
4,mlp,6705,4,4,0.00019155262772298787,2.9522837745210407e-07,0.01831151762056344,3.311571331638247e-06,0.9392772599017325,9.538802001507098e-06,0.04220652424827036
4,mlp,10521,3,3,1.213958350376043e-10,2.30097665899473e-09,5.196281653697685e-08,0.9997965834231819,2.9137604356316194e-05,0.00011180787827983345,6.241670899273275e-05
4,mlp,12371,3,3,4.0723056850709806e-07,5.395873728728484e-07,1.037980160483451e-05,0.9739865130814194,0.000653495353132225,0.0009391762505046926,0.024409488695397562
4,mlp,8793,6,6,0.001985532474472736,9.378070427636592e-05,0.0033929566197176404,0.01983505145581644,0.0012922822783237337,0.05965223452899032,0.9137481619384028
4,mlp,12913,3,3,2.307379732332302e-06,4.225518540433624e-06,5.576371703558568e-05,0.9537238139696936,0.0011723981374975277,0.002970574544219653,0.04207091673328075
4,mlp,12667,3,3,4.855420027209372e-08,1.3644470391606622e-07,4.89136977687048e-07,0.98571770346489,0.00319300150737652,1.5062981729994174e-05,0.01107355791012166
4,mlp,1930,5,5,0.08984770743454801,2.0766240467555272e-07,3.147169685587358e-05,0.0003913383389983391,4.3556094970649195e-06,0.9097065564003155,1.8362857380546068e-05
4,mlp,11720,3,3,3.0133452670832634e-07,1.153808835237834e-06,1.5726068724599218e-05,0.5895704827565791,9.157148259800674e-05,0.40553132641216555,0.004789438136570859
4,mlp,10309,3,3,1.0313453658481361e-10,1.7095779961258818e-09,4.128126104269755e-08,0.9998468841891976,3.848929899514725e-05,4.421332562228172e-05,7.037009221122075e-05
4,mlp,7446,6,6,2.6825516722610478e-05,3.0397286443464526e-06,6.321697611290887e-05,0.3788680871593265,0.0010495408644044665,0.0012750859539078928,0.6187142038008813
4,mlp,2590,0,2,0.09134175464487651,2.0617457307105225e-05,0.9074043875935984,2.0879147976216345e-07,0.0005334856709025527,0.0006109403405303642,8.860550130513542e-05
4,mlp,12891,3,3,1.126733420874535e-06,1.2899931105290127e-06,7.196845405546951e-06,0.9247573670481907,0.0044897821038491015,9.940888450933427e-05,0.07064382839151397
4,mlp,13397,3,5,5.856164715753217e-06,3.4407553054570134e-06,5.190116116655428e-05,0.015675541425871332,2.2120410490689906e-05,0.9794315771530971,0.004809562929353052
4,mlp,10006,3,3,8.46524187126551e-13,9.85629445065403e-12,5.486848505759368e-10,0.9999889746311714,5.440707835695125e-06,2.8317126353253976e-06,2.7523889697405344e-06
4,mlp,9176,6,6,0.0011880402860086695,2.7861792030141962e-05,0.001253503728725523,0.0007711775790730114,0.000577247840773618,0.00161731782679659,0.9945648509465925
4,mlp,3653,1,1,4.71032789546807e-10,0.9999893844337859,5.132636615831333e-07,5.186848984414603e-17,1.010183144600418e-05,7.340374293381317e-14,1.171861066191485e-26
4,mlp,12980,3,3,6.186901171512793e-06,6.350050643909554e-06,0.00010244002690852833,0.8803602029081894,0.0007925760873184276,0.050190768231375076,0.06854147579439299
4,mlp,12780,3,3,2.0340937078127817e-05,9.492047524137691e-06,0.00021228952476524984,0.46287364817748466,0.0004042882725916952,0.455706181163463,0.08077375987709302
4,mlp,4863,2,2,0.0011004964030559995,2.0735677621332024e-06,0.9982528963587115,2.4525511596521263e-09,0.0006431818650558591,8.961002723017125e-07,4.532525907555641e-07
4,mlp,3536,1,1,1.4379186286546442e-08,0.999999583497407,1.7623973282183015e-07,3.8379248264506784e-16,2.2585577748411622e-07,2.7895867131478672e-11,6.033698671547934e-27
4,mlp,12368,3,3,5.893689105204157e-07,1.8621319571642885e-06,9.390500193597748e-06,0.9496349582356488,0.0025643513947654997,6.655419108761557e-05,0.04772229417743666
4,mlp,11313,3,3,3.152945876130461e-09,3.595736480064219e-08,1.8240885160951264e-07,0.9974717206903524,0.000861987226649231,3.9290934920997135e-06,0.0016621414703438787
4,mlp,6863,4,4,5.828440150034633e-07,6.839815563697098e-11,3.4658757245803816e-06,5.138695685524627e-08,0.9999120698942134,3.276701286233444e-09,8.382665399094746e-05
4,mlp,2627,0,0,0.9998647490247939,6.332048228988768e-07,1.5645797831071052e-05,2.12763011354375e-07,2.356282910139194e-06,0.00011639044599171867,1.2480638779669295e-08
4,mlp,4112,2,2,0.07954876922852121,8.242256819870361e-06,0.9170650543190303,4.0782418053761327e-07,0.0032451147035141366,7.635319162925972e-05,5.60584763046928e-05
4,mlp,2515,0,0,0.9999813751940096,6.082404327258085e-08,4.74642084098918e-08,3.4408004973682757e-07,3.745940847686701e-06,1.4417014273816102e-05,9.482567313757281e-09
4,mlp,6345,4,4,8.814655619212669e-09,5.6154374498074e-11,5.5312088988450273e-08,1.540340589291772e-06,0.9999737066895793,4.453487279784031e-10,2.46883415837374e-05
4,mlp,8571,6,6,0.0002835496813364677,2.6185147351114494e-06,0.00023686378773791133,0.002355105190686911,0.0005002965360497459,0.0001703208283338755,0.9964512454611201
4,mlp,1980,5,5,2.6437811239162636e-05,5.769679931620806e-06,0.000352659877331675,1.5193138649827634e-05,1.7027798496883878e-06,0.9989009434639529,0.000697293249045113
4,mlp,11235,3,3,3.950133615008791e-09,2.17331488024358e-08,4.560070815922225e-07,0.9986233037787593,0.00013448564733668458,8.91514603760755e-05,0.0011525774231638647
4,mlp,5416,2,2,0.10798036189406895,0.010935645260174725,0.8741386950555011,3.1133154417631144e-08,0.006919637005870617,2.5625817367404543e-05,3.833862578853358e-09
4,mlp,12515,3,3,5.218100275548576e-07,2.3669781422049736e-06,1.4377877121497553e-05,0.982074321112981,0.0011437723606178606,0.0008252406260913661,0.01593939923501857
4,mlp,5066,2,2,0.25517303010716097,3.411055236427808e-05,0.7299480571102911,8.955251113676136e-08,0.014825803116377243,1.885942782347382e-05,5.013347175142999e-08
4,mlp,588,5,5,4.140880041945705e-07,1.8736601448672894e-07,2.4819014410139938e-06,0.004175065815553471,1.7744420213222263e-06,0.9953764249828779,0.00044365140408763953
4,mlp,1175,5,5,5.018717291805759e-05,1.2369013910328874e-06,3.6364093818719835e-05,0.004397535304945629,1.052037253287249e-05,0.9915729012091883,0.003931254945205369
4,mlp,11719,3,3,4.0440401576428674e-08,2.6753911177910506e-07,2.172103738894761e-06,0.9943581566224086,0.0005106266970789121,0.00012349400655165484,0.0050052425907085776
4,mlp,1880,5,5,2.0078180802741834e-05,1.1590676803382333e-06,9.85578375020898e-05,5.0480115252687945e-05,1.1742439078603454e-06,0.9988661964758029,0.000962354079051258
4,mlp,127,5,5,1.492882624707188e-08,3.303855258026304e-08,3.1827581720031803e-07,0.002214179282118004,3.014286941612108e-07,0.9977430566517846,4.20963942070794e-05
4,mlp,8931,6,6,0.0002691619504586502,5.2508051319524516e-05,0.00039767105081965653,0.024903360319085237,0.0044620414572176656,0.011679746382899831,0.9582355107881994
4,mlp,4178,2,0,0.7383255789378949,1.1436686621316836e-05,0.2463378615966044,4.551476192952275e-07,0.015237839370890406,8.155688704521621e-05,5.271373324584532e-06
4,mlp,2898,0,0,0.9999826954497042,1.4764077278524929e-06,1.243049244520113e-07,1.167805815952297e-07,1.2658182332187976e-05,2.928704938443692e-06,1.697911727726726e-10
4,mlp,10578,3,3,1.0099820196444495e-06,7.482246329235795e-10,2.8118674777281845e-09,0.9998658595935883,4.4025399347270265e-05,3.86129722179671e-05,5.0488492734726334e-05
4,mlp,4698,2,2,8.927842967721286e-05,8.473151248416563e-07,0.9995994769101857,8.84684625411391e-11,0.0003094918656627333,2.4857699455894605e-07,6.568138863547515e-07
4,mlp,4068,2,2,0.0015279064617472668,1.323600948840961e-06,0.9648826789313436,6.030495194570402e-08,0.03245006300489303,6.2934582893131495e-06,0.001131674237825988
4,mlp,13087,3,3,1.9267090068742053e-06,3.3050160473342244e-06,2.0982789692138375e-05,0.9532772389324755,0.0019398976531475101,0.00150865675321285,0.04324799214641782
4,mlp,5516,4,3,4.289186117676779e-06,1.3943025961690644e-07,2.800842695153661e-06,0.6160827587782828,0.021161921394035586,1.686984173696543e-05,0.36273122052687223
4,mlp,2414,0,0,0.9998955296130048,6.01735487914861e-07,3.7032176236220424e-06,4.95042753502916e-07,3.517068128640833e-06,9.61062769066495e-05,4.7046094740819105e-08
4,mlp,480,5,5,6.897685732882043e-07,2.9103355780595164e-08,1.0247947179354252e-06,0.0012107886524441451,6.133017719704628e-07,0.9985901035616013,0.00019675081753557053
4,mlp,5053,2,2,0.0027180906576957753,1.680465782170871e-05,0.9965128024967752,3.4340578124714593e-09,0.0007490937267179042,3.1001414719308176e-06,1.0488545952192886e-07
4,mlp,12533,3,3,5.425682779671847e-07,2.3488963981963324e-06,1.1482255571761932e-05,0.9605099503662591,0.0028651229930393702,7.397805127879866e-05,0.03653657486917469
4,mlp,3173,0,0,0.9999055540204109,5.081384371142347e-08,5.072284789249192e-09,4.6434298145986214e-08,9.418030409448459e-05,1.6334933128789972e-07,5.736615994282038e-12
4,mlp,604,5,5,4.8414112426907845e-05,5.260571366506048e-07,1.9068043680297797e-05,0.03977682321733551,2.7797196827825233e-05,0.9562762779267295,0.0038510934458631536
4,mlp,557,5,5,2.2116541954013673e-08,1.1836507798556139e-08,2.0610905640490343e-07,0.00026328431930425277,8.437160536958004e-08,0.9997130998445933,2.329140239073386e-05
4,mlp,7824,6,6,2.898575236753107e-05,8.654990208428698e-06,0.00011648926082954105,0.42033836415175546,0.005582245394227691,0.0008074264167875075,0.5731178340338239
4,mlp,8163,6,6,4.720847297403235e-05,3.547770392700233e-05,0.0003494626892511428,0.09222864195803408,0.015933293755791045,0.0002673287126877568,0.8911385867073349
4,mlp,6902,4,4,3.852802672625494e-07,2.40749334872585e-09,7.6003544331886235e-06,4.352454944966455e-07,0.9999753773714135,1.983759928615616e-08,1.6179503298839673e-05
4,mlp,9648,6,6,0.0004326190182864362,6.409399477578547e-07,0.0002519915637232992,0.0007546123547571325,0.09741990863994089,4.797525165757695e-05,0.9010922522316869
4,mlp,1720,5,5,0.04990226491635943,1.4159983149322127e-07,6.26252768984341e-06,0.0043075791003111255,2.6327367130404992e-05,0.9453913625909038,0.0003660618977739928
4,mlp,1066,5,5,1.1714135810070828e-06,2.0955201862468172e-07,6.747860605788666e-06,0.0008949325165158899,1.282804619062723e-06,0.9983268616918454,0.0007687941608141808
4,mlp,8911,6,6,0.0005294412692141899,1.0619680741769782e-05,0.0003553738479074708,0.0032729693115254497,0.0005122695760935151,0.0067838939539564425,0.9885354323605612
4,mlp,8232,6,6,0.00021647325217955741,2.4120952184804927e-05,0.0005475078125643256,0.1270548316621314,0.002359447266223502,0.012875740872937148,0.8569218781817792
4,mlp,2479,0,0,0.9977668691379198,1.71906532029717e-06,7.731027971845724e-07,2.8393379801693954e-06,2.146765511436795e-06,0.002225651461620633,1.1288506772789575e-09
4,mlp,7992,6,6,0.0002700524210021091,4.311816863401987e-05,0.0005626693548050116,0.0836472233825289,0.002961043203382977,0.0034732796669686376,0.9090426138026785
4,mlp,12608,3,3,1.1195583631696172e-06,4.988531082665267e-06,2.3671236651925355e-05,0.9702174160834617,0.0016072959681751868,0.0008372411001953736,0.02730826752207005
4,mlp,12772,3,3,5.227039213191617e-06,5.416333968226429e-06,7.977383465303348e-05,0.8868358166905914,0.0008111917231747721,0.049763543025444314,0.06249903135295499
4,mlp,13452,3,6,4.7981062163732685e-05,4.412632900556155e-06,9.616638411793207e-05,0.11581277844179062,0.0040478805325649386,0.0001977138686678954,0.8797930670777943
4,mlp,9046,6,6,0.0006137895388852213,4.0412757938687695e-05,0.001495841533690066,0.005458589654337021,0.0010254412390230177,0.0032204960498384127,0.9881454292262875
4,mlp,10061,3,3,3.117084665547583e-12,3.55599597735738e-11,1.9401844069321664e-09,0.9999745420531991,8.013266633734859e-06,7.923101325429492e-06,9.519599980039998e-06
4,mlp,6283,4,4,5.820943577150867e-07,2.220241339168508e-09,5.2932799007520446e-05,3.4599024132537825e-08,0.9998955533203135,2.1985371278993408e-07,5.067511334302848e-05
4,mlp,13451,3,3,2.4826827978272023e-05,1.3905824095474271e-05,8.06667322244641e-05,0.5721693858662499,0.013713043459085564,0.0003821627192711731,0.41361600857109526
4,mlp,1478,5,5,6.813527210271319e-05,4.865352884963761e-06,0.0001761413144200766,0.004659882741748735,2.6774688547691084e-05,0.978237097536402,0.016827103093894017
4,mlp,12770,3,3,6.488162107555145e-06,8.383879008616358e-06,7.534457653149773e-05,0.875044343063372,0.0021962450449789445,0.002286610606260942,0.12038258466774034
4,mlp,1666,5,5,0.0013276506747319082,2.291289611097551e-07,3.2185294642868674e-05,0.0007204350079008203,3.917256348199951e-06,0.9974906283687223,0.000424954268692675
4,mlp,10302,3,3,9.894178655274833e-12,1.600454964064606e-10,2.6193062015925027e-09,0.9998753728992078,5.910188519850812e-05,4.826462240186418e-07,6.503978012370421e-05
4,mlp,476,5,5,9.37091422875483e-08,9.119817791315031e-08,1.1963883465413878e-06,0.0013375765118102084,5.195816275285848e-07,0.9985447759119433,0.0001157466989521635
4,mlp,13170,3,3,1.914913268666751e-06,3.9768727898592474e-06,2.0287601325556776e-05,0.9575828061937337,0.0023255289854745855,0.001189968214542375,0.03887551721886514
4,mlp,4359,2,2,0.002414518751694569,1.1705404737865555e-05,0.9973144143873072,5.345814701491281e-09,0.00022823285220016483,6.968336136524531e-06,2.4154922108962283e-05
4,mlp,10681,3,3,5.1713746351021705e-11,5.875699594109416e-10,6.706774494246875e-09,0.9997065379079804,0.00010214252695968876,1.4462417130460422e-06,0.00018986597728864544
4,mlp,5157,2,2,0.008083991120251878,1.003161109891902e-05,0.9895037366553099,3.789941754741171e-09,0.0023997945766360313,2.416080719651547e-06,2.616604191382118e-08
4,mlp,1235,5,5,8.906389831922166e-07,2.9999973083766864e-07,5.403811835125372e-06,0.0009521463422482174,1.197487561662896e-06,0.9985974861457985,0.0004425755738424498
4,mlp,1644,5,5,5.941510868477094e-07,7.079390890063211e-09,5.670906751737647e-07,1.4157933926613094e-05,2.7759278654338107e-08,0.9999766546753444,7.991310297567133e-06
4,mlp,2213,0,0,0.9884961477521843,7.752729292949601e-06,0.010025811942810173,4.162262133650615e-06,0.00018585216991146751,0.0008039047332161802,0.00047636841045122543
4,mlp,12584,3,3,8.944660079547281e-07,5.258776144138095e-07,4.814842504346155e-06,0.8750686707118138,0.005372095918795179,1.67922911260303e-05,0.11953620589213813
4,mlp,10821,3,3,4.846896505735024e-10,1.9324115424645215e-09,1.9787226124341578e-08,0.9989177880424264,0.0003380695131079749,6.29491739159063e-07,0.0007434907483990825
4,mlp,2118,0,0,0.993923087216437,1.4990550394614075e-06,1.3345317670593773e-05,8.930714135991325e-05,3.1294475447435405e-05,0.005877291460708908,6.417533333661805e-05
4,mlp,6391,4,4,2.1521805760416403e-06,4.123666908810283e-09,1.5037907786149684e-05,1.3813762296933078e-06,0.9999596195621001,2.561056700436394e-08,2.177923907399408e-05
4,mlp,1796,5,5,0.03279669173534133,1.710691001552679e-06,0.0001234386048033501,0.0038798159208789868,3.0567778871477195e-05,0.9593545932532644,0.003813182015838838
4,mlp,4875,2,2,0.015910860102650113,3.3374059407855286e-05,0.9819085678343026,1.0550111729473358e-08,0.002139866372150141,6.155508866940279e-06,1.1655725105926098e-06
4,mlp,11543,3,3,8.27170227434186e-09,7.474307149903473e-08,7.823758851294137e-07,0.9986098532181232,0.00019284250566021236,0.0002740819067496922,0.0009223569788077392
4,mlp,4684,2,2,0.006736799124592379,6.440679116771268e-05,0.9925063431027106,1.98063760757493e-09,0.0006767196949104268,1.4755567615860649e-05,9.737383653437626e-07
4,mlp,2714,0,0,0.9906715833068883,1.070565310090535e-05,0.00903294088071669,2.627092596952464e-07,5.387600750495912e-05,0.00023029810835724937,3.333341719589035e-07
4,mlp,4396,2,2,0.00029832512626516505,1.0743150669047297e-06,0.9948071884565819,5.9841950541445075e-09,0.004883087343866865,7.599487444794189e-07,9.558825279471093e-06
4,mlp,12607,3,3,2.226024279509922e-06,5.948677174558154e-06,6.041382923703147e-05,0.9528050395332084,0.001110499291474959,0.005739253715887956,0.04027661892873776
4,mlp,11789,3,3,3.969242213160372e-08,9.463047155266489e-08,2.4354855443134906e-06,0.9949759911912186,0.00022612341465947576,0.000615949530053116,0.0041793660556308405
4,mlp,10022,3,3,2.534727878156363e-12,1.0655045436022079e-11,1.4597245306051866e-10,0.99977221881705,0.0002071699345630751,9.373182661041716e-09,2.0601716042191765e-05
4,mlp,12009,3,3,2.94497890507955e-06,8.907274432875581e-07,1.2774794431211082e-05,0.966869653458849,0.0009692761305771733,0.0009937422112937869,0.03115071769850041
4,mlp,4996,2,2,0.24947953191080055,9.018753106128143e-05,0.7499959789314238,2.3894763120276624e-08,0.00033507778790018024,9.904622469363386e-05,1.5371935766069242e-07
4,mlp,447,5,5,4.003429596452945e-08,7.344678965648657e-09,1.6927073422247105e-07,0.0002229573069662281,6.380649884130096e-08,0.9997587466080856,1.801562874034018e-05
4,mlp,12654,3,3,1.4498882673406338e-07,2.46516665169363e-07,9.131522110821301e-07,0.9687345760352117,0.007977237469422919,1.1654733589704166e-05,0.02327522710407268
4,mlp,12532,3,3,3.870410729022281e-07,3.2627578188747456e-07,4.54542085148349e-06,0.9534173941908044,0.0013285073355096461,0.00022685344510942087,0.04502198629087017
4,mlp,11478,3,3,1.9557192095446458e-08,3.603694612404056e-08,3.6526752106573166e-07,0.9886398847110077,0.0008322601426107387,4.222815148458323e-06,0.010523211469573671
4,mlp,8520,6,6,0.00918399470929492,1.1997702721386574e-05,0.0006701234496539358,0.030164029030918298,0.003921143825539071,0.0027639453393167564,0.9532847659425555
4,mlp,1684,5,5,7.562224608381023e-05,1.9404250821771737e-06,0.00011142643203396004,0.0005782275652841787,6.170681817686546e-06,0.9956537005622703,0.003572912087427817
4,mlp,7835,6,6,2.0473021496460582e-05,2.9928727474617624e-07,9.63248920428517e-06,0.03578513445204776,0.0023323812948050997,4.9676815826017754e-05,0.9618024026393456
4,mlp,11225,3,3,8.489498815064952e-09,6.894087180440361e-08,8.319123494724907e-07,0.9980497997380395,0.00019131957338686134,0.0002754342391108424,0.0014825371067425572
4,mlp,267,5,5,1.751956195443366e-09,3.3809841487579637e-10,1.2391433086753764e-08,3.318554412694401e-05,4.216007096287215e-09,0.9999654245529176,1.3712054606651707e-06
4,mlp,6976,4,4,0.003258254530337986,1.914909376522232e-08,0.00034919596164066516,1.2038265881842167e-05,0.9957896085929405,2.8585880968757877e-06,0.0005880249120083723
4,mlp,5580,4,4,6.491354297601852e-09,2.002808746536613e-10,3.0595697426191562e-09,0.0006221843973615208,0.9992541251951351,2.277749781043884e-09,0.00012367837854884082
4,mlp,1253,5,5,1.1088721620778967e-06,4.9126869094806904e-08,1.7190006705639995e-06,0.0003938927970899735,4.1580119142980017e-07,0.9994374085354998,0.0001654058665169634
4,mlp,9851,6,6,0.004908599734045749,3.0661516608835046e-05,0.009864341574735485,6.642198084117416e-05,0.00142099558492332,0.002284723296531488,0.9814242563123139
4,mlp,3546,1,1,1.3761792870478931e-08,0.9999996133575834,1.428653428629682e-07,3.272870984384348e-16,2.2999926991938604e-07,1.601079833230885e-11,2.2677271107646534e-26
4,mlp,6060,4,4,8.132203167956866e-08,8.713792848201398e-10,1.2847839745404172e-07,5.901811706222564e-05,0.9992076336736424,9.780514794638097e-09,0.0007331277569722992
4,mlp,6893,4,4,6.888828925501361e-09,8.022810440022482e-12,8.030632773665757e-08,7.33984878117603e-08,0.9999938857999859,1.6184747587941566e-10,5.953436499246479e-06
4,mlp,9739,6,4,0.00021526102556374555,1.2195871199483315e-05,0.0045115757907268055,0.0002982619933900248,0.5506681269974575,8.799174909549258e-05,0.4442065865725669
4,mlp,8419,6,6,0.0005800204805582203,1.8502148550693314e-06,0.00018541731968598895,0.004762593848121174,0.0015363191959530287,0.0004124434574505767,0.9925213554833758
4,mlp,12902,3,3,3.181815051490499e-05,1.1536123925331478e-05,0.00020319229421591022,0.5664426735966025,0.0024974807629081323,0.004418594262427446,0.4263947048094059
4,mlp,1136,5,5,2.206624007430987e-07,1.0498652799702907e-07,2.409817227486225e-06,0.000357025324492836,3.8904128329167674e-07,0.9995275307838131,0.00011231938425450696
4,mlp,686,5,5,9.300561413423504e-07,6.344964416755281e-08,1.8424527985466541e-06,0.0009765343016767804,6.19453864926553e-07,0.9987144852944023,0.00030552499147189373
4,mlp,11148,3,3,5.16312593614623e-10,3.9915344619291694e-09,3.5580739153011094e-08,0.9990721839088217,0.0003011709588510733,2.2137263927117187e-06,0.0006243913173485964
4,mlp,3839,1,1,5.1514507885394126e-14,0.9999999990142896,1.393946493731895e-12,2.006164134029652e-21,9.842648264525264e-10,9.797202203320786e-18,1.1581304146382476e-36
4,mlp,11008,3,3,4.6355921905063286e-10,1.5816684498710391e-09,2.933963889179699e-08,0.9991631775392261,0.0001667220702073812,1.943873210388013e-06,0.0006681251324894339
4,mlp,13490,3,6,0.0014533200483351405,3.060394501928002e-05,0.0009037210526772864,0.03727621902388763,0.0009885764992405143,0.012745580527565845,0.9466019789032744
4,mlp,864,5,5,1.3579837907200378e-09,8.770150202062595e-12,1.6652908217924676e-09,6.342323249518748e-07,1.0950256341653937e-10,0.9999993355285753,2.7097552375248826e-08
4,mlp,10306,3,3,5.646825479174493e-11,7.890423319803594e-11,9.609661715924082e-10,0.9985919839307725,0.0006804481226363759,5.973521027026519e-08,0.0007275071150422792
4,mlp,10167,3,3,6.223609148703139e-11,2.853059537828292e-10,9.71501953614238e-09,0.9998299683098779,3.925001090292278e-05,2.944043139529642e-06,0.00012782757351823064
4,mlp,197,5,3,3.4707558594773106e-06,4.397338446080787e-06,9.460669267751045e-05,0.8997869266037725,0.0006570925586711064,0.04431355492522914,0.055139951125344276
4,mlp,6933,4,4,4.842438261704988e-06,6.035675372580977e-09,0.00013665685815150401,1.6940197712633733e-06,0.9985400286166883,1.5291691320137726e-07,0.0013166191145387069
4,mlp,2708,0,0,0.9999896227795009,1.7182620261540256e-08,3.160022337842874e-09,2.491050617446255e-07,7.72268077878043e-06,2.384332389731372e-06,7.596264692996539e-10
4,mlp,4779,2,2,0.001022925952417789,3.301249653328827e-06,0.9984963512164775,2.7058605575808127e-09,0.0004758814054043529,8.252542424649601e-07,7.122159438500545e-07
4,mlp,1057,5,5,0.002459885195989368,6.046001577965586e-06,0.00021073584627703928,0.04448340232469706,0.00016515338009938984,0.8992131178669593,0.053461659384399854
4,mlp,10891,3,3,2.378863816662753e-10,1.3450264402310182e-09,1.161342003578828e-08,0.9992386769217738,0.0002749112835312522,6.276865327496311e-07,0.00048577091182934874
4,mlp,3242,0,0,0.9903409611388586,1.9252826109374533e-05,0.009462979925851111,1.1226323964163134e-08,0.0001594966927304148,1.7297538912043155e-05,6.512145079214834e-10
4,mlp,13411,3,6,0.00015733769662963526,1.6873794556386606e-05,0.000342065019294851,0.1844720521997833,0.004440392129117627,0.0006790416439349774,0.8098922375166833
4,mlp,5455,2,2,5.016907202255492e-06,3.316748435714854e-06,0.9997082499022538,2.2452857098270182e-13,0.0002834112326587684,5.0548311406522176e-09,1.543939707863421e-10
4,mlp,5468,2,2,0.00011605512084944338,0.00010999498760537211,0.9992488658660249,3.994020788023848e-11,0.0005249249456957598,1.5895886745662488e-07,8.101697690711581e-11
4,mlp,4838,2,2,0.04251811901035998,0.0011057956200384257,0.9557802584614616,6.244006932936726e-08,0.0002964929184317486,0.0002973969250850148,1.8746245536051795e-06
4,mlp,1427,5,5,3.0913793251146214e-06,1.4066094342680394e-07,6.51642781241631e-06,0.00047003239727759743,1.0058378752735711e-06,0.9991549074930072,0.0003643058037591501
4,mlp,3271,0,0,0.9999990172434631,3.031839479919386e-07,2.6922104112288456e-09,4.954482168673743e-09,5.942989513684046e-07,7.76269163067385e-08,2.8752843423881454e-14
4,mlp,7165,4,4,0.0008067916673263814,2.9360130684537616e-07,0.023811261956519055,1.1152564489229186e-06,0.9749207297309395,4.075870020271606e-06,0.0004557319174389143
4,mlp,2016,5,6,0.0257906354001554,0.0002898264461465647,0.07623223146898504,9.146945541787611e-05,0.0015563004112858563,0.06332421870266648,0.8327153181153428
4,mlp,13487,3,6,0.00016601656231631567,9.249678658627546e-05,0.0007107631557744952,0.3201397679746379,0.007114810107442485,0.005097108136694148,0.6666790372765483
4,mlp,5323,2,2,0.00023903345159262705,4.318950543668169e-06,0.9991432183068978,1.665401798117499e-10,0.0006131864325921859,2.3525812582783058e-07,7.433707901930609e-09
4,mlp,6417,4,4,1.3022295098287288e-07,2.0180887442311944e-10,1.3546625420415926e-07,8.605947596098068e-06,0.9988090347464291,7.048325539423638e-09,0.001182086366635315
4,mlp,9620,6,6,0.0031566889639997936,6.173347264857048e-06,0.00048826129240553927,0.000160517039263083,0.00034832110841930783,0.0016555905553245847,0.9941844476933228
4,mlp,9919,6,6,0.022621759683121915,7.574738540102883e-06,0.007370452956332493,0.0002230912961424089,0.020188803158753408,0.001406428864698797,0.948181889302411
4,mlp,7523,6,6,2.4232009545043603e-05,3.004217325148297e-06,6.399137681120694e-05,0.38633769563008286,0.048812403602275775,4.420256031022218e-05,0.5647144706036498
4,mlp,8996,6,6,0.00012562018617688037,2.5665598255491577e-06,6.856713589435443e-05,0.012241767532163335,0.05037947073342749,0.000191367128037792,0.9369906407244746
4,mlp,7657,6,3,0.15981151480836017,1.9354107315999184e-05,0.0004257524792794118,0.5819975667050656,0.0037367852052864058,0.028760708571560697,0.22524831812313165
4,mlp,7217,4,4,2.6440243206136278e-05,8.46141421133666e-08,0.04753270490937223,1.454739061420457e-08,0.9523055517016595,5.491392267723762e-07,0.00013465484500273578
4,mlp,10554,3,3,4.526918535699624e-10,2.864240089932335e-09,8.518754317228097e-08,0.999645463445587,3.9844821036670014e-05,9.515528022267066e-05,0.00021944794867836335
4,mlp,10453,3,3,8.257424733475948e-11,6.973465466714463e-10,1.9473862402579618e-08,0.9997751786419491,4.491147809084904e-05,9.077775476910262e-06,0.0001708118506997458
4,mlp,6436,4,4,1.7351568866559194e-07,1.5638321254143216e-10,1.0816697542307458e-05,1.0587233972467882e-08,0.9999767199389197,1.089657064846512e-08,1.226820766148769e-05
4,mlp,1088,5,5,2.215657709053801e-08,1.4197757527733882e-08,3.2839346165040944e-07,6.962177846395162e-05,4.402336693505947e-08,0.9999176194997264,1.2349950646603175e-05
4,mlp,7421,6,6,1.2787422647923205e-05,4.293107777355945e-06,6.194975637548458e-05,0.4750456626971765,0.003946862631117221,0.00016766220491650126,0.520760782179989
4,mlp,7244,4,4,0.000748271054677694,7.098576888331271e-07,0.2782283753823063,2.0552374232122083e-07,0.7205338904374083,4.9326171341052605e-06,0.00048361512704249416
4,mlp,2907,0,0,0.9999875734371315,7.466644374764411e-10,3.7966783154982996e-14,6.0814432284768e-07,9.650169293781682e-06,2.1674967820954652e-06,5.767303065862793e-12
4,mlp,5464,2,2,0.04429609310270602,0.002090529561950188,0.9525908772773205,1.6232228667235102e-09,0.0010003007116229413,2.219759794835689e-05,1.2522910053345169e-10
4,mlp,6363,4,4,6.893090936965788e-07,3.358008559434127e-10,7.579255900193175e-07,4.1553998715792665e-06,0.9961649826511423,1.571513020664839e-08,0.00382939866337141
4,mlp,4616,2,2,0.000514528213709212,2.9052845014526675e-06,0.9889246206652987,8.287339531405969e-09,0.010553380353159413,1.6955109258376477e-06,2.861685065594779e-06
4,mlp,7769,6,6,9.419907723409364e-05,1.577020047727398e-05,0.0003086016786473147,0.12309495965619542,0.0023753962291313217,0.0006829485142032879,0.8734281246441113
4,mlp,12198,3,3,1.3394225524836639e-07,2.3869281713327653e-07,5.1163966485424335e-06,0.9838481356726771,0.0007041362837514922,0.00012434084973241311,0.015317898162117875
4,mlp,6517,4,4,7.064948134665067e-09,7.894000721709832e-13,3.761502880928276e-09,2.842050085660847e-07,0.9999868114313963,4.713389034004348e-11,1.2893489220665746e-05
4,mlp,7287,4,4,1.814466753823841e-07,8.204555869457166e-11,9.60708419808188e-06,1.2312075684298123e-09,0.9999893107956784,2.587729717491601e-10,8.991014220602341e-07
4,mlp,5921,4,4,1.1366922937695575e-06,4.0335682099134634e-08,8.997648091140921e-06,3.300301023516096e-05,0.9993225958660674,1.4769537770423022e-07,0.0006340787522528501
4,mlp,8858,6,6,0.00019943729928283257,1.016312136333241e-05,0.0005016334311926803,0.0019523290149699437,0.0014343568239282552,0.00017135007455949344,0.9957307302347036
4,mlp,6366,4,4,1.032360778010531e-07,5.160904546423676e-10,2.8661049815674964e-07,8.401949299299723e-06,0.9995618667756919,8.256073995513447e-09,0.00042933265626828986
4,mlp,1926,5,5,5.472638684137248e-06,1.297330914199211e-06,6.837550846317373e-05,2.0238394091376227e-05,6.076505029694306e-07,0.999583912519915,0.00032009595742920146
4,mlp,12975,3,3,3.9200527876654595e-06,3.643997848631974e-06,5.608846531003753e-05,0.8377898000580539,0.003351979533917167,0.0002760601505212397,0.15851850774156134
4,mlp,11756,3,3,1.64238937849022e-07,1.5350296869326554e-07,4.4039080670035525e-06,0.9847475869516384,0.0003112091996734885,0.001876360684264275,0.013060121514450128
4,mlp,3500,1,1,2.1581578999571483e-06,0.9999976409391359,1.9991336978002427e-08,4.0802161340643823e-14,1.8039819608993933e-07,5.133902591871779e-10,3.955544583690648e-27
4,mlp,3228,0,0,0.9999298120133964,2.208563602370846e-06,5.502139466571141e-05,8.38552666535692e-09,1.1249029011085621e-05,1.7005962221277604e-06,1.757566012659496e-11
4,mlp,2904,0,2,0.24398405338294024,0.0013687127505736772,0.7506720470547682,6.830939346651851e-07,0.0002994535306402266,0.003670116888733058,4.93329840986423e-06
4,mlp,3465,1,1,1.1679852760510561e-07,0.9999850463342767,9.210698947970642e-06,4.577628138768907e-15,5.626090239035266e-06,7.800392427721613e-11,1.3452597876673704e-23
4,mlp,554,5,5,8.37413465891896e-06,3.278270581378138e-06,5.9344423307949436e-05,0.08100140245801075,5.687571719076213e-05,0.9068281099876728,0.01204261500857733
4,mlp,2501,0,0,0.9999802776951193,3.4980635811882773e-09,5.078916670706507e-11,7.500403863122019e-07,6.677060944496629e-06,1.2289179884497018e-05,2.4748123240052508e-09
4,mlp,7224,4,4,1.0663971510942616e-05,1.0920097415094308e-08,0.011217339283701394,3.667219542076851e-09,0.9887431326094008,1.3440980158605237e-07,2.8715138268312556e-05
4,mlp,3211,0,0,0.9996713966589642,6.461041909277125e-05,0.00010497306241988289,6.469498406423704e-08,8.727208221597667e-06,0.00015022790051253564,5.580499983717636e-11
4,mlp,11921,3,3,5.7601941501608596e-08,2.947992302532658e-07,2.3000483057339013e-06,0.9925362313973898,0.0008073999222444681,4.823920443225098e-05,0.006605477026455955
4,mlp,13370,3,3,7.106531360442568e-05,9.02594654491533e-05,0.00037268070590662023,0.6037794401663408,0.007256933245721961,0.004949323243483126,0.3834802978594939
4,mlp,8499,6,6,0.0003261865551761869,2.7850128596091637e-05,0.0004947139928177299,0.04220662915305159,0.0023151778191013044,0.006762912912240285,0.9478665294390168
4,mlp,11531,3,3,7.052757337047318e-09,2.9749891784989928e-08,5.382520212124113e-07,0.9976935699063424,0.00018680093112044882,8.845927155755273e-05,0.0020305948363093635
4,mlp,9613,6,6,0.0018280481570022832,0.00015360833049383107,0.004549885024013997,0.001248138395457268,0.0013520688124824534,0.018903975488128433,0.9719642757924217
4,mlp,1850,5,5,2.258016933524991e-06,4.263302076311243e-07,1.943838263303858e-05,7.782049203588038e-05,6.660096967229352e-07,0.9995293351818384,0.0003700555866547031
4,mlp,8506,6,6,0.00025238021085435537,3.4319049678179906e-05,0.0005323624229928982,0.014850331868890497,0.0024323286148132746,0.0008456820152212337,0.9810525958175496
4,mlp,2214,0,0,0.8858741993256327,3.634447451504277e-05,0.08318216940354616,1.4765677255863888e-05,0.0020916101791806606,0.008704750262817307,0.020096160677052603
4,mlp,5131,2,2,0.00015182585258892564,6.831241929615846e-06,0.9996450114515968,2.7315032296878344e-10,0.0001960404447646524,1.8390864131910897e-07,1.0682732802616778e-07
4,mlp,12366,3,3,4.0869958173175305e-07,2.5508163163797433e-07,6.383751041040825e-06,0.9519198677976789,0.00102795660341767,0.0002847145249693397,0.046760413541679716
4,mlp,9961,6,6,0.024275820476937035,9.591780620220406e-06,0.037264384658279436,7.395347821260973e-05,0.0254589511750481,0.0004487623135931759,0.9124685361173095
4,mlp,10543,3,3,1.3363982947428083e-09,2.5894125776369286e-09,4.3702684052801105e-08,0.9992067931756373,9.791540302517659e-05,8.040002655645932e-06,0.0006872037901867955
4,mlp,1441,5,5,0.013239829264510223,2.5561970982112763e-06,0.00020210112006919503,0.009871324424909062,6.567448744970002e-05,0.9671160938567306,0.009502420649233026
4,mlp,3272,0,0,0.9999311791854234,1.0182215614575947e-05,1.3151741686394559e-05,1.4214946724261187e-08,4.473666025408683e-05,7.359772915737692e-07,4.783282623439779e-12
4,mlp,6836,4,4,2.7643603818164487e-09,1.0253310612622594e-12,4.391319478714009e-09,1.1769112847848965e-07,0.9999887146005271,3.3809741528426967e-11,1.1160517829428344e-05
4,mlp,3114,0,0,0.9449393581038499,0.0005934392621334234,0.05383000412340759,1.8095289941478705e-07,0.0003816197121668505,0.0002553660820860692,3.176345692043713e-08
4,mlp,2342,0,0,0.9562004896197117,1.6572964904170554e-05,0.04277875610599209,1.8871725220280645e-06,0.00014387432026150042,0.0007894375323120216,6.898228429614787e-05
4,mlp,702,5,5,8.818273698152614e-07,3.3961573638133525e-07,6.142572463411988e-06,0.00249474747988676,2.1389983666740375e-06,0.996866362801637,0.0006293867045401682
4,mlp,1352,5,5,0.0046854261888315575,1.7731442905893628e-08,2.5934521538608935e-08,0.037004575913795995,0.0005589699131606927,0.9096200166205075,0.048130967697739675
4,mlp,9203,6,6,0.0003815832377939269,3.4307505747653937e-06,0.0006553851806001852,0.0008183001542147969,0.008365673636017352,8.351059295017517e-05,0.9896921164478488
4,mlp,8479,6,6,0.0013384516327358835,8.396709567288494e-05,0.0025688179825646687,0.027426315425342077,0.0005675838872872021,0.2076561943510515,0.7603586696253458
4,mlp,7332,4,2,0.010051568364148677,6.8641576916434564e-06,0.988817866733439,2.318135073784589e-08,0.0010999125479413995,8.386847860949003e-06,1.5378167567501796e-05
4,mlp,11491,3,3,6.762105117744196e-08,3.1144396897340617e-07,4.619192823797781e-06,0.9929223123122732,0.00022876613500389523,0.002561492305510862,0.0042824309893681285
4,mlp,10512,3,3,4.32141023909746e-10,2.3962920798973e-09,7.471974942287769e-08,0.9994675306323333,4.675716897485061e-05,9.069649483848798e-05,0.0003949381556707213
4,mlp,10866,3,3,4.132376363201322e-09,4.1877373628103524e-09,1.288259864975709e-07,0.9969651908665733,0.0001121867202302501,0.00020912191985814193,0.0027133633472379666
4,mlp,11,5,5,7.851777639717044e-10,2.1729299242006225e-10,3.2762212711323294e-09,0.00018315253543691509,6.033636277471756e-09,0.9998157533504042,1.0838018306426604e-06
4,mlp,11161,3,3,1.7987200204441774e-09,1.0133647836137175e-08,1.2201519642618245e-07,0.9983636753801604,0.0003707577911707614,3.1523520963266743e-06,0.0012622805290080827
4,mlp,7854,6,6,7.849116171793397e-05,1.862673760170945e-05,0.0003046224054197608,0.12825715582717928,0.003053187290484707,0.0005205284957301284,0.8677673880818665
4,mlp,10188,3,3,8.547611788370058e-11,1.5079298944571563e-09,3.148205831973573e-08,0.9989180591018072,1.2043200514666275e-05,0.001030181457616686,3.968316459711867e-05
4,mlp,9196,6,6,0.00022257233508221486,4.2740442714302407e-05,0.0011454064686000412,0.002740960793500676,0.004124773517745035,0.0013210681471973274,0.9904024782951604
4,mlp,12977,3,3,2.0868413721919248e-06,6.129709704631522e-06,3.852354681720868e-05,0.9667961750879078,0.0011873010735795999,0.006822256032005981,0.02514752770861249
4,mlp,4692,2,2,0.0018474599501564493,1.348018269666845e-05,0.9976755190697314,4.718155209949126e-09,0.0004577154362383009,4.159087022151917e-06,1.661555999948591e-06
4,mlp,5569,4,4,1.2930093519353746e-05,2.602127076427385e-06,0.0001827864504735837,0.01591991970971798,0.5786285360752058,3.972317248005281e-05,0.4052135023715268
4,mlp,8738,6,6,0.0022210070790023096,4.662312634420861e-05,0.00275578159844069,0.005616726911061747,0.00036612137142118527,0.04767968426178803,0.9413140556519417
4,mlp,8126,6,6,0.003070598381384542,2.131297919913733e-05,0.0007871620379729248,0.03358866941314826,0.0012348170195671697,0.004260907663340753,0.9570365325053871
4,mlp,8562,6,6,0.0003740028613032992,3.634996690205542e-05,0.0010728649339284307,0.04012189143378713,0.001476061722096045,0.01681946220541204,0.940099366876571
4,mlp,7787,6,6,0.000287091914073333,1.0711685162356619e-05,0.00033232757936811944,0.08450745604815861,0.0180032009165054,0.0001693575048482019,0.896689854351884
4,mlp,5446,2,2,0.001252489395291386,0.0049973580223576205,0.9927953760957265,1.1857915562416044e-09,0.0009507438128215362,4.031093230698265e-06,3.947806762832576e-10
4,mlp,3712,1,1,4.218915285273996e-10,0.9999999491191226,2.2528448327567336e-08,6.240785341878008e-18,2.7928844846318496e-08,1.692438219379106e-12,6.333028446876971e-31
4,mlp,4269,2,0,0.8665128248719997,3.694135617334519e-05,0.1324686589564228,6.657385467879629e-07,0.0006727837590053091,0.0002998160831402841,8.309234711922293e-06
4,mlp,5894,4,4,3.8807634528710266e-07,7.834585524543465e-09,1.1434249307772067e-06,0.0001106150749549833,0.9990306380482071,5.28364903027133e-08,0.0008571547044858679
4,mlp,10705,3,3,1.5332112625791983e-09,1.3742672339149031e-08,1.7853130014153243e-07,0.9987815526492109,0.00017174076600750865,1.573801781440003e-05,0.0010307747597836337
4,mlp,7690,6,3,3.838422210958778e-05,2.7706940264388165e-05,0.00022085280841122832,0.5102207016047143,0.006289722764513162,0.0007799090835791045,0.4824227225764082
4,mlp,4171,2,2,0.009632520882369962,6.783405081496804e-06,0.9880424463777445,1.046638124368207e-07,0.0022256304580360025,8.161448470914576e-06,8.435276448469295e-05
4,mlp,10793,3,3,4.857638606160161e-10,1.066846000734474e-09,1.494412560197019e-08,0.9981511090629739,0.00034070607249416494,1.0338876509398697e-06,0.0015071344801456036
4,mlp,3687,1,1,1.7676350542949142e-10,0.9999688228816407,1.896018031527364e-06,1.3388597706420065e-17,2.928092353116618e-05,3.3135232176242026e-14,5.940911147639725e-27
4,mlp,3749,1,1,4.796671101092665e-11,0.999999980136485,5.547735947581626e-09,1.4132880680635168e-18,1.4267601269950452e-08,2.1110014791906732e-13,6.52818274427292e-32
4,mlp,9107,6,6,0.0001414959778073894,1.387775145887686e-05,0.0007241995029771898,0.0007775389320677146,0.001255401756827734,0.00021532498877930567,0.9968721610900818
4,mlp,4614,2,2,0.0003686833236928912,8.241223990814758e-06,0.9991286922872181,3.0110754951659583e-09,0.0004856678113339695,1.1362618789205008e-06,7.5760808099414605e-06
4,mlp,4490,2,2,0.010304178589392992,8.344584512577501e-05,0.9890999714677955,1.0347916653415108e-08,0.0004759606592096816,3.021257190824342e-05,6.22051865113116e-06
4,mlp,4131,2,2,0.131510456092094,1.5619051152843745e-05,0.8659064133206779,1.77945061293298e-08,0.0023498310043380435,0.0001992452572219285,1.8417480009156673e-05
4,mlp,3002,0,0,0.9999845319656843,5.406007953186646e-07,1.5131497760251367e-09,1.0989213044474611e-07,1.3884348265986804e-05,9.31667408022572e-07,1.2566412947696039e-11
4,mlp,8807,6,6,0.003233005547310416,8.945314723236897e-05,0.00345934636763716,0.00914741086529713,0.000904721322390694,0.05324430029593914,0.929921762454193
4,mlp,12773,3,3,2.6056740534395704e-06,8.955489019408748e-06,5.682614189091371e-05,0.9600968378369409,0.0015295391242481065,0.004027227687953727,0.03427800804589378
4,mlp,2776,0,0,0.9995658299102185,9.745513687932117e-05,0.00013250339425139945,6.07385826943018e-07,4.839160862211643e-05,0.00015518256450894116,2.999969272024031e-08
4,mlp,13398,3,3,5.2462814577026166e-05,2.9283457966828814e-05,0.00041202323588663913,0.7266955579980388,0.0028582592354214143,0.018752830419138018,0.2511995828389715
4,mlp,3612,1,1,5.8634253123502905e-09,0.9999999249063837,4.535328548860467e-08,5.110765056895039e-16,2.3821869307547884e-08,5.503574253101455e-11,1.6099720075304145e-29
4,mlp,5865,4,4,2.642866708667594e-08,5.528753159537372e-11,1.3184167808281916e-08,1.4989769691940026e-05,0.9998270210038873,1.1794484287303738e-09,0.0001579483788499689
4,mlp,56,5,5,8.006680408113051e-07,3.330342953152997e-09,1.4590508000899065e-07,0.001729887615799804,2.5049603353788936e-07,0.9982271019290578,4.181005564512191e-05
4,mlp,13358,3,6,0.00011097492887815355,1.0196979611615745e-05,0.0002845629184724278,0.09740687059286622,0.0015225224195794824,0.0006463154152014883,0.9000185567453906
4,mlp,4563,2,2,0.0008321707341309347,9.853771959359072e-06,0.9987499371405432,5.377824773696406e-09,0.0004026356170278652,2.0449247099465892e-06,3.352433803789537e-06
4,mlp,6415,4,4,6.00770763767995e-08,1.521300105071236e-09,5.369787557477072e-07,1.9322003869658164e-06,0.9999837782735376,5.337579272009888e-09,1.3685611364026219e-05
4,mlp,8723,6,6,0.00031639658187212626,3.904791262754776e-06,0.0008006462035030777,0.0010465435817455136,0.006121461553060397,8.260550330340455e-05,0.9916284417852528
4,mlp,5235,2,2,0.0008961850275352548,2.503003125272763e-05,0.9984310727491025,8.35724349466443e-10,0.0006423292362355849,5.356196675136316e-06,2.592347437248041e-08
4,mlp,6094,4,4,0.00010643607974533034,1.852365271067849e-06,0.00655208249735498,2.9247068314229246e-05,0.8841617396155055,2.0945147507879477e-05,0.10912769722630103
4,mlp,12907,3,3,9.802195953438262e-06,9.415485493893355e-06,0.00017884575231109123,0.8691534646656652,0.0012607265499763756,0.017060409882721346,0.11232733546787876
4,mlp,9313,6,6,0.001123827856962981,3.089426006680866e-05,0.001608840229136183,0.0005595715148615191,0.0010358076260733593,0.0012200046274185065,0.9944210538854806
4,mlp,11587,3,3,2.851260791401448e-08,1.8666281123952727e-07,1.767500832396911e-06,0.9946445672428187,0.0004981698346783961,7.866478369546954e-05,0.004776615462555822
4,mlp,4653,2,0,0.9591628980758239,8.437457535791374e-06,0.040588431579383306,4.226692404030534e-08,0.00011789680174690549,0.00012214950429067603,1.443142957568989e-07
4,mlp,7493,6,6,5.421953705292283e-05,9.47708407528757e-06,0.00012394173407921053,0.2430146868454165,0.0024345266972979813,0.0010139438558468498,0.7533492042462312
4,mlp,6168,4,4,3.630268438472613e-07,1.3947586592942006e-09,1.7230986680269493e-06,5.126586588402246e-06,0.9986863921602132,3.1015063980322515e-08,0.0013063627178638544
4,mlp,4365,2,2,0.001244731903910585,3.920661805026932e-05,0.9983847395060785,1.8404326333364208e-08,0.00028467612088294865,9.17658000128493e-06,3.7450866750048696e-05
4,mlp,4897,2,2,0.0012881305469072007,5.213399161728425e-05,0.9977242354741609,6.880537043285031e-09,0.0009318810611289568,3.3422658956000727e-06,2.697797531646354e-07
4,mlp,3846,1,1,1.574792659462904e-14,0.9999999996121103,3.694081910071063e-12,7.874152754733398e-22,3.8417969752871274e-10,3.6247494623502745e-17,1.7036204687409172e-37
4,mlp,4817,2,2,0.0001469060622913659,1.6621072508104049e-06,0.9989470902985448,4.5541844618007444e-10,0.00090369096364507,2.1109150935818147e-07,4.390213402729438e-07
4,mlp,837,5,5,2.892069848944794e-05,4.737961719776169e-06,8.991482978643155e-05,0.047828129603964334,5.6432026023333165e-05,0.9289460666898651,0.02304579819015165
4,mlp,8030,6,6,0.00018122495611782994,2.917970556134835e-05,0.0006064341976329557,0.13679035215575389,0.003194070246003106,0.002021160127816261,0.8571775786111145
4,mlp,2535,0,0,0.9999806383966642,1.504917937477834e-07,3.063383040432604e-07,4.042058028231078e-07,9.363385322521239e-06,9.130460206588689e-06,6.721906126681544e-09
4,mlp,6593,4,4,0.0010999806458673327,2.0018816392450338e-07,0.0010456572553355031,0.00012943844004921438,0.9879067107914018,9.514989567159024e-06,0.009808497689614998
4,mlp,2752,0,0,0.9999833992636954,1.5755227855569182e-07,5.127757051904655e-07,8.45210653579823e-08,9.186624741751481e-07,1.4926632971235322e-05,5.918097766116556e-10
4,mlp,3451,1,1,3.734215477746551e-07,0.9999989674064631,1.834473201178869e-07,9.699581423276248e-15,4.7553581195227524e-07,1.8884729316087087e-10,8.269581074648867e-25
4,mlp,3663,1,1,9.68432220309745e-10,0.9999982867153742,1.630423262541251e-07,2.994334302812309e-17,1.5492736350598498e-06,2.321578550215816e-13,3.976750354708291e-28
4,mlp,13360,3,3,1.9760069829718614e-05,7.962426353753574e-06,8.429689984911203e-05,0.7449486028700358,0.004550393178629584,0.0017316701696142324,0.24865731438568792
4,mlp,11881,3,3,4.16816160084893e-08,1.2576309838057447e-07,2.072585463832658e-06,0.9924970208301145,0.0004529327986316598,8.778601307018163e-05,0.006960020328005462
4,mlp,7652,6,3,1.7966682866946424e-05,1.7058726889559545e-05,0.0001550003430371043,0.8329568052433972,0.004027840020961226,0.0017906443966658064,0.161034684586182
4,mlp,7497,6,3,8.123895660718448e-06,5.357325228475023e-06,9.147330673414134e-05,0.8146769077153331,0.003026606661555938,0.0006949104530024896,0.1814966206424851
4,mlp,10519,3,3,3.9534703682183734e-10,3.4532860028701692e-09,5.1794490195791624e-08,0.9993960893013621,0.0001702957638978209,2.2036584468897056e-06,0.0004313556331699272
4,mlp,5568,4,4,5.676927404533867e-07,2.289350523285239e-07,4.761059896273729e-06,0.002556815659471728,0.9935656106219427,2.991961912718414e-07,0.003871716834705244
4,mlp,4659,2,2,0.0012788823618069185,1.0066267111877548e-06,0.9968082834301099,1.5450200033002912e-10,0.0019105153370734722,1.1263508659032728e-06,1.857389307482103e-07
4,mlp,6939,4,4,1.1994711020196175e-05,5.134343679101923e-08,0.004542627175448774,1.0976506753898738e-07,0.9946239629037513,5.75734116033057e-07,0.0008206783671594495
4,mlp,9576,6,6,0.0014831551955727825,1.1697076480342882e-05,0.0008537653688943497,0.00014540893160614352,0.00032221976378885486,0.0010247515239806717,0.9961590021396768
4,mlp,7310,4,4,0.0001607175146032221,4.8398848662389896e-08,0.008723785480375551,8.553899563999056e-08,0.9910913121151993,8.002029840904964e-07,2.3250748993615525e-05
4,mlp,12968,3,3,6.865725916668195e-07,1.1249838986090464e-06,7.481603753172677e-06,0.9581844676214587,0.0024440275014479293,0.00019813554346614158,0.039164076173383765
4,mlp,8332,6,6,0.0010972421397745745,0.0002670456381998415,0.003589949252255054,0.05257586425320572,0.0010129707867846391,0.2851586446704163,0.6562982832593639
4,mlp,10865,3,3,3.889246106713373e-09,2.6641834714163883e-08,2.5875133909381043e-07,0.997048118429329,0.00037474156728122275,7.948837060939806e-06,0.0025689018839088725
4,mlp,7789,6,6,3.5206597530430356e-05,1.1735636474280018e-06,3.9363630640553114e-05,0.10559193929138348,0.0031899665904494777,0.00011512164863304167,0.8910272286777157
4,mlp,10350,3,3,6.998186855142664e-11,3.989117068684822e-10,8.9980686642656e-09,0.9995915688320964,0.00010472032873452327,4.6307144096751344e-07,0.00030323830076601116
4,mlp,5665,4,4,2.6094143414344222e-06,4.942436955957216e-07,2.9535947825391765e-05,0.0006552250743914389,0.9898507087644531,9.569591743879045e-07,0.00946046959611857
4,mlp,1496,5,5,4.6742044926999e-06,1.632674130367009e-06,3.7699437675821684e-05,0.0011499015595858209,5.06035233750417e-06,0.9973865931029267,0.0014144386688512713
4,mlp,3757,1,1,6.566170776129604e-10,0.9999999916395127,1.1179316851621186e-09,5.8956003746528065e-18,6.585213295665999e-09,7.25389330647226e-13,5.423188639053059e-33
4,mlp,4895,2,2,0.00024471216061368117,1.2422155616002046e-05,0.9988741337467331,3.6281096463789576e-10,0.0008680699510960251,4.1228963406055475e-07,2.4933349608648635e-07
4,mlp,1131,5,5,0.0009459648234077288,4.552754080501465e-06,0.00018928677580594384,0.046770604116489596,0.000145945900683694,0.8738351512068234,0.07810849442270913
4,mlp,1226,5,5,1.1220163843256343e-05,1.3389509467182128e-10,1.953978188601556e-08,2.1990426748694933e-05,1.3020797136556863e-08,0.999966643156591,1.1355834300619261e-07
4,mlp,2486,0,0,0.9832238333324115,3.031075783430501e-06,0.015633031071311445,1.099427416928827e-06,0.0010469520873216186,8.117452708584388e-05,1.0878478669071133e-05
4,mlp,1772,5,5,4.706871668117307e-06,8.57202304609972e-07,3.9160452023678326e-05,8.453658388288229e-05,9.341370022195239e-07,0.9993448561361882,0.0005249486169304177
4,mlp,9401,6,6,0.0012461753023527654,1.4969361045379261e-05,0.0016724541097006974,0.00023659245078145013,0.0004181575100522747,0.0006139566879782757,0.9957976945780891
4,mlp,8606,6,6,8.169843607559339e-05,1.85170499741504e-06,5.7320644567519646e-05,0.009081500855863053,0.019126500854577427,5.014246547182147e-05,0.9716009850384472
4,mlp,7763,6,6,4.410378816891893e-05,1.2652951895209728e-05,0.0001594352409134322,0.17053168069269886,0.015484059562974127,0.00011176138556295144,0.8136563063777864
4,mlp,91,5,5,1.5389026956296017e-08,1.3135745108173419e-08,1.4401945372488734e-07,0.0019593703530063904,2.2531090148062673e-07,0.9980090922928366,3.113949902982315e-05
4,mlp,5549,4,4,2.4980477110419682e-05,2.7970576770188532e-06,7.932059202181945e-05,0.025547969580628997,0.9016392308528641,1.6070117040024157e-05,0.0726896313226577
4,mlp,12751,3,3,2.9956139960822436e-06,3.5316554505154017e-06,6.366392954868102e-05,0.9348575102036568,0.0010088411943714965,0.006485714707596984,0.05757774269537957
4,mlp,1691,5,5,9.486072675185646e-07,3.190479976472967e-07,1.2153684028039536e-05,0.00010758913673788175,4.424979758041745e-07,0.99965567422945,0.00022287279654312716
4,mlp,3113,0,0,0.9999973071380035,1.2332120330385832e-07,3.962177106567469e-07,9.360506647755053e-09,1.4449027715416813e-06,7.190463153593479e-07,1.3488873623718016e-11
4,mlp,12118,3,3,3.7268719334795295e-07,1.0383766156721211e-06,6.974189203336777e-06,0.9590666812592539,0.0015197015767819935,6.880805651337084e-05,0.039336423854438134
4,mlp,5892,4,4,2.1218587442264706e-06,2.947977238478292e-07,1.7900819706836528e-05,0.00017621245080981987,0.9967171865318629,5.393589111413147e-07,0.0030857441822412946
4,mlp,11132,3,3,4.765153734434482e-09,4.570039372349206e-08,6.034077254649704e-07,0.9984042137429954,0.00024957325414662237,7.191432606954263e-05,0.0012736448035157012
4,mlp,4854,2,2,0.01821183852647491,0.00011399315115079005,0.98078636689136,2.345357752338105e-08,0.0007490611342088193,0.00013770222664555217,1.0146165824395174e-06
4,mlp,4729,2,2,0.0012546421738153096,1.376422328205842e-06,0.9943861551449917,1.3520398317183528e-09,0.004356845612738825,5.958315842603018e-07,3.8346250161923e-07
4,mlp,5038,2,2,0.00030990395636056,3.527239782288906e-06,0.9988475929651048,7.540779271157038e-10,0.0008386247470877264,1.9164986024686526e-07,1.5868772651044554e-07
4,mlp,3170,0,0,0.9999925004305429,2.7895108001795815e-06,2.3077453483440935e-08,4.3841519913865685e-08,1.4015942426959482e-06,3.241542538064871e-06,2.90282376374459e-12
4,mlp,5343,2,2,1.4195842772122902e-05,2.5849579393299187e-06,0.9993233417222755,9.92117723622746e-12,0.000659854128868581,7.77040316341128e-09,1.5567820207747635e-08
4,mlp,5275,2,2,0.0009217020751480562,3.909851213613997e-05,0.9971937810487951,1.529013941171112e-09,0.0018445458458763169,8.52277833413205e-07,1.871119696553301e-08
4,mlp,11904,3,3,1.838912656579965e-08,1.701666570567906e-07,1.4343468215044016e-06,0.9971288497236845,0.00019301874801161474,0.0014371795737337704,0.0012393290519647797
4,mlp,2775,0,0,0.998896251058286,2.075730269337898e-06,0.001017769656225804,1.0541050774516395e-07,1.377592425267615e-05,6.998261390111017e-05,3.960655706260287e-08
4,mlp,10371,3,3,9.923466734866937e-11,3.8894169694786016e-10,1.207934092967672e-08,0.9996534527141041,6.343002830611102e-05,1.5022582402084918e-06,0.00028160243183234066
4,mlp,5689,4,4,3.3190173603842066e-08,3.8447015335754214e-08,7.224550248187601e-07,9.213321285139534e-05,0.9995854016640013,2.749899768513479e-08,0.000321643531935644
4,mlp,9764,6,6,0.0005118780209701099,1.1154011281416915e-06,0.00019898294583362675,0.000368077726744596,0.01978681581470936,0.000135606003532802,0.9789975240870814
4,mlp,4857,2,2,0.352739548609672,3.754426750338689e-05,0.6465584048337356,2.7232212347385463e-08,0.0005573815006594497,0.00010642619654402335,6.673596732087892e-07
4,mlp,4558,2,2,0.00015424402176472606,8.569102063017309e-07,0.9987663885078069,4.137428002938514e-10,0.0010729309590760284,2.253545802051168e-07,5.353832822891827e-06
4,mlp,6717,4,4,1.1718190047927045e-06,5.608100358342934e-10,1.5554919996701627e-05,1.6125933263992576e-07,0.9990442715435518,2.282498711344722e-08,0.0009388170723170807
4,mlp,10253,3,3,1.3846087705191813e-11,1.3320687864989665e-10,5.8140885253010355e-09,0.9999138195807743,2.921282516246945e-05,2.0543387479322775e-06,5.490729417381923e-05
4,mlp,4251,2,2,0.002672494386970746,1.5588400669153407e-06,0.9620864288791536,8.914669198443661e-08,0.03519085533740115,5.014014545142849e-06,4.355939517055578e-05
4,mlp,4206,2,2,7.680433154275297e-05,7.89906304904551e-07,0.990440531552838,1.1784945723354155e-10,0.009437735939868819,1.5520800981478743e-06,4.25860714980421e-05
4,mlp,10736,3,3,3.3246834049138825e-09,1.794877882179685e-08,1.5746743952880984e-07,0.9972765899220708,0.00038290188846634054,4.027981445529085e-06,0.00233630146711578
4,mlp,1029,5,5,2.307866442693894e-08,8.396309881298443e-09,2.0253271903290968e-07,6.763862969879572e-05,3.7247129634656496e-08,0.9999217474123754,1.0342703102867498e-05
4,mlp,10846,3,3,6.531918256236288e-10,1.3254129609155157e-09,2.0932982754596606e-08,0.9981318762492113,0.0002301544317647771,8.441389104746729e-07,0.0016371022685258403
4,mlp,1179,5,5,3.850625624317073e-07,1.0723788772921269e-07,2.712228999187286e-06,0.00045209312753195866,5.484944253171369e-07,0.9993642432593575,0.00017991058923596092
4,mlp,737,5,5,3.3953648998622345e-05,3.932679227798097e-06,8.780127981257024e-05,0.03795631518993543,4.902654883908243e-05,0.9374684500971697,0.024400520556016665
4,mlp,5463,2,2,2.5869028412085926e-05,9.90206229514278e-06,0.9994651034321753,1.0114918131249442e-11,0.00049911567952675,9.387870645934906e-09,3.9960511487232295e-10
4,mlp,4871,2,2,0.0006688832217271987,3.559739637372413e-05,0.9990158794368588,2.6035501115046097e-09,0.00027626212822629074,1.3228436817868267e-06,2.052369581914109e-06
4,mlp,3921,2,4,0.003943107594397054,1.4615892574821488e-07,0.003088899455985723,4.4630019283971756e-05,0.9820296370923143,1.8443681108338993e-05,0.010875135997984784
4,mlp,12868,3,3,1.9258235213067703e-06,3.1991983785469347e-06,4.70150905636414e-05,0.9568111649185518,0.001338871476258442,0.0014978757708392955,0.04029994772188701
4,mlp,1151,5,5,4.9648701468149155e-09,3.9041117434973875e-10,3.1217005959562584e-08,6.326048883153941e-06,2.3435207350823205e-09,0.9999926211762901,1.0138590188055486e-06
4,mlp,9302,6,6,0.0001695304194112145,5.49915896456068e-06,0.0005018575141463752,0.000657576448751888,0.006844712865567742,9.554676569053872e-05,0.9917252768274676
4,mlp,8007,6,6,0.00021601940304283383,4.190648282209956e-05,0.0004158610047694112,0.10543313055559304,0.005526132984724538,0.0012392760865891778,0.8871276734824589
4,mlp,4539,2,2,0.003157792916602737,4.1319589308070253e-05,0.9965734466462843,1.3536873052362306e-08,0.00020466369871304755,9.394007876478307e-06,1.3369604342378404e-05
4,mlp,9225,6,6,0.00028126894859988353,9.539010811076863e-06,0.0002239642951684417,0.0026124370339420033,0.0012436860651531942,0.0011528133798800527,0.9944762912664454
4,mlp,4663,2,2,0.04146324040826921,0.0004057879443982004,0.9574374077446061,6.972507658993761e-08,0.00039556236414059297,0.0002954123777844003,2.519435725023086e-06
4,mlp,12016,3,3,9.74252002323906e-09,3.964628426134358e-08,2.009654591578758e-07,0.9950397093696167,0.0008032817382798014,2.588528208660173e-05,0.004130873255753737
4,mlp,5903,4,4,4.480111723296761e-06,1.060048727568467e-08,7.526767188642827e-06,0.00011140310087300498,0.9813913031202256,4.138365022817362e-07,0.018484862463000042
4,mlp,1161,5,5,4.175202162637158e-07,1.4510251837708435e-07,3.663772238656681e-06,0.0004050205070563039,4.990047484392472e-07,0.9993836992146135,0.00020655487860851728
4,mlp,13307,3,3,2.1386913611689436e-05,1.2309001808156533e-05,0.00011503783449441055,0.7370227625280515,0.00512749663874956,0.0010583402396191746,0.2566426668436653
4,mlp,13364,3,3,3.279813841417906e-05,2.077844520380691e-05,0.0002649398762033883,0.7736082495527868,0.0030831473946432916,0.008598504678156276,0.2143915819145922
4,mlp,8625,6,6,0.00017250989727038345,5.579168884538359e-06,0.0003869528573531124,0.0015238122307959434,0.0016411949325206175,0.00011419914705553173,0.9961557517661198
4,mlp,830,5,5,3.7551693070665863e-08,5.784607195932194e-09,1.745656782163662e-07,8.708452762501205e-05,3.831241555062297e-08,0.9999011050141834,1.15542437976919e-05
4,mlp,4022,2,2,0.002707606902106827,2.3215354209157534e-06,0.991609823840878,9.554719039331513e-08,0.0027327655997546863,1.7460646962852976e-05,0.00292992592768638
4,mlp,2713,0,0,0.9994359606381554,4.045136232559505e-06,0.0004160526892008026,2.128332058032772e-07,1.3351941897045066e-05,0.00013029717414220307,7.958716608202882e-08
4,mlp,3250,0,0,0.9999167969174874,4.5783327793217325e-05,1.4848413839109429e-05,2.691553165585817e-08,1.557609497783128e-05,6.968310420892912e-06,1.9950027691296066e-11
4,mlp,2280,0,0,0.99987712661108,2.2868072161443918e-07,1.0484031751415978e-06,1.5223267418440935e-06,4.858279043190346e-06,0.00011487000152546402,3.456977126828598e-07
4,mlp,10487,3,3,5.099359783334244e-06,1.359229340036557e-09,2.8019378941988867e-08,0.9978801471127902,6.941610106124294e-05,0.0007778479726471671,0.0012674600751098376
4,mlp,6491,4,4,2.933463394680095e-05,3.061384887877656e-08,0.0021104638306951753,2.0989143111459581e-07,0.9954193936192586,2.5688382220494327e-06,0.0024379985725972277
4,mlp,10996,3,3,8.657530303462345e-10,1.0382495060394603e-08,1.90915864923736e-07,0.9995736229263218,0.00010376888908338742,5.443168062539703e-05,0.00026797433985645454
4,mlp,11503,3,3,5.78257091030853e-09,2.7459892942971086e-08,4.7097686881338797e-07,0.9982324451701697,0.00020863605029250229,5.514164202890695e-05,0.0015032729181761319
4,mlp,11887,3,3,1.6572887564428546e-08,3.455400666133253e-08,3.3292199057782064e-07,0.9913735001006857,0.0010658220137847979,7.491739008956423e-06,0.007552802097635789
4,mlp,3955,2,2,0.003941523042036825,1.1488723595661182e-05,0.9777297116094676,7.50451995332929e-07,0.01336500345016897,5.4318484745345817e-05,0.004897204237990487
4,mlp,2604,0,0,0.9999581499015131,3.37925198043063e-07,8.078622393545806e-06,1.4790227449597714e-07,2.198825173699022e-06,3.10791314991723e-05,7.69194796865762e-09
4,mlp,9463,6,6,0.09140494283832508,7.298422832239596e-06,0.0017330338514023487,0.001962303120717643,0.003689982535918583,0.005410093597880619,0.8957923456329235
4,mlp,5511,4,4,5.010117342169606e-09,6.977095914591464e-10,9.796037747394778e-09,0.0019675031990033826,0.9979215637506963,3.8148511612906384e-09,0.00011091373158456177
4,mlp,8131,6,6,6.935039087620084e-05,4.440363011611731e-06,0.00022241797694758658,0.006787999126832186,0.0007038145881203526,0.0001393368297448154,0.9920726407244671
4,mlp,3989,2,2,0.004888361463736345,9.11615487162774e-06,0.988512131714897,3.926605075458112e-07,0.00434770197207345,3.8213415629552044e-05,0.002204082618284314
4,mlp,7673,6,3,1.3655673233400547e-05,2.206805537022283e-05,0.00014903078473658588,0.7681939423411863,0.006216834635914229,0.0005918550824579486,0.22481261342710113
4,mlp,11677,3,3,1.650587266630825e-09,9.685392978933981e-09,7.763917476602963e-08,0.9988422422219299,0.000347323705753954,6.488505492036516e-06,0.0008038565916690443
4,mlp,4423,2,2,0.023719845147921446,4.44620377714218e-06,0.9722784919172569,7.57761488023936e-08,0.003984940315739846,7.933296008447857e-06,4.267343147404038e-06
4,mlp,9742,6,6,0.002918373153902077,7.260174118526752e-06,0.0006996317478996315,7.895665481873615e-05,0.0004651774781819745,0.0006875945762470009,0.9951430062148321
4,mlp,10074,3,3,1.098911124950386e-12,1.0872144647167799e-11,6.409602960426736e-10,0.9999652733994653,1.7127487430582954e-05,1.6720020982913178e-07,1.7431259962777792e-05
4,mlp,1382,5,5,6.451760847028703e-08,1.8016150706287013e-08,5.328969050061175e-07,5.4248049478382145e-05,5.822321537477213e-08,0.9999285154649624,1.6562831679630253e-05
4,mlp,7397,6,3,1.9674321614169754e-06,4.201769140723841e-06,2.002348114933652e-05,0.8627981658960818,0.004786124136217418,9.974581903380367e-05,0.13228977146621557
4,mlp,3373,1,1,4.282427789247821e-05,0.9997526843621021,0.00018789083340541908,1.164542025812016e-12,1.6536495443286053e-05,6.402999228554793e-08,1.5629037772055642e-20
4,mlp,6803,4,4,6.70906582615639e-06,1.627421440565413e-10,1.1882292954700726e-05,9.243258799729011e-07,0.9988742864746464,4.234319568444584e-08,0.0011061553347549542
4,mlp,6498,4,4,2.842416468549479e-05,3.735496972578549e-07,0.0008922583220777489,1.4522879089779521e-05,0.9799196199873446,4.19121726049927e-06,0.01914060987984482
4,mlp,7527,6,6,2.8138750964742543e-05,8.912085891144347e-06,0.00011744858058501013,0.3386046029868363,0.004178125824142377,0.0002968694221687114,0.6567659023494117
4,mlp,7805,6,6,0.00019000507277419854,0.00010132144992126829,0.0009622720431583348,0.3640908651777569,0.0026288300104445037,0.02630490528805777,0.6057218009578871
4,mlp,6774,4,4,0.0018153259899160255,2.454288947962497e-07,0.047851243950922454,4.422723940857356e-06,0.8830045986815639,2.398107533721465e-05,0.06730018214942472
4,mlp,8757,6,6,0.000498540577933109,3.154661084176918e-05,0.0007352310298380427,0.012943782961671594,0.0028227289299972745,0.0011547715369104518,0.9818133983528077
4,mlp,10696,3,3,1.4214163185283013e-09,1.3266687078481074e-08,1.7570993863905064e-07,0.9987483955129388,0.00018381172285317622,1.3596783811147068e-05,0.0010540055823548685
4,mlp,6241,4,4,5.486296054784546e-07,2.0855612571950518e-10,1.1148110889489447e-06,1.8677934707532776e-06,0.9990319363688123,1.5370649769325433e-08,0.000964516817816835
4,mlp,13113,3,3,3.5744276964287945e-06,4.664537127285593e-06,3.10040484297245e-05,0.9102745261621342,0.004471869054633398,0.00016184348210663147,0.0850525182878723
4,mlp,7957,6,6,7.457096762988269e-05,1.0658390444515161e-05,0.00018629248629327546,0.04567386230630215,0.0020576596696409116,0.00020718620384672858,0.9517897699758425
4,mlp,11917,3,3,9.722076726114782e-08,4.117839382674119e-07,4.555548442404646e-06,0.9842531661076438,0.0008334639525215526,0.00010440472804836972,0.014803900658638118
4,mlp,8876,6,6,0.0014133545623000144,0.00017632223170216163,0.0032656004879430905,0.009132552431581566,0.0014679046169807802,0.022308334149464346,0.962235931520028
4,mlp,5928,4,4,1.0311155021134961e-07,1.626768775922733e-09,1.8560506081830784e-07,6.6705809221702e-05,0.9998004467381127,7.964772748662702e-09,0.00013254914451292458
4,mlp,1674,5,5,1.6590444813999433e-07,5.142476106849944e-08,2.001040534175428e-06,3.103466019441476e-05,7.784456397249149e-08,0.9999377715044839,2.88976210143137e-05
4,mlp,1376,5,5,5.2719855138861485e-08,1.5026454082109323e-08,4.3969004704755704e-07,4.0092730915227955e-05,4.175807188171391e-08,0.9999468270647262,1.2531009930400781e-05
4,mlp,9708,6,6,0.000987161753398879,4.014238071993633e-06,0.0007158904709532455,0.00010688210799900337,0.000615769380128252,0.00020300723629181015,0.9973672748131569
4,mlp,466,5,5,1.2644808486667658e-07,3.300454536434969e-08,6.338509341435673e-07,0.0007876705435063894,3.223037442765678e-07,0.9991013910713662,0.00010982277781877649
4,mlp,910,5,5,4.08386651356568e-10,1.6819463156163114e-10,8.457162224036406e-09,3.807542429888817e-06,7.49649656862126e-10,0.9999958250565926,3.576175844078072e-07
4,mlp,13165,3,3,1.981338860443626e-05,9.792685709903374e-06,0.00018321668082766027,0.6716278617554875,0.0036987932155472174,0.0009087241613185812,0.32355179811250473
4,mlp,7935,6,6,0.036911858822056096,2.9758339696259517e-05,0.0011028056803383812,0.11611460574059472,0.0037756015479758318,0.009427934671495811,0.8326374351978431
4,mlp,3755,1,1,1.8475150165275665e-10,0.9999999750985658,1.203515247823707e-08,2.815412663943634e-18,1.2680423871114551e-08,1.1062186478543096e-12,3.0753635421183745e-32
4,mlp,2910,0,0,0.983190309012357,8.145698659914411e-06,0.016610280958405856,9.990437007553957e-08,0.00010203857232271223,8.903041634534155e-05,9.543753927996286e-08
4,mlp,6960,4,4,0.00018943744332912703,1.3757019752964224e-07,0.0024080422387043805,9.234914866638743e-06,0.9914183517094388,5.120562840141351e-06,0.005969675560623293
4,mlp,3352,1,1,0.0004939555910720683,0.9967814522367668,0.0026413988025943834,1.5733696067797973e-11,8.245889254393297e-05,7.344612891078496e-07,5.392492087809829e-18
4,mlp,5255,2,2,0.00035753024405749877,3.3571326271816876e-06,0.9979355261528163,2.6139903066112154e-11,0.0017034111820096035,1.726152896054621e-07,2.6470599837989706e-09
4,mlp,1462,5,5,4.445780422541391e-05,1.5020721654822461e-05,0.0002985144668538989,0.024613425166486236,0.00010681206868059042,0.9539904717091161,0.020931298062982936
4,mlp,6820,4,4,1.3773874576571932e-05,8.329354073960014e-09,0.0015418426202647927,2.855950665892344e-07,0.996483072187846,4.99892347138384e-07,0.0019605175005448536
4,mlp,3564,1,1,1.2264336806754723e-08,0.9999997282201744,1.0304424168395063e-07,2.7812116014577963e-16,1.5645020797676913e-07,2.1038782516537012e-11,1.5617393854679642e-27
4,mlp,11522,3,3,2.1165711251931636e-08,1.757378758235848e-07,1.7083415286321063e-06,0.9969308640236165,0.0003425918081694014,0.0002341002601201712,0.002490538662977976
4,mlp,1596,5,5,6.147948451245511e-05,1.3209569489531796e-05,0.00035412208406124886,0.0027147732460183747,2.7974157711003098e-05,0.9804769345508364,0.01635150690737104
4,mlp,891,5,5,0.000249913553312471,4.0843209178600055e-05,0.000804615487281374,0.23484252856307417,0.0007465971440862497,0.4456857103572005,0.3176297916858667
4,mlp,2666,0,0,0.9942850920952893,1.3929224835093599e-05,0.005318014861088022,5.40110459017784e-07,0.0002879880637629099,9.391278571767922e-05,5.228588481628038e-07
4,mlp,3362,1,1,0.0003117454362266002,0.9996632997113958,1.947921783835507e-05,2.4557286120602588e-11,4.942907070181764e-06,5.327029117973926e-07,3.897721074701687e-21
4,mlp,3131,0,0,0.9997978729235781,5.832059228297705e-07,0.0001516095628724935,1.7170369097940166e-08,4.846555776445552e-05,1.4514451562691126e-06,1.3433666849486524e-10
4,mlp,8920,6,6,0.0003409660414457185,9.232789349852213e-06,0.00018540697704593403,0.004539581963928101,0.0020471650987709195,0.001188879991693064,0.9916887671377663
4,mlp,7414,6,3,1.2058453857073517e-06,1.2791043988693006e-06,8.89911049879543e-06,0.8737337994024943,0.0052002165530204035,4.5447164740542985e-05,0.1210091528194613
4,mlp,4970,2,2,0.0008812919766461456,1.2849500367178054e-06,0.931132035949474,5.36177914026679e-09,0.06798445083752344,1.442464499022347e-07,7.866780903597485e-07
4,mlp,768,5,5,3.0298496323822456e-07,2.795262741766479e-07,4.385048982390383e-06,0.0032702519527962183,1.8745475042195448e-06,0.996286066455153,0.0004368394843267948
4,mlp,3720,1,1,1.7981874412989758e-09,0.9999999659128675,8.373103608910971e-10,8.111921514963422e-18,3.14514666739063e-08,1.678416409848317e-13,1.4613179262727232e-30
4,mlp,12452,3,3,7.536262251300639e-07,9.190294184055607e-07,1.1207759397284264e-05,0.9298773215957475,0.002146954890993068,6.586377156366456e-05,0.067896979326655
4,mlp,6115,4,4,3.678697286676778e-05,5.46560122802807e-07,0.00044126879578544246,9.582184541048675e-05,0.9590947205995021,5.241829562141948e-06,0.04032561339675019
4,mlp,2148,0,0,0.9786428493876655,8.924300130404448e-06,0.006861199035401214,7.452376642570494e-05,0.01222068006939721,0.0011282494880759044,0.001063573952903899
4,mlp,9222,6,6,0.001253202719730801,3.475937155136672e-05,0.0021202041670834795,0.0010288545062573469,0.0004043460552316605,0.0029895625873955427,0.9921690705927497
4,mlp,8074,6,6,0.004268863122071025,6.951989884147218e-05,0.0020497397412672126,0.0516627687064773,0.0009661883454221066,0.16198892247965577,0.7789939977062652
4,mlp,5361,2,2,0.00038633505546767724,0.0003394897679975204,0.9980133184746227,9.95388247124546e-10,0.0012600338861284508,8.177379098311201e-07,4.08248558028493e-09
4,mlp,4822,2,2,4.655541473825761e-05,7.514412091441562e-07,0.9991452430443757,2.5052849083761566e-10,0.0008065545719879099,9.721673522038479e-08,7.980604251851114e-07
4,mlp,10485,3,3,8.511344319924743e-09,1.8499114396426063e-08,3.6932811475242495e-07,0.9975880259347402,5.749022751346646e-05,0.0014963131782596794,0.0008577743209132228
4,mlp,8099,6,6,0.0002657306498219046,2.3402144239131365e-05,0.0004968511856465385,0.11450960130453931,0.03730564149234106,0.00019754948352395212,0.8472012237398882
4,mlp,665,5,5,3.998216619413265e-06,2.5903116191261615e-09,2.248225851601065e-07,0.00035642830157684005,1.295051918075941e-07,0.9996206419087913,1.8574654923837732e-05
4,mlp,8470,6,6,5.25540064687519e-05,1.5498861938828284e-05,0.00040569395856992373,0.015443609239607423,0.004002037271739733,0.00014213759102635717,0.9799384690706491
4,mlp,2019,5,5,0.05780984885868212,0.0012920932108389743,0.1614514482341502,0.00014525807672893389,0.0005886197381452299,0.7277952157288646,0.05091751615258975
4,mlp,4355,2,2,0.0004315988663905951,2.1015214131613346e-06,0.991158670855847,1.1485003096543814e-08,0.008380105639424486,1.3098417926921463e-06,2.6201790128810377e-05
4,mlp,270,5,5,1.677130442280523e-08,7.568374276581439e-09,1.1026728859556357e-07,0.0003612208247852818,7.865220416132617e-08,0.9996231711273142,1.5394788728844842e-05
4,mlp,11906,3,3,1.830572643540364e-07,8.040276433771525e-07,1.2978232441039295e-05,0.9842024482783882,0.00028985417061579193,0.009695888428805697,0.0057978438048413945
4,mlp,3891,2,4,0.00023341846854058932,7.312263316471664e-07,0.16675308531694452,8.651883737906833e-07,0.7468264547987546,2.9112928511664855e-05,0.08615633207254314
4,mlp,3920,2,2,0.01975402708236509,0.00011793251446021645,0.807792106375194,9.301431664921614e-06,0.07704331167116096,0.001366954381355606,0.09391636654379933
4,mlp,5726,4,4,2.146510413864679e-09,3.09408048981208e-10,5.739938188308187e-07,1.9026248487412415e-07,0.9999984293231737,2.0308180329967058e-08,7.836564236770664e-07
4,mlp,5120,2,2,0.0012866485600510212,0.0002828985486874702,0.9982113282001025,3.065417908024773e-09,0.00021432348079118027,4.383662753733482e-06,4.144821963867331e-07
4,mlp,6835,4,4,5.151216830236986e-07,2.737000205783166e-09,2.2536111037495935e-05,8.545342659080833e-07,0.9998235853173798,2.9313893147796945e-08,0.00015247686474039728
4,mlp,1216,5,5,0.00017917592401569068,2.463490466835736e-09,1.7484665826826508e-07,0.00039853851939469624,3.1896252378351245e-07,0.9994164367158876,5.352568029284879e-06
4,mlp,995,5,5,1.8804224136909706e-06,6.814118155442286e-08,3.5446339620965436e-06,0.0006536958413022696,7.708581288024594e-07,0.9988689792963885,0.0004710608066232005
4,mlp,2364,0,0,0.9978438315039755,7.014396071032622e-06,0.0015362772457641434,1.1623234741041254e-06,4.044381409139542e-05,0.0005682203372352135,3.05037938848969e-06
4,mlp,11419,3,3,1.7876673449374613e-08,1.0249181860889888e-07,1.6884422836153345e-06,0.9967694200125872,0.00021125553980394426,0.0005494119585050937,0.0024681036783280427
4,mlp,6830,4,4,1.8459307579899258e-05,2.596191566132303e-09,7.655701404408903e-05,1.9843070975230056e-06,0.9975170093600683,1.752297948799451e-07,0.00238581218522391
4,mlp,5601,4,4,1.0487191343872736e-05,6.355463465825647e-06,4.832978420824452e-05,0.08006929112599423,0.592914535796931,1.9566306504231567e-05,0.3269314343315524
4,mlp,11673,3,3,1.9715538579255504e-05,8.961266780732337e-07,1.4427044184374684e-05,0.9635832303158843,0.0005128716084861613,0.016348698814057244,0.019520160552130527
4,mlp,714,5,5,4.177910515603038e-08,3.431603150518418e-08,5.960411064529599e-07,0.00048764919665521364,2.1626138234251264e-07,0.9994418520162304,6.961038948898354e-05
4,mlp,11748,3,3,2.6304910480930895e-08,3.411164107858173e-08,5.669820277221694e-07,0.9876784462033087,0.0005581555301080739,4.4985260454013293e-05,0.011717785607549979
4,mlp,6595,4,4,0.0002522225159128025,6.16998910167239e-07,0.0075035873442852756,3.6321052275247736e-07,0.9893681278319995,2.3011204307684903e-05,0.002852070894062089
4,mlp,10258,3,3,9.681909327870507e-11,1.2158392427305965e-09,2.0656255621751262e-08,0.9996898310776938,8.736605757487425e-05,1.896033821440369e-06,0.00022088486199585452
4,mlp,7064,4,2,0.02340463086831565,1.977785537582627e-05,0.4767483746474816,9.653958602680547e-06,0.45699939439896714,0.0006693553223050998,0.04214881294895199
4,mlp,3548,1,1,9.241489734179172e-08,0.9999995453035364,1.201387401030971e-07,7.671042751363084e-16,2.420867188542343e-07,5.610675256201406e-11,1.5888675338879257e-26
4,mlp,9341,6,6,0.0002982185719082737,3.1574684299915846e-06,0.0015697957713118212,0.00027297317319638803,0.022161873930597896,6.544033555524106e-05,0.9756285407490003
4,mlp,13145,3,3,1.368326448866543e-05,2.8594575236858077e-05,0.0001113621923535857,0.7342383568408818,0.0070615394606457224,0.0005964204039739706,0.25795004326241927
4,mlp,10080,3,3,3.674336645267572e-12,2.2988924800693425e-11,8.705065334059016e-10,0.9998905372899823,2.6168878732694696e-05,1.8456105725807082e-07,8.31083730579213e-05
4,mlp,10183,3,3,2.6284531588836096e-11,2.1844602285666727e-10,3.0107424102406708e-09,0.9997438363044994,0.00013120344507709325,1.7149395841381963e-07,0.00012478550099236834
4,mlp,4290,2,2,0.08397453463164851,9.12580896819841e-06,0.9148659613319549,1.414298497802074e-07,0.0010622993694620084,7.52866456678425e-05,1.2650782448822384e-05
4,mlp,5640,4,4,1.7594194053177262e-08,9.33222050806591e-09,6.151048114377057e-07,2.442352785174224e-05,0.9999035285448534,1.0346197572576743e-08,7.13955498711868e-05
4,mlp,10880,3,3,1.707911241264489e-10,1.308963946049388e-09,2.2076839911990655e-08,0.9996784219913002,0.0001177723521954653,2.9950373142292187e-06,0.000200787062595168
4,mlp,5098,2,2,0.00016801832729813041,5.394650169735523e-07,0.9960304290083524,1.9421325636076194e-10,0.0038008931697913776,4.251075979991701e-08,7.732456802548719e-08
4,mlp,1659,5,5,0.00037604164867859876,3.407665929302076e-05,0.0011848619134812509,0.0035927737623841984,7.976989857414352e-05,0.9482009042422589,0.046531571875329955
4,mlp,5332,2,2,0.013466679185763126,0.000750194785378672,0.9852963119975513,2.974924780900586e-09,0.0004764158059942316,1.0375316689598426e-05,1.9933698627738633e-08
4,mlp,1356,5,5,0.00021395727492397846,4.092247957076005e-07,3.11996971376107e-05,0.002167795845179748,7.926032434935587e-06,0.9946036502814483,0.002975061644079843
4,mlp,10492,3,3,3.865162627216601e-11,2.2220142607920955e-10,4.8316851980598954e-09,0.9997568780040176,8.546437614898192e-05,3.921580333190478e-07,0.00015726036926182643
4,mlp,2064,0,5,0.37842476667699027,1.2310238130843457e-06,5.205904402579558e-05,0.0013057966358351184,2.688243294467573e-05,0.6201285610588663,6.0703127524828904e-05
4,mlp,10082,3,3,6.4110816379951604e-12,3.315832943623947e-11,1.4181858073390522e-09,0.9999364449006269,1.7498371602298416e-05,1.165985329263619e-06,4.488928468607684e-05
4,mlp,157,5,5,6.157771777664672e-07,5.756182283693952e-07,8.818861432815602e-06,0.09386881521881482,2.1212516333526075e-05,0.9037747023999665,0.002325259608046167
4,mlp,5230,2,2,0.0001519303669782348,2.777109795123223e-06,0.9977263945275907,2.159912701347132e-10,0.002118776273890664,3.863451196597677e-08,8.2871241990549e-08
4,mlp,2411,0,0,0.9999696254763297,3.557647737208543e-08,2.4739609081328245e-07,6.225380197793867e-07,6.1330974856661676e-06,2.3263724420007756e-05,7.219117655902558e-08
4,mlp,9356,6,6,0.00011967864245047454,1.2016069350930486e-06,7.122522837353911e-05,0.0015268187863129988,0.009899446482587145,5.92387801111281e-05,0.9883223904732296
4,mlp,10656,3,3,3.117073719459599e-08,2.308776061874009e-08,1.8439834133545334e-07,0.9961869823616817,0.0003172895399001946,1.888381280780809e-05,0.0034766056287710463
4,mlp,6614,4,4,0.00012999928509277382,8.358680059695049e-08,0.0006412664350479625,3.424683209102069e-05,0.8604036463146462,4.987712891395524e-06,0.13878576983343002
4,mlp,11874,3,3,4.7129788796023066e-08,1.9304411999174834e-07,1.7079626286461527e-06,0.992039717909489,0.0007617725592111703,2.676262896325153e-05,0.007169798765799098
4,mlp,783,5,5,7.106283904577769e-08,5.034118808975146e-08,9.428541368772634e-07,0.0006727168230226723,3.4248457861380853e-07,0.9992401270377663,8.574939646840883e-05
4,mlp,13101,3,3,5.128803061354725e-06,5.080438088583324e-06,4.721845286231542e-05,0.9006429794385239,0.002398976068835308,0.0019012987658491656,0.09499931803277938
4,mlp,3651,1,1,9.344677159256679e-10,0.9999999369638035,3.147376771571574e-08,3.787432631085666e-17,3.0622140792252024e-08,5.820124477070683e-12,7.992812795094181e-30
4,mlp,11280,3,3,4.215243918478376e-09,3.0866952650174165e-08,5.457915170109955e-07,0.9986805358586164,0.0001382731033070535,0.0001485483223508097,0.0010320618420119499
4,mlp,11988,3,3,3.7573070853271153e-07,3.934153807646595e-07,1.0241546544145611e-05,0.9558788577970296,0.0002129996299137575,0.028420094296294766,0.015477037584128292
4,mlp,810,5,5,7.665169162936297e-09,5.308959505868079e-10,2.4369495457321542e-08,1.88005627121225e-05,4.338390395174168e-09,0.9999796281502433,1.5343830937068486e-06
4,mlp,1986,5,5,0.00020104103070512188,3.10682555576813e-05,0.0021314982573584517,4.4641456520918956e-05,9.704755043697482e-06,0.9924375180418838,0.00514452820293017
4,mlp,6457,4,4,0.003601732012492701,2.3555156388156284e-05,0.1566770867696743,8.895020113422741e-06,0.5469749010910402,0.00026661788145488567,0.29244721206883645
4,mlp,729,5,5,6.268691182683115e-08,9.640948539449053e-09,2.3332140813038375e-07,0.00023966610490306923,1.0079900951626016e-07,0.9997288024099316,3.1125036887294845e-05
4,mlp,627,5,5,1.6808951257234222e-07,1.5220924148856756e-08,4.1428098710405917e-07,0.00043797901490428393,2.0022236423416565e-07,0.9995136572022427,4.756596906486781e-05
4,mlp,4455,2,2,0.012503440218011138,2.0075838453279e-06,0.9836046389175167,4.065429822948298e-09,0.0038833404070763374,5.171633380341225e-06,1.3971747403581266e-06
4,mlp,11591,3,3,6.863961015597752e-09,3.756696743280957e-08,4.107487216789309e-07,0.9981259902268969,0.0002583571522875156,5.8310481755745935e-05,0.0015568869594098534
4,mlp,3456,1,1,6.924260761060552e-07,0.9999983286215586,5.442259952057182e-07,2.325358836160259e-14,4.3370241775524063e-07,1.0239290538707025e-09,3.161430819342548e-25
4,mlp,10394,3,3,3.878657814221673e-11,2.4091803964125677e-10,8.555558235359872e-09,0.9998123867033736,5.4720844721032094e-05,1.2552817836753783e-06,0.00013162833485905334
4,mlp,10446,3,3,8.600112828655598e-11,9.06496620888915e-10,2.937012186968755e-08,0.9998394574294565,5.226691580051906e-05,8.437919876915366e-06,9.980737224662449e-05
4,mlp,10155,3,3,1.99882114530293e-12,3.294821899277044e-11,2.8454146305638777e-10,0.9997962313330346,0.00015542695352940657,3.766256011906773e-08,4.830373138732808e-05
4,mlp,7568,6,6,1.7756257393796843e-05,1.3017871349894153e-06,4.294155364643586e-05,0.4507743846818468,0.003760425759296583,0.00041505982624408033,0.5449881301344374
4,mlp,4595,2,2,0.0004643588132240134,1.586007184885527e-05,0.9984521788382256,8.332730942838989e-09,0.001059064325438985,4.575450708313644e-06,3.954167823246599e-06
4,mlp,11352,3,3,9.745703194876662e-08,1.0275232334523775e-07,2.4093344426656685e-06,0.9941520209902941,0.00024591119362229135,0.0008071138354619958,0.0047923444368238735
4,mlp,11324,3,3,2.7760520879287716e-08,1.4462299625039884e-07,9.778485570386527e-07,0.9919557698889597,0.0005548930535260979,2.9767912621916075e-05,0.007458418912818167
4,mlp,2867,0,0,0.9994966989812331,1.8371233477776767e-06,0.00045137383136118663,7.248181634747562e-08,1.2592419726516761e-05,3.74111251329925e-05,1.4037382153658789e-08
4,mlp,9503,6,6,0.0001327567792958992,1.195509324080658e-05,0.00031255566175967533,0.001281242981493045,0.003617893463063434,0.0004580401533196703,0.9941855558678275
4,mlp,5477,2,2,1.1749083839727079e-05,4.816507342105189e-05,0.9995930950696841,1.3318751411239958e-11,0.00034697075746678216,1.9897939506388825e-08,1.0432993162239693e-10
4,mlp,5974,4,4,2.4383423053556467e-05,5.816766797102924e-08,0.0005554036558572652,7.39529580652824e-06,0.9802191612612323,5.092201446752311e-06,0.019188505994935615
4,mlp,3855,1,1,5.809333031891159e-14,0.999999999872397,6.785841045157585e-13,4.843720284599687e-22,1.268662886360558e-10,6.152914830188138e-17,1.4198942103968362e-39
4,mlp,9924,6,6,0.17462166599264511,5.611699140460318e-05,0.02749950152917201,8.691758885477654e-05,0.0013689765617849602,0.013444605086537676,0.7829222162496008
4,mlp,2858,0,0,0.9965418287178437,1.2127351980348809e-06,0.003289825251975188,1.0647867230245136e-07,0.00014805925638866925,1.893689320681012e-05,3.066671521097167e-08
4,mlp,6638,4,4,2.762510960645616e-06,3.9760123913324604e-11,4.966544504041338e-07,4.4178483341186774e-06,0.9998032818127836,7.76810449595357e-09,0.00018903336560688167
4,mlp,3430,1,1,1.2087082925911216e-06,0.9999927785984074,3.6821109001447135e-06,2.2446413577120948e-14,2.3295779726852753e-06,1.0044048406207176e-09,1.3734060842961202e-23
4,mlp,3247,0,0,0.9999948503933251,9.962381863987873e-08,1.480035553505281e-07,4.458453742790598e-09,4.7762997573301745e-06,1.2122065168675655e-07,4.3818590548760285e-13
4,mlp,12375,3,3,1.5824311910018137e-07,4.0217988784918825e-07,3.4977792774691808e-06,0.9849344016128849,0.001302764232085112,4.270160351628519e-05,0.013716074349229269
4,mlp,6109,4,4,4.101120722640802e-06,3.180808483004256e-09,4.820482609392768e-06,5.851083432038947e-05,0.9968470313412354,1.0713959819089631e-07,0.0030854259007055086
4,mlp,7123,4,4,0.0005046805934341838,5.584736151673724e-09,0.0001238122848324863,5.351973171309133e-07,0.9993579651163111,2.784650646545198e-07,1.2722758304168708e-05
4,mlp,10902,3,3,1.861074985722837e-08,4.564905972495057e-08,5.820338976251639e-07,0.994804970139108,0.000197095434346183,6.36276077682457e-05,0.004933660525070217
4,mlp,1353,5,5,0.0003863946057282152,2.4240486558110186e-05,0.0007572429415579011,0.058437538217015375,0.00025110153088810956,0.8658073166894596,0.07433616552879256
4,mlp,8720,6,6,0.00011041270176957088,1.303809748061409e-05,0.00043804905645366805,0.008623138085211967,0.007801521384376182,0.00015148732395921808,0.9828623533507488
4,mlp,261,5,5,9.381012719578016e-10,5.918352741332504e-10,1.2002547762869938e-08,5.0089428611324805e-05,5.803149999246312e-09,0.9999484747199174,1.4165158368920671e-06
4,mlp,4959,2,2,0.00019839948451459184,1.4575269765456549e-06,0.998784304871078,4.900597120481429e-11,0.001015407858922475,1.3219323339282426e-07,2.9801626887607546e-07
4,mlp,9239,6,0,0.705153009763819,6.603953483508265e-06,0.0005227661848853125,0.01032410257235925,0.003846695971448816,0.02449816206096115,0.25564865949304294
4,mlp,4330,2,2,0.002336827531642037,2.3525218989410082e-06,0.9946135882049831,4.749468303889701e-09,0.0030401281329584147,2.298565558254025e-06,4.800293491139088e-06
4,mlp,2114,0,0,0.7846850223955696,1.32505184111399e-05,0.014105196732934741,0.0003140871390455343,0.016961459900244696,0.007429391134513326,0.1764915921792812
4,mlp,7526,6,6,3.628540470069881e-05,7.286265541019645e-06,9.06323322194093e-05,0.2097343717434716,0.004592945720299592,0.00018225556508703634,0.7853562229686807
4,mlp,9220,6,6,0.0002913985181393551,2.0348765069074106e-06,0.0006558160599682295,0.000205695687846345,0.0016469428170804924,5.543670293869657e-05,0.99714267533752
4,mlp,11088,3,3,1.0692411808780377e-09,5.3867914142455194e-09,1.444791631330818e-07,0.9993510903606143,0.00011088068203710553,1.6970179448630263e-05,0.0005209078427043752
4,mlp,5985,4,4,1.8569946132246737e-08,2.6204499436135527e-11,1.2517727715114669e-08,8.180919139608265e-06,0.9999249871571666,5.847920234516322e-10,6.680022502337709e-05
4,mlp,7701,6,6,6.81177309225181e-05,2.3249061019275116e-05,0.0002068866535501094,0.21751042474884233,0.006804634576722135,0.000442556164065359,0.7749441310648782
4,mlp,6256,4,4,3.013938541926042e-08,3.960017995118447e-11,2.0480358389636794e-08,7.491284080647485e-06,0.9998800364421551,9.776842076617281e-10,0.00011242063673598194
4,mlp,12243,3,3,2.2394952544746917e-08,1.3590000745984624e-07,8.337561757222373e-07,0.9971190858273371,0.00045906529377446773,0.00010320071383587186,0.002317656113916919
4,mlp,7202,4,4,9.531315697030354e-05,9.173897394991742e-07,0.06580743141630277,3.1069214274476133e-09,0.9339391996486626,1.2661399601955613e-05,0.00014447388180137906
4,mlp,6911,4,4,3.079250189232836e-06,8.953211660449664e-11,1.7256924756393578e-06,1.5944672049705115e-06,0.9997741892550487,1.0470864384221448e-08,0.00021940077468494284
4,mlp,13197,3,6,0.00017324320357342245,8.250288235177095e-07,4.126897677949507e-05,0.08969877315137836,0.005051521780868465,0.0001652811296274775,0.9048690867289492
4,mlp,3387,1,1,5.133074669366627e-05,0.9996543138571775,0.0002754155739642034,7.131247088600776e-13,1.8847812614075562e-05,9.200883736207802e-08,4.134107760809441e-21
4,mlp,6949,4,4,6.951063342492605e-05,5.876690652439639e-09,0.0007153597815849253,4.589753071101587e-07,0.9991670744506765,2.707923612120495e-07,4.731948995467419e-05
4,mlp,8207,6,6,4.403766734402706e-05,1.2260374093259297e-06,2.8164910680000082e-05,0.05244362157704322,0.13037420154336968,2.6630874348476048e-05,0.8170821173898052
4,mlp,3138,0,0,0.9994845410594749,2.5980874067487143e-05,0.00042669686099380686,5.496024100563928e-08,4.449964661400743e-05,1.8225982132577972e-05,6.164763473022449e-10
4,mlp,1075,5,5,4.5530710892576626e-07,9.847360043187598e-08,1.7939812475864155e-06,0.0006445921940528283,5.113233967387801e-07,0.9991657334728761,0.0001868152477174383
4,mlp,10410,3,3,2.2234058159837777e-10,3.407637746947095e-10,4.110640636886403e-09,0.998777747791695,0.000593455264890353,9.763017384588384e-08,0.0006286946394957081
4,mlp,3996,2,2,0.1002695010907861,1.6603170425717856e-05,0.8962730377028488,2.1613060289445324e-07,0.00308406222806759,0.00015375022811782917,0.00020282944915114918
4,mlp,4507,2,2,0.006116473493733522,4.920917836561644e-06,0.9923442894666361,2.6620674448685405e-08,0.0015235717586849,4.100947538615699e-06,6.616794895813774e-06
4,mlp,11831,3,3,2.960161456089489e-07,4.581910792718821e-07,3.190987400096663e-06,0.9560559366917353,0.005015007914536226,1.3257808945842292e-05,0.038911852390157674
4,mlp,12271,3,3,1.5857343504470104e-07,2.134324858578517e-07,3.6250315254940556e-06,0.9677759897095296,0.0012064781146871933,2.8649653250256666e-05,0.03098488548508653
4,mlp,3109,0,0,0.9999500009766391,2.4666860797968706e-05,2.4111510172983783e-06,6.615115377746483e-08,6.729625174781685e-06,1.6125194549465153e-05,4.06672217144496e-11
4,mlp,1810,5,5,4.3597163718353886e-05,1.6925124375186204e-05,0.0004959392042675813,0.001193107121956454,2.9335069790354898e-05,0.9889699279383103,0.00925116837758187
4,mlp,11143,3,3,1.3956014460148361e-08,7.31157314556084e-08,5.23308804596853e-07,0.9932868264501641,0.0023407344319632656,3.650895215632005e-06,0.004368177842106356
4,mlp,5041,2,2,0.12742607295653943,4.0484857199139775e-05,0.865182687564388,2.356587893557043e-08,0.007342344992594217,8.103054310379748e-06,2.830090899778455e-07
4,mlp,6025,4,4,2.151060742280119e-05,6.856441200925565e-08,2.3574222746531775e-05,0.00019175150951951988,0.9970460435664266,8.005484872289298e-07,0.0027162509809855384
4,mlp,8897,6,6,0.00019464785875397727,6.265695889726883e-06,0.0003148758400651882,0.007558503573992574,0.0009249867535644316,0.0010592241975765887,0.9899414960801575
4,mlp,11261,3,3,7.962464434493125e-09,5.268383887557246e-08,3.7115933138231833e-07,0.9966277155983299,0.000802004339722779,4.988939679674179e-06,0.0025648593166329933
4,mlp,7852,6,3,6.826629276329791e-05,2.35391798679614e-05,0.00034937766740919394,0.5113364200037672,0.00532887507127796,0.0015378849247066604,0.4813556368602077
4,mlp,2982,0,0,0.9986412646919506,2.921438188117106e-05,0.001134598958490877,1.2101319716429612e-07,2.2501756687858382e-05,0.00017229293929252987,6.25849978081642e-09
4,mlp,3614,1,1,2.154578574262522e-09,0.9999999795231354,1.4186651048383028e-09,9.778902037259366e-17,1.6901712215966735e-08,1.9088836623557555e-12,1.080084788254852e-29
4,mlp,12705,3,3,8.183452957335626e-07,6.396214903477839e-07,1.1476687783118734e-05,0.9424998668924925,0.0011804795816595427,0.0008825573657330559,0.05542416150554566
4,mlp,12917,3,3,4.515932397841899e-06,8.4344782018987e-06,5.19582637216322e-05,0.8420531345954142,0.0050510833041791554,0.00016274918346516698,0.1526681242426202
4,mlp,175,5,5,3.029565199966564e-09,1.0295246121704684e-09,2.0534772364480972e-08,0.00011214338965133957,1.36057432349788e-08,0.9998848951614587,2.923249284497439e-06
4,mlp,5078,2,2,0.0006215928582863296,7.496819678897754e-06,0.9990433654938197,2.72244116395069e-10,0.0003270272718405197,4.597741234001024e-07,5.751000718185055e-08
4,mlp,4029,2,2,0.0028718472699746245,9.568242955058863e-06,0.9950522847422337,1.3513146319990267e-07,0.0010705967969077347,2.5642167331252942e-05,0.0009699256491344179
4,mlp,1695,5,5,4.926637940044569e-07,4.6853733613236675e-07,1.2917023423924108e-05,0.00010882249011228768,4.893615141862664e-07,0.9997264707321691,0.00015033919165051855
4,mlp,1263,5,5,1.7548193729972996e-07,1.4967541499833864e-07,3.3034499228115825e-06,0.0001928338330240717,2.7564462269331784e-07,0.999720613817525,8.264809755304206e-05
4,mlp,2445,0,0,0.9996294462862707,1.8647696554897017e-07,0.0002988396498952619,1.7058573467943544e-07,3.4121866475589176e-05,3.677277811242671e-05,4.6235654608470513e-07
4,mlp,4446,2,2,0.00024798016999703454,8.540055197215954e-07,0.9986992072403812,5.833480775385702e-10,0.0010414670044176125,8.248156769107194e-07,9.666180659444605e-06
4,mlp,6469,4,4,0.00025982146627856955,3.460953142095201e-08,0.0005306062615895676,2.8065628065772624e-05,0.9187568842844924,4.2855027218485135e-06,0.08042030224732011
4,mlp,160,5,5,1.113662851530971e-09,5.994003663294271e-10,1.183286831864226e-08,6.969150361407974e-05,6.681967685238666e-09,0.9999283642766364,1.92399185017544e-06
4,mlp,13136,3,3,4.983870076792191e-06,1.6543970132606573e-05,7.119365498794936e-05,0.9048928844218656,0.005043634866242071,0.00045078020679335297,0.08951997900990165
4,mlp,10179,3,3,1.2858404880770868e-11,1.0628903267670802e-10,3.762051274981454e-09,0.9998943333250766,4.766036897106468e-05,2.4763186383877785e-07,5.775479288981242e-05
4,mlp,9154,6,6,0.0008137232840491916,7.814197936984239e-06,0.0018726406560458453,0.0005717000806446459,0.004697918365792738,0.0001516885088934151,0.9918845149066372
4,mlp,931,5,5,7.358149937659675e-08,6.277235984887864e-08,9.795163449923327e-07,0.0003735054201240368,2.2744593574873677e-07,0.9995715495339789,5.3601729757112687e-05
4,mlp,10241,3,3,1.3007636420598463e-11,2.1574580522587646e-10,2.714251026788169e-09,0.9998440927832193,9.364320274388651e-05,2.8071662611039034e-07,6.19803544060864e-05
4,mlp,6208,4,4,7.004277775735375e-07,6.100408869804785e-10,1.8839013944208276e-06,7.208620603195719e-06,0.998996220491977,2.762637661505499e-08,0.000993958321830204
4,mlp,12800,3,3,3.1712106273618366e-07,7.295169513779873e-07,3.6475754110807153e-06,0.9737602853656027,0.001969542467670623,0.00016682178726248263,0.02409865616603918
4,mlp,2848,0,0,0.9997821346186094,9.74996284067436e-06,3.142438359278537e-07,8.166382227517453e-07,2.5829630334288567e-06,0.00020440151610562826,5.735226335251949e-11
4,mlp,9770,6,6,0.0028661415961511866,5.898879441585445e-05,0.005165645762853942,0.00020588136670351937,0.0007677697017078115,0.005324725393043688,0.985610847385124
4,mlp,13224,3,3,3.038293124021483e-06,2.003653896112495e-06,1.648734510249686e-05,0.8066147604731454,0.007108729502847024,0.00012488913136126582,0.18613009160052363
4,mlp,11569,3,3,5.829401293810545e-08,2.944502230699696e-07,2.2847652968691215e-06,0.9883955404404449,0.0005954755203916932,9.039755330642881e-05,0.010915948976324112
4,mlp,5627,4,4,7.117672876134848e-08,5.5553970711231405e-09,2.452765464425726e-07,0.00032625386076419997,0.9993094420497741,1.8572523806329444e-08,0.00036396350826553065
4,mlp,7046,4,4,5.831146189556354e-06,8.014169940718274e-10,3.368621716766451e-05,8.774928284678258e-07,0.9996354582825652,4.600989853177869e-08,0.00032410004993383286
4,mlp,10,5,5,4.087426621793122e-09,8.653428490693492e-10,1.2923097402868342e-08,0.0005023259531173498,2.7291526640897634e-08,0.9994931077210548,4.521158434338917e-06
4,mlp,1929,5,5,1.791019511730374e-05,7.906569601110578e-06,0.0004659521112832578,6.0465445537769504e-05,3.7438790238139577e-06,0.9979360927341148,0.0015079290653219352
4,mlp,10352,3,3,1.3689367576139473e-09,8.846056042049802e-09,1.6727012942776538e-07,0.9963850118418016,2.6991460334091327e-05,0.0033649809082406043,0.00022283830450136653
4,mlp,8196,6,6,8.791262875200124e-05,7.1389994528264135e-06,0.0001925666901271008,0.032831684256139575,0.006431312510746376,0.00010585224538071255,0.9603435326694014
4,mlp,7532,6,6,3.035552837302599e-05,1.688703426064222e-05,0.00014289986979152278,0.4449983397895086,0.01206915099035485,0.00028368271543812085,0.5424586840722734
4,mlp,8695,6,6,0.0002147757123536067,2.9002305304148205e-05,0.0005669217779703911,0.012250657223492318,0.005042072545298067,0.0005131367011721431,0.9813834337344094
4,mlp,8497,6,6,9.052039349803737e-05,1.094125525103973e-06,4.1944414042510384e-05,0.0035115629729282633,0.0037066884580220206,6.751785046591706e-05,0.9925806717855182
4,mlp,2173,0,0,0.9982443641198283,9.700877960488001e-07,0.0003597121898278576,3.454358359010312e-06,2.0019477049931668e-05,0.0013317788547111628,3.970091242773851e-05
4,mlp,227,5,5,1.8762423080377824e-08,6.895150210458494e-09,9.700294390363658e-08,0.000523858559094693,9.650238495023805e-08,0.9994536391786846,2.2283099318610997e-05
4,mlp,3641,1,1,3.0958416870983904e-09,0.9999998007139654,1.185244721453567e-07,6.572750117348744e-17,7.765198873614136e-08,1.3732034758318596e-11,3.852059641015932e-29
4,mlp,7112,4,4,3.0964267079104708e-06,4.011051908159255e-10,7.725428782241822e-05,1.4046286152867516e-08,0.9998619051512159,1.041166012829202e-08,5.771927520219025e-05
4,mlp,8310,6,6,0.0009081819259073724,0.00018755809739616722,0.003005841105469147,0.06441283330096936,0.0011569578210787685,0.16966910271956265,0.7606595250296165
4,mlp,2685,0,0,0.9998884239648651,1.1791693037844277e-05,1.7809587702107038e-06,6.174845875213936e-07,7.2321559990939115e-06,9.015093547063269e-05,2.807269595299269e-09
4,mlp,7321,4,4,8.132796180222245e-05,1.5499352152054546e-08,0.006435581796550156,3.958459041791103e-08,0.9934754810027666,2.1654276579109069e-07,7.337612172797823e-06
4,mlp,13195,3,3,5.4040043843635744e-05,1.7750459476993936e-05,0.00041461673220608946,0.4960793027057008,0.000656042521000536,0.38828898333508316,0.11448926420268882
4,mlp,965,5,5,2.3355956489718033e-07,1.0312537849365563e-07,2.4219926588138785e-06,0.0006416955088927441,5.497196728953679e-07,0.9991338131057285,0.00022118298810362773
4,mlp,4841,2,2,0.0019763393132464003,8.020283194442038e-05,0.9975796632529523,5.811520442683423e-09,0.00034992852681423004,1.3319780304775684e-05,5.404832173153376e-07
4,mlp,1363,5,5,3.818305457640127e-09,6.6170162854779e-11,8.74375858046945e-09,1.0830559061707032e-06,5.027956407049455e-10,0.9999988091934631,9.461960091465735e-08
4,mlp,4657,2,2,0.0007344187977370349,1.2903771463774195e-05,0.9989472935093165,4.6922056283743035e-09,0.00029840027273119303,2.536800786602109e-06,4.442155759177487e-06
4,mlp,4277,2,2,0.0014114554369496746,3.4245187189148717e-06,0.9866546243384727,5.795047658458774e-08,0.011852542876799328,1.0079010653264159e-05,6.781586792944878e-05
4,mlp,9311,6,6,0.0002979824588431303,1.8056751805985923e-05,0.0008096483658456291,0.0017326358697241349,0.004077972184505283,0.000436350490122802,0.9926273538791529
4,mlp,8073,6,6,0.0005783774064087934,5.408935576657659e-05,0.0009935049980588368,0.047968426772843006,0.0015748563607283785,0.013626713546662273,0.935204031559532
4,mlp,6985,4,4,1.0480119154355883e-08,2.8459331812323455e-12,1.9025881138385572e-08,9.840803794209707e-08,0.9999603655087859,1.1702090723435618e-10,3.950645730903274e-05
4,mlp,11310,3,3,2.5347560298997403e-09,1.690449189737722e-08,2.8032659958620336e-07,0.9988065709915412,0.00012848953231836056,9.268765083044177e-05,0.0009719520594626348
4,mlp,8025,6,6,9.65392368233075e-05,8.746830783477732e-06,0.0002501680540005058,0.030236711798665383,0.00841507863462829,0.00010881380469738929,0.9608839416404017
4,mlp,3294,0,0,0.997650175464117,0.0003568289430912588,0.0015042563779774038,3.4728561328636464e-08,0.0004780851414734624,1.0619252225323163e-05,9.255438488466415e-11
4,mlp,7838,6,6,0.00030266434292831206,3.790675571507613e-06,0.00021067988465087832,0.040222481206467556,0.0011463079436121251,0.0004101540143449726,0.9577039219324246
4,mlp,3355,1,1,0.0001627744277987727,0.9997741375134218,4.219286639335059e-05,8.937541618261406e-12,2.0789799951730867e-05,1.0538349681202391e-07,3.9563385380199324e-19
4,mlp,1103,5,5,1.395174621798119e-07,3.985490863310445e-08,1.0511401250927503e-06,0.00020709652119481768,2.0011891490541776e-07,0.9997299902677405,6.148257965397432e-05
4,mlp,1445,5,5,0.0005300734544433312,6.124793116625579e-06,0.00046643571450763585,0.014737299939520821,0.0001229626640668774,0.8403621636541224,0.1437749397802224
4,mlp,12045,3,3,3.42411757893378e-07,2.2205342744946413e-07,2.78559755332184e-06,0.9454810786130143,0.0026283891269851117,1.0403172360333165e-05,0.05187677902490169
4,mlp,4727,2,2,0.0014398081104356486,2.6185968619698516e-06,0.9977914590407856,4.476236556498422e-09,0.0007627031667119476,1.2785392963444707e-06,2.1280696719396744e-06
4,mlp,87,5,5,1.456701001256765e-06,1.2579241713956162e-08,3.564121860230238e-07,0.0041980192430833,7.995463011168685e-07,0.995702020348786,9.73351694007463e-05
4,mlp,1105,5,5,1.3711545062969761e-06,7.197581581219539e-07,1.2272653764895995e-05,0.0033618103218842547,3.69254277227899e-06,0.9957542739354326,0.0008658596334815747
4,mlp,9661,6,6,0.015773331836687145,0.00012770412656579771,0.010857792748651725,0.0003579645291922592,0.00033465263392272606,0.048980348563422156,0.9235682055615582
4,mlp,1313,5,5,1.967847306889018e-06,9.500633282790778e-07,1.906814022977078e-05,0.0011910674730072057,2.6394371291547927e-06,0.9978622886137761,0.0009220184252223827
4,mlp,11328,3,3,4.293586786782284e-08,1.4283107805005915e-07,1.0739686137375226e-06,0.986016054425348,0.0009753272847676774,1.193932827472804e-05,0.012995419226049836
4,mlp,4204,2,2,0.009836597425797674,2.6789637941333995e-06,0.6750917054554496,5.939987951076015e-07,0.3148489672887949,6.395446273032487e-06,0.00021306142109543707
4,mlp,10004,3,3,8.466739838819054e-13,1.076207366720562e-11,6.561281749542889e-10,0.9999865133408589,5.488835070454106e-06,2.178824960103368e-06,5.81833137360888e-06
4,mlp,356,5,5,7.979827009155114e-08,5.983672294644757e-08,8.751545710996075e-07,0.0014051616294145145,4.7081695968432105e-07,0.9984846614500884,0.00010869131397330224
4,mlp,4762,2,2,0.00024751328237673564,1.7133489126638686e-06,0.9991354801072512,2.939721436792348e-10,0.0006144414604866301,3.245036063544599e-07,5.270033943376891e-07
4,mlp,7041,4,4,4.371306916867835e-05,1.0714816289950924e-07,0.02916035333230962,8.672944583876789e-08,0.969755691908386,1.273589321222969e-06,0.0010387742232058623
4,mlp,9059,6,6,8.352154919176254e-05,1.154806105118986e-06,7.129736179303084e-05,0.0018613154998091764,0.034766645166748565,3.172003573999989e-05,0.9631843455806124
4,mlp,994,5,5,2.937265635747063e-07,7.050101790306062e-08,1.8832565757436062e-06,0.0004907451082889982,4.928866968351093e-07,0.9993383445971806,0.00016816992367627064
4,mlp,3577,1,1,3.00653373474501e-08,0.9999985167522096,1.3110028459001316e-06,1.036534728798076e-15,1.4167676507343183e-07,5.028407181806953e-10,9.857417223077348e-28
4,mlp,5494,2,2,0.004884736376189001,0.041579756178713526,0.9525172742548689,4.053095500999854e-10,0.0010076608819133237,1.0571897871980722e-05,5.1336893818027e-12
4,mlp,5238,2,2,2.720905723681404e-05,5.302145887663373e-06,0.9994078222039232,7.656103813290837e-11,0.0005596030258775067,4.0346488618229244e-08,2.3144025188150446e-08
4,mlp,7806,6,6,4.009452661682223e-05,5.781691908954388e-07,2.2461811606679402e-05,0.03773682676219153,0.005400538537396928,3.706083091694517e-05,0.9567624393620802
4,mlp,6080,4,4,9.822337121619496e-06,1.484893838282744e-08,6.015802975269822e-05,2.2836775441511268e-05,0.9779478364891333,7.897125613290854e-07,0.021958541807050976
4,mlp,6070,4,4,5.922835835785026e-08,1.1976963657484517e-10,2.065973158870475e-07,1.7092794590848225e-06,0.9998727615413356,3.5032285585538917e-09,0.00012525973053281573
4,mlp,7088,4,4,0.004879003980956072,4.5717860833043445e-06,0.22780274656774963,5.400373201956083e-08,0.7670523884836957,0.0001256419466404057,0.00013559323114272455
4,mlp,4885,2,2,0.012960526360380833,2.920987936271146e-05,0.9856040508635256,1.6182617687974305e-08,0.0013995683734038726,4.062740130126681e-06,2.5656005790251325e-06
4,mlp,2268,0,0,0.9997025877279159,2.250850677510622e-07,0.00010960098181279869,2.204938625157918e-06,7.00138211050189e-05,0.00010986082884709024,5.506616625997037e-06
4,mlp,13509,3,3,0.00014580064714902766,0.0001361768360499293,0.0007860521867009758,0.5256181022563664,0.008859054173998036,0.009168474368999658,0.4552863395307359
4,mlp,10158,3,3,2.8887593445632533e-10,1.1605472993015534e-09,2.237805922873638e-08,0.9995947791120781,5.015461374134313e-05,8.953228439308774e-06,0.0003460892182586591
4,mlp,8445,6,6,0.02250263746030074,1.792487758306868e-05,0.0010981672004769735,0.04844124917073843,0.002854379251934298,0.02980510544199943,0.895280536596967
4,mlp,8301,6,6,0.00016134418561896937,8.81276107535106e-06,0.00032664232420900175,0.016039780148938296,0.0060388195485105165,0.0001337393429293295,0.9772908616887185
4,mlp,1152,5,5,7.027110785633823e-07,2.610553043386211e-07,3.986324375444782e-06,0.0014716869772879362,1.34554462784519e-06,0.9979927106314633,0.0005293067558624838
4,mlp,13536,3,6,8.824702999342435e-05,3.238131661509595e-05,0.00045869327689927205,0.18856001528417524,0.005582173620162765,0.0006655595894271446,0.804612929882727
4,mlp,12237,3,3,1.005824316205145e-07,3.935329279565055e-07,4.280913655158677e-06,0.9901629305081187,0.0004674705380292076,0.0004789629420884555,0.008885860982748966
4,mlp,9513,6,6,0.003767007082478113,1.6394716954857417e-05,0.0006426692367835545,0.0005479930159091274,0.0006879311466121766,0.013849711978166583,0.9804882928230956
4,mlp,4101,2,2,0.15254673074041192,0.0002976923101278479,0.8422176324278187,1.1989429555651985e-06,0.00046843418772593196,0.003888584705357759,0.0005797266856025176
4,mlp,9763,6,0,0.8733376787768262,2.191802463717551e-06,6.553587356359383e-05,0.00340164684023948,0.07777585954012364,0.004554915164110799,0.040862172002672725
4,mlp,1581,5,5,3.131000670944764e-05,5.857513371168714e-07,2.6493800020886908e-05,0.0006507820469505534,2.9796058344845185e-06,0.9980858838265452,0.0012019649626022072
4,mlp,6944,4,4,1.6239284342755465e-05,4.198499873927325e-08,0.00791050169791279,5.1616920198453595e-09,0.9920194605467382,6.493335727776046e-07,5.310199074291325e-05
4,mlp,9231,6,6,0.0002567954987193357,7.847715113625613e-06,0.0010372378808215473,0.0003166807596214421,0.0015458584066930156,0.00011988961186810123,0.996715690127163
4,mlp,5605,4,4,4.910807869893355e-07,4.060952180243849e-09,1.292245844587018e-07,0.004002822161194613,0.9881709623891182,1.1559189101739588e-07,0.007825475491472604
4,mlp,11573,3,3,1.6905338074302876e-07,3.087549700059928e-07,4.121105089196693e-06,0.9767358916772895,0.0005320175610166876,0.00016996828878697193,0.02255752355946676
4,mlp,1808,5,5,1.7784656318172445e-05,4.1662302363510545e-06,0.00018146585414054083,0.00036974735969544153,5.262664727243405e-06,0.9955124389929262,0.003909134241955935
4,mlp,6268,4,4,6.436402773476736e-06,2.713520093888585e-08,0.00016178082261556091,6.790821799812176e-06,0.9949434957343649,5.87663381731901e-07,0.004880881419863476
4,mlp,3913,2,2,0.01909260496801073,4.6468181847480694e-05,0.6210207938879602,1.560986015993811e-05,0.27410803528976174,0.00045917208402447584,0.08525731572823544
4,mlp,9975,6,4,0.09161596211094364,3.992894925716528e-06,0.3055742825690954,5.7984215289114416e-05,0.3584943529396577,0.00038797327848701015,0.24386545199160128
4,mlp,4625,2,2,0.004569068855401415,1.095201213128073e-06,0.9805037894166169,1.76740092661707e-08,0.014920171814465855,3.818670471420553e-06,2.038367822208026e-06
4,mlp,5198,2,2,3.161805536396564e-06,1.625954603606068e-07,0.9979691450181182,4.586139043572517e-13,0.0020275176107403246,8.44361710346787e-09,4.526069099029622e-09
4,mlp,3450,1,1,1.924588531753998e-07,0.9999968705958303,2.350418773188136e-06,1.3395299907413237e-14,5.855432375246485e-07,9.83292386483973e-10,1.3823328222588086e-24
4,mlp,9295,6,6,0.0010918219016919448,1.818842060314946e-05,0.001191060810430083,0.0003490000315993262,0.00034936188065237873,0.0009475093568859185,0.9960530575981372
4,mlp,3283,0,0,0.9999744492790386,4.138318550993817e-07,1.7133761321171959e-07,5.973627131056127e-09,2.487357623575257e-05,8.600132648320881e-08,3.039655746376795e-13
4,mlp,3268,0,0,0.9999935955979996,5.684489459008339e-07,1.2808548063794172e-07,5.189039837846575e-09,5.550633388005354e-06,1.5204478855253826e-07,3.5715740297077447e-13
4,mlp,5289,2,2,0.00047450360539734335,1.1004508465401482e-05,0.9992820899053102,1.4170420587250096e-10,0.00023209594383486856,2.798488457329669e-07,2.6046442376432657e-08
4,mlp,1942,5,5,1.0069709204842215e-05,1.8999136600287189e-06,0.00010685201466338236,2.2743509864073873e-05,9.670985973496725e-07,0.9993933028432206,0.00046416491078963646
4,mlp,9881,6,6,0.0017770780227906362,6.0420149192359685e-06,0.020607221761951216,1.3236513358981794e-05,0.0026922579115528323,0.00015036159908049396,0.9747538021763466
4,mlp,195,5,5,3.076844662307283e-08,4.291358816263633e-08,3.634769838376393e-07,0.0016103771466678511,2.811341328800227e-07,0.9983317105763804,5.719398380019406e-05
4,mlp,317,5,5,2.45892365147899e-07,8.344380983398722e-08,1.338692194034677e-06,0.003861010801241083,1.2391552272266843e-06,0.9958388020915517,0.0002972799236108769
4,mlp,4499,2,2,0.0357516922628659,0.00023315866880714619,0.9634780556851376,7.610934584345519e-08,0.0001914788609992638,0.0003283143138161092,1.7224099028124076e-05
4,mlp,9244,6,6,0.0009198054314513461,2.9233346019814045e-05,0.0011028751924996498,0.0010528233189999144,0.0007450710109398639,0.0011109013664164517,0.9950392903336729
4,mlp,410,5,5,7.428961709983263e-07,3.3007161532477496e-07,5.274649632826496e-06,0.006936247583141117,3.3877301598775435e-06,0.9922138731717199,0.0008401438975599356
4,mlp,2061,0,0,0.9720044583239055,2.5298081148216164e-06,0.0002795325049027322,0.000935042743928577,0.0008082530131768986,0.007841364532552927,0.018128819073418543
4,mlp,3139,0,0,0.9998855926812518,1.4654153445416884e-07,2.6020538093926284e-05,1.299964211603927e-08,8.767070008032552e-05,5.56437627922938e-07,1.0176960448179669e-10
4,mlp,12227,3,3,3.2561987328497664e-08,5.365756415909424e-08,5.566299528121975e-07,0.9878547769106703,0.0011277016281888532,1.738840424659906e-05,0.01099949020738989
4,mlp,3290,0,0,0.9999980850352246,2.1928762611735408e-07,2.6351375288143065e-07,1.6629359885884988e-09,1.2054322733377872e-06,2.2506810062927007e-07,8.660958388428901e-14
4,mlp,4383,2,2,0.010308439439208693,4.460716424710057e-06,0.9890780829584808,2.2243904073621053e-08,0.0005928284579481564,9.527787749876034e-06,6.6383962836796576e-06
4,mlp,7799,6,3,1.0834054268639692e-05,5.607033989596957e-06,3.7903356864560505e-05,0.6889781876220397,0.007546588569704414,0.0006864386309176102,0.3027344407322154
4,mlp,631,5,5,9.61065707422535e-07,1.5933769365310514e-06,1.4590472472726168e-05,0.02099733446950509,1.0815008109177572e-05,0.9775368868436796,0.001437818763589458
4,mlp,2940,0,0,0.9993874341604879,8.239093199725144e-06,0.0005488868437553623,7.954385933607587e-08,1.7480355379761977e-05,3.7875440014606774e-05,4.563303416102908e-09
4,mlp,2149,0,0,0.9984904775230209,2.0658786976506165e-07,2.685335555740997e-06,7.030189697266119e-05,0.0009541971875495768,0.00040068596932872033,8.144549970259222e-05
4,mlp,8215,6,6,0.000316377318540205,2.26018210473272e-05,0.0005523315421073124,0.019052465702832273,0.0010273336319447917,0.0018382468762176572,0.9771906431073105
4,mlp,3237,0,0,0.9999391751391443,2.1274565182664617e-06,4.623604060608138e-05,7.093128251277149e-09,1.1065072910373217e-05,1.3891834943467442e-06,1.4198310869871592e-11
4,mlp,1904,5,5,0.07872530057708922,0.00012903111879734836,0.014304644797390416,0.0022238850261858596,0.0005453096710368459,0.6911895168869674,0.21288231192253282
4,mlp,355,5,5,1.0275286963224599e-08,3.274017323220451e-09,5.19407937515149e-08,0.00018286102013301123,3.11811140627086e-08,0.9998095680516049,7.47425704983787e-06
4,mlp,4531,2,2,0.009732459803340561,0.00017688409920937093,0.9892369428243812,4.0659704629661774e-08,0.00039488916415564626,0.0004505616875505555,8.221761657855585e-06
4,mlp,13005,3,6,0.00019078943177075364,4.07924763473081e-06,0.00017684995923678234,0.3351847367256201,0.0021674233198470606,0.00410976719100541,0.6581663541248851
4,mlp,4188,2,2,0.05541408950435099,8.665669429194363e-06,0.9311657585167219,4.351287629121929e-07,0.01330101195420656,1.941352126602206e-05,9.062570526235783e-05
4,mlp,3884,2,2,0.005059230222434328,1.951408715739714e-05,0.5314535720423331,4.502011985108719e-06,0.022802157936776618,0.0002611338999277937,0.4403998897993856
4,mlp,12494,3,3,6.904181501873313e-07,1.0691204593538443e-06,1.1012955314778258e-05,0.9524907440600754,0.0017414012466351876,0.0001369234726994232,0.045618158726665664
4,mlp,2320,0,0,0.9999239357495745,1.0073252493864283e-07,1.8487018079777964e-05,6.658656429793035e-07,7.922573481960513e-06,4.827085009535439e-05,6.172106002107174e-07
4,mlp,1402,5,6,0.09917474953721528,6.311481141206702e-05,0.0024804765976686647,0.15601185047556002,0.004207386556074064,0.12086259458899878,0.6171998274330712
4,mlp,11622,3,3,8.32012603396738e-08,3.6802592701543436e-07,4.441200276356033e-06,0.9902245827803269,0.0004125743811954055,0.0008595234395353632,0.008498426971478705
4,mlp,2881,0,2,0.3927280956306914,0.0007370431991712351,0.6044100273442946,4.7429963292755915e-07,0.00033363719288242777,0.00178389604394713,6.8262893803199584e-06
4,mlp,1907,5,5,3.6620215170422723e-06,7.789210680349946e-07,4.2537655961104156e-05,1.7903806421760004e-05,4.384262284144503e-07,0.9997299141000286,0.00020476506877496262
4,mlp,7330,4,4,1.3928002723685163e-05,7.682135096146212e-10,6.434169161163736e-05,5.635388586757787e-08,0.9999204620507043,1.4432007342556175e-08,1.196700853723272e-06
4,mlp,13202,3,6,0.0002829172486865482,2.0219499047359707e-06,8.183405341321755e-05,0.41185267677372905,0.006895383034017431,0.0013679744755395295,0.5795171924647095
4,mlp,6889,4,4,1.2503852403651131e-05,2.741801890240939e-08,0.00033794978811386436,6.500634262071491e-07,0.9994395840928199,2.76004410066795e-07,0.0002090087808075791
4,mlp,2667,0,0,0.9999139865268897,2.2509363913472876e-06,3.4446636029180454e-07,3.809621010639808e-07,2.4135278465108374e-06,8.062282836541546e-05,7.520461138951287e-10
4,mlp,3872,2,5,7.554687378114009e-05,1.8055051750622912e-06,0.00021215725339192954,0.0002399976388530429,4.753024210734547e-06,0.995132674474508,0.004333065230079973
4,mlp,5537,4,3,1.7936841587784936e-06,4.668731153854724e-06,1.888405973784621e-05,0.9176353985251336,0.00883450034091341,8.264853718600268e-05,0.0734221061217163
4,mlp,2544,0,2,0.3477339432365424,4.551078628322023e-05,0.6510860337540196,4.2818963437775273e-07,0.00017694403502824696,0.0008614969728875228,9.564302560478563e-05
4,mlp,526,5,5,4.898508342768844e-09,2.3838691315654385e-09,3.984424465535502e-08,9.067185075271788e-05,1.7686522487007878e-08,0.9999052426302903,4.020705812245756e-06
4,mlp,3956,2,2,0.17939419119728447,0.0006210034931674482,0.5976564460880445,1.76732602666695e-05,0.00025431441997886663,0.21989825880677025,0.002158112734487886
4,mlp,6581,4,4,1.66874051566098e-05,9.3315481674175e-10,1.6506335468412683e-05,8.559353877525232e-06,0.9988420928023021,1.1936004633291988e-07,0.0011160338099941373
4,mlp,4844,2,2,0.00020501951419789517,7.602904240207324e-07,0.9940971221714812,6.23749662230687e-10,0.005696567272042553,2.0677867912910415e-07,3.2334942535753644e-07
4,mlp,11061,3,3,1.7432832138902704e-08,7.311550101168615e-08,4.558321057205851e-07,0.9918625389036817,0.0007290427615276006,1.017217861605363e-05,0.007397699775735863
4,mlp,4667,2,2,0.004987820499944417,1.0656585454670858e-05,0.9922235651078081,3.257531859298647e-09,0.0027743653676681446,3.095957710407163e-06,4.9322388207774e-07
4,mlp,1079,5,5,1.2984077465034815e-05,6.085671987816545e-06,9.654760488970034e-05,0.03949285920400327,5.178100197840998e-05,0.950321687689314,0.01001805475036165
4,mlp,1866,5,6,0.0017995281311874525,0.00017565289602120509,0.005243946938567764,0.012039243124416435,0.0010611730576180498,0.42086177407653036,0.5588186817756587
4,mlp,11256,3,3,5.15031423467014e-10,3.463349814018246e-09,2.6196370560006245e-08,0.9988008019134003,0.00033418928456804175,2.430032020459421e-06,0.0008625485952594698
4,mlp,2675,0,0,0.9997024988997771,1.2101070916507895e-05,0.00014420309773982904,3.2822527833120576e-07,0.00011140290025317068,2.9427968673838554e-05,3.7837361283933665e-08
4,mlp,11020,3,3,1.7237987846170345e-09,1.9875769760438927e-08,1.220782527781789e-07,0.9982134184219669,0.0008257284524769682,2.2256228155598487e-06,0.0009584838249190368
4,mlp,11159,3,3,1.1760701797627098e-08,5.935315269299361e-08,8.583566824626881e-07,0.9965816524273601,0.00025651840022946774,8.49154184490292e-05,0.003075984283424293
4,mlp,6443,4,4,1.31022537974426e-07,2.5161546595286747e-10,1.777635229689251e-07,6.678667941884578e-06,0.9989554921963321,7.923912287053054e-09,0.001037512174137407
4,mlp,11678,3,3,9.081818353923022e-08,1.8200898857235793e-07,2.3279878288989327e-06,0.967320029703684,0.000859678296908127,1.8643053679680744e-05,0.031799048130727293
4,mlp,6537,4,4,2.178831590382424e-06,8.0169439033318e-09,2.2719754486058608e-05,9.327597259829192e-06,0.9985952600669704,1.0611144826018013e-07,0.0013703996213012843
4,mlp,9290,6,6,0.00011247165226912896,1.4933387140504677e-06,0.00019952023921812625,0.0004905343723590236,0.009447397885354657,3.641969866352677e-05,0.9897121628134214
4,mlp,11711,3,3,5.121292366513086e-08,2.7696588445905615e-07,3.470177067687695e-06,0.9930538550663287,0.00043941767490669027,0.00025409817665181125,0.006248830726237036
4,mlp,4920,2,0,0.7396540663184072,8.450648749407185e-05,0.25968170096260695,6.043704712067791e-08,0.00027944499055296317,0.00030013305367077416,8.77502210636197e-08
4,mlp,5829,4,4,2.681947668371258e-09,3.335366424799604e-11,1.973292646421025e-09,6.892504127534786e-06,0.9999584935902294,3.4160735008041856e-10,3.460887544175613e-05
4,mlp,11796,3,3,4.223762720249936e-08,4.4578845094585714e-07,3.6020448053428474e-06,0.9952445545804139,0.00022929800819255312,0.00242279640559725,0.002099260934912595
4,mlp,5505,4,3,1.612950936441994e-07,1.0985381797567583e-06,5.049396399877218e-06,0.9788458031946802,0.0017722403963601864,5.206980352782393e-05,0.019323577375758638
4,mlp,4011,2,2,0.009644097481423494,1.3757888926961813e-05,0.9889090713127073,2.476754159241118e-07,0.0010024526396874528,3.130153881570649e-05,0.00039907146302312974
4,mlp,1129,5,5,1.407791939370295e-07,3.937895281300512e-08,8.867212621403671e-07,0.0002923521279240929,2.369630880172513e-07,0.9996307231601738,7.562086940535397e-05
4,mlp,13007,3,3,1.4516832877440774e-06,3.476497627179976e-06,1.0351079328240015e-05,0.7428201825050111,0.14937791175341833,2.9531260681672905e-05,0.10775709522064558
4,mlp,8735,6,6,0.007192805404924546,1.1401566774869335e-05,0.001350097292474217,0.004420935641382602,0.0035331223092283405,0.0005768670491611112,0.9829147707360543
4,mlp,11633,3,3,4.256698296782261e-08,9.024525217805456e-08,2.419924947503021e-06,0.993443068391446,0.00020842876883899684,0.0009707286942374665,0.005375221408294783
4,mlp,1339,5,5,1.3007677301335118e-05,2.1172926247352584e-06,4.2978819263016965e-05,0.004611930270219986,1.0370065276143905e-05,0.9888570351990777,0.006462560676236922
4,mlp,6992,4,4,4.0809814481782507e-08,1.3368763544352523e-11,1.7706680590269487e-06,2.7885357879572494e-09,0.9999950005173904,4.800432656045009e-10,3.1847227884518318e-06
4,mlp,4543,2,2,7.550898585722125e-05,1.9826557242395913e-06,0.9995571609751278,1.2305563558283242e-10,0.00036184330527194855,4.897646266330861e-07,3.0141903363415105e-06
4,mlp,12548,3,3,9.768224893876952e-06,1.6575038356897735e-06,5.249119224432287e-05,0.8975929020000325,0.0010732244131803504,0.013486976660098411,0.08778298000571495
4,mlp,6163,4,4,3.7040158123848975e-07,4.5256296250315016e-10,3.4396164039975295e-07,1.611110408474887e-05,0.9980920174293174,1.5412126310118366e-08,0.0018911412386870819
4,mlp,11534,3,3,2.151692699261008e-09,8.42488142333666e-09,8.01731409713539e-08,0.998491231704288,0.0004357920259150056,2.3145924001217434e-06,0.0010705709276818322
4,mlp,5920,4,4,5.043057773184823e-10,1.3328155859828684e-11,5.08108258490612e-08,7.417630631247287e-09,0.9999995607641887,3.065866872442661e-10,3.801831343253308e-07
4,mlp,3750,1,1,4.9479427920155596e-11,0.9999999816230573,2.7201588546869086e-09,1.1661765146806619e-18,1.560719874488298e-08,1.0543459805079305e-13,1.0719509550657792e-31
4,mlp,12173,3,3,3.0935130310918436e-07,4.127704333773241e-07,8.279514660145882e-06,0.977617375858331,0.0005421591724466766,0.0011426395506515415,0.020688823782174397
4,mlp,6531,4,4,2.0916780310276132e-05,3.4532375341707376e-08,0.0003197909105759818,6.241111901122657e-06,0.9754940079803579,1.0976574571549486e-06,0.024157911027022052
4,mlp,9071,6,6,0.00015763253235933194,2.395996036061789e-05,0.00038910257767116237,0.006025608303607547,0.008289732602237298,0.0009323841484190771,0.984181579875345
4,mlp,12357,3,3,7.622196174816033e-07,3.688378856479052e-06,1.858258891856142e-05,0.970899538494412,0.0012221559623479593,0.001062683077096892,0.02679258927875064
4,mlp,10209,3,3,2.6313758559761764e-12,3.729756118975179e-11,1.0765219140288425e-09,0.9999424725799292,3.532553509746322e-05,2.1905362741667514e-07,2.19817148951454e-05
4,mlp,6118,4,4,1.083262903459248e-06,4.913727806567892e-08,1.0078535092055291e-05,5.9942884818859406e-05,0.9930248265482993,3.6639869589111585e-07,0.006903653232912367
4,mlp,1476,5,5,2.1264392520546605e-06,5.534839280384799e-07,1.620731452353443e-05,0.0004360066468742142,1.4430479981850158e-06,0.9989525088042026,0.0005911542632213134
4,mlp,12785,3,3,2.1114430752760526e-06,9.627387962733485e-06,4.868768361981058e-05,0.9715987423848812,0.0014007549053002188,0.00516585892291306,0.02177421727224763
4,mlp,3312,0,0,0.9999905213938609,3.9728824299773754e-06,1.6664065736969112e-06,3.3959077335067227e-09,2.715912272594708e-06,1.1200088052401575e-06,1.4995519932798255e-13
4,mlp,7614,6,6,5.3718710044892596e-05,3.355034226986087e-06,0.0001474827478842111,0.10773815166839863,0.0069405331163325396,8.648110621219515e-05,0.8850302776169007
4,mlp,10049,3,3,9.12913940886753e-10,2.679618899733907e-10,3.2013504552188045e-09,0.9999195240048027,2.6521142815247264e-05,1.8835440274859663e-05,3.5115029880713665e-05
4,mlp,12127,3,3,1.1901274956244683e-07,2.31762507735965e-07,4.244107614957661e-06,0.9822663761695316,0.0008041010470356634,8.464519388037664e-05,0.01684028270668004
4,mlp,7422,6,3,7.396946040359664e-07,1.3231515364906964e-06,1.2429903906861133e-05,0.9588078356973155,0.0019773626910830405,0.00016071891881763514,0.03903958994273647
4,mlp,10663,3,3,1.1854881080056695e-09,3.24404639632298e-09,7.895874878231369e-08,0.9987031101097317,9.890732190467366e-05,8.581830009945038e-06,0.0011893173500701285
4,mlp,750,5,5,1.853442246526898e-05,4.5962518284647675e-06,9.711906906892727e-05,0.07736422501246165,8.077289425823218e-05,0.9033256050202856,0.019109147329631832
4,mlp,11934,3,3,3.8446348545645216e-07,5.07084492594925e-07,7.262575783272931e-06,0.9434460689968319,0.0011124727298658663,6.161059452598239e-05,0.05537169355501481
4,mlp,1637,5,5,3.582828104940557e-05,3.337700072965018e-05,0.0004759075785030495,0.002565925064612065,3.8065420594548565e-05,0.9881689358815274,0.00868196077298381
4,mlp,7092,4,4,4.4796262218345914e-08,7.508778501125004e-12,1.9857512782439512e-07,5.581270878943019e-08,0.9999710558096012,2.613571880973311e-10,2.864473743407269e-05
4,mlp,12834,3,6,2.0299232108920022e-05,5.4816656240577975e-06,7.867416677098011e-05,0.4113449784041439,0.033241486290900346,5.590703695130022e-05,0.5552531732035004
4,mlp,3772,1,1,1.3896152648425832e-11,0.9999999688583098,6.650777615910665e-09,2.920484357568979e-19,2.4476968648453456e-08,4.763622256852244e-14,4.392376505150633e-32
4,mlp,5755,4,4,0.00037515393113509603,1.447843670917769e-07,7.764000175718645e-05,0.00046934262597758463,0.997911444753149,2.1153343121937053e-06,0.001164158569301822
4,mlp,908,5,5,0.006138280489017461,5.659639310676622e-06,0.00022225900426036654,0.09319692389961602,0.00023741621503285896,0.8782213344293112,0.021978126323451454
4,mlp,10755,3,3,1.1182562648811902e-09,5.665985424113399e-09,7.436979169498588e-08,0.9985709929192517,0.0002607257384544307,1.7609986432551121e-06,0.0011664391896172343
4,mlp,6472,4,4,1.6004030566629818e-06,3.357314849863213e-09,2.1447805245424837e-05,1.4622459188556035e-06,0.9999266004726257,3.3501328367059864e-08,4.885221451033741e-05
4,mlp,3329,0,0,0.9697326451077478,0.02265170044746059,0.006972779775490202,5.758980638893243e-08,0.0003385317835608764,0.00030428528478007436,1.1153936045952107e-11
4,mlp,8629,6,6,0.0006288179847175649,1.951331783788663e-05,0.0007294890413436045,0.008028679810808261,0.001097446567471132,0.0012664512650795282,0.9882296020127421
4,mlp,10191,3,3,3.195197709573483e-10,1.0878207739891897e-10,8.207830569278243e-10,0.9935433095003859,0.006229622465631369,1.4885850933339308e-08,0.00022705189904660705
4,mlp,11110,3,3,5.72427577097557e-09,1.1729229971264258e-08,1.2929149966406515e-07,0.993769148022225,0.0010562354875167925,1.8421311260994052e-06,0.005172627614126783
4,mlp,5050,2,2,0.015308253964036896,0.0002801051129907984,0.9839570153396338,1.1506646646252062e-08,0.00040257562926556713,5.190011555678937e-05,1.3833186944174433e-07
4,mlp,6833,4,4,5.188474953950279e-07,9.39710417492123e-13,6.706153608110803e-08,1.931252407976852e-07,0.9999874114740379,3.416182627570142e-10,1.1809149132111443e-05
4,mlp,11985,3,3,9.820597872358227e-08,4.91457786474552e-07,4.032900536858233e-06,0.9908273064055086,0.0006899968441080684,0.00017454460414124815,0.008303529581939945
4,mlp,138,5,5,1.1595137224064371e-10,6.003214936601442e-11,1.6931216939983077e-09,1.1776557641729966e-05,5.839656178640202e-10,0.9999880318131789,1.8917610856908334e-07
4,mlp,13319,3,3,6.551652495061953e-05,4.007826183204344e-05,0.00040059702692040215,0.6012191748669917,0.004417092509959245,0.004542632628550025,0.3893149081807959
4,mlp,13381,3,6,0.00020855978474432863,3.354465385330312e-05,0.0005894487563114659,0.2545216389928184,0.003345632600314605,0.005796255347487143,0.7355049198644708
4,mlp,6763,4,4,9.401488029457725e-07,7.515228238573607e-09,5.3870133195526193e-05,1.0440987676888127e-06,0.9994093318375791,7.699012750773937e-08,0.0005347292762989421
4,mlp,10657,3,3,3.698512470134022e-11,3.088182350235225e-10,4.1477299703340045e-09,0.9997400106870336,0.00013021047673893643,3.6207902655140276e-07,0.00012941226366769724
4,mlp,6629,4,4,4.8254992148344386e-05,3.2447422348034356e-10,1.326224188373226e-05,6.068101802520817e-06,0.9995021077919936,7.619457992063872e-08,0.0004302303531176673
4,mlp,6860,4,4,0.0006116548536360543,2.626082181343506e-07,0.0026020601926306135,1.1015557357984688e-05,0.9954124615031832,4.8778135060384966e-06,0.0013576674714679607
4,mlp,2686,0,0,0.99999147819441,6.136542163093188e-08,5.148835383600821e-08,1.2809992741879484e-07,2.9163999701547354e-06,5.363153656152573e-06,1.298260598042184e-09
4,mlp,2746,0,0,0.989224459059072,9.386957291383827e-06,0.010508951390810158,2.77523954723869e-07,0.00010596663293564158,0.0001505812563356061,3.7717960066331004e-07
4,mlp,9185,6,6,0.0003015300043627066,8.599987125929143e-07,0.00012054451645216368,0.0003458524349184766,0.0011195826900135745,6.210317566275502e-05,0.9980495271798777
4,mlp,4963,2,2,0.00035545629530641016,2.912211666666799e-05,0.9991663641068034,1.5238051086589986e-09,0.0004479024766291457,9.918179861712133e-07,1.616628027919921e-07
4,mlp,203,5,5,1.197895702413771e-07,3.459199912670372e-10,3.296017831223196e-08,0.00010190316516211405,1.5861809104816723e-08,0.9998952799079134,2.647969446760453e-06
4,mlp,6398,4,4,5.137626644977918e-08,1.3622778950049924e-10,1.0839842689762582e-06,1.8776727484234494e-07,0.9998952950074946,3.791716749018681e-09,0.00010337793675077979
4,mlp,6821,4,4,1.137074639394369e-05,2.062177813865955e-08,0.000431355574679734,1.1698071108624565e-06,0.9992207758261289,2.3417677317028445e-07,0.0003350732471352783
4,mlp,9273,6,6,0.000168167353913923,1.5993087879488785e-05,0.0006539526292812423,0.0022905291112246084,0.012942466185818636,0.00039871646799246436,0.9835301751638895
4,mlp,11144,3,3,5.386408941771005e-09,6.410234173720523e-08,7.388841803991369e-07,0.9987059728842628,0.0001532423166998593,0.0003408778445119992,0.0007990985815942905
4,mlp,4035,2,2,0.004691750263245553,4.734403377975252e-06,0.9756559850171825,3.7690973478510996e-07,0.018716406872100615,2.240295230775886e-05,0.0009083435820507658
4,mlp,9488,6,6,0.00040401489092299376,9.134441272527326e-07,0.0002262296953318069,0.0009785906762603794,0.02446798200484124,6.248802197106485e-05,0.9738597812665452
4,mlp,1985,5,0,0.8483848366759921,2.293665606426974e-06,0.00035624913088160243,0.00046873981766360764,3.739367280069449e-05,0.15031763333941062,0.00043285369764477054
4,mlp,470,5,5,6.442339563140282e-09,1.4626614656011032e-08,1.6436086432948293e-07,0.00026513129728168044,6.238336776608687e-08,0.9997239398203513,1.068106918069136e-05
4,mlp,13204,3,3,0.00022498719754443912,3.316738722838156e-05,0.0007158414958662235,0.48126755795853593,0.002152196772685028,0.07349998465977207,0.44210626452836804
4,mlp,1688,5,5,2.342377016647658e-06,1.1098823309837894e-06,3.603676995827929e-05,0.00021911210406280426,1.6041969252746174e-06,0.9992122535352365,0.0005275411344696886
4,mlp,13322,3,6,3.4039185180349235e-05,1.2093455473697784e-05,0.00021749946762643645,0.21611035750161858,0.003207069796121126,0.0002739407104424286,0.7801449998835372
4,mlp,11852,3,3,2.588188899013161e-08,8.734392680750045e-08,4.6093415877632103e-07,0.9898659810284004,0.0034269142807560773,3.910173261539459e-06,0.00670262035760726
4,mlp,5110,2,2,0.0009081705426124959,4.5003384845724725e-06,0.9984424097795875,7.556351379604988e-10,0.0006444140461800684,3.5805916845348483e-07,1.464783317530036e-07
4,mlp,6272,4,4,1.3306545336294557e-05,7.027793014632089e-08,4.508828100095853e-05,9.196244750551147e-05,0.9908674831004908,9.417906011423034e-07,0.008981147557135302
4,mlp,11099,3,3,6.077166331165508e-10,7.725304716867555e-09,6.889977466389994e-08,0.9995838458065056,0.00011821513397609395,4.0706955685353425e-05,0.0002571548710367485
4,mlp,12811,3,3,3.33605509722283e-07,1.433610779725249e-06,3.5761977606356666e-06,0.9771047597865681,0.002589696946870634,0.0002743602112129814,0.020025839641298206
4,mlp,8778,6,6,0.00010898468658267845,1.2167607563151762e-05,0.0004340787177026671,0.006130893938679515,0.017874550592197936,0.0001262740749822546,0.9753130503822918
4,mlp,13461,3,6,2.4631131651374737e-05,3.56262397351007e-05,0.0002438308868972247,0.2681481918394716,0.034668379242254264,0.00024758221550936273,0.6966317584444811
4,mlp,3446,1,1,3.2350141530252703e-07,0.999999264550665,1.9207983569050078e-07,3.562810265698527e-14,2.192273439839257e-07,6.407043901772492e-10,1.265124523851116e-25
4,mlp,1526,5,5,1.2562610029337799e-06,2.9456936035654606e-07,8.227232212660932e-06,0.0003990611434228478,1.054687606942058e-06,0.9992655222826012,0.00032458382379320084
4,mlp,4254,2,2,0.42409933393392185,0.00029977058724032054,0.5695980916110969,1.071914064456752e-06,0.0003054179708762622,0.005666509676819818,2.9804305980423583e-05
4,mlp,1310,5,5,9.680673022309331e-08,8.350912037541448e-09,3.446407242133172e-07,5.066391767589508e-05,4.395598620593269e-08,0.9999369374393067,1.1904888664939873e-05
4,mlp,10229,3,3,7.11338451627843e-11,1.750431272566404e-09,3.615311473934113e-08,0.9993801597153105,1.4993362439150307e-05,0.000565792022905278,3.901692466516373e-05
4,mlp,5853,4,4,0.0002726477768715633,3.508687844819668e-07,0.00025331106239139347,0.0005026908178574273,0.9924800404494359,4.784090634266883e-06,0.006486174934025072
4,mlp,10270,3,3,5.446779709644976e-11,3.5941547459284474e-10,1.2153380342876558e-08,0.9997811297014958,3.45710526774659e-05,9.236619511010972e-06,0.0001750500590520126
4,mlp,6292,4,4,6.831005552581277e-08,2.442491614212508e-10,1.343406586076503e-07,8.763473287978879e-06,0.9997351247790334,4.140303472436233e-09,0.00025590471241179356
4,mlp,3152,0,0,0.9999749270623481,2.101068730387976e-06,7.921738843007748e-06,2.6581510602078886e-08,1.2208174103495508e-05,2.8152608186642923e-06,1.1364560050863308e-10
4,mlp,358,5,5,4.97263641087608e-09,7.054908972030924e-10,2.0833858301481083e-08,7.072618928079518e-05,1.0218004539451784e-08,0.999926296416077,2.9406646519433714e-06
4,mlp,13062,3,3,1.3503800265062596e-05,6.125189736923335e-06,6.241501593830872e-05,0.6503934404488894,0.005603983298123137,0.00026156867073606527,0.34365896357631104
4,mlp,2419,0,0,0.9997528594776155,1.2321589536071122e-06,1.9189228727456727e-06,1.2118428039595953e-06,2.576114939816098e-06,0.00024018533846562545,1.614434879816386e-08
4,mlp,13183,3,3,1.1311306321688986e-05,1.5034090006678087e-05,0.00010656240151888388,0.8906830123695627,0.0028023779938325445,0.0043717581070304495,0.10200994373172702
4,mlp,7261,4,4,7.215398528782054e-05,2.0030747508143702e-08,0.012624906813342848,1.0357235239204664e-08,0.9872651807636563,1.1630979254237939e-07,3.761173993781003e-05
4,mlp,8058,6,6,2.138245220198436e-05,5.651653660593283e-06,3.842035220374457e-05,0.20990811668888565,0.02301039715635476,0.00011706531141726325,0.7668989663852761
4,mlp,13395,3,6,0.0004163154546082181,1.991235803662382e-05,0.0006280147166245648,0.10954306833829919,0.0010061996710403489,0.016566591085305206,0.8718198983760859
4,mlp,11954,3,3,3.438411779902671e-08,2.430482886493879e-07,1.532300470602147e-06,0.9963597203275892,0.0005029416584103662,0.00019952826957104922,0.0029360000115522026
4,mlp,2613,0,0,0.9996074653640373,9.42197016988058e-06,0.00011712786525410777,4.7349511303795836e-07,1.4016057500653853e-05,0.0002514287267856636,6.652113935452566e-08
4,mlp,3783,1,1,2.4397062247636238e-11,0.9999999963178059,3.704657769557488e-10,3.5890648859733496e-19,3.287279579093446e-09,5.147135051616117e-14,1.0890693312311213e-33
4,mlp,6189,4,4,1.9721385456543505e-08,9.590256303618956e-10,8.792202268206583e-07,7.465818480096741e-07,0.9999743911601883,3.274198017942629e-09,2.3959083127777782e-05
4,mlp,13172,3,3,1.082647292624574e-06,1.4597921725584556e-06,5.967428037836537e-06,0.9455318416013111,0.0051727036315043304,0.00011428365631761116,0.049172661243363974
4,mlp,7119,4,4,1.7349001639768615e-05,2.4479571676008807e-08,0.0032534413141828778,6.241126066707055e-08,0.996636433657432,2.3081595792273583e-07,9.245831995520609e-05
4,mlp,2035,0,6,0.004985706767639274,3.359255529905356e-05,0.0017980558326939832,0.006528183634716465,0.0008616900643814528,0.018815900642826403,0.9669768705024434
4,mlp,11095,3,3,3.362640558898504e-09,2.081543891562698e-08,3.2469720026554075e-07,0.997392353998975,0.00035484853343655605,6.5273844702134135e-06,0.0022459212078387767
4,mlp,3156,0,0,0.9999837032740249,6.951376775555315e-08,1.1473238655812725e-07,1.5239139802826393e-08,1.5807847563148506e-05,2.893858550363665e-07,7.262793025317166e-12
4,mlp,6364,4,4,1.6241126344507636e-08,1.779002429059749e-11,5.9210680086302894e-08,7.965161477123779e-07,0.9999748955809016,4.754566596450313e-10,2.423195789752556e-05
4,mlp,5259,2,2,0.0001872545158155369,2.5033306449025497e-05,0.999402309421856,2.2403871530771276e-10,0.00038519607567603405,1.659182479465135e-07,4.0537916674539666e-08
4,mlp,11580,3,3,1.0005554231226661e-08,3.265839217476083e-08,4.162631523632482e-07,0.9955188877127995,0.0006315092020557969,5.504801772429386e-06,0.003843639356273786
4,mlp,7550,6,6,2.5053939811995688e-05,6.063123596324916e-06,0.00010904712004054291,0.3453352886419403,0.004396383982107235,0.00015003690682302342,0.6499781262856805
4,mlp,11519,3,3,1.487209836327238e-07,1.7438606353492195e-07,4.369938009881994e-06,0.9814032251504395,0.00021101744215882892,0.005087779936434649,0.013293284425909801
4,mlp,8374,6,6,0.00034612941213622926,6.844078925972672e-05,0.0010348930033303018,0.07801305572483587,0.004088509980459266,0.0044101657762953056,0.9120388053136832
4,mlp,2232,0,0,0.9996980160606574,2.0184949458014683e-07,8.246925816910103e-05,2.3513345494768504e-06,3.589965304624217e-05,0.00017377254775622492,7.289296326611768e-06
4,mlp,9559,6,6,0.0002248394365370357,1.4951319526633938e-06,0.00025847329683502743,0.00048674159680247165,0.022565689438419717,5.7695734694812755e-05,0.9764050653647584
4,mlp,13404,3,5,0.0011953838721522696,1.1787530525143923e-05,0.0005001531666473519,0.12575180155437093,0.0005215743815269304,0.5125852119337261,0.3594340875610512
4,mlp,5719,4,4,7.869079035314198e-09,6.461010608804189e-11,9.637567927514675e-09,4.535945220716792e-06,0.9999945236901914,9.970257587929729e-11,9.226936282306363e-07
4,mlp,10926,3,3,2.388960489936654e-09,2.1759621425419772e-08,3.7066779127009875e-07,0.998992647049596,0.0001486596414356128,8.077810871099956e-05,0.0007775203838841926
4,mlp,10100,3,3,1.5397665335580647e-07,7.020344823016327e-12,4.999583059105967e-12,0.9999438839124632,1.7015030706483108e-05,3.196124782324688e-05,6.985820333919221e-06
4,mlp,12098,3,3,1.5120790450253065e-07,7.008776299307836e-07,6.094011043852985e-06,0.9873943287911822,0.0007455647009607281,0.00033333467051038145,0.011519825740768475
4,mlp,3221,0,0,0.9999838011346108,2.5165615453660427e-06,3.7773315776322185e-06,1.2880567119274346e-08,1.4438414417220777e-06,8.448247490911968e-06,2.7665977827357938e-12
4,mlp,310,5,5,3.452049894849986e-06,4.86266232478022e-10,7.625670452843452e-08,0.00023835157116876092,4.260797010959529e-08,0.9997547385288806,3.3384991149131247e-06
4,mlp,9099,6,6,0.0009777483311950706,0.00020757088610323117,0.0024369323640817905,0.015873863767268525,0.002009951552501412,0.08284228424883341,0.8956516488500166
4,mlp,5866,4,4,0.0001834657878927605,1.2291548205690755e-06,0.00031739423372362393,0.0010324294360304189,0.9673606920320907,1.0199384151817593e-05,0.031094589971290058
4,mlp,2503,0,0,0.9999628412965424,5.1697888480757254e-08,1.727540415555503e-05,1.2774595286346348e-07,2.9124325286516124e-06,1.675658549197376e-05,3.48374399074479e-08
4,mlp,5857,4,6,0.00025260489672617977,3.7821678213864724e-06,0.0012837364035730328,0.0009443221233162369,0.29303618842782264,5.902832583195572e-05,0.7044203376549085
4,mlp,6003,4,4,2.97355363650795e-06,1.321870879520956e-09,2.196139824863804e-06,3.37941416633163e-05,0.995854525341489,8.940354206041497e-08,0.004106420097973417
4,mlp,8750,6,6,0.00015264563347878782,4.2729992953422654e-05,0.00034566975705866765,0.043500955002777605,0.006446629953463419,0.0031545551883639714,0.9463568144719041
4,mlp,2021,5,0,0.9904440737198414,4.0404545554555333e-07,7.658659863823586e-07,5.157466996175831e-05,8.89969798782314e-06,0.009493700852467072,5.811482999285791e-07
4,mlp,5555,4,4,3.50030951940686e-07,1.0349703470395015e-07,2.340228826599959e-06,0.005198953828927558,0.9879934884834799,2.884132428107677e-07,0.006804475517536494
4,mlp,12099,3,3,2.104886817381389e-08,6.748294638237555e-08,8.226780121751018e-07,0.9955564658668242,0.0006638762940654266,1.5400910815379324e-05,0.0037633457184680264
4,mlp,4714,2,2,0.0004325314955548755,4.0376298243280337e-07,0.9984859207423035,2.2612550234861504e-10,0.0010804643989515382,3.837844647880877e-07,2.9558961729544345e-07
4,mlp,9535,6,6,0.0005787343995353978,1.217560197925449e-06,0.00029899745370220803,8.949915600046109e-05,0.0007912586021004523,9.466987611280647e-05,0.9981456229523508
4,mlp,5181,2,2,0.00043011543404118256,6.393528405963554e-06,0.9991771345620871,5.012888623545745e-10,0.00038608367033923004,2.3617039283788978e-07,3.6133444549689535e-08
4,mlp,939,5,5,1.8643721212525767e-05,2.1269900032761657e-06,5.737578340015186e-05,0.011781455630083336,2.0324750729267767e-05,0.9788774124586727,0.009242660665898792
4,mlp,6728,4,4,3.752330565529983e-07,9.038718747663064e-09,1.3232057339844564e-05,2.4013982289070524e-06,0.9996162703961381,9.029569159528732e-08,0.0003676215808261068
4,mlp,9520,6,6,0.001664035312915321,2.3943129981041732e-06,0.0007980727875743159,0.00023996401247371098,0.0015401518094092764,0.00015208985281112754,0.9956032919118181
4,mlp,2234,0,0,0.999598671542752,6.673893110043439e-09,2.459396300042284e-07,1.042109939991064e-05,0.0003005946011068034,8.175837688710631e-05,8.301766330964801e-06
4,mlp,5451,2,2,0.022999140782515786,0.0004694905242064547,0.9739741338461683,1.1063068002356612e-09,0.0025541905361771916,3.0411790110461197e-06,2.025614365071182e-09
4,mlp,1974,5,5,0.0034888498416568263,0.00014157304001118114,0.016448689497065332,0.0004534089206780931,0.0001680020530192781,0.8341614121528864,0.14513806449468283
4,mlp,3745,1,1,1.1520848478589744e-10,0.9999999543985182,1.1729166361923803e-10,4.051712930609008e-18,4.5368976472117715e-08,5.006952159595285e-15,2.6299097258571407e-31
4,mlp,2756,0,0,0.9999904341039223,4.076668946309099e-07,7.104594670966757e-09,7.773352763693902e-08,2.731194905119361e-06,6.342048115272388e-06,1.4804017402137778e-10
4,mlp,4671,2,2,0.009476654766162712,5.907872209303981e-06,0.9883961743966072,2.1072302547967116e-08,0.002117006833994235,3.0032369262356554e-06,1.2318217980076808e-06
4,mlp,1629,5,5,0.00024877698916514886,2.650245595939033e-05,0.00087308089032992,0.007998122393172005,0.00010836256454966338,0.9438193875008295,0.04692576720599433
4,mlp,10772,3,3,2.080983556442568e-09,1.598047219575771e-08,1.3021133522216337e-07,0.9982040025874424,0.00031516910032144686,4.806040846511335e-06,0.0014758739985985168
4,mlp,2024,5,2,0.3556163353671542,0.00038382401590370766,0.4134289634201257,4.7956412837144014e-05,0.0004615075748333678,0.20516195981444577,0.02489945339470016
4,mlp,9051,6,6,0.0004001023806558995,3.7747450270429914e-07,0.00016544755113231344,0.0018186238916753298,0.13453205991117126,2.4366853355673336e-05,0.8630590219375069
4,mlp,6702,4,0,0.8349539718064102,1.2688534180753227e-08,0.00014527817189462187,1.7378255070182684e-06,0.1642374923463509,0.00024095559314293733,0.00042055156816015414
4,mlp,4016,2,2,0.051471537089503,7.086500689364221e-06,0.9465831005368179,2.3287707431955396e-07,0.0017192896499769377,5.925161754455711e-05,0.0001595017283937977
4,mlp,28,5,5,1.6254194406164484e-07,2.5327119347772462e-08,3.8769747013196047e-07,0.013703081645337562,1.4733479758718082e-06,0.986154045855501,0.000140823584652084
4,mlp,12097,3,3,2.2943926109335588e-07,6.292362053854408e-07,5.098642459274124e-06,0.9704016636179039,0.0015984151165801264,3.364238007464646e-05,0.027960321567515458
4,mlp,8346,6,6,0.0016577969384315898,0.0001470515933298498,0.0031690632470865988,0.0406115495078874,0.000970793673018848,0.21377479292157264,0.739668952118673
4,mlp,701,5,5,1.569461791486044e-07,3.0584196935543748e-09,1.515856895489536e-07,0.00015004387990822998,5.8027760711894715e-08,0.9998331752256661,1.641127637677191e-05
4,mlp,5715,4,4,3.1132129027204874e-08,3.2503235390348763e-09,1.031628508319747e-07,0.00010173256305240161,0.9995647142967115,1.3911760824677566e-08,0.00033340168317189014
4,mlp,5162,2,2,7.976181777559104e-05,9.424142988880511e-07,0.9978713073706572,7.719396688448261e-11,0.0020479138140196947,5.4306869382156304e-08,2.0199185528741154e-08
4,mlp,2187,0,0,0.9991252242884263,1.6925351544857044e-07,2.1397080466986368e-07,3.2921612328353446e-05,5.761240709418255e-05,0.0007739699090060895,9.888558824964882e-06
4,mlp,8143,6,6,0.0001584170370259491,3.1545038505669455e-05,0.0007374873333959906,0.11871238702182133,0.003028704190412893,0.0020191661003648334,0.8753122932784734
4,mlp,7693,6,6,2.367699568481912e-05,2.4902973917235238e-06,3.439107744604513e-05,0.2617505534999383,0.007113654970059392,0.00023703726966333477,0.7308381958898164
4,mlp,1080,5,5,2.973586617897715e-09,5.377654342738398e-10,2.5712501400474742e-08,7.377618579131758e-06,2.2702527561111443e-09,0.9999917383039852,8.52583329298519e-07
4,mlp,474,5,5,1.2656875937888506e-07,1.38437609794738e-07,1.6630497739353338e-06,0.0026336030678082746,9.265477132806647e-07,0.9971918684860944,0.000171673842240875
4,mlp,3091,0,0,0.9999895375951646,1.7874615037390416e-06,1.6698629775222122e-07,4.156813395627661e-08,6.92034719079233e-06,1.5460120615364252e-06,2.964760056022098e-11
4,mlp,12603,3,3,8.234852681554766e-07,4.4058124967497877e-07,2.8882001602970717e-06,0.8366053134496948,0.011237351379247085,2.3580738824336174e-05,0.1521296021655558
4,mlp,12590,3,3,3.698293920647711e-06,3.064274410050575e-07,7.620850794368593e-06,0.6347135165077967,0.004220070436073072,0.00010829102520366199,0.3609464964587706
4,mlp,2821,0,0,0.9999805337215684,7.325320446975908e-07,5.787017945379144e-06,8.748439140572642e-08,4.723130064513834e-06,8.134459466606741e-06,1.6545189018111085e-09
4,mlp,8418,6,4,1.5803855314031185e-06,1.8167567507073448e-07,6.2877370901028e-05,8.08377233144131e-05,0.9963966480444927,1.7307398913645678e-06,0.0034561440601940745
4,mlp,1045,5,5,3.125393200575877e-07,1.4432858211057164e-08,6.027423229489985e-07,0.00013790468282456824,1.0581753228079772e-07,0.9998302183873526,3.084139778935712e-05
4,mlp,5710,4,6,4.6806093170847094e-05,2.4188291703452425e-05,0.00030566405713045844,0.022842241971558704,0.25741734105077413,0.0001870439971719446,0.7191767145384903
4,mlp,748,5,5,3.5930794163131595e-05,6.612706459851076e-06,0.00014444750353500196,0.06169889258427233,8.332522228473171e-05,0.9067987976302051,0.031231993559079695
4,mlp,9377,6,6,0.0009277230881406175,9.004818132514353e-05,0.0026798819270263106,0.0017804022817378762,0.002105495056179114,0.006607231768040375,0.9858092176975505
4,mlp,11441,3,3,1.5164577745256067e-08,4.640446161815552e-08,5.37947252659167e-07,0.9939645375426109,0.0003958273747566707,1.7268474773539464e-05,0.005621767091566953
4,mlp,3428,1,1,2.033719915027039e-06,0.9999946228633312,2.383145637010238e-06,7.665762364949333e-14,9.559971888423637e-07,4.273851589823883e-09,3.1587070975872046e-24
4,mlp,2955,0,0,0.9999804160696579,5.301681925729979e-07,9.249491458098054e-06,4.035540176676384e-08,6.586773920229906e-06,3.176818885921836e-06,3.2248353914744997e-10
4,mlp,6471,4,4,3.560799690989073e-08,6.614334948589702e-11,5.0738931319126184e-08,1.9959077785747706e-06,0.9997013537004633,1.77430795545941e-09,0.0002965622043785619
4,mlp,5877,4,4,1.913750529772694e-06,5.3384875482062236e-09,8.958161226270659e-06,3.942373030160735e-05,0.9888366213075491,2.620329493227774e-07,0.011112815678956316
4,mlp,12637,3,3,1.804555545303355e-05,9.915545731885906e-06,0.0002149157892763285,0.7377307407636281,0.0010925366020046777,0.0683430577582261,0.19259078798567988
4,mlp,8804,6,6,6.040993376281779e-05,1.1312478118678818e-06,0.00011620549682118516,0.0007573436682801997,0.001089640202564831,4.124102224819275e-05,0.9979340284285109
4,mlp,389,5,5,9.788575679611948e-07,1.8974072853310078e-08,8.621135504289253e-07,0.0010733052840443467,5.016567442570465e-07,0.9987768759306731,0.00014745718334712506
4,mlp,3519,1,1,3.171281430286534e-08,0.9999724844323523,1.6231560296036066e-05,7.317230640867404e-16,1.125227962452247e-05,1.4911774648768724e-11,2.720720264505772e-24
4,mlp,7157,4,4,2.210017379303815e-05,2.6395010454626548e-09,0.0001541376555315876,9.344674270172081e-07,0.9997344896118444,1.4403899732146512e-07,8.819141290568388e-05
4,mlp,7667,6,5,0.0006122898825696645,2.6255406455441416e-05,0.0006766069523780541,0.11903202636544533,0.0003856688708791424,0.6974166874146535,0.18185046510761887
4,mlp,8633,6,6,0.0028908474155632533,4.2330555358679606e-05,0.007103322707486115,0.008975054807137662,0.10841252852413501,0.004489617348736704,0.8680862986415826
4,mlp,5001,2,2,3.0369828583419504e-05,1.3669334184482804e-06,0.9997330710274793,5.5656636026735804e-11,0.0002349360072475572,7.115436105436177e-08,1.8499325345421034e-07
4,mlp,6317,4,4,5.118046826099892e-09,2.465775077353412e-10,5.023573177823554e-07,3.548861524379475e-08,0.9999972672085601,9.464899334550706e-10,2.188634392787558e-06
4,mlp,11398,3,3,1.2655590516555834e-08,6.179911300749129e-08,7.725339411748417e-07,0.9962570315128052,0.00037905261067454354,2.9122167954011572e-05,0.0033339467199214284
4,mlp,6712,4,4,5.119968987047483e-06,1.0250969251345885e-10,2.5659995982195942e-06,2.5086488935530564e-06,0.9997120445187404,2.0978641783536956e-08,0.0002777397826293027
4,mlp,12035,3,3,1.7828554569473553e-07,3.857403159842894e-07,6.5336664976741016e-06,0.9848572686919617,0.00038899024515315513,0.0017160595190616476,0.013030583851464092
4,mlp,8413,6,6,0.0007609619590667156,3.1218851320961844e-05,0.0009619548013910345,0.00803450951669015,0.0006432958447246525,0.005041324567171587,0.984526734459635
4,mlp,10575,3,3,4.3238347714606006e-10,5.668335056086499e-09,5.428969483505015e-08,0.9994960137705393,0.00016166552133884337,4.824378138218481e-06,0.00033743593957007303
4,mlp,10275,3,3,5.049027901989045e-11,3.08772143748324e-10,3.1809504363316978e-09,0.9994903000139029,0.00022739380885522084,1.6812179448708224e-07,0.00028213451523450016
4,mlp,8701,6,6,0.0003300762844898045,5.893899055096634e-05,0.0007785714866409609,0.015467488035324278,0.0027869440311553474,0.0020268383654026252,0.9785511428064361
4,mlp,3276,0,0,0.9992111018416932,0.000685210220174534,1.606973894414293e-05,1.1255002116690197e-07,1.9675277163265687e-05,6.783037002951973e-05,1.974297034438611e-12
4,mlp,1932,5,5,1.4507452449460705e-06,3.1768777208424833e-07,1.9577671470010554e-05,6.210644978208181e-06,1.8521142175133442e-07,0.999919233882193,5.3024156920050995e-05
4,mlp,11050,3,3,6.474474228719129e-10,7.469822779224182e-09,1.2589013468835136e-07,0.9995117848192916,6.787820561761658e-05,0.0001320811294538319,0.00028812183823234884
4,mlp,1033,5,5,2.6076168050789104e-05,7.499060539930996e-06,0.0001620635947613204,0.025978005327967603,5.002841835613682e-05,0.9538824885146041,0.019893838915720077
4,mlp,13309,3,3,5.891784320469153e-05,6.154897742527108e-05,0.00047554819171794795,0.7668638587559142,0.0035342220051374574,0.020109664854478997,0.20889623937212137
4,mlp,5316,2,2,0.07317979473365556,4.337368395719155e-05,0.9210823997596127,8.678305838768369e-09,0.005689045714242004,5.368961171640964e-06,8.469055145330147e-09
4,mlp,11945,3,3,1.811758446126592e-07,8.531361745825551e-07,4.071824828154217e-06,0.9714218404490421,0.0020064727734269063,3.711249846063247e-05,0.026529468142223216
4,mlp,6368,4,4,1.9890581257151275e-05,1.1398066039832385e-07,0.0007769828064949752,7.006809761012183e-06,0.9890974201592501,1.8793440034002745e-06,0.01009670631857303
4,mlp,13082,3,3,3.650154316857614e-05,2.908471124195136e-05,0.0005014902995771341,0.7580911290841581,0.0014800382220098642,0.0816503192595495,0.15821143688029504
4,mlp,3240,0,0,0.9999973806604077,3.0966849529635776e-07,6.931321119261918e-09,6.769093022415082e-09,2.1907359664920197e-06,1.0523443897037504e-07,2.773093641615744e-13
4,mlp,7419,6,3,2.368677527469929e-06,3.3005095836644467e-07,5.402153047552696e-06,0.6706676393921214,0.005585034997364613,6.380554082410076e-05,0.32367541918815645
4,mlp,12912,3,3,2.0078328708462193e-05,2.1742636312211638e-05,0.00029333101548755083,0.8165112178876877,0.0014269990130605758,0.05393515707478429,0.12779147404395935
4,mlp,10137,3,3,2.299311871740211e-11,3.8164796155371473e-10,9.720968126570864e-09,0.9999071971943724,3.218649609912358e-05,4.064336678544072e-06,5.654184724084961e-05
4,mlp,11545,3,3,3.614435024442839e-08,1.844286071565017e-07,2.8812927398658577e-06,0.9948953520551987,0.00025381224502141913,0.0009458561763421189,0.003901877657740418
4,mlp,11048,3,3,2.274025097958243e-09,1.71057691188032e-08,2.8475132906122334e-07,0.9987695110749928,0.0002253274130603344,1.5451152240693083e-05,0.0009894062285828577
4,mlp,12668,3,3,1.2010614894827948e-06,3.6373226004922766e-06,1.901607192641507e-05,0.9349258346924656,0.0028837543262081114,0.00013063976110597322,0.06203591676420391
4,mlp,9035,6,6,0.000167340133082175,6.763001683994665e-07,0.00025217897418260387,0.0005029588858579643,0.00971689861558713,2.7911283520580234e-05,0.9893320358076011
4,mlp,9547,6,6,0.004640602618241398,8.695534301494164e-05,0.004311250843945629,0.0004012960098903053,0.0003719223080147377,0.011980395726699154,0.9782075771501937
4,mlp,201,5,5,2.8032375634323727e-06,1.9321824211250597e-07,2.947220579136712e-06,0.012433009839389305,4.167261993508941e-06,0.9865029355205687,0.0010539437016639096
4,mlp,2243,0,0,0.99977335232587,2.1750686226861574e-07,6.966651875661417e-05,1.863129836633423e-06,2.50362239872837e-05,0.00012444188779658642,5.422406890767359e-06
4,mlp,993,5,5,8.314400401275899e-06,2.0239059564609064e-06,4.0710565281997706e-05,0.00857823085922428,1.3534619824896645e-05,0.9871453549459599,0.004211830703351341
4,mlp,1405,5,5,9.044185142230718e-09,2.054528823310066e-09,9.793071333623955e-08,8.183523206239431e-06,5.753659880852803e-09,0.9999896527681076,2.0489255989925696e-06
4,mlp,1797,5,5,1.2020842612720525e-06,1.6090117689175443e-07,9.007000375920075e-06,4.31679286250276e-05,3.030128937829767e-07,0.9997970894061671,0.00014906966649995602
4,mlp,2956,0,0,0.9999407474354719,2.839854133881471e-07,3.769073300143565e-05,3.055322297397941e-08,1.8996893629831655e-05,2.2497804656983484e-06,6.187947109312411e-10
4,mlp,3315,0,0,0.9957104575188372,0.003847419475443806,0.00018379465841917498,5.552078262332214e-08,0.00023302484365947824,2.5247964947592537e-05,1.7910314286624544e-11
4,mlp,8453,6,6,8.91075565524779e-05,3.65886049202575e-05,0.0004860747358831034,0.03608826373568346,0.011951411863482142,0.00038388457560241136,0.9509646689278761
4,mlp,10537,3,3,8.0420927185108e-09,1.2228124102400285e-08,1.522671365493381e-07,0.9988496944871115,0.00010041305425284114,8.162267765870253e-05,0.0009680972436235531
4,mlp,11142,3,3,9.518775693657801e-10,6.263449657706348e-09,6.780884822392683e-08,0.9992313345486069,0.0001908555933824781,8.501223284114993e-06,0.0005692336105511626
4,mlp,10156,3,3,1.006169178738237e-11,1.0966247447473142e-10,4.028036210233509e-09,0.9999141068051305,4.379073569048823e-05,3.458359914832081e-07,4.175247542715431e-05
4,mlp,6694,4,4,5.83490898464639e-06,1.6274519693761903e-09,1.3085937602379055e-05,7.2632671935545875e-06,0.9956710220375228,1.0026504389038022e-07,0.004302691956200848
4,mlp,5996,4,4,1.4003973706326419e-08,4.624180558895487e-10,1.8704982752876824e-07,3.7600460362400565e-06,0.9999402023904893,1.9997360289060953e-09,5.58340475192261e-05
4,mlp,6045,4,4,1.6794449557339885e-07,1.0104247565347843e-10,1.0108065241067803e-07,1.1760282208800627e-05,0.9993918301711473,4.311607507539461e-09,0.0005961361088460116
4,mlp,10647,3,3,1.1009821358563259e-09,1.325489984449584e-08,2.0387856829437417e-07,0.9993988072723465,9.302224657548203e-05,0.00010058267720067057,0.00040736956942699604
4,mlp,5612,4,4,7.235515198141598e-07,2.856478220109145e-09,5.436989061609798e-07,0.0010719251141284435,0.9963634542444346,9.614748637566385e-08,0.002563254387046358
4,mlp,9093,6,6,0.0043401940180763645,3.115011236018239e-06,0.00018874091714903091,0.0021282136090760486,0.0022344416414328714,0.0024944294413491823,0.9886108653616806
4,mlp,1900,5,5,0.24524574449586994,2.368052232414626e-07,6.252100191139882e-07,0.014319316653531335,0.0006377822465363335,0.7361773667552436,0.003618927833576365
4,mlp,11812,3,3,1.7954494614182267e-06,1.9852611745601526e-07,6.62025480935009e-06,0.9668047484151481,0.0005737482918463499,0.0014222037561538998,0.03119068530646346
4,mlp,10616,3,3,9.278339000689567e-10,5.719588226107361e-09,1.0723391601198017e-07,0.9989793715507341,0.00014680501452604772,7.487227456180826e-06,0.000866222325945529
4,mlp,13338,3,3,7.64134336988232e-06,6.079560157644741e-06,5.426202689060208e-05,0.8256963569687364,0.004109254152318166,0.0015473628530955552,0.1685790430954318
4,mlp,2344,0,0,0.5327037656878814,5.876564729178035e-05,0.46215644936285694,1.8695274742772182e-06,0.0006302229474430724,0.0015021893258941954,0.0029467375011584234
4,mlp,8937,6,6,0.0006057550316409465,2.7755386603130573e-05,0.0006344360129850313,0.011062657746415386,0.001298268286305968,0.014087049432726793,0.9722840781033227
4,mlp,3055,0,0,0.9993545879098972,2.238800337746987e-05,0.0001707001257922045,1.6630875297346274e-07,0.0004493043277918349,2.8524998560319748e-06,8.24532375666884e-10
4,mlp,2418,0,0,0.9960882314951597,9.017388155251783e-06,7.144584871068438e-05,2.802593725332293e-06,6.216645299790754e-06,0.0038221932995837747,9.272936559979337e-08
4,mlp,498,5,5,5.551153003687284e-10,1.8243641173820087e-10,4.863212727090578e-09,1.9180977645846324e-05,2.4065343103538033e-09,0.9999799410479951,8.699670600447792e-07
4,mlp,2246,0,0,0.9927626005143941,2.59379309989961e-06,0.006578470210130348,2.840346933735762e-06,0.0001238204086076346,0.000465370993327961,6.430373350648286e-05
4,mlp,10597,3,3,1.5881492539282532e-10,1.0146591730883929e-09,2.318802779215133e-08,0.9996356378989062,0.00012488382877490027,1.0552294152507054e-06,0.00023839868140157965
4,mlp,5559,4,4,1.1868107571681909e-08,1.1383204728422109e-11,4.04784807398427e-09,0.0001030629240689508,0.9995809794428884,1.891723261869722e-09,0.00031593981398040283
4,mlp,11784,3,3,1.940878625464216e-08,5.81666190128955e-08,1.2627745534277685e-06,0.996471488110284,0.00023265090232112327,0.00018347784419867974,0.0031110427932375373
4,mlp,2831,0,0,0.9999817473163174,7.363722088809482e-07,4.316212107983775e-06,9.307811081887132e-08,6.237231678698372e-06,6.868024737845465e-06,1.7648385063353891e-09
4,mlp,2130,0,0,0.8727349766230226,5.738549755686721e-06,0.007155110590123365,0.00011304226822503956,0.11520581267860058,0.001024172409923361,0.003761146880349344
4,mlp,10303,3,3,1.7072742968152972e-10,9.863923070983349e-10,3.114858635870174e-08,0.999737118722669,5.3736531214053575e-05,9.058687731644915e-06,0.00020005375267932366
4,mlp,10615,3,3,2.8784225903190406e-11,3.2092451201064745e-10,1.7051698750529282e-09,0.9991373463338153,0.0006656393443896108,1.3362979208326376e-07,0.00019687863712434042
4,mlp,8160,6,6,7.415495606937485e-05,4.535951543016949e-06,0.00028255067183166757,0.0060898591275351565,0.0010281693242827998,0.00012869635365606082,0.9923920336150819
4,mlp,11578,3,3,7.634259469961969e-09,3.09451117008356e-08,3.0316398385252073e-07,0.9974044539582677,0.0003149462517408595,3.0896161221836313e-05,0.00224936188541457
4,mlp,6724,4,4,6.549869383283843e-07,3.4656294557766964e-09,2.3871725915685085e-05,3.8209097535219523e-07,0.9999370685299453,2.2025469236643007e-08,3.799717512653031e-05
4,mlp,11494,3,3,3.8579335410598535e-09,3.7309433844569024e-08,3.951892300504207e-07,0.9990492846347644,0.00019418498444919363,9.748413654971494e-05,0.0006586098876392286
4,mlp,9361,6,6,0.00037523293248510067,2.9889160232472393e-06,0.00012318345978247283,0.00022484500775910168,0.0008976277039635373,0.00028120958419042307,0.9980949123957961
4,mlp,12289,3,3,1.0676321291062645e-08,4.088188823629118e-08,1.0292543117379024e-07,0.9844210661372922,0.008878597483242271,3.1560104690665824e-06,0.006697025885355881
4,mlp,3793,1,1,6.556674995841248e-13,0.9999996423302209,7.843933420229312e-09,8.51446944159969e-20,3.498251895423946e-07,4.645064343932654e-16,3.3713568766534516e-32
4,mlp,3960,2,2,0.0085024259621319,1.2983875998344107e-05,0.9878853786515817,1.6702748747372033e-07,0.0010628140202294403,5.406897760767492e-05,0.0024821614849634445
4,mlp,536,5,5,2.4356443826593333e-06,3.1342144720895045e-07,5.811410918818441e-06,0.008418955472696197,4.753338686691319e-06,0.9905136056986092,0.0010541250132591615
4,mlp,8094,6,6,0.00012209173387833628,7.390404168280863e-07,5.0426131548725886e-05,0.011856098092067039,0.0019647588869854257,7.675750119886562e-05,0.9859291286139048
4,mlp,8117,6,6,0.00040772276162930434,3.4459861722031876e-05,0.0011514795762032023,0.17053854455123213,0.002109705318893079,0.022380475127422868,0.8033776128028973
4,mlp,7692,6,3,2.964725655125286e-05,1.6617567126738407e-05,0.00014631099905508072,0.6980751908150714,0.0053554153821308145,0.0013341041504038062,0.2950427138296607
4,mlp,6320,4,4,2.557292635890019e-06,2.4952399180608814e-08,1.2313942321272518e-05,1.0212213368892026e-05,0.9998522460431808,9.992039891863901e-08,0.00012254563569510598
4,mlp,6896,4,4,1.0724646837735476e-07,5.390816706058117e-10,3.365255575987862e-05,5.461659928467497e-09,0.9999642297432444,4.5174766161657484e-09,1.9999363089529156e-06
4,mlp,6419,4,4,3.943433753835067e-06,9.86497868859789e-09,8.847346445143225e-05,1.2459277433434678e-06,0.9922575093029505,2.0754471956351748e-07,0.007648610461402611
4,mlp,3179,0,0,0.9819678542765299,0.00029357025274937877,0.017346454156576405,9.731296523654403e-08,0.00026846269997656344,0.0001235521928892744,9.108313359716958e-09
4,mlp,2252,0,0,0.999716163299155,2.3071652678024306e-07,0.00012870647769770192,9.251923435125028e-07,2.6930901476911306e-05,0.00012300763757222495,4.0357752277431075e-06
4,mlp,13533,3,6,0.0003598531661617392,1.8920671791500794e-05,0.00032127006043784187,0.020880689466855003,0.0014686907893019935,0.00112611198358043,0.9758244638618714
4,mlp,395,5,5,2.352987791265752e-09,2.427733722769744e-09,3.6959953346242164e-08,8.335590853078942e-05,1.4270743096307003e-08,0.99991354831285,3.0397672014202664e-06
4,mlp,9153,6,6,0.00017922447878853697,3.0508868535914127e-06,0.0001418419341111666,0.0018093765499066058,0.0038674664541963454,0.00011173456953779008,0.993887305126606
4,mlp,12369,3,3,8.291860298722494e-08,3.536785550459698e-07,2.477456668412699e-06,0.9921906649794433,0.00057053843613839,0.0003359336968298371,0.006899948833762062
4,mlp,1793,5,5,2.1683866022932544e-06,3.7857837728990675e-07,1.8649365643364087e-05,5.848453704757061e-05,4.034503702941641e-07,0.9996290803263467,0.0002908353556124258
4,mlp,10627,3,3,1.7690281905826185e-09,1.3440654186385413e-08,2.0371650955693508e-07,0.999054546731165,0.00012575867747236226,4.2311693974246675e-05,0.0007771639711965808
4,mlp,11238,3,3,7.296789484544784e-08,2.210991098697553e-07,4.356240141065555e-06,0.9779052350103843,0.00011927385972437144,0.01892152751382196,0.003049313308923678
4,mlp,5245,2,0,0.9954578371465708,3.04334179217385e-06,0.002658716409637381,2.0826320906881546e-08,0.0018793855023187028,9.96652557059927e-07,1.208033309281271e-10
4,mlp,3507,1,1,8.0537107451906e-07,0.9999986460922544,2.5968306835077134e-07,1.1841649828073555e-14,2.881217721003137e-07,7.318188695598013e-10,1.2634204988174328e-26
4,mlp,9967,6,6,0.053429727954494126,1.2227461029666402e-05,0.03163566931254028,7.70537115963883e-05,0.02388712647425074,0.0004485729670139809,0.8905096221190748
4,mlp,8036,6,6,0.00010876277594999055,4.759387423423142e-06,9.874915298349833e-05,0.047253690950213145,0.005311383046880359,0.00015551016495007636,0.9470671445215996
4,mlp,362,5,5,5.5523104477202e-07,3.6742478738136715e-07,4.883898060392272e-06,0.010846279597198858,4.070350334460817e-06,0.9884247996514872,0.000719043847086887
4,mlp,12564,3,3,2.3048107054979166e-06,7.280437366940973e-07,2.5976078721770547e-05,0.8416580223209281,0.0015158869043616588,0.0009115329990781975,0.15588554884246814
4,mlp,10882,3,3,1.0323714116306675e-08,9.6007046322864e-09,1.7228880815573522e-07,0.9954961242138735,0.0002311690750722098,2.9737579077193518e-05,0.004242776918750123
4,mlp,3041,0,0,0.9999309864256828,2.033035146110566e-05,8.674569588276005e-06,1.3373346276664135e-07,2.6133565897741816e-05,1.3740487120678738e-05,8.667868366862494e-10
4,mlp,9053,6,6,0.0018026113563828052,8.861778191994407e-05,0.002406183813655834,0.004560050860163328,0.0012065192952349605,0.012075072039451339,0.9778609448531917
4,mlp,12835,3,3,4.547204501969886e-06,3.869009099551117e-06,6.81759681644707e-05,0.9063079098862729,0.0011774395752316748,0.007223856228150591,0.08521420212857879
4,mlp,1069,5,5,0.0005667465663490953,4.6025739517581396e-07,3.546079933885342e-05,0.006656858744439278,1.723459931648523e-05,0.9892693461380413,0.0034538928951198863
4,mlp,10223,3,3,1.4724107701251715e-10,1.9848896184884532e-10,2.9266921593524798e-09,0.9993267088349304,0.00011644211094778013,4.2123418194297737e-07,0.0005564245475176879
4,mlp,8538,6,6,0.00024810318016551104,1.6558586269296534e-05,0.0003735425108920546,0.006489138617713779,0.001037180419493208,0.0004847176633970666,0.9913507590220692
4,mlp,6426,4,4,0.0025678516162861566,9.523575148676335e-06,0.038604861974319,8.51120941238152e-05,0.7202953806153535,0.00014833022917850962,0.23828893989559047
4,mlp,8111,6,6,0.0009537719686842737,3.45760372178359e-05,0.0012484178992148885,0.04926736959189658,0.0009874542945774657,0.03667612568427732,0.9108322845241316
4,mlp,6427,4,4,8.586084860738835e-06,5.79460252645971e-10,1.0525914191911239e-05,4.115213306893502e-06,0.9937733364995737,1.0647575166203545e-07,0.006203329232854853
4,mlp,8410,6,6,0.00029941500723123236,4.618692819219571e-05,0.0014963904093682017,0.04452285824526136,0.0014183195470843992,0.009265260760539927,0.9429515691023226
4,mlp,13162,3,3,3.123571323328812e-06,8.832341429389277e-06,3.0186819836559973e-05,0.9314508300037384,0.005190589220249319,0.000474363208113839,0.06284207483530929
4,mlp,12093,3,3,4.875775190070425e-07,9.020765066882386e-07,3.1618650366915647e-06,0.9452829724204118,0.023336926653945506,8.966773186586882e-06,0.031366582633393605
4,mlp,5061,2,2,6.658343739866841e-05,8.261191430980428e-06,0.999653345506652,4.344708869823181e-12,0.000271376754114568,3.9176509016820343e-07,4.134096872724391e-08
4,mlp,2427,0,0,0.9999591567597046,5.081073947894793e-08,3.1603502447491077e-06,3.8381862238424663e-07,2.1083937846427784e-05,1.6027597845660006e-05,1.3672499688573398e-07
4,mlp,5170,2,2,0.004298280731706226,7.944414150452337e-05,0.9954236900272222,2.806698365291606e-09,0.0001941805197864966,4.27230559746023e-06,1.2946748485135796e-07
4,mlp,983,5,5,3.878361248970407e-07,1.3058143595728324e-07,3.097324769771673e-06,0.0007377483113899631,7.375839349509419e-07,0.998983273706864,0.0002746246554804526
4,mlp,1554,5,5,0.0002803720770921737,1.5670738859556746e-05,0.0007430424584348265,0.0036428949229720085,5.140877304042069e-05,0.9607249524453961,0.03454165858420499
4,mlp,1957,5,5,0.0004046794061522044,6.858211700776521e-06,0.0008305213968067743,7.727817706346907e-05,7.639210119334847e-06,0.9946864237453275,0.003986599852830047
4,mlp,4401,2,2,0.0007514312487218513,5.353404893852965e-07,0.9972341415021336,2.4441272967926397e-09,0.002005083130078202,7.026370670363841e-07,8.10369738259067e-06
4,mlp,4220,2,2,0.05894882277211137,2.3029405059739505e-06,0.916954646366759,3.6902910568022823e-07,0.02401390440990047,5.0081376167736084e-05,2.987310544952911e-05
4,mlp,8276,6,6,0.00033943162721695785,3.922342794920277e-06,0.0005982573839981728,0.0047738541413190096,0.0107661349503086,9.361154934980952e-05,0.9834247880050127
4,mlp,11129,3,3,1.6902729896284144e-09,1.4433674650171413e-08,3.210263604448301e-07,0.9993013316236932,0.00011195576209815679,6.339522353612041e-05,0.0005229802403645284
4,mlp,7615,6,6,1.4190869793232372e-05,4.665091333515476e-07,2.126870576806966e-05,0.1988755690488534,0.17215916474518625,2.197718326016488e-05,0.6289073629380055
4,mlp,9270,6,6,0.003092245694829107,1.9285381327503217e-05,0.003098582762208515,0.001754208114989711,0.01074934447163165,0.0005107725478497346,0.9807755610271638
4,mlp,7355,4,4,0.0008980690135758461,4.130248995993922e-07,0.4049654767400844,5.938183906951774e-08,0.5941286903290701,6.850929530643962e-07,6.606417577924237e-06
4,mlp,7725,6,6,7.517652325201894e-05,3.080031251190014e-05,0.00026493627349632624,0.2263653404106903,0.005576192998944406,0.0006302578443469001,0.7670572956367581
4,mlp,8584,6,6,0.0004986350871728526,7.461081255618305e-07,5.489843295520428e-05,0.003054977780069802,0.0006467496553441819,0.000346675683570566,0.9953973172527618
4,mlp,7776,6,6,0.00012346928394193948,1.9577073836815415e-06,0.00011027952993597571,0.08581694819731908,0.012610564502072428,6.413318600179409e-05,0.9012726475933451
4,mlp,343,5,5,9.975376990718719e-08,7.590626943613533e-08,1.1794612308756286e-06,0.004004747839958645,1.0439618185592235e-06,0.9957798116534005,0.0002130414235521848
4,mlp,10327,3,3,4.3577730983619774e-10,1.695919724337032e-09,3.7308141962446905e-08,0.9995327458350641,7.220302789730668e-05,8.825305120104207e-06,0.00038618639207943864
4,mlp,4157,2,2,0.0013160413580685798,3.2785438366464367e-06,0.9978241583772954,2.662078709681718e-08,0.0007207314987623594,6.322911167237948e-06,0.0001294406900827461
4,mlp,11992,3,3,4.2217108796504714e-07,9.920281427488288e-07,2.1360362520524524e-05,0.9567761171792113,0.0002639775984556893,0.03254198245889394,0.010395148201687767
4,mlp,70,5,5,5.280853114429429e-10,6.483774523851289e-11,2.8918892793676863e-09,1.6584060566157134e-05,8.655745812851814e-10,0.9999830647820614,3.4680698557132546e-07
4,mlp,7031,4,4,0.006060367068674331,4.1651355948029465e-05,0.0946107459372541,2.579301987427611e-07,0.8964783590458036,0.0010313902361286692,0.0017772284259925876
4,mlp,4248,2,2,0.014453420193185318,1.1443059338525615e-05,0.984953622025765,6.912511385730971e-08,0.000335053172437109,0.00011580007612931341,0.00013059234803109078
4,mlp,6260,4,4,1.3160162888759426e-06,6.379824498975025e-08,8.076852133514188e-06,0.00011582796920033098,0.9940196994164806,8.754169877190758e-07,0.0058541405306639
4,mlp,9194,6,6,0.0013734143286285364,2.329815350833198e-05,0.0011312413474052043,0.001212760833893387,0.0006044009435808829,0.0024495907246092526,0.9932052936683744
4,mlp,11535,3,3,9.908137085111387e-09,5.5426063885787854e-08,8.084237688556979e-07,0.9966497813205427,0.00040339762286436523,1.8393426839028025e-05,0.002927553871783994
4,mlp,535,5,5,3.063854977533793e-05,4.498349206443764e-06,0.00011513770841021063,0.13516752726421732,0.0001387373120847007,0.8218337257845182,0.04270973503178792
4,mlp,1692,5,5,7.205376892500025e-07,1.3016261907920488e-07,5.852733246049106e-06,5.8465939585762936e-05,2.2468963234068938e-07,0.99982758939754,0.00010701653968731644
4,mlp,6135,4,4,0.00028666320149737645,3.344462411103968e-08,0.00014509351878516245,0.00023180313447637786,0.89965217921291,5.105709977301986e-06,0.09967912177772967
4,mlp,5972,4,4,1.3218992850826559e-05,9.63897632884661e-08,3.4355509885811496e-05,0.00011747518540450595,0.9982165116420467,5.631905428790655e-07,0.0016177790895059332
4,mlp,11991,3,3,9.987438939753167e-07,1.4141763616184807e-06,2.3131449445042075e-05,0.9087857473977973,0.00024966451257934613,0.07161167735714175,0.019327366362780936
4,mlp,12002,3,3,9.339672323658112e-08,4.2530712316691365e-07,4.1010964609124974e-06,0.9911511472550629,0.0005677929949168797,0.00034938459959662593,0.007927055350116305
4,mlp,2179,0,0,0.5700068687990119,1.2304598078385795e-06,9.844275620677117e-06,7.76854586099974e-05,6.834578037402905e-06,0.42989746218085223,7.424806014910003e-08
4,mlp,789,5,5,1.3372492833766283e-05,1.3327478407915257e-06,2.482779335356335e-05,0.01646043067599469,1.6068017532957368e-05,0.9762509778367752,0.007232990435668968
4,mlp,13321,3,6,9.23696428653669e-05,5.901565692568218e-06,0.00015318794400021979,0.07216743404472371,0.00213060468048573,0.000171420820855427,0.925279081301377
4,mlp,3048,0,0,0.9999978758207293,8.667844253171407e-08,3.0621108645459836e-07,1.331333012434937e-08,1.0552060223161374e-06,6.627612438203339e-07,9.145397813288587e-12
4,mlp,11658,3,3,1.5216592466755324e-08,1.484511442502224e-08,1.2078280879977123e-07,0.983738190938959,0.0026890017639193435,1.9347142565169886e-06,0.013570721738349332
4,mlp,8218,6,6,0.0006108911898231697,7.2796010308913475e-06,0.0003385224528733052,0.00795205677824049,0.0009100026406099845,0.0003768475096065625,0.9898043998278157
4,mlp,3165,0,0,0.9975435466942666,1.1680045062816143e-05,0.002145327712007247,4.9038300369464994e-08,0.00029142871771642496,7.966800464979568e-06,9.92181793425017e-10
4,mlp,4574,2,2,0.04719138406193792,3.077643184103321e-05,0.9518082569202563,5.5343366432452233e-08,0.0008593587806087138,0.0001075549466966585,2.613515293088397e-06
4,mlp,12854,3,3,2.68760645552388e-06,1.621841966436372e-06,3.0273056991811345e-05,0.9052786295252592,0.001681804807582081,0.0010342949602660527,0.09197068820147887
4,mlp,826,5,5,8.494390236581858e-06,5.21140298891516e-06,7.85701555501834e-05,0.0923573539161326,7.394091054874945e-05,0.8965468408198553,0.010929588404687541
4,mlp,2043,0,0,0.970930262385019,1.4054714503616232e-05,0.00039249811383449947,0.002740083162141448,0.000623845699849852,0.013362907017183196,0.011936348907468157
4,mlp,13021,3,3,6.793261177028795e-05,2.4886340158769365e-05,0.0005755772682134857,0.43907706501713484,0.0007449783731292461,0.34128070805550526,0.21822885233408826
4,mlp,10640,3,3,1.3461514530234702e-09,1.3949174901272597e-08,2.3847578171485875e-07,0.9991178502703898,6.836343593118454e-05,0.00037651658722964596,0.00043701593534146434
4,mlp,12076,3,3,1.7094961171466816e-07,1.049740741257151e-06,5.7292841342215285e-06,0.9889521451124086,0.0008827707007260254,0.000303501438183732,0.009854632774194674
4,mlp,6854,4,4,0.0005274057385952578,3.0526118175317717e-06,0.035897353044406194,9.319541610970001e-06,0.8953097552887345,4.273240512654737e-05,0.06821038136970906
4,mlp,12740,3,3,3.3923113151102652e-06,3.8958519351045045e-06,6.566938609451698e-05,0.9071362488649298,0.0014043847145726565,0.0026959980907012484,0.08869041078045156
4,mlp,3189,0,0,0.9999739150319571,4.568918698700612e-07,2.1484028919977934e-06,7.2738740034994015e-09,2.302949437493437e-05,4.428933074867996e-07,1.1724524438982866e-11
4,mlp,2778,0,0,0.9999242400336368,2.639782211441914e-05,4.612344844739242e-07,5.477361142095202e-07,2.965804611436529e-05,1.869428456670488e-05,8.429691454168645e-10
4,mlp,3326,0,0,0.997475958329237,0.0002399889894774886,0.0019595396067994854,9.986721993849008e-09,0.00032020878278772976,4.294298571581924e-06,6.4047591253897985e-12
4,mlp,7037,4,4,6.693159218090001e-06,1.7959055741606051e-09,4.3080384278843346e-05,1.8365078089778617e-06,0.9994893164591189,8.875338327817556e-08,0.0004589829402863831
4,mlp,1585,5,5,8.838615529125015e-05,4.154698978859993e-05,0.0006884597727271154,0.007249205587923375,8.7592828961029e-05,0.9686857944749855,0.023159014190323072
4,mlp,2806,0,0,0.9975847360862493,3.759336760989376e-08,6.327577802859541e-09,1.8967557749264028e-06,0.002410701968125236,2.6143177428430768e-06,6.951162400802318e-09
4,mlp,9599,6,6,0.004853916832924788,3.472943700297988e-05,0.002083155827311307,0.0005976173441140555,0.000537049084694826,0.021123612445446936,0.9707699190285051
4,mlp,5012,2,2,7.528236028855131e-05,1.503591625412676e-06,0.9941357928126306,2.6141180889366486e-12,0.005787258225188224,1.5027861290171614e-07,1.2729040051472012e-08
4,mlp,6750,4,4,1.3327144903572186e-07,9.322898596488073e-12,3.370691222683123e-07,5.238183451526377e-08,0.9999623253687545,7.431950016188858e-10,3.71511563216252e-05
4,mlp,12942,3,3,8.012824399376973e-06,5.164123133288713e-06,7.496401089522599e-05,0.8388098912685512,0.0019777131264322686,0.003931476980172686,0.15519277766641593
4,mlp,11998,3,3,1.1327475662855491e-06,6.604241145062592e-07,1.3765319590589464e-05,0.9526309502329099,0.00030243147418725373,0.017069868463224832,0.029981191338406918
4,mlp,3571,1,1,8.766144617284105e-08,0.9999998760286817,3.2468481773931816e-09,2.327336580965091e-15,3.2986181601487774e-08,7.68400182368197e-11,1.0113804220106255e-29
4,mlp,1148,5,5,3.109014829464628e-07,2.871627386927319e-08,8.550977033216258e-07,0.0002980667238706747,2.474862211663742e-07,0.9996212914953994,7.919957904864121e-05
4,mlp,6184,4,4,3.236359188591436e-09,1.1066584892009266e-11,1.7248268359155475e-08,1.8353817015330449e-07,0.9999928641470154,2.0551379060609385e-10,6.931613606603689e-06
4,mlp,8957,6,6,0.0024236695873499636,0.0001612085578730433,0.005968135385945933,0.011780477716447363,0.000952751385200509,0.1940307038985552,0.7846830534686279
4,mlp,6104,4,4,2.2963586174719556e-05,7.3588719984717735e-09,2.105413751850301e-05,5.3192602751651605e-05,0.9413722127937302,6.195133413709632e-07,0.05852995000761153
4,mlp,1167,5,5,8.843620216005497e-08,5.170777522926204e-08,1.242069293394586e-06,0.00020997437086035472,1.8586722132931067e-07,0.9997311210908678,5.733645777973994e-05
4,mlp,3153,0,0,0.998364635977781,0.0011380439029871512,0.00014848128519498308,3.798424022204138e-07,7.307785844375078e-05,0.0002753808410486737,2.921421843384747e-10
4,mlp,10576,3,3,1.0813307436717043e-10,1.3606559482543698e-09,3.673827136969655e-08,0.9998204099589784,3.83501141781483e-05,2.8361501116717686e-05,0.00011284021866635681
4,mlp,5406,2,2,0.00010986072586150233,0.00011254797478788206,0.9993847857915471,1.6457016488608238e-10,0.00039249018267920114,3.1391673877374127e-07,1.2438152130613912e-09
4,mlp,5762,4,4,7.979617153028066e-09,8.803730921382679e-10,5.101167620658107e-07,5.067582015127653e-07,0.9999940752122704,3.996579180100461e-09,4.895056196666653e-06
4,mlp,12580,3,3,8.564385120951422e-07,1.97020841916793e-06,1.5298812418083932e-05,0.9494768035227433,0.0023255569849295558,0.00010700309982301087,0.048072510933154726
4,mlp,7110,4,4,4.318752280610974e-07,1.1039541597212874e-10,7.005234259461774e-06,7.443619877850648e-08,0.9999875473800078,5.9860964117116184e-09,4.934977813914938e-06
4,mlp,7535,6,3,4.2315114936385615e-05,2.524929615020542e-05,0.0002623477565807701,0.6845673692772949,0.0032125148966839815,0.007842068758987422,0.3040481348993663
4,mlp,11549,3,3,3.944038336755357e-08,1.953014858182931e-07,1.2214274049586477e-06,0.987069406789998,0.0010089903729886508,1.3898255186647397e-05,0.011906248412552594
4,mlp,148,5,5,1.5562552209073842e-08,4.429804962577093e-09,8.062111340093562e-08,0.00035231591872100267,6.061594896206644e-08,0.9996316208779452,1.5901973914382055e-05
4,mlp,8953,6,6,0.0006688106412915203,3.222551313798821e-05,0.0018668885450805169,0.003711628678906287,0.0005182679545664322,0.0038519807330697486,0.9893501979339474
4,mlp,5953,4,4,5.268904056178504e-07,4.0683397414772604e-08,7.5262122338317735e-06,2.892393631164615e-05,0.9983112975170505,1.7850087479968202e-07,0.0016515062597262007
4,mlp,2999,0,0,0.9962676945864785,1.7589249227563136e-06,0.003327716693953583,8.136279656512928e-08,0.0003942145673457359,8.52418308514898e-06,9.681417800610807e-09
4,mlp,2567,0,0,0.9999757730528125,3.60408349024441e-07,1.8479221756857873e-06,2.465455711593684e-07,5.4374519815182235e-06,1.632173952616226e-05,1.2879584010322944e-08
4,mlp,11414,3,3,6.27958363773215e-08,1.7600500888552074e-07,4.03149602347045e-06,0.9915683274318405,0.00021081359419046963,0.0025200779854496307,0.005696510691650599
4,mlp,8251,6,6,0.00016092259963097592,1.2730899441941005e-05,0.0003723442946591994,0.0316310559717655,0.0018198127906271682,0.00039891286641086717,0.9656042205774644
4,mlp,5079,2,2,0.0035445346175854747,1.0523738733313327e-05,0.994998412070976,2.182928686919339e-09,0.0014318723322334103,1.4568315226606684e-05,8.67423164207828e-08
4,mlp,1418,5,5,1.2957774647132848e-10,8.906045633586318e-12,1.0192301711220657e-09,9.358467305675332e-08,2.9445159604475625e-11,0.9999998980562965,7.171871319697644e-09
4,mlp,4933,2,2,0.00027008551618895767,3.6517471401903245e-06,0.9995208128152583,3.131878015677836e-10,0.00020483896545312255,3.3356174372766033e-07,2.7708102770175145e-07
4,mlp,8592,6,6,0.007397654600584849,1.0324421641319674e-05,0.0015493146230005411,0.011373462662001947,0.004986114489907361,0.00061555908547797,0.974067570117386
4,mlp,4458,2,2,0.00020898139887456785,1.1698078376836436e-06,0.9995632722854458,2.955250591562124e-10,0.0002208532320495885,9.525002561935139e-07,4.770480011231706e-06
4,mlp,11458,3,3,7.573819274731235e-09,1.0454705184879549e-08,1.2650348908332097e-07,0.9906870108282251,0.0008247643662139057,2.472898458559913e-06,0.008485607375088926
4,mlp,9140,6,6,0.0007715129878208296,5.028141453208671e-06,0.005131243231033932,0.0004901543445339992,0.12605258933335453,0.00014412937166415093,0.8674053425901393
4,mlp,12588,3,3,6.533489841738252e-08,3.424443554553108e-07,1.3394341478815084e-06,0.9936850747628855,0.0008796101265394465,0.00016642887193899544,0.005267139025234188
4,mlp,12094,3,3,2.072479704929016e-07,1.092418055758841e-06,5.829609680103881e-06,0.976704465726657,0.001533628671584984,6.272379977341861e-05,0.02169205252627802
4,mlp,8452,6,6,0.00014290097539180794,2.3232079888640543e-06,0.00019321605094431055,0.003800053861930908,0.0007092054363691187,9.904045494818056e-05,0.9950532600124268
4,mlp,943,5,5,3.229179738658053e-05,9.300064579705169e-06,0.00018508274326887444,0.038153949039571436,6.952588839974259e-05,0.9346141246184192,0.02693572584837436
4,mlp,13504,3,5,0.0003618236773601067,6.596895324511764e-05,0.0014328941983589233,0.17341601811663,0.0008549213575985443,0.512837888268942,0.31103048542786516
4,mlp,6450,4,4,0.000278276579057611,2.3705176963361427e-07,0.004175007185174612,8.731744092864639e-06,0.9918993380405137,4.701772913233357e-06,0.003633707626478409
4,mlp,11047,3,3,6.80341541631789e-10,3.7208208547715254e-09,5.683794285283475e-08,0.9992738518016326,0.00020051047891374605,3.0515408704011816e-06,0.0005225249394779178
4,mlp,5419,2,2,6.092836436267472e-06,3.4313745277517103e-06,0.9997918784692327,6.486448304353219e-13,0.0001985890546935935,7.61900303054588e-09,6.454580307209584e-10
4,mlp,3008,0,0,0.9981797484356218,7.97761930784851e-05,0.0009938045683630485,1.913396818694334e-07,0.0007310378927813793,1.5435969968823774e-05,5.600504532414134e-09
4,mlp,8467,6,6,0.00011686661124587958,1.0562584131290853e-05,0.00024155475822622277,0.01384486697994136,0.003094638985150536,0.00016642275355131672,0.9825250873277533
4,mlp,6834,4,4,9.643860563698066e-06,2.2069050677491223e-08,0.0001237276242281548,1.4769888656357414e-06,0.9997574295717878,1.7792317120251487e-07,0.00010752196233280943
4,mlp,11301,3,3,7.181535337314247e-08,3.07035227760497e-07,4.524864657914401e-06,0.9891220748474449,0.00017159413132757242,0.006600447991924218,0.004100979314064204
4,mlp,9857,6,6,0.001691138905178006,1.6127463430979054e-05,0.008278167959402134,2.552376354235706e-05,0.0005268231632737275,0.00035188286058587543,0.9891103358845869
4,mlp,8929,6,6,0.0012973372672020517,8.63670976845272e-06,0.0016747368682163888,0.0017578627512157944,0.006860561657055008,0.00018685078767226442,0.98821401395887
4,mlp,8496,6,6,7.062456306341655e-05,4.7368169843890554e-07,1.7363750158039815e-05,0.008785514640373722,0.013696047045230702,3.9912749455745395e-05,0.9773900635700199
4,mlp,7034,4,4,0.0002573399412416855,1.664993172148007e-07,0.060635751399674406,2.507745426490425e-07,0.937658438329609,4.632206601752109e-06,0.0014434208490132089
4,mlp,3882,2,5,0.018672527017037067,3.3839850625402675e-05,0.007954744454713883,3.292086213878014e-05,2.0281308544102266e-05,0.9722400584104136,0.0010456280965272383
4,mlp,6254,4,4,9.87950743471135e-09,1.959077805840409e-12,6.09489249955829e-09,2.7942190429128846e-07,0.9999734610935415,1.0165606286380137e-10,2.6243406539078835e-05
4,mlp,12797,3,3,5.358542137729003e-07,4.85984680519443e-07,5.515034701541208e-06,0.9232253750898815,0.0029828352452233664,2.249716081232193e-05,0.07376275563048705
4,mlp,8962,6,6,0.0019804131997964523,3.8042247351513605e-06,0.0020104722892814015,0.0006939537193482538,0.0034243123050047247,0.00024058001552904867,0.991646464246305
4,mlp,10401,3,3,1.6073733955484998e-10,1.791254549498519e-09,2.3880219523711223e-08,0.9995387419973498,0.00016188199170731043,1.1096591004378618e-06,0.00029824051963098556
4,mlp,12657,3,3,1.2759174845818121e-06,1.1241138781530306e-06,1.9910823534589333e-05,0.9204008860955794,0.0020166253560286377,0.00015029880306521382,0.0774098788904295
4,mlp,10548,3,3,1.1516094014668073e-09,6.247285859552785e-09,1.6452467094012342e-07,0.9993206468040087,4.52636488484507e-05,0.0003256074316296358,0.0003083101919470671
4,mlp,12672,3,3,1.4994600212777367e-06,5.370396981835956e-06,2.4009719573051853e-05,0.9136424248811343,0.008834349421273244,8.602749883259897e-05,0.07740631862218376
4,mlp,6028,4,4,1.2346370386104822e-08,2.3491687702633007e-10,1.1348132365258771e-07,8.110227259741062e-08,0.9999995266854795,5.314683782057881e-10,2.6561816854005904e-07
4,mlp,9167,6,6,0.0005799174315393225,2.1342095674530517e-05,0.0007253964257943634,0.0023197201492430523,0.0008018628135621373,0.002431391181456464,0.9931203699027301
4,mlp,4173,2,2,0.0022794132258069743,3.963013648519718e-06,0.9963543530290581,5.0221423482246366e-08,0.0011564831556522847,1.4876353763422745e-05,0.0001908610006472233
4,mlp,10267,3,3,1.392169453339454e-10,8.479076906156842e-10,1.3453581266070626e-08,0.9996153899476946,0.0001283113144241429,5.620061616135286e-07,0.0002557222910136505
4,mlp,1392,5,5,1.5074718322057185e-07,6.091497009225126e-08,1.5569681771706273e-06,0.00021233299492744062,2.354116814587671e-07,0.9997089191353314,7.674382772908777e-05
4,mlp,857,5,5,3.622785423904218e-06,3.534999133263283e-07,8.690482820075722e-06,0.00269251967213174,3.17008497314576e-06,0.9961990150340262,0.001092628440711448
4,mlp,8526,6,6,5.260897683570821e-05,1.868531551740951e-06,3.606052288178736e-05,0.012362900518633183,0.008059325815604448,5.93056679452404e-05,0.9794279299665479
4,mlp,7386,6,3,2.093792908961829e-06,2.074656094535628e-06,4.0997251293060146e-05,0.8980458947609031,0.0014858249391608977,0.0009258818870573111,0.09949723271258222
4,mlp,12948,3,6,2.95757350065713e-06,1.2892757388479437e-06,1.782351205949398e-05,0.4126952327415471,0.1492633671097751,1.337376616098593e-05,0.43800595602121783
4,mlp,9034,6,6,0.0003932493052785967,8.647816500199326e-06,0.0007532133539293841,0.0006663632352959431,0.0006685831389623678,0.00021790855274550903,0.997292034597288
4,mlp,10194,3,3,2.398341064586825e-11,3.5571957371473804e-10,1.4872792389276755e-08,0.9999235604022955,2.9550204655177157e-05,7.074676213307462e-06,3.979946434064603e-05
4,mlp,5225,2,2,2.5984179742918355e-05,1.5367041448778233e-06,0.9997467145988793,1.614282626494688e-11,0.00022570651310205113,2.668899611708461e-08,3.1298991597647715e-08
4,mlp,7803,6,6,3.929251821381722e-05,8.347433116513096e-06,0.00019102033054402412,0.07805428733817396,0.07442707895716386,6.163533097066678e-05,0.8472183380918172
4,mlp,9258,6,6,0.002162020497144093,2.0928269619639044e-05,0.0007688546962566084,0.003353323838894546,0.0012205444390600937,0.009466410985734806,0.9830079172732901
4,mlp,1318,5,5,5.566689695107413e-06,2.5140994142795107e-06,5.025147238965431e-05,0.0029939812248650157,8.408765446670723e-06,0.994378681898246,0.0025605958499433203
4,mlp,7921,6,6,0.00017479649266252046,6.555999389998535e-07,5.317307753421663e-05,0.0654246603532531,0.019234670406206435,7.480922519767478e-05,0.915037234845207
4,mlp,11690,3,3,3.4715612982796176e-08,4.491418948247595e-08,1.0127730466192759e-06,0.9860450795134761,0.0003919234202427152,0.00017258624689861583,0.01338931841653347
4,mlp,8382,6,6,0.00042456005086041,3.922283880334113e-06,0.001555378136934053,0.005633489851075896,0.32391893446991477,9.59977592741309e-05,0.6683677174480603
4,mlp,5395,2,2,0.00016524995599909005,9.502459204650357e-06,0.9995084261949805,8.10750394473927e-11,0.0003167410597429442,7.799583216593778e-08,2.2531655022160386e-09
4,mlp,12049,3,3,2.467386930504026e-08,9.767759740112482e-08,8.183514998900127e-07,0.9950802536912304,0.0004137506199175813,0.0001333199420368969,0.004371735043848331
4,mlp,10430,3,3,5.513497298785124e-10,4.613338332914625e-09,5.0078033472063155e-08,0.9991048878076005,0.00020053320378757695,2.202139067168952e-06,0.0006923216068232103
4,mlp,3407,1,1,9.63636065232261e-06,0.9999820985158899,4.83058035301549e-06,1.516651321604404e-13,3.4303536592305462e-06,4.1892939390847345e-09,5.750455327155859e-23
4,mlp,11388,3,3,6.693355709788404e-09,9.097415321262041e-09,1.8007242230315475e-07,0.991953504942352,0.00047599712620677466,8.353492393182828e-06,0.007561948575854687
4,mlp,10759,3,3,2.0834425935570096e-10,1.5597860207342222e-09,2.6077679385733256e-08,0.9996299664383281,7.965702379920477e-05,1.0021178316188144e-05,0.00028032751374678527
4,mlp,3336,0,0,0.9999981897046593,1.027126456623034e-06,2.2601318537888448e-08,8.938809431845754e-10,7.142114721005792e-07,4.546221197339456e-08,6.496193170971007e-16
4,mlp,2924,0,0,0.997393355420117,1.3164943714070976e-06,0.00252078264057312,5.1785243916084534e-08,6.630729472195145e-05,1.8178035099713257e-05,8.329872852414328e-09
4,mlp,11910,3,3,1.0976661358407679e-07,2.6166507061795987e-07,4.881008628737397e-06,0.9841938031798014,0.000576888899992418,0.00019745013979636633,0.015026605340096831
4,mlp,1983,5,6,0.02704843434940221,6.830125789696421e-05,0.015858670516868536,0.0002915426515339205,0.0027264619266642236,0.0062223794010973455,0.9477842098965368
4,mlp,7619,6,6,0.00014596723947677616,3.188576203827596e-05,0.000630450989428923,0.3118231513339629,0.001919550023847487,0.024080445895409083,0.6613685487558366
4,mlp,1815,5,5,1.1520733964038035e-06,3.40399299455681e-07,1.7236133970376475e-05,4.1444060923748114e-05,3.687137199043758e-07,0.9997848277241589,0.00015463089453133152
4,mlp,2499,0,0,0.9998557305225179,1.1099344153558375e-07,6.888545287478319e-08,6.693474810503877e-07,6.408674902959079e-07,0.00014277826898463216,1.1146319267067103e-09
4,mlp,12762,3,3,2.085393072578422e-06,3.6682697226383056e-06,6.136958031548274e-05,0.9442854779245793,0.0010231315778759034,0.0032440529793255793,0.051380214275108756
4,mlp,3163,0,0,0.9999906116252479,8.296206753859031e-08,1.7429061695890084e-06,6.450166886375828e-09,7.165396596964831e-06,3.9064460046356045e-07,1.515087381186984e-11
4,mlp,12262,3,3,1.6399604430520639e-06,1.2239922571795011e-06,2.1611344654395827e-05,0.9232876487532723,0.0013198309254271964,0.000808065886509074,0.07455997913743667
4,mlp,1243,5,5,7.416255887471843e-06,2.738694503601745e-07,1.1977995828905293e-05,0.0016907493035567482,3.2944393739921307e-06,0.9961865494108285,0.0020997387250740046
4,mlp,1020,5,5,3.3034398267842556e-07,3.2589228818405195e-07,4.9996396300352784e-06,0.0011068898778118196,1.1040787981456635e-06,0.9986425616288022,0.00024378853868691226
4,mlp,13023,3,3,7.75778942305248e-06,1.6631861212477143e-05,0.00012950786730854413,0.9290172444580532,0.0015465945247883901,0.018859740427356456,0.050422523071857864
4,mlp,9888,6,6,0.018883213951706765,9.106653914121685e-06,0.006512349325543937,7.046231778350626e-05,0.009000468314329225,0.0002875623986244302,0.965236837038098
4,mlp,11538,3,3,9.409919306710462e-09,3.996636636867443e-08,8.002468566369461e-07,0.9977306434945657,0.00018252128838516156,0.0001369561416039266,0.0019490294523026384
4,mlp,4325,2,2,0.0007488881772140334,7.712593713241616e-07,0.9978038529445541,3.166340973546918e-10,0.0014294732846365046,1.6567148388470581e-06,1.5357302750993484e-05
4,mlp,7008,4,4,0.00014868727772863018,9.82942427056575e-06,0.13633028672616346,6.235229715742108e-08,0.8567474925972153,5.606181756697316e-05,0.00670757980475801
4,mlp,8416,6,6,0.0001845136635205501,1.105539561469564e-05,0.00031082711061444063,0.007530595010815127,0.0008500114365557041,0.0003301161123258744,0.9907828812705536
4,mlp,13222,3,6,0.00014763925505723114,2.0345572747226212e-05,0.0003417620888009951,0.30556937287818203,0.003510214219502949,0.0028581331658647877,0.6875525328198449
4,mlp,1901,5,5,2.0538646882506192e-05,3.7359607126051137e-06,0.0002491184569746111,6.892142630731943e-05,2.5111307836225886e-06,0.997935793771636,0.00171938060670337
4,mlp,3122,0,2,0.1687665896957379,2.235570581948931e-05,0.8304465810797991,2.37767913716436e-08,0.0007260239734767785,3.8199269014038955e-05,2.2649936128177452e-07
4,mlp,2053,0,0,0.9423970523845641,9.91864752568694e-06,0.0017709877577533506,0.002974470291101991,0.010535483879383944,0.004151939401430821,0.03816014763824004
4,mlp,3150,0,0,0.6789247115069231,0.000640209927544089,0.31951427876450733,9.892044085648751e-08,0.00036711649778872817,0.0005535264971116125,5.788568421729863e-08
4,mlp,7961,6,6,0.008581992944753269,6.382646706807689e-05,0.0020410789147953063,0.0913147271063943,0.0013156191758547243,0.22721350105906563,0.6694692543320687
4,mlp,4606,2,2,0.0012120467590963089,6.454671720278075e-06,0.9974535690988241,9.011794055767937e-09,0.0013245045278989173,1.8873812133192652e-06,1.5285494531466108e-06
4,mlp,7636,6,6,0.00039239050781113125,6.235178152266612e-06,0.0001795060574586604,0.13319333428883232,0.002628865958445554,0.0003506261507456114,0.8632490418585544
4,mlp,7506,6,3,1.2003324941613656e-06,1.1871836534599403e-06,9.432123120273265e-06,0.9245004957287247,0.0031770647590598808,0.0002080966409556356,0.07210252323199189
4,mlp,1760,5,5,0.10157683931948061,4.007316021891834e-06,2.136588448064066e-06,0.054777615030592926,0.0002759499058279481,0.8416697680856469,0.0016936837539816027
4,mlp,6920,4,0,0.48274828388004015,4.276386075253961e-06,0.18651636085383674,0.00014542560876783188,0.31040562679594613,0.0006703833670054083,0.01950964310832849
4,mlp,7663,6,6,5.5631844097384684e-05,1.542294067229933e-05,0.0003614568230625644,0.46548749021088287,0.003287900707712619,0.002321031279132755,0.5284710661944395
4,mlp,10202,3,3,4.5560027713344836e-12,4.266730757805209e-11,1.786824199948674e-09,0.9999360971823894,2.9563179996682714e-05,4.1245764486425414e-07,3.392534592138914e-05
4,mlp,5978,4,4,4.605917657542231e-08,2.3381227372627368e-11,4.152147297919173e-08,8.208521989642842e-06,0.9998190793755589,1.3671925693766803e-09,0.0001726231312280986
4,mlp,8326,6,6,0.00035366320510872985,0.0003006006147071798,0.001972991800736158,0.3269810104214159,0.007628144146772867,0.03707465327803301,0.6256889365332261
4,mlp,12990,3,3,2.33391551282627e-06,3.996335546806197e-06,4.971853806396301e-05,0.9433224574777065,0.0019749426717201425,0.0005976092352143949,0.054048941826235514
4,mlp,11431,3,3,3.0908444780375595e-06,1.446567806705576e-07,1.1383002217282618e-06,0.994336666890231,0.00043350175796347923,0.0001919789990690944,0.005033478551256047
4,mlp,3429,1,1,1.3168437441246592e-06,0.9996028208351233,0.0003222150290958256,4.711212395574202e-14,7.364684605358176e-05,4.459360759268695e-10,1.1661781932779911e-20
4,mlp,9040,6,6,0.00013193501517919125,8.398079624464632e-07,5.5171280994641405e-05,0.0028148360736554713,0.01531830754200816,4.44097176735846e-05,0.9816345005625265
4,mlp,3616,1,1,1.1223568986792327e-09,0.9999999328462884,4.353941977564181e-08,1.9212404042554272e-16,2.2474957629717986e-08,1.69769846617766e-11,3.81340666918986e-29
4,mlp,4175,2,2,0.009577943526655525,2.9420308641199074e-06,0.9897523186471934,5.097652196526493e-08,0.000602075886165009,2.200172791281719e-05,4.26672046871865e-05
4,mlp,499,5,5,1.6026205016557095e-08,1.3743546221081343e-08,1.7111774660576566e-07,0.0003140682774491665,8.341960476945454e-08,0.9996698928653375,1.575455011069427e-05
4,mlp,8635,6,6,0.09290808337031449,2.6279034197428014e-06,0.0005467474057923897,0.05942746731020491,0.1356591090530272,0.0016126216758671219,0.7098433432813742
4,mlp,12346,3,3,7.417791919175005e-08,3.771159638688451e-07,2.7221790119171746e-06,0.9934568275131992,0.0007795522293701961,0.00011072418449355968,0.005649722600041914
4,mlp,3812,1,1,5.186754675015369e-13,0.9999999994780404,9.444419664031837e-12,2.134784354521797e-20,5.119953125866005e-10,1.1270067276571004e-15,4.5812797044587445e-36
4,mlp,4087,2,2,0.027018090232650196,9.598054316890318e-06,0.9720482881117442,6.936116151721561e-08,0.0007691506266944382,3.3494690610628995e-05,0.00012130892282243157
4,mlp,9629,6,6,0.0006174631695966078,2.429809002782953e-06,0.0005900071329849985,0.00017007692512928765,0.002455920034291453,0.00010493889439008114,0.9960591640346049
4,mlp,11476,3,3,1.4986937431279187e-08,9.697670304599433e-08,1.1748702366722079e-06,0.9972283273391845,0.0002790490275136561,0.00017830818055552977,0.002313028618869489
4,mlp,547,5,5,0.0023111011878543274,5.40622772841154e-07,2.020033120445161e-05,0.06768986429775284,5.295528338974844e-05,0.9266923874023222,0.0032329508747036798
4,mlp,838,5,5,1.0021957244860532e-06,4.95447071202964e-07,9.350758635555902e-06,0.006203669556384496,4.383499238885339e-06,0.9924201781322555,0.001360920410689882
4,mlp,7707,6,3,8.18288790786701e-06,1.8169947842957361e-06,1.3220898024357082e-05,0.6395972423869616,0.02133077569959941,9.341878775177266e-05,0.3389553423449706
4,mlp,8088,6,6,0.0001561029156398823,2.0475688795921934e-05,0.00035790276084446046,0.071323947373165,0.008903723772527504,0.00021764778035986867,0.9190201997086673
4,mlp,7930,6,6,1.7567675480801843e-05,6.754275732209707e-07,3.8211727841172495e-05,0.018072778021858117,0.002870133917699208,4.715890088488868e-05,0.9789534743286626
4,mlp,8132,6,6,0.00015611631546264232,2.8763340710075512e-06,0.00025269894314447776,0.005450662081876356,0.002133869720862508,9.371326668937092e-05,0.9919100633378936
4,mlp,2188,0,0,0.9997063964058236,9.275917601202052e-08,4.0463390729851505e-05,4.489948196130258e-06,3.4208300054382337e-05,0.0001972057108512378,1.714348516869162e-05
4,mlp,5542,4,4,0.0001517783972365941,6.265546060721008e-11,2.485982635073764e-09,0.004128761352743996,0.9785418525035112,1.5400093374889682e-06,0.01717606518853256
4,mlp,11943,3,3,8.388625247179104e-08,3.7270280797971845e-07,2.826832743091897e-06,0.9880910948945455,0.000952806258107153,3.9623640357532675e-05,0.010913191785186346
4,mlp,11193,3,3,2.6578050398197975e-08,1.0854312464025601e-07,1.1142821364973232e-06,0.9928792526302105,0.00037040881520264976,6.776988197493165e-05,0.006681319269300516
4,mlp,8084,6,5,0.0013570390236952979,8.232742982258176e-05,0.0022052133561924125,0.06752260256334705,0.0008389548556300194,0.46429708496008765,0.463696777811225
4,mlp,6077,4,4,0.0028690207678892976,9.05583396666654e-12,4.964731720226315e-10,2.3479290020659777e-05,0.9969317304276334,1.8943960013521745e-06,0.0001738746129261988
4,mlp,798,5,5,3.0578587976975226e-06,1.3089973134207752e-06,2.1816257506216002e-05,0.018177144913639642,1.3521124769195621e-05,0.9786179725095229,0.0031651783384509698
4,mlp,6139,4,4,6.201364682593865e-08,1.245431450207582e-09,2.735433771927139e-06,8.179551873777213e-07,0.9999062044780177,1.1364977403940706e-08,9.016750896731067e-05
4,mlp,11548,3,3,6.977537081810614e-08,2.6165640194651077e-07,2.0433491098748814e-06,0.9851466397531158,0.0006008403977152948,6.970294956263319e-05,0.014180442118723505
4,mlp,12228,3,3,6.889340566359182e-08,3.1036526835635606e-07,2.666942874893025e-06,0.9931137641641594,0.0008322029233589207,6.78879018636437e-05,0.005983098809069002
4,mlp,9804,6,6,0.013011518901534902,2.311087394002193e-05,0.01117062229568663,5.073980183686273e-05,0.0005063496747338719,0.0016656024501241046,0.9735720560021436
4,mlp,385,5,5,7.183321196779242e-07,6.19973849840395e-08,1.2780107211024352e-06,0.0037869342424258602,1.3675160101677145e-06,0.9959861741226589,0.00022346577867940156
4,mlp,2592,0,0,0.9999671598465452,6.031632069234191e-07,4.724395870170218e-06,1.9097131483323997e-07,4.055679127791925e-06,2.325821573735294e-05,7.728197667117577e-09
4,mlp,13299,3,3,1.3150971024544273e-05,2.048110845374271e-05,0.00013317187183030754,0.636961179785291,0.03490797167434241,0.0001788153653642992,0.32778522922369374
4,mlp,2887,0,0,0.9997149004985595,6.775768170977723e-05,5.1674241492668074e-05,3.617997665169229e-07,2.670898836766338e-05,0.00013859015521228466,6.634891557849801e-09
4,mlp,2793,0,0,0.9999813328830885,2.0950651910284118e-07,4.434163952500442e-06,8.558101314618777e-08,1.06722412891183e-05,3.264557492439718e-06,1.0666451557993268e-09
4,mlp,12609,3,3,6.171881830727268e-07,7.457192668537407e-07,1.8035402677371258e-05,0.9707367995716244,0.0006938290298673643,0.0013668148254463983,0.027183158262934316
4,mlp,1566,5,5,0.00955682232331651,1.2901139741936074e-06,5.735051771923775e-05,0.017853591285370087,8.386603748535289e-05,0.9637603042745244,0.008686775447610108
4,mlp,4552,2,2,0.011007311523028356,9.024194192072957e-06,0.988461318573826,4.2574689876693736e-09,0.0005090415445939479,1.1693425601778978e-05,1.6064812888091738e-06
4,mlp,224,5,5,4.074952775307735e-08,2.3588311891687776e-08,3.102536078056556e-07,0.0009968513059579428,2.4093503523560865e-07,0.9989566549268128,4.58782407464278e-05
4,mlp,8762,6,6,0.00014879934936267076,2.8732263979448117e-07,0.00010457857699729501,0.001958806564205649,0.1959768010230517,1.5717200930136657e-05,0.8017950099628128
4,mlp,12665,3,3,2.0683636506606265e-07,6.386024953963344e-07,2.2333551767605463e-06,0.9690152520280318,0.007095947055020871,1.994338501111683e-05,0.023865778737899013
4,mlp,6908,4,4,7.825499393855364e-06,6.518833607517061e-10,2.0181885460279133e-05,1.4591429937624928e-06,0.9974072164772967,5.1378785890837085e-08,0.0025632649641862647
4,mlp,1171,5,5,1.520353370093466e-07,8.5679559144676e-08,1.927461005134396e-06,0.0003102108207472461,3.0453178013356125e-07,0.9995963513062769,9.096816529446856e-05
4,mlp,913,5,5,5.556193442595391e-09,5.258647837106255e-09,1.1015436956015891e-07,4.814436075779749e-05,1.8787165401830234e-08,0.9999465770463172,5.138836548895485e-06
4,mlp,2357,0,0,0.9999130414951248,1.4915059158292348e-07,2.8091057176136004e-05,5.685067140083377e-07,1.0872105076226981e-05,4.6931498083241727e-05,3.4618723400659063e-07
4,mlp,10987,3,3,2.622727796253377e-09,1.739847451908341e-08,2.2869372244869622e-07,0.9981661340399332,0.00032484350691547575,5.932947897459434e-06,0.0015028407903292958
4,mlp,2987,0,0,0.9999942612036598,7.446353594777987e-07,8.429342536001672e-08,5.9259632532598036e-08,1.7863534096216877e-06,3.0642158880746345e-06,3.862493085156684e-11
4,mlp,9939,6,6,0.029099300519289314,2.059195466633945e-05,0.007115584632894594,0.00013157148865065017,0.013403131219698772,0.009180819089362606,0.9410490010954377
4,mlp,7045,4,4,8.18411998340942e-06,1.153623291770373e-10,1.0274658330463428e-05,3.5387054873399106e-07,0.9997827192645325,1.039274889038256e-08,0.0001984575784935436
4,mlp,5441,2,2,0.004092217203412638,0.0003525098563342987,0.9944239009805494,7.757203575420912e-10,0.0011290333918874927,2.3375870891445834e-06,2.0500656199528896e-10
4,mlp,1508,5,5,2.2516624334374987e-05,1.869703754248233e-05,0.00028489195488879147,0.007560377946519701,4.768520375838387e-05,0.9831680642639485,0.008897766969007804
4,mlp,3906,2,2,0.029990978891963078,6.005843255975746e-05,0.8708107956918416,9.021467438208565e-06,0.011363136581799344,0.0008411129617734824,0.08692489597262444
4,mlp,6674,4,4,4.145379650974751e-06,8.913994267153412e-10,6.757038602260104e-06,5.171751470879725e-06,0.9924729444180569,6.569280403042952e-08,0.007510914828015551
4,mlp,6210,4,4,1.7542228994246655e-06,1.6776771391986806e-10,1.0676911544649686e-06,5.6572899014119635e-06,0.9979443963793894,2.1885762709834824e-08,0.0020471023631248616
4,mlp,9275,6,6,0.00023633416503584823,2.9761273877420857e-06,9.536213287848947e-05,0.0011170251242815345,0.001590136251363289,0.00024411172754742523,0.9967140544715057
4,mlp,9988,6,2,0.1805539926695273,0.0007832656290415456,0.5588971089308691,5.820387849279557e-05,0.0007586708244591489,0.13370597319771246,0.12524278486989787
4,mlp,8145,6,6,5.670453540752008e-05,8.338549819260818e-06,0.00023421882059687012,0.029824147542354178,0.001948289389021044,0.00013333238659405536,0.9677949687762072
4,mlp,2279,0,0,0.9965685408408262,1.6664225629871431e-07,1.8734157171463846e-05,2.3357330939453034e-05,0.003230825125043907,0.00013365934666055777,2.4716557102106717e-05
4,mlp,12509,3,3,2.9365627228665196e-07,2.800403195401539e-07,3.0890757545390858e-06,0.9567434795716093,0.0017225010996275787,0.00012067972245337691,0.04140967683396322
4,mlp,13096,3,3,3.5329267900551025e-06,2.6003591238503425e-06,2.3880824697231124e-05,0.882303418035584,0.003257618183945833,0.0005379140804146828,0.11387103558944452
4,mlp,6492,4,4,0.00011146716563864747,1.1067126030852367e-06,0.01341817567477984,5.711410734993407e-07,0.985110650219222,1.2578991804878616e-05,0.0013454500948781784
4,mlp,9817,6,6,0.0026594551376338768,1.6064409938426216e-05,0.004970471754077659,6.485782357040159e-05,0.0009144844331015253,0.0007253238681326661,0.9906493425735454
4,mlp,3098,0,0,0.999991552874255,3.4515515062791946e-08,7.04876870357809e-07,5.9143318067439265e-09,7.416961372285746e-06,2.8484026656604434e-07,1.73891337162075e-11
4,mlp,10217,3,3,3.7021754341405005e-12,4.759129381257876e-11,5.80815758275724e-10,0.9998486593372204,8.621901516150977e-05,9.444391210734166e-08,6.50265715967481e-05
4,mlp,1347,5,5,3.015935269866616e-05,1.221721618552317e-05,0.00020843154001911872,0.03163306820119568,8.328798216325656e-05,0.9516183791049989,0.016414456602738933
4,mlp,8003,6,6,0.00074218732993068,8.903384477715102e-05,0.0022164920244892275,0.1935930363722782,0.0015451923555177423,0.19610449281766035,0.6057095652553466
4,mlp,1612,5,5,1.7758513255742667e-05,1.8026825604588923e-06,8.79187377344638e-05,0.0005107648856063923,4.604959461793107e-06,0.9970172413559182,0.002359908865463119
4,mlp,11293,3,3,9.807283157098262e-09,9.082880486872483e-08,5.381194604248861e-07,0.995802318405673,0.0011524780670106266,6.678337655014153e-06,0.003037886434112815
4,mlp,11103,3,3,2.264722829340971e-09,1.1705170389991094e-08,2.0481423901391862e-07,0.998793890469574,0.0001452693053525798,4.237600013207792e-05,0.0010182454408089224
4,mlp,6046,4,4,2.3020643911124412e-05,3.589992966602253e-12,2.8440957333120045e-08,2.6037130738807606e-06,0.9998718748312317,1.561726076706885e-08,0.0001024567499752824
4,mlp,5178,2,2,0.000431588725192777,7.829400587769845e-06,0.9993261659989098,5.526152146596154e-10,0.00023404635606989757,3.1943176183779513e-07,4.953486262107299e-08
4,mlp,12011,3,3,1.862202265483247e-07,1.4935912572197873e-07,3.934378041326294e-06,0.9656437708954247,0.0006250941123564383,0.00044193882878592965,0.0332849262060393
4,mlp,8871,6,6,0.00017729525667948762,1.3242986332831197e-06,4.347315420405967e-05,0.0021033430335394235,0.000985550965828564,0.00021153585700643007,0.9964774774341087
4,mlp,13457,3,6,0.00010107653347473839,4.546214306546738e-05,0.0006752162812255937,0.30136482961517164,0.003676034932301099,0.004552879206416316,0.6895845012883451
4,mlp,3219,0,0,0.9999736435991396,8.567280420325999e-06,2.382331918908568e-07,2.6907014775127085e-08,1.714827073987972e-05,3.75707714545482e-07,1.778875791049994e-12
4,mlp,1937,5,5,3.3654335401450808e-06,2.805301008253819e-07,2.0294281505658227e-05,6.94925475573652e-06,1.7782152942935923e-07,0.9999137582815132,5.517439705501202e-05
4,mlp,5707,4,4,1.0980784540545152e-09,3.5566979635617966e-10,8.28824234622829e-09,2.4592234737477954e-05,0.9999593377194608,9.009339896017758e-10,1.6059402877232504e-05
4,mlp,6504,4,4,6.088599218161706e-08,2.4863793151290643e-11,8.535417846402266e-08,1.8404998028810688e-06,0.9999577097187888,9.177191470248971e-10,4.0302598654846515e-05
4,mlp,10268,3,3,1.29650626268781e-10,1.1688138812791485e-09,3.569234155878223e-08,0.9998156337465967,2.5942333542970428e-05,6.49694374255924e-05,9.341749162849204e-05
4,mlp,7913,6,6,0.001634371754826477,7.151801855847652e-05,0.0018631778966140147,0.10891239677637829,0.0011542104200653919,0.2330718424928267,0.6532924826407306
4,mlp,3598,1,1,1.1549354930072598e-08,0.9999999160633862,2.8776817257675765e-08,4.152594138866719e-16,4.358233638117919e-08,2.810494727657623e-11,5.719939775300819e-29
4,mlp,3520,1,1,1.9410808787529815e-08,0.9999996908250434,2.1597955900917045e-07,3.5084261313146623e-15,7.354922687502267e-08,2.3535851152455734e-10,3.572977913142891e-27
4,mlp,8154,6,6,0.00021530447001804083,1.3363998989885226e-05,0.00022012023901654874,0.013922209373000965,0.0015257176661381967,0.00042253644734761603,0.9836807478054889
4,mlp,3229,0,0,0.9986295117237802,3.815437179240685e-05,0.0010400335782633776,3.585935916961019e-08,0.0002876153864177643,4.6489325360696515e-06,1.4785083169801893e-10
4,mlp,11069,3,3,9.092835097736476e-09,3.570283339112317e-08,1.0135644394378104e-06,0.9970133318199478,9.426644101407063e-05,0.0017879477471280671,0.0011033956318021048
4,mlp,11424,3,3,2.821093915152091e-09,1.7436509927857822e-08,2.886271555410547e-07,0.9989657580923308,0.00015007379578663754,6.271282555647624e-05,0.0008211464015665481
4,mlp,13385,3,6,0.0002301878629505424,4.729757806319221e-06,0.00018102292451349273,0.028150154269498535,0.001085499710346677,0.00031602495674526996,0.9700323805181391
4,mlp,10629,3,3,2.7065585190908333e-11,2.6986263209310017e-10,4.7970916054954366e-09,0.9998596536284257,7.287985541932438e-05,1.0135553116728592e-06,6.644786682355865e-05
4,mlp,10938,3,3,1.0027201166519972e-09,7.017486062424618e-09,1.3792820289745444e-07,0.9990515325604571,0.0002236059897233773,3.855306312391091e-06,0.0007208601950979472
4,mlp,10353,3,3,2.0975743145741647e-11,2.1847383580683013e-10,5.825685841990069e-09,0.9998882025179702,5.835526770514517e-05,7.023174243728539e-07,5.273383176480368e-05
4,mlp,10591,3,3,7.042248369237003e-10,6.70010606097344e-09,1.1981771061884696e-07,0.9992212593339299,0.0001430095217238913,9.819773911471954e-06,0.0006257841483930076
4,mlp,4664,2,2,0.000147395710319326,5.465319611619267e-07,0.9983747836558156,3.5956890743628354e-10,0.0014761981584442026,2.038507170802797e-07,8.717331735672549e-07
4,mlp,9947,6,6,0.020984331817218503,2.563767049659644e-05,0.042289648269484184,0.00010521608172398446,0.02586330799652449,0.0032394685075696275,0.9074923896569826
4,mlp,9837,6,6,0.0022873449004283015,1.3854426865857137e-06,0.0019645935137824087,6.319879447248468e-05,0.014250603081009056,5.841730625758728e-05,0.9813744569613635
4,mlp,1342,5,5,0.011022492693370854,9.919201102541611e-06,0.0003616270946778952,0.09343024315504851,0.0004905269220824953,0.755448280268136,0.1392369106655817
4,mlp,9602,6,6,0.004091803019105464,4.321345428917424e-05,0.0014382550528510786,0.00104554660980676,0.0008624113436151241,0.07013555992599,0.9223832105943425
4,mlp,9766,6,6,0.0026970353589605583,2.8234930015442917e-05,0.004619497858288176,8.816728306217451e-05,0.0005654637791734083,0.0015114089697893665,0.9904901918207109
4,mlp,6171,4,4,2.516052924984857e-06,6.472527469213464e-09,0.00015924157425376717,5.771997186674235e-07,0.9990112295150431,2.688004110332352e-07,0.0008261603851209212
4,mlp,4814,2,2,0.00016825004784550815,5.422073267050812e-06,0.9992253850375157,2.6770018833379767e-10,0.0006000015929476228,3.811457754769078e-07,5.598349487092609e-07
4,mlp,1965,5,5,0.00011674009460297031,4.244868944154895e-06,0.0004070522449821412,3.314790486973605e-05,2.5323768457313666e-06,0.9980519132460561,0.0013843692636991147
4,mlp,12490,3,3,2.741616593958565e-07,5.988373323329703e-07,7.98099086295866e-06,0.9832391372055728,0.0005572856548502619,0.0013090944606302514,0.014885628689091792
4,mlp,1587,5,5,0.00015732957513065667,3.865889912162411e-06,0.00018110439036865715,0.002953014275206049,2.144061448574306e-05,0.9785753840766238,0.018107861178273094
4,mlp,4445,2,2,0.00017636240497316425,3.3350762998790382e-06,0.9831961893743942,7.57413618322338e-10,0.01662160248151893,4.783158392675421e-07,2.0315895606573674e-06
4,mlp,10447,3,3,7.900670337896061e-11,7.214735608148714e-10,2.5026444769509912e-08,0.9998315452239069,6.0048468731974735e-05,4.0537977364329705e-06,0.00010432668269946313
4,mlp,7683,6,3,1.4925970373918985e-05,2.7370622443149934e-05,0.0001468994593657622,0.7820803633588671,0.007455944700123974,0.0004675960747898919,0.20980689981403627
4,mlp,11900,3,3,6.588352936847913e-08,4.052076126112408e-07,3.1387328653733855e-06,0.9884622524704505,0.0008718084396765179,5.195353632863028e-05,0.010610375729537066
4,mlp,8868,6,6,0.0008611780078640255,5.17373140202776e-05,0.0021973169205701205,0.006360840088727292,0.0007009566395193544,0.008661918318429777,0.9811660527108691
4,mlp,12995,3,5,0.00011714914366667109,1.2495029963470405e-05,0.0003643163552780855,0.21283671194826206,0.00039783419152675535,0.603567472994712,0.18270402033659103
4,mlp,3866,1,1,1.4074794714051919e-15,0.9999999999433649,6.125570971044773e-14,8.042675218889405e-24,5.6572449949502424e-11,7.844409448389023e-19,5.4760494241011694e-42
4,mlp,11639,3,3,5.9885158916037035e-09,4.0124344791243135e-08,5.939700325111637e-07,0.9984101402911852,0.00023779704819642739,5.475876504236443e-05,0.0012966638126826406
4,mlp,8989,6,6,0.00028205653112448487,1.5920524727011776e-06,0.0024873362176403386,0.0005399397210597879,0.1359187122342551,9.699712096748735e-05,0.86067336612248
4,mlp,13433,3,6,0.0021083083021772977,3.782576224385596e-05,0.0012354563643049681,0.16580157308326868,0.002118003748426101,0.06074472201593933,0.7679541107236397
4,mlp,8648,6,6,0.00020208459465154613,9.856257719029037e-06,0.0001376627712722604,0.01507177966747157,0.002251919965388402,0.0033428226062585426,0.9789838741372386
4,mlp,7134,4,4,4.067508892467396e-06,1.3796897897069324e-08,0.0004529112200588746,1.2745138158028652e-07,0.9994641864390834,1.087596624436493e-07,7.858482402320868e-05
4,mlp,11473,3,3,2.2681420267217346e-08,2.5726027839519833e-07,2.048735064559421e-06,0.9971941276054341,0.00022265496270580017,0.0010810752058576334,0.001499813549239222
4,mlp,10887,3,3,1.9978856097758623e-09,1.4708662736550805e-08,1.8099260340244883e-07,0.9983367711907001,0.00031221049555234167,5.01709191021305e-06,0.0013458035226858582
4,mlp,10393,3,3,1.7871943055503615e-10,1.7597919955069048e-09,2.2659270933790785e-08,0.9995422244024454,0.00017202541695615113,9.736252924379638e-07,0.0002847519575237338
4,mlp,3999,2,0,0.8382871385063111,2.8415159833478695e-06,0.13145525990909843,8.531277378683123e-06,0.029717574200881048,0.0002188315619069774,0.00030982302844013884
4,mlp,10936,3,3,4.710938768686185e-10,1.0457028226883984e-09,1.0975414860448978e-08,0.9979132473197015,0.0005112383495514671,5.864653383914605e-07,0.0015749153731973015
4,mlp,3044,0,0,0.9999864830771927,2.206573198717116e-06,3.532041538664949e-07,5.009324971256673e-08,1.532130915981364e-06,9.37490165903683e-06,1.9629982550726422e-11
4,mlp,10458,3,3,4.30451431270029e-11,2.393592497655667e-10,6.833783620106112e-09,0.9996947468253508,6.585426223079258e-05,4.4045326732602674e-07,0.00023895134296328022
4,mlp,10433,3,3,1.7389229602090793e-10,1.717739354787989e-09,4.871561140748264e-08,0.9996663774216934,3.5024210419035015e-05,9.541429577884134e-05,0.00020313346486574153
4,mlp,1407,5,5,6.690855422175938e-07,3.1356614218322975e-07,6.7546295257251194e-06,0.0005035090001865765,9.286770631603336e-07,0.999202115245781,0.000285709795759212
4,mlp,12143,3,3,1.595263527068777e-06,2.2461955929970284e-06,4.6126973504089995e-05,0.9325086656558061,0.0004891315023429244,0.02656126776778967,0.040390966641436835
4,mlp,11835,3,3,1.5632967160060477e-07,3.906529190085804e-07,6.149709754484936e-06,0.9794445400705583,0.0005987776198124129,0.0002029142322672231,0.01974707138501698
4,mlp,10836,3,3,7.347350529127122e-10,3.073676360464323e-09,8.083447199413813e-08,0.9992100403307747,0.00011535482378533378,7.580054561107906e-06,0.0006669401479955514
4,mlp,7557,6,6,2.4448155033461865e-05,3.816231686624908e-06,5.2945760046438515e-05,0.3834948395628488,0.00817592612424343,0.00022109862278580798,0.6080269255433555
4,mlp,1920,5,5,4.974572213268488e-05,8.247122985280713e-06,0.0005715514049991885,0.00010847276618486573,6.989887475575651e-06,0.9958408535150632,0.0034141395811591057
4,mlp,9666,6,6,0.0035133096325555054,0.00022145299657924206,0.00918069151683981,0.0007838069090067565,0.001322685124117016,0.04043295994430377,0.9445450938765979
4,mlp,12798,3,3,1.154605453847421e-05,4.93216262072002e-06,8.557234757817029e-05,0.7832983114163053,0.0027999330764525055,0.0009420901056435009,0.2128576148368612
4,mlp,302,5,5,1.10866359227666e-09,2.2461825928737205e-09,2.941801858258756e-08,8.266264366039292e-05,1.1536093557892278e-08,0.9999150648209227,2.228226458344681e-06
4,mlp,7011,4,4,0.006633716150482417,2.9259865471352276e-06,0.1522686199367621,2.753203202540905e-07,0.8405927501738447,4.4605985959894645e-05,0.00045710644608362976
4,mlp,8824,6,6,0.00047281877203274227,4.42707477743995e-06,0.0003703469246339101,0.0034592091986871422,0.003199261986496879,0.0021848161999344,0.9903091198434374
4,mlp,4802,2,2,0.00792403789539864,1.6392106392648843e-05,0.9910866198553969,1.1067086107165173e-08,0.0009466669453668571,2.565340149120204e-05,6.187288674897258e-07
4,mlp,11733,3,3,1.4559178815312111e-08,5.31813925440153e-08,7.569924886206397e-07,0.9948672609068236,0.0004359529042371097,3.6402348225166606e-05,0.004659559107654232
4,mlp,10150,3,3,4.597294520488469e-11,6.083981845997479e-11,5.79655772558979e-10,0.9985369893756889,0.0013189464623195204,1.6693325226549034e-08,0.00014404678219790616
4,mlp,7442,6,3,1.14428115532223e-05,7.8535589160145e-06,0.00017235004628967228,0.8061022382198236,0.0016388147727030534,0.007342500559295972,0.1847248000314186
4,mlp,11466,3,3,2.8187300888962166e-08,1.4346240467841466e-07,1.550697480716167e-06,0.9906018445632105,0.0005927423528884753,3.1728362147404606e-05,0.008771962374567262
4,mlp,8512,6,6,0.00012493294074546996,4.199926893415815e-06,0.0002091257125646978,0.019509992978508535,0.0010130221735094056,0.0013964818300413696,0.9777422444377372
4,mlp,9845,6,6,0.005261293793476769,2.9388062347331366e-05,0.0035196915911125627,9.652036760580637e-05,0.0004845978714072643,0.005701953032027451,0.9849065552820229
4,mlp,7843,6,6,0.00016998672299641383,4.534883293830979e-05,0.0005212356238232059,0.24290822078641444,0.004747811009123895,0.002530407268257634,0.7490769897564461
4,mlp,5868,4,4,3.4679257103234134e-05,3.850222283516369e-08,6.124526066717078e-05,0.0001670729009204809,0.9570057371613544,1.944003712009913e-06,0.04272928291401994
4,mlp,9677,6,6,0.0004336369746226256,3.3856022152669597e-06,0.0002932981435066595,0.00047849801411576167,0.008763380774283801,0.00028979048484578294,0.98973801000641
4,mlp,12552,3,3,1.2341277971424785e-06,4.741989201548065e-06,2.1214130142053242e-05,0.9615567718272906,0.0016712683104320137,0.000709990686713292,0.03603477892842339
4,mlp,10115,3,3,1.0359017664313404e-11,1.1922748052760372e-10,4.149874822400032e-09,0.999919580561319,3.6504872683890146e-05,5.41619036116381e-07,4.336866749986613e-05
4,mlp,12500,3,3,2.037262921288045e-06,2.21621327577901e-06,2.217507559578218e-05,0.8874129717708127,0.0019888341131687665,0.000356365108165151,0.1102154004560607
4,mlp,2490,0,0,0.999918050425015,1.9889593193090606e-06,1.2015746577405286e-05,6.533697722361915e-07,1.1807611783859745e-05,5.5417325755815736e-05,6.656177630342702e-08
4,mlp,7814,6,5,0.0002710729049832165,5.759511699928627e-06,0.00025691975837603996,0.024804103053221113,8.378406083377023e-05,0.921829593406376,0.05274876730450983
4,mlp,1077,5,5,1.9435375505375637e-07,4.127928455627107e-09,2.3795091293678473e-07,6.669061362047952e-05,4.470816641194931e-08,0.9999218826768139,1.0945568802769048e-05
4,mlp,4596,2,2,0.0036331470902269286,2.443083688330573e-06,0.9945999773000838,1.1151644805424572e-08,0.0017581310720010802,1.6032633562778933e-06,4.687038998766027e-06
4,mlp,7603,6,6,6.8528889118606e-05,1.894235633091526e-05,0.00028258420113438037,0.2975082924487164,0.002539242395398143,0.0020465425216235553,0.697535867187678
4,mlp,8969,6,6,0.000343547120861358,1.438117229538082e-05,0.0017082724488805723,0.0013038040578550046,0.002086849073304679,0.0011387418510393674,0.9934044042757636
4,mlp,2315,0,0,0.8006711580149567,0.0007275445784508196,0.18460229990037108,1.309172583940748e-05,0.0007314304168670525,0.011458225596764682,0.0017962497667501737
4,mlp,164,5,5,1.2255917017197451e-08,2.6477613576059156e-08,2.4681687893415043e-07,0.0018096628451713427,2.4529472204498097e-07,0.9981622253051432,2.7581004553828166e-05
4,mlp,4878,2,2,5.612825486042522e-05,1.3119702094649585e-06,0.9995279928866638,2.532179568740889e-10,0.00041394037436560276,1.0837096604162899e-07,5.178897163398401e-07
4,mlp,10380,3,3,3.0667590843573504e-11,1.1691451148966253e-10,1.6995305734952598e-09,0.9995734136229686,0.0001511066441469688,1.2445931875710436e-07,0.000275353426452805
4,mlp,3659,1,1,1.451118803342197e-09,0.9999998324779188,6.268070013744679e-08,2.3960394409845248e-17,1.0338749829123574e-07,2.763932401907968e-12,4.3732530105943284e-29
4,mlp,1533,5,5,2.8814414965574424e-06,1.428755395086684e-09,3.1553641569627463e-07,1.4338670750686033e-05,1.7113323849837046e-08,0.9999803648210153,2.0809882424550113e-06
4,mlp,12742,3,3,2.2100800181123146e-05,2.690446284851014e-06,5.79617736039829e-05,0.745422305627962,0.004298776732807853,0.00022366847086847144,0.24997249614829165
4,mlp,6482,4,4,1.0851822422022742e-06,1.3546036600250063e-09,2.737807842533576e-06,1.2765099928535712e-05,0.9987621241303467,3.4355747044973925e-08,0.0012212520692892843
4,mlp,778,5,5,7.292150540013917e-07,2.613899829057398e-07,4.974473159589056e-06,0.002852500030688371,2.1610981001635593e-06,0.9965273563603031,0.0006120174327117344
4,mlp,717,5,5,2.637068664715886e-10,1.8300280153554898e-10,6.841333490177046e-09,5.12858983250908e-06,7.816036074336613e-10,0.9999945558514476,3.074890732749833e-07
4,mlp,10898,3,3,1.146981675363339e-09,9.349940362026198e-09,1.1477365295312618e-07,0.999014167252624,0.00028822626134956524,3.4277031689375925e-06,0.0006940535122825285
4,mlp,715,5,5,1.6433922076603494e-08,1.2547714192194773e-08,1.8400167024366113e-07,0.00018966951945655633,6.991698451734328e-08,0.999797360010162,1.2687570090389044e-05
4,mlp,3434,1,1,3.0383920498892303e-06,0.9995964672131304,0.00035494814552862225,3.9988993603084497e-14,4.5544355813229727e-05,1.8934380629872834e-09,9.571247050061482e-22
4,mlp,2125,0,0,0.9961488919756547,2.3273312990344152e-06,0.0016069570459812837,1.3231534834510604e-05,8.851679085006427e-05,0.001739631475409569,0.00040044384597090227
4,mlp,2306,0,0,0.8759302422146195,5.788650493910196e-06,0.12202652833778245,1.4437947884053836e-06,0.0015209063261253067,0.00038470944513401575,0.00013038123105638347
4,mlp,2405,0,0,0.9991908926908192,2.4728353964832526e-06,0.00024952328499756226,8.117592130682314e-07,1.1589051154087536e-05,0.000543570645611327,1.139732808439138e-06
4,mlp,7703,6,3,4.118187411929311e-05,4.325568078661563e-05,0.00031324918837659143,0.7879918180789602,0.0038462495067155098,0.00778898377704612,0.19997526189399553
4,mlp,8819,6,6,0.0017202258598348376,0.0008839498855012161,0.008090719197946851,0.02857501809831506,0.0017767107976915254,0.43456894396637313,0.5243844321943374
4,mlp,599,5,5,6.03230356907733e-07,9.029537253040161e-07,9.602253705309415e-06,0.012272302509769482,6.185469500439438e-06,0.9869120328465967,0.0007983707363458081
4,mlp,10818,3,3,9.168246837447617e-10,5.133525366593388e-09,1.2437826914410103e-07,0.9991261147007052,7.660437344852483e-05,8.082418152171499e-05,0.0007163263157055333
4,mlp,11635,3,3,1.6815391748838338e-08,9.804214479342455e-08,1.5663232657344554e-06,0.9961443147636971,0.00033432983435163435,8.401534725981421e-05,0.003435658873889095
4,mlp,6378,4,4,1.5404930363019616e-08,1.3116449791390245e-11,1.614590550091962e-08,1.412470571036281e-06,0.9999139384573974,3.728917974260277e-10,8.461713518747102e-05
4,mlp,10457,3,3,2.453926407616699e-11,1.342332301002941e-10,1.6905341521415857e-09,0.9994893388991746,0.00018072729766103877,1.4914622660465887e-07,0.000329782807631088
4,mlp,8423,6,6,0.00024038779300153044,6.039016697908095e-06,0.0003485871873976221,0.005245315115660965,0.0006963492785806683,0.00022579568040547018,0.9932375259282559
4,mlp,6929,4,4,4.075563535470654e-06,2.4773219793191282e-09,0.00062878561291644,5.781861985994869e-08,0.9991865932068905,9.071920864373757e-08,0.0001803946015068576
4,mlp,8566,6,6,0.007580928260133702,1.4436351086504375e-05,0.0026130709845296886,0.04644259648042624,0.12640598066285708,0.00038851058113384613,0.8165544766798329
4,mlp,10906,3,3,3.140785436191854e-09,2.9101913131832688e-08,2.558402094429709e-07,0.9981239804637069,0.00029088104034543787,1.4050826682650199e-05,0.0015707995863569388
4,mlp,3791,1,1,1.31152977926178e-11,0.9999999944216766,5.504591145608916e-10,1.7508874672739425e-19,5.014721660712587e-09,2.721079075114146e-14,2.3232496455146498e-33
4,mlp,1164,5,5,7.60433259935689e-05,1.8879995317021368e-05,0.0003968984094108218,0.08899591513181423,0.00020189428887274703,0.8618184067905673,0.048491962058024196
4,mlp,3479,1,1,7.368737088717899e-07,0.9999914667285024,5.7538992748913495e-06,6.9872498477742614e-15,2.0416177573427214e-06,8.807498178322369e-10,3.198554822419146e-24
4,mlp,4198,2,2,0.14213674009834906,9.058294818181226e-06,0.854947538762958,4.18615092266223e-07,0.0028123888797543465,5.063366209546933e-05,4.3221686932803905e-05
4,mlp,3936,2,4,0.00044226046061877314,4.4853658705091533e-07,0.21454417859834377,1.0287140580757935e-07,0.7834228554941494,1.1682927697968154e-05,0.0015784711111973152
4,mlp,4165,2,2,0.007475521746339362,2.5689313994706955e-06,0.9891701734360024,7.358261291576179e-09,0.0033324834803544565,9.071956699697274e-06,1.0173090943427301e-05
4,mlp,5322,2,2,0.047148400862038115,0.0006647207996266602,0.9508406527516728,1.1660142370352244e-08,0.0013318444107276288,1.435764789660151e-05,1.1867895550930475e-08
4,mlp,2412,0,0,0.9998744025276125,6.089738851418241e-07,2.5997531627128166e-05,4.99956371023499e-07,5.441963058046395e-06,9.283630595387792e-05,2.1274149252813295e-07
4,mlp,9955,6,6,0.12129392917345624,5.225592543102471e-05,0.027360692614466685,0.0001138248520154089,0.004027536471900763,0.014107743384457019,0.8330440175782728
4,mlp,519,5,5,1.3993316546903599e-08,5.203935077790396e-09,9.325999781578327e-08,0.00016239708655384072,4.4111312790012705e-08,0.9998271811993624,1.0265145521552102e-05
4,mlp,8591,6,6,0.00016698807706183388,2.9146963021428842e-05,0.0001717341607458054,0.042932587374567385,0.005728127825974605,0.00768011053685469,0.9432913050617743
4,mlp,3365,1,1,6.112352758017154e-05,0.9998522646774493,8.179259445309117e-05,8.200409035730949e-12,4.4067073517851265e-06,4.124849651053022e-07,4.036139969363661e-21
4,mlp,8832,6,6,0.0008879091871248136,4.304567164538859e-05,0.000993475147691236,0.012252761659380815,0.001148125815524003,0.02062063746832786,0.964054045050306
4,mlp,5161,2,2,3.159628475754475e-05,8.897260631521952e-07,0.9933166699205681,1.8232845998128123e-10,0.006650757319875348,4.106762343414627e-08,4.5498784079920556e-08
4,mlp,9024,6,6,0.002883527566960226,0.00019655665435060215,0.005988194889280284,0.005229460785650194,0.000724560673046928,0.07996305497116563,0.9050146444595462
4,mlp,13328,3,6,7.793033110771501e-06,5.918231885456111e-07,6.634367428091292e-06,0.2297218871766007,0.028656313986651392,1.6368902188845952e-05,0.7415904107108316
4,mlp,10021,3,3,3.6142795450188705e-13,8.556274024964523e-12,6.738865633812936e-10,0.9999888922428001,6.628192425644692e-06,9.308046675475662e-07,3.548077302340631e-06
4,mlp,3547,1,1,9.76934033368618e-08,0.999495715004598,0.0003169229276845304,6.843168576242301e-16,0.00018726436549833963,8.815033827787135e-12,2.517248553822026e-22
4,mlp,12447,3,3,5.831333976243026e-08,2.1323114614174576e-07,7.501628485595902e-07,0.9844668009768067,0.003719184780064137,1.2591128327793457e-05,0.01180040140746689
4,mlp,1532,5,5,6.8954106288294165e-06,1.1216642572793426e-06,3.4118741296816426e-05,0.0007711116085188715,3.7129859831182318e-06,0.9977624443695396,0.0014205952197755853
4,mlp,9697,6,6,0.00038878052271925604,1.0222074083657405e-06,0.00025225001099640244,0.00028586595623565403,0.025771122651075,5.257746489696603e-05,0.9732483811866683
4,mlp,8865,6,6,0.0022991240102192712,0.0003496252208648865,0.006931408763489422,0.013121406607144039,0.001019201056483434,0.17473843471766412,0.8015407996241348
4,mlp,5018,2,2,0.00024063081137594018,1.1321790528781997e-06,0.9975651435939622,3.684107841634585e-10,0.0021928226908441376,7.831906483265114e-08,1.920372895314636e-07
4,mlp,7625,6,6,5.1192848890477715e-05,3.650187108202043e-06,0.00012894466252866667,0.13316377589741105,0.005186314893370943,8.88114803150135e-05,0.8613773100303758
4,mlp,6336,4,4,6.6576277852817815e-06,4.7595633151292855e-09,8.588452449761538e-05,2.865308748541172e-06,0.9958596838902812,3.15823209263504e-07,0.004044588065914692
4,mlp,13093,3,3,1.3095197351294016e-05,9.67319835442508e-06,0.00016971162297948597,0.8610560052622986,0.001630336357756318,0.011825099522894593,0.12529607883836535
4,mlp,12984,3,6,5.88806812583107e-05,2.189332884854103e-06,8.754602204670332e-05,0.3018990906925293,0.0016242414216482831,0.0039052270905770097,0.6924228247590555
4,mlp,5737,4,4,7.650167756314077e-09,4.3784712249045537e-10,2.3997893255590302e-08,5.8015091029847234e-05,0.9998735499803715,1.5783231764956329e-09,6.840126436712167e-05
4,mlp,1395,5,5,3.287851969011486e-07,3.370879662081203e-08,1.331000527372806e-06,0.00010221023869692351,1.3561188224187355e-07,0.9998397655961228,5.619505877717265e-05
4,mlp,7809,6,6,0.00023606222910589443,4.405502479084697e-05,0.0006693676836226913,0.2456246360014181,0.003339163639426672,0.00850271934039971,0.7415839960812362
4,mlp,7318,4,2,0.0003672655407946604,9.808660524429534e-07,0.8810134503334278,3.500447343568692e-08,0.11843574938382072,2.276216142475748e-06,0.0001802426552886005
4,mlp,12563,3,3,4.0124507860255887e-07,1.2408770159341522e-06,1.4093221689818894e-05,0.9849036030911358,0.0005576675854847783,0.003969703622176256,0.010553290357418758
4,mlp,6706,4,4,0.00016458551710092965,1.5701658524858535e-06,0.05303298062461068,2.387701960214976e-07,0.9362886793113524,2.4324533380436013e-05,0.010487621077506996
4,mlp,488,5,5,2.4585994295827968e-06,3.770204208665106e-06,4.6250564116862875e-05,0.2705325784468933,0.00010456201839110887,0.7210405126698729,0.008269867497087658
4,mlp,11897,3,3,2.5528578276889734e-08,4.1434913783359385e-08,7.805659882210099e-07,0.9923122089235614,0.0004627073511491134,4.6831259624011396e-05,0.007177404936185227
4,mlp,7589,6,3,3.1368894935603537e-06,1.0265292422752656e-06,5.73905618438019e-06,0.7110554463386382,0.023593966146919977,4.258163460355066e-05,0.265298103404918
4,mlp,6089,4,4,2.8569322279877976e-08,7.28993241953974e-10,6.921258703808782e-07,3.9856891077875645e-07,0.9999943805183984,1.9587838578822534e-09,4.4975297210589224e-06
4,mlp,13448,3,6,4.952481851666556e-05,2.1681167409164017e-05,0.0004200086823562208,0.4019464876462113,0.004482048508887071,0.0013134960114152328,0.5917667531652043
4,mlp,9499,6,6,0.0018886197793541357,1.1273758226662065e-05,0.0005021727348641504,0.0007633152715844736,0.000895903716139102,0.0031508377329628697,0.9927878770068685
4,mlp,5496,2,2,0.03440241684440145,0.01044279073128977,0.9529702368713633,3.61241741605184e-10,0.0021763487199360733,8.206463327963584e-06,8.439640839462588e-12
4,mlp,9944,6,4,0.0002287405108564133,1.9714497243279145e-07,0.00025836532646840427,0.0002519713477217581,0.7490221773168414,1.8605726805344742e-05,0.25021994262633424
4,mlp,7668,6,3,9.796647394740576e-06,1.7336489068536586e-05,6.544771098675012e-05,0.7515656416010311,0.016412514285344355,0.00021171947659383064,0.2317175437895808
4,mlp,6374,4,4,6.341674527424364e-07,1.4190103248607318e-08,8.24731320076281e-06,3.1146588992175592e-06,0.9998690473573979,5.706101020353034e-08,0.00011888525193599042
4,mlp,10389,3,3,3.2836476877525833e-06,2.9600918268720438e-09,2.436490566751043e-08,0.9993149984548231,8.006658364702207e-05,9.346884652506465e-05,0.0005081551423196367
4,mlp,513,5,5,5.464166952321537e-08,5.9575877223534146e-08,9.229353067015492e-07,0.0012130614754891859,4.217846532543453e-07,0.9986961947814048,8.928480559931234e-05
4,mlp,9052,6,6,0.0036158183837731355,6.431843960164621e-05,0.005630787315843616,0.004833920208245687,0.00043809439252675506,0.27423329842358,0.711183762836429
4,mlp,6970,4,4,2.002633603197004e-05,1.4107049771869309e-08,0.00016393443545202515,1.6135717743329926e-06,0.9997095228212635,2.4527263540697477e-07,0.00010464345579291969
4,mlp,3046,0,0,0.9999869323342205,1.512413791441362e-07,5.2854088527971975e-06,1.7953901506886824e-08,6.263772752638156e-06,1.3491424777869914e-06,1.4641566583447528e-10
4,mlp,8022,6,6,3.620432070208745e-05,1.3957230008032669e-05,0.00012534551451684874,0.29750888858431107,0.009669344961937477,0.0003898235184459155,0.6922564358700786
4,mlp,6652,4,4,1.9355606800548734e-07,2.0430839733043197e-11,1.624780532265288e-07,1.06992363871126e-06,0.999765576257451,1.6227900988358622e-09,0.00023299614156798167
4,mlp,11113,3,3,1.8487862974091579e-09,2.0922058666791138e-08,3.0186007544805416e-07,0.9992325342546817,9.11530190773658e-05,0.00018683860311855975,0.0004891494922021106
4,mlp,7773,6,6,0.000295772866151292,2.8203308040121357e-06,0.00014963349703747832,0.06867519496558011,0.0013874847041650052,0.0005370023882939057,0.9289520912479682
4,mlp,1680,5,5,2.6580019055173573e-05,1.286090283385289e-05,0.0003058710072446778,0.001879135117567477,2.321983522561249e-05,0.9888207264436242,0.00893160667444912
4,mlp,12326,3,3,1.8193602021018677e-07,9.970575269750667e-07,6.694838882748742e-06,0.9896473868375679,0.0009838980437247087,0.00022923424696020227,0.009131607039317225
4,mlp,10505,3,3,2.051002028468372e-10,1.98406721124398e-09,3.180407342465462e-08,0.99959588765624,0.0001457419440214549,1.6156875324307687e-06,0.0002567207189652736
4,mlp,9031,6,6,0.0005243910258296156,1.4053274674630686e-05,0.0006777705111656715,0.0014314883120648953,0.0020120535165239436,0.0003419223429388557,0.9949983210168024
4,mlp,572,5,5,1.2086964922866873e-08,1.0399064669311113e-08,1.6332678266198052e-07,0.00020837058861967686,6.484448079654586e-08,0.999777034631251,1.4344122836205243e-05
4,mlp,7889,6,6,7.521952104360338e-05,5.485279072227803e-05,0.00032832456876299564,0.3344278229800298,0.007801577625911434,0.0011008375313038227,0.656211364982226
4,mlp,5414,2,2,0.0007257611824585422,0.0032178379458366714,0.9947961503398469,3.941983135728204e-11,0.0012583713774046539,1.8777579025316695e-06,1.357130956855349e-09
4,mlp,5706,4,4,5.931833790404781e-10,1.0703367138444855e-12,1.496292549200278e-10,1.9402747845670143e-06,0.9999949681891529,2.0345213048323338e-11,3.0907718345455915e-06
4,mlp,2690,0,0,0.9998095273315767,5.068655791577394e-05,4.503939747856704e-06,1.1791624864233642e-06,2.4771416182423235e-05,0.00010932464502572498,6.947065044342204e-09
4,mlp,11213,3,3,1.7124288443667577e-08,1.9214813458491671e-07,1.8981765256119552e-06,0.996107540699345,0.0001558165358824763,0.00231771685688298,0.0014168184589408647
4,mlp,2725,0,0,0.9998269245148728,1.4849318128466684e-07,8.351505915670307e-05,1.0972581127855474e-07,8.344390382529474e-05,5.832626126951081e-06,2.5677025762398967e-08
4,mlp,5096,2,2,0.0012004640454635622,1.6655545031279056e-05,0.9976399826829304,2.0474718091090063e-09,0.001138199400310412,4.603423072823796e-06,9.285571964839927e-08
4,mlp,8745,6,6,0.00042088318983778963,2.3559777279042416e-05,0.0005261917295522752,0.00346114783789282,0.00081404139026987,0.000992106579207832,0.9937620694959604
4,mlp,6439,4,4,5.377791464635869e-07,1.063949816256022e-08,8.462791557078668e-06,1.6232657604661202e-06,0.9999274761270255,3.783575302283101e-08,6.185156125921009e-05
4,mlp,12465,3,3,8.391601638325882e-07,2.812893121880839e-06,1.4925183233660395e-05,0.9578419057856593,0.0017766346360838568,0.0002106238345012081,0.040152258507236235
4,mlp,12398,3,3,3.3069111123565014e-07,4.328025545333944e-07,6.664530974348964e-06,0.9741265361361023,0.0006657435845094926,0.0009517569862986714,0.024248535268449275
4,mlp,11472,3,3,4.819254099852921e-08,2.502683203706293e-07,2.7607730726659077e-06,0.9921357202577378,0.00039548855092561935,0.0003169698297729821,0.0071487621276296225
4,mlp,13276,3,6,2.4808664063746527e-05,1.4848639034343294e-05,0.00011052030706239304,0.4350674723413668,0.013315970467193156,0.00017330278322706961,0.5512930767980526
4,mlp,7311,4,4,0.000750273886835209,1.0042719813350615e-08,0.0009697974794530128,5.985324656377588e-08,0.9982785184294998,2.0822172210558014e-07,1.1320865234688555e-06
4,mlp,3630,1,1,7.342674103725995e-09,0.9999998441076007,1.0287688783751242e-07,2.545630383780149e-16,4.562358622272446e-08,4.925078090921715e-11,2.7574391015702176e-29
4,mlp,13372,3,6,7.425381771489515e-06,1.7886752449823165e-06,1.6872381303125207e-05,0.33450020233570904,0.052396778618869176,2.571732230199473e-05,0.6130512152848002
4,mlp,5173,2,2,0.0006910760099230476,1.238103623114276e-05,0.9989150321967303,7.867845621242464e-10,0.0003810481494241388,4.2121876028303184e-07,4.060214668201084e-08
4,mlp,9418,6,6,0.006152285814180016,2.7760321378880367e-06,0.0005665731081058483,0.00032549979099584763,0.0005066907897011502,0.0007656743276257792,0.9916805001372535
4,mlp,4489,2,2,0.00011827503296467017,1.8201251584511265e-06,0.9995464838286809,7.560092086120968e-10,0.0003245435219808456,5.454320745230654e-07,8.331303131134941e-06
4,mlp,1848,5,5,4.438087000534498e-05,1.0698060526412501e-07,1.2078239847914203e-05,6.0919867424158466e-05,5.737153223341714e-07,0.9997864632056025,9.547712119237128e-05
4,mlp,5002,2,2,0.0016754987171356949,1.3056754735995972e-05,0.9972444887457212,8.123873240622372e-11,0.001064875962090918,2.014884319184577e-06,6.485475791342005e-08
4,mlp,11378,3,3,4.838804409075425e-09,3.246454631996908e-08,4.811980833174156e-07,0.9986258322687936,0.00023407613571148196,4.482424260215157e-05,0.0010947488514587737
4,mlp,11375,3,3,1.7237694065250475e-08,1.0494746511238348e-07,8.518353022869321e-07,0.9945209359789697,0.0005841476372998222,1.880999737507162e-05,0.004875132365894042
4,mlp,10969,3,3,4.615411625755397e-09,1.9699849339706192e-08,4.0981494804710116e-07,0.9984340897744732,0.00014601096641521561,8.696971955763543e-05,0.001332495409345106
4,mlp,12877,3,6,0.0001089781496898484,3.5322844710754716e-06,8.692576488493984e-05,0.3268101198860323,0.002684030686022508,0.0004738203231415417,0.6698325929057578
4,mlp,3870,1,1,6.64838036670591e-17,0.9999999999070464,1.5825454722483667e-16,1.0159747640866283e-24,9.29534767669838e-11,2.9112522055154316e-22,1.2991687214932104e-43
4,mlp,12316,3,3,4.263154477850203e-08,5.035073202955936e-08,3.0503640021306944e-07,0.9761550765591495,0.003953985818407437,6.7764718832205555e-06,0.019883763131882597
4,mlp,3518,1,1,1.5969393925012318e-08,0.9999937669200311,4.432098489647461e-06,4.866998316909986e-16,1.7849837417355486e-06,2.8343191763063833e-11,2.911017002514956e-25
4,mlp,8480,6,6,5.777874404047131e-05,7.103074496228925e-05,0.0003610263600820783,0.1266785643726102,0.02400082647773796,0.0015529385850090048,0.847277834715558
4,mlp,10879,3,3,5.54394281335619e-09,3.042789480102112e-08,3.658820091459788e-07,0.9967446164390517,0.0002766634983350691,1.7441307335167052e-05,0.00296087690143147
4,mlp,11188,3,3,3.901920225497931e-09,2.9165522026284942e-08,4.170147405465831e-07,0.9987164430700246,0.0001731662135730888,8.599587414439282e-05,0.0010239447600749903
4,mlp,6751,4,4,0.0026167861081945556,8.02987563650063e-11,2.601176868925737e-08,1.100933912311714e-05,0.9971915633072835,1.1264506766770357e-06,0.00017948870265464305
4,mlp,9215,6,6,7.344039375383993e-05,3.806656471474152e-07,0.0005983895226080898,0.00022615551074855648,0.29700405373596483,1.5471409372390067e-05,0.702082108761905
4,mlp,2589,0,0,0.9999810951628025,7.362434286969861e-07,2.3322069025746557e-07,2.9326190713521944e-07,3.191696437730394e-06,1.4448398475353647e-05,2.0162584663120254e-09
4,mlp,5151,2,2,0.3699533608195017,0.009415198487990497,0.6190373955490304,1.4124702245184657e-07,0.0011577681249227063,0.0004360365234007407,9.924813146844269e-08
4,mlp,2273,0,0,0.9876107686419489,6.032396819875313e-07,0.010376564963326312,3.981684601815497e-06,0.001634995410850663,0.00027706137179555446,9.602468779454399e-05
4,mlp,4013,2,2,0.022340320935288264,1.1905288134417957e-05,0.9491271855654914,1.014526145163451e-06,0.027531979254123866,8.86421410746412e-05,0.0008989522897421417
4,mlp,11844,3,3,5.0584791057729334e-08,2.522979549663768e-07,4.090570551409275e-06,0.9905396124744922,0.00016895152151507307,0.006733380707637855,0.0025536618430574767
4,mlp,10029,3,3,2.0955721029652156e-12,4.0245475357622324e-11,1.3422059117827757e-09,0.9999720018634566,1.6633445541322465e-05,7.951926401231845e-07,1.0568113815030366e-05
4,mlp,3889,2,0,0.796464737770244,1.2605943082445445e-05,0.07690423601138846,0.00011962079790535278,0.01942061070352378,0.003859288301024915,0.1032189004728313
4,mlp,6983,4,4,1.5451127490237315e-05,2.6813141559292714e-12,6.318753758055964e-10,4.230039959258911e-07,0.9999799761482248,5.565518988596919e-09,4.1435202134014425e-06
4,mlp,7679,6,3,1.5779577381514503e-05,1.207610717442756e-05,0.00020662348058844235,0.7599228015225765,0.0023294832677260573,0.009273095389969148,0.2282401406545839
4,mlp,9675,6,6,0.004425908606669683,0.00010098988176374533,0.006394323621005395,0.00035030715895732956,0.0004207899792826335,0.01419451492265722,0.9741131658296639
4,mlp,7555,6,6,0.0002554679028741987,1.4488365438561067e-06,5.536973337711257e-05,0.4895359973573067,0.004049481781892497,0.0021551810329943554,0.5039470533550112
4,mlp,13445,3,6,0.00012855453621413957,3.5607648664594274e-05,0.0006423284879821457,0.42660202071394404,0.0036021644638230777,0.008366278584922907,0.5606230455644491
4,mlp,3858,1,1,1.134969212312746e-15,0.9999999999627593,9.451023750029265e-14,7.14410469686217e-23,3.7145005407072105e-11,3.671541071858249e-18,4.062176353377069e-40
4,mlp,448,5,5,2.411925579014849e-07,4.604500928627865e-08,8.069895434689605e-07,0.0010471104913075927,4.3609434911369123e-07,0.9988478187506634,0.00010354043656912149
4,mlp,871,5,5,1.9710292212854923e-06,5.348347193119436e-07,1.0749818150752948e-05,0.0032239869034956146,3.665320490579318e-06,0.995535124878,0.0012239672159225852
4,mlp,9818,6,6,0.0017975471961359155,1.890608428387486e-05,0.006954521807416171,6.746613966812833e-05,0.003610232507025697,0.0007719360669295686,0.9867793901985406
4,mlp,5279,2,2,0.02077836772198513,0.0005788033202429428,0.9780588785771295,9.332219919596216e-09,0.0005685328732193377,1.5331895301706716e-05,7.627990149999539e-08
4,mlp,5376,2,2,0.002405267654050631,0.00010858692583865392,0.9967454031053867,1.049015188537617e-09,0.0007384479376235551,2.2904740208679095e-06,2.8540646480719717e-09
4,mlp,412,5,3,1.949028277791551e-05,1.1106937681703303e-05,0.00024600143680138156,0.71634820567861,0.0008060267705493337,0.17226537610510798,0.11030379278847167
4,mlp,6508,4,4,5.213904290337196e-07,2.5200118036680096e-09,2.253300238567783e-06,1.0207356225138651e-05,0.9987322813257584,4.210508809037986e-08,0.0012546920022487797
4,mlp,597,5,5,2.4575373991798944e-08,4.5253569855736215e-09,1.1771902119252363e-07,0.00012823713464442453,4.213815635480823e-08,0.9998605990338734,1.097487357383137e-05
4,mlp,8365,6,6,0.0006682810738186258,5.706737862505602e-05,0.0014417990628257523,0.02314461273102864,0.0009602245322930564,0.013284228624070794,0.9604437865973381
4,mlp,5699,4,4,4.453629368592057e-09,5.152557642346181e-12,4.454007377430952e-09,1.4076235443146079e-06,0.9999840706824084,2.4116628553535765e-10,1.4512540091640931e-05
4,mlp,192,5,5,1.630993747225918e-08,8.862563833949108e-09,1.0305151628316704e-07,0.0005379995419203202,9.307734770942036e-08,0.9994449624519689,1.6816704745410012e-05
4,mlp,9803,6,6,0.008589056210353782,3.635941896065621e-06,0.0032927043566411155,5.7166614696265244e-05,0.001413283793915634,0.0003788083792170329,0.9862653447032802
4,mlp,3845,1,1,7.30423444989809e-14,0.9999999627874647,4.476606345658212e-11,2.8052492676108186e-21,3.7167696128732605e-08,5.318346511407896e-18,1.1150966113835713e-35
4,mlp,6381,4,4,5.684746690306442e-06,2.1914478600492324e-09,1.1532997960093267e-05,1.079183425243149e-05,0.9938437907967195,1.6233569853722204e-07,0.006128035097231576
4,mlp,5562,4,6,3.8872924609037645e-05,6.839991920252349e-07,3.713856403853459e-05,0.0925554820079827,0.04888539446330141,3.68883755189643e-05,0.8584455396653572
4,mlp,1018,5,5,2.333595240037679e-08,3.54335086010556e-09,8.576333034672831e-08,5.628399017703605e-05,1.901320366277356e-08,0.999935485935343,8.09841864264715e-06
4,mlp,218,5,5,1.2930775604369209e-09,9.040395193569915e-10,1.5131199762804466e-08,6.976001698608322e-05,7.764596161909816e-09,0.9999285230834514,1.691806649680926e-06
4,mlp,6891,4,4,0.00034601509842840326,4.24652881733094e-06,0.021131728229564578,9.501554485510347e-06,0.9355505858234389,6.665354358708055e-05,0.04289126922167812
4,mlp,11564,3,3,1.389596429518542e-08,2.7218238360131257e-08,3.9159021297941996e-07,0.9935268526240184,0.00047099486953654956,1.2554046300830105e-05,0.005989165755728592
4,mlp,594,5,5,8.39358409523944e-07,4.748718256625604e-07,7.5957059001812614e-06,0.020756016013274085,8.331201126505408e-06,0.9771101705706146,0.002116572278849476
4,mlp,12061,3,3,1.304314948389559e-07,4.0258285655966085e-07,2.9379865465441646e-06,0.9812704317687805,0.0011395612484303172,3.5818300558304415e-05,0.017550717681333167
4,mlp,12274,3,3,2.1006925127630187e-07,1.4221593231265228e-06,8.466509664553415e-06,0.9912481160231414,0.0008201201614438466,0.0006573468637891525,0.007264318213386818
4,mlp,13196,3,3,8.312243767879144e-05,3.4544122030687686e-05,0.00041314933288115485,0.4992395920233997,0.003028407959168513,0.009301261240266461,0.4878999228845747
4,mlp,386,5,5,1.9508866303922896e-08,5.511520786909279e-09,9.617259254008818e-08,0.00019628704238240438,4.0760394504194465e-08,0.999790924200361,1.2626803882487294e-05
4,mlp,11003,3,3,3.018351768968365e-09,2.6946361498209428e-08,2.5697304241940834e-07,0.9980033155822347,0.00029137124771530656,1.1892452877534502e-05,0.0016931337794164306
4,mlp,8580,6,6,0.00036803465290577875,4.323990912405859e-06,0.00024731400607673265,0.005034496236216408,0.0006196328178397443,0.000621114085276868,0.993105084210772
4,mlp,11584,3,3,2.2578845304818948e-08,1.9676737815898078e-07,2.1190322399101146e-06,0.9964099200814476,0.00018203000055628653,0.001627129283829785,0.0017785822557029561
4,mlp,4810,2,2,0.025506002675089092,0.0005616572868414089,0.9735434182508461,3.521077460777483e-08,0.00021371930032581548,0.0001725944803130318,2.5727958101184266e-06
4,mlp,13531,3,5,0.00017842498577063694,0.00010756872377337802,0.0011309862211622752,0.05566758884105699,0.00040623799878387683,0.8701179267492719,0.07239126648018096
4,mlp,11754,3,3,5.997559726211701e-08,1.7868826582745346e-07,3.3730511075128087e-06,0.9925046401330992,0.0002699782577457203,0.001102512063638038,0.006119257830546652
4,mlp,7857,6,6,2.5740027055864328e-05,1.6132411377105358e-06,1.900024528635331e-05,0.20911481751082492,0.06764380119789137,4.6101111224599644e-05,0.7231489266665792
4,mlp,13253,3,3,0.00011292454695917472,2.162148292512801e-05,0.0005718274179983689,0.5210186696092645,0.0016169831971120522,0.07637114959135954,0.4002868241543811
4,mlp,6691,4,4,1.6751586686414867e-07,6.765718163540463e-09,1.2981401608296267e-05,9.183454916020088e-07,0.9998035414097044,4.024490976910184e-08,0.00018234431670087063
4,mlp,8118,6,6,0.00023288572339429418,1.6378406824215037e-05,0.00040086727445158533,0.14562636233909051,0.002510612095413952,0.006566828359631444,0.844646065801194
4,mlp,9880,6,6,0.0005384889670216567,2.761909894292694e-07,0.000939259860205676,2.8378855068676687e-05,0.029539204929449055,1.4930972913486475e-05,0.9689394602243521
4,mlp,1349,5,5,5.37144502233232e-06,3.404812817803884e-06,5.53822112227411e-05,0.0036562946646248582,9.909377742411882e-06,0.9936629777705213,0.0026066597180485684
4,mlp,3363,1,1,0.0001047315244112326,0.99850882112028,0.001343264082419477,2.1976521011941734e-12,4.305091198680028e-05,1.3235870485331326e-07,1.0908381232625998e-18
4,mlp,10814,3,3,1.211526077535687e-09,9.331848096305476e-09,2.4666951262791463e-07,0.999193918803969,6.253962130546333e-05,0.0002551393248081969,0.0004881450370305266
4,mlp,1232,5,5,1.8395383162314195e-07,9.076371455868045e-08,1.7943824567851725e-06,0.00038172538443256496,3.645232234288206e-07,0.999502722512242,0.00011311848009910892
4,mlp,2827,0,0,0.9916672722296819,1.911729668786577e-06,0.0021589229621354045,4.3773547505358695e-07,0.0061642326921435096,7.142144151843016e-06,8.050674336725795e-08
4,mlp,6483,4,4,8.429948913483568e-05,7.133126696775256e-07,0.0007187140007372315,3.127483953383072e-05,0.9925774700393589,6.394263186237462e-06,0.006581134055379283
4,mlp,4832,2,2,0.014280503424676677,0.00023113383563265827,0.9851737517617841,1.392562294871716e-08,0.0002541745939167044,5.9013211040301024e-05,1.409247326870566e-06
4,mlp,2635,0,0,0.9999714762279169,5.649502815861573e-08,3.117924993161652e-06,1.5076848779635053e-07,2.0196992407828117e-05,4.988412624577074e-06,1.3178541734440811e-08
4,mlp,8830,6,6,0.0005692096256566495,2.204745062952454e-05,0.00041551201178419335,0.005872291994426797,0.0011575475863910935,0.00686649629682213,0.9850968950342897
4,mlp,1448,5,5,1.3745569433954762e-07,7.721019888879524e-09,4.344072542963597e-07,3.92726974507811e-05,4.3714203146515066e-08,0.9999450089333796,1.5095070997927655e-05
4,mlp,11824,3,3,6.699289332801615e-09,6.108368724687717e-08,2.417707701870087e-07,0.9960082818682586,0.000845142693302118,1.467892761167085e-05,0.00313158695708086
4,mlp,11267,3,3,2.432440326269102e-08,1.3068246823125287e-07,1.061001385969707e-06,0.991065026143736,0.0006086759060079829,2.9198161586917147e-05,0.008295883780411491
4,mlp,4381,2,2,0.002619036815352066,8.428966359078158e-07,0.9960034583517825,9.117307592981844e-10,0.0013716079017055951,2.421302202311673e-06,2.6318205909567757e-06
4,mlp,10171,3,3,5.1623708335223506e-11,1.0227113973153104e-09,5.5087631900412795e-09,0.9989635342232086,0.0009695412634051199,1.4140132477600187e-07,6.67765289631339e-05
4,mlp,3072,0,0,0.8840958558858292,3.487512742250186e-05,0.11552395658942731,4.207900896695952e-08,0.00022388769849706366,0.00012112851262659102,2.54107188097353e-07
4,mlp,1725,5,5,0.19594964011910984,9.199637898003176e-07,5.0529131907161636e-05,0.00569639613782463,5.8123220103847426e-05,0.7966234692806755,0.00162092214658924
4,mlp,1730,5,5,1.4821483551941608e-06,5.969164178442771e-08,2.9196625863319135e-06,6.33284665712606e-05,2.008783423031225e-07,0.9998681474912774,6.386166122559701e-05
4,mlp,1840,5,5,1.0788267518301323e-05,3.041053440468532e-06,0.000142411915589978,0.0001981700007278785,3.0905039819035646e-06,0.997559401816745,0.002083096441996429
4,mlp,4429,2,2,0.00041185350424228736,1.7924675519610261e-06,0.9992390124011441,3.743159995453904e-09,0.0003326479863707255,1.3615596990748445e-06,1.332833783190494e-05
4,mlp,2659,0,2,0.1390843530856277,1.0936669422375171e-05,0.8501907250661339,3.8402287442960237e-07,0.010513059348439805,6.65643423497761e-05,0.00013397746515211045
4,mlp,12838,3,3,4.3331687739083674e-07,4.397287003250471e-07,4.086296574470743e-06,0.9482789151872669,0.002363762267798028,0.00013649368489060596,0.04921586951789237
4,mlp,7943,6,6,0.0002680647137358293,1.1245107589294893e-05,0.00047693223729926884,0.10835898855211258,0.0017855392458092,0.002882740958693457,0.8862164891847604
4,mlp,8176,6,6,0.00011328995970784146,2.8501557674149564e-06,0.0001273433266853962,0.015750733414185078,0.0012169717157072717,0.00015324336686654938,0.9826355680610804
4,mlp,9118,6,6,0.0007848816586293286,9.253024835830973e-05,0.001963078610534328,0.0027781187928328705,0.0011668686199139348,0.004682436681286874,0.9885320853884445
4,mlp,2673,0,0,0.9991915756880412,6.024549612927699e-07,0.0007401777616478182,9.076116010476551e-08,1.100026361695492e-05,5.649831135900736e-05,5.475921366164554e-08
4,mlp,7825,6,6,5.1949739491282716e-05,1.819720128921341e-05,0.0001775022957814041,0.12666166356841044,0.052330977267166234,0.00010576216365548537,0.8206539477642059
4,mlp,12292,3,3,3.647048076570806e-07,1.7355620043400926e-06,1.0699844003536289e-05,0.9787360987318368,0.001096726990950991,0.00037885837373528354,0.019775515792661305
4,mlp,7986,6,6,7.819163122887527e-05,7.142548987397849e-06,8.14311261081191e-05,0.16447013914392192,0.06262826236974875,0.00015983954746193592,0.772574993632543
4,mlp,11033,3,3,4.669446343912972e-09,3.196504177925403e-08,3.5017940889732743e-07,0.9973091535456065,0.00035085445785825397,9.705121902196814e-06,0.0023299000607359768
4,mlp,4756,2,2,0.0028008280030350574,1.3196791144544908e-05,0.996007187072831,1.0590889257970768e-08,0.001173646577619731,4.192578941547715e-06,9.383855388800375e-07
4,mlp,5595,4,4,2.830289289971588e-09,2.1877630199323153e-10,1.5877895594833327e-09,0.0005825489965225883,0.9993272647179057,1.4743571196057869e-09,9.018017435953752e-05
4,mlp,2193,0,0,0.5340128166157865,7.171702405933708e-07,0.005190677064175341,0.0002922261204321723,0.4518436746410905,0.00029989130176038983,0.008359997086514503
4,mlp,10480,3,3,4.154653067665938e-10,3.634578740807084e-09,5.199435461053556e-08,0.999276176432253,0.0001731950982904842,2.2761889228891205e-06,0.0005482962361348471
4,mlp,12206,3,3,1.2944828446891012e-06,1.825271974220051e-06,4.0974799836528394e-05,0.9478012690247173,0.0005735823943124377,0.013066295768297076,0.038514758258017624
4,mlp,5264,2,2,4.551235250089359e-05,2.5088425306213774e-06,0.9997063660324341,6.173749555324882e-11,0.00024555186284300635,4.021132978194625e-08,2.0636624206047654e-08
4,mlp,12254,3,3,2.776609619428381e-07,2.2511152307251423e-06,1.1380171341474672e-05,0.9906551244249298,0.0006313539921744712,0.002999589227524232,0.005700023407837493
4,mlp,8787,6,6,0.0001223055894800143,8.89055572844062e-06,7.781907805426659e-05,0.01655876986273492,0.005243683599241601,0.0014115793023039686,0.9765769520124569
4,mlp,9640,6,6,0.0012037543232687015,3.1480279327780238e-06,0.0005974604718493531,5.375079785358061e-05,0.0004145326933357742,0.00017613052805071918,0.997551223157709
4,mlp,252,5,5,3.3345417485045513e-07,1.5830025667228263e-09,1.1346402253845367e-07,0.00021343952200458962,4.9311369610920494e-08,0.9997772624682781,8.80019714771471e-06
4,mlp,440,5,5,1.980919939033278e-09,2.250594476954605e-11,1.8430469355424382e-09,7.232437192071845e-06,6.666797616727074e-10,0.9999926024409905,1.606086647656399e-07
4,mlp,9906,6,6,0.0012289317364435547,6.542012063852004e-07,0.005219827272725106,1.6194674676265154e-05,0.014100175617596824,3.7217301072132726e-05,0.9793969991962798
4,mlp,4785,2,2,0.000125763034779792,3.798146324594678e-06,0.9997859738945042,1.8154487553173122e-10,8.314348342948401e-05,4.4394513937520653e-07,8.773142777458472e-07
4,mlp,10197,3,3,1.8238593205874274e-11,1.1822580811386045e-10,4.901905359366866e-09,0.9998632400277967,4.328765974880357e-05,4.790906048012402e-07,9.298818348004528e-05
4,mlp,4708,2,2,0.003309765011430041,3.4960750372753156e-06,0.9961730859508536,5.225476287768942e-09,0.000508343269884656,4.248313207551309e-06,1.0561541105769933e-06
4,mlp,9789,6,6,0.003058138379568196,6.628509981455036e-06,0.005333975686024471,9.87952154993889e-05,0.005640146151809229,0.0002871353046102832,0.9855751807525069
4,mlp,9186,6,0,0.6044074434378366,4.590326445177208e-06,0.0006247448289703101,0.008024483529800027,0.008340676863107598,0.023833564261801093,0.3547644967520391
4,mlp,7639,6,6,9.471396762193752e-05,7.064042334975499e-07,2.934041663391076e-05,0.10345525397566328,0.0030325777415503895,0.0003195046656302897,0.8930679028286667
4,mlp,603,5,5,1.6883676345376955e-09,6.235999695827825e-11,4.885952246907058e-09,5.308184834549837e-06,7.294437662562375e-10,0.9999944085266201,2.7592242169723654e-07
4,mlp,3972,2,2,0.04353763914086101,8.794194307088602e-06,0.8775163193606568,3.3399396782324463e-06,0.07622465583255461,0.00011356870599901512,0.002595682825943418
4,mlp,7187,4,4,8.132756349630341e-06,1.666240934087221e-08,0.0012699339737907637,6.109148363988772e-08,0.9986719328749335,1.229625728767046e-07,4.979967846009902e-05
4,mlp,13333,3,3,8.858089798867568e-06,1.1546174247674978e-05,7.006143840857277e-05,0.8857833791667534,0.005101910089261844,0.0006532827249764426,0.10837096231655324
4,mlp,938,5,5,4.0955837149141563e-07,2.442733864626721e-07,4.108470036141904e-06,0.0017821274881563013,1.3719108558140188e-06,0.9979019493491472,0.0003097889500465615
4,mlp,10439,3,3,3.59868892181788e-10,3.1865845976252354e-09,7.081994940025428e-08,0.9995591583411467,7.865346824372982e-05,1.5649714863753258e-05,0.0003464641093429954
4,mlp,5013,2,2,0.00018249370412258645,4.168958658985129e-05,0.998628046232209,6.872008145359958e-10,0.0011472720698447309,3.2790041906971997e-07,1.6981961391858597e-07
4,mlp,1417,5,5,3.5192570291251124e-05,8.16321930030429e-06,0.00019851271453165447,0.014327553612157321,5.2420968215477414e-05,0.9692692738296395,0.01610888308586468
4,mlp,13379,3,3,6.871610690976976e-05,8.760977083359203e-05,0.0005872116337843307,0.7350744923733912,0.003842018930249115,0.016862527868274687,0.2434774233165574
4,mlp,1535,5,5,1.5192620800875043e-06,7.447365177710545e-07,1.850084347897696e-05,0.00045885877501093886,1.7106408372065263e-06,0.999056054325272,0.00046261141680320407
4,mlp,3814,1,1,2.4227719297249773e-12,0.9999999989542872,4.059517452014712e-11,4.6006328207114247e-20,1.0026905105179325e-09,4.4196303813060605e-15,2.0843355751604767e-35
4,mlp,5261,2,2,0.0074639667424550435,2.3660958569889325e-06,0.9671918598001077,4.245216560883605e-09,0.02534115005705046,6.407225123737953e-07,1.2336800762234936e-08
4,mlp,11475,3,3,1.5845185636591976e-08,6.887482035481541e-08,1.5508216290753811e-06,0.9966883620069578,0.00014518847967299735,0.0008361653751550554,0.0023286485965792205
4,mlp,5140,2,2,0.0002651556834950815,3.967625215802529e-06,0.991379947607595,1.0191427376517884e-09,0.0083501848988784,6.874288582601764e-07,5.573681472437649e-08
4,mlp,10536,3,3,2.4814056746525e-10,9.9012990818896e-10,2.9154407474467664e-08,0.99950828157513,7.153020913998337e-05,6.413151770658978e-06,0.00041374467128107946
4,mlp,13217,3,3,8.18920316011032e-06,4.21316692276884e-06,3.465980851911485e-05,0.7498788821683303,0.007210923633169617,0.00017614541245506576,0.2426869866074431
4,mlp,11032,3,3,3.395060181500325e-09,4.367230075766197e-09,1.4210647065851428e-07,0.9986093472855087,9.761465922504435e-05,9.116578758476082e-05,0.0012017223989207358
4,mlp,738,5,5,1.5838298302922368e-07,7.027249432131996e-08,1.0466770400759564e-06,0.0006952792053122956,3.7129968688975604e-07,0.9991989981986388,0.0001040759638445448
4,mlp,3265,0,0,0.9999919453206777,4.4118451582630016e-06,9.129833689543884e-08,1.1554200558966546e-08,3.0485976934037894e-06,4.913836213663975e-07,3.1192978377829505e-13
4,mlp,10517,3,3,6.310912108037131e-10,2.8311256472358724e-09,7.375113879161394e-08,0.9995417962611586,6.406056161579056e-05,3.3363420387024994e-05,0.00036070254348278733
4,mlp,2583,0,0,0.9999174229934997,3.5434004603987036e-07,4.3341718764033965e-05,2.3152815084110435e-07,2.7705675624053702e-05,1.0922437405755865e-05,2.1306509659346473e-08
4,mlp,1446,5,5,7.799449435815756e-06,8.295719750561476e-08,5.1252459268683795e-06,0.0002417100986134335,5.858133692398651e-07,0.999568666595069,0.0001760298403880955
4,mlp,13027,3,3,1.9287484969870344e-06,3.151540775928264e-06,1.679047025178321e-05,0.9469310330259418,0.00245748499326623,0.0008495816115130184,0.049740029609754176
4,mlp,2822,0,2,0.019730963923828785,5.319291839348029e-06,0.9797690677779489,2.7555305566977543e-08,0.00046866239015130005,2.123628039071571e-05,4.722780535429335e-06
4,mlp,7075,4,4,0.0040092781375330525,4.832055507908976e-06,0.4246468810282833,1.4974621780595336e-06,0.5425075875135609,2.5730211036704885e-05,0.028804193591900108
4,mlp,5929,4,4,5.67506149964479e-09,5.3314003947451704e-14,5.159670586012398e-10,6.255292914765128e-07,0.9999962572189988,7.157856641184683e-12,3.111053470107561e-06
4,mlp,13426,3,3,0.0001013306973989904,3.613702908228916e-05,0.0005083674189558352,0.5560290872996952,0.0022826241094802456,0.0680608004905963,0.372981652954791
4,mlp,8273,6,6,0.00016058927512618273,1.616584812474171e-05,0.00045210456397809057,0.04033093425976237,0.002170783803962669,0.000575454324890728,0.9562939679241552
4,mlp,2536,0,0,0.7241264116883205,1.2367472112575463e-05,0.2691326550266146,1.6678167060401288e-06,0.0065700935858182315,0.0001387132539928667,1.8091156435181405e-05
4,mlp,2227,0,0,0.9854129237178914,1.385065151609257e-06,0.009349213215742171,1.1452176760925277e-05,0.004602422065126999,0.0003643777031900533,0.00025822605613695356
4,mlp,2529,0,0,0.999680519269244,3.0985670387917356e-07,0.00026739972129783735,1.8880990425283299e-07,1.1096869927709717e-05,4.036515104176412e-05,1.2032188072470596e-07
4,mlp,10112,3,3,3.5531115657209057e-12,2.4432776400654652e-11,1.2248043025406564e-09,0.9999427585368075,2.306383479178445e-05,3.3566639409422546e-07,3.384070921634865e-05
4,mlp,5391,2,2,0.0011815674917951336,0.0001173250958413399,0.9978788799433853,7.057448263712133e-10,0.0008217463582892552,4.765578864696527e-07,3.847057853627626e-09
4,mlp,11875,3,3,1.199252159328249e-07,4.081863819123218e-07,7.499833761074357e-06,0.9729801180122498,0.0001754891383025259,0.021314197481519703,0.005522167422568859
4,mlp,5784,4,4,1.5782727432936158e-06,2.4655540047801052e-08,2.070006416826776e-05,5.166239381111517e-05,0.994692475793366,3.962857417605046e-07,0.005233162534629577
4,mlp,2803,0,0,0.9996288504747529,2.2240204230358542e-08,8.24989005101397e-06,7.129495749883305e-08,0.00036175782811179126,1.0444237493143468e-06,3.848173377314101e-09
4,mlp,9910,6,6,0.012992045678246241,2.4543554296903592e-05,0.004619339909856923,7.406292377496308e-05,0.0024918198943771094,0.003477042254155357,0.9763211457852925
4,mlp,10628,3,3,1.0037007379086469e-09,7.180265209794467e-09,1.6544397365715944e-07,0.9992803125260649,0.00010110433138877731,2.5798401323311683e-05,0.0005926111132834446
4,mlp,12007,3,3,1.2600837769909594e-08,3.849265673389881e-08,4.2757368845980955e-07,0.9955147482146381,0.0005333987099415953,1.9309384956267378e-05,0.00393206502328103
4,mlp,10467,3,3,1.766353838831971e-10,3.5884642918117084e-10,8.582625527378854e-09,0.9989488905064642,0.00012035075240514256,8.03213127067606e-07,0.0009299464098963372
4,mlp,10345,3,3,1.2883786280150028e-10,2.384999248278063e-09,3.760768351894816e-08,0.999832224001919,4.861875371345326e-05,2.710183619578495e-05,9.201528665098987e-05
4,mlp,7263,4,4,5.239184420878241e-10,7.263736276337412e-14,2.739328404921377e-09,7.640351632106756e-10,0.9999999223455927,9.864201724947571e-13,7.362606647299392e-08
4,mlp,4315,2,2,0.002878386059158095,5.800973074463819e-06,0.9967303284859013,1.9158034583283275e-08,0.00035829309624206,5.263767241630307e-06,2.1908460348005376e-05
4,mlp,2228,0,0,0.9989160308594104,1.1924353659231019e-06,8.509843686528974e-05,2.2274739641274283e-06,7.893750768842794e-06,0.0009829475937148545,4.609449910479105e-06
4,mlp,13246,3,3,6.934860658699901e-06,7.562489856929398e-06,4.53492823558468e-05,0.8283213914031652,0.007636310344245235,0.00018154548329396124,0.16380090613642417
4,mlp,11086,3,3,1.0331912899064827e-09,1.1554430266258797e-08,8.990129125800682e-08,0.9990087182657942,0.00038989445976038184,3.0664190651622034e-06,0.0005982183664674359
4,mlp,8101,6,6,0.00021004227563878794,7.5203984241157126e-06,0.00025456124915937254,0.012186448609343545,0.0006861017051934089,0.0003977576937756213,0.9862575680684651
4,mlp,971,5,5,3.8389449254614434e-05,1.798000775613367e-05,0.00030898384569503443,0.17714376143255106,0.00023839371990368982,0.7820717435901353,0.04018074795470412
4,mlp,7865,6,6,8.425552956574762e-05,4.36484858820232e-07,3.726257606870746e-05,0.033976074268306206,0.11154119746919744,4.125118506556641e-05,0.8543195224869375
4,mlp,13250,3,3,0.00027189631051282025,2.5322475028644684e-05,0.0005536407396543856,0.557196926810936,0.003939606197625952,0.008541517195820018,0.42947109027042213
4,mlp,8636,6,6,0.00023688184053938022,2.511376428048311e-05,0.0003633918076027347,0.004591952520669153,0.0010567137262185577,0.0008103441849417471,0.992915602155748
4,mlp,3491,1,1,1.5653922720157277e-07,0.9999656897417682,3.058714718686385e-05,3.2197021212244922e-15,3.5662296529263616e-06,3.42161293581442e-10,1.12151802827868e-23
4,mlp,2984,0,0,0.9850586951788989,7.87107455177813e-06,0.014017902761388127,1.44142649507372e-07,0.0008837522815076632,3.152657996988256e-05,1.079810343094403e-07
4,mlp,6564,4,4,1.4739531782547924e-05,8.335309365395496e-08,0.0003513885714047166,9.706830103581738e-06,0.9806318291621103,1.5780554140843194e-06,0.018990674496090935
4,mlp,6454,4,4,2.928600883397267e-08,6.639229487415877e-12,7.424779192872877e-08,3.359146594626087e-07,0.9999828423748074,5.094520921870029e-10,1.6717660641083664e-05
4,mlp,7341,4,4,5.325742842350964e-06,1.001400201599496e-09,7.325289761718828e-05,1.0513088953094278e-08,0.9999195641092152,7.458698334867917e-09,1.8382771378619338e-06
4,mlp,9978,6,6,0.012304400111629612,0.00017196896327035044,0.10309219325092303,6.216693886746968e-05,0.008129165732255085,0.032092545410911076,0.8441475595921435
4,mlp,13168,3,3,5.151974870464973e-05,2.2748511597476374e-05,0.00037433236082092507,0.5331384241866364,0.0030032428813987094,0.005556140263054412,0.4578535920477876
4,mlp,4839,2,2,0.003687860239266535,2.8102375097316885e-05,0.9939615878923967,1.289102116344229e-08,0.0023201019376585803,1.7164947273868938e-06,6.181698321830462e-07
4,mlp,10177,3,3,2.5424386823127938e-11,1.6965197090172441e-10,3.6162165256737674e-09,0.9998120798768572,7.184819198794977e-05,2.3275296511456324e-07,0.00011583536689697904
4,mlp,12238,3,3,2.0330301172576875e-05,4.824788908686885e-07,1.5099277585331214e-05,0.9600312386605789,0.0012576146074077703,0.0020289831014455536,0.036646251572919036
4,mlp,4535,2,2,0.0001556773266231931,2.0050911087747137e-06,0.9979798902330145,2.388011634661094e-09,0.001855087900035604,6.024926884183133e-07,6.734568517947588e-06
4,mlp,1694,5,5,0.3939841424387353,3.7674389196606247e-06,0.0002709423913244594,0.01575738786281855,0.00014456698898605548,0.5843214720245932,0.005517720854622922
4,mlp,12338,3,3,2.6144803079171513e-07,5.89758829539446e-07,9.38994304185267e-06,0.9828409645790638,0.00066780614560368,0.0005350042663812206,0.015945983859049197
4,mlp,2981,0,0,0.9995719037933629,3.847036659725704e-06,0.00023389561268197495,1.0304164193052355e-07,0.00018637704522984273,3.8712258567829135e-06,2.2445668268521224e-09
4,mlp,2184,0,0,0.998923392999182,2.26430952368802e-06,0.0005178269346636103,4.242592391808463e-06,8.559941924697776e-05,0.00044774328116492,1.8930463826990948e-05
4,mlp,4161,2,2,0.003294287225794616,1.7388028957383845e-06,0.9960584704690958,3.0799527228495994e-08,0.0005955800836149496,4.878557333083411e-06,4.501406173874323e-05
4,mlp,6359,4,4,0.0002965793120856602,1.1457453748917257e-06,0.005799802855410713,1.3954210972654073e-05,0.9700406456655211,1.5503369590179032e-05,0.023832368841044962
4,mlp,12417,3,3,1.4579615462996778e-06,3.3325352633768183e-06,1.7937548318622946e-05,0.9040778884935378,0.002514059025642325,0.00015069994235713911,0.0932346244933345
4,mlp,8916,6,6,0.0005861306341294563,0.0001789533551777984,0.001709193318093982,0.05484534116595156,0.003608807385276546,0.05872447972575501,0.8803470944156156
4,mlp,5144,2,2,0.00021584668666894271,2.245694731545625e-06,0.9996001534521671,1.7881868982850593e-10,0.00018151389858198362,1.652053482576524e-07,7.488368349147099e-08
4,mlp,4947,2,2,0.0007133198680496733,1.7551704216890942e-06,0.9978975300527907,8.475927281580682e-11,0.0013868368654075631,5.203842082943185e-07,3.757436296075173e-08
4,mlp,8033,6,6,0.00016426993525617026,4.358473279549869e-06,0.00017551577475590077,0.052524521472413245,0.0024618374272700923,0.00023985550071398853,0.9444296414163111
4,mlp,10386,3,3,3.837142515179908e-11,1.8180582472316248e-10,4.50308203771262e-09,0.9997585175529646,6.950499500067486e-05,3.796045624220276e-07,0.0001715931242127659
4,mlp,12963,3,3,3.6950024518250294e-06,1.0320881339126095e-06,2.596620146967172e-05,0.8115983732776778,0.0024511249618488135,0.0005772372180456872,0.18534257125037223
4,mlp,5914,4,4,3.648066977806198e-11,6.041728219902156e-13,4.9532348298540554e-11,1.1926399816433782e-06,0.9999981221059131,2.536764520011563e-12,6.851649513722495e-07
4,mlp,11821,3,3,2.5633199719586162e-08,2.1902697677455603e-07,1.1938043718857684e-06,0.9941026536828682,0.0010831040294827943,1.6875179984962376e-05,0.004795928643115499
4,mlp,6333,4,4,6.88617279942808e-07,1.4979890104521375e-08,5.405627197006276e-06,1.1759792009821596e-05,0.9997167574702855,7.753903690042947e-08,0.0002652959743008822
4,mlp,6182,4,4,0.00021049981479047752,1.3583790113359937e-07,0.0005941008892485976,2.4314201748827633e-05,0.9981003522992365,1.983529336366009e-06,0.0010686134277382974
4,mlp,313,5,5,8.148889406270843e-08,1.3583957743644636e-07,1.5225550531297927e-06,0.007268413275637819,1.5579175875730067e-06,0.9925453755894611,0.00018291333378881786
4,mlp,8617,6,6,0.0008285800780822212,0.00020588205315782805,0.0023553641657452816,0.03615795898531064,0.0032823374476808297,0.021885105654361622,0.9352847716156617
4,mlp,1475,5,5,1.6292511647749965e-05,1.6867845522192865e-05,0.00020146488007242723,0.004600687372180505,2.9468544429314446e-05,0.9900172523130419,0.005117966533105888
4,mlp,12621,3,3,1.3799603362638844e-07,1.6243134993492914e-07,1.453059187892474e-06,0.979643649635285,0.001773810851245255,3.562078950141846e-05,0.01854516523739689
4,mlp,8451,6,6,0.0004577064068362759,9.450592966704671e-06,0.0009873659708790228,0.004319929510323699,0.003062837180601616,0.00037293915820328226,0.9907897711801894
4,mlp,9330,6,6,0.00029324028165097707,1.4335967997785328e-05,0.0012541628798124309,0.00031856666614377187,0.0008293853778128694,0.00026274526718416096,0.997027563559398
4,mlp,7239,4,4,2.8985462660297882e-06,9.679097298231947e-12,2.026846476369886e-08,6.582446765062179e-08,0.9999966583673329,8.318754049483953e-10,3.5615191431582616e-07
4,mlp,34,5,5,9.36921392815718e-11,1.4628969436575565e-10,2.1215325265328184e-09,4.905025249985542e-05,1.8396115280739379e-09,0.999950589404254,3.5614212040765697e-07
4,mlp,12013,3,3,2.798852416372223e-07,1.0583219104885931e-06,9.510485478426616e-06,0.9786952673742401,0.0008218375917628754,0.0005648426891253657,0.019907203652241027
4,mlp,4324,2,2,0.0010594107696616022,2.002597379267422e-06,0.9969430173864627,1.1045063819119836e-08,0.001971172128436618,1.152432094193638e-06,2.3233640901730337e-05
4,mlp,12117,3,3,1.9283425668808506e-07,3.520747436487553e-07,4.107554223027303e-06,0.9607262707677617,0.0017682673683737664,3.3270164890996593e-05,0.03746753923574993
4,mlp,11840,3,3,5.776956179818795e-08,3.7610110850730035e-07,3.4723172963233576e-06,0.9948903384548057,0.000383217908466627,0.0007693807817478937,0.003953156667013149
4,mlp,4914,2,2,0.00017952706188697964,7.179711454355803e-06,0.9986740606466605,1.1946608345761375e-09,0.0011385464190033538,3.170348915854951e-07,3.679314425655935e-07
4,mlp,4943,2,2,6.0875582998104446e-05,1.0583815635584296e-06,0.9997659409549203,1.3885848896321603e-10,0.0001716595977690484,1.0127610035483959e-07,3.6406779019681566e-07
4,mlp,3071,0,0,0.9995507438114138,8.274939309288117e-06,0.0003618041128178175,5.166739625741215e-08,1.074348547980036e-05,6.838081490372369e-05,1.1686793271511948e-09
4,mlp,1419,5,5,7.878789846556306e-05,4.52337177966295e-05,0.0006678673000161283,0.1284108468235119,0.0004041625529396164,0.7966535648303008,0.07373953687696937
4,mlp,6675,4,4,0.008575776578335196,1.936316876524562e-05,0.1803994249981426,6.477601340717242e-05,0.4371443673574104,0.00045792755357221813,0.3733383643303672
4,mlp,5833,4,4,6.256796163746396e-07,9.264593096287037e-10,1.0215349095652293e-06,2.496497989073034e-05,0.9998544503687635,1.3585586416494042e-08,0.00011892292477388373
4,mlp,12215,3,3,3.978054811503381e-07,1.1881266953540283e-06,7.3392226186437845e-06,0.9565154629320917,0.003337708062310998,3.5755691217451914e-05,0.040102148159584815
4,mlp,4954,2,2,0.0007361226761947823,8.764923153952029e-06,0.9989772793911094,5.579516503253671e-10,0.0002768611622144668,7.795624789346859e-07,1.9172689689038687e-07
4,mlp,10989,3,3,2.002907053890632e-09,1.6921155232133872e-08,2.811954138351301e-07,0.9991041950623045,0.00011305120607442204,0.00010926003931478229,0.0006731935728303317
4,mlp,8001,6,6,7.637649247787519e-05,4.08944658117128e-05,0.0004357549372992833,0.11718476723006573,0.0174764308728454,0.0004975105004277236,0.8642882655010724
4,mlp,5526,4,4,7.031996568397001e-09,1.0938146096994774e-08,8.204223194090602e-09,0.05744994967672588,0.941101586909726,7.352798361519945e-08,0.001448363711198437
4,mlp,2923,0,0,0.9998492218536398,3.198716267672274e-06,3.2949299448004234e-05,1.2816258698708652e-07,2.8414585073902363e-06,0.00011165966712094826,8.424291700654205e-10
4,mlp,6207,4,4,1.1973957568620526e-06,6.41571288055602e-10,1.4092478756333737e-06,4.129940119464587e-06,0.9970461471688626,2.8946437998264324e-08,0.0029470866593761
4,mlp,3722,1,1,1.2045674898449765e-09,0.9999999552007406,1.5639775552451438e-09,6.5454201393900935e-18,4.203054575125753e-08,1.686407518056462e-13,1.9792992806923324e-30
4,mlp,5380,2,2,5.484035013872738e-06,4.338825207483589e-07,0.9942873310897345,6.107980204382909e-12,0.0057067460088966555,2.929388686388368e-09,2.0483374920014575e-09
4,mlp,1225,5,5,6.912813369432464e-07,2.1728339749900856e-07,5.523759099351489e-06,0.0005205449791118979,8.031096128631744e-07,0.9991725468313499,0.0002996727560914724
4,mlp,215,5,5,3.012614814523891e-07,1.3493583081408435e-07,1.6774234579966426e-06,0.006515708887602946,1.7402442862450837e-06,0.9931393462457437,0.00034109100159674207
4,mlp,4387,2,2,0.0037733125357688043,1.7571455678421239e-06,0.9747422621840264,3.663890973009118e-10,0.021475994165877317,5.60743669597694e-06,1.066165674330818e-06
4,mlp,10383,3,3,1.8574944844420452e-09,3.84289704152534e-09,5.1019204714191255e-08,0.9989671669894966,0.00010012058622507373,1.2445745936406575e-05,0.0009202099587452649
4,mlp,3360,1,1,5.3801829064284e-05,0.9903652692909559,0.009480122592010094,2.190587355665482e-12,0.00010074530972914783,6.097604979899458e-08,3.941371089924254e-17
4,mlp,3623,1,1,9.734489477816562e-11,0.9999984461115848,5.727281582479745e-07,1.5472668639199825e-17,9.810627869454356e-07,1.252204571890037e-13,8.249553722763004e-27
4,mlp,7415,6,3,2.634066895472512e-07,1.2880881512945283e-06,5.061366055120218e-06,0.9864633842545917,0.0017787226426597721,0.0001202143663809814,0.011631065875471462
4,mlp,1312,5,5,1.1579054019954149e-07,5.479251293619066e-09,2.4478295931291603e-07,3.4975243995180705e-05,2.786655464712705e-08,0.9999567849900162,7.845846683299872e-06
4,mlp,7049,4,4,5.474053917049067e-05,1.1701548808663616e-07,0.010909968259130825,1.2437675074688698e-08,0.9880542585756386,1.6805214210827913e-06,0.0009792226514759481
4,mlp,3449,1,1,3.445346979986773e-05,0.9996132529977917,0.0002518104394799441,7.824832541408066e-14,0.00010047879381230504,4.2990376290178314e-09,4.490589900719615e-22
4,mlp,3833,1,1,3.6864359313184e-13,0.9999999996819129,6.350247669861275e-12,1.2523631744549562e-20,3.1136713689020664e-10,1.0735051567514764e-15,6.210041897661462e-37
4,mlp,4181,2,2,0.01727662126905283,3.007474160549255e-05,0.9820812023310964,8.659110223577858e-08,0.0003746330583604494,0.00013422521596781774,0.0001031567928148327
4,mlp,10840,3,3,2.70136434490897e-10,1.5242216579336876e-09,3.269302662763827e-08,0.9995575525373724,0.00010678654650494803,4.229041791680195e-06,0.0003313973869462292
4,mlp,442,5,3,7.498268294649156e-06,1.0752665100154782e-05,0.00016015704007933193,0.6513607684366691,0.00044921510897146454,0.3145022244386223,0.03350938404226322
4,mlp,8079,6,6,0.0008389613266125851,1.4219841964092871e-06,0.00014886767006073084,0.08707073721320321,0.25510341199146397,6.474958329750081e-05,0.6567718502311656
4,mlp,44,5,5,1.6633724595042396e-08,1.8576602404281785e-08,2.1173331057792462e-07,0.0037512880499813907,3.5619893983632025e-07,0.9961913011044325,5.680770300867909e-05
4,mlp,4003,2,0,0.7790690013783397,1.1047354909637159e-05,0.1875659439597275,9.183664370414651e-06,0.03299615038355584,0.0002335444071033223,0.00011512885199367345
4,mlp,12232,3,3,4.2771145934566203e-07,7.59047088252231e-07,5.829592694418931e-06,0.955061086665975,0.002786090291798723,2.4187008800897677e-05,0.0421216196821835
4,mlp,3851,1,1,1.0022928672916685e-13,0.9999999986108807,1.3895080650155034e-11,7.993539549736193e-22,1.3751240482600927e-09,6.09241460445721e-17,1.1502015117256307e-37
4,mlp,868,5,5,6.944613272910046e-08,3.833354855761502e-08,7.41205876242417e-07,0.00024763993566216403,1.5236241287958449e-07,0.9997074959207326,4.386279563488297e-05
4,mlp,10325,3,3,7.229237144096546e-12,5.827682091693238e-11,1.3520664950234963e-09,0.9998829978831881,5.260684893396396e-05,2.0807247777208045e-07,6.418577782765562e-05
4,mlp,10491,3,3,4.418182809033268e-10,4.0836301556203894e-09,5.727906257102931e-08,0.9992484650766079,0.00017564132783534793,2.599565025739386e-06,0.00057323222602012
4,mlp,9579,6,6,0.00017471368471771485,3.565758514180597e-06,0.0001480682817731648,0.0009667030555720051,0.007408218793256492,0.0002222847890016371,0.9910764456371649
4,mlp,4475,2,2,0.0022828680788114777,1.5732810570368115e-06,0.9927407024424318,1.903629829425841e-08,0.00496829819587933,1.7895382596385014e-06,4.749427262403517e-06
4,mlp,807,5,5,1.0943343387918078e-06,6.136021389866532e-07,1.0330474328238131e-05,0.007775523723590805,5.263687532003593e-06,0.9908511574597485,0.0013560167183225853
4,mlp,7313,4,4,2.943236642631372e-05,5.1426098316033525e-09,0.0007618952602023258,7.735319364887041e-08,0.9991776011680205,2.420357358253053e-08,3.096450597382727e-05
4,mlp,2041,0,0,0.6140709420976669,5.403136379791696e-06,0.00022635994746842666,0.022773911223935513,0.002016212228979374,0.07531859393611892,0.2855885774294511
4,mlp,1967,5,5,0.004612143660824587,4.5531581554376245e-05,0.005950979857247373,0.00022079128821490463,4.6564823063288026e-05,0.9481901122828864,0.04093387650620902
4,mlp,12477,3,3,2.869117462232438e-06,5.62183614941478e-06,5.07569172643827e-05,0.9304963586761529,0.001313477064973147,0.005827785716306714,0.0623031306716913
4,mlp,877,5,5,5.915892609014841e-05,4.653331738008702e-06,0.0001320700629516505,0.021279016872581064,4.30725252269804e-05,0.9585805668584084,0.01990146142300363
4,mlp,3136,0,0,0.9999064831973626,6.961945363493143e-06,2.978354978500172e-05,4.4470698672042873e-08,5.462093982439772e-05,2.105764621775874e-06,1.3234394794147765e-10
4,mlp,132,5,5,1.3289749314225565e-07,4.197240507720834e-08,7.535934854226114e-07,0.006211348643123686,1.1529128511845102e-06,0.9934613839443812,0.0003251860362604206
4,mlp,961,5,5,5.706553680332789e-05,5.903649385951463e-06,0.0001731854465705706,0.044963319896609476,9.069866095814227e-05,0.8828035044043275,0.07190632240534485
4,mlp,11586,3,3,2.3762216909499887e-08,8.760092998405475e-08,1.1422605920780802e-06,0.9941273872018715,0.00039512160501454233,5.33691991086862e-05,0.00542286837026616
4,mlp,11602,3,3,3.9298005641385845e-08,2.46906196119939e-07,1.5783412030693018e-06,0.9909112866087295,0.0007321081047287642,3.796245679491639e-05,0.008316778284341823
4,mlp,2729,0,0,0.9984254490670297,9.958702247422283e-07,0.0008548095320652735,3.012965143047288e-07,0.0007085025070780443,9.861816551350911e-06,7.991053670241416e-08
4,mlp,5055,2,2,0.0009076458931074212,3.7836859367620734e-05,0.9981780570523963,3.0099779212774392e-09,0.0008731427121398311,3.182582195345616e-06,1.3189081562891377e-07
4,mlp,7379,6,6,0.0014417954156540837,3.9867313404770906e-08,2.5065242401836984e-08,0.3604228059725456,0.00146807302829615,0.2719869144010905,0.36468034624985785
4,mlp,5318,2,2,0.05883724999863379,0.00020112712162510108,0.9246066806879831,2.1552883976213747e-08,0.016350404757550584,4.5126427128035265e-06,3.238610695771074e-09
4,mlp,3124,0,0,0.999978249236984,1.9009804305537564e-07,1.3743010587364713e-08,3.155558899179782e-08,2.1174435066510563e-05,3.409231421594688e-07,8.16468190014787e-12
4,mlp,10645,3,3,6.451289574954957e-10,7.855588088641178e-09,6.559000315614823e-08,0.9991317853972566,0.0002831817487369977,2.290290679944036e-06,0.0005826684726065644
4,mlp,8048,6,6,0.0003106937792576198,9.021973127450556e-05,0.001686312957947901,0.1570432784223007,0.0013577245918315773,0.12268268143847498,0.7168290890789126
4,mlp,5265,2,2,1.6874718378253827e-05,1.0387577220826527e-06,0.9998345487148728,1.8039979593074197e-12,0.00014749916467696303,2.6098014741837117e-08,1.254453128191729e-08
4,mlp,12795,3,3,1.4610872687197754e-06,9.122039037726638e-06,4.793698656350526e-05,0.9686165562478017,0.000773069178521413,0.02100877494911577,0.009543079511690917
4,mlp,8262,6,6,0.0001660831674576919,2.9158966702834384e-05,0.00037393732198662987,0.24558425380781584,0.004928666311464905,0.010847033976930143,0.738070866447642
4,mlp,7562,6,6,7.578766736209962e-05,1.0482137984882676e-05,0.0001438852176113738,0.15946685947503905,0.0026342666912924193,0.000610107023717955,0.8370586117869921
4,mlp,1561,5,5,7.831679557291234e-06,3.241454843803732e-08,3.357032170801988e-06,0.00011980102758336207,3.1575641109390723e-07,0.9997786260986206,9.003599110854097e-05
4,mlp,12155,3,3,3.0443126189188456e-07,9.430953819057426e-07,1.2841774299632318e-05,0.9817672585228098,0.0005971955237405126,0.0016044013784258845,0.016017055274080257
4,mlp,8330,6,6,0.00011486132458985377,5.781133006368579e-06,0.0003298231050448834,0.004499287209774308,0.0025195560287124027,9.666494469478996e-05,0.9924340262541774
4,mlp,7775,6,6,8.472208689358068e-05,2.253647483625598e-05,0.0002811827273096668,0.23222938657694192,0.005490244728623118,0.0005270466115589164,0.7613648807938366
4,mlp,10338,3,3,2.907565569804094e-09,4.472074896900331e-09,4.4743052293943014e-08,0.9979951999435891,0.00023699980709575332,4.350194628334249e-06,0.0017633979319942913
4,mlp,13142,3,3,2.741646522485452e-05,1.4718797673548445e-05,0.0001622713432466432,0.7062797336865801,0.004200696802974729,0.0016546426723708998,0.2876605202319293
4,mlp,4245,2,4,0.04837611686940252,9.116084021830961e-07,0.19461826869484547,1.931944583054114e-06,0.7569491776518693,1.6154764411837337e-05,3.7438466485536996e-05
4,mlp,180,5,5,2.529876635495422e-08,1.898357464156006e-08,2.3658605413290355e-07,0.0016533850689820079,2.6080804302770095e-07,0.9982893561488555,5.6717105724307394e-05
4,mlp,3321,0,0,0.9999759321451015,9.831251998247579e-07,6.416390701183299e-06,9.229232744161376e-10,1.6542511632355506e-05,1.2490424032252692e-07,2.0150340419261648e-13
4,mlp,6022,4,4,9.701998504591907e-09,4.249139400569109e-11,3.5128085759767926e-08,2.2416215210221375e-06,0.9999572641226591,6.988260949423377e-10,4.044868441828585e-05
4,mlp,1945,5,5,0.0071376050677339625,6.896981436552155e-07,9.392424366443752e-05,0.00019235527397751975,6.2398823046197625e-06,0.9922901819613519,0.00027900387282386185
4,mlp,4827,2,2,0.025926677104076576,2.594544644422665e-06,0.8925311269927619,6.636874655735506e-08,0.08153498312647003,2.468748462527521e-06,2.083114837959923e-06
4,mlp,269,5,5,1.775036806386402e-08,2.5132481477786458e-08,2.8829754615856637e-07,0.001211261913195849,2.3189641015081668e-07,0.9987574496754579,3.072533454064318e-05
4,mlp,9010,6,6,0.001047903167345523,8.815316279016632e-05,0.0020684560592486075,0.011194057584588867,0.0012432699106084285,0.04303315093473023,0.9413250091806883
4,mlp,292,5,5,3.3250790751784744e-08,2.15759326957148e-09,6.691345285298763e-08,0.00018979683097946002,3.473175944893514e-08,0.9998002448538649,9.821261559406349e-06
4,mlp,2002,5,5,0.00027578640376744806,2.1921692281165267e-05,0.0016566724125801477,1.6847877819721704e-05,5.341745041598169e-06,0.997200713216408,0.0008227166521019999
4,mlp,12153,3,3,4.595222959655251e-08,1.0317558315014434e-07,1.2354176314767567e-06,0.990218290540435,0.0005485028790929287,0.00012211878367438138,0.009109703251353468
4,mlp,6514,4,4,8.915913647151518e-07,4.920549132978627e-10,3.584508669014343e-06,2.85895014000754e-06,0.9999297129287787,1.3740044576157341e-08,6.293778894816462e-05
4,mlp,2519,0,0,0.9693419377155036,2.509918517582331e-06,0.03028416526499295,4.3034010596712653e-07,0.000156708342021638,0.00020937717516171858,4.8712436966556325e-06
4,mlp,9840,6,6,0.2363080692453069,0.00011757010688380663,0.05165106455290772,0.00031862567463902325,0.0027597784256030034,0.017094521662716092,0.6917503703319435
4,mlp,12365,3,3,6.740617279333694e-08,4.0439190071745744e-07,2.8304052455763796e-06,0.9947933407992827,0.0006900872581914927,0.00015804257692211027,0.004355227162284484
4,mlp,4929,2,2,0.00013685389807058723,1.3266221562428894e-05,0.9993726722230662,1.2536219161286122e-10,0.00047658635711915655,4.1648406059192874e-07,2.0469075879420913e-07
4,mlp,12047,3,3,6.42936017040549e-07,1.3911815743270542e-06,2.2319363051557612e-05,0.9622789500880895,0.0007165989290526163,0.0026348071197679623,0.03434529038244705
4,mlp,5756,4,4,0.0029595351574200767,3.602725171103449e-07,0.0001992835051082825,0.0020159801006102884,0.984880774173621,1.62986952784425e-05,0.009927768095444902
4,mlp,3086,0,0,0.9919639053034578,5.819366882836013e-06,0.007933984258997868,2.7758362463274978e-08,5.365296612694566e-05,4.260283623495645e-05,7.50993727569554e-09
4,mlp,13485,3,6,2.795316717836598e-05,1.0292751780685768e-05,5.6219373741308055e-05,0.4321813719243493,0.01525050514943787,0.0004537546796087566,0.5520199029539037
4,mlp,1035,5,6,0.00032522781499287395,4.3881661652506385e-06,0.0002147731778324966,0.3174060547099564,0.00274313033131023,0.01306325697538314,0.6662431688243596
4,mlp,2067,0,4,0.27625773311005075,3.5546245913536175e-07,5.895051277337824e-07,0.023962616067796025,0.5582905684700943,0.004283503281320395,0.13720463410315173
4,mlp,10538,3,3,6.683930211716035e-10,4.422932778666469e-09,5.941808695465305e-08,0.9990600364072041,0.000213653987489221,1.887447863333853e-06,0.0007243576480305869
4,mlp,4459,2,2,6.761924691417267e-05,7.474627845816363e-07,0.9996746437746039,2.6595207569585105e-10,0.0002497721220269771,3.483498413824121e-07,6.868777876703392e-06
4,mlp,9612,6,6,0.002404310894527233,1.39453294316626e-05,0.002258891941510115,0.00010621451293937165,0.00014948697293238854,0.0010678897115130573,0.9939992606371462
4,mlp,8848,6,6,0.0013179770989754649,1.2122001901714319e-05,0.0007679574533011556,0.0011618191739036533,0.0004062726829033588,0.0008410092840236381,0.9954928423049909
4,mlp,23,5,3,1.8599972935043922e-06,6.195974476130331e-07,1.5531206628525573e-05,0.7893747291281343,0.0001822443760817986,0.2005242804180007,0.009900735276413558
4,mlp,7942,6,6,3.415821764214653e-05,1.1871182192974915e-05,8.693652653289652e-05,0.3900906704621161,0.007992390305425492,0.001257561014758597,0.6005264122913319
4,mlp,202,5,5,7.591395662479203e-08,1.3148579807521912e-07,1.2958104600830499e-06,0.00604958840714706,1.2129898576929748e-06,0.9937970765058625,0.00015061888691815409
4,mlp,6158,4,4,2.397653577863606e-07,3.419254247361618e-09,2.4333896294024747e-06,2.4511864968682978e-06,0.9999640072299207,1.4484414886969287e-08,3.085052492606964e-05
4,mlp,6950,4,4,0.0006984749964947131,2.04508993871252e-06,0.02306270413171906,3.812931503592224e-06,0.9685125088368954,2.4464585707789772e-05,0.007695989427740794
4,mlp,12311,3,3,1.9205046999806438e-07,6.636098817790462e-07,7.07145998298615e-06,0.9859307918937024,0.000717915208834086,0.00038331114124365366,0.012960054635885263
4,mlp,4540,2,2,0.0005919415940755471,4.340293443352017e-06,0.9988228575896048,3.2513999549392122e-09,0.0005763372688738616,9.56030083401044e-07,3.5639725190709513e-06
4,mlp,11521,3,3,2.931240102818699e-08,9.076052300242652e-08,2.0590171195500336e-06,0.9946387908963411,0.00018837888390682363,0.0008707389268199806,0.004299912202888346
4,mlp,6847,4,4,2.5636860532317997e-06,9.586569885802474e-10,1.2758775022288043e-05,2.2904948168590504e-06,0.9998145959251541,3.602415578899e-08,0.00016775413614063343
4,mlp,4231,2,2,0.007180574251785572,3.6670378311445342e-06,0.9920326189900947,4.720633623100016e-08,0.0007499720440020833,1.0281574228233926e-05,2.2838895722084517e-05
4,mlp,8700,6,6,0.00011631885606518663,3.1712507882148844e-06,9.947178501578852e-05,0.004807594340182171,0.0008128994502788374,0.0010925160127822121,0.9930680283048875
4,mlp,9530,6,6,0.001031213522400122,2.791723297010519e-05,0.003036337331659234,0.00039954804448382754,0.004948696065914786,0.0013379880221119488,0.9892182997804598
4,mlp,8384,6,4,0.0029897398000785854,4.2595204195349505e-07,0.0001307617050486533,0.04312612934538165,0.5688550509883611,0.00010379001829684811,0.38479410219079124
4,mlp,8886,6,6,0.00027234182991801577,4.73470623362945e-06,0.00015982046889572127,0.003977474130251589,0.0016784634551138768,0.00030451071330416977,0.993602654696283
4,mlp,7488,6,6,1.5017544352797022e-05,1.1081910376119432e-06,1.9593171371421516e-05,0.44925906968339013,0.018760501002797227,6.458085534398648e-05,0.5318801295517068
4,mlp,8477,6,6,0.0003005121352951136,5.513239637472765e-06,0.0002001469611308147,0.025379912048360414,0.001948307331616344,0.0010301734201383873,0.9711354348638215
4,mlp,10847,3,3,3.3098252172152966e-09,1.5454445339745964e-08,2.475040435515949e-07,0.9973920852206063,0.00024230974678458443,9.457335455436806e-06,0.002355881428839495
4,mlp,1009,5,5,9.444464416006543e-07,1.3511651322899106e-08,6.562785207005544e-07,0.00030443173673011027,2.2004715450595228e-07,0.9996244089696138,6.932500988791621e-05
4,mlp,2424,0,0,0.9991443686617858,8.901653165093823e-07,0.000697538400440886,6.195389875978642e-07,3.467782824063708e-05,0.00011997906618508969,1.926339043472034e-06
4,mlp,9695,6,6,0.0008854772126367129,1.4642295283823644e-05,0.0009234112435234329,0.0003986538599836092,0.0017219197305596997,0.0012841072728655774,0.9947717883851471
4,mlp,15,5,5,8.643843451003321e-10,5.933048137898241e-10,6.0095906770770624e-09,0.0003345858297556767,1.4820899366533063e-08,0.9996632067092452,2.185172819849461e-06
4,mlp,1114,5,5,4.05907868100931e-05,1.328423923730716e-06,4.6979203050047186e-05,0.009417809058324667,1.957322541976322e-05,0.9768564476230598,0.01361727167941186
4,mlp,12522,3,3,5.167013638280588e-07,9.557954308386342e-07,9.739287888896585e-06,0.9721985458966236,0.0009053615023607619,0.0010056852689717026,0.025879195547360203
4,mlp,9808,6,0,0.5740375221351481,2.5606584774415934e-05,0.020675442363791936,0.0003431302476462096,0.0022357166492675104,0.007068943388806133,0.39561363863056576
4,mlp,7680,6,3,3.69861863455382e-05,3.295271536034174e-05,0.00029051713261587635,0.7677398666437736,0.004252880419680761,0.0044050832227870585,0.2232417136794367
4,mlp,10557,3,3,1.2754257162371863e-10,1.4509518717466472e-09,4.2581593003952537e-08,0.9997989897343414,3.785083216226317e-05,3.735980294592694e-05,0.00012575547046308675
4,mlp,6969,4,4,0.00010548946370391757,1.65470255460078e-07,0.001964298528353089,3.735285409092499e-06,0.9963753555521404,2.87809774663831e-06,0.0015480776023913817
4,mlp,9877,6,6,0.005370794830625407,2.3366664911867455e-06,0.001953685509329752,0.00016906363489320022,0.01287021017876667,0.00022095219685089033,0.9794129569830429
4,mlp,10250,3,3,3.261444452673955e-11,3.069395413314671e-10,5.037104383681e-09,0.9997457648581171,8.601449969211708e-05,4.043369075138233e-07,0.0001678109286248347
4,mlp,6602,4,4,6.363844231218068e-10,1.7494304103031708e-13,9.39565126419119e-10,4.092325875822979e-08,0.9999988631503979,6.483654114460212e-12,1.0943437352252743e-06
4,mlp,12355,3,3,5.276418398035143e-07,1.6005914444324892e-06,1.912560232605031e-05,0.9804654929326869,0.0006237690892092531,0.004248251196394135,0.014641232946099382
4,mlp,10577,3,3,5.668612238668234e-11,5.345808906772217e-10,1.0605739488845061e-08,0.9998244244251193,6.10957882363227e-05,3.6158284901892636e-06,0.00011085276114764834
4,mlp,872,5,5,8.916857929442075e-07,4.1042036155692636e-07,7.572731848136682e-06,0.0027560233447158403,2.434554279883715e-06,0.9964059020799705,0.0008267651830309772
4,mlp,8283,6,6,0.00039705673098682767,4.409527695298183e-06,0.00027770902101250175,0.09548736064010684,0.4050154229116566,7.286083723670918e-05,0.4987451803313054
4,mlp,1922,5,0,0.6075509439366257,3.920816907957077e-07,1.0553151163272252e-06,0.01527798658988064,0.00048781341420634584,0.3734780158995258,0.003203792762954542
4,mlp,6886,4,4,6.884051693785946e-08,4.5515602958154625e-09,0.00021419930304814597,1.9788194190083057e-10,0.9997855614043059,1.5045274766500047e-08,1.50657411938217e-07
4,mlp,4736,2,2,0.00020059725082206953,7.694157127323591e-07,0.9957289037927886,1.8404086447490428e-09,0.004068345929335837,2.8127987301922924e-07,1.1004910593120359e-06
4,mlp,12448,3,3,7.980140851083843e-07,2.565159457434445e-06,2.9822768332157175e-05,0.9758365407336362,0.0006233218051440139,0.008829358458109665,0.014677593061235256
4,mlp,2122,0,0,0.7362818044142457,0.00021238546448544004,0.10044796346352107,7.2419857153512e-05,0.0005006888979438278,0.040172436862752244,0.12231230103989829
4,mlp,656,5,5,2.3076694444465934e-07,1.3360942315595167e-07,1.5793682891125024e-06,0.001643548874815819,7.491772086668889e-07,0.9981142292536023,0.00023952894971667057
4,mlp,12219,3,3,5.507862156619295e-08,2.3591580766941402e-07,2.3861480614960065e-06,0.9939869557501831,0.000433298884054812,0.00030969393172981574,0.005267374291541541
4,mlp,8240,6,6,4.356774914995099e-05,1.0642924712121994e-06,2.9931515741280505e-05,0.015547138370521804,0.05231057840058815,2.841285116520185e-05,0.9320393068203624
4,mlp,7946,6,6,5.212394110492232e-05,1.573186657731448e-05,0.00022975645845691912,0.0830031061058312,0.0032500463428374858,0.00024259564223065867,0.9132066396429616
4,mlp,5777,4,4,1.808410898459629e-07,1.6835192206319958e-08,1.8140772932185633e-06,3.0956928776160554e-05,0.9997679759076248,3.136361487615322e-08,0.00019902404640897195
4,mlp,4353,2,2,0.07132556882167257,2.8904144701548503e-05,0.9270458119771696,1.0677497055116643e-07,0.0015400984589504002,4.797228338972999e-05,1.1537539145577568e-05
4,mlp,4478,2,2,0.026562801304178398,6.202523747990752e-06,0.9722772435676528,5.04771856214104e-08,0.0011353183347195292,1.3835085935825557e-05,4.548706579937876e-06
4,mlp,9450,6,6,0.0008078323293997442,1.672273016694694e-05,0.0012373407758950188,0.00040948344668734286,0.0005874704349421428,0.0005429215530787261,0.9963982287298301
4,mlp,1569,5,5,1.6983205260576466e-06,7.027379830308835e-07,1.851717214033729e-05,0.00034078084566196027,1.342868075647592e-06,0.9991706254357161,0.0004663326198969525
4,mlp,3730,1,1,1.0925869920985348e-11,0.9999999802994669,2.033050336600967e-09,7.491685670637804e-19,1.7656531451189073e-08,2.52741831958557e-14,1.0959899309012535e-31
4,mlp,1089,5,5,3.0724742038511895e-07,8.839066621414571e-08,2.1356692211870806e-06,0.000480047322195787,5.08238836072808e-07,0.9993628336662466,0.00015407946541376582
4,mlp,5048,2,2,0.2968430155910204,0.0006277639615295565,0.7002782651640854,8.122801992861725e-08,0.000250792614625364,0.002000006175330648,7.526538852392476e-08
4,mlp,5916,4,4,3.1978030896573062e-06,3.092271781506338e-08,4.0103967996011356e-05,1.524267179097661e-05,0.9990187884656285,2.7042628011628494e-07,0.0009223657424968689
4,mlp,2674,0,0,0.9999729653542588,4.060387645812866e-08,8.072929993858366e-06,1.0297995664449873e-07,1.3797130610887723e-05,5.012639926902315e-06,8.36137650641622e-09
4,mlp,7003,4,4,6.837364390779455e-08,6.662548777761154e-10,1.2842162374515003e-05,3.7047100982964205e-08,0.9999741099301839,4.3895223310506015e-09,1.2937430919494945e-05
4,mlp,6088,4,4,2.0551243104286317e-08,1.4273557664946275e-11,4.5247546434734614e-08,1.3246706436150549e-06,0.999977202914653,5.606510704558176e-10,2.1406040989052252e-05
4,mlp,7940,6,6,0.00028196036229966373,5.527921787359589e-06,0.00021907498114133943,0.014238675737490648,0.000982590629049051,0.0003006683291541863,0.9839715020390777
4,mlp,1583,5,5,0.0007770812865819833,4.299857365749106e-05,0.0014536146149568242,0.059103996044155435,0.0007676325404229804,0.5009820241578802,0.43687265278234516
4,mlp,2229,0,0,0.999129334287268,1.2942807342120736e-06,0.000273373962430594,2.5144618288145114e-06,1.9306093296363976e-05,0.0005595602275344745,1.4616686907493009e-05
4,mlp,6608,4,4,3.76314602240282e-05,1.5785575800314947e-10,6.023708276231925e-06,5.438222976528715e-06,0.9996117322359396,5.888742942125325e-08,0.00033911532729847247
4,mlp,2905,0,0,0.9998562676173991,1.528941486968892e-05,3.0586536986880134e-05,2.64101990342771e-07,8.837873666580351e-05,9.211122411232784e-06,2.4696769163816585e-09
4,mlp,13298,3,3,2.2409177561256885e-05,2.3463953061764778e-05,0.0001989091727217692,0.8552552335541852,0.00214102650701504,0.028155615080360213,0.11420334255509476
4,mlp,7499,6,3,0.0001237633317320352,4.625290836369659e-06,0.00021684091352849207,0.5679412597788351,0.0021791771683290708,0.014120744215243796,0.415413589301495
4,mlp,6155,4,4,2.735007803262899e-06,3.528393904981943e-09,3.5740884708548376e-06,8.359769497555503e-06,0.9999607362890329,1.5772388647623354e-08,2.4575544412829224e-05
4,mlp,7910,6,6,0.00011531185307592421,9.129172242711203e-05,0.0006120903104843284,0.39258696135705,0.00861909570772954,0.0023209603822361897,0.5956542886669968
4,mlp,4978,2,2,0.005386344003944904,1.0840694622308489e-05,0.9927997464794482,5.554840040765149e-09,0.0018010514385114538,1.2989149337301399e-06,7.129136994452532e-07
4,mlp,10986,3,3,1.832146257742935e-08,5.527644167208031e-08,4.237322620723238e-07,0.9906914207078731,0.0010239414454678755,8.386153848813967e-06,0.00827575436264396
4,mlp,9061,6,6,0.00047713589932197985,1.684168935166459e-05,0.0005341278030494733,0.0020815440652239316,0.0018612857630385085,0.0007113153094675694,0.9943177494705467
4,mlp,7264,4,4,2.830568699950497e-05,1.0817870951001273e-09,0.00016183981549531095,1.1867154236944876e-07,0.9997747804325611,1.4388052819931454e-08,3.4939923561736784e-05
4,mlp,3636,1,1,2.0700949133085016e-09,0.9999903174152168,2.056366648634786e-06,1.2086969998709422e-16,7.624147200004259e-06,8.394779241127176e-13,2.5535275577432217e-26
4,mlp,5557,4,6,7.959859473878772e-06,2.7402440111868e-06,1.3066267656947756e-05,0.268168047989458,0.3265232896259668,2.0676138813038683e-05,0.4052642198746203
4,mlp,11693,3,3,6.153262347200884e-08,2.2259329486529198e-07,2.6285231093315136e-06,0.9851104524220328,0.0007345052512022426,4.7230432803143036e-05,0.014104899244934348
4,mlp,3898,2,6,0.0075384500410078745,1.0362693294528922e-05,0.016226613099445023,7.333371350735222e-05,0.12672670952485726,0.000273849969450302,0.8491506809584376
4,mlp,82,5,5,6.462231269289684e-08,4.1521108932107657e-10,2.293810273821983e-08,0.00022251751788157677,2.2069970479996805e-08,0.999774286016044,3.0864204773373117e-06
4,mlp,233,5,5,2.2779518810877182e-08,2.0815605232060204e-09,5.0137911512113966e-08,0.00018716735179807124,2.7727648244201063e-08,0.9998046172119343,8.112709628425908e-06
4,mlp,2296,0,0,0.9845136473403495,2.5001912978713346e-06,0.014238347618823612,2.6147031949995964e-06,0.0009032211274890717,0.00020710733452686787,0.00013256168431825056
4,mlp,12453,3,3,5.438593796811065e-07,1.0852206057737376e-06,1.4739028133431973e-05,0.9730050330928728,0.0005302122512646273,0.005646394774909257,0.02080199177283446
4,mlp,7893,6,3,4.683335865890252e-05,9.899078835408727e-06,8.510136355332962e-05,0.5284906055706919,0.008539515196689284,0.0009567097819048527,0.46187133564966637
4,mlp,12658,3,3,6.10437578966639e-07,1.3673889874524511e-06,1.8993494153289284e-05,0.9786469132151363,0.0005800513359084199,0.004105511415847529,0.01664655271238807
4,mlp,6397,4,4,2.0541578923086878e-07,3.366690863393208e-11,1.8898680242561044e-07,1.0196926949633618e-06,0.9993567291797436,2.4707601280729353e-09,0.0006418542205427496
4,mlp,2842,0,0,0.9999217585056445,1.0987665478490562e-07,4.86850476787319e-05,5.143689846407644e-08,2.5282525170856865e-05,4.107191044041838e-06,5.4169085370701045e-09
4,mlp,12056,3,3,1.1779495966217998e-07,7.527505836612275e-07,4.172663960770844e-06,0.9896051498018057,0.0010472356581535626,0.00010646457375213477,0.009236106756784549
4,mlp,4585,2,2,0.001192692369907754,1.0904301948963028e-06,0.9969022903221603,1.454951815454714e-10,0.001902206976680235,1.4377246352128584e-06,2.8203092638826854e-07
4,mlp,5039,2,2,0.003605122965123454,1.4893665917018327e-05,0.9955353552327356,3.451424372476512e-09,0.0008392023477212272,5.345421286037467e-06,7.691579223992518e-08
4,mlp,921,5,5,5.790133280191195e-08,7.788166016412965e-08,1.0122547386052308e-06,0.00044565248459705904,2.5069879930239576e-07,0.9995021162118531,5.083256701899733e-05
4,mlp,1993,5,5,6.428001028608726e-05,2.4662788627706604e-05,0.0014989633106964769,1.9583710861944435e-05,4.879180508816093e-06,0.9971329477299135,0.0012546832691054716
4,mlp,9533,6,6,0.014821964436900764,7.448780625358198e-05,0.013074059099797404,0.0008651930638173917,0.0003296419681413386,0.2854734700042934,0.685361183620796
