seed,model_name,sample_id,true_label,predicted_label,class_0_probability,class_1_probability,class_2_probability,class_3_probability,class_4_probability,class_5_probability,class_6_probability
2,mlp,1223,5,5,3.250624459805749e-05,1.0262478393794096e-07,3.9452129182408824e-07,0.0006063222320685466,1.290795739414274e-05,0.9989689342929169,0.0003788321269467904
2,mlp,11769,3,3,2.421156350501537e-06,6.066340038163895e-06,1.9807137260621248e-06,0.9884546422247825,0.00019413880096163846,0.00010099624645679988,0.011239754517684235
2,mlp,12059,3,3,1.0785407128043188e-05,8.86552839059e-06,6.4543424929460415e-06,0.9499479354962628,0.0002186152378550209,0.000743689918742116,0.04906365406912826
2,mlp,7126,4,4,3.837849192718734e-06,1.3826886839279024e-06,0.0009890728382887517,9.588426373672972e-08,0.998955441127529,1.5471302979522826e-05,3.469830906240316e-05
2,mlp,638,5,5,1.991549140308041e-05,2.803227962261914e-07,1.0313231993347641e-06,0.005093800879723606,3.3460451142031266e-05,0.9942134058777296,0.0006381056540062142
2,mlp,13211,3,3,0.00022874679152900152,8.496287808281408e-05,0.00011859269456213927,0.5952753733004251,0.0018886375542799027,0.009690095604856036,0.39271359117626475
2,mlp,12549,3,3,3.1628958243314866e-05,2.0756860384629765e-05,2.1151595374228757e-05,0.88231287567066,0.0005724211271372374,0.0021319758169847857,0.11490918997121567
2,mlp,10682,3,3,6.59500190766052e-08,3.285772551565702e-07,1.363940034390659e-07,0.999673324473105,1.5894259684123093e-05,0.00015959686423720418,0.00015065348169607547
2,mlp,2639,0,0,0.9997910580028562,3.8254943205587855e-05,3.5685970936884835e-05,5.08837163113129e-07,1.9471309044411322e-05,0.00011469624700256962,3.2468979123394845e-07
2,mlp,11764,3,3,1.250821588689237e-06,6.519257951255508e-06,1.24535617504345e-06,0.9932844665026785,0.0003458821209461215,6.426852827642494e-05,0.006296367412383908
2,mlp,10311,3,3,1.71657844576226e-08,2.613040932739722e-07,2.533373909538288e-08,0.9998364730664073,1.3021793834790857e-05,4.5857422244284045e-06,0.000145615593916809
2,mlp,1606,5,5,2.7605767442475133e-05,5.166966691769607e-08,2.04995023023918e-07,0.00014477546332369444,7.33156720213037e-06,0.9996867150905606,0.00013331544678105538
2,mlp,10888,3,3,3.1815176670443244e-07,1.5705755958841967e-06,3.0909962368202483e-07,0.9985621593637979,4.216832718156473e-05,3.979009294288711e-05,0.001353684389091433
2,mlp,13206,3,3,0.000349587207366326,0.00016522820585254807,0.0001488725779249843,0.5515612001973323,0.002630318473157798,0.003541120792457922,0.4416036725459081
2,mlp,1755,5,5,0.00035049107733325176,6.286537910746056e-06,9.615910733257958e-05,0.0027241828886943784,0.0001958332248406118,0.9880496424398817,0.00857740472400681
2,mlp,8677,6,6,0.003628881709648794,2.2257941341386056e-05,0.00028427186242088655,0.0025184661729153158,0.0011060683410688168,0.002168625990686683,0.990271427981918
2,mlp,6761,4,4,8.713546000751372e-06,3.192009645382397e-07,0.00013174231417533377,1.0591093924428548e-06,0.9988973727489971,4.9286253861024096e-05,0.0009115068266087051
2,mlp,10611,3,3,1.7166723980945084e-05,1.834499328408172e-07,7.60504256731702e-09,0.9984709661471682,3.854058525463822e-05,0.001001485506911115,0.0004716499817096947
2,mlp,13061,3,3,6.767614095090192e-05,7.161372839553587e-05,5.308671507854512e-05,0.9098121197748492,0.0026111435179448994,0.00411578057010244,0.08326857955267833
2,mlp,9005,6,6,0.006242102530621167,0.0001013063398135802,0.0018140983720480873,0.012341371843291928,0.0024557294954461405,0.3452885932788862,0.6317567981398929
2,mlp,10789,3,3,1.9363168227661868e-07,1.3865118133448523e-06,1.666158109187405e-07,0.9990265680883231,3.6294391539136476e-05,1.3127806548718839e-05,0.0009222629542826258
2,mlp,7761,6,6,0.00013166828213060597,7.948245126112376e-05,0.00012950828090855314,0.09877044431505635,0.30972179354900103,0.0007287038794315983,0.5904383992422106
2,mlp,289,5,5,8.3683767603549e-05,1.0364640093777728e-06,2.443187772785338e-06,0.03982157379812746,9.85046993551382e-05,0.9543636498598367,0.005629108223294844
2,mlp,12370,3,3,1.5642729998951106e-05,8.197487004551037e-06,1.3239273946474193e-05,0.9497508248135665,0.0004358578009194792,0.028590555686438552,0.021185682208125625
2,mlp,6968,4,4,0.00016406421292990638,1.6836287149354925e-05,0.02036395450057701,2.6753735369897914e-06,0.977313580635215,0.00024610890144124065,0.0018927800891505378
2,mlp,1721,5,5,0.00012658568853729174,2.2451725348692034e-06,2.3493324800900504e-05,0.0019145203210828065,0.00010109399021990603,0.9953998675176448,0.0024321939851794793
2,mlp,6805,4,4,1.90136405048538e-07,3.8846704389965984e-08,0.0021883806536406284,3.747461511785556e-08,0.9977260398426238,1.1745145993036023e-05,7.35679000180719e-05
2,mlp,1890,5,5,9.704591900870105e-05,5.719426417618044e-07,1.007884642724483e-05,0.0002466308421523475,3.511176062831488e-05,0.999181053282052,0.000429507407089461
2,mlp,3758,1,1,1.4724042663887004e-07,0.9999979374640379,1.9146271784747755e-06,7.85507807366979e-18,6.683571389819959e-10,9.118096006737756e-17,3.8359639645496136e-23
2,mlp,6354,4,4,7.460112295406316e-06,3.493534552684211e-06,0.00022022517009021408,4.5339994209668705e-06,0.9991782915038793,5.8992509941348486e-05,0.0005270031698199354
2,mlp,9741,6,6,0.006834448024916061,4.950013698722371e-05,0.010786209721375001,0.0005052863362445125,0.011247887857322258,0.0020561419350579747,0.9685205259880969
2,mlp,5171,2,2,0.17633098729373428,0.0013833467865914295,0.8219786434200859,6.794281743141652e-08,0.00027933873748312086,2.664538261419964e-05,9.704366734563428e-07
2,mlp,2726,0,0,0.9999179472587646,1.4582535374646032e-05,9.903225294689925e-06,5.0350382632151124e-08,3.49086725968409e-05,2.257266945384439e-05,3.528813260393951e-08
2,mlp,50,5,5,1.6522585202336806e-06,1.3750889004983849e-08,4.0354737382101696e-08,0.0032629254077291936,4.341956823063949e-06,0.9966539414526847,7.708481861654662e-05
2,mlp,7845,6,6,0.00030832443111724635,4.6180895957089534e-05,0.00012304820425478705,0.045736090677456806,0.0007893787237067096,0.00032814430683929594,0.9526688327606682
2,mlp,2257,0,0,0.9680181060670444,3.0080757285169848e-05,0.0061772333382826665,4.121052709186945e-06,0.024626948025309382,0.0007958109349498815,0.0003476998244194456
2,mlp,11131,3,3,1.1675652474583042e-06,1.006226522661628e-06,1.125843067852729e-06,0.9915362061995525,6.116726822643498e-05,0.0068033984984977244,0.0015959283988851319
2,mlp,4829,2,2,0.006873138537828712,6.404870280139199e-05,0.9917483447253438,5.254230225234749e-08,0.0012850697709378127,2.7543512624253122e-05,1.802208161794947e-06
2,mlp,9577,6,6,0.002633196138710028,3.824339232234994e-05,0.00367579089342616,0.0005633418199178416,0.0069379960553846935,0.001254573668656172,0.9848968580315828
2,mlp,8329,6,6,0.0004421118257884866,5.982292746657327e-05,0.0002858788441128934,0.021642841935470777,0.13225896672669601,0.001305181483570733,0.8440051962568945
2,mlp,6061,4,4,9.403109655656139e-06,4.6775372756079896e-06,0.00026169571243867695,1.006915050162305e-05,0.9983515397433373,6.732201924181592e-05,0.0012952927275492125
2,mlp,3405,1,1,0.0011681589065934551,0.9978637458650454,0.000967887596303005,4.2309484515266203e-13,2.0760714435495398e-07,2.4490400013264474e-11,1.8106688543070735e-16
2,mlp,1795,5,5,0.00020022590676485925,1.4691930510365782e-06,2.114359565067564e-05,0.0006797002036291239,6.310745325696586e-05,0.9976504812562068,0.0013838723914404367
2,mlp,6510,4,4,0.0004628204160672541,2.6048799628462235e-05,0.010418279370169608,1.8781136243377784e-05,0.9812978209827483,0.0003692739264753208,0.007406975368667606
2,mlp,2322,0,0,0.999920026345834,5.326736546115207e-07,1.1543202190342006e-09,1.7533119895119457e-07,1.620538051228574e-06,7.763941982693284e-05,4.537114439246902e-09
2,mlp,7750,6,6,0.0001776260757056656,9.666226517738415e-06,2.1996068852515575e-05,0.03558649713845231,0.0009118932540497447,0.0005278759909478294,0.9627644452454742
2,mlp,6779,4,4,5.7337004451754e-06,2.0182897127568127e-07,9.970182035427115e-05,7.212969499181236e-07,0.9991950186103689,3.249729345248047e-05,0.0006661254494580576
2,mlp,8012,6,6,0.0002533437651286139,3.824063391600528e-05,0.000138102173740199,0.026409225325157156,0.0011660260433205597,0.00021405429851056125,0.9717810077602269
2,mlp,1844,5,6,0.0025902800101820105,1.7377203316627345e-05,0.0003458312716266651,0.0013934855801686836,0.001174301129770746,0.005456385419745889,0.9890223393851892
2,mlp,8476,6,6,0.0006863216909437551,7.040514969093628e-06,9.930085536947064e-05,0.0025063277508634643,0.0015248169143337678,0.0004143013576343306,0.9947618909158861
2,mlp,9209,6,6,0.0008691301378428125,2.0312027597835846e-05,0.0006636894365184303,0.0015042264965856814,0.0012805901328803695,0.00030270392807726736,0.9953593478404976
2,mlp,2008,5,0,0.5769980258081105,0.00035056299671077187,0.14524079769643586,0.0006063530917638566,0.00223956988969042,0.059355524862204745,0.2152091656550838
2,mlp,3792,1,1,4.0557387359928856e-10,0.9999999697241124,2.9865055120881664e-08,1.3101295466018912e-19,5.258718009589978e-12,1.6670408152735557e-19,6.864686880595976e-26
2,mlp,1169,5,5,1.1411227177895412e-05,1.462923326563941e-07,9.272105236870854e-07,0.0011489552444079773,1.7126961408076202e-05,0.9986306107809284,0.00019082228322131546
2,mlp,13514,3,6,0.0005599369577364583,9.93613451238158e-05,0.00025920662446108446,0.051004290380105254,0.004111578218023422,0.0007514441189381534,0.9432141823556117
2,mlp,6575,4,4,0.005151962559477511,8.196267325719134e-05,0.1389173132280989,0.000155596765987857,0.5035613279514294,0.002266642053094347,0.3498651947686549
2,mlp,9409,6,6,0.004566515420692264,1.9066936949797082e-05,0.0008832846430481314,0.0006641643428111049,0.0011723163611095395,0.004160409215429225,0.9885342430799599
2,mlp,4500,2,2,0.0023071385669813957,9.88628015021965e-05,0.9968247284786261,7.901128851329985e-08,0.000738561414248054,2.0904260437597993e-05,9.725466915940176e-06
2,mlp,3558,1,1,1.6329975180418902e-06,0.9999694631951086,2.8899987073392243e-05,1.0558712535564336e-15,3.820288338895737e-09,1.0352589021677018e-14,4.4338947777958625e-20
2,mlp,5069,2,2,0.0017933143676187506,0.00030574642535094535,0.9977479312274189,1.3537283687349517e-08,0.00014846559900841375,3.846916100500907e-06,6.819272190206118e-07
2,mlp,12381,3,3,0.00018410729250604736,3.342700721863523e-05,3.2267610010485946e-05,0.8080868021148178,0.0006997026014896284,0.009756496712018954,0.1812071966619384
2,mlp,11994,3,3,9.597491838631166e-06,1.440854230036161e-05,5.757319020069892e-06,0.9493426967764121,0.0003819597680243727,0.00019349067111197016,0.05005208943129233
2,mlp,5312,2,2,0.011769769512376895,0.0023099907557722122,0.9854443780495177,7.2993956674373214e-09,0.00047212133152962644,3.6699363682198614e-06,6.311503981648925e-08
2,mlp,2736,0,0,0.9492603649827758,0.0002696227372221662,0.04960702522076449,6.093526948641313e-07,0.0006505732964647279,0.00020841629209253102,3.3881179852988575e-06
2,mlp,3509,1,1,5.66121091496545e-06,0.9999932493311509,1.088336193950212e-06,3.733208143797514e-15,1.1216781859254572e-09,5.809480675105191e-14,2.750521511527764e-20
2,mlp,6516,4,4,2.551805292472146e-08,6.828151981097634e-09,8.076001645662987e-05,4.995632149044265e-08,0.9996871858169266,1.407139797570605e-06,0.00023056472429255066
2,mlp,2591,0,2,0.08296493738793773,0.00011811766528214646,0.9142710758504473,1.7408637504633195e-06,0.0022697086514129592,0.00027483464965283706,9.958493151642934e-05
2,mlp,5599,4,4,7.468525882929161e-05,5.55416740223176e-05,0.00013624981380640303,0.0400759826670979,0.6117200170085348,0.0005973405113412312,0.3473401830663681
2,mlp,3976,2,4,0.0011634601750882005,1.2130171967339661e-05,0.1273239807327243,2.2662837469748484e-06,0.8700715949434127,0.00028636366523113194,0.0011402040278292668
2,mlp,4781,2,2,0.02934736461368099,0.0001484428602919383,0.9696527039729336,1.2683476253542064e-07,0.000773440381720672,6.714561033165713e-05,1.0775726278708274e-05
2,mlp,7684,6,6,0.00022213009408140027,0.00012933334601369017,6.536355411259117e-05,0.4400323941364393,0.044460859753099886,0.0009336683365702335,0.514156250779683
2,mlp,4534,2,2,0.07509542661235451,9.749816226527383e-05,0.9186845442563693,3.575333486792907e-07,0.005970213196990237,0.000114331976580969,3.762826209125984e-05
2,mlp,112,5,5,2.764224299163807e-06,3.2633033648064928e-09,5.518159715262689e-09,0.00032590120306346407,1.245945593861584e-06,0.9996127900633138,5.728978226646846e-05
2,mlp,3984,2,2,0.0053057974753104665,0.0002343782665822719,0.9897604128848103,3.2471107163048007e-06,0.0032248121600290196,0.000211670881073133,0.0012596812214783323
2,mlp,4000,2,2,0.019190824885210993,6.893099364402965e-05,0.9629668120885858,3.3184204576289417e-06,0.016725960267340013,0.00037583546171524805,0.000668317883046378
2,mlp,7209,4,4,0.0260137225530126,3.0345827138505425e-05,0.0808920728852046,8.268811718250014e-06,0.8835696870280688,0.0018042556489992004,0.007681647245858047
2,mlp,6790,4,4,7.392425681455772e-06,1.354872805834466e-07,0.00013712985658876923,4.090647894741691e-07,0.999357785832884,2.2314814905011126e-05,0.0004748325178705736
2,mlp,1276,5,5,0.0011692274630489444,1.625026797679211e-05,5.55556549184557e-05,0.020331501650247687,0.0005160072210679178,0.9396297005431953,0.038281757199545054
2,mlp,3316,0,0,0.999998240686968,1.1871321726987908e-06,1.1027379168346426e-07,2.9161516045316724e-11,3.3919663029504923e-07,1.2268027092578818e-07,1.0050288005808295e-12
2,mlp,12377,3,3,1.5285929536754416e-05,1.9504641423261146e-05,1.4226566424394141e-05,0.9788804555381438,0.0004460504206965042,0.0021211640451230707,0.018503312858652473
2,mlp,10403,3,3,1.0179621683259382e-07,3.9423816736538305e-07,1.0107498854981628e-07,0.9994690394460636,8.102145313689707e-06,4.582758309201003e-05,0.0004764337161580459
2,mlp,886,5,5,8.789144903617934e-06,8.795525789406228e-08,4.412796482726659e-07,0.0014540950507797943,1.425859749269644e-05,0.9983138691316552,0.00020845884026258907
2,mlp,6246,4,4,5.70821509346516e-05,2.3597999267515072e-05,0.0009805851253601834,4.2698798658791984e-05,0.9936401146564275,0.0008819121219610793,0.004374009147390418
2,mlp,13071,3,3,0.0002725112016833276,7.783510228299839e-05,0.00011952413217633745,0.6156100654510819,0.002049879594984809,0.016051134629840168,0.36581904988795044
2,mlp,11246,3,3,1.2431725075924406e-06,1.2922395042944418e-06,1.1900079737043304e-06,0.9947941651448506,6.951916359078564e-05,0.0034677695906988105,0.001664820680874164
2,mlp,3103,0,0,0.9994571752494534,0.00034061714201706015,0.00015274121442825274,8.061445042261289e-08,9.737723347236113e-06,3.962481938960928e-05,2.3236914139880368e-08
2,mlp,12789,3,3,8.730981627794709e-05,3.105818118434463e-05,5.1805158926754796e-05,0.8810118982774539,0.0011276573410306443,0.07075712322755585,0.04693314799757079
2,mlp,5647,4,4,1.4023787830233215e-07,3.693737368754638e-07,1.6161242991715191e-06,3.355739115606244e-05,0.9998198392550791,1.1577270115761762e-05,0.0001329003477347309
2,mlp,4532,2,2,0.18670215989348724,0.0004365494601525035,0.811818008274944,4.46509055919488e-07,0.0008924035894616752,0.00013751685556724806,1.2915417331220179e-05
2,mlp,228,5,5,2.378192860748892e-06,6.39559635777266e-08,2.555284672713517e-07,0.0076220264857407615,1.4761056764972036e-05,0.9922078664618023,0.00015264831840026535
2,mlp,11230,3,3,1.8536444084445293e-06,3.823061068749067e-06,9.391478563263785e-07,0.9837298557654744,8.861291985773917e-05,5.011456850458106e-05,0.016124800892829593
2,mlp,12610,3,3,9.89179474466816e-06,2.455826606914967e-05,6.275397009796898e-06,0.9617023735112954,0.0023967079270858266,0.0003780989460008611,0.03548209415779416
2,mlp,1812,5,5,0.004395548031835057,0.00011667654957625264,0.002283935146816682,0.021603972544627495,0.002720627774984514,0.5354580884272238,0.43342115152493627
2,mlp,7267,4,4,0.0004206478608288267,2.2765200520021e-05,0.04671356715962856,1.0485494500245788e-06,0.9523445399764715,0.00020053569309865814,0.0002968955600023433
2,mlp,6490,4,4,3.2205195748993486e-05,6.234950393950456e-07,0.0006657937768003321,2.870462895398352e-06,0.9883863558653724,6.577087732456136e-05,0.010846380326818882
2,mlp,3497,1,1,1.882577149193808e-05,0.9998555411898278,0.00012559741926331468,6.991152411381535e-15,3.5619262306434736e-08,1.4792745401099091e-13,6.624682240610104e-19
2,mlp,10529,3,3,1.189383540381642e-07,4.832176439319047e-07,1.3354677530449313e-07,0.9994484880284719,1.0277598981556942e-05,5.628516275634349e-05,0.00048421350701725093
2,mlp,2832,0,0,0.9999125129915561,7.971176788756837e-06,7.27826909062884e-08,7.867450046187287e-08,2.7534489885745408e-06,7.660501703253358e-05,5.908442609707813e-09
2,mlp,875,5,5,1.0617851737495053e-05,5.084779204547576e-08,2.5925954784942005e-07,0.0006418535312344587,7.712015714106016e-06,0.9991636528037183,0.0001758536902557429
2,mlp,8611,6,6,0.0020651806019756466,5.526240253438632e-05,0.0009334769820961964,0.0055533312467006424,0.016155336457952845,0.0008777712473495436,0.9743596410613906
2,mlp,11553,3,3,2.4621864656096103e-06,5.5650833098788075e-06,1.8754564464052928e-06,0.9937621556559423,0.00010612770198395345,0.00018325118850320642,0.0059385627273488275
2,mlp,2303,0,0,0.9751598647820857,0.000949584341165745,0.016971725117522644,8.52104298721306e-05,0.0008556337693229034,0.005307543958592845,0.0006704376014378672
2,mlp,5825,4,4,7.253878953414458e-05,6.734372264813112e-07,0.0012356319243851538,4.610752959090359e-05,0.9871173617142405,0.0006612282755822769,0.010866458329440587
2,mlp,9570,6,6,0.0028955692021469873,1.686995950655323e-05,0.006218107749135659,0.000482657669701155,0.15023289246347815,0.0013502266888195452,0.8388036762672119
2,mlp,10163,3,3,4.97532340484936e-09,1.212754164337715e-07,8.929584507255755e-09,0.9999482017936003,8.014767724495103e-06,2.201515858633787e-06,4.1446742492367044e-05
2,mlp,4732,2,2,7.092919418056935e-05,6.481917421296333e-05,0.9997363324424876,5.53833039044162e-09,0.00012631955528793855,1.2995785772026085e-06,2.945169231489092e-07
2,mlp,12784,3,3,2.649194917246489e-05,4.586686053526642e-05,2.0024477325849016e-05,0.9383947942027594,0.0018932102768240697,0.0008220934888958952,0.05879751874448695
2,mlp,3970,2,2,0.07149022046928197,0.0002872804080670956,0.8639046831388525,2.8551627050311314e-05,0.01071999449761581,0.010062221596852897,0.04350704826227938
2,mlp,3821,1,1,2.773718602924419e-10,0.9999430786239732,5.6919118854310205e-05,1.5247135677284023e-19,1.979800540903131e-09,3.5613964052538005e-18,2.8835096213499823e-24
2,mlp,8999,6,6,0.0016844683963788587,5.665870021090531e-05,0.0009477254526148838,0.008453548210226515,0.0016011077256165495,0.01156222036360899,0.9756942711513432
2,mlp,5087,2,2,4.0299384024571394e-05,2.0464955154490568e-05,0.9996238653621993,1.3919734598129162e-09,0.00031436289486828364,9.109718782679791e-07,9.503990153819107e-08
2,mlp,8917,6,5,0.016276316540325464,6.846208332447808e-05,0.0007798104185937005,0.0057221528485039514,0.001698314963344532,0.7367242589384463,0.23873068420746155
2,mlp,12089,3,3,4.489632294663794e-06,1.7800380006519303e-05,3.457407273643408e-06,0.9113945373675967,0.0022849811413378864,3.499522182912767e-05,0.08625973884966158
2,mlp,2897,0,0,0.7585312264147466,0.0019034434613071714,0.23894136608938255,9.70962696329742e-07,0.00037001523646572755,0.00024290662007215503,1.0071215329384574e-05
2,mlp,8019,6,6,0.0019549038587055195,0.0001084798708348266,0.0002604639381886103,0.06264678515310333,0.0016468876559541012,0.002099212845368629,0.9312832666778449
2,mlp,4834,2,2,0.0001658277683274342,7.394155193707264e-05,0.9989975963343221,9.022809578896705e-09,0.0007585811097404803,2.717515417412179e-06,1.3266974456916345e-06
2,mlp,11272,3,3,8.393421171393619e-07,2.882851335258105e-06,7.032176622044035e-07,0.9950269674774171,9.59996895803572e-05,4.652714158769165e-05,0.0048260802803001155
2,mlp,8362,6,6,0.0007721060702278295,6.144708362096896e-05,0.00015480713756067295,0.0347049437596477,0.00689887899344913,0.0014511191888009717,0.9559566977666927
2,mlp,12012,3,3,1.5585186271784192e-05,6.718612959303736e-06,8.22662512078132e-06,0.9525412357969132,0.0002595036580551832,0.0064673447787015215,0.040701385341978286
2,mlp,8605,6,6,0.00022878354562934694,1.8900166243766185e-05,0.00014558622350701865,0.004031713315648611,0.0007154561866024953,0.00011155681344011777,0.9947480037489287
2,mlp,12760,3,3,1.55554064885534e-05,3.5324945591707924e-05,8.550250099054654e-06,0.9210174476631332,0.006297888374424368,0.0004131249405518559,0.07221210841971135
2,mlp,5011,2,2,0.0014628911300854743,0.000311696673940001,0.9981324572211098,2.112350702595955e-08,8.254386545458877e-05,8.234599300606922e-06,2.155386602465751e-06
2,mlp,12551,3,3,2.9226977861663043e-05,1.9418755410816503e-05,1.9830890959839965e-05,0.9485800003404954,0.0005642071835839273,0.004775206848124354,0.04601210900356415
2,mlp,10109,3,3,1.8044386084586593e-08,3.4641445998818484e-08,1.688434245752198e-08,0.9997745216102453,1.901495536242992e-06,0.00015533722147207854,6.817010257200893e-05
2,mlp,2310,0,0,0.927245032166409,0.00026749763571823397,0.06747914772519856,2.4708424595500867e-05,0.0006147824630401892,0.003594587306513123,0.0007742442785255614
2,mlp,13491,3,6,0.0018181678537610643,7.024308143231437e-05,0.0001898176281308619,0.07370776092216012,0.0012329103525671637,0.010458518401583615,0.9125225817603648
2,mlp,2790,0,2,0.0681870265903959,0.0015500040574051752,0.9298290994551356,1.6238987627951966e-06,0.00018318452789535335,0.0001932479195344054,5.581355087103978e-05
2,mlp,2433,0,0,0.9995338601921583,2.564031394414358e-05,3.1699139789474072e-06,2.578814165454988e-06,2.9581308702573385e-05,0.0004046616061629194,5.078508877860309e-07
2,mlp,10036,3,3,2.6463539195253912e-09,5.0715412617616436e-08,4.20371446332508e-09,0.9999819439885183,1.7341850155082289e-06,2.7229367662177544e-06,1.3541324218860541e-05
2,mlp,6497,4,4,5.669818911173245e-06,2.0968155788973085e-06,0.0003676123742980499,5.934250546827424e-07,0.999456549271404,1.6652314998227845e-05,0.00015082597975490616
2,mlp,6191,4,4,0.0015992877847177656,3.242747289150632e-06,0.0008751014663882725,0.00012140878430786033,0.9318575201775682,0.0008414931599961971,0.0647019458797326
2,mlp,12253,3,3,1.0503549770198005e-05,2.09027664200203e-05,6.388629667230423e-06,0.9730640547811799,0.0008119045233433009,0.0003796580185632599,0.025706587731055986
2,mlp,8690,6,6,0.0009020902667928209,4.264394755192721e-05,0.0001769767428835524,0.01299520657225415,0.0008061153724079604,0.0019644855848778486,0.9831124815132318
2,mlp,8795,6,6,0.0002733739260658047,1.953850104048101e-05,0.00027671735457038396,0.0028870938537302396,0.00416129756292698,0.00017600040804560045,0.9922059783936205
2,mlp,9949,6,6,0.004114403378678886,1.6734495720146314e-05,0.004201533007517734,0.00020185236903725998,0.0583049914379822,0.005728107103183396,0.9274323782078804
2,mlp,10625,3,3,7.812934699868575e-08,6.793695027246994e-07,1.1967523891974282e-07,0.9997644443888651,2.2606385265177915e-05,4.015975927404178e-05,0.00017191229250682134
2,mlp,8144,6,6,0.001165654172392046,9.472520460517937e-05,0.00026355062279008907,0.03479246765276154,0.0023944174106923753,0.0007265349613543961,0.9605626499754043
2,mlp,5982,4,4,1.9559708012718269e-07,1.3755782080112837e-07,2.087910738868407e-06,3.1227838374311475e-06,0.9999092797546615,1.056570499543551e-05,7.461069086588283e-05
2,mlp,12828,3,3,3.207410079021425e-05,2.8518439388204044e-05,3.0118756084537703e-05,0.9386694468255946,0.0008300283457452714,0.0040990020234238315,0.05631081150897347
2,mlp,6198,4,4,2.176055694643963e-08,8.47054083220893e-09,2.3373736651638305e-07,3.1932540114793106e-07,0.9999862025631558,2.3835696484660963e-06,1.083057333050114e-05
2,mlp,7633,6,6,0.00013097885639412645,0.00010170662307295382,5.398410958971215e-05,0.44088448489685944,0.009401622106844398,0.0006663296537998463,0.5487608937534396
2,mlp,551,5,5,3.2204489958762705e-06,3.5242731889730035e-08,1.6447553896454528e-07,0.0011331237284621003,6.876352259432291e-06,0.9987865496814502,7.00300705613493e-05
2,mlp,1658,5,5,0.00043931733631957,4.625565915117804e-06,2.698895609738829e-05,0.0031694485331137073,0.00022470449188240565,0.9896191754093254,0.006515739707346427
2,mlp,2802,0,0,0.9793738931938838,1.4125003565205834e-05,0.018389716957396347,9.575489300369815e-08,0.002075627367827014,0.0001401482738105876,6.393448623676565e-06
2,mlp,8760,6,6,0.0006002653280639691,2.807738703694991e-05,0.00033647836506207467,0.0067573277774640545,0.000777814874434197,0.0014897128666001768,0.9900103234013385
2,mlp,10689,3,3,1.0352512443847555e-07,9.307550086520422e-07,1.0553630524820565e-07,0.9980156469392368,8.213633740728232e-05,6.310218343041626e-06,0.0018947666885745747
2,mlp,5571,4,4,8.48581398423242e-06,1.0554593179223577e-05,5.0606337238540615e-06,0.0594572179774391,0.8956194247796436,0.00028552035395675533,0.04461373584807323
2,mlp,12304,3,3,1.6810282886949655e-06,8.60652015503461e-06,2.030193860524489e-06,0.9942187775766995,0.0007081336198669043,0.0002099825937182889,0.004850788467410937
2,mlp,7923,6,6,0.00046258075585366723,2.126514590767093e-05,3.3964046635853506e-05,0.0793118841203462,0.0018125710451116022,0.002324040548558274,0.9160336943375867
2,mlp,5197,2,2,0.028294027030554447,0.0011635338722671578,0.9704016822581097,3.1407484181845394e-08,0.0001329650619409504,7.466069704672548e-06,2.942999385532107e-07
2,mlp,13409,3,6,0.0004278497957398355,0.0001342315379869855,0.00022830023482252128,0.2774622218624513,0.0032406460924192626,0.0027720429894285653,0.7157347074871515
2,mlp,12169,3,3,4.668608903010794e-06,9.935829715772393e-06,6.137273023433786e-06,0.9887785751962441,0.00043615721409502416,0.0011646696204789821,0.009599856257539492
2,mlp,6348,4,4,4.902373905434307e-05,1.1544454396317478e-06,9.607413309375531e-05,1.5646633195170717e-05,0.9964252677157989,0.00012201773060621033,0.0032908156028120744
2,mlp,3683,1,1,9.616799216121573e-09,0.9999082603188733,9.172849327264688e-05,1.2810893633244652e-17,1.5710544753418877e-09,1.2333466282400748e-16,3.5274223032550035e-22
2,mlp,9767,6,6,0.1481122416494693,0.00018211650070597656,0.020992031472069204,0.0012032967639552593,0.002730831228901854,0.11061395026412352,0.7161655321207748
2,mlp,5295,2,2,0.00952586592831109,0.0004982262063738384,0.9894090291614624,9.508508557314995e-09,0.0005633540889493831,3.3351984264659713e-06,1.799079684208811e-07
2,mlp,8782,6,6,0.00026022920583363215,1.480763563359567e-05,0.0002584281668059021,0.0021396277069078364,0.0013416113717407878,0.00010269049761412618,0.9958826054154641
2,mlp,5504,4,3,1.2726752118058512e-05,3.374312785702287e-05,5.540278016975761e-06,0.8872424046784799,0.07339955086098833,0.0001739312740906334,0.03913210302844878
2,mlp,11688,3,3,1.921063115973314e-06,7.801361520634211e-06,1.3227623331828714e-06,0.9776303590588966,0.0004977045518154385,2.8796160631469792e-05,0.02183209504168694
2,mlp,13118,3,6,0.00026212057000863043,9.746876835484806e-05,6.924144829673775e-05,0.34551278426871657,0.0028768825280203144,0.0012521904415040913,0.6499293119750987
2,mlp,4152,2,2,0.01690014561032967,1.6517877573331994e-05,0.8792199591427156,1.6719299945119022e-06,0.10301346066484729,0.00040339548164113726,0.00044484929289846187
2,mlp,11042,3,3,3.851393485373437e-07,2.662864670370091e-06,3.1193563483744026e-07,0.9903227768583446,0.0002399391695823559,7.818500541624273e-06,0.009426105531877806
2,mlp,1685,5,5,5.1417408844810064e-05,1.2245702311349813e-07,5.242964117622582e-07,0.00023484852022479896,1.681639950970752e-05,0.9994423085558719,0.0002539623621139585
2,mlp,9343,6,6,0.014306618523465412,8.173322506698972e-05,0.004055259753120459,0.002906599122927421,0.0019479746430554907,0.1972556055538195,0.7794462091785448
2,mlp,4140,2,2,0.006825498102622079,0.0001559460370884796,0.9916341174965013,5.027392841565953e-07,0.0012812243425564833,5.785356453342052e-05,4.485771741393508e-05
2,mlp,7372,6,3,2.3887639898145414e-05,8.981695199609955e-06,1.0890121242704123e-05,0.9565675040582672,0.0003472265941224584,0.01725042363607756,0.025791086255192427
2,mlp,7595,6,3,0.00022962468557264907,8.695227454485407e-05,0.00011860330236779124,0.7508610483687068,0.0021015375041071025,0.018193829020158668,0.22840840484454217
2,mlp,7588,6,6,0.000275565133102519,0.00011522865538975676,9.769839915223383e-05,0.2321089135102402,0.036690290465318694,0.0006122599498536575,0.7301000438869429
2,mlp,5721,4,4,2.4333482646292736e-07,1.6302807894440006e-07,1.5431652697893917e-06,1.7869940194719633e-05,0.9994354703523503,9.250129634410812e-06,0.0005354600496451708
2,mlp,4761,2,2,0.057367640312305346,0.0001457648214214617,0.939397945176739,1.091239302184332e-07,0.0029915176575392535,8.910204683715953e-05,7.9208612275203e-06
2,mlp,8620,6,6,0.0016934257041270474,2.547829415469652e-05,0.00027174822354652373,0.008825326996000218,0.0012801010834734264,0.0006952160079544475,0.9872087036907436
2,mlp,848,5,5,1.1776068401378088e-05,1.3793568135321804e-07,6.16831549571131e-07,0.0021654324163026422,1.9212316498371363e-05,0.997517040862019,0.0002857835695479239
2,mlp,5979,4,4,1.5166932430042171e-05,2.516322407075361e-06,5.6753896064613463e-05,9.833963908017543e-05,0.9871272533779364,0.00016491773283811118,0.012535052099243679
2,mlp,8874,6,6,0.0005910768886062711,4.038481120971251e-05,0.0008622040284132138,0.003613516031586386,0.015983029449034347,0.0004726229110572114,0.9784371658800929
2,mlp,3437,1,1,4.2172191480011706e-05,0.9999165075297218,4.1303505898670734e-05,6.946054009236703e-14,1.6770859561426705e-08,1.970382232053341e-12,5.745819043839327e-18
2,mlp,11773,3,3,1.2360131079628184e-06,5.855031659140351e-06,1.3903212058763697e-06,0.9935873709357479,0.00026630001864073064,8.581894325151383e-05,0.006052028736387015
2,mlp,12214,3,3,1.699159825412484e-05,7.702332379323556e-06,1.2735238354481102e-05,0.9396743827215297,0.0004406403106447801,0.045059687866411444,0.014787859932426166
2,mlp,8649,6,6,0.00019245734262815758,3.2698401681533e-05,0.0003220641892890878,0.008662952978709627,0.005673332570298141,0.00017052300089210964,0.9849459715165012
2,mlp,6668,4,4,0.00022384967463441604,3.671155106060873e-05,0.007572131818009218,2.425952201904012e-05,0.9813040637466383,0.0010544067392767027,0.009784576948361556
2,mlp,2862,0,0,0.9999868017598622,2.0668304217719706e-06,2.0588694445257982e-07,2.073931979361995e-08,2.431829936583232e-06,8.470733768062948e-06,2.219747059702611e-09
2,mlp,4590,2,2,0.163899974430977,0.0003463769876267658,0.7876210236787335,1.1199085509799982e-06,0.04746974067781094,0.000606138338196121,5.562597810442413e-05
2,mlp,433,5,5,3.3729994799016955e-07,9.92093835583242e-10,5.202816585280355e-09,8.551233073672181e-05,4.811508102813348e-07,0.999907240237267,6.422786327661523e-06
2,mlp,13499,3,6,0.0005283636579751767,0.00020073451369992423,0.00033795009822167114,0.4685911186952758,0.004399046820900733,0.018862657438354163,0.5070801287755724
2,mlp,3563,1,1,3.20609311672229e-06,0.999952786740049,4.400128527602329e-05,9.525711274454524e-16,5.881544938415594e-09,1.2654090292171209e-14,3.5077934950124324e-20
2,mlp,10697,3,3,8.305843281439091e-07,1.4262595765428667e-06,3.422909496251401e-07,0.9961423129000313,2.803264166053194e-05,5.201863440439159e-05,0.0037750366890494835
2,mlp,241,5,5,4.505129707174007e-07,2.86265836575963e-09,1.295663642145665e-08,0.0003380142049954455,1.079402409329582e-06,0.9996480830889847,1.2356971345024964e-05
2,mlp,9111,6,6,0.0015737275931856207,4.5603442593351546e-05,0.000770135965834511,0.00538853389394651,0.0019148058102522844,0.005588801920887663,0.9847183913733001
2,mlp,3771,1,1,3.55700313175216e-08,0.9999722138922,2.7744684298049723e-05,4.884453483529429e-18,5.853470618466446e-09,8.702312001431987e-17,1.9357153962283912e-22
2,mlp,788,5,5,0.001589489140328772,2.546456533547761e-07,9.619601981847002e-10,0.0004599472048676963,1.6633994567046946e-05,0.9979080420243658,2.5632028256976235e-05
2,mlp,9385,6,6,0.004517246451184875,2.6865201153528548e-05,0.0011685067040587448,0.0011074884797117404,0.0013631979724613935,0.024020536786105957,0.9677961584053237
2,mlp,2918,0,2,0.37978868026873386,0.0003617568932153117,0.6189539361785397,4.198177838317755e-07,0.0002932766437656436,0.0005570806833355555,4.48495146261831e-05
2,mlp,2157,0,0,0.9967553901810117,8.839041614148933e-06,0.0012730161046462568,1.359706669862224e-05,0.000286833041988514,0.001174740954069656,0.0004875836099710198
2,mlp,2573,0,2,0.21166344101108384,0.0014449621541541338,0.7818427193159954,9.541485346556223e-06,0.0003039097830179867,0.0042279286095471755,0.000507497640854913
2,mlp,12497,3,3,2.5807147147380627e-05,3.506936371793023e-05,1.7722339036077157e-05,0.942266120876594,0.0006504252596702158,0.0007648195600953013,0.05624003545373929
2,mlp,4787,2,2,0.0011308331581150303,0.00010936277035442642,0.9885174637238793,3.8600973865602944e-08,0.010179487667534596,4.691990471090265e-05,1.5894174431867805e-05
2,mlp,7074,4,4,5.420192554052467e-06,3.191266567202086e-07,0.00017718384544931592,2.9615160239110746e-08,0.9998083847798098,3.1417405373902326e-06,5.520699832535767e-06
2,mlp,12321,3,3,5.1732593914854124e-05,1.4600380255248051e-05,2.212100335736736e-05,0.9142311760958549,0.000584932210952737,0.03179518486204255,0.053300252853622304
2,mlp,5274,2,2,0.0001852279886672558,0.00029503469415880743,0.9994974002551388,2.6896666552572924e-09,2.186576798329135e-05,4.241596185409894e-07,4.444476667441063e-08
2,mlp,12656,3,3,7.34849225266215e-05,2.5765360967444335e-05,3.1931975008438214e-05,0.6345260807537857,0.0006296749923722034,0.00265785230600902,0.3620552096893306
2,mlp,6552,4,4,4.834032054414194e-05,1.561601660383753e-06,0.00016870877484728619,2.0821337549511863e-05,0.9889123082618507,0.0002903578996560581,0.01055790180389195
2,mlp,323,5,5,9.408613478697718e-08,7.203059433638643e-11,2.975122948727338e-10,1.5720294464818108e-05,6.822129792399164e-08,0.9999825202429743,1.596785585326345e-06
2,mlp,7455,6,6,7.685551513618888e-05,5.986713242198286e-05,3.412476558585434e-05,0.3758102198096017,0.001681582076486376,0.0001692751230570341,0.6221680755777107
2,mlp,823,5,5,2.7797717050210164e-06,8.710900274401608e-09,4.409636447027584e-08,0.00017092711927963586,2.1406141190401963e-06,0.9997880611128371,3.603857479462944e-05
2,mlp,12158,3,3,1.3375964417952287e-05,1.1607455097330549e-05,9.194482742180574e-06,0.963541734022936,0.0002785366452776012,0.0012610292712701811,0.034884522158258616
2,mlp,8119,6,6,0.0017493030624817544,2.8466108861613386e-05,0.00015699372563225688,0.027001500567748884,0.005201639180736323,0.0007238637588074081,0.9651382335957317
2,mlp,4146,2,2,0.01115194516237233,7.775121656810962e-05,0.9849635604039659,7.305591575994594e-07,0.003499812935975812,0.00011655100740368864,0.00018964871455654715
2,mlp,11600,3,3,2.0427734419221096e-06,4.780422143501052e-06,2.0947631455308587e-06,0.9943732098207032,0.00013128095199143726,0.0002759008009705592,0.005210690467604055
2,mlp,266,5,5,2.7027244795637177e-06,3.5022029121099335e-08,1.2116359710416955e-07,0.0029323551620234695,8.894368488092368e-06,0.9969577521477134,9.813941166930669e-05
2,mlp,11911,3,3,3.7050997204744724e-06,6.275463648106455e-06,3.814884517384056e-06,0.9904576749533539,0.00017635076828687366,0.0005526517618437326,0.008799527068629437
2,mlp,8319,6,6,0.0012104399988829406,0.0001095521491438884,0.0002864354199280259,0.08857603159668785,0.010915695325372406,0.017290951095281355,0.8816108944147035
2,mlp,9860,6,6,0.04402399845252765,6.138190593902071e-05,0.015820576724875347,0.0004591761054273583,0.0017216087145607805,0.008501350049242969,0.929411908047427
2,mlp,12176,3,3,3.498400560508695e-05,3.4961975140154835e-05,1.165661021207794e-05,0.8007255388705412,0.001119357206459385,0.00021593368785754422,0.19785756764418452
2,mlp,12318,3,3,1.8223188930154285e-05,1.744615050977304e-05,1.3886040109843787e-05,0.954835779137912,0.0004229095402707753,0.0013054339213108186,0.043386322020956845
2,mlp,550,5,5,3.4521777635475425e-06,8.739520018985873e-09,2.9237151750751616e-08,0.00029774505027837443,2.2822211301707133e-06,0.999640386545608,5.609602854791969e-05
2,mlp,8702,6,6,0.0006203836685012353,2.900152664895353e-05,0.0005427219646843075,0.003351343848756992,0.007374680498410579,0.0003446247479644392,0.9877372437450336
2,mlp,4021,2,2,0.06307911190492885,0.00014735608776373418,0.9149670054689842,6.612633643513129e-06,0.017364956946399265,0.0006578798792385888,0.0037770770790418458
2,mlp,12935,3,6,0.0019612193932572602,2.3038134856703074e-05,4.9738608060753506e-05,0.3002365039314711,0.09644843813692777,0.003245972007115414,0.5980350897883109
2,mlp,7604,6,6,0.0005653961021496363,0.00010314158127378317,0.00018861130133809807,0.28596218880717617,0.0019102009224323119,0.008849826408703822,0.7024206348769262
2,mlp,13412,3,5,0.0009774616789669482,8.390193957677411e-05,0.00025058838675653586,0.1887621654279029,0.0025432113340040532,0.686931943056824,0.12045072817596875
2,mlp,2496,0,0,0.9999229804921336,3.7094657979645216e-07,3.2195538889313145e-07,2.0698311271347267e-08,4.704004856904113e-05,2.9248332587909916e-05,1.7526429427220673e-08
2,mlp,11670,3,3,6.654121438163143e-06,2.6331938739797238e-06,4.944449086920715e-06,0.941812461048563,0.0001923345881772684,0.051447298221295096,0.006533674377565471
2,mlp,1336,5,5,0.0002627195416617097,3.0004757411718154e-06,1.2875009631251845e-05,0.005612492767951948,0.00014165155075228792,0.9892903353193673,0.004676925334894278
2,mlp,5411,2,2,0.015397201422263047,0.004321932964208318,0.9801833700260052,8.702321599294498e-09,9.556639588611449e-05,1.8498216926128478e-06,7.06676229861642e-08
2,mlp,11286,3,3,1.1076718671795726e-06,2.7322502541167883e-06,9.5956905975501e-07,0.9931468584276982,9.125341629930727e-05,9.590254513855228e-05,0.006661186119682828
2,mlp,13213,3,5,0.0004185024483060635,5.067004365875663e-05,0.00012132838473824468,0.4300067993564603,0.001876414219317285,0.4548672855848637,0.1126589999626556
2,mlp,1364,5,5,7.153702604255187e-05,8.612993216150233e-07,4.485345239910554e-06,0.0029080137681131196,6.286549370274348e-05,0.9955543885467353,0.0013978485208447295
2,mlp,699,5,5,1.8311942036236663e-06,4.234212297180945e-09,1.6903762846266393e-08,0.00012843242484365637,1.2693544228171586e-06,0.9998446436824073,2.38022061475207e-05
2,mlp,5880,4,4,6.434185479200465e-05,8.285780629471706e-06,0.00022688838050307137,0.00022304656081140864,0.9754665200934715,0.00037449122123619843,0.023636426108556395
2,mlp,6278,4,4,0.14322253009812522,0.0002851116763379472,0.03486270376407828,0.0011897373257814807,0.5593464487572436,0.010909053465942018,0.25018441491249144
2,mlp,11064,3,3,1.62110624079374e-06,2.2099782135321744e-06,8.071754604777849e-07,0.9933518984359039,5.269320268353275e-05,0.0002238444762491733,0.006366925625248433
2,mlp,9334,6,6,0.0019734800709765993,1.0487551360044026e-05,0.00041993814610510964,0.0005350926333371565,0.0012758723023365722,0.0018919627955476977,0.9938931665003369
2,mlp,7880,6,6,0.0001825737180876502,4.338925941003196e-05,9.691562949851056e-05,0.038535213093980225,0.002240811000320741,0.00014995414144779463,0.9587511431572551
2,mlp,2577,0,0,0.9990345142030918,0.0003386019091598526,5.405592991152216e-05,3.4009857732735875e-06,9.503800473125473e-05,0.0004736759220880522,7.13045244277575e-07
2,mlp,12434,3,3,2.3764178417486624e-05,1.647947446879511e-05,1.544402084761184e-05,0.9277960126608605,0.00041589281186774985,0.0032926667069536264,0.068439740146584
2,mlp,13081,3,6,0.0006202754136435348,4.972004859406299e-05,9.197198812877901e-05,0.4435038804904933,0.001503244168184115,0.08922489593896568,0.4650060119519905
2,mlp,11805,3,3,1.5747767496095954e-06,6.7956728801242495e-06,7.362178622066437e-07,0.9787399837151604,0.006656121004572738,6.330770260183928e-05,0.014531480910173297
2,mlp,10885,3,3,1.9155013459351644e-07,6.258115857090435e-07,3.064226210826376e-07,0.9993310846893145,2.2433786123208613e-05,0.0003037352299919064,0.0003416225102290182
2,mlp,10948,3,3,5.080273511034284e-07,2.4939718741961584e-06,3.771985714261656e-07,0.9971083500337041,5.8525300209342425e-05,3.051681243664371e-05,0.0027992286558531226
2,mlp,3713,1,1,1.6628510154065277e-07,0.9999997169320383,1.1670057159547437e-07,2.638406011093202e-17,8.228784430963371e-11,7.036751388341179e-16,2.4387461118179974e-23
2,mlp,3273,0,0,0.999678696892182,0.0003145498104550941,5.150148420324075e-07,6.6942930298896e-09,1.6484275585280412e-06,4.583063074586421e-06,9.759482290442023e-11
2,mlp,12642,3,3,5.718047264420619e-05,1.9834397056013855e-05,3.6097430975948224e-05,0.8832566997456344,0.0008205830769164331,0.08019988545934104,0.03560971941743205
2,mlp,11736,3,3,4.71049657001092e-06,1.4569154642653357e-05,1.93615581613921e-06,0.9642500993260892,0.0005815703534657364,4.42815718984547e-05,0.0351028329415178
2,mlp,822,5,5,7.351231994093348e-07,1.2519822020489042e-09,5.435412403910112e-09,6.306483024802493e-05,6.051461781225842e-07,0.9999253846625972,1.0203550382695555e-05
2,mlp,6775,4,4,1.2145640263926806e-06,1.8426258182481152e-07,3.823689357301246e-05,2.2862587268635054e-07,0.9998994343736058,9.216386331209607e-06,5.148489400892379e-05
2,mlp,9171,6,6,0.0003313156049209997,2.1569279967980192e-05,0.0006118740507041687,0.0009980685555377147,0.00432786272596123,0.0001591118076887997,0.9935501979752192
2,mlp,1346,5,5,0.0003846619232733279,3.410707915683834e-05,0.00014989894553179772,0.07961474893467745,0.0012040656999133662,0.8830303110256271,0.03558220639182001
2,mlp,9903,6,6,0.00463954503175133,0.0001552584049103552,0.04074927315077165,0.000444129408937226,0.11198975651040737,0.005427803885072915,0.8365942336081491
2,mlp,3719,1,1,1.0227644128427377e-08,0.9999953218825164,4.667477779868406e-06,7.256919238788497e-18,4.120595114003478e-10,2.891322204285424e-17,9.378336483944161e-23
2,mlp,3181,0,0,0.9763517050594999,0.00018684834493862777,0.02296530247739845,2.5145207463092974e-08,0.00047050196390339304,2.5472921131692057e-05,1.4408792037444464e-07
2,mlp,11410,3,3,2.3052695443765115e-06,1.8812375774837106e-06,2.1765320796273412e-06,0.9899079931710041,8.409874326284868e-05,0.0070223827319088146,0.002979162314622552
2,mlp,9114,6,6,0.00023186968285022545,2.0480881572559524e-05,0.00018538734764655788,0.0030881439909769557,0.12884246021705165,0.0014440119700606124,0.8661876459098414
2,mlp,13039,3,3,0.0002540663232018708,0.00012465500733819778,0.00010389629968321619,0.7129739031395929,0.003089734354219035,0.0054907799808783025,0.2779629648950866
2,mlp,4462,2,4,0.0003517653528276444,0.0003047734400910234,0.3506769167412238,8.545854260158058e-06,0.647423376919456,0.0011800018311929213,5.4619860948435286e-05
2,mlp,1193,5,5,9.318334313208596e-05,2.1211927370089804e-07,4.987408926343646e-07,0.0010042834266795599,2.549187097049234e-05,0.9980112697382288,0.0008650607608228329
2,mlp,600,5,5,4.092583726315316e-06,4.661697358406642e-08,2.4107172949980063e-07,0.001172245273461123,8.265149241042586e-06,0.998728639978465,8.646932640342674e-05
2,mlp,3880,2,6,0.05838405370629105,0.00018495729068698503,0.34979915763491154,0.0011172825496083062,0.052079098506332605,0.008299113447220844,0.5301363368649487
2,mlp,4879,2,2,0.008520899777875473,8.337435104437418e-05,0.990103040005231,4.623170966609361e-08,0.0012641402867743041,2.5175163919537e-05,3.3241834453215895e-06
2,mlp,2547,0,0,0.9995472456539825,3.417566182821113e-05,1.844938983074349e-05,1.0161473086064828e-06,2.04277808047593e-05,0.0003781532167483379,5.321494968829302e-07
2,mlp,1623,5,5,0.0002734857585627329,9.388333848076988e-06,8.994869637250362e-05,0.00877042550955523,0.0003016359597069198,0.9783207694221595,0.012234346319795024
2,mlp,7441,6,3,0.0001293322338124624,7.18583354358949e-05,6.208062391428839e-05,0.7419283778335156,0.001247506815128827,0.001991178728596299,0.25456966542959664
2,mlp,12503,3,3,2.510255002673876e-05,4.01465572891911e-05,9.57351566796883e-06,0.9019887825229329,0.00238746812164881,0.0002914154608967613,0.0952575112715377
2,mlp,1876,5,5,0.19794788417693623,0.0002852585420221438,0.0006853154789339679,0.00919716442340884,0.0021929360328861226,0.7361901187260153,0.05350132261979746
2,mlp,6669,4,4,1.0353751010630282e-05,3.1366566739773174e-06,0.00034674838485584914,2.2371723648091224e-06,0.9992289049745563,9.116893375322266e-05,0.00031745012678530116
2,mlp,10365,3,3,9.176403880202132e-08,3.471780762465602e-07,6.693836717787044e-08,0.9990408457036263,9.07427293852755e-06,1.4204295688057147e-05,0.0009353698472648343
2,mlp,7906,6,6,0.0004946244609267467,0.0001459144325133942,0.00023541293050630745,0.16819486230189257,0.018046404877855568,0.0022480813813919444,0.8106346996149134
2,mlp,3575,1,1,5.976452306790641e-07,0.9999972834459201,2.1180335965099348e-06,4.731129544846808e-16,8.752491486492429e-10,3.200272618311478e-15,6.199673956823783e-21
2,mlp,6132,4,4,0.000669389527893065,1.3147588442470848e-05,0.013664188516895171,2.686783626785555e-05,0.9558772874784073,0.0006437286409858928,0.029105390411108278
2,mlp,2650,0,0,0.9994310306762587,1.8082998926609857e-05,0.00042486525761085763,2.238535089367162e-07,4.517237184301262e-05,8.024213148079149e-05,3.827103712927757e-07
2,mlp,6667,4,4,0.005574616596585669,0.00010930453904668806,0.07138706928441445,8.458055138820232e-05,0.8633951672593859,0.0024595340431079163,0.05698972772607092
2,mlp,2372,0,0,0.8164601551175951,7.444619998357102e-05,0.17043060836601587,4.790295240073648e-06,0.008207661629945085,0.0023132443820285536,0.002509094009191941
2,mlp,2890,0,0,0.9998511233187193,3.1974977623096532e-06,0.00010921863672655603,1.8932260635959292e-08,1.1140275616708982e-05,2.5202218546975666e-05,9.912036757400093e-08
2,mlp,6024,4,4,3.2763065486082136e-06,4.090699224982462e-06,6.034610146076119e-05,1.1136953924910478e-05,0.9996539626968961,3.9862267122443494e-05,0.00022732497482214894
2,mlp,9170,6,6,0.0049445531030741525,6.423942856035584e-05,0.0019234846970223691,0.004829278212450254,0.001997320829642208,0.04658124952451171,0.939659874204739
2,mlp,6568,4,4,4.644658351202088e-07,1.682839976888053e-07,6.487694417235081e-05,9.103518996182189e-08,0.9998878220601671,4.462815145020327e-06,4.211439549272896e-05
2,mlp,11085,3,3,9.415782235721062e-07,2.9790434147414633e-06,5.568371699152385e-07,0.9803406986115645,0.00013116555249511762,2.1050445588252382e-05,0.019502607931543983
2,mlp,8002,6,6,0.0007130218713758423,0.0001777197069358681,0.0002541479485799334,0.3094921170191698,0.009141124533196952,0.01807751742297056,0.6621443514977712
2,mlp,4026,2,2,0.0068963433632691,8.492116342145882e-05,0.9887944627534163,4.118304821040911e-06,0.0026244125467977442,0.00028800705460772113,0.001307734813666554
2,mlp,11059,3,3,1.8460846506586126e-06,7.335450623880413e-07,7.085063668458964e-07,0.9840599562421674,6.438255337899834e-05,0.014052851955577365,0.0018195211127964102
2,mlp,9573,6,6,0.005740361416263195,1.2624831994938772e-05,0.002645524371875269,0.0006150147964636975,0.0052940927623773915,0.000720727533952146,0.9849716542870733
2,mlp,7638,6,6,0.0004292075900958013,0.00013208443594775354,0.00017956820014829918,0.27773382140488195,0.0020144765756926644,0.0032802918311706014,0.7162305499620629
2,mlp,4721,2,2,0.004907552253837166,0.000256780094409395,0.9946416475960668,6.500491898303621e-08,0.00017125229417006897,1.7547946833304638e-05,5.154809764391724e-06
2,mlp,9030,6,6,0.0005517381548582453,2.0159402658778226e-05,0.0004904215505586808,0.003179971787729537,0.0013914582054077803,0.0010105486910013271,0.9933557022077857
2,mlp,10516,3,3,8.111215154095411e-08,3.44870970325047e-07,7.859434791922816e-08,0.9994228063599645,1.0218932171966857e-05,2.017888716575341e-05,0.0005462912432280761
2,mlp,11120,3,3,4.990999795729559e-07,2.974695245921806e-06,2.566099732444523e-07,0.9959866767312896,0.002242600963160344,4.0056218658360106e-05,0.0017269356816928111
2,mlp,2796,0,0,0.9999926935458756,3.6440602942822657e-07,1.910279512236282e-07,5.006827094911791e-09,1.5644071027294512e-06,5.18000432888601e-06,1.6018850484474715e-09
2,mlp,2161,0,6,0.28644028812526223,6.526567737937364e-05,0.06325676849523759,0.00016629146751299752,0.04315255985861221,0.014057518410243964,0.5928613079657516
2,mlp,83,5,5,2.3221555515433007e-06,4.11439986684162e-08,1.3932535541672002e-07,0.008497076796432941,1.0730389946703751e-05,0.9913624336587166,0.00012725652999820278
2,mlp,7742,6,6,0.00044594894374495555,3.828016752650297e-05,7.595607882782077e-05,0.15266715397940006,0.001279802922351835,0.017743507764292323,0.8277493501438564
2,mlp,1773,5,5,4.869799379854648e-05,1.505664989372095e-07,9.125132493065851e-07,0.00022703855120277176,1.4462581919871395e-05,0.9994874575531919,0.0002212802401386348
2,mlp,10231,3,3,1.1894108289945986e-08,1.419040825308898e-07,1.8886135265971037e-08,0.9999178448475892,6.1345779563979375e-06,6.322689784435813e-06,6.95252003438735e-05
2,mlp,8006,6,6,0.0002966272829946058,8.188293911274047e-05,0.0002076476554882664,0.14330201815844756,0.0019898517723832988,0.0011786160477307093,0.8529433561438429
2,mlp,652,5,5,6.784422684810836e-07,1.0030221916223344e-09,3.952777074302982e-09,6.283857221601216e-05,5.051706300575501e-07,0.9999257529883674,1.0219870718812296e-05
2,mlp,9336,6,6,0.002797776321225065,4.5491085909000076e-05,0.001449413431446554,0.002950314620151726,0.0015992973831511926,0.02497493108594586,0.9661827760721706
2,mlp,5466,2,2,2.8471905898270927e-05,0.0005558751325610332,0.9994060910112128,9.958484565828569e-11,9.538216865191489e-06,2.3417611268129487e-08,2.1626655042609387e-10
2,mlp,7144,4,2,0.020100300028336723,0.00029194841936247367,0.7606451341506709,1.5167726215935832e-05,0.21243471211191398,0.0014337302540985651,0.005079007309401407
2,mlp,6762,4,4,0.00047459595218861145,1.0910538240303617e-06,0.013410403629294274,5.1863220023142575e-06,0.9692647277457578,0.00031004874818183614,0.01653394654875101
2,mlp,4234,2,2,0.0003356840563939992,0.00010768869110044115,0.9993116222701837,2.6043809348394405e-07,0.0001658322818898544,2.9507085589164676e-05,4.940517674938223e-05
2,mlp,3697,1,1,3.364984241443845e-08,0.9999991927166274,7.733877229976293e-07,1.1459883766947721e-17,2.4580718447150797e-10,4.6343627292450756e-17,6.196092026549444e-23
2,mlp,11360,3,3,5.99015870951036e-07,4.240126225834217e-06,4.4083516620124974e-07,0.9938709946819607,0.0012386167172493915,2.4691277198565284e-05,0.004860417346328336
2,mlp,10869,3,3,1.199287671824868e-07,1.2646806733219371e-06,6.552205851583378e-08,0.997985039891822,0.0006595997049640486,7.116931326784099e-06,0.0013467933403881016
2,mlp,11486,3,3,1.5439972012388458e-06,6.535203566461657e-06,1.0615713771419843e-06,0.9947111514545645,0.0002081073501905154,5.971045481138884e-05,0.005011889968288814
2,mlp,1309,5,5,6.11136913527139e-05,4.5131747369160514e-07,2.5027827600412417e-06,0.0014658094966801228,3.643236291925953e-05,0.9976736371920555,0.0007600531567587217
2,mlp,2619,0,2,0.02220493988792728,0.00011822453909785587,0.9763400574095722,6.725546572739509e-07,0.0009986869729359542,0.00016853108194529113,0.00016888755386390366
2,mlp,3207,0,0,0.9999985437002482,2.8060238996539494e-08,2.9305813101470627e-09,3.00232253937756e-11,1.2025723597306162e-06,2.2270545445896167e-07,1.0941947114158365e-12
2,mlp,5246,2,2,0.014175870965018439,0.0007407077498437743,0.9848136041864586,1.946106017146484e-08,0.0002645910379985885,4.882648038992071e-06,3.239515814995417e-07
2,mlp,4845,2,2,1.414104118072037e-05,5.557579095391427e-06,0.9994315478822187,1.2072798958333293e-09,0.00054778132907046,8.01697743118382e-07,1.6926341187092405e-07
2,mlp,6632,4,4,0.00045591852144769035,3.0191444137097324e-06,0.0009083702726503051,2.62978538259469e-05,0.9876849454597977,0.0003860268097227564,0.010535421938141994
2,mlp,3395,1,1,0.00010859710234638323,0.9995353457654856,0.0003560004690405265,5.518996587663509e-13,5.66505204439488e-08,1.2054421616631618e-11,1.9555707698299592e-16
2,mlp,8840,6,6,0.003040195886212702,5.9666666114358206e-05,0.0009401043533445847,0.005681981705152456,0.0015031657994688393,0.009927337759969233,0.9788475478297378
2,mlp,5731,4,4,2.6680013305985327e-08,8.150849277642279e-09,5.899709742485042e-08,8.861752459256489e-07,0.9999930615329832,1.398494509632486e-06,4.559969301507221e-06
2,mlp,1293,5,5,3.420570527437782e-06,4.3127966299164e-09,1.761690186466887e-08,5.671631213944796e-05,1.1992768353607217e-06,0.9999136106684148,2.5031242384519737e-05
2,mlp,5200,2,2,0.026057776965764227,0.0012012263814482778,0.972600524006119,2.305032624912656e-08,0.00013083349995352943,9.496519714746164e-06,1.195766740971937e-07
2,mlp,3364,1,1,0.0030203840472190708,0.9846282574809995,0.012349496584135894,1.1382242338903573e-11,1.8609932427122233e-06,8.829874585563862e-10,3.3225763057457126e-14
2,mlp,6197,4,4,3.3753484876953345e-07,5.777133211402181e-08,2.849669438087662e-06,1.0500261700236466e-06,0.9998964203285275,6.578857805945032e-06,9.27058118776572e-05
2,mlp,5218,2,2,0.005917797989102997,0.00030632318792243223,0.9936276495204862,1.3732676325223641e-08,0.00014165834048225198,6.004039232255563e-06,5.531900974929496e-07
2,mlp,3485,1,1,1.854837498487539e-06,0.9997219753351335,0.0002761521246350285,4.601884655325059e-15,1.770267525958247e-08,5.29307846765235e-14,7.223918888000135e-19
2,mlp,6178,4,4,1.37559642690981e-06,2.1055206608508887e-07,9.611257803744537e-06,4.497401821038851e-06,0.9994086275468119,2.1842736172169254e-05,0.0005538349088981544
2,mlp,320,5,5,2.158834444363481e-06,1.1695647085513703e-08,4.391931340373052e-08,0.0006249209976262716,2.918096336629195e-06,0.9993216914992794,4.825495735283952e-05
2,mlp,7727,6,6,0.0002178550137330567,0.00015415943489933956,0.00011889030499795737,0.3933642957606149,0.0034072674569214797,0.0006821841395790036,0.6020553478892543
2,mlp,4056,2,2,0.041626342107841684,0.00039429563263421196,0.8591685437295454,9.396325276081606e-06,0.09343384222242238,0.002646623615196635,0.0027209563670836548
2,mlp,8116,6,5,0.002198549103112944,0.00013974636355771334,0.0006471651515247281,0.11628362792661569,0.0031813491978235787,0.5701690189514593,0.307380543305906
2,mlp,1100,5,5,4.574790760194417e-07,4.5742747417612947e-10,1.984176405733624e-09,2.4076236232397553e-05,2.7080067371978866e-07,0.9999704904651865,4.70257722749958e-06
2,mlp,12185,3,3,1.5011267760883507e-06,9.626165621090395e-06,8.777644677636315e-07,0.9806255762818106,0.0035169353264732865,4.3863517387424316e-05,0.015801619817463954
2,mlp,6656,4,4,4.4582819383707296e-08,8.555518774829211e-09,8.467520351199004e-07,5.676758162241316e-08,0.9999916858250448,1.313344004169317e-06,6.044172995966302e-06
2,mlp,93,5,5,9.730968495987847e-07,1.2231833335065547e-08,4.435128347250164e-08,0.0029649627432301214,4.531919280935803e-06,0.9969810264380266,4.844921949585148e-05
2,mlp,2177,0,0,0.8527146052665957,0.0007076616744675578,0.11009257119440923,0.0003248240786665665,0.0016440073804641592,0.02091715674301696,0.013599173662379635
2,mlp,5123,2,2,0.11901779582556798,0.010875576004224874,0.8698645332735525,3.501493631443502e-07,0.0002031516830639261,3.602247197122198e-05,2.5705922564572664e-06
2,mlp,6738,4,4,1.3310255574860543e-05,2.459399783889392e-07,8.640251305507136e-05,1.081495264562788e-06,0.9991894236008576,4.652093465418561e-05,0.0006630152606151461
2,mlp,5590,4,4,2.6721444109563625e-07,3.415617484240472e-07,4.4166594337432616e-07,0.0005562136674853498,0.9986330058533128,1.7912240260520884e-05,0.0007918177968086126
2,mlp,7907,6,6,0.0004900028874809246,9.420800943812551e-05,0.00020572413926531929,0.06518010875777543,0.007753037818045353,0.0006508283511675597,0.9256260900368273
2,mlp,5651,4,4,6.263953563450786e-08,5.6188181824917176e-08,5.175787609186021e-07,1.3603421976556748e-05,0.9993974690743564,3.465173702279066e-06,0.0005848259234864173
2,mlp,874,5,5,1.3590679740897118e-05,1.34754176579021e-07,6.564778438150916e-07,0.0016477949622268541,1.700699321577189e-05,0.9980630890340795,0.00025772709871664594
2,mlp,6509,4,4,1.2179196141238962e-06,1.0726050376319594e-07,8.523107945338873e-06,1.7532373805250756e-06,0.9996166082944244,2.5763427331279294e-05,0.0003460267528004835
2,mlp,1823,5,5,8.391716014863145e-06,4.368673471091053e-09,6.8078036564690495e-09,1.209238522132323e-05,1.038263300638392e-06,0.9999719525008852,6.51395810076539e-06
2,mlp,2028,0,6,0.0011434741871772926,0.00021421073063417406,0.0003049829267450954,0.2428342253420065,0.005040458744442682,0.011595020165131953,0.7388676279038623
2,mlp,10184,3,3,3.4914314895384403e-09,1.2303658916341924e-07,7.58883782953291e-09,0.999965546469195,1.0316604656728559e-05,2.9743751014007377e-06,2.102843418836353e-05
2,mlp,6463,4,4,5.964816990948975e-08,1.782819564824949e-08,2.1943841627486827e-06,6.209421177037952e-08,0.9999822450270209,1.918479223521746e-06,1.350253901541181e-05
2,mlp,8380,6,6,0.0003642595689238234,5.133210904076037e-05,0.0002151134776880851,0.03453016669741416,0.0013914324578545654,0.0011409086997509535,0.9623067869893277
2,mlp,9757,6,6,0.024195104902645103,0.0001083575626602986,0.014326716983274796,0.0009513074981070336,0.0014581208975105293,0.04574356857113711,0.9132168235846652
2,mlp,12406,3,3,3.985682457332367e-05,2.2777829186594165e-05,2.447718890750905e-05,0.9557628650033162,0.0006477080778848063,0.01013245294474859,0.03336986213138321
2,mlp,7279,4,2,0.0003542946660072518,9.163336279902248e-05,0.9172278391575501,6.414556281306331e-07,0.08164251882513468,0.00012103625480161274,0.0005620362780790803
2,mlp,6879,4,4,1.6513452230929032e-06,1.3115926018073476e-07,3.944828839768823e-05,3.0923785540455044e-07,0.9997090266656231,2.9776127616715204e-05,0.00021965717602356668
2,mlp,5350,2,2,0.2303029410329016,0.011126960838397738,0.7582834020504324,5.0295346298054886e-08,0.0002710109599886636,1.5604252569174598e-05,3.0570364291060855e-08
2,mlp,10101,3,3,3.282275558642425e-09,6.884962122982043e-08,6.6956881605772634e-09,0.9999812694718834,2.916748993607122e-06,4.369898717539345e-06,1.1365052820368732e-05
2,mlp,5519,4,4,5.546234836385413e-07,2.6987936475513298e-06,1.1225691408226438e-06,0.004954542479281702,0.994486153303197,4.453837705602418e-05,0.0005103898541930483
2,mlp,10424,3,3,4.1239103892494714e-08,3.3068015882379204e-07,7.277588495706902e-08,0.9998333226456475,1.0213829813525579e-05,4.027998504286252e-05,0.00011573884434830057
2,mlp,6770,4,4,4.327712799958676e-07,3.474311596645193e-08,1.2734306984671238e-05,8.876530279187158e-08,0.9999347413867279,5.192004468178618e-06,4.6776022120292076e-05
2,mlp,9200,6,6,0.004889208693292508,2.8895323905194147e-05,0.0008785549518943527,0.001528411899811433,0.0012797307333013762,0.000808078352879473,0.9905871200449158
2,mlp,3022,0,0,0.9957027075599171,0.002172264414006515,0.0019753953945193174,6.071893942502158e-07,5.179312785468757e-05,9.676126146828484e-05,4.710528399434381e-07
2,mlp,8183,6,6,0.001707188750714131,0.0001508988424672887,0.0005548881994009331,0.04407510136068323,0.0022939869115691405,0.002005928296748551,0.9492120076384167
2,mlp,301,5,5,5.268670481100178e-06,3.25259290521797e-08,1.1477908452586547e-07,0.0014132717136320378,6.78274697532932e-06,0.9984389952106061,0.00013553435329194508
2,mlp,797,5,3,0.00033476333130767587,5.3763149457577716e-05,0.0001325199559562779,0.4923884199174288,0.0020164319902144976,0.4361248022800987,0.06894929937553647
2,mlp,1853,5,5,0.00023486321506897901,1.1775139615552088e-06,1.3043058376899394e-05,0.00045799708250082987,4.860659464957491e-05,0.9984597288411963,0.0007845836942458167
2,mlp,3159,0,0,0.9830132631424927,7.652169705281416e-05,0.016802719639616596,2.328668954246684e-08,7.54180481654625e-05,3.18131963179271e-05,2.409896648690706e-07
2,mlp,10212,3,3,2.0299401166932248e-08,1.3846369756217084e-07,2.585152722883988e-08,0.999889656593608,3.5946600369508923e-06,1.59078047194957e-05,9.065632700972303e-05
2,mlp,7368,6,3,3.301911887362895e-05,2.5326567590650157e-05,9.46952745346364e-06,0.8162668604433474,0.00043284958050881486,0.00015945157565942588,0.1830730231865666
2,mlp,3678,1,1,1.0822409620554721e-08,0.9999233355055583,7.665244041875538e-05,1.231017933004981e-17,1.2316132923719766e-09,9.160498084919125e-17,2.9398581219100396e-22
2,mlp,4904,2,2,0.006336086551421174,0.00015805974565878548,0.9928428064312389,7.486088239992603e-08,0.0006267281541830964,3.030538880759362e-05,5.938867808213213e-06
2,mlp,5754,4,4,5.493944199321576e-07,1.6338996998614154e-07,1.5040434060006158e-06,1.7412902028898002e-05,0.999675380777579,1.6239322352284658e-05,0.00028875017024393635
2,mlp,6692,4,4,3.982052856296042e-05,5.4853078742556585e-06,0.002254746042512576,1.7210416016559103e-06,0.9969649265865815,6.036863844268309e-05,0.0006729318544242143
2,mlp,7938,6,6,0.0012671254998506132,0.00011167543529146526,0.00036268852656124654,0.12746914681034344,0.002539570797182439,0.047715721867228125,0.8205340710635427
2,mlp,9254,6,6,0.0030920582771561786,1.9800618858380516e-05,0.0005702053122959032,0.0011334418482259205,0.001734698220658217,0.0110828156053034,0.9823669801175019
2,mlp,8943,6,6,0.005857532715626825,6.180438862419545e-05,0.0009901861436890078,0.005745725179985058,0.0034009125379123495,0.06608524312019257,0.91785859591397
2,mlp,6304,4,4,7.967255979528233e-07,6.8256228470286555e-09,8.936686135922636e-05,1.8935021470176565e-07,0.9995103626619255,1.3343115289765743e-05,0.0003859344599899065
2,mlp,274,5,5,4.1897205517023085e-06,1.1193782975923176e-07,4.465935322463334e-07,0.007880057468082378,2.0457879431279817e-05,0.991860051200544,0.00023468520002879818
2,mlp,13256,3,3,8.633233571040376e-05,0.0001208439812334492,5.128300398260586e-05,0.6634141100011609,0.008430577965018678,0.0006734980021979817,0.32722335471069613
2,mlp,8906,6,6,0.0010062110981457532,4.436191987268388e-05,0.0005613962669329349,0.006379832339116332,0.0012740664953110258,0.0018683187996576347,0.9888658130809637
2,mlp,12339,3,3,1.1271328583991587e-05,8.034845698666998e-06,8.319890947257454e-06,0.9652433991137966,0.00029450663622252094,0.003693889107904322,0.030740579076846727
2,mlp,4557,2,2,0.04013242782653524,0.0003035693254716934,0.9578981784743436,2.935004990458551e-07,0.00027469875693632615,0.0013360770046856691,5.475511152856872e-05
2,mlp,11589,3,3,1.908313450014209e-06,3.5780163219570508e-06,1.7886548109457594e-06,0.9918816215478188,0.00011143636392547307,0.00023905599275823023,0.007760611110914495
2,mlp,1702,5,5,0.0007939174347334724,7.411556253726502e-06,3.7554356777014805e-05,0.004682399001161546,0.0003358748209460506,0.9814133576981287,0.012729485131999554
2,mlp,9291,6,6,0.0010019116007456109,3.6873768132490954e-05,0.0012276514475725493,0.004977174406925951,0.002208696815609998,0.007831787812959163,0.9827159041480542
2,mlp,8549,6,6,0.0009290997955083573,8.795387396733263e-05,0.00040659640768503754,0.026240645992148422,0.12591015186202797,0.00313913619009582,0.8432864158785669
2,mlp,3043,0,0,0.9998664475096612,7.452854449927762e-07,3.678588948948993e-05,1.3296055789510679e-09,8.907303023811112e-05,6.935631685149673e-06,1.1323875472517008e-08
2,mlp,12691,3,3,1.7416682701528455e-05,3.578949791928641e-05,1.2290346491257955e-05,0.9620685442051032,0.001620634270623858,0.0005868532839819556,0.03565847171317897
2,mlp,3078,0,0,0.7449356076476819,0.0009899309406458377,0.25373143378113133,3.4960962695468807e-07,0.00022834216364850979,0.00011072644692195692,3.609410343656833e-06
2,mlp,8909,6,6,0.002746360015800723,2.9671003007817212e-05,0.000940778514845932,0.002682092858219886,0.0059108050516125865,0.000753581501596266,0.9869367110549168
2,mlp,12204,3,3,6.317562253483062e-06,1.721873620972772e-05,5.207407745385519e-06,0.9884359999031778,0.00047922377377082387,0.0003056862164582072,0.0107503464003845
2,mlp,6882,4,4,3.447231584455921e-09,1.2962198775892882e-09,2.8842983673665427e-07,3.417185831828841e-09,0.9999986368233531,4.1141929640536943e-07,6.551668764736933e-07
2,mlp,12777,3,3,0.0001873052801360153,5.879812385339984e-05,6.598970361993052e-05,0.7389263756295282,0.0011328201355210838,0.006519569913080453,0.2531091412142608
2,mlp,2040,0,6,0.029296707129166242,0.00012159712748403911,0.0026587550219780583,0.0020985599516889636,0.0013060679896024932,0.005303677909595574,0.9592146348704846
2,mlp,10427,3,3,6.441990523895594e-08,4.975900460915187e-07,9.574945899291633e-08,0.999691700793591,1.3618851508078106e-05,3.535647073681877e-05,0.00025866612475355824
2,mlp,1367,5,5,0.0020757092880573256,3.20494839083499e-05,8.58677596131053e-05,0.03846346413342724,0.0007347236129096342,0.8869325456190463,0.07167564010303798
2,mlp,6731,4,4,3.4771545904391064e-05,2.744156066471683e-06,0.0012508250978540412,2.363917772241949e-06,0.997582795955359,9.21416674339879e-05,0.0010343576596098972
2,mlp,3278,0,0,0.9954272659959517,0.004454212505865556,3.9975438316695245e-05,5.01604241372912e-08,7.140252421871095e-06,7.135450720933608e-05,1.1398105352970414e-09
2,mlp,5545,4,4,3.6052575957092123e-06,2.8245466499610057e-05,1.815561992283936e-05,0.036767538992634755,0.9453307410710003,0.00014272194920831208,0.017708991643138237
2,mlp,12383,3,3,6.247969124132738e-05,9.098949649872001e-06,1.6193624952343472e-05,0.7458311213454845,0.0005837407988555323,0.22509198519588655,0.028405380393929997
2,mlp,4712,2,2,0.00031152182313945903,3.251348951620328e-05,0.9989196676030729,1.3442256251182988e-08,0.000728723511035446,6.485917767999861e-06,1.0742132116278886e-06
2,mlp,2769,0,0,0.992845976309269,1.0176634151363681e-05,0.00536937170568885,7.409579019778975e-08,0.0016640298689087891,0.00010880264817732887,1.5687380143626925e-06
2,mlp,3649,1,1,2.9238249517746497e-08,0.9999469893115308,5.2978800519925854e-05,4.380168566116113e-17,2.6496995726219607e-09,2.516309669241072e-16,2.6023357767796294e-21
2,mlp,10612,3,3,6.032842258613946e-07,1.2415388083141737e-06,1.9330945721202878e-07,0.9940734869743986,4.8128553427107904e-05,1.3031878143936915e-05,0.005863314461539073
2,mlp,5452,2,0,0.6588415925136327,0.0338524048902553,0.3070402917075268,3.5426335258260974e-08,0.00025850483792173276,7.136554694250094e-06,3.4069634056925414e-08
2,mlp,10970,3,3,4.092998844353634e-07,8.360486708349054e-07,4.205735113846188e-07,0.9980191083187434,2.950694730464346e-05,0.00016442347252874128,0.0017852953393565777
2,mlp,12003,3,3,5.62432312744455e-06,1.615076964611557e-05,3.9472432050487036e-06,0.9859065274680769,0.0003990052607937112,0.00017240589557824106,0.013496339039572362
2,mlp,3039,0,0,0.6009010668482206,0.00220940976691227,0.3965409011440801,5.517253116512302e-07,0.0002025854682468082,0.00014036402238827998,5.121024840424746e-06
2,mlp,11920,3,3,5.699269367292345e-06,1.4601592635630946e-05,3.1256236807269666e-06,0.9818305976784649,0.0004106896586104354,0.00014715047741124912,0.01758813569982951
2,mlp,10925,3,3,6.090762833969668e-07,4.049174036103343e-06,2.923854610778825e-07,0.9884079164800047,0.003446111114441932,1.931501553186929e-05,0.008121706754240749
2,mlp,6044,4,4,1.1711064398560501e-07,3.5975355149629085e-08,1.0059787908912274e-06,1.454635722230707e-06,0.9998820049493259,5.159678705547727e-06,0.00011022167145643411
2,mlp,7642,6,3,0.000298813224005116,0.00013630271554045763,0.0001600389851183954,0.6447706265424782,0.0022682859986920627,0.008861151781654567,0.3435047807525113
2,mlp,5027,2,2,0.0015437808438883305,0.00015945056797528803,0.9878879689316554,1.2504442089258533e-08,0.010391575130067391,1.4266137670456627e-05,2.9458843012647352e-06
2,mlp,6641,4,4,1.4930580782549233e-07,1.4006532041242968e-08,2.5815885847544942e-06,7.074059795319642e-08,0.9999795588939031,1.967289038098179e-06,1.56581755362948e-05
2,mlp,12075,3,3,1.1553678319863511e-05,1.25308932670674e-05,7.194819143660495e-06,0.9578911392013002,0.0002806256710976222,0.00044917823433685575,0.041347777502534794
2,mlp,8184,6,6,0.0002665342234134229,1.9426405421940147e-05,0.00013760691438325208,0.007295101338735383,0.00046414254247094855,0.00012351476216258014,0.9916936738134126
2,mlp,7832,6,6,0.0005725661970089669,0.00013810455038459562,0.0003352323724664521,0.41583715032538665,0.003127752514731971,0.02214294470814671,0.5578462493318745
2,mlp,700,5,5,2.410296433361485e-06,9.473256303571755e-09,4.635902181354103e-08,0.00026539373099503474,2.559420316017042e-06,0.9996899022353093,3.967848466813867e-05
2,mlp,10471,3,3,5.547281774993757e-08,6.58226829994074e-07,5.920123255696124e-08,0.9996271813799299,2.8748220366255347e-05,6.797013120720509e-06,0.0003365004857029602
2,mlp,12825,3,3,7.251905183378984e-05,6.496728619693967e-05,4.628622326713235e-05,0.8495108294619603,0.0011669787929710761,0.0014400393349128058,0.14769837984885786
2,mlp,8730,6,6,0.0005725577066521463,6.138919471998083e-05,0.0006339241449594285,0.006898967352597781,0.033666687668125334,0.0010172081720855998,0.9571492657608597
2,mlp,9276,6,6,0.0022734183535512245,3.7880488940590465e-05,0.0013078581133117487,0.0027685685399381466,0.0012660419705180222,0.01025392680643659,0.9820923057273038
2,mlp,9954,6,6,0.07333045773508201,0.0001995571063865207,0.12030882487531898,0.00045318583171399053,0.005859916093303626,0.038104835737111806,0.761743222621083
2,mlp,1176,5,5,3.6265260834203725e-06,7.219544002815115e-09,2.1142165967700154e-08,0.0001375339786663959,2.8109133925862954e-06,0.999821387195309,3.4613024838647586e-05
2,mlp,7967,6,6,0.0005337048692610184,4.988886898330109e-05,0.0001418206583371733,0.04725755325192836,0.0007368007457327789,0.0003758070623686742,0.9509044245433887
2,mlp,10496,3,3,7.0977241747095e-08,6.192130565759816e-07,9.28370829696364e-08,0.9997188875141679,1.5527789716097307e-05,2.4398452988182987e-05,0.00024040321574654192
2,mlp,5986,4,4,3.413378482686916e-05,1.588202619689568e-06,3.621679600994715e-05,0.0001258498551274026,0.982532171540848,0.0002727679399857063,0.016997271880582438
2,mlp,10208,3,3,2.9694073046152e-08,6.21856094860331e-08,3.249562031411142e-08,0.9996223433945111,2.417923627909682e-06,0.00011713625109757398,0.00025797805546038587
2,mlp,5117,2,2,0.00023517190931307696,3.6188932520991564e-05,0.9994911991576673,1.8656318725303407e-09,0.00023619424042152715,1.2045708831891814e-06,3.9323562065871246e-08
2,mlp,8191,6,6,0.0003722402238383913,4.0155710792335794e-05,0.00010119240889603013,0.03968749603763409,0.023695878723413628,0.0009236827972059023,0.9351793540982196
2,mlp,9054,6,5,0.006510724554909933,7.759399773078556e-05,0.002046415568753499,0.008208649911050827,0.0018446664497721351,0.6522995528728543,0.3290123966449284
2,mlp,5467,2,2,8.768258482678192e-05,0.001113328066861602,0.9987265647349834,2.4218787751572886e-10,7.235082313105477e-05,6.92584682394473e-08,4.289541044457464e-09
2,mlp,5882,4,4,0.046328184496762986,9.817354619823133e-07,0.00019279698242152032,0.010497453908751505,0.7935628784149624,0.09746076208850271,0.051956942373136826
2,mlp,10677,3,3,1.3474597026175187e-07,6.519863678213331e-07,1.783004300007864e-07,0.999497283068239,1.5162055272687057e-05,6.63879124707866e-05,0.0004202019312492075
2,mlp,12652,3,3,3.200726212387902e-05,4.205969432826351e-05,2.3211300594592886e-05,0.9444932284735743,0.0013107808407653886,0.0013968375848828257,0.052701874843730775
2,mlp,11346,3,3,1.302369729847984e-06,8.110017847835731e-06,8.356665161836635e-07,0.9599273487913611,0.001620263349882857,1.4105247534520274e-05,0.03842803455712761
2,mlp,12649,3,3,2.1510433408132302e-05,5.1818826198077236e-05,1.3740965477820903e-05,0.757190381473434,0.006386482363850977,9.698661020221551e-05,0.23623907932742866
2,mlp,4622,2,2,0.014191983435892829,0.00035353800154538055,0.9850592746375086,1.6445727297779144e-07,0.00034987501926778965,3.2979582168641606e-05,1.2184866343888642e-05
2,mlp,10323,3,3,1.457739638964295e-08,1.284780426094994e-07,3.9880642939914646e-08,0.9998926741903975,6.566604448740651e-06,6.394503105830424e-05,3.663123801338242e-05
2,mlp,705,5,5,6.722851064857386e-05,8.030047944237312e-08,4.921806704664576e-08,0.0004935260746336362,1.0292389097249882e-05,0.9991904845747994,0.00023833893227454513
2,mlp,2824,0,0,0.6847016866692044,0.0007923507247192023,0.313700376604979,1.779563147783522e-06,0.00026921199862155534,0.0004953446575581184,3.924978176988123e-05
2,mlp,7276,4,4,2.7809595281270157e-05,6.514955314293883e-07,0.0016470977361899368,3.480182794325249e-08,0.9982987373710289,7.485553986977688e-06,1.818344615370658e-05
2,mlp,5252,2,2,0.0016727355251801954,0.00039372188142549626,0.9977035614207465,7.43759531604171e-09,0.00022423484196722507,5.100317640316117e-06,6.3857544501895e-07
2,mlp,4448,2,2,0.00018652269469902267,6.172171179538708e-05,0.9995646828375464,2.8595418875041084e-08,0.0001799427914356825,4.30041559632787e-06,2.8009535084007527e-06
2,mlp,9905,6,6,0.032097994251557134,1.9771473794471546e-05,0.005402998239382591,0.00023580572075929427,0.014499609453727903,0.00403631299607011,0.9437075078647086
2,mlp,7870,6,6,0.000590085700853366,0.0001325795121151995,0.00031096716459331597,0.2957916393335045,0.002927301180809934,0.011475309878940571,0.6887721172291831
2,mlp,11096,3,3,4.751205790165503e-07,1.9902123571854132e-06,4.568111271424019e-07,0.9969252118052419,7.613867761835449e-05,3.875511777774042e-05,0.0029569722552987214
2,mlp,3087,0,0,0.9967491706486975,0.002807905204919017,0.00032309908791904843,5.925582834348008e-07,3.5247540625807335e-05,8.380972245747074e-05,1.752370976475634e-07
2,mlp,4391,2,2,0.0006003638579751352,9.827626154510887e-06,0.9957709249519597,8.707792375250622e-08,0.0035803273092442777,2.1791164864986414e-05,1.6678011877771534e-05
2,mlp,2216,0,0,0.9999277403484723,4.092836894326869e-08,1.460588749502218e-09,5.7071713628662196e-08,4.348819586858216e-06,6.780378524310229e-05,7.586026395467984e-09
2,mlp,8668,6,6,0.0015783530271755114,0.00010948519363566071,0.0007728323549095372,0.06564326662997874,0.006398533771966233,0.1079049597596499,0.8175925692626843
2,mlp,12735,3,3,6.330083010943377e-05,3.338578281574685e-05,3.6788344448925485e-05,0.8570552564287348,0.0008282896507910573,0.004454374209756836,0.13752860475334328
2,mlp,3052,0,0,0.9991693114977888,1.3855995678085296e-05,0.0006724472028471222,8.051203514806835e-09,0.00012927611632466109,1.5069004064935421e-05,3.213209309520981e-08
2,mlp,74,5,5,1.5054566713036404e-06,3.928166854186814e-08,1.3493277926615827e-07,0.010647722329454132,1.1060135705455327e-05,0.9892444884469616,9.504941675975547e-05
2,mlp,1656,5,5,0.0009885733757830908,4.508284466390581e-06,2.423437853707601e-05,0.0017652734285246183,0.00016485656086919894,0.9923454587649976,0.004707095206821994
2,mlp,1343,5,5,1.41088895278409e-05,4.568635322259943e-08,2.0266324293401735e-07,0.00028565178770528364,8.063071545620593e-06,0.9995660246195506,0.00012590328207440424
2,mlp,6685,4,4,5.1331167515626215e-05,6.681259990413591e-06,0.0016976782459481035,2.082253735564462e-06,0.9976148151901029,6.381072771996734e-05,0.0005636011549875513
2,mlp,2170,0,0,0.9909706930630389,9.757115233039692e-06,0.0006507872198936997,6.55493595148075e-05,0.002549193728718517,0.0049602074758662955,0.000793812037734995
2,mlp,8355,6,6,0.001459119879972845,0.00013190819122783047,0.0004948829042458348,0.032478562255786166,0.0033417208914112936,0.001454182799088729,0.9606396230782672
2,mlp,5961,4,4,1.3035607400333352e-06,6.649549181459588e-08,2.0867016287405137e-06,3.685561781320502e-06,0.9997918369746759,1.2463903577619545e-05,0.00018855680210464468
2,mlp,339,5,5,7.824757457521508e-06,1.8997362278097969e-07,6.7931277523235e-07,0.008828637513997198,2.8653651018462292e-05,0.9907551916019118,0.000378823189217032
2,mlp,2669,0,0,0.9999809025536209,8.145433817767892e-07,4.0043802026279866e-08,2.4403555502188174e-08,1.358800023576544e-06,1.6857086782659117e-05,2.568833519275504e-09
2,mlp,4163,2,2,0.19467221928117906,9.569780091433605e-05,0.7812357482692359,6.527995779652375e-06,0.0209531404135751,0.0029151399733167668,0.00012152626599921277
2,mlp,11694,3,3,3.2666602244790942e-06,4.272436488805774e-06,2.8483125102860995e-06,0.991701764350438,0.00010563308646930478,0.0006876974396609469,0.007494517714208265
2,mlp,688,5,5,2.725673098493771e-05,2.801392357550188e-07,1.0284268891391177e-06,0.003459882878654942,2.9453248490067062e-05,0.9959044124218042,0.0005776861539408013
2,mlp,11101,3,3,4.7105023185596233e-07,1.7176561004138856e-06,4.970126360844338e-07,0.9981443189774243,4.8614874658826106e-05,7.369565532899314e-05,0.0017306847736197005
2,mlp,11387,3,3,2.3712268565764147e-06,7.049402271030848e-06,9.672375581513533e-07,0.9899478467576652,0.0002124866319022179,3.0669333412541676e-05,0.009798609410334112
2,mlp,5015,2,2,8.01749619772594e-06,1.223118420484515e-05,0.9997380808063799,1.0975837753091693e-09,0.0002412681617892253,3.180168277606583e-07,8.323701678645883e-08
2,mlp,8557,6,6,0.00013984979210471984,5.835579686982931e-06,6.318610344055338e-05,0.0021121036796728446,0.0012951313660140727,0.00015472170254157545,0.9962291717765391
2,mlp,467,5,5,5.220324386549646e-08,1.2012423350543537e-11,2.1023969961893724e-11,3.049339811497063e-06,1.780196326868608e-08,0.9999964561563488,4.244655961854741e-07
2,mlp,4194,2,2,0.09603310527985164,0.00022854589511805094,0.8903476405472074,1.6392830690430064e-06,0.010969750392119896,0.0010286144252561003,0.0013907041773777347
2,mlp,13158,3,3,4.0334790890367036e-05,5.995727373248877e-05,1.8554284085867236e-05,0.8204705563538438,0.023360532024130895,0.0010402181953716126,0.15500984707794502
2,mlp,8239,6,6,0.0007254537453977571,3.2506478165631754e-05,0.00013232905253443084,0.017408663350676718,0.001968100050132096,0.0023829936071830963,0.9773499537159102
2,mlp,7770,6,6,0.0016066623034887164,0.0001489835099869122,0.0002615612874130318,0.15932775456148138,0.003273184418377002,0.025914686825615867,0.8094671670936371
2,mlp,13351,3,6,0.0005718449382094529,0.00023170360994565677,0.00021600059821878057,0.491261752424122,0.0035816324281233835,0.005223020907174621,0.49891404509420617
2,mlp,9316,6,6,0.008749249944135642,4.6813262979312365e-05,0.0020029527177448337,0.002121675043597999,0.0020907768266071806,0.06727370585530326,0.9177148263496318
2,mlp,454,5,5,1.5899181312022258e-06,2.2759124334697418e-08,1.2049006775540195e-07,0.0012549391666471915,5.59869691426031e-06,0.998692611532533,4.5117436582166525e-05
2,mlp,9732,6,6,0.048614846426947515,0.00013755762546280293,0.018104744470253956,0.0010921883062923836,0.0015472424305375855,0.05798999226711536,0.8725134284733904
2,mlp,2047,0,5,0.01675239269396589,0.00011883425389157334,0.0023837597506354393,0.00575398945148933,0.0022745434035533123,0.6360598794580512,0.3366566009884132
2,mlp,12892,3,3,7.429084027087731e-05,5.9219523720555974e-05,5.323171949171638e-05,0.8957272840628364,0.001494236330747623,0.004560538650929874,0.098031198872003
2,mlp,8901,6,6,0.0004201164917190631,3.724421768147113e-05,0.00038773473769816995,0.007595686378922071,0.001377061274906181,0.0004342303038374365,0.9897479265952356
2,mlp,13127,3,3,0.000301157747556628,7.681791038046549e-05,0.00015373281473817838,0.7221779605428222,0.002682433233709499,0.1223860191090756,0.15222187864171738
2,mlp,9426,6,6,0.010517326736915569,1.8047047759179314e-05,0.0007833863315563545,0.0006129033247239942,0.0026757270342404427,0.0034911751554374142,0.981901434369367
2,mlp,5387,2,2,0.00018213599621186527,0.0003176885117486925,0.9991184587848225,8.317703955904841e-10,0.0003814035607578624,2.785391252515241e-07,3.3775563286682894e-08
2,mlp,6587,4,4,3.592521398115957e-06,2.3197186737341792e-06,0.0001772628330774493,9.537940921265681e-07,0.9996842991346884,3.3172032591349196e-05,9.839996547884435e-05
2,mlp,4297,2,2,0.009513161209738968,0.00038603692304752863,0.9898507906389726,4.85584290784369e-07,0.00013160451419900977,7.914503329346448e-05,3.877609645769704e-05
2,mlp,4842,2,2,0.04532001583256305,0.0005022897800932872,0.9539176007721192,1.480765057970901e-07,0.00011039039397393046,0.00013879020312848885,1.0764941616453711e-05
2,mlp,6356,4,4,1.8060820133842593e-06,2.420577858335664e-07,1.4831221298088946e-05,2.641444387409552e-06,0.9994327131591317,2.9249654065688004e-05,0.0005185163813178621
2,mlp,7541,6,6,0.0001372470355743004,2.8295352785205714e-05,2.6649235311850295e-05,0.20159055569433557,0.0017307179141454808,0.0004390475965852515,0.7960474871712623
2,mlp,11743,3,3,7.938569783314632e-06,1.2103893815181392e-05,3.822233124287259e-06,0.9786624552931761,0.00021846313513680207,0.00020186654867476354,0.02089335032628969
2,mlp,2430,0,0,0.997280787850509,3.3292272900551113e-06,0.0018880170693873948,2.528888039638218e-07,0.0006156589177993606,0.00018544290221572803,2.6511143994379856e-05
2,mlp,1726,5,5,0.39690716923211333,1.3484369305507269e-05,8.73450650848067e-08,0.0009255591894840996,0.0003239949741886131,0.6015776603300979,0.00025204455974558657
2,mlp,2668,0,2,0.3474288113415539,0.00024736322980993737,0.6499459229893197,1.2547976211524098e-06,0.000667024494957744,0.0013904770336209172,0.00031914611311660665
2,mlp,325,5,5,2.105873386018265e-06,1.7885719066057064e-08,6.480426749355556e-08,0.0012382584663848094,4.990080793095352e-06,0.9986963398032016,5.822308624792691e-05
2,mlp,10976,3,3,2.521532370419234e-07,8.163002521732881e-07,3.9218819674799996e-07,0.9990836978540266,2.686973102881398e-05,0.0002777020256119677,0.0006102697476467976
2,mlp,9977,6,4,0.1306848585561975,4.0911910928522224e-05,0.07259655411314761,0.00025190131643317856,0.5543259084878895,0.005971188442602489,0.23612867717280117
2,mlp,12747,3,3,0.00022729497992637549,5.2432290540919125e-05,6.982355125511217e-05,0.7249265453947847,0.0012283678931701268,0.015118442066881111,0.25837709382344143
2,mlp,11073,3,3,6.665267647745626e-07,8.162419037828447e-07,8.441013883645168e-07,0.9948842012274812,4.599923840152619e-05,0.003589993135379005,0.001477479528681188
2,mlp,1320,5,5,4.788803222423603e-05,3.4834579995079885e-07,1.9119575297663828e-06,0.0013308767588488504,3.224127786689203e-05,0.9979541955419683,0.0006325380857620656
2,mlp,3199,0,0,0.9996727136937166,6.364213173844342e-06,0.00029948907512913626,2.8379760598704577e-09,1.5221166066343908e-05,6.204563416116164e-06,4.4505221189348254e-09
2,mlp,13164,3,3,0.00033256257095654106,9.893351630115768e-05,0.00017961456542377343,0.6388244381243101,0.0028165856280662482,0.03536311587988167,0.32238474971506054
2,mlp,3065,0,2,0.2977036907617842,0.00013616701313622076,0.6330071518592025,9.25202439226759e-08,0.06895732366042273,0.00019333084222737613,2.243342983243495e-06
2,mlp,2482,0,0,0.9619806498772183,0.00010402752943003138,0.036640128304065996,2.557782057367187e-06,0.00022499780485648365,0.0009572764093014155,9.036229307024457e-05
2,mlp,3739,1,1,1.989300321391941e-08,0.9999989485665273,1.0313608721653477e-06,4.2915033391299834e-18,1.7959741853135979e-10,1.5849582609036098e-17,1.6141583606645717e-23
2,mlp,5188,2,2,2.181696410324227e-05,5.870143446908746e-05,0.995776504984895,1.1102701176094561e-09,0.004141976366539052,6.962675437609234e-07,3.028721797213961e-07
2,mlp,2986,0,0,0.9984171404385808,1.540850238613654e-06,2.041368921589254e-05,3.4022850835996107e-09,0.0015479143337232117,1.298246169093029e-05,4.824265430632854e-09
2,mlp,11979,3,3,1.017771444541302e-05,1.7307760232122587e-05,6.330605722335846e-06,0.9765665725827968,0.00038251467776573343,0.0003814335306515209,0.02263566312838629
2,mlp,5946,4,4,2.2884266289861645e-06,2.664873650105181e-06,0.00011552927472701746,3.821441432120773e-06,0.9994149228361133,2.2059593556859774e-05,0.0004387135538914955
2,mlp,12472,3,3,4.726509588574314e-05,2.422194257925426e-05,2.6293747389553716e-05,0.9461444710677006,0.0007003256639969447,0.011094021393433318,0.0419634010890147
2,mlp,4267,2,2,0.005728379031191126,0.00011554166546991005,0.9937754007161602,4.6521384048326806e-07,0.00018589771884324437,0.0001103489473710674,8.396670712402446e-05
2,mlp,400,5,5,0.00013710079965497784,2.455520640523128e-06,5.536243241406002e-06,0.040540745840686815,0.00017285972898586764,0.9522772544630942,0.006864047403696181
2,mlp,593,5,5,1.4433156615470246e-05,3.019175290925504e-07,1.240854774316311e-06,0.005945504735843539,3.65319484053403e-05,0.9934644328204977,0.0005375545663347799
2,mlp,3826,1,1,5.6250921400702356e-09,0.9999993618143326,6.323688421919051e-07,1.9163005407721388e-19,1.917328457097425e-10,1.5635387333370796e-18,5.028802490034171e-25
2,mlp,3047,0,0,0.999686992120115,5.529002965827124e-05,0.0002216749318419402,2.2438562670768007e-08,2.086910177392827e-05,1.5140840897714373e-05,1.053715068920857e-08
2,mlp,11124,3,3,1.6619546854535715e-06,4.029463498368826e-06,5.4100176456669e-07,0.9841935000532612,0.0001391440067393221,2.8406168548152617e-05,0.015632717351502828
2,mlp,9595,6,6,0.0006084149116937226,5.231168223346148e-05,0.003271410830711571,0.0017725606387053515,0.00303098806381438,0.0006827347767970557,0.9905815790960445
2,mlp,6926,4,4,6.913798805894865e-07,4.887555343692287e-08,3.2915628301929804e-05,6.513036935148241e-08,0.999902016966821,7.817382968529217e-06,5.64446361052713e-05
2,mlp,8594,6,6,0.0004603645748873914,2.0992299012816804e-05,0.0002831564954912058,0.003798292223819096,0.0009326554363548612,0.0003687063523957742,0.994135832618039
2,mlp,11516,3,3,6.959441087186667e-07,3.9908899435232e-06,7.396163567495773e-07,0.9982659237337556,0.00015354919299255215,8.701581582307386e-05,0.0014880848070198639
2,mlp,11819,3,3,8.802961086533597e-07,6.559402655339481e-06,8.169951232046952e-07,0.9913471940548274,0.0005466069120094426,2.454033500045591e-05,0.0080734020042757
2,mlp,9546,6,6,0.028651768074137777,7.877811271742588e-05,0.0049073630464359355,0.0010743419155015395,0.0017435485607649945,0.031271883387097375,0.932272316903345
2,mlp,614,5,5,0.00011832303654059538,1.940462407478995e-06,5.784654305026751e-06,0.01781170082459255,0.00013287451381550482,0.9769392385461833,0.004990137962155665
2,mlp,12597,3,5,4.133635107732785e-05,2.8460753618630423e-06,7.671297107323e-06,0.1441732661749959,0.0002718403207499854,0.8489059079096007,0.00659713187110692
2,mlp,5934,4,4,6.122123592535623e-07,6.434367150816895e-08,1.125112628999346e-06,4.585272568101092e-06,0.9998870695259019,1.0054154614056288e-05,9.648937825629123e-05
2,mlp,10019,3,3,1.2412410209136745e-09,4.6593690985370885e-08,1.6501962228539655e-09,0.9999665144611456,6.445186635772773e-06,4.778312673960696e-07,2.6513035822855856e-05
2,mlp,11929,3,3,5.002018825026545e-06,6.162534711284733e-06,4.062929391622664e-06,0.9660312169723699,0.00020791384088993803,0.0004428259446416295,0.03330281575917049
2,mlp,10644,3,3,4.954336744957595e-08,4.367353105412424e-07,1.1463598828778761e-07,0.999783005653384,1.694083342255245e-05,6.612544948433983e-05,0.00013332714904261807
2,mlp,12921,3,3,0.00010962409356724203,7.468798458602011e-05,7.392915315007123e-05,0.8667904338967597,0.0015932665705020819,0.005637650473330224,0.12572040782810462
2,mlp,6625,4,4,1.16783642687197e-05,8.564093016944435e-07,8.072423886055859e-05,7.182475546016546e-06,0.9975629711661645,0.00013993850670306946,0.0021966488391552802
2,mlp,1778,5,5,0.002115265265962842,1.3182136420627448e-05,5.8576354172023675e-05,0.004153391059146174,0.0004091810053345369,0.9796093866151007,0.013641017563863163
2,mlp,13073,3,3,0.00010292058829986482,0.00010511697250996679,6.881149120271605e-05,0.7697339344747881,0.0020312052262720613,0.0011780832916758765,0.22677992795525148
2,mlp,966,5,5,1.339107477245044e-06,4.377535124242207e-09,2.2151775508071183e-08,0.00013109401076527973,1.6155091942250468e-06,0.9998470514351483,1.8873408104542636e-05
2,mlp,6362,4,4,4.860866560501736e-06,2.778003852112151e-07,2.1139700473831274e-05,7.057677703672133e-06,0.99804081545991,4.91795578492087e-05,0.001876668937117755
2,mlp,5899,4,4,3.944354618658231e-07,4.2617497938181023e-07,6.45735584665667e-06,5.825316574352828e-06,0.9998488905977784,1.2429864566459019e-05,0.00012557625479286128
2,mlp,10108,3,3,3.3380525748981185e-10,3.354497324236914e-08,9.603781854336155e-10,0.9997752522070976,0.00019642548098380621,3.8492870917867834e-07,2.7902544052667543e-05
2,mlp,691,5,5,1.3344564072923712e-05,1.7064213438374998e-07,7.534702417484127e-07,0.0032820840638436446,2.348400139622934e-05,0.9962513111639404,0.0004288520943706939
2,mlp,2048,0,6,0.012853377761965877,6.641590781470265e-05,0.0027254610342753063,0.0022070200904329624,0.0011027702014004966,0.0020383834618897187,0.979006571542221
2,mlp,2091,0,0,0.9825864407546663,5.481178527547108e-05,0.0007338231980577765,0.0001545034168917892,0.00046317666764520327,0.014160025707513665,0.001847218469949877
2,mlp,9750,6,6,0.01790899039654691,0.00011030859284539557,0.010326903718988152,0.0009895260855745675,0.0011788540759933984,0.0194625025105906,0.9500229146194611
2,mlp,4621,2,2,0.0008822900951238062,1.4230627021419775e-05,0.9975216960609078,2.2002479590489032e-08,0.0015664636107566641,1.4170517920147929e-05,1.127085790591931e-06
2,mlp,322,5,5,1.4274790955480148e-05,8.607442136339003e-07,2.7267034880173536e-06,0.06399869597856474,0.00011903048096394295,0.9337114562776384,0.002152955024175633
2,mlp,6824,4,4,1.4288768880791817e-05,7.470296620106389e-07,0.00027642665540387356,1.1800766432008326e-06,0.9990940952770787,6.027690885552234e-05,0.0005529852834759583
2,mlp,2818,0,0,0.9999014873847266,3.175897677918312e-05,1.6020098522238073e-05,8.436281260375516e-08,1.561728105363905e-05,3.500240186919289e-05,2.949423653484249e-08
2,mlp,6321,4,4,0.00032205968829779704,4.011154179598637e-06,0.0005162300044843723,8.011029391214598e-05,0.9612757618192505,0.0005289545547549219,0.037272872485120824
2,mlp,13374,3,3,0.0003901029154744584,0.00016441405604100814,0.0002302200334333124,0.6021286160681206,0.003337681295916954,0.014766751300332061,0.37898221433068147
2,mlp,1767,5,5,0.00016332336118218962,4.860353737640341e-07,2.1368765677618698e-06,0.00042664210385586144,3.953734637768322e-05,0.9987345390559017,0.0006333352207410485
2,mlp,12000,3,3,9.561385074626258e-06,6.048748450996708e-06,8.259137210394107e-06,0.9713564777178835,0.00026201263118788267,0.020063479696069815,0.008294160684122899
2,mlp,9749,6,6,0.0068431921475741704,1.770975986864663e-05,0.002424258242455174,0.00025758655899171926,0.0024161625803958966,0.004088619090015646,0.9839524716206988
2,mlp,8657,6,6,0.0051742716319732145,0.00012080495859720613,0.0010046870239479166,0.01765055689619618,0.002005227310380999,0.06393464540988979,0.9101098067690148
2,mlp,13523,3,6,0.0010532880822658242,0.00020893844429405262,0.000676799914162734,0.3690547819122898,0.005010862452995206,0.06356697791153389,0.5604283512824585
2,mlp,9021,6,6,0.0014996367308824038,5.876823857458622e-05,0.0009477861559404665,0.00417987728758812,0.012350216063880221,0.00222725879443246,0.9787364567287017
2,mlp,13293,3,3,0.00021704569678622853,0.0001276460795344214,0.00015826363458055077,0.7497166599420207,0.0029609320820896605,0.011324410610253478,0.23549504195473478
2,mlp,820,5,5,2.1705882879287656e-05,6.527345813125035e-08,2.4068724424910924e-07,0.0006779280652167787,9.804859372758503e-06,0.9989998750400616,0.0002903801917672403
2,mlp,9814,6,6,0.0030714332499325353,4.4297624164261515e-05,0.011291967911163717,0.0003664877346515008,0.004195773484327347,0.0014772618454648562,0.9795527781502957
2,mlp,1648,5,5,5.9782132618718996e-05,1.8849929060753247e-07,8.554259501706657e-07,0.00038462699812551394,2.539313666353176e-05,0.9991605163283929,0.00036863747895870836
2,mlp,6604,4,4,5.809634061685378e-07,5.709626542478268e-08,4.823073581567313e-06,6.250829163103808e-07,0.999855536173832,1.6725691665455152e-05,0.00012165191833328278
2,mlp,5794,4,4,1.7207548083029653e-07,5.288312396826588e-07,2.1711375492113766e-06,3.857798780959858e-06,0.9999716662205576,6.80130092773275e-06,1.4802635463877248e-05
2,mlp,4757,2,2,0.007634036635805787,0.00013460175420193266,0.9920823984090779,7.119749419102919e-08,0.00012269366547140194,2.2203710349524798e-05,3.994627599508474e-06
2,mlp,10868,3,3,9.3777655692593e-07,8.358752250930317e-07,5.857672985044469e-07,0.9969613832512515,2.4548568087329452e-05,0.0007318149816404722,0.00227989377994028
2,mlp,11626,3,3,2.202619667764608e-06,1.6475598075916749e-06,1.88360887479741e-06,0.9854584011830645,0.0001167238334773374,0.011667829000217402,0.0027513121948906445
2,mlp,4213,2,2,0.00027275488176636625,6.85950272361609e-05,0.9925015041401812,3.5496583409496e-07,0.006868634740154787,8.067562600844362e-05,0.0002074806188187331
2,mlp,8123,6,6,0.0005069570740039642,5.762232537061513e-05,0.00010226645241748226,0.07438404707217197,0.021699161368157135,0.0020142181181931848,0.9012357275896856
2,mlp,3724,1,1,2.5001206442483755e-07,0.9999991641848183,5.856297781614626e-07,2.6952406214428447e-17,1.733384356559841e-10,6.025032716146896e-16,6.027668923829861e-23
2,mlp,3827,1,1,4.196721009194253e-09,0.9999998637232496,1.3203484212204968e-07,1.8901979221334288e-19,4.5187250717135635e-11,2.5256295498795076e-18,1.4428662732576371e-25
2,mlp,13542,3,6,0.0009169739848300852,0.00018007746212329273,0.0004229640674989796,0.10384316842916076,0.005651895609241621,0.0029511630385759755,0.8860337574085693
2,mlp,461,5,5,2.2832663656317813e-07,5.58408706736902e-10,2.9799417982341784e-09,6.482261969032543e-05,3.0205513642768804e-07,0.9999298499495577,4.793510628507159e-06
2,mlp,2883,0,2,0.30286353182780973,0.004166551096837711,0.6922438684196245,1.4157041685608363e-06,0.0004184819577615967,0.00028383104983000624,2.231994396793402e-05
2,mlp,3374,1,1,3.484364649379713e-06,0.9603370212469611,0.039652701875159645,1.2525793856843531e-13,6.7924968176810445e-06,1.6287107906581993e-11,6.446276639276886e-17
2,mlp,12933,3,3,0.00014048939707709035,8.719014860279946e-05,7.794756902060885e-05,0.7843211583894344,0.0014746361199441708,0.0026871584367358418,0.21121141993918532
2,mlp,2289,0,0,0.8954439845830755,3.734724410855609e-05,0.09827439576467183,9.56015965210892e-06,0.0008951946822972246,0.0020120592270866347,0.003327458339108111
2,mlp,48,5,5,6.084783560400872e-06,2.6781809265129286e-08,4.6677044523929803e-08,0.00335592263766065,6.165434245336544e-06,0.9964277884695901,0.000203965216089821
2,mlp,9050,6,6,0.0009192485665772699,2.3773578165097115e-05,0.0004924633989865605,0.002209747293445766,0.002725951668003084,0.00045445037343149906,0.9931743651213906
2,mlp,5751,4,4,2.191368185404932e-05,6.886800901495947e-06,6.986674971986906e-05,0.0005910064738554059,0.9807288718189541,0.0002561348076856707,0.018325319667029414
2,mlp,10039,3,3,2.5146215263837965e-09,2.9318212501720243e-08,2.8046288491121156e-09,0.9999706899671181,9.073200897729158e-07,1.4036555107189277e-06,2.6964419818442425e-05
2,mlp,3618,1,1,3.3550162412913025e-07,0.9999798560364817,1.980506621229785e-05,2.529086433194274e-16,3.395679621392297e-09,2.066482255133825e-15,1.2487058611598892e-20
2,mlp,4812,2,2,0.00012567220958096292,2.8915308749576138e-05,0.9994275596710781,5.524012555794659e-09,0.00041545071075214696,2.0318769466569346e-06,3.6469888018785295e-07
2,mlp,7509,6,3,0.00019559709988257545,6.91876060631915e-05,8.798450482897844e-05,0.6123786433906687,0.0014336410331098808,0.005987574413224701,0.37984737195222196
2,mlp,11846,3,3,4.479400273127959e-06,4.105486951772548e-06,3.876011154235608e-06,0.990105461242579,0.00016677555605257096,0.004769786969012704,0.004945515333976725
2,mlp,1102,5,5,1.798625799311679e-05,2.650512182439839e-07,1.3559989848209091e-06,0.0017587191321309955,2.6848600561050608e-05,0.9979002356216238,0.00029458933748797414
2,mlp,3210,0,0,0.9659742175887407,0.025742322876907957,0.00814713016439164,3.5854116453029315e-07,9.763189369451195e-05,3.824441146531431e-05,9.452363557291084e-08
2,mlp,6052,4,4,2.9834541175917612e-05,3.825056577686829e-06,0.001109661584109485,5.683051279210936e-06,0.9954307886573879,9.337663355407447e-05,0.0033268304759156825
2,mlp,7235,4,4,4.6071868793714765e-06,3.0912106152252556e-07,0.0007049967248296883,4.0871593799638406e-08,0.99924893163206,9.857442232829596e-06,3.125702134296347e-05
2,mlp,6582,4,4,8.877403426831934e-06,8.020664456489602e-07,0.00253245109486602,4.155916863447041e-07,0.9962345589380434,3.388908685020773e-05,0.0011890058186815608
2,mlp,8180,6,6,0.0005781846582261164,0.00011972135880501165,0.0003484561177512388,0.08555925387230412,0.0020851561184645298,0.0011691494188983647,0.9101400784555506
2,mlp,6677,4,4,0.0006297043480612501,5.410072460211714e-06,0.004935776492704107,2.115690985751386e-05,0.9694363821961071,0.0005217245730577935,0.024449845407752125
2,mlp,10286,3,3,1.1504866410393417e-08,9.849645831393241e-08,3.093761547964745e-08,0.9998983344293729,5.957705037659511e-06,5.855564464654627e-05,3.701128200263582e-05
2,mlp,9117,6,6,0.006183892821880228,5.0448288815589095e-05,0.0011043913972584695,0.0028538082875535107,0.0015310333336444554,0.048695085007223374,0.9395813408636244
2,mlp,11079,3,3,2.6148937878238386e-07,2.052208958461803e-06,2.6748136815860866e-07,0.9979224147730636,0.0001409554328774179,3.089138357066509e-05,0.001903157230782849
2,mlp,4451,2,2,0.00039680959126184865,2.9605145045623612e-05,0.9554962228004724,7.380537017992683e-08,0.04402809061758757,3.0028192528208316e-05,1.9169847734184793e-05
2,mlp,851,5,5,4.4289702440657286e-05,1.6675721099790202e-07,5.244889655386465e-07,0.0018959828717047403,2.134428254759245e-05,0.9971302045350201,0.0009074873621102838
2,mlp,8076,6,6,0.0011257415397255461,7.922955894957388e-05,0.0003425658225820415,0.04233222056989541,0.001303361665700927,0.003226742314317336,0.9515901385288291
2,mlp,154,5,5,1.8274906105568887e-06,1.6941256597119845e-08,5.437542302975587e-08,0.0017649005727109932,4.548265937334693e-06,0.9981716835394635,5.696881459813729e-05
2,mlp,12327,3,3,3.16874195436081e-06,7.1564988036282986e-06,5.246629647945841e-06,0.9922722490358644,0.0004591860620009446,0.002711597275474406,0.0045413957562542955
2,mlp,2428,0,0,0.9999585846930642,5.252311333939871e-07,8.354790803417592e-07,4.602482833042719e-08,6.495702506425061e-06,3.344726753458156e-05,6.560185243457499e-08
2,mlp,10274,3,3,2.4913940411564745e-07,3.269894988081586e-08,1.919268976953591e-08,0.996580483822945,2.920984462062013e-06,0.0028251508823152766,0.0005911432792339638
2,mlp,12456,3,3,3.126108359344e-05,2.6290839306706604e-05,1.6002268897349415e-05,0.7923205673399929,0.0006256874746513575,0.00033650505895659223,0.20664368593460158
2,mlp,7626,6,6,0.00011573959672921018,6.731547404525692e-05,8.38800664298863e-05,0.47889257728654955,0.0018948726861257254,0.0010069271007668592,0.5179386877893535
2,mlp,6921,4,4,2.3736912014588755e-07,4.408633473420921e-09,1.1136063272787664e-06,8.193503731586301e-09,0.9999959788403797,6.815987846432458e-07,1.975983251123613e-06
2,mlp,5192,2,2,0.00260089898284241,0.0003396433000121348,0.9966340036662935,1.083893192409289e-08,0.00041838757430098274,6.11659329575548e-06,9.390443234137431e-07
2,mlp,4168,2,2,0.004324676007762662,4.740601554803143e-05,0.9913108788203345,8.135265454690899e-07,0.0038841140445011854,0.00013547524935573764,0.00029663633595249447
2,mlp,2224,0,0,0.9960856148727115,1.2292903148248711e-05,0.0023946786928374553,3.6045270012311874e-06,0.0004547202254819491,0.0008505497741458431,0.00019853900467397805
2,mlp,1209,5,5,0.00017555903746905728,5.1385570962060234e-06,2.1017387309032772e-05,0.021200930372580487,0.0002913129337906495,0.9668511999894813,0.0114548417222732
2,mlp,13234,3,6,0.0003362586767430331,8.894862765529016e-05,0.00014411976192513185,0.47011729580256467,0.002009667900228902,0.014788235381058557,0.5125154738498243
2,mlp,11177,3,3,3.9027087844232926e-07,1.888128358972902e-06,2.1144706340280174e-07,0.9976809513832733,0.00045677032963956603,3.6584682900538704e-05,0.001823203757885817
2,mlp,22,5,5,1.7732209024311784e-05,7.218106611129123e-08,6.009848713606909e-08,0.01015617456837562,1.2206744921760005e-05,0.9891985285080008,0.0006152256901242326
2,mlp,4789,2,2,0.1895675526366566,0.0006584683250592916,0.809144052515913,3.50094339280278e-07,0.00047425667393242294,0.00014099548079804286,1.4324273301298053e-05
2,mlp,8855,6,5,0.0020692739303235868,8.324180219186081e-05,0.001021725844885057,0.02453733292986844,0.0017662512166199877,0.7996065538070923,0.17091562046901881
2,mlp,12148,3,3,1.6297403408814186e-05,1.8811329728966048e-05,9.52953455699686e-06,0.9745060666496638,0.00036356033345657536,0.0010304837210357769,0.024055251028149056
2,mlp,5308,2,2,0.012131651183448347,0.001020847930849385,0.9867182095910368,1.0187871897997676e-08,0.00012252400476068446,6.35762887248426e-06,3.9947316047810546e-07
2,mlp,11984,3,3,4.043346192704389e-06,7.156968783499199e-06,4.710354801930774e-06,0.9922246408538494,0.00018985618865661455,0.0009682678676921911,0.006601324420023647
2,mlp,9159,6,6,0.0024312454458331268,2.061298098414083e-05,0.0004572545477851396,0.0012379606346432934,0.0012703197571144371,0.0020836201731018124,0.992498986460538
2,mlp,3192,0,0,0.985176536053057,0.012303024223123089,0.0024211038961677346,2.600238981692579e-07,7.05633437901556e-05,2.845611346855886e-05,5.634649524862469e-08
2,mlp,2511,0,0,0.9998501003244893,1.7286679429938102e-07,7.121462099998174e-07,5.7267689920674194e-08,0.0001012079000447358,4.771329058261156e-05,3.6204189155752314e-08
2,mlp,5248,2,2,0.006673564769998828,0.0008142545380231044,0.9918263659480264,9.338522271969066e-09,0.0006604555398830707,2.3706209672323716e-05,1.6436558737291289e-06
2,mlp,11121,3,3,7.836740534868316e-07,1.7319438853047476e-06,7.43263141106928e-07,0.9974009687692387,3.898328303969033e-05,0.00018831419114862517,0.0023684748754930185
2,mlp,6194,4,4,1.6735568183642536e-06,2.6175211478266225e-06,5.459806981750255e-05,2.7617176923135275e-06,0.9998322445229727,2.500266805829626e-05,8.110194349302993e-05
2,mlp,9148,6,6,0.0059904531374675675,8.711912317504315e-05,0.0023913089332719363,0.005253563774475696,0.001573708854520819,0.02624170078917565,0.9584621453879132
2,mlp,9540,6,6,0.0010338928892654402,2.0662261375608155e-05,0.0006848028551579207,0.0008038063620847171,0.0056413150961381305,0.0018042490817421215,0.9900112714542361
2,mlp,5697,4,4,4.13433628245444e-06,2.4907167202489165e-06,6.7895367697552915e-06,0.0008870462308759237,0.9918975762715856,0.0001634225304342884,0.0070385403773318535
2,mlp,1729,5,5,3.7807353087367774e-05,9.556302443435044e-08,4.871241965058536e-07,0.00019752917975584703,1.325968691635838e-05,0.9995614348272834,0.00018938626573597063
2,mlp,712,5,5,0.004376633321137053,2.0250366367830263e-05,1.3759685707367337e-05,0.06934076378962249,0.0003933864845208554,0.8995660875054547,0.02628911884718984
2,mlp,10221,3,3,1.2949011545854083e-08,2.429681065986051e-07,1.0443175086057433e-08,0.9995494860637567,0.00030613384229252494,2.5137324855338376e-06,0.0001416000011721274
2,mlp,9893,6,6,0.0012471555259805911,2.0224009716648687e-05,0.008688011689413948,0.00019231949191445043,0.06361233178916738,0.0009180195828367835,0.9253219379109703
2,mlp,12820,3,3,1.3983719963125025e-05,2.8829316037507804e-05,7.582632626375479e-06,0.9391578259336353,0.005755831292018654,0.0007714017948583732,0.05426454531086083
2,mlp,1236,5,5,0.00010248085436643367,7.455690819990489e-07,3.096402992263979e-06,0.002664196056470428,5.63206464586774e-05,0.995678598847,0.0014945616236302346
2,mlp,7995,6,6,0.0017039392606094017,0.0001396941553786033,0.0005837333475505884,0.03968344176110088,0.47305320035180626,0.002763427084485682,0.4820725640390686
2,mlp,12445,3,3,1.264639313599554e-05,2.9338741206813136e-05,7.763040019160717e-06,0.9060533112769424,0.0020339386691997827,0.0002170928642610243,0.09164590901523478
2,mlp,988,5,5,0.0001555101860625179,1.1463504301367606e-06,4.041236908269283e-06,0.00611517331142248,8.257778351894786e-05,0.9898973632915369,0.0037441878401206557
2,mlp,4182,2,2,0.0006636203938253241,5.421086910759676e-05,0.9983767695598313,1.261536328982249e-07,0.0008698629960345199,1.6448920469040868e-05,1.8961107099076552e-05
2,mlp,6566,4,4,2.856077259964537e-05,8.86754032223941e-07,0.0005285972675405446,3.908252535144608e-06,0.9896567789278969,8.371116615966716e-05,0.009697556859235776
2,mlp,11623,3,3,4.268287323108578e-07,3.5320238383559924e-06,4.561646877238283e-07,0.9968601165236408,0.0003862818580277783,4.32989980303528e-05,0.002705887603042485
2,mlp,2672,0,0,0.9999669781312391,2.1187488895410473e-06,3.3782839520294536e-06,3.818227794351579e-08,7.129552192508169e-06,2.033648862047404e-05,2.0612828656166823e-08
2,mlp,4983,2,2,0.0010178455065945815,0.00011525341485248537,0.998769152666083,1.2858607793877233e-08,9.378990350985586e-05,3.3970772148598932e-06,5.485731372735081e-07
2,mlp,5100,2,2,0.001880138582994526,0.000166918972103472,0.9978269151952265,1.689607887019735e-08,0.00011948885462107846,5.561058656390841e-06,9.60440319205778e-07
2,mlp,7702,6,3,0.00024431322812096235,0.00011833857464164317,0.00014686252251773285,0.5057559695273025,0.002362729987241089,0.004551460567834102,0.48682032559234195
2,mlp,5592,4,4,2.652015326246993e-05,4.094221816967851e-05,5.149502333314925e-05,0.01807728840518854,0.9637482617048704,0.00044845062544123144,0.017607041869734625
2,mlp,376,5,5,6.015070095132618e-05,1.6595667088579958e-06,4.005326412466644e-06,0.04920577834550837,0.00014796172858436293,0.9464117252723707,0.004168719059464003
2,mlp,10670,3,3,1.2207848716304996e-07,5.872319328957911e-07,1.2725334617669175e-07,0.999235044024815,1.694430815820738e-05,2.4884370997208582e-05,0.0007222907322632305
2,mlp,2080,0,5,0.04747246218100633,0.0002109338300493622,0.0131500477515312,0.0018387188921129972,0.0020355572310869208,0.7799723900071412,0.15531989010707203
2,mlp,12466,3,3,1.4935465748710818e-05,2.466549131228066e-05,1.1620475407986041e-05,0.9556434039651869,0.0005436836958305935,0.0003905521899987251,0.04337113871651469
2,mlp,11957,3,3,1.5482151652471252e-06,3.904146441999224e-06,2.6073340576643764e-06,0.9960777225057837,0.00015264693889504238,0.0006716970902646141,0.0030898737693916584
2,mlp,8190,6,6,0.0010773500986570761,5.089649217463933e-05,0.000203419236309127,0.031021237523194665,0.0016679868156206214,0.009198047235232558,0.9567810625988113
2,mlp,4902,2,2,0.00019726260253135342,0.00012483847287011164,0.9995852369987566,1.0964456446786358e-08,8.948736222491478e-05,2.2540159569859906e-06,9.09583203767445e-07
2,mlp,13494,3,6,0.0007223016857245048,0.00021617058305819332,0.00034940732102168594,0.1748002020656481,0.008546565985128323,0.0028688480441650707,0.812496504315254
2,mlp,10671,3,3,1.499150460405124e-07,8.862472182868562e-07,1.3016790379733387e-07,0.99853159587522,4.339786327160186e-05,9.596920021595606e-06,0.0014142430113187414
2,mlp,3531,1,1,3.5350474468574713e-06,0.9999361601389926,6.029708464738678e-05,3.711803500461751e-15,7.728813755925318e-09,9.562109092401356e-14,2.313186317955962e-19
2,mlp,10354,3,3,4.214373344896389e-07,5.259479707713239e-08,8.683084601710386e-08,0.7584072037063844,1.924074598316479e-05,0.24139537740755218,0.00017761727710265777
2,mlp,9191,6,6,0.0014801895125405422,3.219062063617343e-05,0.0009185731300215595,0.003905839350882993,0.0013586911978149725,0.009183368711734837,0.9831211474763688
2,mlp,7631,6,6,0.00026378356388558776,0.0001325042392424793,9.736074158802172e-05,0.26489935414647914,0.002127260488535856,0.00045605779323151005,0.7320236790270375
2,mlp,11102,3,3,8.867104139449461e-07,1.2616128354586946e-06,6.70776591653167e-07,0.9956906911179491,3.0139914869947507e-05,0.00024351187189235892,0.004032837995447596
2,mlp,8473,6,6,0.00041163224394487254,2.648290684144886e-05,0.00020131964686063744,0.029342513318214858,0.003558722200589653,0.0014703751331655252,0.964988954550383
2,mlp,1640,5,5,7.358086487921564e-06,6.556678798745352e-09,1.675460639617887e-08,3.1668255778597056e-05,1.4850223525990284e-06,0.9999382197727775,2.124555131821166e-05
2,mlp,1699,5,6,0.01567444708105741,0.0001525987754304423,0.0012263640697856002,0.01352136883956273,0.0020879860904409976,0.10488076689360143,0.8624564682501215
2,mlp,11290,3,3,4.909155174301226e-07,1.7104690997964962e-06,6.76882175528708e-07,0.9983579436944906,5.3274701804287703e-05,0.00014319584214318848,0.0014427074947692036
2,mlp,2012,5,5,0.0036769663447905675,6.812365571671901e-06,0.00010623658122413733,7.436483469335215e-05,7.324331181147659e-05,0.9957476238287944,0.00031475273311431444
2,mlp,996,5,5,5.817142606843966e-05,1.9572774564013024e-07,6.510683651338994e-07,0.0014577292779473813,2.1962874783147468e-05,0.9976025399604248,0.000858749664665384
2,mlp,9720,6,6,0.0015460387152928803,2.394119161659834e-05,0.0032993824891822455,0.00032542212347614285,0.0007332599799573623,0.0007950201641448945,0.9932769353363299
2,mlp,6695,4,4,1.2680072347702614e-07,9.318387031725029e-09,1.012036848479457e-05,1.0141096833050924e-08,0.9999765013178076,1.1669680032121585e-06,1.206508549715154e-05
2,mlp,6693,4,4,0.002383355798682289,8.71398066961256e-06,0.0021978866628893493,9.88353890723935e-06,0.9926482030844972,0.00026097496999501744,0.0024909819643594675
2,mlp,10661,3,3,5.015416128900007e-08,8.581186098172701e-07,4.411702461425342e-08,0.9991062577191457,0.00015026493839602465,3.5514021744185144e-06,0.0007389735504881445
2,mlp,7452,6,4,1.203701194649503e-05,3.934704768080321e-06,6.647900609787466e-05,0.023515332905840323,0.5441223386099828,0.0002697691886783711,0.432010108572686
2,mlp,5228,2,2,0.00016992957650183093,7.811418240558321e-05,0.9996483030581075,2.0290779343693664e-09,0.00010292639966957652,6.362253650337224e-07,8.852887244149572e-08
2,mlp,12405,3,3,5.783942638772886e-05,1.729348501403058e-05,2.5613054756253473e-05,0.9051834717743682,0.0006544230725680333,0.07093643980086266,0.023124919386043285
2,mlp,529,5,5,3.9042574739272663e-07,6.123491257194485e-10,2.7315573609148984e-09,4.9301704636267894e-05,3.2603324491319424e-07,0.9999438421693171,6.136323147731753e-06
2,mlp,1943,5,5,0.0012037794337042493,1.55032094108e-06,6.643325082768545e-06,0.00017057129131643327,3.356353058957576e-05,0.9982849553886771,0.00029893670968884667
2,mlp,8378,6,6,0.001122563653703962,6.400961698617082e-05,0.00029183504086750307,0.014963001675788252,0.002794169647430247,0.001442755851070143,0.9793216645141537
2,mlp,9444,6,6,0.007442128856699066,4.8438156551305894e-05,0.0027843556320057876,0.0008551502145210101,0.000626029560764365,0.001223492313480576,0.9870204052659779
2,mlp,11585,3,3,3.27749741133099e-06,7.030470106451564e-06,2.0112828927043256e-06,0.984921662063971,0.00021508753923986813,9.56940162777054e-05,0.014755237130101115
2,mlp,6245,4,4,1.1192117089816658e-06,5.535557214032643e-07,6.400418645393665e-05,1.7662026424528738e-07,0.9999008559206641,4.485025616047604e-06,2.8805479571310275e-05
2,mlp,3666,1,1,2.1323297007276063e-08,0.9999278073096897,7.216816438167276e-05,1.451942720123957e-17,3.202631314572351e-09,2.4672748173190534e-16,1.7178053731643679e-22
2,mlp,809,5,5,0.00014127234699735848,9.239315646415071e-07,3.29015520608771e-06,0.005216969502403713,6.826183789203676e-05,0.9915561019758589,0.0030131802500772678
2,mlp,7753,6,6,0.0002683919774236411,0.00017337813365440982,0.00012467999858514645,0.33412174442920395,0.004146363325012689,0.0007156579045333474,0.6604497842315868
2,mlp,2256,0,0,0.9998266834247584,2.563110177121064e-06,1.4617491904563082e-07,8.447496234347222e-07,9.97061499881972e-06,0.000159650097130777,1.4182839224813228e-07
2,mlp,8618,6,6,0.0007239116029552116,1.3203216760810993e-05,0.00010712485335275642,0.007692495236698079,0.029916555293940283,0.0012175137206441476,0.9603291960756486
2,mlp,13484,3,6,0.000432368052772719,9.022100829680477e-05,0.0002686191706733738,0.14776167131221993,0.0020016317800312035,0.0028468915632114252,0.8465985971127945
2,mlp,2710,0,0,0.6945115594664402,0.00019594426713855252,0.30446138149086915,1.10969336315279e-06,0.00019586996104373295,0.0005466161658556218,8.751895528951528e-05
2,mlp,4364,2,2,0.00820622319153945,9.469069277888674e-05,0.7857972454542581,3.305607896322695e-07,0.20553520241901893,0.00020220394240995547,0.00016410373920505505
2,mlp,4501,2,2,3.914308575626442e-05,2.3971614025104384e-05,0.9992998294274696,1.3558053592893055e-08,0.0006321997284377342,2.2534918118874497e-06,2.5890944455806097e-06
2,mlp,326,5,5,1.5586293545520322e-05,3.409012774801849e-07,1.1132319127857498e-06,0.01167274102502199,4.216511468889399e-05,0.9875626946783033,0.0007053587552500744
2,mlp,5807,4,4,6.413643663410209e-06,3.084502243720381e-07,0.00011159187841916558,1.3993397544494467e-05,0.974225212521215,5.821057043547695e-05,0.0255842695384982
2,mlp,5057,2,2,0.0002052044860049186,4.373877668120252e-05,0.9988213969397463,4.095712831597666e-09,0.0009276631510686207,1.6783065714854101e-06,3.14244214700144e-07
2,mlp,8975,6,4,0.001844515081507695,2.4664899761003947e-05,0.00032263607806336074,0.0058103169688742285,0.6285702668109405,0.0024642869995806106,0.36096331316127256
2,mlp,12724,3,3,2.4752056098794294e-05,4.1779148399738896e-05,1.6636613297688233e-05,0.9256073437665797,0.002015578546221852,0.0007119305203332144,0.07158197934906901
2,mlp,7898,6,6,0.0009405921894793822,0.0001368639828736846,0.00031237268218405566,0.2451177520926223,0.003570768452752258,0.037978380626452035,0.7119432699736362
2,mlp,9269,6,6,0.0007981453917639714,2.976917633794583e-05,0.0010751744179128611,0.0011841405534536685,0.008135500668162937,0.0008739759771864577,0.9879032938151822
2,mlp,7481,6,3,0.00021743244349564444,6.00461979389066e-05,8.063427875451733e-05,0.5009723337330613,0.0012020107867932377,0.005921444616831055,0.49154609794312537
2,mlp,11749,3,3,3.4585656756427395e-06,7.598343064580077e-06,2.6968766583467467e-06,0.9868600207048448,0.00021070378966943812,0.00016550237064271887,0.012750019349444428
2,mlp,13122,3,3,8.741001752597329e-05,7.869282328932502e-05,7.008469923773849e-05,0.8350129385831646,0.0019723622644878262,0.0030243783917809144,0.1597541332205137
2,mlp,12829,3,3,1.0496796556394943e-05,2.769820129766439e-05,6.343986296449257e-06,0.9610221807754726,0.004534783451358267,0.0005664504974215242,0.03383204629159703
2,mlp,9132,6,6,0.005050617284040081,6.741776953795526e-05,0.0012900371275493259,0.0032084988201109502,0.0009280522883254638,0.0069375335434758495,0.9825178431669603
2,mlp,6400,4,4,1.9950956010329247e-05,1.9003849240233745e-06,0.0007081671956370258,1.7005591707093058e-06,0.9986466290187112,3.9539356305346286e-05,0.0005821125292416106
2,mlp,352,5,5,1.516685642228151e-06,1.2304625154903802e-08,5.139924710739911e-08,0.0008134194647627991,3.5640471473437142e-06,0.9991422649143776,3.917118419777778e-05
2,mlp,4360,2,2,0.003982373215773071,0.00021172136350625014,0.9948030929915208,4.399398940894611e-07,0.0006733233672092959,0.00014912636401549187,0.00017992275808110158
2,mlp,12604,3,3,2.7305815200554928e-05,3.352357508684187e-05,2.1575670410660813e-05,0.9457471718433106,0.0006831649075086846,0.0011069709594302161,0.05238028722905257
2,mlp,7628,6,5,0.0008904112479534193,3.237951207270113e-05,8.576243194932417e-05,0.10952867289897056,0.0011251582347565885,0.8014212275362564,0.08691638813804092
2,mlp,4561,2,2,0.00024158777617515982,3.380253634034096e-05,0.9980979789135679,3.94819089274813e-08,0.0016064618465436837,1.2957181562551634e-05,7.172263901149633e-06
2,mlp,1315,5,5,0.0007922164168327922,7.211844926896374e-05,0.0002544813606954712,0.14387642018050603,0.0019999538968157055,0.7591363032641227,0.09386850643175831
2,mlp,2537,0,0,0.9998751276279457,8.57875953802465e-06,5.852363955105054e-08,4.708593892787009e-07,7.122251909069725e-06,0.00010862645857282321,1.5519005292881404e-08
2,mlp,140,5,5,4.621961395271993e-07,2.859968524416006e-09,1.1630980451004657e-08,0.0004732211815855458,1.1384634693401448e-06,0.9995101092874178,1.505438043875011e-05
2,mlp,7054,4,4,0.00019124671580802795,8.508748157012648e-06,0.0039531282913099,1.4998458547124635e-06,0.9953210052033993,0.00010202872555599043,0.0004225824699149664
2,mlp,9636,6,6,0.013838575468964243,5.451752900746507e-05,0.004523118382731207,0.0006657549300389382,0.0010120636111059758,0.007208029165124478,0.9726979409130276
2,mlp,11377,3,3,5.986568816574722e-07,3.3226505175195767e-06,7.319665388685077e-07,0.9983260446484901,0.00010705274849268507,7.94623118138682e-05,0.001482787017265398
2,mlp,10943,3,3,1.648255860270738e-07,5.389891490653795e-07,2.945159146875951e-07,0.9992699876294188,2.7919659173322132e-05,0.00038063990672806465,0.00032045447403003155
2,mlp,5072,2,2,0.02243651586953853,0.0003515519409520756,0.9766816040006108,2.6709327882135137e-08,0.0005174987871205899,1.2266462206145855e-05,5.362302441881332e-07
2,mlp,8026,6,6,0.00021069380897913726,4.005330893142612e-05,9.491193178099169e-05,0.028745645275791692,0.0029390490534877797,0.00018726045121847184,0.9677823861698104
2,mlp,8646,6,6,0.0013718026068856002,7.955703886362567e-05,0.0007429401231528167,0.02237535741435608,0.0016464904493486844,0.005996755459013552,0.9677870969083796
2,mlp,7434,6,3,4.214541687577533e-05,6.926065126627719e-05,2.2011456976180844e-05,0.6368257159737395,0.004814453962610673,0.00019228754179363575,0.358034124996738
2,mlp,869,5,5,3.322923619974249e-05,7.429152154458706e-08,2.3019737971058645e-07,0.0005548115553451793,9.219345455425622e-06,0.9990391099605427,0.0003633254135557307
2,mlp,7340,4,2,0.15360164289306394,0.0001518382072325039,0.8049538034924434,1.4187651151229158e-06,0.040571878778976916,0.0006537484043258081,6.566945884243181e-05
2,mlp,13150,3,3,5.2382575199532984e-05,7.145817042254483e-05,2.4532449605524182e-05,0.7792673053115853,0.011616716188284129,0.0008558843480540267,0.20811172095684868
2,mlp,9911,6,6,0.2858562596234936,0.0001665487901201752,0.10058957284458518,0.0006648789262669852,0.04940971496913304,0.007344300551503218,0.5559687242948979
2,mlp,9951,6,6,0.21612407940320244,0.0003617157260915963,0.17752324026464475,0.0008094942641801093,0.00307488321131171,0.10639623966647739,0.495710347464092
2,mlp,955,5,5,7.408454928800069e-06,3.386782588282884e-08,1.6818209498352348e-07,0.0005032063466704428,5.794387813137047e-06,0.9993577836681196,0.0001256050925472408
2,mlp,5525,4,3,1.0625327566725147e-05,4.122586802375466e-05,7.72118961932445e-06,0.6572853879756688,0.2715978436191466,0.0002728548663325253,0.07078434115364225
2,mlp,12632,3,3,8.382944327672805e-05,5.358252240698545e-05,3.6976808697713754e-05,0.8794412517770386,0.0012676329887385547,0.002845924098980627,0.11627080236086093
2,mlp,4340,2,0,0.5011302594465772,0.00013664170107972878,0.4944475582660189,8.5363889659942e-07,0.0030697883254648217,0.0010630721032451138,0.0001518265187176716
2,mlp,6073,4,4,8.601147550867798e-08,1.549302421572157e-08,8.153116837788217e-07,4.792839558146931e-07,0.9999435787786677,2.336119799252699e-06,5.268900139376618e-05
2,mlp,6416,4,4,1.6191015320248326e-06,2.814774046458638e-07,2.4903471804176706e-05,1.6007068618536762e-06,0.9995190516835654,2.4484026122967587e-05,0.0004280595327090354
2,mlp,1150,5,5,1.0454656947676114e-05,1.1656962396520193e-07,6.70518446416652e-07,0.0009890933054657637,1.602565487064265e-05,0.9988174460247371,0.00016619326990836454
2,mlp,10815,3,3,1.5504627339093467e-07,1.055020942591942e-06,6.483195419004722e-08,0.9977979469101891,0.0009954496936197788,1.3508328172538793e-05,0.0011918201688482161
2,mlp,10655,3,3,7.824179633761297e-08,7.855944550005448e-07,6.027997319772073e-08,0.9994442673720554,7.792489157374828e-05,1.1633530597520924e-05,0.0004652500895490591
2,mlp,8289,6,6,0.0015171420458173976,6.891722761305853e-05,0.0002936069150143787,0.02378491835213591,0.0012116469750896375,0.0038195825262943325,0.9693041859580352
2,mlp,10909,3,3,2.526982304883636e-07,1.7327019545175048e-06,2.1365419704509433e-07,0.9987384162611049,9.397834348329996e-05,3.058775353700962e-05,0.0011348185874927828
2,mlp,11461,3,3,4.037186731665631e-07,4.0759788757087745e-06,2.7837023796434085e-07,0.993552592059974,0.0010812465816595078,1.3088080981585935e-05,0.005348315209598094
2,mlp,5187,2,2,0.0003881575021260818,0.00011323604286407951,0.9993360108434012,2.1192686498383878e-09,0.00016153930257242188,1.026684111185186e-06,2.7505656674781003e-08
2,mlp,1013,5,5,1.0541867530077405e-06,4.017882523433893e-09,2.8215131110731304e-08,0.00011310973305400146,1.2811379877773185e-06,0.9998686506373511,1.5872071840623538e-05
2,mlp,8798,6,6,0.0008990196643088118,3.0498657429499124e-05,0.00038032701309281505,0.0036949029011500868,0.00041837144528049456,0.00025903178130191705,0.9943178485374363
2,mlp,7125,4,4,5.131950973654443e-06,1.5668779954819892e-07,0.000517277847770052,5.982291766245782e-08,0.9993156223829133,1.3179248894316744e-05,0.00014857205873147243
2,mlp,7505,6,3,0.00013927451792927601,0.00012576787135327257,5.176666739410467e-05,0.5154090111549995,0.0041984442376343115,0.0003711927606431573,0.4797045427900465
2,mlp,4906,2,2,0.019729755311822614,0.0001986628015718084,0.9795623484434383,5.521888585698334e-08,0.0004637724070696936,4.507836818378191e-05,3.2744902805266666e-07
2,mlp,1067,5,5,0.0005749652460437217,3.417450473803043e-05,8.819575807263691e-05,0.14337770185849202,0.0011566920518121923,0.7984456006733645,0.0563226699074769
2,mlp,9245,6,6,0.0027811290076788994,2.5649098965998077e-05,0.0005474832056379179,0.0013668061357836215,0.002948265832210044,0.0016590588694189382,0.9906716078503047
2,mlp,7457,6,3,0.022421599310703807,0.00013887436754329532,5.4729168580769154e-05,0.7490916693896065,0.002281518013223214,0.10182635041222793,0.12418525933811454
2,mlp,2464,0,0,0.9477479192619267,0.0001343422634275321,0.050669881598138976,4.184980087840281e-06,0.0004342924888092018,0.0008910656064622477,0.00011831380114751411
2,mlp,2978,0,0,0.9997348426200332,0.00021499740885081684,9.249557255843231e-07,1.9511550485868279e-07,1.0755225311883518e-05,3.82785785899097e-05,6.0959838289697554e-09
2,mlp,13396,3,6,0.0025882551836306,0.000133997842155836,0.00024068320118217178,0.13795273182581191,0.002437521006913498,0.011345833809985294,0.8453009771303207
2,mlp,12758,3,3,3.52740240872371e-05,6.206976139611261e-05,1.3407147768815908e-05,0.7589825219294135,0.007693448166084874,0.00016656322443700264,0.23304671574681238
2,mlp,7659,6,6,0.00045795698072093787,0.00010712617420153631,0.00018142331072688734,0.4107804253113398,0.004108000195160864,0.020948570776257835,0.563416497251592
2,mlp,9199,6,6,0.006535171438011268,0.00011224020882692001,0.0033034367793263815,0.008076150970927877,0.0020140094524690438,0.07022916852992044,0.9097298226205182
2,mlp,5656,4,4,1.134895276800853e-07,7.023255511371e-08,4.0962708333395407e-07,1.2559035536210284e-05,0.9999123795750545,6.9554905416429955e-06,6.751254970174188e-05
2,mlp,8471,6,6,0.0017070954483185217,0.00018331405735566567,0.000946928004884423,0.11441041812883211,0.005278152795488589,0.0549383903537713,0.8225357012113493
2,mlp,7518,6,6,0.0002646431985063078,0.00012401449514723008,6.770554039025251e-05,0.35428760718641816,0.017248322173999447,0.0005979466093847427,0.6274097607961538
2,mlp,9204,6,6,0.01013877181696535,6.791195443679233e-05,0.0018447199130414767,0.0013260315801058731,0.001077766684085356,0.002857795492036187,0.982687002559329
2,mlp,375,5,5,0.00014976641696394147,1.0776505178979913e-05,2.7511715163509953e-05,0.22692143345435425,0.0006097634035358519,0.7533406594695367,0.018940089035266703
2,mlp,414,5,5,3.869404560228123e-06,4.788252632857437e-08,2.0510519352128485e-07,0.002183262184464241,9.709854600872883e-06,0.9976915100401643,0.00011139552849045634
2,mlp,9342,6,6,0.007302305731312882,5.5129184608078444e-05,0.002239342664178556,0.0014065554719576217,0.0010854346978272254,0.00779810552671211,0.9801131267234034
2,mlp,9197,6,6,0.003139200608094063,5.499409189399479e-05,0.0008564736495110865,0.0028260776653561124,0.0062201127474881355,0.006581715903443657,0.980321425334213
2,mlp,1269,5,5,9.184270821187519e-05,1.9707441969022953e-06,8.881142007998995e-06,0.006462506344411411,0.00011994153128564808,0.9908291811335335,0.002485676396352824
2,mlp,2983,0,0,0.9999799965172677,2.2174230773100243e-07,2.6769629630444946e-06,1.0412962506511822e-09,1.4120031177864815e-05,2.981705217526203e-06,1.999770109562903e-09
2,mlp,8392,6,6,0.001231907291439938,6.291481883314667e-05,0.00027087609371570287,0.02706139017658805,0.0015871174824526307,0.010054011661341887,0.9597317824756287
2,mlp,2468,0,0,0.9948159570266435,0.0003469870164811425,0.0010242279589555419,1.0280041595055291e-05,0.00012957958306490585,0.003650977033307128,2.1991339952706746e-05
2,mlp,9089,6,6,0.0005564401013833538,2.591024053399162e-05,0.000986587837105491,0.0015417606101187477,0.0025535614469921527,0.00022119476656467203,0.9941145449973016
2,mlp,9162,6,6,0.003139982826016076,4.988505922376132e-05,0.0008522012419534478,0.003243804567560358,0.001093690750507679,0.01108311790460661,0.9805373176501322
2,mlp,3157,0,0,0.9999915036335888,5.725200613518722e-06,6.911184206398405e-08,2.635220587967237e-09,6.643527587895774e-07,2.034987410065082e-06,7.856602167221187e-11
2,mlp,4205,2,2,0.00143100359302022,0.00015557914151216945,0.9006937887429824,1.4646805565188137e-06,0.09482152503236976,0.0003108671688336997,0.0025857716407252014
2,mlp,1386,5,5,0.00017817201684132392,2.490571486283845e-06,1.2848102901363869e-05,0.004385377962498965,0.00012264217809311608,0.9921568145742414,0.0031416545939376445
2,mlp,9509,6,6,0.003667858879817946,4.372634117091612e-05,0.0022638807860333636,0.000868239180123398,0.002947610812904577,0.002929000656406719,0.987279683343543
2,mlp,9309,6,6,0.004891116169591832,3.873679041502934e-05,0.001289368319228576,0.0031328867641989637,0.0035604827839449365,0.06800805130196454,0.9190793578706561
2,mlp,1963,5,5,0.0018430226909321998,3.26641303105509e-06,4.042325356241642e-05,0.00016928959200456986,5.8289087395201926e-05,0.9973219718237165,0.0005637371393580783
2,mlp,10859,3,3,2.7218656926509696e-07,9.012873035579906e-07,3.2730265378948877e-07,0.9993133988394478,1.977772007862371e-05,0.00014640440178470928,0.0005189182621621693
2,mlp,3236,0,0,0.9999308926011753,5.6887242196156786e-05,7.1386290660523686e-06,4.905080309213038e-09,2.5339090817231436e-06,2.542294414492192e-06,4.1898575782602154e-10
2,mlp,9469,6,6,0.0023671361091832394,1.5882945967018742e-05,0.00046852212222905736,0.000936122571799698,0.009291325980888145,0.005099667666075997,0.981821342603857
2,mlp,4686,2,2,0.04284488195376541,0.0005120384447502748,0.956330752171541,3.0347778349604623e-07,0.00017622489349744977,0.00011394081662857402,2.1858242033849546e-05
2,mlp,11672,3,3,1.954890179248375e-06,4.723321709234707e-06,2.2822513033819943e-06,0.9962884150136471,0.00010767858490824882,0.0004952397308731641,0.003099706207379641
2,mlp,9226,6,6,0.0013051000719692281,2.6908532754047265e-05,0.0004439443842371648,0.002948015019194833,0.12473067895596665,0.0026762911315782235,0.8678690619042998
2,mlp,11211,3,3,1.433087853098198e-06,4.0811501265000185e-06,8.619821893353563e-07,0.9936802907653867,0.0001258280324576798,4.518746246896647e-05,0.006142317519517616
2,mlp,626,5,5,1.9049625761433336e-05,1.8218295584040853e-06,6.613239668150922e-06,0.05290411996353484,0.00017181917708704127,0.9447210426180376,0.0021755335463524024
2,mlp,453,5,5,4.214533780236174e-06,3.1232647224991144e-08,1.3305747038940268e-07,0.0010543875413548292,5.910097501539069e-06,0.9988384925973843,9.683093986140365e-05
2,mlp,9255,6,6,0.010189221026060274,4.736176041416558e-05,0.0016482623651452072,0.0013639231158466027,0.0007418706506150672,0.0016287890720050595,0.9843805720099137
2,mlp,7063,4,4,0.00024311324032984081,1.2440012002679711e-05,0.014500346082915864,3.95025550761286e-06,0.9818900551610845,0.0003930729382779017,0.002957022309881697
2,mlp,2020,5,5,0.1779226686906647,0.000870621052498768,0.13942280727081685,0.0007738730814369564,0.0030249195455004547,0.5761431838698656,0.10184192648921667
2,mlp,8568,6,6,0.0008891947783688106,5.3842230384449606e-05,0.00019777025661221208,0.020530697150173558,0.005977273628650675,0.0013725668346609133,0.9709786551211493
2,mlp,4880,2,2,0.00393065320792004,0.0003310684925809229,0.9955821692741222,3.393682094233536e-08,0.00014866305520546511,6.759275746797079e-06,6.527576038293079e-07
2,mlp,4707,2,2,0.001421660602620301,7.535630309301138e-05,0.9975766955915132,2.05533211448353e-08,0.0009192767655311189,5.856350286767935e-06,1.1338336343663158e-06
2,mlp,10857,3,3,2.4561544423161183e-07,2.158315527660103e-06,1.462641860279649e-07,0.996687996627818,0.000781248747244883,9.273654129272904e-06,0.002518930775649897
2,mlp,13519,3,6,0.001071353234892963,2.7339447699334382e-05,0.00011225935810256931,0.03547999203324767,0.04637772125330699,0.00104463799006186,0.9158866966826886
2,mlp,9223,6,6,0.0063771568738151515,7.402941104141494e-05,0.0015606431426986634,0.002501744139040916,0.016768446366662196,0.0038585074957765966,0.9688594725709652
2,mlp,12676,3,3,0.00010673844101706838,4.3652334530749485e-05,4.63872246621053e-05,0.8147267033293044,0.0008845918403967766,0.004803423211240351,0.17938850361884848
2,mlp,7955,6,6,0.00039332056408605836,0.00011861309718507033,0.00013071747805737624,0.1264676937677714,0.004799771193159937,0.0005901139288262326,0.8674997699709138
2,mlp,5402,2,2,0.0032842582297293215,0.0010364800135156766,0.9955077730888885,2.308531327541964e-09,0.0001700420022036696,1.4414115639136574e-06,2.945567501055265e-09
2,mlp,6993,4,4,0.00013999705508415568,9.355500738435426e-06,0.02945343024664784,3.334345928119401e-06,0.931254713258413,8.874504426368025e-05,0.039050424548924885
2,mlp,9006,6,6,0.00045091093505506366,1.9489901678072128e-05,0.0003331356897065667,0.001920252852363997,0.0007954957385670833,0.00016204217749533995,0.996318672705134
2,mlp,1627,5,5,0.0011425880167724623,9.368177991658375e-06,6.614668557035629e-05,0.0038819001167956415,0.0003075691679831985,0.9803585213477756,0.014233906487110955
2,mlp,9583,6,6,0.0018217324014685636,1.3847067677995157e-05,0.0008855295232539307,0.0005767086723121097,0.0011406804482411261,0.0014212568948170352,0.9941402449922292
2,mlp,1651,5,5,0.0034322236406033406,9.467573315840945e-05,0.0009980584474568116,0.03212681496166066,0.0023474101314327396,0.5646861623511933,0.39631465473449473
2,mlp,6486,4,4,6.853945699939066e-06,1.7126766938686712e-07,1.5142549797202502e-05,2.564675158618821e-06,0.9996237532614637,2.3668046100117326e-05,0.0003278462541109108
2,mlp,5922,4,4,8.226920809643316e-07,1.8060723091667429e-07,4.278595141749533e-06,9.894672145354923e-06,0.9992568245824506,1.5266120286387122e-05,0.0007127327306641485
2,mlp,9556,6,6,0.0014627095471705439,1.5209249112727353e-05,0.0006969224834404927,0.0007314464773432934,0.0022578265888422463,0.0018799710399822842,0.9929559146141085
2,mlp,511,5,5,2.699531069920239e-06,1.8395723160690093e-08,7.692253954225366e-08,0.0006991337253376777,4.6837764662387895e-06,0.9992369213039652,5.646634489804805e-05
2,mlp,4651,2,2,0.0014774723787232043,5.8542398518009645e-05,0.963436394602025,5.6232343608743855e-08,0.0349928949142443,2.2387100075441113e-05,1.2252374070190026e-05
2,mlp,1558,5,5,1.8497018055347411e-06,1.8063875159761366e-09,7.268906995683416e-09,2.3536121359600032e-05,6.636275230894752e-07,0.9999644399361205,9.501537896982863e-06
2,mlp,4368,2,2,0.0011608388606573737,0.00011268719998961933,0.9982224304539365,1.8617614886918066e-07,0.0004079776483985412,5.1249367206825355e-05,4.463029366215239e-05
2,mlp,7218,4,2,0.12195735948387812,0.0004248892549133817,0.4992394301946822,2.763174839576557e-05,0.3711290354656322,0.0034912485896516376,0.0037304052628465783
2,mlp,8977,6,4,0.00038525179819941675,2.43168423121275e-05,0.0009664673530686214,0.0010139761093588035,0.7117391884370022,0.0010216732669469765,0.2848491261931118
2,mlp,7284,4,4,2.5779316816987056e-06,1.6495466577662883e-07,0.002260792638473461,5.698645041006885e-09,0.9977214101745637,2.3734913115252004e-06,1.2675110658679897e-05
2,mlp,13474,3,6,0.00031155497293875676,0.00012817978615945228,0.00014291955657065022,0.48091567416972586,0.013862463956493732,0.018657289243066037,0.4859819183150456
2,mlp,13316,3,6,0.000853413469190644,9.372037323612856e-05,0.00022383605713912545,0.16239265233472572,0.001706099332227907,0.010410556411131075,0.8243197220223494
2,mlp,4374,2,2,0.004380660741067538,0.00010602271631409874,0.9877027460548303,2.77670092222243e-07,0.007622722389078221,0.00011724879462393288,7.03216339935469e-05
2,mlp,6599,4,4,0.0401704576616186,2.389112527667643e-05,0.10463958904829937,0.00013740898074063738,0.7935430698768264,0.00457519042652952,0.05691039288070887
2,mlp,6745,4,4,0.0001605742975413301,1.7904178458507197e-06,0.020397579262794212,1.000625831146662e-06,0.977871451000792,0.0001875514979894809,0.0013800528972059082
2,mlp,9437,6,6,0.004987478363244583,4.283424452067227e-05,0.00201172369198383,0.000837990580231084,0.0012127916555925034,0.0023537222944095826,0.9885534591700178
2,mlp,3382,1,1,0.0003644191422545707,0.9996339672912903,1.5899835016717086e-06,1.1247979857681405e-12,2.3245890297939452e-08,3.35938538005577e-10,1.8068992806448324e-17
2,mlp,11806,3,3,3.4837434508292474e-06,7.852749328912966e-06,3.059124491205461e-06,0.9935798967766244,0.00015108123539893197,0.00036222204950822124,0.005892404321197402
2,mlp,13440,3,6,0.0004958458418360419,0.00020667323326848335,0.0002778044800631054,0.33515301934312286,0.003886766674860692,0.0037443887966396366,0.6562355016302092
2,mlp,12581,3,3,6.958959890703855e-05,6.443424223983887e-05,3.062643230356747e-05,0.7894921797332882,0.0010738733535578786,0.0005096158603338316,0.20875968077936946
2,mlp,3676,1,1,3.196710830384476e-07,0.9999714214678447,2.825140255611173e-05,5.362832981882e-17,7.458515677516386e-09,7.546634893864533e-16,1.7635816203942942e-21
2,mlp,9755,6,6,0.0029066268394367244,2.4483322884363627e-05,0.0019295961666716606,0.0009852177364431769,0.0061644574368637725,0.016818622397318704,0.9711709961003815
2,mlp,9457,6,6,0.002598841864424735,1.6018729237648333e-05,0.0008983536388556456,0.0004688224847552151,0.0022723889576186577,0.0008877181819591377,0.992857856143149
2,mlp,10114,3,3,4.9787624611531145e-06,4.3335925840755657e-08,4.7210912655747545e-09,0.9424361765237186,3.7028647821349494e-06,0.05732594356295719,0.00022915022906380502
2,mlp,12915,3,3,7.750791497395087e-05,6.29292087620735e-05,2.164605690012876e-05,0.6125752426510267,0.009383797054134516,0.000580035625451728,0.3772988414887509
2,mlp,12955,3,3,0.00011221392517468624,5.846558255817939e-05,6.704066554289316e-05,0.8221678237778239,0.0013405903513696792,0.006077726526825404,0.17017613917070507
2,mlp,8706,6,6,0.0005204581098544348,2.5454858751128727e-05,0.0003267294236673114,0.003323826669837717,0.0014057204670854403,0.00026394093780732344,0.9941338695329965
2,mlp,12746,3,3,5.106757290422248e-05,5.40339734683693e-05,2.703726757814741e-05,0.6997391400780172,0.0015265672284905819,0.0004288237841419232,0.29817333009539954
2,mlp,6988,4,4,0.02906378503988183,9.614613427361397e-06,0.004198762691362892,5.459466715170016e-06,0.9642330781357256,0.0005002963681806006,0.0019890036847066968
2,mlp,13301,3,3,0.00023241068253051632,0.00010458097032818253,0.00013841244206058085,0.5921920414743622,0.002220555439758191,0.0071561412238930235,0.3979558577670672
2,mlp,8021,6,6,0.0006851341937092973,7.156443661053617e-05,0.00025677755624119007,0.04215579508101401,0.0016046082331885848,0.0010156198529679514,0.9542105006462684
2,mlp,176,5,5,1.6437594654546547e-05,3.1130511087389617e-07,8.374128932215932e-07,0.021360693812767794,4.3314210274532845e-05,0.9777505399947104,0.0008278656695887147
2,mlp,8122,6,6,0.0007153714739436697,2.9218851093574367e-05,0.0001365605641408282,0.022567111167596875,0.0008526765761112256,0.0004757711598932411,0.9752232902072205
2,mlp,6116,4,4,6.842017379782309e-07,1.0571137440915593e-06,1.6770230240789616e-05,1.5283642707582434e-06,0.9999335845060329,1.0652478601864848e-05,3.572310537156275e-05
2,mlp,3869,1,1,1.450840610630852e-13,0.9999999999729798,2.6866911620251476e-11,1.3873144882210287e-24,8.176806274313711e-15,7.361874197860384e-25,3.6273196061224626e-33
2,mlp,7207,4,4,3.138214396991079e-05,7.265326543186808e-06,0.026055405677942838,2.185617682284862e-07,0.973647595276792,4.656847413919325e-05,0.00021156453884470426
2,mlp,13460,3,5,0.005040645129884501,8.223647489325782e-05,0.00020845768166881197,0.06287247682445914,0.0015408486624243806,0.6930191148121144,0.23723622041455547
2,mlp,9651,6,6,0.004763849801034535,1.6785262207539087e-05,0.0007871940341888782,0.000886035198065014,0.0014081458778964107,0.0009565295790561015,0.9911814602475515
2,mlp,7327,4,4,0.0016558931476443257,6.305430148807516e-05,0.1990228890887776,1.0891830070513486e-06,0.7987900132053434,0.0002904069361173082,0.00017665413762238015
2,mlp,7833,6,6,0.0003133535962950332,7.694387197917424e-05,9.581971390985899e-05,0.10479170345650056,0.003107113614625743,0.0005994952332925846,0.8910155705133971
2,mlp,5114,2,2,0.0001924083139225952,0.0004867246105880866,0.9992164656591331,3.215489650482991e-09,0.00010361178693365743,7.581606312939916e-07,2.8253301597163623e-08
2,mlp,7815,6,6,0.0001474163162952424,2.277612759924304e-05,5.698624170955496e-05,0.03693788204444834,0.012431869883860979,0.00023816184524996363,0.9501649075408367
2,mlp,2774,0,0,0.9893246189306242,4.538730629884455e-05,0.010290650724686599,3.831738675135276e-07,3.368332239693769e-05,0.0003014787949488064,3.797747177131044e-06
2,mlp,183,5,5,2.691953573604114e-07,4.418684548425879e-10,1.5844152832396176e-09,7.269087757896643e-05,2.639983469842736e-07,0.9999211982949783,5.575607454651277e-06
2,mlp,12201,3,3,1.1277529454432467e-05,1.917698311362117e-05,6.398894696594825e-06,0.8958953629349768,0.0008323220839215022,0.00011343976055923595,0.10312202181327776
2,mlp,4581,2,2,0.03005797851278728,5.7268430840648674e-05,0.9647921237098963,2.156035142491278e-07,0.004951178636792912,0.0001251577495502637,1.607735661829867e-05
2,mlp,8121,6,6,0.00031372121106232776,8.239805221592884e-05,0.00025055459059753073,0.15615573933790694,0.002992927937564516,0.0027291058710158804,0.8374755529996369
2,mlp,2370,0,0,0.9993542185754523,1.3553677250839711e-05,0.00025151838552596716,1.3470571633200257e-06,0.00011891847449841598,0.0002563805800782922,4.063250030975771e-06
2,mlp,5145,2,2,0.0009175041237822184,8.200214971310279e-05,0.9988058988886026,5.292570426604982e-09,0.00019192825863239876,2.5459633549885464e-06,1.1532334450931863e-07
2,mlp,12957,3,3,2.4055523521857568e-05,7.702317386191758e-05,2.1086918760922198e-05,0.6387042321870299,0.1465174604714877,0.0002841536915357472,0.21437198803380214
2,mlp,9076,6,6,0.0010495336534917601,3.129626105897749e-05,0.0010967205936511315,0.0018952498051128066,0.002426197436872805,0.00027832403387114573,0.9932226782159413
2,mlp,4243,2,2,0.014900739461657366,0.00010768288567683129,0.983375082038744,4.813115502844314e-07,0.0013835714368503492,0.0001254301097810613,0.00010701275574016661
2,mlp,5396,2,2,7.749365019372443e-06,3.1841602784759494e-05,0.9999242894527384,6.551533373841884e-11,3.6075146816991706e-05,4.3644798219445894e-08,7.223271192249358e-10
2,mlp,4400,2,2,0.0017356403624710943,7.555661529319731e-05,0.9810281309193495,2.334313630916674e-07,0.01705224947448425,6.749744530406643e-05,4.069175173496347e-05
2,mlp,12880,3,5,3.431907012931156e-05,2.636622794696506e-06,8.704882257525398e-06,0.08400555386047796,0.00023948268768914793,0.9104651552381711,0.005244147638480295
2,mlp,8822,6,6,0.03125895709843178,8.972839459331849e-05,0.0017548885067270317,0.004776656355885346,0.002071611409352483,0.14600895566845357,0.8140392025665566
2,mlp,2654,0,0,0.9999882780472454,2.900259559049502e-07,2.8033781931703957e-07,9.830515403103242e-09,2.0919796575300654e-06,9.044478849898115e-06,5.299956591553507e-09
2,mlp,5135,2,2,6.473279926978545e-05,8.674537722104513e-05,0.9997894588777346,1.9404518876400452e-09,5.850368567683441e-05,4.5115503914523844e-07,1.0616460669600237e-07
2,mlp,2406,0,0,0.9998816108017899,1.2201677616866502e-07,2.5916399264135733e-07,1.0202521363198783e-07,5.127187382354991e-05,6.65887413345388e-05,4.537706972604101e-08
2,mlp,7453,6,3,0.00013302295596426294,0.00010494542820238457,6.297948297045854e-05,0.7058915495170219,0.0018623156492607517,0.0011496388649736174,0.29079554810160657
2,mlp,5933,4,4,8.699765614220162e-06,9.83474364297437e-07,5.527541486208937e-05,1.5062112781108263e-05,0.9970568224517548,6.25221891477104e-05,0.0028006345914758394
2,mlp,10798,3,3,2.654117273163577e-07,7.608004301703049e-07,2.3195507326573132e-07,0.998243399497306,2.3109611781230806e-05,4.636795631678975e-05,0.0016858647673651604
2,mlp,716,5,5,3.3919082334155456e-05,1.0909355617214973e-06,3.720284833270254e-06,0.017304196050668935,0.00010171583625312049,0.9804420412767264,0.002113316533622353
2,mlp,12137,3,3,1.2168427309120706e-05,2.0444656865832685e-05,7.868396889434724e-06,0.9726569709331463,0.0004152047734966361,0.0004522740536225232,0.026435068758670115
2,mlp,889,5,5,3.418647518726103e-07,2.1920328790065464e-10,6.448022294820783e-10,1.53654698390391e-05,1.5538515858915427e-07,0.9999810170873472,3.1193288979562075e-06
2,mlp,12419,3,3,9.675467935509009e-06,1.5851856044294795e-05,9.339165907187699e-06,0.971708247678299,0.0005475481855157903,0.0006893780933662217,0.02701995955293192
2,mlp,9756,6,6,0.031843176326811926,0.00012899219301987518,0.014098106647685462,0.0010840182685976588,0.0020411276367567734,0.0643196079562663,0.886484970970862
2,mlp,2178,0,0,0.9985099115746214,6.9928276349684325e-06,5.01955024433034e-05,4.839856486352287e-06,6.294781625758586e-05,0.001342163610254981,2.294881230112874e-05
2,mlp,9819,6,6,0.002808270657242543,2.442058963521771e-05,0.008721807402746818,0.0002979497984334439,0.004835091622478199,0.000824984959051126,0.9824874749704126
2,mlp,1763,5,5,0.0021060649345160994,5.23671786937637e-06,9.306394862452833e-06,0.0018063561075517959,0.0001241653324997288,0.9927196281438364,0.0032292423688641257
2,mlp,6783,4,4,1.2125057703660543e-05,7.652497788046963e-07,0.0008674386051794656,2.718502369710968e-07,0.9989328238143701,1.615407744605082e-05,0.0001704213452850425
2,mlp,3184,0,0,0.989423391321744,1.2182491215779796e-05,0.009541925797704295,1.4888372160657543e-08,0.000975037672251912,4.737499555216342e-05,7.283315991001927e-08
2,mlp,9467,6,6,0.0052317609221464,3.540110932911098e-05,0.0023385297268861418,0.0006011940226461256,0.0016293396892094452,0.0011346373972663045,0.9890291371325164
2,mlp,8610,6,6,0.0022558945355616363,0.0001143233826151862,0.0006356564484904792,0.030469738496462968,0.0033847773526153127,0.015533300813920457,0.9476063089703339
2,mlp,4348,2,2,0.0025916715701277565,6.74815034186765e-05,0.9264562430777095,4.251452527250067e-07,0.07066164388438764,0.0001550898906449696,6.744492845870558e-05
2,mlp,11421,3,3,7.371488528817198e-07,1.8003816728606763e-06,1.0784877235579145e-06,0.99803520721208,6.312961835219764e-05,0.0005292497513284077,0.0013687973999898264
2,mlp,133,5,5,8.160074829589615e-07,4.750237643789438e-09,1.7360189524919945e-08,0.00059316157141983,1.4241801208605445e-06,0.9993799788548826,2.459727566655099e-05
2,mlp,11702,3,3,4.9006923737312805e-06,8.430567151063742e-06,2.246983744958079e-06,0.9578983910109193,0.0001908007543050079,6.422751241939966e-05,0.041831002479086395
2,mlp,446,5,5,1.6514451247512845e-06,2.0732102632705e-08,1.0819866915968893e-07,0.0012173086792705544,5.375291722713083e-06,0.9987280593782273,4.747627488283272e-05
2,mlp,11621,3,3,3.2484430524813515e-06,4.448080839389586e-06,2.918312424994767e-06,0.994779105405995,0.0001060925609509103,0.0014187953602910087,0.0036853918364461217
2,mlp,12221,3,3,1.823180745010942e-05,8.248433486724304e-06,1.1946921391573394e-05,0.9524931663139667,0.0003687773905168612,0.015377330531970745,0.031722298601217114
2,mlp,11853,3,3,6.381473988387511e-06,1.0391517148669212e-05,4.45330721935253e-06,0.9809467992233638,0.0002167790624165144,0.00031772831703000205,0.018497467098833154
2,mlp,9674,6,6,0.010283522205019383,2.638021686402264e-05,0.0023018160150263343,0.0005845812864828839,0.003205315027373331,0.01884619336216215,0.964752191887072
2,mlp,6799,4,4,5.198789250565043e-05,2.6314238371049274e-06,0.0013019777548692994,2.3851888993160103e-06,0.9971528331737187,0.00012156007289685428,0.0013666244932730987
2,mlp,5682,4,4,6.735520801369762e-05,2.474023780208308e-06,1.876548428782195e-05,0.0007016246803230074,0.9837245680132416,0.00025437397728478246,0.015230838613068794
2,mlp,5194,2,2,0.001313027321513134,0.002407966424356928,0.996016959427854,1.0929419265881696e-08,0.0002604448201965989,1.32031923745205e-06,2.707574226541814e-07
2,mlp,10870,3,3,2.268318972667879e-07,9.708804895048716e-07,1.853384486224304e-07,0.9966199600679342,4.100864809849798e-05,1.2373481953186292e-05,0.003325274751178806
2,mlp,11655,3,3,2.2020494618775147e-06,2.8166856557949224e-06,2.8999097850050413e-06,0.9919765501668817,0.00014054351898151285,0.005377931996369798,0.0024970556728640633
2,mlp,10716,3,3,1.5021700053054623e-07,3.3712248173830043e-07,1.6427099877354743e-07,0.9988867998192612,1.534683076280899e-05,0.00011420932328707416,0.0009829924162077662
2,mlp,13091,3,3,4.5199397495041865e-05,8.377720855234493e-05,2.751053926291497e-05,0.8729601271179844,0.0052943404654579975,0.0006653884978799037,0.12092365677336742
2,mlp,7487,6,6,0.00013509680881435232,7.183550818435264e-05,3.0279984305979865e-05,0.4051075222064977,0.010407948928733353,0.00034203578840869366,0.5839052807750555
2,mlp,6424,4,4,6.781217299933513e-09,2.1654531817381653e-09,2.25422447180987e-07,1.7460564885450603e-08,0.999996635434205,5.219029469050945e-07,2.590833165686417e-06
2,mlp,7085,4,4,0.0003018016368551337,6.043581197770672e-06,0.002766767137732021,8.617596512386035e-07,0.9966470173280257,5.5570690516218964e-05,0.00022193786602165216
2,mlp,1707,5,5,0.001312271333182254,4.324918936053003e-06,7.700166655127868e-06,0.002143083543908387,0.0002622175027713271,0.9909740560972243,0.005296346437322516
2,mlp,3524,1,1,8.612200562519764e-06,0.9994526020097413,0.0005386592931866705,3.718889393503819e-15,1.2649638759387888e-07,1.1830451404876288e-13,8.077237130497798e-19
2,mlp,605,5,5,5.221861756658216e-07,9.746975916517829e-10,4.185648618053029e-09,6.70308847954234e-05,4.629661167498259e-07,0.9999237258264503,8.252976115796082e-06
2,mlp,7152,4,4,6.48732009394838e-07,1.4971278539779648e-08,2.7782775870031263e-05,4.95690281045927e-09,0.9999636657432087,1.0810983371339685e-06,6.801722393277428e-06
2,mlp,8564,6,6,0.0038075528140051784,9.163880886994866e-05,0.0005871051770367462,0.01120422739097592,0.0018393655444427185,0.003987882248123736,0.9784822280165458
2,mlp,1670,5,5,6.93701297838482e-05,6.810847255129174e-07,7.069987940795283e-06,0.0007388049412282464,4.439143332864367e-05,0.9984121854455116,0.000727496977481372
2,mlp,8051,6,6,0.0013805817811087223,9.132664022598579e-05,0.00024163664108993726,0.03933075643171522,0.0013417272135163854,0.0008306013244464904,0.9567833699678974
2,mlp,12480,3,3,1.0760781253925578e-05,2.2083509412562716e-05,1.0053515281173897e-05,0.9748852438659197,0.0007377218870143962,0.0006031272992017461,0.02373100914191654
2,mlp,2551,0,0,0.8835683349717849,0.00014501662154299498,0.11384539235650817,1.47994378766545e-06,0.0018752598686613397,0.0005454164256981323,1.909981201658624e-05
2,mlp,12233,3,3,1.1387582463005023e-05,2.545074069116002e-05,6.734773442005187e-06,0.9792388015377755,0.0004333335170119172,0.00023531119095684174,0.020048980657659417
2,mlp,13488,3,6,0.0006351474541943436,0.00016593529708349257,0.00021894716466003386,0.2519700816011941,0.0062226748237111775,0.0072935065692562836,0.7334937070899005
2,mlp,4174,2,2,0.007214372167693864,0.00014131317628737734,0.9921681339065169,7.397329549872142e-07,0.00023101548974722866,0.0001270956806551704,0.00011732984614435619
2,mlp,7571,6,3,7.296856464511743e-05,6.151664260021147e-05,5.534983887030037e-05,0.6087892115238447,0.002260496396030387,0.0012614853887931694,0.38749897164521596
2,mlp,3392,1,1,9.723729401093613e-05,0.999721429362429,0.00018130474803312356,9.17359532054508e-13,2.846093384798419e-08,1.3367544667786409e-10,1.2549955414063798e-16
2,mlp,9027,6,6,0.00112618523858314,3.6060321630876273e-05,0.0006069517290861477,0.0029278394518766366,0.0006276947572086012,0.0008871445927919199,0.9937881239088227
2,mlp,3134,0,0,0.9997282687119886,1.2392090854880683e-05,0.00023244985475258265,6.5931910051787466e-09,1.957088161566746e-05,7.304947546421571e-06,6.920050830760434e-09
2,mlp,11947,3,3,7.425634477105208e-05,2.6178800744020172e-05,6.35966268333492e-06,0.8912629222110606,0.006806042082244731,0.0004370532686230696,0.10138718762987327
2,mlp,12521,3,3,9.967324104142853e-06,1.6555215071965743e-05,8.429513184809213e-06,0.9473210721930326,0.0007733955724420834,0.00042601885854887025,0.05144456132361552
2,mlp,13327,3,3,0.00023119110336115083,0.00014390342441722608,8.538328957703477e-05,0.6172354208605503,0.012377033238713468,0.0030515090158559502,0.3668755590675249
2,mlp,10990,3,3,8.010090388873765e-07,2.2255550813083017e-06,5.248393542003678e-07,0.9960841228877548,6.432195687489038e-05,4.48910787718241e-05,0.0038031126731238965
2,mlp,6090,4,4,1.425065749881232e-06,8.814723444909087e-07,0.0001409770934205703,4.988178020211769e-07,0.9997068684177381,1.0418065279106943e-05,0.00013893106766587856
2,mlp,2493,0,0,0.9995632458918458,1.0263216778719512e-05,0.00021792858048480827,3.5562308075861473e-07,3.3838766471504054e-05,0.00017299448831482048,1.3734330236016402e-06
2,mlp,3083,0,2,0.21653033242576,0.000445192323685789,0.6858882178355473,1.1885940748507225e-07,0.09698651806320464,0.0001485800073384559,1.0404850562950186e-06
2,mlp,10940,3,3,3.149426062625121e-07,9.817210801316781e-07,3.014326300305601e-07,0.9978312933995203,3.0148976515771924e-05,5.201657548889753e-05,0.0020849429521587483
2,mlp,7323,4,4,0.0003246381735108996,3.288115137680245e-05,0.17598040488100553,5.127113741101427e-07,0.8231673133030303,0.00021050077716645523,0.0002837490025359576
2,mlp,5782,4,4,1.9816490513789972e-06,4.425237335204795e-06,3.7546991098681615e-05,4.790263631826117e-05,0.9992984483577657,4.5596517066158175e-05,0.0005640986113647834
2,mlp,4514,2,2,5.512974625756004e-06,7.249748844610666e-06,0.9946537495480119,9.947258651782397e-09,0.005326914603289788,4.517067295483064e-06,2.0461106737575425e-06
2,mlp,13418,3,6,0.0008071111082726662,0.00024418088235806485,0.00037274652576479625,0.4327952127935003,0.004017888668208526,0.015006931846031534,0.5467559281758642
2,mlp,3621,1,1,8.972212579291736e-07,0.999984854936434,1.4244530037518182e-05,1.9137699920836286e-16,3.312267724050051e-09,2.402016210715811e-15,3.3677072548003336e-21
2,mlp,5115,2,2,7.331108172511156e-06,1.8330541087123013e-05,0.9997512706993675,5.763718498337132e-10,0.00022268542183898424,3.332288316227758e-07,4.842433050302398e-08
2,mlp,3330,0,0,0.606734957457377,0.0073944356912812445,0.3857555964268467,2.270385402807928e-08,0.00010344454778044604,1.1504442269484687e-05,3.873059121081354e-08
2,mlp,6460,4,4,1.7558519751519066e-07,1.921990914626855e-08,2.438778591683432e-06,1.3705174304840803e-07,0.9999729783478526,2.4103905911668952e-06,2.1840626114935127e-05
2,mlp,5585,4,4,1.9689654020384512e-09,1.1090615891419596e-08,3.563955363937693e-08,7.805634194590199e-06,0.9999578409835083,6.152448556235089e-07,3.368943830669628e-05
2,mlp,4454,2,2,0.06684434590686014,0.0003577186617629893,0.9320065022072633,5.794423233721542e-07,0.0005586862007481828,0.00016639531366928917,6.577226737269551e-05
2,mlp,1484,5,5,2.044223871014517e-05,7.38296279196546e-08,3.5325145630406953e-07,0.00032193636658914244,1.2640242853411503e-05,0.9994785550440141,0.00016599902674909107
2,mlp,8652,6,6,0.0008375819821206547,6.967283277136203e-05,0.000453534495567495,0.019047784031779123,0.0016425471662855384,0.001811047185144881,0.976137832306331
2,mlp,5112,2,2,0.006886751065658514,0.00019340415709314648,0.992679192522779,2.1639334364604058e-08,0.0002315000216505661,8.232411853532986e-06,8.981816308087985e-07
2,mlp,7131,4,4,0.0006893458118544453,5.1097165473451875e-06,0.008739182883664636,3.6423870836847765e-06,0.9851121364549632,0.00048026288990742815,0.004970319855979266
2,mlp,5836,4,4,1.4421745145611784e-06,1.8627445304149852e-07,1.5663576579750912e-06,3.715028622580599e-05,0.9993937797478372,2.9770923066073885e-05,0.0005361042362452986
2,mlp,2429,0,0,0.9995879406394526,1.1993555038229189e-05,2.5781430915790063e-05,1.2440048487628238e-06,2.867224111780941e-05,0.00034302541968859513,1.3427089382794617e-06
2,mlp,6782,4,4,0.0047719119834348745,3.34603833979516e-05,0.09663944436468519,2.6829608386300563e-05,0.8722684970877052,0.0008845762981252965,0.02537528027426525
2,mlp,1141,5,5,7.024610322855529e-05,2.309566175301238e-07,9.039222524735644e-07,0.0009191014839359635,2.1905370782054685e-05,0.9982362463778627,0.0007513657853209562
2,mlp,6411,4,4,1.0533504152946232e-07,2.4300687384529777e-08,4.614983546512081e-06,4.658235203300005e-08,0.9999808962571045,1.6815169395733878e-06,1.2631024328415637e-05
2,mlp,314,5,5,1.5040276489087753e-06,1.6390762823813105e-08,7.256055149211591e-08,0.0015193498523047456,4.588980151332083e-06,0.9984212357505438,5.323243803712533e-05
2,mlp,10973,3,3,2.959643979610771e-07,1.0154775214721082e-06,3.6493565668161435e-07,0.9985787271282657,3.1012034088010084e-05,9.274534251353222e-05,0.001295839117556435
2,mlp,8647,6,6,0.001429712501579123,4.078161654526274e-05,0.00027213482104013155,0.008842192104535249,0.0026668486068431472,0.004870952505657252,0.9818773778437999
2,mlp,4953,2,2,0.00027472399469853837,1.9889635276543212e-05,0.9961523015046411,1.0346886256255157e-08,0.003547796258532782,3.6246876315090405e-06,1.6535723330099664e-06
2,mlp,804,5,5,1.5333786651172088e-06,8.841051760853568e-09,4.773953767047353e-08,0.00028204798987208654,2.5122267592977855e-06,0.999685705323228,2.8144500885890873e-05
2,mlp,5800,4,4,9.459041695901718e-09,2.654321358831847e-08,2.6792641473709475e-07,8.8003386641759e-07,0.9999841048071381,1.9896032132071733e-06,1.2721627112191343e-05
2,mlp,6934,4,2,0.004451057804268808,2.209335485162953e-05,0.6063236839842783,1.5180004350830025e-05,0.3741850964525299,0.0015193406094495758,0.013483547790271085
2,mlp,10489,3,3,3.6255642884611685e-08,5.600863546375636e-07,4.056301687313635e-08,0.9994635875030821,2.65564551599583e-05,3.4006987209753092e-06,0.0005058184380225384
2,mlp,5479,2,2,0.004325112454519826,0.011127349080649355,0.9845081773455565,1.303867605028258e-09,3.912396270480304e-05,2.3202980211916138e-07,3.8228998957836355e-09
2,mlp,465,5,5,4.5754941189936266e-05,3.428265364769788e-07,1.065812831296156e-06,0.004559516812922721,3.40144123641873e-05,0.9942806961549916,0.0010786090391637921
2,mlp,4183,2,2,0.0012189938222487856,0.00011853224120585399,0.9900154186277448,6.516218271048392e-07,0.008303407911193113,0.0001249468613863125,0.0002180489143943167
2,mlp,2233,0,0,0.9958469137372885,1.0526858681800388e-05,0.00285164115219531,3.186401698482918e-06,0.0004677342902469253,0.0006203973130734785,0.00019960024681559753
2,mlp,248,5,5,4.609174300162885e-06,2.0449128297286367e-08,6.176536481620429e-08,0.0010246689282770124,4.561783953286594e-06,0.9988571314585305,0.00010894644044605483
2,mlp,13078,3,3,0.0002740181385523426,9.887186450215287e-05,0.00012198479502119927,0.7268028554603344,0.001993277023201669,0.012154869984863335,0.25855412273352485
2,mlp,4215,2,2,0.04556465173374764,0.00018434359165444186,0.9461616154960484,1.2425378551664313e-06,0.006921330198369271,0.00077092634836423,0.00039589009396063157
2,mlp,13423,3,5,0.0006082562843198626,9.701335091299102e-05,0.00027640902750519395,0.33569507377122487,0.0032966437610320214,0.5431792744136544,0.11684732939135074
2,mlp,10416,3,3,1.7784227277872906e-08,5.629118430971477e-07,2.65101211888088e-08,0.9984973245358116,0.0007084035654494939,1.5523372465143806e-06,0.000792112355300861
2,mlp,10448,3,3,1.1476459818063823e-07,5.642344010858103e-07,5.851560658747303e-08,0.9991175627539549,1.1557125349189092e-05,7.806980942891736e-06,0.0008623356251470779
2,mlp,6612,4,4,0.0010426657148426147,8.860792776088967e-06,0.01913496860479974,1.4058418224357083e-05,0.9610974854896747,0.0004824565864203384,0.01821950439326226
2,mlp,8751,6,6,0.0004589617830418479,2.235257275984112e-05,0.0001522258089348174,0.006593493056508572,0.003885996086308051,0.0004014447273751925,0.9884855259650718
2,mlp,10664,3,3,9.777639356483901e-08,8.937182146919241e-07,9.202753309205895e-08,0.9988832460503767,4.659738386882147e-05,5.574357260722363e-06,0.0010634986863523213
2,mlp,9858,6,6,0.003666202521854727,3.8129387374179765e-05,0.00995083734528164,0.00027389362377680163,0.0016659828667316494,0.0017977800710027366,0.9826071741839782
2,mlp,7190,4,4,0.001552707978193308,1.643778122596046e-05,0.046530562267989704,9.660617500386924e-07,0.9514894044787768,0.00012629607576540746,0.0002836253562988115
2,mlp,10133,3,3,5.674755673934312e-09,7.362929566651178e-08,1.2280337537354515e-08,0.9999618708539724,3.1611072641884007e-06,1.3994378995992294e-05,2.088207537848352e-05
2,mlp,8860,6,6,0.01299120923379546,0.00010885328470008371,0.0013631432646338288,0.005130390519044487,0.0014004139766599357,0.016573195944907526,0.9624327937762588
2,mlp,6938,4,4,4.0744461100736784e-05,2.128610063729604e-06,0.004095660496785055,1.6625650010768773e-06,0.9801579740221636,9.250606168312139e-05,0.015609323783202842
2,mlp,2139,0,0,0.9903279389309706,3.118304373554628e-05,0.004359287523709061,2.1951443947618014e-05,0.001804315621252181,0.0013071434824028427,0.0021481799539820596
2,mlp,12435,3,3,1.476369219830794e-05,2.3489882348836788e-05,1.3054364847749125e-05,0.9739476653447835,0.0005690211443669331,0.0010851556522784133,0.02434684991917631
2,mlp,1428,5,5,0.00015466708999400394,7.90622326899171e-06,5.031844099729163e-05,0.016491940348224602,0.0003404903939401886,0.9746934414718187,0.00826123603175641
2,mlp,5747,4,4,7.860167804040253e-06,2.98698544954664e-06,0.00011219931197103469,1.470724505217132e-05,0.9982029594198631,5.65284619175429e-05,0.0016027584079427906
2,mlp,12599,3,3,1.4577219562391859e-05,3.527030769836164e-05,9.890249865598574e-06,0.9618804200804426,0.0012962992401180837,0.0003217819561121129,0.03644176094620085
2,mlp,11108,3,3,4.765640548714788e-07,9.626387285047425e-07,4.440047043842536e-07,0.9968032728030665,3.4152864695320095e-05,0.00012558073711816303,0.003035110387632358
2,mlp,1616,5,5,6.432094470508284e-06,8.204934116955699e-09,3.399177985530358e-08,4.769095051173973e-05,2.025461726795942e-06,0.9999158051466277,2.800414994918636e-05
2,mlp,5220,2,2,0.0028175763836195194,0.00022380996791955993,0.9967195889234166,1.061064803512185e-08,0.0002263516731202567,1.1931270176750367e-05,7.311710991693001e-07
2,mlp,7426,6,3,3.9015167867575666e-05,5.040771532685754e-05,1.653174937284778e-05,0.8367770070621963,0.004272267152099548,0.000598648299941091,0.15824612285319578
2,mlp,4737,2,2,0.0021509800659923924,5.012251848486038e-05,0.997456849172828,2.779542760172114e-08,0.0003300072803704678,1.0767691954098399e-05,1.245474942714828e-06
2,mlp,7828,6,6,0.002298444007004096,0.00022414736860829,0.00042685564790911337,0.30611067573250056,0.005520313004414179,0.1366204965396285,0.5487990676999353
2,mlp,682,5,5,3.5802723365839977e-06,3.995718022009889e-08,2.2590431565519734e-07,0.000956924774496387,6.6376215443955474e-06,0.998953893659244,7.869781088275193e-05
2,mlp,11479,3,3,2.814101059838658e-06,3.18340852457997e-06,1.8890132507884683e-06,0.9802408547142718,8.93845189297441e-05,0.0003057293533082875,0.01935614489065511
2,mlp,8259,6,6,0.0004393634873861226,4.471907675929619e-05,0.00022019967250311463,0.014167090467109114,0.0009782702276911464,0.00023647785063669703,0.9839138792179146
2,mlp,10149,3,3,1.8995731170076557e-08,1.5558239110680478e-07,1.949606403384053e-08,0.999845478316551,4.312058597914056e-06,6.84130627836291e-06,0.00014317424438647718
2,mlp,6554,4,4,0.0640610027261717,0.00021233185437659902,0.12222816245041906,0.00023647283921055087,0.7297532781648287,0.004053665530426517,0.07945508643456677
2,mlp,6705,4,4,0.0003065226467444539,1.266641739701268e-05,0.024002443352876216,8.217096277106648e-06,0.9618826522383324,0.0003206599489306001,0.013466838299442327
2,mlp,10521,3,3,4.705472311937621e-08,1.8123115615461626e-07,9.123399490844139e-08,0.9995734207063522,1.0997438688547773e-05,0.0002984043998914117,0.00011685793519384277
2,mlp,12371,3,3,2.7421731403302036e-05,2.1294519401833876e-05,1.8842890581908963e-05,0.9601688541017854,0.0005122560075694715,0.0039041596233351165,0.03534717112592306
2,mlp,8793,6,6,0.005824304038891431,0.00013281782063507096,0.0016733255915221052,0.015832137742330145,0.0026569756178141126,0.06162466628631969,0.9122557729024875
2,mlp,12913,3,3,8.078375374037506e-05,5.543889018272039e-05,6.022353127609624e-05,0.8952173076450503,0.0013295151912025946,0.007699797144769247,0.09555693384377871
2,mlp,12667,3,3,6.976853454112256e-06,2.5240325825179695e-05,3.885992081048493e-06,0.9573663135550764,0.0044893879766820565,0.00015300590610038228,0.03795518939078068
2,mlp,1930,5,5,0.039486223998899936,1.2743492318310684e-05,2.379870657052184e-06,0.0006602163344206237,0.0001553990110847412,0.9590431397393546,0.0006398975532647116
2,mlp,11720,3,3,1.2343042191463387e-05,1.7191590013744816e-06,3.0390076927571136e-06,0.6372362082697652,0.00021380873337851702,0.3584324393172992,0.004100442470671295
2,mlp,10309,3,3,2.4014756703052423e-08,9.650481563122943e-08,3.8207076297893147e-08,0.9998273967171919,5.292585615879138e-06,8.088217751337625e-05,8.62697930303075e-05
2,mlp,7446,6,6,0.00010810635314993746,2.2400634532389908e-05,2.1407849448520015e-05,0.42163639173793355,0.000777929317383294,0.002725948027211044,0.5747078160803413
2,mlp,2590,0,2,0.07315497116047284,0.00022136345802171794,0.9225897014544686,2.0207883662707716e-06,0.0017696162620484909,0.0017122802785419502,0.0005500465980799591
2,mlp,12891,3,3,5.3173540054908394e-05,6.917080614896612e-05,2.4959951756745734e-05,0.8787432405873262,0.0035773455939053845,0.0007890315302314959,0.11674307799057614
2,mlp,13397,3,5,0.00010457507445216987,4.773450443580155e-06,2.3905743471222035e-05,0.022348485756299948,0.00029283537878012133,0.9688957038414532,0.008329720755099622
2,mlp,10006,3,3,1.1448501849298581e-09,8.79655795334004e-09,1.7969587125810482e-09,0.9999843222347243,4.114908666079382e-07,7.0623489622400174e-06,8.192187080107372e-06
2,mlp,9176,6,6,0.0015285010673809932,2.9267013420605704e-05,0.0007967333199845136,0.001837755226053954,0.0009665207216404977,0.0021047445251214662,0.992736478126398
2,mlp,3653,1,1,1.4310417931607272e-08,0.9999067938840612,9.318800567261391e-05,2.044763710146923e-17,3.799848276526505e-09,2.791898092598714e-16,4.5538346982866315e-22
2,mlp,12980,3,3,0.0001888166931022008,5.5017139152656776e-05,0.00010542923584999594,0.7947101928880624,0.0020098958018776405,0.08845995202007921,0.11447069622187588
2,mlp,12780,3,3,0.00023219210166317163,2.5898538910850036e-05,6.0888661347226166e-05,0.49990833449393335,0.0011898531368692612,0.4384471628931478,0.06013567017412842
2,mlp,4863,2,2,0.0017965358756924332,7.135684830952747e-05,0.9974174464129913,3.1708793716416126e-08,0.0007000244562313437,1.2114375197820764e-05,2.4903227838048827e-06
2,mlp,3536,1,1,7.799875611472676e-07,0.9999585357174166,4.0678934458618184e-05,1.5940077467443285e-15,5.3605475444215615e-09,1.4408047941821294e-14,1.5046066042784988e-19
2,mlp,12368,3,3,1.551896209974374e-05,2.6586163406876388e-05,8.203406989493836e-06,0.9170116330515986,0.0010759965216707143,0.00017427885789219355,0.08168778303634239
2,mlp,11313,3,3,1.797356664276826e-07,2.1516685726920755e-06,2.0879923974058905e-07,0.9975123530861266,0.0004381005246757631,1.489226078661745e-05,0.002032113924932371
2,mlp,6863,4,4,2.3281698189753034e-06,8.763402361270374e-08,0.0002589124114389307,7.889293159871431e-08,0.9993776195480489,8.139524987072934e-06,0.0003528338187509146
2,mlp,2627,0,0,0.9997964746087312,1.2835805627997624e-05,3.787147940386399e-05,2.3478588545613743e-07,1.1073061291595636e-05,0.00014124293908798465,2.673199720016171e-07
2,mlp,4112,2,2,0.08790582106108924,0.0002759656907056101,0.9064146838546634,3.151132200049801e-06,0.004253137115954684,0.0006287467641485865,0.0005184943812387333
2,mlp,2515,0,0,0.9999634676707724,7.726369256597357e-07,1.3386695347710696e-07,5.84443283161247e-08,2.9929956479870394e-06,3.256295181034024e-05,1.1433561821133552e-08
2,mlp,6345,4,4,8.254919426120745e-08,6.39342935265339e-08,2.8747938931245746e-06,2.2207154977518963e-07,0.9999828381171711,3.0324359476077385e-06,1.0886097950618627e-05
2,mlp,8571,6,6,0.0009721596428774468,2.920220291117774e-05,0.00023538350874586665,0.004751526183312551,0.0008331739392697697,0.0005612593564899978,0.9926172951663931
2,mlp,1980,5,5,0.0007144594526207394,1.9142071226669855e-06,4.2710036725523944e-05,0.00010501414951366456,4.557156720963977e-05,0.9986966258246697,0.00039370476213813834
2,mlp,11235,3,3,8.573576790681707e-07,1.871407406151204e-06,9.707972955426802e-07,0.9974237581595702,4.445971612723437e-05,0.00037772572007608663,0.0021503568418458612
2,mlp,5416,2,2,0.10778962472599908,0.02013093198416215,0.8719478777936576,2.8237785794740454e-08,0.00012664910339456328,4.861303759610493e-06,2.6851241234197133e-08
2,mlp,12515,3,3,1.5070911194771325e-05,2.1079631076186997e-05,1.5196844136011777e-05,0.9715694249489722,0.0005614550034722691,0.001444898070398453,0.026372874590749922
2,mlp,5066,2,2,0.18633891252789678,0.00020182047631495643,0.8090977831589542,6.086602996848361e-08,0.004297338128637167,6.289190902667313e-05,1.1929331403025248e-06
2,mlp,588,5,5,1.2124856259167627e-05,1.4746414178259914e-07,5.65203139519688e-07,0.004091067461749074,2.215295517659199e-05,0.9954417853594609,0.00043215670007292986
2,mlp,1175,5,5,0.00026991038675051155,1.934218939423651e-06,6.503925726768142e-06,0.005082849381704543,0.00010879118000153501,0.9905171457702303,0.004012865136646685
2,mlp,11719,3,3,1.9347456802582692e-06,4.251175280420789e-06,2.194998663999917e-06,0.9942494006990593,0.0001384111564880518,0.0003339336272682891,0.0052698735975595535
2,mlp,1880,5,5,0.000354852000912793,1.0100822306241254e-06,6.918084200850087e-06,0.000308248141132464,5.323386882284734e-05,0.9986278523883302,0.0006478854343702054
2,mlp,127,5,5,1.1079756683126217e-06,2.4908182661278052e-08,9.945480343406812e-08,0.004767682865410308,7.499148879770751e-06,0.9951635881625402,5.999748451518475e-05
2,mlp,8931,6,6,0.0018212315453569842,9.408572666090182e-05,0.0007678430325506122,0.025342128690879633,0.0076416786293655335,0.02522732808024739,0.939105704294939
2,mlp,4178,2,2,0.3945421872015823,0.00028211041977817535,0.5880732410613544,3.1530656143324684e-06,0.015681759336699016,0.001350195047752986,6.735386721887851e-05
2,mlp,2898,0,0,0.9999791207143605,5.4877560631075916e-06,5.203612040917712e-07,2.574401481534665e-08,5.220638139881538e-06,9.62352309325097e-06,1.2631247697948855e-09
2,mlp,10578,3,3,5.416337443414147e-06,4.538639842962705e-07,2.341199807820095e-08,0.9993152038465244,0.0003246686516718597,0.00011362554672847803,0.00024060834164942334
2,mlp,4698,2,2,9.952078546252146e-05,1.6427645931117523e-05,0.9996836385175839,7.323288761917971e-09,0.0001970417894167661,2.8717190139155924e-06,4.922193030064409e-07
2,mlp,4068,2,2,0.002699447372138236,3.906734570800188e-05,0.9674803947865943,1.993910683775367e-06,0.028601388899211683,0.00018747259297645808,0.0009902350926876509
2,mlp,13087,3,3,7.887827617438978e-05,7.412583320219838e-05,5.695247775496747e-05,0.9098001857926551,0.0027044020376784292,0.005787431157139538,0.08149802442539553
2,mlp,5516,4,3,3.765372812648037e-05,3.425425012171854e-05,1.2004874154819706e-05,0.4836549776187447,0.0342135866783687,0.00024459912303459913,0.48180292372744904
2,mlp,2414,0,0,0.9992803748503275,1.650926519096378e-05,4.063633992174041e-05,1.9019384248553347e-06,2.9485091983384888e-05,0.0006291990808649051,1.8934332864396956e-06
2,mlp,480,5,5,1.7894500609963414e-05,1.0530430315932465e-07,3.958154867842778e-07,0.0020215542531305144,1.3862859966630966e-05,0.9975305641416629,0.0004156231248399682
2,mlp,5053,2,2,0.0022288505329523707,0.00013984921531095477,0.9974096012860205,1.7059730953051914e-08,0.00021519686272860602,5.585608781234373e-06,8.99434475158947e-07
2,mlp,12533,3,3,1.6065710205598747e-05,3.2710933259990044e-05,8.747998770566072e-06,0.9246963618947892,0.0016835668517588794,0.00018343796487532756,0.07337910864634041
2,mlp,3173,0,0,0.9999972521263514,8.280906506246002e-08,2.313921306117724e-08,6.401540666547767e-11,2.420814216933966e-06,2.2104138860187862e-07,5.749356988881346e-12
2,mlp,604,5,5,0.00033029636770824325,5.064685140287209e-06,1.0597397868345858e-05,0.04846413531332765,0.00023327475213916101,0.9356501807571637,0.015306450726652631
2,mlp,557,5,5,1.5776684126071915e-06,8.561293174074046e-09,4.398598069777599e-08,0.00038075918984735587,2.3176846538111755e-06,0.9995803187201693,3.4974189643020926e-05
2,mlp,7824,6,6,0.00026811663270332375,0.00013564781401497231,0.0001287629508839736,0.33384410950460164,0.005625486893279574,0.0019433536429321328,0.6580545225615845
2,mlp,8163,6,6,0.0001936097350107588,5.1291971180790086e-05,0.00013656647773872891,0.03556499840775074,0.006529088015081904,0.0002493403398473635,0.9572751050533898
2,mlp,6902,4,4,8.526578050643186e-07,5.27252307836337e-07,9.616411132698915e-05,9.702116960637414e-08,0.9998775817003037,7.757769680384379e-06,1.7019487406527435e-05
2,mlp,9648,6,6,0.0014522492356483978,1.071593315642685e-05,0.0006654672488971773,0.0007302683157347646,0.03808032616246592,0.0012614273927551059,0.9577995457113422
2,mlp,1720,5,5,0.041301825795224505,2.4014677027435173e-05,2.216974093088389e-06,0.002851603113031647,0.0003044572968554695,0.953765997797326,0.001749884346441857
2,mlp,1066,5,5,2.8837319496735646e-05,2.379352596011818e-07,1.4320099866231994e-06,0.0014706781621199787,2.42291118085001e-05,0.9979506355017904,0.0005239499595381559
2,mlp,8911,6,6,0.002742463747784682,4.1944232312300246e-05,0.0005404618423589794,0.004551754430178526,0.0019313774588906724,0.014821726388378833,0.9753702719000961
2,mlp,8232,6,6,0.0013607620345446442,0.0001472034853825684,0.00037559859658430045,0.11360600563270856,0.0041505809302102275,0.021997925092461554,0.8583619242281082
2,mlp,2479,0,0,0.9943845798882227,7.018130634323235e-05,2.2560925609317743e-07,5.23983544864234e-06,4.118275459594921e-05,0.005497973977031994,6.16629101306185e-07
2,mlp,7992,6,6,0.0009133286961410071,0.00013162615160070573,0.0003815672490755141,0.12061965020758618,0.003000103847099382,0.005481357830032806,0.8694723660184643
2,mlp,12608,3,3,2.151833058283564e-05,2.3650464515682506e-05,1.9301276207722093e-05,0.9440270684370807,0.0006425645874847779,0.0013687967105297254,0.05389710019359863
2,mlp,12772,3,3,0.00010870177856386748,4.0866718649647574e-05,6.312252903455282e-05,0.8845149840960125,0.0014570591783724975,0.06793539462899406,0.04587987107037284
2,mlp,13452,3,6,0.0002818792910656979,8.522601447722058e-05,9.603378165857254e-05,0.11431152389667715,0.005353851646249933,0.000552018173025522,0.879319467196846
2,mlp,9046,6,6,0.0016311298713472203,5.560713127608378e-05,0.0008652564282222719,0.005619984819906568,0.0011339839350607923,0.0037446825267113495,0.9869493552874757
2,mlp,10061,3,3,4.610613839764177e-09,2.6770157969575114e-08,8.848362680064038e-09,0.9999422822363478,1.0879144146393106e-06,3.5142611956406525e-05,2.1447008146445446e-05
2,mlp,6283,4,4,1.2342775613636615e-06,2.5593176385154933e-08,0.00047186241604550477,3.3760047292586167e-07,0.9989150381174379,3.1199199759854685e-05,0.0005803027955460148
2,mlp,13451,3,6,0.00040342360891181786,0.00016643526295001543,0.0001386201330897289,0.29141267594759634,0.010596734663053204,0.0014545605996817235,0.6958275497847171
2,mlp,1478,5,5,0.0005544405599480735,7.878846850654573e-06,3.835222255813115e-05,0.008208007118023488,0.00029739276531158705,0.9777175789861586,0.013176349501149464
2,mlp,12770,3,3,8.42977195159429e-05,4.683400769757612e-05,4.807865109065939e-05,0.8568091254557136,0.0010330904463359423,0.004084149335585313,0.13789442438406085
2,mlp,1666,5,5,0.001188606000224904,2.201247922451063e-06,3.038966501557273e-06,0.0012106900520636283,8.801650951670925e-05,0.9955876466753407,0.001919800548429971
2,mlp,10302,3,3,4.6494714905405575e-09,1.4669528450162477e-07,1.184082119250863e-08,0.999950769608376,1.3916606743988328e-05,5.257497832830301e-06,2.989310146973344e-05
2,mlp,476,5,5,3.969346925604176e-06,5.37225969636968e-08,2.301377460136811e-07,0.00212297853157456,1.0672305862833955e-05,0.9977548814674659,0.00010721448782811165
2,mlp,13170,3,3,7.738042331840184e-05,8.211816044732132e-05,5.806038473272997e-05,0.9048617870464645,0.00323851531936997,0.005091098268999843,0.08659104039666711
2,mlp,4359,2,2,0.009318229027875526,0.00021057450606125602,0.9901146438400216,3.1876387836932824e-07,0.00031016410743492503,3.515309991310224e-05,1.0916654815298801e-05
2,mlp,10681,3,3,2.5434877686861816e-08,4.4926888221849603e-07,5.133998630414515e-08,0.9998127400894355,4.151317041789322e-05,1.6463907894479575e-05,0.00012875678850600406
2,mlp,5157,2,2,0.0053421780638111165,0.00015041817818453308,0.9938484780524169,1.8860811456450284e-08,0.0006511151327403045,7.120426866713e-06,6.712851688123253e-07
2,mlp,1235,5,5,2.3015172556085464e-05,1.547756739268965e-07,6.87237220817868e-07,0.001039356451800717,2.082259218520481e-05,0.9985871184397951,0.0003288453307681668
2,mlp,1644,5,5,1.3948747728525861e-05,1.209764397534067e-08,3.256356127999725e-08,4.67692330740784e-05,2.4389008324263605e-06,0.9998974456435852,3.935281357459816e-05
2,mlp,2213,0,0,0.9487938683096333,0.0001649992314426951,0.04294615940069985,3.5958049980521665e-05,0.0010077975242197702,0.003880077180313294,0.0031711403037103522
2,mlp,12584,3,3,2.7355074398041094e-05,5.4598804107595045e-05,1.0426441537930905e-05,0.7761408564120779,0.007031534055933753,0.00013302968759018588,0.2166021995243546
2,mlp,10821,3,3,1.0832126918331241e-07,1.4796671306435955e-06,8.886638700369759e-08,0.9984210128667714,0.00018414511190031245,4.832662444876085e-06,0.001388332504096444
2,mlp,2118,0,0,0.9865757200148798,7.288257225267496e-05,5.1908883052996826e-05,0.00010736345169804905,0.00030741216480928494,0.012704405227914281,0.00018030768539286878
2,mlp,6391,4,4,8.965119452131703e-06,2.4368615274913242e-06,0.00029231678846117643,8.99983865165526e-07,0.9995067349931477,1.9935741629140093e-05,0.00016871051191714727
2,mlp,1796,5,5,0.014444045066265685,2.8859760962249155e-05,2.088129060257621e-05,0.0035505861087352596,0.0006821769200855603,0.9731548779881306,0.008118572865217992
2,mlp,4875,2,2,0.008675101577228514,0.00036744143982202194,0.9893903152847154,4.681058452163075e-08,0.0014816027926522173,6.953903191534378e-05,1.5953063081646868e-05
2,mlp,11543,3,3,7.886513770919956e-07,2.2871949197668386e-06,1.3096430237554778e-06,0.9981589585783859,8.150552631047373e-05,0.0006141816337639967,0.0011409687722192378
2,mlp,4684,2,2,0.009615235170037668,0.00027093590289404873,0.989852505316734,1.4897384156932293e-07,0.00020014007369419047,6.01343824838319e-05,9.001803149627256e-07
2,mlp,2714,0,0,0.9690669040988661,0.00018376208943492528,0.03027085040883503,1.2973703353614007e-06,0.0001116717329778215,0.0003536167661723322,1.1897533378412755e-05
2,mlp,4396,2,2,0.00026860920939223847,5.937312913967649e-05,0.9954718737020979,9.165259245024397e-08,0.004144259303051225,2.51938982323081e-05,3.0599105494124696e-05
2,mlp,12607,3,3,3.58508915063792e-05,1.8090982993323605e-05,2.1750359478524588e-05,0.9208956656907775,0.000591558401730152,0.008238333344507201,0.07019875032900674
2,mlp,11789,3,3,5.194086401175591e-06,5.205225900019968e-06,4.5773544174108115e-06,0.9905209293997098,0.00013534077734236793,0.0029722108195108887,0.006356542336718428
2,mlp,10022,3,3,3.9271619975273244e-10,3.779151060876764e-08,1.0192254710789017e-09,0.9998920984832531,8.890858153758231e-05,2.0622756618346977e-07,1.874750419088604e-05
2,mlp,12009,3,3,2.5749591231695597e-05,1.7906285933571346e-05,1.133589286703577e-05,0.943922439766389,0.00031370396464594887,0.000950997368904923,0.054757867130027844
2,mlp,4996,2,2,0.2560003186209115,0.0006837868386832834,0.7427331372047344,1.1735183775095238e-07,0.0005141384057032483,6.426471229889673e-05,4.236865830772006e-06
2,mlp,447,5,5,2.027350190714576e-06,6.294936717444945e-09,2.46487133057377e-08,0.00029049628204147064,1.937617452604083e-06,0.999667554838834,3.795296783131626e-05
2,mlp,12654,3,3,1.3004660889841362e-05,3.0689050896900576e-05,5.072923868656464e-06,0.914047833980256,0.00890839662216868,0.0001443683380784593,0.07685063442384155
2,mlp,12532,3,3,3.222438672012664e-05,3.841826661610053e-05,1.9831830548776347e-05,0.9491755794041724,0.0010841308173247981,0.0013434783731596333,0.04830633692145813
2,mlp,11478,3,3,2.1976935299386127e-06,8.423938247061135e-06,1.0195303014280164e-06,0.9844077145096737,0.0004924803123529331,2.9159144108461797e-05,0.015059004871786576
2,mlp,8520,6,6,0.007898227733496972,7.238711423363883e-05,0.0005289763055409248,0.006783220869326096,0.002253625420064202,0.003366857415997704,0.9790967051413404
2,mlp,1684,5,5,0.0004557087356157868,2.5026606683912655e-06,1.2231683622266861e-05,0.001423702738062367,0.00011976470473336639,0.9953203249966783,0.0026657644806197065
2,mlp,7835,6,6,0.00013422644516408592,2.86972356009813e-05,4.0050105659368554e-05,0.06310695300808138,0.00499488022738191,0.0003418477944081618,0.931353345183704
2,mlp,11225,3,3,5.804755147452597e-07,1.2271666358716734e-06,7.703478948528769e-07,0.9981446196658516,4.490706958424076e-05,0.0004744859684544222,0.0013334093060642825
2,mlp,267,5,5,1.9388191219571436e-07,3.3723348031372234e-10,1.5723697955570088e-09,4.755036672515934e-05,1.8837839702716973e-07,0.9999482568929979,3.8085703644413947e-06
2,mlp,6976,4,4,0.003187013615900701,3.7860932135961116e-06,0.0012913309537860504,1.1433839838790971e-06,0.9952103590736252,9.516268771735788e-05,0.0002112041917731861
2,mlp,5580,4,4,1.5946418701630538e-07,3.017742060894179e-07,3.8948659445521044e-07,0.0005324954700788032,0.9984466191965681,1.1775243915807101e-05,0.0010082593644496964
2,mlp,1253,5,5,2.6669088428963948e-05,7.382054595693993e-08,2.840503839549976e-07,0.0004369141350091613,1.0515488604840175e-05,0.9992564664407022,0.0002690769763250321
2,mlp,9851,6,6,0.007727818129730332,4.678035519685667e-05,0.010603323611375035,0.0003560795396088098,0.0026679869230549036,0.005581834763673762,0.9730161766773603
2,mlp,3546,1,1,4.97187084987795e-07,0.9999734559818932,2.604498807682684e-05,8.388193154242184e-16,1.8429381806942792e-09,5.828139143866451e-15,3.6752624455969844e-20
2,mlp,6060,4,4,2.452406807300138e-06,4.734403134333821e-07,7.588789514217946e-06,2.0412741441144206e-05,0.9992543937886369,5.2974690220658844e-05,0.0006617041430663045
2,mlp,6893,4,4,6.919110765380127e-08,2.2854184914868977e-08,7.364045541355733e-06,1.4674010510380026e-08,0.9999871553247155,1.4370247846835948e-06,3.936885655162034e-06
2,mlp,9739,6,4,0.0009959280376786613,0.00012457464055561638,0.00861622888762188,0.0004569471998042059,0.5019153281241028,0.0032296248328143747,0.48466136827742257
2,mlp,8419,6,6,0.000468385023803526,9.75038102335568e-06,0.00010449491264663712,0.004324468036593363,0.0012525720229537448,0.00031940811664504646,0.9935209215063344
2,mlp,12902,3,3,0.0002472987319327389,6.845331424979489e-05,8.696650568122444e-05,0.6236710425937185,0.001372644450194528,0.007915400109279143,0.36663819429494404
2,mlp,1136,5,5,8.68262841015494e-06,7.025664786878192e-08,4.269193541059878e-07,0.0005784236831284676,1.0157789320975949e-05,0.9992885023478623,0.00011373637527610428
2,mlp,686,5,5,2.0536566547401784e-05,7.675186581873451e-08,3.2308486254042524e-07,0.0010848275320345395,1.2168472951083864e-05,0.9984946321543783,0.0003874354373602672
2,mlp,11148,3,3,1.0567113497091758e-07,1.4839624738195148e-06,1.5035002274772865e-07,0.9990411712800676,0.0001453161714928654,1.7670569625040857e-05,0.0007941019951831023
2,mlp,3839,1,1,6.078972528909071e-11,0.9999999744025092,2.553248387134815e-08,7.57209271368621e-21,4.216962077380252e-12,1.3897780778421197e-20,2.716657616139793e-27
2,mlp,11008,3,3,4.4956191749562537e-07,2.5814025122416307e-06,3.284436332664147e-07,0.9985539972626228,7.460276873831327e-05,3.3832105452294375e-05,0.0013342084551235332
2,mlp,13490,3,6,0.0019363656376204937,8.442984563061229e-05,0.00032228724924252537,0.06090573587410931,0.0018533799993002353,0.02700042751154198,0.9078973738825549
2,mlp,864,5,5,6.435854657812244e-08,7.792883128282672e-12,8.785277327757015e-12,1.1967176602708255e-06,1.1699768009981798e-08,0.9999984741560436,2.530514034045036e-07
2,mlp,10306,3,3,3.641162266570645e-08,4.59660316450727e-07,2.0774689734207274e-08,0.9991218313000986,0.0003953722005655994,4.262152513727027e-06,0.00047801750019329674
2,mlp,10167,3,3,2.7793536170251176e-08,1.7517557476331252e-07,2.4507732710608716e-08,0.9997889434137823,3.960458406866454e-06,8.636493508998966e-06,0.00019823215745800864
2,mlp,197,5,3,7.006279663264312e-05,1.4933341679235563e-05,2.1224188044988664e-05,0.8941136284363176,0.0006172760001266327,0.06594317632657072,0.03921969891062819
2,mlp,6933,4,4,2.2280673080319226e-05,1.0815499655885374e-06,0.0009403218170083653,6.110112811675341e-07,0.9986146526164236,4.658042001304416e-05,0.00037447191222791866
2,mlp,2708,0,0,0.9999959073999591,2.0415789428649e-07,1.5422259004033995e-08,4.398839275553211e-09,1.2749169252512869e-06,2.593177376620845e-06,5.267465720677411e-10
2,mlp,4779,2,2,0.004416889830777222,0.0001225631313925829,0.9946054468162668,3.861224491593406e-08,0.0008361407857401523,1.5992676707089743e-05,2.9281468711001793e-06
2,mlp,1057,5,5,0.0033939293032355516,4.288554218490833e-05,0.00010140554325526497,0.05042493030160354,0.001151949918114728,0.7799295309939849,0.1649553683976212
2,mlp,10891,3,3,9.847961408112504e-08,1.1453902407151995e-06,8.10910120792526e-08,0.9990478416518034,0.00014032080541654765,8.688726643896056e-06,0.0008018238552691884
2,mlp,3242,0,0,0.9807419151426626,0.0001373995985401233,0.01893463523973303,1.1301095894033737e-08,0.00016978270925985508,1.619092664980562e-05,6.508205865985028e-08
2,mlp,13411,3,6,0.0006097391395923324,0.00016347162545242498,0.0002099321563142805,0.13164586991140206,0.0024458488263677195,0.0007915231272245689,0.8641336152136465
2,mlp,5455,2,2,2.9216925525752184e-06,6.415855353203053e-05,0.9998710299584244,1.0769387233466361e-11,6.187979043279803e-05,9.902905955243513e-09,9.138302270044562e-11
2,mlp,5468,2,2,0.00016255170409750893,0.0007708179090705888,0.9987271798414948,2.62374839174424e-10,0.0003393066001127587,1.3708970663994984e-07,6.5931428082562145e-09
2,mlp,4838,2,2,0.029954250466677643,0.0021224519323166987,0.9677416542479926,3.521994449655765e-07,0.00011150539565446078,5.8590005913835976e-05,1.1195751999702335e-05
2,mlp,1427,5,5,6.144914101572342e-05,2.6979584590347267e-07,1.3255224481676697e-06,0.0006827171058823284,2.2776758927051334e-05,0.9986907738781433,0.0005406877977375696
2,mlp,3271,0,0,0.9999976334051272,1.8395440408298323e-06,1.1576553282367856e-08,1.192290100659821e-10,3.30921817395926e-07,1.8443229339881508e-07,9.388329885563941e-13
2,mlp,7165,4,4,0.0007839937968371933,3.1796248003896836e-05,0.06693160735790812,2.5318052189321527e-06,0.9309322071337672,0.0002851707341295401,0.0010326929241349237
2,mlp,2016,5,6,0.04358223536841491,0.00017744021536614875,0.11866271330690879,0.0005584439984901352,0.004492900736843826,0.07555160548219941,0.7569746608917767
2,mlp,13487,3,6,0.001083883020318429,0.0002448059474203031,0.00048342501904079563,0.2700676712699795,0.005672242763620638,0.01024136761951238,0.712206604360108
2,mlp,5323,2,2,0.000450925679603328,7.054055291630021e-05,0.9987492903627591,2.1991173312908754e-09,0.0007269477961448917,2.169860585913632e-06,1.2354887309422842e-07
2,mlp,6417,4,4,4.322460447581043e-06,3.112054380848359e-07,1.803747913527222e-05,7.405117654217018e-06,0.9985589816116631,7.570557737915067e-05,0.0013352365482827133
2,mlp,9620,6,6,0.01452668790505493,2.661133618139871e-05,0.002438992441346863,0.00044539998688934793,0.001538629170356624,0.007367903257767274,0.9736557759024035
2,mlp,9919,6,6,0.050932246103299855,2.91055661845353e-05,0.009508704473976181,0.00024046499389299248,0.007342955066779473,0.005394537670940892,0.9265519861249261
2,mlp,7523,6,6,0.00023929613155707194,0.00012250190454373317,7.247523094552464e-05,0.4429753423825794,0.0547773302111962,0.000682976494250004,0.501130077644928
2,mlp,8996,6,6,0.001097806321289343,2.2032892300571547e-05,0.00017596922599206504,0.007594837833330077,0.032970149566368484,0.002879325651264193,0.9552598785094552
2,mlp,7657,6,6,0.02424119120061026,0.00021416708282153294,0.0002549993282241007,0.26372499834555096,0.005220954801512751,0.015831362109982296,0.6905123271312981
2,mlp,7217,4,4,1.7273911311753706e-05,5.1259750679885256e-06,0.04907962410630316,9.441344126615756e-08,0.9507235343709812,2.4813573087499688e-05,0.00014953364980726594
2,mlp,10554,3,3,1.0177560390317755e-07,2.063734488932505e-07,1.2511360401570014e-07,0.9991581757321548,7.260235793589378e-06,0.00026416874408491305,0.0005699620253100079
2,mlp,10453,3,3,4.971365257313058e-08,3.4508958891687845e-07,8.879517620180883e-08,0.9997815978205293,1.020915319519245e-05,5.427981726851326e-05,0.00015342961058945152
2,mlp,6436,4,4,4.245025682356416e-07,2.1697010849272703e-08,0.0001641301526510724,3.1350343623936234e-08,0.9997487407654152,6.108686530202115e-06,8.054284548084856e-05
2,mlp,1088,5,5,1.8103319010146573e-06,6.261912253099246e-09,3.779696873012998e-08,0.00013028948602835855,1.8864381720994358e-06,0.9998427403510228,2.322933399462163e-05
2,mlp,7421,6,3,8.975521975926761e-05,7.267138013668459e-05,3.4272202644581176e-05,0.5377760976716316,0.0014911851695037037,0.00025542658366793,0.4602805917726563
2,mlp,7244,4,4,0.00036456771680830216,3.511955217597543e-05,0.2818422545185565,7.156899476426175e-07,0.7171288183467273,0.00012431822082887905,0.0005042059549555327
2,mlp,2907,0,0,0.9999995673057442,3.8760310980309985e-09,2.178288432699528e-14,1.0225559618466365e-10,1.3137860612961578e-08,4.155779338678515e-07,1.5273413512682974e-13
2,mlp,5464,2,2,0.027101897304162497,0.003922579596762933,0.9687522959567002,3.94107240627563e-09,0.00022203627887509107,1.1703902504722086e-06,1.6532176401413068e-08
2,mlp,6363,4,4,8.472515836460965e-06,6.819927244861428e-07,6.565085057565072e-05,1.1082914887158172e-05,0.9942954759940901,7.862787488799433e-05,0.005540007856998184
2,mlp,4616,2,2,0.0001645137650560486,6.334402298691682e-05,0.9971412804747527,4.211745589345594e-08,0.0026024481817095058,1.5248414457181367e-05,1.3123023581772338e-05
2,mlp,7769,6,6,0.0002730921444020438,6.31367113221056e-05,0.00011353871411665028,0.11089227476450077,0.0011479331121849712,0.0006851374581713101,0.8868248870953022
2,mlp,12198,3,3,1.356393829466642e-05,1.7590760115652684e-05,9.473733495283211e-06,0.9588057957614426,0.00033665700134645574,0.0006634624984434253,0.040153456306861755
2,mlp,6517,4,4,2.128880087035721e-07,1.7086341696425607e-08,2.0125918086568956e-06,1.9408158171061188e-07,0.9999630518245983,3.077615539317489e-06,3.143391212149228e-05
2,mlp,7287,4,4,8.866821613293929e-07,9.575352314538363e-08,0.0008362728556514921,3.892193121150104e-09,0.9991412632449223,1.8107174420352472e-06,1.966685410677312e-05
2,mlp,5921,4,4,1.2384795883014004e-05,7.652670206725379e-06,0.00016946344069362896,3.5489058051432664e-05,0.9980693840046705,9.874100216857578e-05,0.0016068850283263048
2,mlp,8858,6,6,0.00048404149453128934,2.4390133902787484e-05,0.0003879277266919433,0.0030771000700382757,0.0007342018995069099,0.00023319880261827197,0.9950591398727106
2,mlp,6366,4,4,1.169992940540948e-06,2.4520804022885543e-07,1.014038697725352e-05,1.9269934452534295e-06,0.999746029986759,2.7293872172658572e-05,0.00021319355966500366
2,mlp,1926,5,5,0.0001548247094682524,4.551180729182696e-07,4.487732415432726e-06,0.00013173239000524535,2.8454214908492643e-05,0.9994412122815121,0.00023883355361756334
2,mlp,12975,3,3,6.435237244584342e-05,7.102101133885452e-05,4.376250054458064e-05,0.7069420810104513,0.0020553234107650864,0.0007625912064674736,0.290060868487987
2,mlp,11756,3,3,7.913126885854387e-06,5.354131373186685e-06,5.551219981734109e-06,0.98222964635007,0.00014590900902902615,0.004239420126570908,0.013366206036089113
2,mlp,3500,1,1,0.00013707905561154428,0.9998625453293596,3.73455540609249e-07,1.0632768532805112e-14,2.1590366266446913e-09,4.409668978318541e-13,3.785051007554924e-20
2,mlp,3228,0,0,0.9997797045714905,2.9565643332817027e-05,0.0001743409356842388,3.634622282044575e-09,1.3147816187054311e-05,3.235251721215583e-06,2.1469619758751397e-09
2,mlp,2904,0,2,0.22373662236093572,0.002005128214886394,0.7731621165173339,1.8846223560617567e-06,0.00010483368763640637,0.0009583066672887006,3.1107929562715456e-05
2,mlp,3465,1,1,2.3139777430841896e-06,0.9994967022344492,0.0005009527984889256,8.122105089205373e-15,3.098922374268986e-08,8.67791265504071e-14,2.5899331097784533e-18
2,mlp,554,5,5,0.00010775793607980814,5.454321564870036e-06,1.4010063970354902e-05,0.0970937268169416,0.0003579635601935096,0.8923944071894137,0.01002668011183613
2,mlp,2501,0,0,0.9999895673926947,4.075953206104887e-08,1.2198689895515684e-10,7.295933379895589e-09,2.923204373384646e-07,1.00919829833795e-05,1.2643222356033723e-10
2,mlp,7224,4,4,6.025214824007599e-06,5.822582008093087e-07,0.014809429993681216,2.076983138172446e-08,0.9851372395356682,9.360953090917002e-06,3.734127470345114e-05
2,mlp,3211,0,0,0.9993191123987472,0.00042366889884816006,0.0002171624254600683,3.755503400258265e-08,5.134127498314123e-06,3.48776395627264e-05,6.9548493705001975e-09
2,mlp,11921,3,3,2.854904516715966e-06,8.028014417512416e-06,2.7137907014777166e-06,0.990462100582162,0.00027808059860538113,0.00017928264116218133,0.009066939468434782
2,mlp,13370,3,6,0.0002478978534967703,9.544015552647482e-05,0.00016519320617235317,0.4521963724175039,0.003407467615567833,0.005033148165785129,0.5388544805859475
2,mlp,8499,6,6,0.0017983660784157479,0.00010759332245527793,0.0004726639644177447,0.03866720423046782,0.004324405926040585,0.015471358963243117,0.9391584075149598
2,mlp,11531,3,3,1.7833850628290892e-06,3.9038058924764785e-06,1.9082487041876524e-06,0.9958717706263835,8.503959858775056e-05,0.000498709514695744,0.003536884820673467
2,mlp,9613,6,6,0.0029767733427583662,3.8318751255818494e-05,0.0030889921948356346,0.001487121846214132,0.0018622851229404384,0.015286939046934168,0.9752595696950614
2,mlp,1850,5,5,9.931826788012811e-05,3.4377640600071554e-07,1.780473677904197e-06,0.0003087975158981358,2.988672240062529e-05,0.99919737644501,0.00036249679872711485
2,mlp,8506,6,6,0.00046899323934294945,5.212558134975047e-05,0.0003130943271461368,0.01865083775660818,0.00191868464849458,0.000753685366469929,0.9778425790805886
2,mlp,2214,0,0,0.7873376351595385,7.53203537917726e-05,0.12092706035635793,5.3343020863787044e-05,0.003234476089821584,0.022972913046254793,0.06539925197337185
2,mlp,5131,2,2,0.0004189948929543133,0.00014726516099857503,0.9993662857779223,4.164294390510929e-09,6.640388538044787e-05,9.516212640522402e-07,9.44971859824769e-08
2,mlp,12366,3,3,3.900428896175151e-05,3.133473331505302e-05,1.8749526784214668e-05,0.9331074195385397,0.0006464036194769344,0.0017044960066496606,0.06445259228627286
2,mlp,9961,6,6,0.05599762611978536,4.9170914290706836e-05,0.053471523341996056,0.00023926693028137542,0.008512547044406498,0.004478598389548683,0.8772512672596913
2,mlp,10543,3,3,3.6389973430757694e-07,9.747567314446402e-07,1.5597473052071456e-07,0.9984793418181171,1.8639410052037707e-05,2.5723065478753015e-05,0.0014748010751560047
2,mlp,1441,5,5,0.009175386422130534,3.4496623539939066e-05,7.257156739609308e-05,0.01270445979915059,0.0007262797859005251,0.9459174263618915,0.03136937943999084
2,mlp,3272,0,0,0.9998261981855675,5.403272241247813e-05,0.0001056564169967451,2.208536757070233e-09,1.2133960672551226e-05,1.9761685613376036e-06,3.372529484885513e-10
2,mlp,6836,4,4,1.0944930533074046e-07,1.4708116580113151e-08,2.7258784452748466e-06,5.798409610003681e-08,0.9999800750877995,3.6595017406084037e-06,1.3357390496737152e-05
2,mlp,3114,0,0,0.8923211434702609,0.0033051077986809324,0.10415952079133653,4.5861308716546765e-07,0.00012895519475869576,8.362399322330054e-05,1.1901386522805893e-06
2,mlp,2342,0,0,0.8916729410700575,0.00033639548120807476,0.10487789080465929,1.4119899209051473e-05,0.0006587842259931102,0.001992977676784225,0.00044689084208884145
2,mlp,702,5,5,1.9248657238170696e-05,2.8547909089000967e-07,1.1656923161594052e-06,0.0037810854195491498,3.1183269733462626e-05,0.9957019655541183,0.00046506592795392835
2,mlp,1352,5,5,0.09452393678276977,6.80586529958927e-06,6.96519767898958e-08,0.0021095309921870713,0.0003021311144891392,0.9024558376559958,0.0006016879372820124
2,mlp,9203,6,6,0.002758537612740124,3.518906136753825e-05,0.001051830675525052,0.0018475022612731925,0.00553064634906228,0.0009685090922023801,0.9878077849478295
2,mlp,8479,6,6,0.0038246087078623245,0.00013001341198901046,0.0004644230693794267,0.0552821324042038,0.003044184399736257,0.2530050010352737,0.6842496369715555
2,mlp,7332,4,2,0.00880414722489932,0.00011487728400949189,0.9891252509478635,2.4182994076829e-07,0.0018917532951161537,4.1564572755092984e-05,2.2164845415568175e-05
2,mlp,11491,3,3,4.087266874641708e-06,1.955248434519134e-06,1.7795201982090067e-06,0.9877625759064387,9.878598486443608e-05,0.006319186906265305,0.005811629166924273
2,mlp,10512,3,3,1.199166003719006e-07,3.159836684156641e-07,1.7510527803890148e-07,0.9992982382455926,1.0794907937634005e-05,0.0003132502550794884,0.00037710558584331795
2,mlp,10866,3,3,4.3126290674168176e-07,6.12319934134714e-07,4.5797110778616776e-07,0.9969085968743003,2.1388334578710473e-05,0.0007321785573276698,0.002336334679844612
2,mlp,11,5,5,8.528788646645015e-08,1.9257061895125995e-10,5.090441049813505e-10,0.00016059369832989478,1.6951709002058531e-07,0.999835617880937,3.532914141885214e-06
2,mlp,11161,3,3,1.7833059738117709e-07,2.1504412688673897e-06,2.1018340516938069e-07,0.9979032264324222,0.00013734836204918146,1.1357112382141077e-05,0.001945529137874915
2,mlp,7854,6,6,0.0002571053719923372,6.83929869439611e-05,0.00013232785577794605,0.1032156922783878,0.0013404704174295745,0.000540752363306318,0.8944452587261621
2,mlp,10188,3,3,3.064153736295009e-08,4.16659958014967e-08,3.613466740219909e-08,0.9982292121028955,5.2710434708787395e-06,0.0016882320244687007,7.717638696420831e-05
2,mlp,9196,6,6,0.00090570709494468,4.7926663626044235e-05,0.0009339791542984145,0.003867170145543399,0.006737779310705374,0.0028650349991779585,0.9846424026317041
2,mlp,12977,3,3,5.501301784051673e-05,4.8488294399747026e-05,5.237655406426909e-05,0.9358464976194868,0.0016500725786148817,0.010368367597861425,0.051979184337732236
2,mlp,4692,2,2,0.00273671620731186,0.0001751307450571323,0.9964028592330277,5.402246503926465e-08,0.0006371944479305777,3.497160070729963e-05,1.3073743500227222e-05
2,mlp,5569,4,6,1.3599359046495158e-05,7.186075592600843e-06,0.00014140080859288982,0.004858840972247868,0.37053239317798536,0.00011567312868901309,0.6243309064778457
2,mlp,8738,6,6,0.005061271566300294,0.00011689148740022638,0.0009125458305585358,0.01722234005691519,0.0020998714704954374,0.06755247439817078,0.9070346051901595
2,mlp,8126,6,6,0.002425478231576155,7.86730648049879e-05,0.0002947113699997004,0.0249127272550592,0.0010590516603716017,0.00402486146491715,0.9672044969532712
2,mlp,8562,6,6,0.0015321206781663491,0.00010615795340855654,0.0005361887302902969,0.03819274936474137,0.0027068125833037723,0.018242102686140415,0.9386838680039493
2,mlp,7787,6,6,0.0003832469735076667,6.577228018208116e-05,0.00013947806849070742,0.05756676115116041,0.009605210803002244,0.0003680623453220277,0.9318714683783349
2,mlp,5446,2,2,0.0011165702193364408,0.0068026577012245135,0.992027775383442,2.5599422455654964e-09,5.265997109036626e-05,3.1272120231936846e-07,2.1443762146975758e-08
2,mlp,3712,1,1,1.0180345227548422e-07,0.9999941492160193,5.748098107089417e-06,2.8191181277225135e-17,8.824208670606047e-10,4.290332779692758e-16,3.476244414236264e-22
2,mlp,4269,2,0,0.8023021610241292,0.00022770477975813863,0.19662777378898916,1.6277617926174023e-06,0.00030691087387626635,0.00050150103084824,3.23207406065872e-05
2,mlp,5894,4,4,3.422842760479861e-06,1.8614627746112435e-06,1.9223032022911973e-05,4.464190691281291e-05,0.9992502462462451,5.877943915052287e-05,0.0006218250701334335
2,mlp,10705,3,3,1.2217183443139835e-07,5.487681041662251e-07,1.5027118468285916e-07,0.9992681537576238,2.229232034649825e-05,3.487727848295309e-05,0.0006738554324235152
2,mlp,7690,6,6,0.0003004402678359357,0.00014489937085335105,0.00014349391435380796,0.37631133719255294,0.002198868335326262,0.001158374345700594,0.6197425865733771
2,mlp,4171,2,2,0.019261591824586217,0.00016784479860867406,0.9776211683342243,8.983653022631781e-07,0.0022931562028609366,0.00023302767946332975,0.0004223127949543537
2,mlp,10793,3,3,8.87286623231955e-08,1.2414604084509782e-06,9.963056238254526e-08,0.9980214749930637,0.00019761005289254012,1.0645753980443695e-05,0.0017688393804299292
2,mlp,3687,1,1,8.879969798886312e-09,0.9993956251553235,0.0006043480762087183,1.3954980823460977e-17,1.7888497554349958e-08,4.537624957117132e-16,6.837577284827178e-22
2,mlp,3749,1,1,6.233932926221193e-09,0.999998879120209,1.1145922721014799e-06,2.8660595645411875e-18,5.358596589206658e-11,8.772935508384374e-18,1.0079010845631483e-23
2,mlp,9107,6,6,0.00021715276083644135,1.3484678588881506e-05,0.00024536675659712947,0.001993216422395348,0.0012986855109623687,0.0002325951564693724,0.9959994987141504
2,mlp,4614,2,2,0.0005480452928777505,0.0001397734404597923,0.9992397934399198,4.749160912153424e-08,6.22879819595842e-05,7.019111514097776e-06,3.033241659837244e-06
2,mlp,4490,2,2,0.02263642459207039,0.0004921006793777075,0.9765156566892611,3.818616150558397e-07,0.00027243071707522216,7.933378410946239e-05,3.671676490939875e-06
2,mlp,4131,2,2,0.2465232811199468,7.451869061890358e-05,0.7443082377173157,1.4241604541627131e-05,0.004538937639623629,0.004305683749764528,0.00023509947818887232
2,mlp,3002,0,0,0.999996600626975,9.379546038476255e-07,4.374988403199845e-09,2.847071523594163e-09,9.59055724196954e-07,1.495110596581349e-06,3.0040317492242965e-11
2,mlp,8807,6,6,0.0060702517968829,0.00010366663857571033,0.0015134244064075367,0.01007802897662989,0.002301118016287979,0.0505880149673242,0.9293454951978918
2,mlp,12773,3,3,4.267156238400958e-05,2.9927999992417356e-05,3.134632457215239e-05,0.929218387564329,0.0008128138297112804,0.005276571457009079,0.06458828126200217
2,mlp,2776,0,0,0.9977522089477247,0.0015015241749408291,0.0004010900157612494,2.8977338056412937e-06,0.00011265610957116688,0.00022792987481392665,1.693143382498308e-06
2,mlp,13398,3,3,0.0007877511317434888,0.00022530335938910912,0.0003276604189142586,0.5621267209015028,0.005085351635263495,0.0342900410765237,0.3971571714766631
2,mlp,3612,1,1,4.171263511071326e-07,0.9999991822906703,4.004075792174051e-07,2.489182572216161e-16,1.7539223334192688e-10,6.908135464626538e-15,5.083813365896791e-22
2,mlp,5865,4,4,4.931048065550147e-07,1.0906569366262914e-07,1.5639912491908752e-06,9.28797605856461e-06,0.9995352307874936,1.384639478826509e-05,0.0004394686799103282
2,mlp,56,5,5,7.454651788584694e-06,2.5095244928381815e-08,5.5208508833423983e-08,0.0027264928279557223,5.709210260797239e-06,0.9969671484032129,0.00029311460302816367
2,mlp,13358,3,6,0.00031353601676739856,5.293436360624505e-05,0.00010089807920355654,0.08384196698637693,0.0007850071067206126,0.0006779051323737843,0.9142277523149513
2,mlp,4563,2,2,0.0015687346926376274,0.0001784026323770431,0.9977807547948507,6.564680010080022e-08,0.00043719633641928603,2.1198515497157367e-05,1.3647381417853017e-05
2,mlp,6415,4,4,4.877104771158759e-07,8.283262051163474e-07,3.0881831439862534e-05,4.4042071879379214e-07,0.9999366171143815,7.463580351864257e-06,2.328101642584187e-05
2,mlp,8723,6,6,0.0004962683268268453,2.4437769633219887e-05,0.0004332755256654302,0.0031503097750431117,0.007079460107043135,0.0003240671445391147,0.988492181351249
2,mlp,5235,2,2,0.00019240647651824243,0.00010410392990245665,0.9994271185757968,4.256776482932827e-09,0.0002728443535820292,3.029686723521993e-06,4.927207003672229e-07
2,mlp,6094,4,4,0.0005725109673507158,4.856119011349616e-05,0.012290985277700762,0.00010935730781314942,0.8833980329704482,0.0008611838940400249,0.1027193683925337
2,mlp,12907,3,3,0.00015997750362160745,5.066283787904907e-05,7.68844647283926e-05,0.8034327003843598,0.0014820614448164085,0.029341057129694374,0.16545665623490063
2,mlp,9313,6,6,0.0015939978390801489,2.69550258928851e-05,0.0008627621211499415,0.0011679399336461341,0.0015129283121381508,0.001918835922564317,0.9929165808455285
2,mlp,11587,3,3,1.6198266359937211e-06,3.559863327282105e-06,1.6042089905387458e-06,0.9935930292619162,0.0001111005256442062,0.00019291195339074616,0.0060961743600951536
2,mlp,4653,2,0,0.9106690766402881,0.00011934690071699687,0.0886591913807731,1.5216126216444534e-07,0.00030597435586875166,0.00023494047759137877,1.131808349938719e-05
2,mlp,7493,6,6,0.00017770654319810002,5.2009838779550424e-05,7.576486547361368e-05,0.36770642636439343,0.0009893730693404843,0.001719822976003816,0.629278896342811
2,mlp,6168,4,4,2.7403951439734826e-06,8.917201763515788e-07,5.3527365555431694e-05,3.916518522913726e-06,0.9987130715908408,3.522453811089668e-05,0.0011906278716497104
2,mlp,4365,2,2,0.0032101950581464407,0.0003537791319522638,0.9962955081878132,2.7540689213749145e-07,9.01753070873357e-05,3.272520207349147e-05,1.7341706035232478e-05
2,mlp,4897,2,2,0.0011063478226602174,0.00031588208652628226,0.9983661573619657,2.2655401220123027e-08,0.0002049855682569837,4.503125263055749e-06,2.101379926661829e-06
2,mlp,3846,1,1,3.2240546246832144e-11,0.9999999532476651,4.671569542840439e-08,6.096797557352262e-21,4.398834084010848e-12,9.616603433226749e-21,3.556536347597887e-27
2,mlp,4817,2,2,0.00017543466050409573,3.962199821337244e-05,0.9988390720449996,7.512623340143939e-09,0.0009425571680351286,2.6558878760277356e-06,6.507277483560641e-07
2,mlp,837,5,5,0.00023405217282168763,5.8299462319086296e-06,1.5146030936363228e-05,0.046569673827830865,0.0003325024375377596,0.9356794531481514,0.017163342436490175
2,mlp,8030,6,6,0.0005363401741361476,0.000118425802542643,0.0002442596867692231,0.11168659489523106,0.0022085580493709897,0.0019351830496217594,0.8832706383423281
2,mlp,2535,0,0,0.9999460413527276,3.256035394682274e-06,2.4539315476407797e-06,1.4686022417510352e-07,1.3779303663839394e-05,3.42594943452776e-05,6.302209681915202e-08
2,mlp,6593,4,4,0.002818596229242548,1.9045692120274045e-05,0.005030773748612833,5.599338595815456e-05,0.9760566979994898,0.0007775349579917927,0.015241357986584462
2,mlp,2752,0,0,0.9999659636281312,2.3524859330607547e-06,1.3250578958332965e-06,3.6068467087056944e-08,2.6767827931385073e-06,2.7635278047928386e-05,1.069873173934148e-08
2,mlp,3451,1,1,5.9351311921450084e-06,0.9999844309060669,9.629377444216261e-06,1.063106004150561e-14,4.585204983399617e-09,8.111784736280322e-14,4.10860976816093e-19
2,mlp,3663,1,1,1.352737510171195e-07,0.9999407309961856,5.912645973108538e-05,6.019400349222311e-17,7.270331223198676e-09,9.426213108501016e-16,2.490910249715209e-21
2,mlp,13360,3,3,0.00042273648509187856,0.0001967212789380511,0.0001740054354114779,0.6181685482298103,0.004944229889959878,0.008487067332186005,0.36760669134860235
2,mlp,11881,3,3,4.783405827037933e-06,9.156719090289865e-06,4.0925662554621536e-06,0.9857242255912371,0.00018332623157793883,0.00034769445899822887,0.013726721027013857
2,mlp,7652,6,3,0.00023397584837655253,0.00016775374503098008,0.0001430454464117157,0.7083175212280324,0.0031847115096473684,0.0038759867535845716,0.2840770054689166
2,mlp,7497,6,3,0.00015057490390383785,0.00010426120672135429,7.666699568923102e-05,0.738911152060164,0.0015951742658014251,0.001800303652954977,0.25736186691476515
2,mlp,10519,3,3,8.295293755082916e-08,5.07601821606866e-07,6.935306370716174e-08,0.9993152906547688,1.7447703766244013e-05,7.294481300804602e-06,0.0006593072523412712
2,mlp,5568,4,4,5.791243456252386e-06,9.680281164385221e-06,2.5427032598337924e-05,0.002533657827450437,0.9897966131514266,0.00011131381171294421,0.007517516652191097
2,mlp,4659,2,2,0.00044878150483213946,7.824975241313041e-06,0.9973638548362874,1.185321219889569e-08,0.002164793383022861,1.4058031492643225e-05,6.754159114573444e-07
2,mlp,6939,4,4,2.0812323420934934e-05,4.391312596210718e-06,0.00893672572888082,3.915997691505458e-07,0.9907046161825466,3.848678562636521e-05,0.0002945760671597413
2,mlp,9576,6,6,0.002051682392771472,1.3472526185796887e-05,0.0010256935386196964,0.0003774179394026553,0.0009370826247837095,0.0022021396999758,0.9933925112782608
2,mlp,7310,4,4,7.850943590846169e-05,8.16366039430181e-06,0.029044333746011553,1.7331784352602054e-07,0.9707796043545387,4.3024601170513415e-05,4.619088413313491e-05
2,mlp,12968,3,3,4.027244709393775e-05,6.297255929968105e-05,3.072438195912835e-05,0.9136309125294929,0.0025250970320176824,0.0012537700242703338,0.0824562510258662
2,mlp,8332,6,6,0.0017027157034973743,9.624665597155396e-05,0.00038658536201158477,0.08439957130121142,0.003158825763071442,0.17145742905830116,0.7387986261559355
2,mlp,10865,3,3,3.1207396751248104e-07,1.0703817346828483e-06,2.118189303109647e-07,0.9936690174851623,4.0756313855024775e-05,1.2447720882166379e-05,0.006276184205468196
2,mlp,7789,6,6,0.00047094786254205735,7.401500170829797e-05,8.226946762110065e-05,0.1039418507890787,0.004424240555701143,0.0007507260215260011,0.8902559503018227
2,mlp,10350,3,3,4.6372770996774e-08,5.499729714596939e-07,3.516642775083357e-08,0.9991791871715544,2.617841892124711e-05,2.9467585949063386e-06,0.0007910561387590674
2,mlp,5665,4,4,2.9333082840241884e-05,1.940192899205935e-05,0.00020796179936278858,0.0007144809472407864,0.9790060602748291,0.00024147542171133488,0.019781286545023747
2,mlp,1496,5,5,8.47109549341362e-05,1.2534577116473718e-06,9.046594297470544e-06,0.0019066355240839284,6.973964927926558e-05,0.9968224610374945,0.0011061527821991182
2,mlp,3757,1,1,3.368105671112208e-07,0.9999995091907821,1.5383955300085699e-07,9.089036326795342e-18,1.5909757811198566e-10,2.212429340385255e-16,8.297757379128049e-24
2,mlp,4895,2,2,0.000143185086511381,0.00013612177185200785,0.9996023055204057,4.869832000425434e-09,0.00011703036180194498,1.1590936137028619e-06,1.932959833478286e-07
2,mlp,1131,5,5,0.0022216933035176397,3.545071854691718e-05,8.086206772599217e-05,0.05576471871581243,0.0008804326003160025,0.8289852384292341,0.1120316041648469
2,mlp,1226,5,5,6.437126507998122e-06,9.083508609177304e-10,1.4841382405401323e-10,1.00918917030594e-05,4.0848099395687434e-07,0.9999782315546045,4.829889425664573e-06
2,mlp,2486,0,0,0.9232034803682679,7.18940244018764e-05,0.07437352944077934,1.3852755726602819e-06,0.0016480633868732157,0.0005504483252036726,0.0001511991789017732
2,mlp,1772,5,5,8.686583526426299e-05,3.145304666939397e-07,2.364618731476296e-06,0.00028401661867165194,3.019111823547771e-05,0.9992021195916511,0.00039412768697932816
2,mlp,9401,6,6,0.0032236833868439824,3.892762244861852e-05,0.0018199848358035234,0.0008850473249603512,0.0005059421877207106,0.0010939440972839362,0.9924324705449389
2,mlp,8606,6,6,0.00038540489512824935,1.6886552012216276e-05,0.00010748119283706071,0.007475290439822287,0.014897489189941557,0.0006151319643042792,0.9765023157659544
2,mlp,7763,6,6,0.0001432644134787172,6.002212320240084e-05,9.073192479574713e-05,0.09202940919176227,0.004847554566056856,0.0001564716518912312,0.9026725461288129
2,mlp,91,5,5,1.135554448074667e-06,1.6901420859352772e-08,6.173744798568279e-08,0.0036579321711344846,5.082924709978587e-06,0.996282979609934,5.2791100904623256e-05
2,mlp,5549,4,4,9.053277847459126e-05,2.8639032113925947e-05,0.00015353165015021992,0.024200165808818657,0.7056439198891693,0.0005261464527704468,0.26935706438850276
2,mlp,12751,3,3,8.790892361460488e-05,4.261990916287918e-05,5.192252281655533e-05,0.9113540001548384,0.0010820672138783143,0.01533938389668335,0.072042097379006
2,mlp,1691,5,5,3.497738677204273e-05,1.4033275417863885e-07,8.770496381167457e-07,0.0003295834107106147,2.0433577182401427e-05,0.9993579654413551,0.00025602280158756885
2,mlp,3113,0,0,0.9999871366533379,4.208474551126751e-06,2.5936532423741843e-06,1.7196177705369309e-09,3.4071507198579553e-06,2.6519207146417528e-06,4.2781597884516504e-10
2,mlp,12118,3,3,1.3396132902207352e-05,1.986056331194202e-05,7.398474576237745e-06,0.9459958906029077,0.0004449052598749171,0.00020256700673639607,0.05331598195969059
2,mlp,5892,4,4,4.70795292683243e-05,2.5112210556173933e-05,0.00047063659027945484,0.00012493448526315292,0.9916002079662786,0.00035035605463949455,0.007381673163714929
2,mlp,11132,3,3,3.820146686480192e-07,1.1076101104565705e-06,4.535581677986041e-07,0.997478137469182,4.214303889029197e-05,0.00011050070870146271,0.00236727560027944
2,mlp,4854,2,2,0.0039181764805269045,0.00020948844182750164,0.9955801675577498,7.859575525139472e-08,0.00022519958576131815,5.5304323244092474e-05,1.1585015135360203e-05
2,mlp,4729,2,2,0.0007310973412221017,2.6216327044520332e-05,0.9973317850091258,1.6076273153077265e-08,0.001897740769396325,1.219661104767037e-05,9.478658909247005e-07
2,mlp,5038,2,2,0.00036795391553670793,6.847658823693351e-05,0.9994529694428221,5.5752125984529855e-09,0.00010886464663287162,1.468099112035022e-06,2.617324467768551e-07
2,mlp,3170,0,0,0.9999787294690984,1.640779922485741e-05,8.502936104945006e-08,4.591526651237403e-09,1.1721318474637505e-06,3.600895913280143e-06,8.302825794476332e-11
2,mlp,5343,2,2,1.1772273674278675e-05,0.00010351176085896822,0.9997249601722608,2.8702606333105857e-10,0.00015962634079827407,1.1404253900587047e-07,1.5122842706197055e-08
2,mlp,5275,2,2,0.0004557408801011296,0.00019061963508178997,0.9992911940956385,3.4057940799025574e-09,6.156860300027369e-05,7.615569979363591e-07,1.1182338634571277e-07
2,mlp,11904,3,3,1.5536323516221268e-06,3.852141093417699e-06,3.018475175691126e-06,0.9960086242171873,0.00016631945654222108,0.002185540104457099,0.0016310919731926973
2,mlp,2775,0,0,0.9959353614203597,4.370096471315034e-05,0.003798813419586379,3.7906389530445996e-07,3.956347089634476e-05,0.00018031634127208435,1.8653192770763565e-06
2,mlp,10371,3,3,9.09750367961843e-08,5.946406365033521e-07,6.823801893522062e-08,0.9995842294243344,1.277351487353387e-05,1.3979121089532386e-05,0.00038826408601018626
2,mlp,5689,4,4,9.423069557948182e-07,3.936142575526749e-06,2.3051741742164306e-05,7.407860275135868e-05,0.9991925804692354,2.6669726656906967e-05,0.0006787410100828152
2,mlp,9764,6,6,0.001105224998220378,6.317309036645523e-06,0.0005109601938807657,0.0003651118187160641,0.007327939506724058,0.001127361799778093,0.989557084373644
2,mlp,4857,2,2,0.22940963370817682,0.0003473545303586013,0.7686496685481444,1.3970847318718268e-07,0.0013127197174658079,0.0002591832880024829,2.1300499378779427e-05
2,mlp,4558,2,2,0.00016251934689641396,4.182442911203126e-05,0.9986769649345246,4.0079975399389065e-08,0.0011035689842472615,6.03046221451682e-06,9.051763029825888e-06
2,mlp,6717,4,4,5.348852963093541e-06,3.581655061886164e-07,0.0005625094382824294,5.443316893808281e-07,0.997075191786768,2.3287994665833174e-05,0.002332759430125142
2,mlp,10253,3,3,1.886459415417039e-08,1.8437716702419868e-07,3.197554269403528e-08,0.9999046851167872,5.2940092753760465e-06,1.9403392912093835e-05,7.038226372160984e-05
2,mlp,4251,2,2,0.0021500800428320625,0.00011302404878576767,0.9577620281996061,5.843106210604586e-07,0.03967224622814285,0.0001436699060389968,0.00015836726397321538
2,mlp,4206,2,2,4.6192371278169254e-05,7.003510033287313e-06,0.9872829202267853,8.629212408904852e-08,0.012598107504744181,1.8109385461909735e-05,4.758070957295194e-05
2,mlp,10736,3,3,2.419945301937897e-07,1.306113398489529e-06,1.686020623942344e-07,0.9964183141976489,6.237352413249666e-05,7.5272321482720855e-06,0.003510068336079036
2,mlp,1029,5,5,1.7876479456163728e-06,4.757433659911371e-09,2.4635838040787086e-08,0.00010961667530531337,1.4807975824872125e-06,0.9998655625421244,2.1522943770362135e-05
2,mlp,10846,3,3,4.189569583006049e-07,2.2060333579774086e-06,1.8606750894837757e-07,0.9978086137152812,0.00011054239747461107,1.4809084883975457e-05,0.002063223744535125
2,mlp,1179,5,5,1.3133158937418346e-05,9.55646478285987e-08,5.578964804328746e-07,0.0006449216149351965,1.2033090550792697e-05,0.9991595880304447,0.00016967064400365335
2,mlp,737,5,5,0.0002609013845948341,7.067882279833247e-06,1.9228513785830463e-05,0.054258469274766415,0.0003809779843654287,0.9255358947099863,0.019537460250221246
2,mlp,5463,2,2,6.531718673435159e-05,0.00019871548772805854,0.999656773432251,9.570450311660668e-11,7.914391085229585e-05,4.920988618608583e-08,6.768432703817554e-10
2,mlp,4871,2,2,0.001378231441917006,0.0008986211242812994,0.997606373809662,3.8210301226063766e-08,0.00010982038166573992,6.010795417080663e-06,9.042367554719011e-07
2,mlp,3921,2,4,0.003329792144464131,7.96116085378823e-06,0.005263969075347591,1.015791505664924e-05,0.9813835489143868,0.0009472519157817698,0.009057318874109186
2,mlp,12868,3,3,0.00010164635978421145,6.117730410800332e-05,5.672828609008501e-05,0.9069923808474601,0.0011771388674241226,0.006701790903784389,0.08490913743134894
2,mlp,1151,5,5,5.19058953977776e-07,3.343709003940462e-10,1.3073062709857146e-09,1.2725235490648762e-05,1.7439805911222924e-07,0.9999829698719251,3.609793893842916e-06
2,mlp,9302,6,6,0.0007950743191152355,2.0563735993811807e-05,0.000663963404439057,0.0009259918435283295,0.0042710217577569464,0.0006577703497955909,0.9926656145893711
2,mlp,8007,6,6,0.0010524635116025238,0.00015680734536174812,0.0003565413608382195,0.0853280928551015,0.005651956352886596,0.002582122174062665,0.9048720164001468
2,mlp,4539,2,2,0.01416838421662835,0.0007121978858534469,0.9849701940085644,2.931082008559045e-07,9.937460215671857e-05,4.335709551011836e-05,6.199083086128128e-06
2,mlp,9225,6,6,0.0011553895498624686,2.23416495212887e-05,0.00040166564465375583,0.0024591428340343725,0.0019346444977693202,0.0026057799135133005,0.9914210359106456
2,mlp,4663,2,2,0.011234566791113508,0.0005248835539925788,0.987985184535253,1.8697726706204967e-07,0.0001807195219740332,4.974466519333689e-05,2.4713955206461192e-05
2,mlp,12016,3,3,1.6782463174555194e-06,6.5872795817943635e-06,1.7517451160890368e-06,0.9954173806737533,0.0005098334871962225,0.000285298800511111,0.0037774697675240455
2,mlp,5903,4,4,3.1600041850990984e-05,2.7579830805556347e-06,0.0001114204715200833,0.0001087996791453394,0.9760897526237696,0.00017367082651176252,0.023481998374121595
2,mlp,1161,5,5,1.2888217964295658e-05,7.491859441970794e-08,4.23606925867295e-07,0.0005555933305551029,1.1587786174445002e-05,0.9992552464032876,0.0001641857364982804
2,mlp,13307,3,3,0.00023132246601508972,0.0001662299672063067,0.00013033273460253967,0.6164675651766214,0.0040307149734734385,0.0028365725792009995,0.37613726210288045
2,mlp,13364,3,3,0.0005166882616814445,0.00019823820056895928,0.0002530094398631303,0.620045557044326,0.004326847113493433,0.017244949538032066,0.35741471040203504
2,mlp,8625,6,6,0.0002104797217958964,1.4030705576097961e-05,0.00016634605898799035,0.0029645876812793796,0.0011091750844556374,0.00011527882260058116,0.9954201019253044
2,mlp,830,5,5,2.2180225883167407e-06,4.854208435578869e-09,1.9631339576945065e-08,0.00012106613533228876,1.4894191250301416e-06,0.9998488955280779,2.630640932857543e-05
2,mlp,4022,2,2,0.019752744598258785,9.045366044521364e-05,0.9720273048638673,7.1827117698941895e-06,0.005147152019103361,0.0005190713909406251,0.0024560907556147164
2,mlp,2713,0,0,0.9977776850210472,0.0001260848082863945,0.001832948588107936,5.800417085112561e-07,4.801714455269233e-05,0.00021268642349784914,1.9979727995288106e-06
2,mlp,3250,0,0,0.9996665368510026,0.00026943105591970863,5.596132993265899e-05,9.602287327269927e-09,4.451293423985097e-06,3.6089991065088902e-06,8.683270284116208e-10
2,mlp,2280,0,0,0.9994663964281757,7.6807197908149e-06,6.765099945967062e-06,1.9175977325518224e-06,2.6530759640181838e-05,0.0004889972756999175,1.712119014886816e-06
2,mlp,10487,3,3,4.671337710795181e-06,6.808566052597605e-07,1.98095628733043e-07,0.9960477492391863,9.263487435421438e-05,0.0008542281974649085,0.0029998373990497104
2,mlp,6491,4,4,7.820226379793626e-05,5.423273028946473e-07,0.007099557529709109,5.089074818067542e-06,0.9843186620615616,0.00034192199037462115,0.008156024752435763
2,mlp,10996,3,3,1.8199551252983267e-07,7.169971963040126e-07,2.9492511121771066e-07,0.9993406419459427,2.5072925496477988e-05,0.00014842170443529802,0.00048466950630555983
2,mlp,11503,3,3,1.2716557268957318e-06,3.65942018405577e-06,1.4709551535238245e-06,0.9975422821710542,7.769195560343975e-05,0.0002902766068521916,0.002083347235425834
2,mlp,11887,3,3,1.7687061280570736e-06,9.28778838660479e-06,1.3870252134420838e-06,0.9823822506453816,0.0008339640571049465,5.6173564221082106e-05,0.016715168213564318
2,mlp,3955,2,2,0.003276013671192406,0.00024751765330012916,0.968246184346282,1.0009481313906349e-05,0.0168570675065296,0.000593069337619226,0.010770138003762923
2,mlp,2604,0,0,0.9998360478875469,9.283184593796018e-06,3.389470950239105e-05,2.4904143186638015e-07,1.4007840280983071e-05,0.00010623240196485307,2.849346792218917e-07
2,mlp,9463,6,6,0.12139701575947102,4.718179512180075e-05,0.00436236283201263,0.001093529260152709,0.0033610097854757906,0.007939474548642427,0.8617994260191235
2,mlp,5511,4,4,1.6220154540189904e-08,2.5012334599995027e-07,2.111398612011556e-07,0.001165041460287911,0.9985331812372614,5.158239688151864e-06,0.00029614157940086586
2,mlp,8131,6,6,0.00014270724300776203,1.9824793357198928e-05,9.1214347040955e-05,0.010230959597206287,0.0006098669995243744,9.406491834576456e-05,0.9888113621015178
2,mlp,3989,2,2,0.008406674179267045,0.00017066916160863538,0.9857995450082573,4.518731784464046e-06,0.003431413586026757,0.00041706080115951966,0.0017701185318964835
2,mlp,7673,6,3,8.503203850926085e-05,9.189588190334427e-05,7.001362814298634e-05,0.5368280468573707,0.0042821056816840135,0.0007380143280450273,0.4579048915843447
2,mlp,11677,3,3,4.480867189550051e-07,3.5391045170134715e-06,5.926881088212347e-07,0.99815919583394,0.00022568200745161918,6.669586120115608e-05,0.0015438464180627738
2,mlp,4423,2,2,0.027574028256777412,0.00017211376555607225,0.969104631848738,4.913073155185411e-07,0.00299722354817742,0.00011450685200720955,3.700442142865974e-05
2,mlp,9742,6,6,0.006834289514795309,1.7621898483784785e-05,0.0024751392873756982,0.0002852241645321961,0.0016170094734359495,0.003415739151500116,0.985354976509877
2,mlp,10074,3,3,4.0017905142822504e-09,8.965502839579974e-08,6.485497271716041e-09,0.9999775032436616,2.5438176744856773e-06,3.101062769432464e-06,1.6751733578430862e-05
2,mlp,1382,5,5,4.22601744791345e-06,1.0089111418011626e-08,5.543768290790825e-08,0.00010009679780295654,2.42019548577832e-06,0.9998584395052771,3.475195719190405e-05
2,mlp,7397,6,3,2.9136177135319254e-05,4.007131655983193e-05,1.3968264154082372e-05,0.7994198240704271,0.002151529259439516,0.00022134035926266803,0.19812413055302147
2,mlp,3373,1,1,0.00035611386556623676,0.9975772512170514,0.0020663353746930295,1.905151740076552e-12,2.9949302648405774e-07,4.77554948670415e-11,2.306050691961877e-15
2,mlp,6803,4,4,8.432826180276981e-05,4.0352421023336756e-07,0.0005903482123584572,1.4003638788827002e-06,0.9979164054408394,6.682254461821757e-05,0.0013402916522918047
2,mlp,6498,4,4,0.00019202895948124143,1.8260621773280132e-05,0.004953159134123715,2.186483185559247e-05,0.980014135435526,0.0004561012043741506,0.014344449812866268
2,mlp,7527,6,6,0.00022652689055759287,0.00010780097179734881,7.6085687184172e-05,0.3503131520476553,0.001584566540026658,0.000476308170736536,0.6472155596920424
2,mlp,7805,6,6,0.00041066951785569795,6.368796223453134e-05,0.00013422257572096776,0.23705341328880547,0.001990128519434956,0.0203476703247197,0.7400002078112287
2,mlp,6774,4,4,0.003767140332963573,1.4090109281555068e-05,0.06212443741599144,2.351697244364208e-05,0.9018095656344505,0.000951756822957885,0.03130949271191138
2,mlp,8757,6,6,0.0018902575566840567,8.100710619339637e-05,0.0006610584731159797,0.009551306841144889,0.0024609859769556754,0.002050999866026702,0.9833043841798794
2,mlp,10696,3,3,1.2380751038156144e-07,4.874132906097658e-07,1.3534692966455858e-07,0.9989791184050105,1.962728577011615e-05,2.8006689150205237e-05,0.0009725010523387419
2,mlp,6241,4,4,2.934396762066924e-06,2.3864725049094703e-07,4.470381347067316e-05,1.7343736984840534e-06,0.9986942237496111,1.964021732456073e-05,0.0012365248018826383
2,mlp,13113,3,3,8.73361879969254e-05,0.0001246616748348049,4.877008410549314e-05,0.7903309123639942,0.0036382481866267767,0.0006269148666289009,0.20514315663581284
2,mlp,7957,6,6,0.000228569040539276,4.4211816699128336e-05,0.00013379797134770865,0.04199342636007558,0.000912254651119701,0.00025572335375420184,0.9564320168064644
2,mlp,11917,3,3,4.800586582977838e-06,8.02201993061358e-06,3.5735892718669112e-06,0.9689297911902196,0.00021473427557048931,0.00019929902700554868,0.03063977931141899
2,mlp,8876,6,6,0.0012192667373297215,5.39177842407863e-05,0.000752589665352322,0.013749216487167797,0.0016992918843938322,0.010269387750509602,0.9722563296910061
2,mlp,5928,4,4,4.670826927999791e-07,3.44059902209534e-07,3.7186308778515548e-06,6.126007039250386e-06,0.9999059541982488,1.2860879929522735e-05,7.052914130969629e-05
2,mlp,1674,5,5,1.042771293649404e-05,2.1912963343732826e-08,1.2448352494521726e-07,9.29749796185884e-05,4.613700565018679e-06,0.9998338428608056,5.799434958604663e-05
2,mlp,1376,5,5,3.6153412317298282e-06,7.426765997456618e-09,3.7432562643673546e-08,8.119254177648699e-05,2.0324311991546792e-06,0.9998853213583656,2.7793468098352915e-05
2,mlp,9708,6,6,0.013223104110000024,2.5850506065790962e-05,0.00435623498412525,0.00042597934452579526,0.0009572100350757325,0.0022225925671630364,0.9787890284530444
2,mlp,466,5,5,5.059805696993345e-06,3.613259014337118e-08,1.638130535738568e-07,0.0011447688486312857,6.620021542818373e-06,0.9987199708722804,0.00012338050620485253
2,mlp,910,5,5,9.35085665875627e-08,5.566049269507739e-11,2.784862042287438e-10,6.80802052860844e-06,5.155393662017413e-08,0.999992049502776,9.970800456043371e-07
2,mlp,13165,3,3,0.00021810097140067397,0.00011946825090056632,0.00010449337127521138,0.5401123251487511,0.0018446755883629836,0.0018241837354785126,0.4557767529338309
2,mlp,7935,6,6,0.00430360402657917,0.00011544023100403439,0.00029710588750352774,0.034761725567173565,0.001736243238852081,0.0024370634573998968,0.9563488175914878
2,mlp,3755,1,1,6.378266938570503e-08,0.9999981456410029,1.7903504009780286e-06,7.598942671455179e-18,2.2592666301115162e-10,1.2578586270309244e-16,2.508521559447738e-23
2,mlp,2910,0,0,0.9749936661077933,7.22510813240688e-05,0.024681033577803352,1.4978088712734793e-07,0.00014450312969253547,0.00010600628459633829,2.3900379034498303e-06
2,mlp,6960,4,4,0.0001456451362477767,4.235485037268855e-06,0.002923730590217492,2.144332063448824e-06,0.9952212844787316,0.00018999244455838624,0.0015129675331439286
2,mlp,3352,1,1,0.0022969402487640744,0.9831851207930636,0.014516048993663988,2.8727536902217578e-11,1.8889418869299572e-06,9.937437399135464e-10,1.5006816413508536e-13
2,mlp,5255,2,2,0.00015081444945639437,3.0364521444814983e-05,0.9989157025992341,4.95031185141109e-10,0.0009021489131098141,9.625029452362378e-07,6.518778574911802e-09
2,mlp,1462,5,5,0.00039073652228671765,1.8760905317665913e-05,0.00011533211363762051,0.025161563559726086,0.0006630620324107113,0.9541423682050012,0.019508176661620105
2,mlp,6820,4,4,4.711780941945179e-05,1.2853904515457037e-06,0.003945385793100911,6.253658971115526e-07,0.9951749731466497,5.306276035144602e-05,0.0007775497341297641
2,mlp,3564,1,1,8.642062462979524e-07,0.999976474527376,2.2657387107221515e-05,1.0059508300314e-15,3.879258570810089e-09,1.0890320262489797e-14,5.602717494273304e-20
2,mlp,11522,3,3,1.1246127229210793e-06,2.094283390633319e-06,1.265317680417398e-06,0.9961952604708331,7.055313606327778e-05,0.0003826089111123476,0.003347093268197384
2,mlp,1596,5,5,0.00048141909488228613,7.243631987371146e-06,3.986156165146556e-05,0.005957722423113597,0.00029912332985102723,0.9823655782383176,0.010849051720196507
2,mlp,891,5,5,0.0009134270693632566,5.6218798372400514e-05,0.00012773596359025844,0.3012109601205159,0.0018671270377730615,0.5105037125797027,0.1853208184306825
2,mlp,2666,0,0,0.9723796148015889,0.00012541600919073665,0.027038999783739234,7.203934377259818e-07,0.00020424433100402296,0.0002461723403864724,4.832340653106015e-06
2,mlp,3362,1,1,0.00786552965379838,0.9920749538460932,5.938726509280684e-05,8.215041411432711e-12,1.27534210089792e-07,1.692589499274969e-09,7.332771953317026e-16
2,mlp,3131,0,0,0.9993845873427193,9.69400191729959e-06,0.0005410324061328336,7.911310116044536e-09,5.5096421639850315e-05,9.563653606014748e-06,1.8262674359941405e-08
2,mlp,8920,6,6,0.0016391442483337235,2.8966479084573892e-05,0.0003043317647449113,0.0036500776419754084,0.003800074056788942,0.0038217119301060345,0.9867556938789664
2,mlp,7414,6,3,2.7325231525529776e-05,5.4768774641980134e-05,1.2502273519489958e-05,0.8110757295599115,0.004877184741121256,0.00020177363611861493,0.18375071578316163
2,mlp,4970,2,2,0.0009726130222622262,0.00011711689183416898,0.9556521905541624,1.70776891706585e-08,0.04323065532470481,2.059014397469268e-05,6.816985372651943e-06
2,mlp,768,5,5,1.1093470605718339e-05,2.760994026305087e-07,1.4536177353404897e-06,0.004875408284551373,3.503894846778668e-05,0.9945968778029587,0.000479851776278468
2,mlp,3720,1,1,2.600111079108998e-07,0.9999990091828131,7.304255163567089e-07,1.4438918449042875e-17,3.805622313992901e-10,1.2008794933141967e-16,4.3946889554354853e-23
2,mlp,12452,3,3,3.0551389738544246e-05,5.082860384280618e-05,1.531853301505359e-05,0.8952551046522548,0.0009669491897292203,0.00023695862162489832,0.10344428900979451
2,mlp,6115,4,4,0.00018596883873749388,2.089311931416472e-05,0.0015853412025600409,8.25818524652718e-05,0.9695129744782882,0.0005604930114947734,0.028051747497140067
2,mlp,2148,0,0,0.9808630653107847,8.7653618538035e-05,0.009744718363718392,4.3242720747455774e-05,0.0039603253762865685,0.00205202171764299,0.003248972892281884
2,mlp,9222,6,6,0.0020006310196762868,4.342516671989859e-05,0.0010628232181877368,0.002432126507089743,0.000834835261336338,0.0034011534326868066,0.9902250053943031
2,mlp,8074,6,6,0.004179405319311852,0.00012252700961204544,0.00047777799520095905,0.06877435948721121,0.0025662817572109043,0.19987864930671184,0.7240009991247411
2,mlp,5361,2,2,0.00037429601261694317,0.001211867482535237,0.9983558061443196,2.5014471347523298e-09,5.760950551046781e-05,3.6325325576260555e-07,5.510031466451363e-08
2,mlp,4822,2,2,4.850130410199795e-05,2.5800143102182956e-05,0.9994048568190105,6.947433218504082e-09,0.0005168359985466874,2.903528626533953e-06,1.0952591787303184e-06
2,mlp,10485,3,3,3.6859571065545957e-07,2.1867768627788292e-07,1.4477505850014275e-07,0.9978669548635508,1.2556371685505597e-05,0.0012665440164226674,0.0008532126998853716
2,mlp,8099,6,6,0.0011780633341649449,0.0001399291454004834,0.00042520653674423404,0.05529765096095829,0.02430798102276557,0.0014380520907463301,0.91721311690922
2,mlp,665,5,5,2.1456426010517907e-05,2.8337017859810803e-08,3.867434588187625e-08,0.00034449518952043364,5.496958474730706e-06,0.9994481614500671,0.0001803229645634148
2,mlp,8470,6,6,0.00021774059494268996,3.2923248814319174e-05,0.000203165299512024,0.012848805163478295,0.0008192791760303583,0.00011547756375580954,0.9857626089534665
2,mlp,2019,5,5,0.24452386445615062,0.00035381394294030827,0.08375496579150815,0.00032336434390404937,0.001134971609434408,0.6419267958259242,0.027982224030138444
2,mlp,4355,2,2,0.00024271408897936676,7.41455864374993e-05,0.9978709246296328,1.091815095128788e-07,0.001754087810346906,2.433610221800776e-05,3.3682600875793173e-05
2,mlp,270,5,5,1.15797296071822e-06,7.595821099703227e-09,2.9973047678836045e-08,0.0005669292016461223,2.0931700796999983e-06,0.9994012422829777,2.853980346692628e-05
2,mlp,11906,3,3,9.438550979220904e-06,4.389098834793466e-06,4.9675808950149505e-06,0.9736249091516872,0.00021500118496926303,0.01858527741332869,0.007556017019305923
2,mlp,3891,2,4,0.0009903413197350425,1.9985966481685403e-05,0.09574039429309725,1.6917034605030265e-05,0.8712297354095986,0.0009955749964699692,0.03100705098001259
2,mlp,3920,2,2,0.012219770051229569,0.0004275255946030198,0.8253181091456507,7.204636556284992e-05,0.02887158507606362,0.004255778904059795,0.12883518486283035
2,mlp,5726,4,4,1.4535592079434376e-07,9.579659790005072e-09,2.4785762902677725e-05,7.631115141526849e-07,0.9998693129618726,1.279717658045608e-05,9.218605154934388e-05
2,mlp,5120,2,2,0.007455545029391468,0.0035759644917743557,0.9889196041553888,6.108817895026453e-08,4.1271254642259446e-05,7.218084301898974e-06,3.3589632213414983e-07
2,mlp,6835,4,4,1.691544075073333e-06,3.9926094492263103e-07,0.00011640888610219306,1.3843499605579215e-07,0.9998311913538777,1.0442799889144202e-05,3.972772011473558e-05
2,mlp,1216,5,5,7.68262559046494e-05,3.8537126005587264e-08,8.898098647486156e-09,0.00011089312601878933,6.418272976247452e-06,0.9997253468100026,8.046809987297608e-05
2,mlp,995,5,5,4.000180093190821e-05,1.666757144686006e-07,8.642401065671988e-07,0.001036646096216345,1.7958040959626722e-05,0.9982851646784052,0.0006191984676657946
2,mlp,2364,0,0,0.9837490223661592,0.0002270931729630704,0.012585390278168516,1.983382015228977e-05,0.00032238196385006324,0.0028742451011214832,0.00022203329758525652
2,mlp,11419,3,3,1.7229526620090347e-06,2.0483514559178126e-06,1.5193574561471824e-06,0.9960430513676335,6.968574270507337e-05,0.0015103015937265986,0.002371670634360696
2,mlp,6830,4,4,6.924955006291914e-05,1.1009415765253724e-06,0.0013864258350334187,1.4452739749618423e-06,0.9967343126474041,8.553654735749497e-05,0.0017219292045905143
2,mlp,5601,4,4,9.745690538895475e-05,8.366607250354215e-05,0.00015961461911827784,0.05285184055387466,0.7274522942055766,0.0009680139068734294,0.21838711373666458
2,mlp,11673,3,3,5.380911415776354e-05,9.061576244291845e-06,7.0557335225657345e-06,0.9470241535375811,0.00023486122187718107,0.006385360678015779,0.04628569813860116
2,mlp,714,5,5,2.6087310918869353e-06,2.5743372246223912e-08,1.6823490943691758e-07,0.0007484511538625053,5.084365771287704e-06,0.9991772779841809,6.638378681164185e-05
2,mlp,11748,3,3,5.085301196922453e-06,9.755791069884329e-06,3.3084701188838865e-06,0.9896482667461232,0.00027716443774433204,0.00035284997917411215,0.009703569274572558
2,mlp,6595,4,4,1.398187736677779e-05,1.3327580042745391e-06,0.008788661053498556,2.5783405909001076e-06,0.9832515259349812,8.426343140462389e-05,0.007857656604153726
2,mlp,10258,3,3,1.4588053421765858e-08,1.621093818819916e-07,2.027101701102473e-08,0.9998005010222157,8.593460331672712e-06,4.202220581037704e-06,0.00018650632841912056
2,mlp,7064,4,4,0.01198215431205297,0.0002954985089581934,0.4349350912896106,5.5659845757347725e-05,0.5048987730220196,0.0066346043069026965,0.04119821871469863
2,mlp,3548,1,1,4.123721213766225e-06,0.9999764921775044,1.9381026744486335e-05,1.6259727214094635e-15,3.074514946709573e-09,2.0627145375392452e-14,4.978188550374751e-20
2,mlp,9341,6,6,0.001814073016254984,4.492974881401795e-05,0.002575979221898942,0.0013146024618391062,0.026987414463924976,0.001134912166396553,0.9661280889208714
2,mlp,13145,3,3,8.959709782385731e-05,7.473154287854217e-05,5.441141228819965e-05,0.6000165628970648,0.003672062714316904,0.000978475018990991,0.39511415931663657
2,mlp,10080,3,3,5.825195478102061e-09,1.1893882595728473e-07,6.978943951799958e-09,0.9999327651553219,5.322752775848063e-06,2.287105989128126e-06,5.9493242947684615e-05
2,mlp,10183,3,3,3.486245100127112e-09,1.5475052402714285e-07,6.812596413442785e-09,0.9998450959114668,3.6663668777102095e-05,7.390885139099894e-07,0.00011733628187660831
2,mlp,4290,2,2,0.08460089853520249,0.00022294529776049836,0.912798175158763,1.1324766429676563e-06,0.0019007399632898143,0.00033630508495558034,0.00013980348338528162
2,mlp,5640,4,4,3.9342185339650055e-07,1.133038226937426e-06,1.1553089898148773e-05,2.339186262744066e-05,0.9995254220232774,1.126742664345281e-05,0.00042683913747317573
2,mlp,10880,3,3,1.0468012264545021e-07,1.0989853868851608e-06,1.6310065985207987e-07,0.9996427666509707,4.182250061909352e-05,3.084089321998346e-05,0.0002832031890208624
2,mlp,5098,2,2,0.00035467664395314694,3.322023880743428e-05,0.9957295292515879,3.849429989036844e-09,0.003879490551743252,2.7928224503357424e-06,2.8664202807123846e-07
2,mlp,1659,5,5,0.001290312123192899,1.8420602621761126e-05,0.00018419509939725367,0.006583040463253646,0.00045744573194967937,0.9632095336032651,0.028257052376319664
2,mlp,5332,2,2,0.02040810195138577,0.003896975722744098,0.9755971297627449,1.400298624820772e-08,9.30518565802666e-05,4.586595553361502e-06,1.4010800536069455e-07
2,mlp,1356,5,5,0.0005382632607188845,2.1575372249463882e-06,6.323226678164244e-06,0.003265064489227244,0.00011261870057323018,0.9910944702973103,0.004981102488267091
2,mlp,10492,3,3,4.0887682265257956e-08,6.703068793187791e-07,4.301010365202496e-08,0.9996603193176937,2.8873523528957832e-05,4.791408202035496e-06,0.0003052615459099589
2,mlp,2064,0,5,0.10013090751782605,5.6519637791124356e-05,8.941874410630897e-06,0.0014651809116538693,0.000603394585368645,0.8961938056024511,0.0015412498704987126
2,mlp,10082,3,3,1.2180267894043888e-08,1.0290615548541793e-07,1.4415756761233034e-08,0.9999384396612239,2.5092465893981495e-06,1.1786691388709077e-05,4.7134898618029014e-05
2,mlp,157,5,5,1.962376611577217e-05,1.245558367655995e-06,3.3045866415448923e-06,0.11450891076168672,0.00014725462867711146,0.8829703201844894,0.0023493405140218187
2,mlp,5230,2,2,0.0002609399793730661,0.00011570533997815426,0.9990315909677193,2.264934835059393e-09,0.0005901888616720647,1.4012497459665162e-06,1.7133657662314347e-07
2,mlp,2411,0,0,0.9999452196446793,8.140031259298436e-07,6.969700478701247e-07,8.377565467023305e-08,7.428420291540703e-06,4.568357462269918e-05,7.361157821459903e-08
2,mlp,9356,6,6,0.0006396121622558673,1.0603692283029586e-05,0.0002462788880932434,0.0014508373619380275,0.006678524971888179,0.0007979881656614029,0.9901761547578802
2,mlp,10656,3,3,8.421672558958881e-07,1.3098671920282523e-06,2.774074796361943e-07,0.9927734521879377,3.968418797470578e-05,2.150917188704539e-05,0.007162925010273002
2,mlp,6614,4,4,0.0008956718809026865,1.4929603426329143e-05,0.007337397113991832,6.8502310170623e-05,0.8985842337986206,0.001271242257204726,0.09182802303568326
2,mlp,11874,3,3,3.6117425479454687e-06,1.0559937959004497e-05,2.79084993483756e-06,0.9888195529267401,0.00029431714503588456,0.00012066876401356622,0.010748498633768843
2,mlp,783,5,5,4.003319021269621e-06,5.1954731694362625e-08,3.112347569738575e-07,0.0010000416770610367,8.087580064525944e-06,0.9989023904193682,8.511381499646862e-05
2,mlp,13101,3,3,0.00013070106841693536,9.947790555590802e-05,8.424485394038485e-05,0.8501711084506597,0.0027951712151799563,0.0054820293226956075,0.14123726718355142
2,mlp,3651,1,1,1.471904986832563e-07,0.9999944141076131,5.437942290928849e-06,1.0801695125189874e-16,7.595960262280012e-10,1.2776382546392207e-15,1.5774967593988402e-21
2,mlp,11280,3,3,6.566353801480501e-07,1.5811829885169814e-06,8.965302808510197e-07,0.9981194887441559,4.646924661524731e-05,0.00046919493884869565,0.0013617127217306834
2,mlp,11988,3,3,1.4906731542167877e-05,3.3261083679302833e-06,5.675545736418416e-06,0.9120212099366921,0.00020049287863983738,0.07230274347772742,0.015451645321294356
2,mlp,810,5,5,5.312559492006619e-07,3.7704745309722686e-10,1.0340446891427074e-09,2.2670170272636704e-05,2.473807644486916e-07,0.9999716945957574,4.855186164073472e-06
2,mlp,1986,5,5,0.003168450636118583,1.2008386697419826e-05,0.000436029015142171,0.0002616152085396405,0.00015643361346952476,0.9936248347910525,0.0023406283489804084
2,mlp,6457,4,4,0.00018534224471129072,7.140702509807792e-05,0.05094572039525059,8.498500006821425e-05,0.5972025981596738,0.000347236228806452,0.35116271094639157
2,mlp,729,5,5,3.4540427821806953e-06,1.1119176712940832e-08,5.132047756261622e-08,0.00029825631503472557,2.6445166592265587e-06,0.9996345254695947,6.105721627491044e-05
2,mlp,627,5,5,6.540434508345861e-06,2.7322664246544872e-08,1.0620020833111115e-07,0.000614374748447854,5.04739020444355e-06,0.9992593376384399,0.00011456626552709501
2,mlp,4455,2,2,0.006902064575881777,4.6595084931583566e-05,0.988788089924666,1.7773445065371842e-07,0.004152592854120058,0.00010402961770455922,6.450208245462684e-06
2,mlp,11591,3,3,1.1277660342859175e-06,4.012299652890133e-06,1.5412664918842123e-06,0.9977003763958482,0.00011368074307415959,0.000268785736908259,0.001910475791990244
2,mlp,3456,1,1,3.109434359521335e-05,0.9999470052542215,2.1888624174661028e-05,3.00391965451545e-14,1.1777319871582408e-08,6.589027987921384e-13,1.7167238826811338e-18
2,mlp,10394,3,3,5.0018426395039704e-08,5.048083751914649e-07,6.122146027567483e-08,0.999803152489754,1.1741371341985647e-05,1.5006182605595035e-05,0.00016948390803649596
2,mlp,10446,3,3,3.863754629866552e-08,2.643738297750383e-07,6.353054636550363e-08,0.9998279538480725,8.269860132449201e-06,3.6551076275589905e-05,0.00012685867359701387
2,mlp,10155,3,3,9.670096852627493e-10,5.302024808995389e-08,2.0212458218033553e-09,0.9999288426816229,4.203148406655429e-05,8.084804400079483e-07,2.8261345366926473e-05
2,mlp,7568,6,6,0.0003783532124746375,0.00011447399639052678,8.588800714354319e-05,0.4109094472180639,0.003069161179516844,0.0027224081164567227,0.5827202682699539
2,mlp,4595,2,2,0.00012140381896821287,0.00012035519980385953,0.9994539740726175,3.9411435174324884e-08,0.00028311149685653157,1.0721899565232667e-05,1.0394100753474442e-05
2,mlp,11352,3,3,3.795852085701619e-06,2.717105019100442e-06,1.8031195312128515e-06,0.9910545403442065,6.208175031669697e-05,0.0009052210290199646,0.007969840799820953
2,mlp,11324,3,3,1.220854941771762e-06,3.3494537150276677e-06,9.857400387594107e-07,0.9942777418431203,0.0001297614920420326,8.811625944208956e-05,0.005498824356700033
2,mlp,2867,0,0,0.9980087154856693,5.22181132009648e-05,0.0018301881353564161,1.3137547000540048e-07,3.4938009191477416e-05,7.322465170782352e-05,5.842294040503398e-07
2,mlp,9503,6,6,0.0007779346664825262,2.9274005152727384e-05,0.0007177275146642033,0.0016841864602014681,0.004512592724531392,0.0016307123044389364,0.9906475723245288
2,mlp,5477,2,2,2.1491244803404176e-05,0.0003859193597433854,0.9995595097622519,6.974542192048893e-11,3.30590661603344e-05,1.9678097464997663e-08,8.191981759029655e-10
2,mlp,5974,4,4,4.8052686238593755e-05,1.215264977343019e-06,0.0015034527872438588,2.7014367481883928e-05,0.959001912881808,0.00030618187637956656,0.039112170135870726
2,mlp,3855,1,1,1.352000166139383e-10,0.9999999979108389,1.953024335884992e-09,1.9847267244577346e-21,9.366904781995318e-13,3.724011042668812e-21,1.0265610115218726e-28
2,mlp,9924,6,6,0.2098641430960559,0.00011832856702166441,0.054546957542309524,0.00040246978165210895,0.004707074617178876,0.023459126593755885,0.7069018998020261
2,mlp,2858,0,0,0.9941980598453034,1.982548124410106e-05,0.005502155972076363,1.1328155820554029e-07,0.0002000571495263564,7.836404709857241e-05,1.4242231926815948e-06
2,mlp,6638,4,4,2.1164875267479828e-05,2.3159532654820202e-07,2.640101525137029e-05,1.5759705416988195e-06,0.9997040862465671,2.499678829760568e-05,0.00022154350874804105
2,mlp,3430,1,1,2.456442379208967e-05,0.9997147130593674,0.00026067007212182626,5.984726088893153e-14,5.244381028979573e-08,8.484627339442647e-13,2.0453836630214595e-17
2,mlp,3247,0,0,0.9999962479978814,4.972673416958246e-07,5.503812552941093e-07,1.2399876074844767e-10,2.3166112540202203e-06,3.8760099091917167e-07,1.727814087480868e-11
2,mlp,12375,3,3,1.3235942801547891e-05,3.0397308390082114e-05,9.266542479310463e-06,0.968757864084635,0.0007219240287011545,0.0002629784452716895,0.030204333647721213
2,mlp,6109,4,4,2.4055720292193833e-05,1.4047625418312386e-06,6.439804053791989e-05,2.4007317003697637e-05,0.9972048175694999,9.769573511085337e-05,0.0025836208550136883
2,mlp,7123,4,4,0.00032722346212225574,3.0909297910640942e-06,0.002424307109547118,2.092318077633311e-07,0.9971946458414217,2.7104375856724243e-05,2.3419049453371882e-05
2,mlp,10902,3,3,8.709946107837605e-07,1.1826961887018043e-06,4.2804127828446965e-07,0.9912933907405396,2.786315951449089e-05,6.795355353666414e-05,0.00860831081433157
2,mlp,1353,5,5,0.0016576853658876363,5.840910108852891e-05,0.0001817196140112827,0.06473654668322495,0.0013257538122838685,0.8465999681375425,0.08543991728596136
2,mlp,8720,6,6,0.0005393787507969353,4.1534560120831457e-05,0.0003897236792614877,0.007311457617963291,0.003535970454475627,0.00039103112931890163,0.9877909038080629
2,mlp,261,5,5,1.3995403590386937e-07,3.86588682092859e-10,1.8656016628352813e-09,6.91937723650861e-05,2.2731093947838762e-07,0.999927180051871,3.2566585984281926e-06
2,mlp,4959,2,2,9.940081283455092e-05,4.752091055313287e-05,0.9986735950126184,4.119978078639336e-09,0.0011781972353200876,9.41920113075125e-07,3.399885824286186e-07
2,mlp,9239,6,0,0.7756544164834167,0.0001063660371618471,0.0018653631373796741,0.002486595067494168,0.0057846320665176625,0.03938100919355721,0.1747216180144729
2,mlp,4330,2,2,0.0014984632717733154,4.581093947780902e-05,0.9966186734264392,1.1325744725639387e-07,0.0017907181236212555,3.51649279153981e-05,1.1056053325975816e-05
2,mlp,2114,0,0,0.6093098586107824,5.1444985373980156e-05,0.019687513306467497,0.00018931364045958904,0.009118124967365379,0.01698678062183574,0.34465696386771527
2,mlp,7526,6,6,0.00021935165167542186,9.317738067061716e-05,7.430588233823217e-05,0.23956898798790324,0.002352527095284205,0.0003136164079886767,0.7573780335941397
2,mlp,9220,6,6,0.0010724437804374458,1.548389431350224e-05,0.0005969052345294244,0.0009249297500040362,0.0017022497748060952,0.00029089640677838806,0.9953970911591311
2,mlp,11088,3,3,5.412497957492984e-07,1.820674534015639e-06,5.752323527340699e-07,0.9988128232369626,3.3890760022976915e-05,0.00014334092851994856,0.0010070079178121471
2,mlp,5985,4,4,3.266411115966473e-07,6.150465914739134e-08,1.4924696172396223e-06,2.348320575246956e-06,0.9998395672968713,9.111755341680092e-06,0.00014709201182384985
2,mlp,7701,6,6,0.0004270992017386056,0.00014613306183013783,0.0001505938016425621,0.1996085227544436,0.005864389462073942,0.0009179206826607345,0.7928853410356104
2,mlp,6256,4,4,7.8975307361157e-07,9.350162016891236e-08,2.930240215820124e-06,3.0271687707702295e-06,0.9997962135593633,1.73750146008831e-05,0.00017957076235519377
2,mlp,12243,3,3,2.7389688706886216e-06,8.896208400345091e-06,3.7285811919957633e-06,0.9947799280808225,0.00039496317110156935,0.0005417676904113795,0.004267977299201601
2,mlp,7202,4,4,1.633322195844833e-05,1.88332856080804e-06,0.07694962075190892,8.225652488628202e-07,0.9225902300735764,9.091863462082497e-05,0.00035019142412567823
2,mlp,6911,4,4,1.4113806656631698e-05,2.0438620850051865e-07,8.108221162963364e-05,4.7263816757214333e-07,0.9996954329313815,2.2329737421419706e-05,0.00018636428853488826
2,mlp,13197,3,6,0.00018155774881791265,2.6687827982411343e-05,3.710086870990217e-05,0.06262335368318991,0.005788930680698492,0.0004198789818136679,0.9309224902087876
2,mlp,3387,1,1,0.0006961400560999732,0.9947314329355851,0.00457167218987604,1.8232330300754516e-12,7.547006838059418e-07,1.1592865670437444e-10,3.0668310558648014e-15
2,mlp,6949,4,4,2.3885635809063028e-05,1.0843570033477103e-06,0.001105630802799079,1.4326762995791815e-07,0.9988018495697647,1.0926468142095667e-05,5.64798988517019e-05
2,mlp,8207,6,6,0.00045063756338321057,3.0311689805901583e-05,9.273011447878518e-05,0.03738459826780209,0.12012798002858652,0.0013516117419783962,0.8405621305939651
2,mlp,3138,0,0,0.9979324112241895,0.00026754427432171946,0.0017567646321643017,5.658161408686427e-08,2.486779566195732e-05,1.831553036400731e-05,3.9961684538307764e-08
2,mlp,1075,5,5,1.3014042946016622e-05,5.324164649653198e-08,2.059577397299836e-07,0.0006106184398819583,1.0197414982756289e-05,0.9991887889781955,0.00017712192460752284
2,mlp,10410,3,3,8.790982798238648e-08,7.993113243730712e-07,4.320580226640817e-08,0.9991405824923334,0.0002782237248645938,4.833455301754895e-06,0.0005754299005454192
2,mlp,3996,2,2,0.07348216766860184,0.0001506650614576191,0.9175777832085352,8.795776623576773e-06,0.007165644497747937,0.0009687897207120645,0.0006461540663217434
2,mlp,4507,2,2,0.008447703889396835,0.00018633427020212155,0.9909699608816481,2.533962567854505e-07,0.000338082859407575,4.176477983180281e-05,1.5899923256643468e-05
2,mlp,11831,3,3,3.301907280204137e-06,1.4318107271406915e-05,2.5388356201335404e-06,0.9081980636924019,0.0020994912839092817,2.7600648695017878e-05,0.08965468552482206
2,mlp,12271,3,3,1.7629184107795703e-05,3.4465749151822624e-05,8.09337156886845e-06,0.9318805113188446,0.0006613797178588681,0.00015829818729973637,0.06723962247116824
2,mlp,3109,0,0,0.9995615421182732,0.0003986819156270548,1.1283476574933165e-05,1.1966406935021455e-07,9.074484409280823e-06,1.9286142578976245e-05,1.2198467037554004e-08
2,mlp,1810,5,5,0.00039084332821715884,8.150578412327623e-06,0.0001932843891760462,0.0022872324604687475,0.00020699166045189812,0.9864237412131459,0.010489756370128002
2,mlp,11143,3,3,4.508842800677919e-07,3.471121753685128e-06,3.269009614811777e-07,0.9939671037456052,0.001123813377458005,1.6333013646255212e-05,0.004888500956295424
2,mlp,5041,2,2,0.08291161111252524,0.000916578546265374,0.9106560381434198,4.497538960906523e-08,0.0054237380024307405,8.698944418546443e-05,4.999775783787584e-06
2,mlp,6025,4,4,0.00011285729989465675,1.1032662762766225e-05,0.0002612297062059924,0.00010105875515851399,0.9938008781321546,0.0003351647442559843,0.005377778699567473
2,mlp,8897,6,6,0.002418442324900095,6.260631766367247e-05,0.000614746990441518,0.007339206844367061,0.0013184022738507242,0.004421500011486411,0.9838250952372906
2,mlp,11261,3,3,3.686559940491304e-07,2.989703420534664e-06,3.326383057469759e-07,0.9937835161749913,0.0003047789680092955,9.988208193620778e-06,0.005898025651085628
2,mlp,7852,6,6,0.0005860364666302953,0.00022824039638624067,0.00025478239147384314,0.3402690584727941,0.003247282307559979,0.0033698744551386843,0.6520447255100168
2,mlp,2982,0,0,0.9960627567914891,0.0003724974717420482,0.003439945835779481,3.0538538589132324e-07,2.7765419631257405e-05,9.623937633393179e-05,4.897196382119486e-07
2,mlp,3614,1,1,1.9681691284232043e-07,0.9999995226296642,2.8033382467170583e-07,1.2362865273630626e-16,2.1959785117802685e-10,4.614446373690978e-16,5.496686563293416e-22
2,mlp,12705,3,3,5.827288661473736e-05,3.988998657716193e-05,3.678613346821584e-05,0.8929246903467863,0.0010256730302422485,0.004730576516050782,0.10118411110026061
2,mlp,12917,3,3,7.267944421227391e-05,0.00010085053704553624,3.489326214891691e-05,0.7483929074263164,0.0034018689060894315,0.0003710052406490646,0.2476257951835382
2,mlp,175,5,5,3.093432020060014e-07,1.0622359795742176e-09,4.1163342157155905e-09,0.00016635894863712395,4.802951434110521e-07,0.9998252412641943,7.604970252996145e-06
2,mlp,5078,2,2,0.001256904596533982,0.00011350155825946452,0.9984792637428176,6.905834065456771e-09,0.00014679330360785402,3.44140245732564e-06,8.849048970371436e-08
2,mlp,4029,2,2,0.0030847295008973193,0.00016686834868968157,0.9936135764488807,2.60696475254399e-06,0.0011801734254938342,0.0002645458367050301,0.0016874994745810091
2,mlp,1695,5,5,2.3960887339537765e-05,1.960678419870782e-07,1.8470395764742356e-06,0.0005134391079519536,2.5275541692341503e-05,0.9991271345712367,0.0003081467843611134
2,mlp,1263,5,5,6.625479461206265e-06,4.0372635663407785e-08,2.471214784845118e-07,0.0003372509679740506,7.94239537475543e-06,0.9995733277221358,7.45659409399461e-05
2,mlp,2445,0,0,0.9993471709602779,1.799077603977436e-06,0.0004701207127754421,3.274615760781456e-07,5.74832840318053e-05,0.00011729471030369597,5.803793431306259e-06
2,mlp,4446,2,2,0.0002588731617457918,2.9599170617479572e-05,0.9992616720547385,5.434608209900532e-08,0.00043180779982291567,1.2982857279873926e-05,5.010609713328058e-06
2,mlp,6469,4,4,0.0009408902969574387,6.6466509322491985e-06,0.004524692501960906,3.950442215616853e-05,0.9282295922613846,0.0006148497943496453,0.06564382407225901
2,mlp,160,5,5,1.5067442534528617e-07,4.260102493317831e-10,2.1015150986197673e-09,9.745775446928585e-05,2.4963724176788476e-07,0.9998977638268007,4.375579537472865e-06
2,mlp,13136,3,3,0.00010541544189003577,0.00012385145194536258,6.02857391616649e-05,0.8013484535422918,0.004196117097939835,0.0013250822070650363,0.19284079451970643
2,mlp,10179,3,3,1.8186618591691447e-08,2.2450924219670841e-07,1.3256452903017927e-08,0.999828074880611,6.5375353100937835e-06,1.7133014285991412e-06,0.0001634183303366666
2,mlp,9154,6,6,0.0025487557895018885,3.60105739533065e-05,0.001391896198621038,0.0015580255075098343,0.0020048441835941507,0.0005427226539403281,0.9919177450928794
2,mlp,931,5,5,3.661311572294588e-06,2.6806863110323056e-08,1.3899416289025687e-07,0.0004773483672898882,5.944013093042717e-06,0.9994552446172843,5.763588973450695e-05
2,mlp,10241,3,3,2.3255788224009896e-09,9.717304167713023e-08,5.7282712659887185e-09,0.9999443219315246,1.7244162395027845e-05,1.5352631393643554e-06,3.679341604917897e-05
2,mlp,6208,4,4,4.628747753401163e-06,4.3997420059987236e-07,4.5122903031183934e-05,2.8211825871610843e-06,0.9992283909709169,2.8133811895912645e-05,0.0006904624096148322
2,mlp,12800,3,3,1.460176982759128e-05,3.2292067110147065e-05,1.3886090750383966e-05,0.9582788876675541,0.0019306106009556274,0.0008170416034296669,0.03891268020037241
2,mlp,2848,0,0,0.9991731762917879,0.0001971766495488561,1.210756632318165e-07,1.007515116758707e-06,2.0252943712208932e-05,0.0006082199193793846,4.560479193445641e-08
2,mlp,9770,6,6,0.004306670898357724,3.683630821787122e-05,0.0054139879290645366,0.0005899003323392289,0.0014173905853604475,0.007582114954564256,0.980653098992096
2,mlp,13224,3,3,0.00010444004292749448,0.0001030059287602341,4.7121348213693867e-05,0.5696668081199954,0.007817093540979895,0.0005775821449613539,0.4216839488741619
2,mlp,11569,3,3,2.492292949783338e-06,3.859821238741495e-06,1.88486255636831e-06,0.987384225739364,0.00011597199772485071,0.00020758483541976328,0.012283980450746405
2,mlp,5627,4,4,5.320033150744221e-07,7.636631474793537e-07,2.4796042962206176e-06,0.00011516436218153072,0.9994608400581555,2.5080553683274156e-05,0.00039513975522069157
2,mlp,7046,4,4,2.0930980517189514e-05,4.99267861391793e-07,0.0005112940452005311,3.158024234106774e-07,0.999259032705573,2.4734744939021697e-05,0.00018319245348531372
2,mlp,10,5,5,3.462886986764483e-07,1.9408347194115145e-09,5.17827308810458e-09,0.0009768908991214928,8.783232705303223e-07,0.9990059896067435,1.588776305817132e-05
2,mlp,1929,5,5,0.0003558156155416472,2.3411105635900184e-06,7.861095810574655e-05,0.00029877443275957006,6.80425511001975e-05,0.9978354583218417,0.0013609570100875815
2,mlp,10352,3,3,1.746526570594256e-07,1.2704198230836745e-07,1.1338547869279394e-07,0.9960254568307132,1.3731249507407949e-05,0.003675463405091426,0.0002849334345697892
2,mlp,8196,6,6,0.00031191208465874813,4.934371322933274e-05,0.0001428682040033628,0.032094120889187575,0.004198020220667354,0.0003158298187288917,0.9628879050695246
2,mlp,7532,6,6,0.00023836502303215172,0.000140571461511645,6.689190980957866e-05,0.4637706173920807,0.01155062129530226,0.0008498066550147334,0.5233831262632489
2,mlp,8695,6,6,0.0010575711958651249,6.82724622727446e-05,0.0004975683476169457,0.010805252189614407,0.004490406727016509,0.0014702837077852475,0.9816106453698291
2,mlp,8497,6,6,0.0001680114719579253,1.4258760844460678e-05,6.343077832827045e-05,0.007275823783743867,0.008473917228938354,0.00033135768589150994,0.9836732002902957
2,mlp,2173,0,0,0.9949776089388936,1.6098593582147733e-05,0.0016861008253802074,1.1592523250341247e-05,0.00015248783188434752,0.002916331572301474,0.00023977971470762457
2,mlp,227,5,5,1.3270225657715356e-06,8.137753960173142e-09,3.3719945252955497e-08,0.0007313806864034041,2.2730886507384137e-06,0.9992233014240108,4.16759206701916e-05
2,mlp,3641,1,1,3.76157021426917e-07,0.9999862991385645,1.3323097439385885e-05,1.8116309550110822e-16,1.6069718551474232e-09,2.70520841884417e-15,3.75539647603431e-21
2,mlp,7112,4,4,6.755879214058788e-06,1.6939054214493567e-07,0.002057578724904827,7.142397068179407e-08,0.9975741111869152,1.0157241941916892e-05,0.0003511561525110992
2,mlp,8310,6,6,0.0016698733587867556,9.919845110215328e-05,0.0003655789489727601,0.0818947845382301,0.002895579088041424,0.11635122251187655,0.7967237631029903
2,mlp,2685,0,0,0.9994228601713295,0.00022851584605065045,4.21412503701683e-06,2.1907640781417495e-06,3.316852284300185e-05,0.00030876684192438565,2.837287369622099e-07
2,mlp,7321,4,4,4.026774504269931e-05,4.083173410721968e-06,0.01980137079317692,5.662372787481056e-08,0.980118501735789,1.933492115396419e-05,1.638500769888235e-05
2,mlp,13195,3,5,0.0005951930828827952,6.734350845304106e-05,0.0001621459531263092,0.3968105841507305,0.002236550440024438,0.48126259109847264,0.11886559176631036
2,mlp,965,5,5,8.660392311662414e-06,8.773193231592596e-08,5.674655812571599e-07,0.0009990089843119959,1.1764810494136635e-05,0.9988144330236051,0.0001654775917633326
2,mlp,4841,2,2,0.0008303535676034733,0.0002966249890207453,0.9985957269430111,2.514115176778376e-08,0.00026160070812510534,1.0501498510965287e-05,5.1671525767502655e-06
2,mlp,1363,5,5,2.3155242406589994e-07,5.1891832913428976e-11,8.45725329628289e-11,2.1270412933542884e-06,4.127352786281168e-08,0.9999969168476303,6.831486601793478e-07
2,mlp,4657,2,2,0.0013556576091864549,0.0001683040736514254,0.9983901940885379,5.818954417141623e-08,7.204802599836923e-05,1.0207529998691816e-05,3.5304830831452874e-06
2,mlp,4277,2,2,0.001250520792082281,9.40415656594799e-05,0.9724271107031247,4.260668699029497e-07,0.025672358275414645,0.00025875117032553806,0.00029679142652363246
2,mlp,9311,6,6,0.0017691600021828428,4.917318281030008e-05,0.0014482640782147128,0.0021873154346574194,0.0030268663167184345,0.0028790269696601367,0.9886401940157561
2,mlp,8073,6,6,0.0011294847078681556,9.463946406855528e-05,0.00042250613959224576,0.08056165167795695,0.002264487296672528,0.016746952393535394,0.898780278320306
2,mlp,6985,4,4,4.3302702212784316e-07,3.595562543385938e-08,1.02926329685714e-05,1.0139291989033015e-07,0.9999357813304911,1.1139467636690982e-05,4.221619333591228e-05
2,mlp,11310,3,3,6.26592223358826e-07,1.986761275664444e-06,9.697751874263226e-07,0.99840196142062,5.32115284945607e-05,0.00041618103546667274,0.001125062886732312
2,mlp,8025,6,6,0.0003072964019022829,4.28989474022963e-05,0.00015297401635187025,0.026600765374400013,0.0024410447969985686,0.00018256371506904869,0.9702724567478759
2,mlp,3294,0,0,0.9921140098980833,0.0011145066702257576,0.006711585561729461,1.0207743446705389e-08,5.488531410496741e-05,4.999677582559997e-06,2.6705302273140857e-09
2,mlp,7838,6,6,0.0006591286819896358,4.627356608769694e-05,0.00011671468288450108,0.04761712404373614,0.0012904860463115778,0.0005737092549497151,0.9496965637240408
2,mlp,3355,1,1,0.0006647610485085975,0.9990544138381171,0.0002806275421254788,5.531340298961335e-12,1.974588191053827e-07,1.0689581957170917e-10,2.278562525216787e-15
2,mlp,1103,5,5,6.507169897377404e-06,3.274205513965615e-08,1.821820536281839e-07,0.0003361386348136408,5.509808337093239e-06,0.9995713996721989,8.022979064416257e-05
2,mlp,1445,5,5,0.0021074036953011325,2.8692648555986292e-05,0.00012662064565035805,0.017999992573587698,0.0009595630634078053,0.8949723470722382,0.08380538030125885
2,mlp,12045,3,3,1.8894596731442494e-05,2.1183235797552362e-05,4.874371800370975e-06,0.8576377869577778,0.0035250769055551125,9.76589649950093e-05,0.1386945249673428
2,mlp,4727,2,2,0.002091714065336795,9.694542167666593e-05,0.99756053107198,6.376578534407379e-08,0.00023194554086101668,1.4718938876343799e-05,4.0811954838519e-06
2,mlp,87,5,5,1.5489947263617877e-05,7.393687646952083e-08,1.501851263658708e-07,0.006125470671550955,1.38830969414753e-05,0.9932444647067795,0.0006004674554614866
2,mlp,1105,5,5,2.9902667874492618e-05,5.585947780675379e-07,2.5917432324254297e-06,0.0038627070870811755,4.946117371262851e-05,0.9953117347637193,0.0007430439696018306
2,mlp,9661,6,6,0.03467699947384416,0.00013432204962794667,0.012408985569784809,0.0012929616965411288,0.001614279701295125,0.05306827339703213,0.8968041781118746
2,mlp,1313,5,5,4.027808448236718e-05,4.571519805887773e-07,2.474172553572194e-06,0.001831307812091409,4.293843725872712e-05,0.9973557407381529,0.0007268036034803584
2,mlp,11328,3,3,2.109377216809245e-06,5.840611473016105e-06,1.031710236839466e-06,0.9858537601220199,0.00023367207474914867,3.0429158800958954e-05,0.013873156945503548
2,mlp,4204,2,2,0.0042129379517320854,0.00012895968526840864,0.8002925632773754,9.935409394954368e-07,0.19365219759502458,0.000450108700884045,0.0012622392487759895
2,mlp,10004,3,3,8.465480479550987e-10,9.316902595510883e-09,1.7471078959885106e-09,0.999986875203131,5.322457300607662e-07,7.009019044891578e-06,5.571621535711118e-06
2,mlp,356,5,5,3.4704132052245304e-06,4.868576393940506e-08,2.1477655898134985e-07,0.0024558306292868344,9.56553394799677e-06,0.9974280989225365,0.00010277103870055202
2,mlp,4762,2,2,0.00022475828909683198,2.971245493658326e-05,0.9995818825586509,8.538002214541343e-09,0.00015952530427253917,3.65854952333934e-06,4.5430551747745647e-07
2,mlp,7041,4,4,3.271716065567223e-05,5.007225982989736e-06,0.027211407399133733,3.1436252449114e-07,0.9721826310012357,4.3382203318073985e-05,0.000524540647149213
2,mlp,9059,6,6,0.0003356902446248527,1.9730506497194896e-05,0.0002378053046616276,0.0019256264951778876,0.05404008969709876,0.000902287645486079,0.9425387701064536
2,mlp,994,5,5,1.0897238548833094e-05,8.702586210992184e-08,4.810798068049507e-07,0.0008183631648430506,1.0688476077884414e-05,0.9989966400662659,0.0001628429485955044
2,mlp,3577,1,1,3.5047753696780137e-06,0.9999456833785743,5.0807666244413395e-05,1.897363692375965e-15,4.1796940723589386e-09,1.1562116729891632e-13,5.665463719483328e-20
2,mlp,5494,2,2,0.0023257619233273494,0.021323718862904847,0.9763084767162471,5.130615760880731e-10,4.195663673986665e-05,8.438282052153083e-08,9.648987773389728e-10
2,mlp,5238,2,2,1.7415878399825616e-05,9.239433622522546e-05,0.9998181237021596,6.370862382570026e-10,7.185252932728172e-05,1.7761070451096966e-07,3.530609733724388e-08
2,mlp,7806,6,6,0.00012830982764360185,2.7923723280668095e-05,4.345284031166394e-05,0.04618608608533906,0.010993412656614826,0.00027733162559999555,0.9423434832412102
2,mlp,6080,4,4,6.29481479947411e-05,3.183535651438433e-06,0.0004578660831028276,2.8126773553683048e-05,0.9819025005279185,0.00018337302632552398,0.01736200190545324
2,mlp,6070,4,4,3.565243099406194e-07,1.512131436790149e-07,1.0286081093379935e-05,7.102575965103372e-07,0.9998463009693375,6.466910311459899e-06,0.00013572804420767701
2,mlp,7088,4,4,0.002061725209975407,1.2774752462692276e-05,0.47131242796052736,5.836942187492772e-06,0.5228657286844739,0.0021388558435317083,0.0016026506068413768
2,mlp,4885,2,2,0.019420865403580914,0.0006125388944214298,0.9794779652023857,6.81440475570495e-08,0.00045412521795388567,3.1373560935376184e-05,3.0635766749110014e-06
2,mlp,2268,0,0,0.9993039771088462,7.100535871960494e-06,0.000302233875014278,1.3166039057538965e-06,0.0001434247907629653,0.00022739838221555637,1.454870338335658e-05
2,mlp,13509,3,6,0.0006079397637671703,0.00023160709090478147,0.00041007411173397284,0.3888454558301115,0.0070178818449427565,0.012138906423358287,0.5907481349351815
2,mlp,10158,3,3,2.6365964981584205e-08,1.2866634011948507e-07,2.3839545721471524e-08,0.9997241799723372,3.964866629985336e-06,1.0160090794931384e-05,0.00026151619838696386
2,mlp,8445,6,6,0.01287758904118242,8.002362219051359e-05,0.0006941350863673204,0.007483049706690978,0.0018433791581047917,0.017073420741689032,0.9599484026437749
2,mlp,8301,6,6,0.00046292381149547153,4.890388113562131e-05,0.00020095807587668194,0.018912394999909078,0.0043562794952248084,0.0003883844493775854,0.9756301552869807
2,mlp,1152,5,5,2.0376180879562423e-05,1.5630118148247384e-07,8.140648209873428e-07,0.0015512666069941354,2.235996936978416e-05,0.9979374183533779,0.0004676085233759964
2,mlp,13536,3,6,0.00040608523040695213,0.0001241072959019722,0.00023867316934865555,0.10921061330449966,0.002526332763818193,0.0006914412659238324,0.8868027469701006
2,mlp,12237,3,3,8.21538792476313e-06,1.2501507886264116e-05,8.935393290989106e-06,0.9789306481696589,0.00036594335880879526,0.0015363085654802747,0.019137447616950107
2,mlp,9513,6,6,0.01258369467150456,3.2135618684375564e-05,0.00172686912636795,0.0008856673253360269,0.0032000850353320646,0.02938826642696472,0.9521832817958104
2,mlp,4101,2,2,0.06033805846869244,0.00044061236396320837,0.9368101101579677,3.794528948638984e-06,0.00040374682550748536,0.001195989116622182,0.000807688538298162
2,mlp,9763,6,0,0.9748460346016887,5.638953009565589e-05,0.0003209561343589639,0.0004720248370630418,0.013597442248650927,0.005573641046565711,0.005133511601577175
2,mlp,1581,5,5,0.00022991734936566587,9.668451459834516e-07,3.5873754003396156e-06,0.0011586671279692055,6.45820366774108e-05,0.9969637547529931,0.0015785245124482824
2,mlp,6944,4,4,8.27546290943863e-06,2.6588216101545496e-07,0.022194407748412647,1.2555018720482472e-07,0.9773052638449611,4.3340586666395065e-05,0.0004483209247019578
2,mlp,9231,6,6,0.000492612887858275,1.6004073398226968e-05,0.0005466927780737434,0.0010177025537324346,0.0008250407991390354,0.00025942544467457725,0.9968425214631238
2,mlp,5605,4,4,7.033142819631625e-06,2.51297914731497e-06,6.254354276561152e-06,0.003578572302809693,0.9602893927205199,0.00010645829878106254,0.036009776201645784
2,mlp,11573,3,3,4.616092267201184e-06,4.665366827229927e-06,2.3436942240690746e-06,0.9678460594831667,0.00010440547263552695,0.00020386416972193044,0.031834045721157146
2,mlp,1808,5,5,0.0002931650034050188,2.956811222414817e-06,2.1493198049790627e-05,0.0016623865744719382,0.0001725184975233206,0.9940023160651779,0.0038451638501496065
2,mlp,6268,4,4,3.590774641270731e-05,3.1793675736520832e-06,0.0007047982042910785,7.054999123782486e-06,0.9968328505604113,8.983520515717208e-05,0.0023263739170304265
2,mlp,3913,2,2,0.01740338457683277,0.0003479876826136875,0.827760274045882,6.807654320445198e-05,0.08295418898465588,0.003661040610359334,0.06780504755645178
2,mlp,9975,6,4,0.10665032757626748,0.00010370286042847683,0.3149267577644528,0.00039333243427997844,0.319862630611842,0.006536260502318122,0.2515269882504113
2,mlp,4625,2,2,0.0029677004144397488,0.00012753532353439433,0.9673123675682989,1.9190089092288217e-07,0.02950122199804715,6.833071406495395e-05,2.265208072382792e-05
2,mlp,5198,2,2,5.359673961118758e-07,2.167945351291019e-06,0.9995704890322278,5.381858233800499e-11,0.00042670035551897983,9.796467518025105e-08,8.68101222476572e-09
2,mlp,3450,1,1,5.334865613988363e-06,0.9998861723430046,0.00010847867805127771,3.085806127759304e-14,1.4112731173218437e-08,5.681415257881813e-13,5.174717895221134e-18
2,mlp,9295,6,6,0.0024633699257521832,3.7183801334677826e-05,0.0012908276777163815,0.001358454887624142,0.0006328468809966672,0.0015881138769511542,0.9926292029496249
2,mlp,3283,0,0,0.9999934997982232,6.870264231754537e-07,6.933240841329982e-07,5.455644825112338e-11,4.847898552223201e-06,2.718921008791232e-07,6.05988342563766e-12
2,mlp,3268,0,0,0.9999965590063975,1.104220155652405e-06,4.6902082545809906e-07,1.0233617614313131e-10,1.458234766232252e-06,4.0940982085372233e-07,5.698117025663351e-12
2,mlp,5289,2,2,0.0011131288063810087,0.0001992483110863546,0.9986065237747787,2.442039901005563e-09,8.000183421656285e-05,1.072724671720319e-06,2.210682578981788e-08
2,mlp,1942,5,5,0.00028053701680554705,8.718493191578323e-07,1.008421297843381e-05,0.00014787746246537392,3.643391322296168e-05,0.999206989965272,0.00031720557993634703
2,mlp,9881,6,6,0.008510674357370717,4.540987866538139e-05,0.025037377677829722,0.00035764467701210307,0.0030506581936148957,0.001400601038117968,0.9615976341773892
2,mlp,195,5,5,1.6035882856307748e-06,1.9007389497494635e-08,7.131802176261535e-08,0.002341232194169668,6.072440676658702e-06,0.9975821873932947,6.881405816216842e-05
2,mlp,317,5,5,8.073435137327226e-06,1.1941798678279214e-07,4.306868926954343e-07,0.005585954931779999,1.9293321025607935e-05,0.9940778952153722,0.0003082329918054315
2,mlp,4499,2,2,0.01700536635330202,0.0005068767078326743,0.9822080145026737,3.9141827940211894e-07,0.00013333976486287402,0.00010440968029986719,4.1601572749728027e-05
2,mlp,9244,6,6,0.003121823147229863,4.5398659172573325e-05,0.0014214200768114709,0.0019181490411152914,0.0008921337642264363,0.0026330369510089283,0.9899680383604356
2,mlp,410,5,5,1.619584505371604e-05,3.8589031853414836e-07,1.2599219096715976e-06,0.011481700231703038,4.6487846752903245e-05,0.9877060631396326,0.0007479071246296633
2,mlp,2061,0,0,0.9697733316463794,5.65199600183322e-05,0.0014633653276906202,0.00027413330589744737,0.0018432744372139456,0.012191402120784197,0.014397973202016027
2,mlp,3139,0,0,0.999822755222946,1.0711503574681086e-06,6.47266397010815e-05,9.636042031377127e-10,0.0001060327317513142,5.409179300102832e-06,4.112339997928138e-09
2,mlp,12227,3,3,6.073881395635742e-06,1.708778883011862e-05,4.019793882227973e-06,0.9774643085441957,0.0008523623016776612,0.00021402432402998554,0.02144212336598849
2,mlp,3290,0,0,0.9999955114734236,2.502697347372771e-06,6.616461550990813e-07,9.641935170030045e-11,1.0105118883137624e-06,3.135666126999078e-07,8.153601961838411e-12
2,mlp,4383,2,2,0.02201422407843628,0.00015959292330935843,0.9748209074814855,2.852074226692777e-07,0.0027289274354888025,0.00018989577348549704,8.616710037194017e-05
2,mlp,7799,6,3,0.0002332629768940316,0.00013922626594738258,9.894349181111782e-05,0.5186246963407437,0.009540596924053868,0.00328349350817346,0.46807978049237636
2,mlp,631,5,5,2.388181410112703e-05,1.5209455629975046e-06,5.6259844719879954e-06,0.04579185002180212,0.00015974092201089915,0.9507602869998509,0.0032570933121998974
2,mlp,2940,0,0,0.9968015658857946,0.000209537347585159,0.0028738682620652743,2.506878596118206e-07,4.723786649899028e-05,6.704256144284851e-05,4.973887532565026e-07
2,mlp,2149,0,0,0.9994644933137344,6.580730661849992e-06,1.6394672750093964e-05,3.7047047153660602e-06,0.00020678580468916894,0.000290985221655778,1.1055551792979852e-05
2,mlp,8215,6,6,0.00045842769238144186,4.135625869533973e-05,0.0001969131980464437,0.030670823933399798,0.0009998034974747036,0.0017675149431466096,0.9658651604768558
2,mlp,3237,0,0,0.9998541949867565,1.908837093436237e-05,0.00011276627077857954,1.8846087646545366e-09,1.1383100285267205e-05,2.5643209992366333e-06,1.0656374195029246e-09
2,mlp,1904,5,5,0.08424717302270449,0.00019005168339292363,0.004944413661881654,0.0036762039763929143,0.002357317768406795,0.6592951979949749,0.2452896418922463
2,mlp,355,5,5,7.841609127809739e-07,1.922376008362087e-09,7.055556984067241e-09,0.0001826462748649775,9.01201288318494e-07,0.9997982179910451,1.7441393956022953e-05
2,mlp,4531,2,2,0.0021656914194276363,0.00012221508776501342,0.9970471062349613,1.1530460661400978e-07,0.00044653234064971593,0.0001734901595442475,4.4849453045425946e-05
2,mlp,13005,3,6,0.000409869998891964,8.380304997481384e-05,9.476614154580483e-05,0.3631736559334141,0.0014473324668655262,0.00423599917384995,0.6305545732354578
2,mlp,4188,2,2,0.08207228986536864,0.0002497345012413521,0.902663376440385,1.298013434716646e-06,0.01374482684045064,0.000569318533671607,0.0006991558054480663
2,mlp,3884,2,2,0.009772841839428408,0.0004109240646744453,0.5265663721000452,0.0002894163842560447,0.05555350246246231,0.002957480489851104,0.4044494626592825
2,mlp,12494,3,3,2.5295104722620018e-05,4.162645037418822e-05,1.703443496722791e-05,0.9371335637749074,0.000898297837532774,0.0004712675903772378,0.061412914807118524
2,mlp,2320,0,0,0.9996153904580203,3.6107442480744275e-06,7.175062122326107e-05,7.054475329131246e-07,4.339315776773059e-05,0.00026112679111551374,4.02278009227997e-06
2,mlp,1402,5,6,0.015894261079514752,0.0002236648458080259,0.0007987272282669541,0.03708313421872345,0.003268746201167948,0.03675281693434656,0.9059786494921724
2,mlp,11622,3,3,2.976356251791381e-06,3.219170115418998e-06,2.590436770651724e-06,0.9921797536194282,0.00010315433607738124,0.0012905130473279485,0.006417793034028528
2,mlp,2881,0,2,0.2230513299493494,0.0014393105857752715,0.7748385071098899,1.6844153566766082e-06,0.0001257551816702126,0.0005033333281012539,4.007942985717456e-05
2,mlp,1907,5,5,0.00011084568025676486,2.9707793342478345e-07,2.9162772959626943e-06,0.00011028889754479809,1.9700673201076818e-05,0.9995909151226388,0.00016503627112902716
2,mlp,7330,4,4,8.313897540893461e-06,2.28844961106784e-07,0.0005289172126877605,8.105744836029024e-09,0.999452789437006,4.991144462315914e-06,4.751357596985294e-06
2,mlp,13202,3,6,0.0011382275627088766,0.00013829164481200806,0.0001040569566001974,0.31090446534420046,0.004842823843496364,0.003031273293530842,0.6798408613546512
2,mlp,6889,4,4,6.47419302520978e-05,7.2805250268612325e-06,0.006221097757451957,1.284554365188835e-06,0.9930080022048877,7.346640409458842e-05,0.0006241266239215094
2,mlp,2667,0,0,0.999605286809967,4.9697697564356676e-05,1.4202077477332688e-06,8.594163732203488e-07,1.5510610397502314e-05,0.0003271136438016638,1.1161414860359256e-07
2,mlp,3872,2,5,0.0006300779195121662,2.930729442401988e-06,2.207897608860276e-05,0.0008480699293368167,0.00010875605588427004,0.9962003443480354,0.002187742041700429
2,mlp,5537,4,3,3.809050313221683e-05,8.636526605952693e-05,2.297699895323433e-05,0.795121714642202,0.008876317949470315,0.00024478954413526704,0.19560974509604742
2,mlp,2544,0,2,0.2742684506464577,0.0003136147241984584,0.7237917422117526,2.918046535057638e-06,0.00031126981697250937,0.0009895905269678433,0.00032241402711592304
2,mlp,526,5,5,5.063755619222146e-07,1.2052832538011193e-09,4.758053030453445e-09,0.00010096743784867042,6.175557446069942e-07,0.9998884874260345,9.415241474079472e-06
2,mlp,3956,2,2,0.40324597982957866,0.00031186992344199696,0.4270439273493039,3.654031342234251e-05,0.0006097854620245267,0.1665242319390697,0.0022276651831587826
2,mlp,6581,4,4,4.22813794509392e-05,6.05461461656572e-07,0.00026075182329216186,1.989411392030227e-06,0.998784520373279,4.564921799539738e-05,0.0008642023331289348
2,mlp,4844,2,2,0.00016799402257263715,1.6010544057671765e-05,0.9949317606959932,6.701250661403278e-09,0.004878236943442736,5.2743752226688485e-06,7.167174607472494e-07
2,mlp,11061,3,3,7.290937286277268e-07,2.296933586925343e-06,4.729959200441247e-07,0.9874143420468012,0.00010854192235058904,1.7857207257532902e-05,0.01245575980035479
2,mlp,4667,2,2,0.0018550181107631991,9.311174343472628e-05,0.9959505158431311,2.3519177001542444e-08,0.002089147991078901,1.1253095906925338e-05,9.296965081969227e-07
2,mlp,1079,5,5,0.00013889512038635368,7.740746108770926e-06,2.8228390013562954e-05,0.04584258652859644,0.0004140631226076951,0.9421869337365849,0.011381552355702162
2,mlp,1866,5,6,0.00708075992769713,9.281296489281855e-05,0.0032968779699370163,0.009399753455480843,0.0023641020260497486,0.4355438402828569,0.5422218533730855
2,mlp,11256,3,3,1.9661693390710382e-07,1.7641761422941701e-06,2.2982252634990564e-07,0.9988992081772002,0.000177655272768234,4.214921937305016e-05,0.000878796715056044
2,mlp,2675,0,0,0.9985944205539558,9.833839544988172e-05,0.0010523905015750006,5.444039903491264e-07,0.00011402433144368702,0.00013972977532526404,5.52038260064941e-07
2,mlp,11020,3,3,8.06781878395653e-08,1.3131124855073766e-06,1.0393221978678035e-07,0.9984811070778926,0.0003696859693293451,8.062461679249034e-06,0.001139646768205873
2,mlp,11159,3,3,9.266554383919378e-07,1.7394562038304011e-06,7.985457050077309e-07,0.9962333082388201,4.491395059299382e-05,0.00017501334747206969,0.0035432998057677383
2,mlp,6443,4,4,3.4949763213384286e-06,3.519107939984517e-07,2.0696292696891745e-05,5.319545109713102e-06,0.9988756288589067,6.860206349361165e-05,0.0010259063526777026
2,mlp,11678,3,3,4.026553094250777e-06,8.742008774060294e-06,1.827931952968907e-06,0.897674978661843,0.00035253623882569,3.094451612990917e-05,0.10192694408938012
2,mlp,6537,4,4,1.0522524944295388e-05,1.2848871234026174e-06,0.00018670666278548733,2.5522012081143258e-06,0.9991846201765041,4.8468469816849105e-05,0.0005658450776178397
2,mlp,9290,6,6,0.0005260495679293814,1.9846312655920996e-05,0.00045673960806544766,0.0011813044687894003,0.013741746974358125,0.0006283759724643656,0.9834459370957374
2,mlp,11711,3,3,2.8533575647597228e-06,3.4314831526335086e-06,2.373895778627434e-06,0.990642070982843,9.178681160162642e-05,0.0005824142519633305,0.008675069217096161
2,mlp,4920,2,0,0.5917707839409345,0.0006134147618781896,0.40702088630798244,2.4503313720522006e-07,0.0004348358582944076,0.0001539756349769431,5.858462796403446e-06
2,mlp,5829,4,4,8.296805346596329e-08,6.722701272039721e-08,6.796555582041675e-07,5.329978388684364e-06,0.9997765739311063,7.600522562755762e-06,0.00020966571731781424
2,mlp,11796,3,3,1.7628882186211675e-06,2.624622882598949e-06,2.4615281990198582e-06,0.993387830476133,0.00013285811225531035,0.0020422572585606217,0.004430205113751081
2,mlp,5505,4,3,4.842006797960701e-06,1.556587186357466e-05,3.549585325130629e-06,0.9781072456971346,0.001103279545679822,0.00015628409416904642,0.020609233199029846
2,mlp,4011,2,2,0.013697960773115091,0.00019698404462886856,0.9823907481602813,2.6867874954031097e-06,0.001601114018018471,0.00040491519182740666,0.001705591024633428
2,mlp,1129,5,5,6.519355143407413e-06,3.1323101560615656e-08,1.6661011143459758e-07,0.00036732750106527627,5.725659108192777e-06,0.9995292404101933,9.098914127683384e-05
2,mlp,13007,3,3,3.441547319604576e-05,8.157887951584852e-05,2.208243394042431e-05,0.6048963931696252,0.2484731393436083,0.000547519623633886,0.14594487107648035
2,mlp,8735,6,6,0.003677895125381724,4.852743120359626e-05,0.0007836697028653059,0.003248376324012302,0.0012236977060729468,0.0006350273332923784,0.9903828063771718
2,mlp,11633,3,3,4.0532366401136485e-06,3.889188244651518e-06,3.7480944437922274e-06,0.9908373176939657,0.00011439472943491823,0.0036556204708749792,0.005380976586395875
2,mlp,1339,5,5,0.00017291091685067077,1.7471849316910745e-06,7.504854986874095e-06,0.005236877164875758,0.00012223152615978308,0.9898869768388349,0.004571751513360258
2,mlp,6992,4,4,1.6858444179176562e-07,1.1549262906040361e-08,9.976638518594303e-05,2.754467479218137e-09,0.999889143553971,1.078054394196184e-06,9.829118276695147e-06
2,mlp,4543,2,2,4.1382144658652595e-05,2.6404418039697216e-05,0.999803578363962,1.0149808522402893e-08,0.0001255928484097989,1.8400343856936949e-06,1.1920407354560295e-06
2,mlp,12548,3,3,0.00015995248246914937,4.083652741538964e-05,4.790120744250699e-05,0.861838498259312,0.0009850972491859359,0.02005251922568391,0.1168751950484909
2,mlp,6163,4,4,6.186177764641657e-06,5.226981998711152e-07,2.198411157612505e-05,1.443876577774671e-05,0.9973814685909855,6.452560843731295e-05,0.0025108740472589105
2,mlp,11534,3,3,5.137276780183901e-07,4.345046779735085e-06,4.295940025700996e-07,0.9967901836242699,0.0002584354461823556,2.1164818276925337e-05,0.0029249277428104333
2,mlp,5920,4,4,3.427469108165639e-09,2.1071660873467707e-09,3.0129209050097704e-06,5.546557841444294e-09,0.9999800354764946,3.258100254028445e-07,1.6614711382048453e-05
2,mlp,3750,1,1,1.1260465709528236e-08,0.9999982108459445,1.7777540149209755e-06,3.727026922835226e-18,1.395747174014906e-10,1.5444759348411823e-17,1.9531031346032927e-23
2,mlp,12173,3,3,1.7181828246965573e-05,1.4034263036838599e-05,1.2480450467989014e-05,0.9756872185164928,0.0003488166224460704,0.0038722157983253013,0.020048052520983992
2,mlp,6531,4,4,7.863674432019985e-05,5.890195747701741e-06,0.0023898420478478508,1.0984048024976797e-05,0.9813827804153223,0.00024287434760517432,0.015888992201131793
2,mlp,9071,6,6,0.0008710836741961312,4.11160952851433e-05,0.0005133880239910838,0.00454387626197703,0.010344452431431382,0.0024329365978281244,0.9812531469152912
2,mlp,12357,3,3,1.1861849674468993e-05,1.3729616310438217e-05,1.063199210832989e-05,0.9606048925273705,0.00043209258860372346,0.0010946776400693379,0.03783211378586312
2,mlp,10209,3,3,2.442258172677966e-09,1.0486013871393634e-07,6.847721468426081e-09,0.9999713152892844,7.769174826833382e-06,2.625902953817288e-06,1.8175482816845174e-05
2,mlp,6118,4,4,1.3001011060401237e-05,5.433105130338122e-06,0.00014791775924862072,3.474843282728681e-05,0.9960672553912058,0.0001696070848620653,0.0035620372156655836
2,mlp,1476,5,5,4.732699357457882e-05,3.2457432121173294e-07,1.8563036080851409e-06,0.0007923524508509136,3.0424332506515674e-05,0.9986936417621772,0.0004340735829615384
2,mlp,12785,3,3,3.406582373540564e-05,2.8104034680813347e-05,3.0186941898632005e-05,0.9529117837813007,0.0007628682972283287,0.006242530631427538,0.03999046048972858
2,mlp,3312,0,0,0.9999429876581101,5.0722398558066934e-05,4.627801421482758e-06,4.5403596914354056e-10,1.1280526678536728e-06,5.33609931655292e-07,2.527467950077319e-11
2,mlp,7614,6,6,0.00021188730917041828,4.233551294540032e-05,7.150453998313172e-05,0.07903530178415472,0.005049627098974538,0.00022083548774418804,0.9153685082670275
2,mlp,10049,3,3,3.235846569999431e-08,6.016680122919571e-08,7.401915142283724e-09,0.9998397272046505,2.119230647624001e-06,8.79920242741994e-06,0.00014925443509262667
2,mlp,12127,3,3,1.032223405261074e-05,1.6982075232698873e-05,7.672065559996138e-06,0.9595689161543838,0.0003586119749735846,0.00040188599560082454,0.03963560950019646
2,mlp,7422,6,3,3.054786033666993e-05,5.19479890073934e-05,2.3677828022713357e-05,0.9193461884722295,0.0013393738074508298,0.0006212465112293955,0.07858701753172358
2,mlp,10663,3,3,1.8657484253238114e-07,6.098530828949393e-07,1.1531256558156191e-07,0.9973244110724967,1.4710574705384618e-05,2.07555273426749e-05,0.0026392110849643227
2,mlp,750,5,5,0.00019841864584128443,1.2055176825633866e-05,3.640812086034981e-05,0.09583420941850684,0.0005922204200558016,0.8852368173215354,0.01808987089637477
2,mlp,11934,3,3,1.5743050953584723e-05,1.589474870759882e-05,5.53555546978252e-06,0.9173871331255237,0.0002740101572569093,0.00014010388624244942,0.08216157947584617
2,mlp,1637,5,5,0.0002103305109902436,7.884118324390151e-06,8.502171077814761e-05,0.008960517322240031,0.000313733350253507,0.9774031574463898,0.013019355541023767
2,mlp,7092,4,4,9.470876677022019e-07,5.805103008870964e-08,5.329633303586399e-05,4.77430735460434e-08,0.9999037857644435,7.882446149860847e-06,3.39825745994389e-05
2,mlp,12834,3,6,3.392013454414646e-05,5.739878466162619e-05,2.4449577512561786e-05,0.3950561815383555,0.02972345547747085,0.00016053910465322775,0.574944055382802
2,mlp,3772,1,1,3.957814692677112e-09,0.9999945591688995,5.436554023677652e-06,2.0681519268703745e-18,3.1926203427040727e-10,9.715424293028568e-18,2.663410411777684e-23
2,mlp,5755,4,4,0.0011284267362229997,4.347295178286299e-05,0.0007417852935286966,0.0005644794953534683,0.9789692541742259,0.0010669957325573501,0.017485585616328764
2,mlp,908,5,5,0.0054549440762518345,5.816077455132159e-05,9.71521368362836e-05,0.08516245531249386,0.0011102203531519386,0.7803495680324627,0.1277674993142521
2,mlp,10755,3,3,1.936082394074761e-07,1.4090222111042932e-06,1.4997960157432588e-07,0.9987574283786265,6.901927174923448e-05,1.0077613614641037e-05,0.0011617221259574886
2,mlp,6472,4,4,2.7048234448386497e-06,7.622041976059139e-07,0.00014770720396896936,3.1623959396022025e-07,0.9997799154780341,8.486457341305473e-06,6.010759341929051e-05
2,mlp,3329,0,0,0.9732288103970369,0.018473472572343837,0.008264778863705535,2.9268201816204223e-08,2.684609498649475e-05,6.057591974303172e-06,5.211750912159128e-09
2,mlp,8629,6,6,0.0018740224892702282,7.372563441500796e-05,0.0006159279299458103,0.009385938855531612,0.0011417125376712535,0.0016764984433837724,0.9852321741097823
2,mlp,10191,3,3,2.7166585923051578e-08,2.852773479058881e-07,1.2800140849873363e-08,0.9944603811894883,0.005387727441701124,1.033872970601805e-05,0.00014122739503007645
2,mlp,11110,3,3,3.173519898761248e-07,4.111206194996655e-06,2.85621889721769e-07,0.9900020708124918,0.001291764108288582,9.289463852725353e-06,0.008692161435292407
2,mlp,5050,2,2,0.00665597596481048,0.0005024410948791351,0.9926989360745128,3.121786713896749e-08,0.00013077081662878816,9.581797330863296e-06,2.2630339707821743e-06
2,mlp,6833,4,4,2.036845113205732e-06,1.497385585774502e-08,6.277259573129224e-06,3.307607772919831e-08,0.9999771223334728,2.3817785622454746e-06,1.2133733344958041e-05
2,mlp,11985,3,3,5.280858686538793e-06,8.461127889427653e-06,4.883596489437182e-06,0.9876063965743802,0.00021745148503380342,0.0005712658515304044,0.011586260505989987
2,mlp,138,5,5,2.4233970984791548e-08,1.9898417786549428e-11,7.211382477718316e-11,1.1986425979212609e-05,3.0513894309391315e-08,0.9999874235218812,5.352122621314257e-07
2,mlp,13319,3,3,0.0002680581918901679,0.00013333972015704227,0.00016049219061948556,0.5007307860895902,0.0026238656456020987,0.004231344359882043,0.491852113802259
2,mlp,13381,3,6,0.0007665102256899852,0.0001739613986682075,0.0002964735581476497,0.25593579314972986,0.0027393307598267717,0.007769416749334242,0.7323185141586034
2,mlp,6763,4,4,5.233533995132812e-06,9.87841037249172e-07,0.00039127645698707836,4.302256471100151e-07,0.9994349824799016,2.3720594409389795e-05,0.00014336886802247215
2,mlp,10657,3,3,2.504739976295871e-08,5.142745891838017e-07,3.478952203231632e-08,0.9997932530546084,4.9689992093637234e-05,6.554364378397187e-06,0.0001499284774084376
2,mlp,6629,4,4,4.55468733923238e-05,2.7207692755284137e-07,0.00014251617554685613,5.956169458770982e-07,0.9995105300147575,2.3437624285644904e-05,0.00027710161814399056
2,mlp,6860,4,4,0.0026519307146159765,4.469484777166756e-05,0.0284176674195888,2.0903658198865965e-05,0.961318737350892,0.0006977887269754573,0.006848277281957103
2,mlp,2686,0,0,0.9999865345384479,4.521790931889804e-07,1.213827352594873e-07,1.494344596145105e-08,1.4483434963352025e-06,1.1426179442114763e-05,2.433339388559993e-09
2,mlp,2746,0,0,0.973694131107257,0.00010239493786845664,0.025878972610732808,5.826645644141808e-07,0.00010142139229232721,0.00021717686097070797,5.320426314320065e-06
2,mlp,9185,6,6,0.0005627068859783814,6.914998644542977e-06,0.00019375942980509128,0.0007352949528595778,0.0015280309929364578,0.00029532946073737115,0.9966779632790385
2,mlp,4963,2,2,0.00033311830026701777,0.00035392007422314626,0.9990071126119986,1.0072693735975648e-08,0.0003012378202570957,3.262288048062226e-06,1.3388325124233617e-06
2,mlp,203,5,5,1.5291889245105827e-06,1.3833609012170777e-09,3.0971902929495234e-09,0.00010348271145276094,5.637548489826557e-07,0.9998717176985437,2.27021656789107e-05
2,mlp,6398,4,4,2.576407830068577e-07,1.3169038067792685e-07,3.030674491913255e-05,1.2258966774626022e-07,0.9999097139811146,3.9979644533122005e-06,5.5469388681319816e-05
2,mlp,6821,4,4,2.1391148718712284e-05,2.532670146000363e-06,0.0016751811398828572,5.539332584720409e-07,0.9980315140637485,2.5295246687634866e-05,0.00024353179755811892
2,mlp,9273,6,6,0.0014234546052330024,5.6650428500213104e-05,0.0012363717679241544,0.002757140698156932,0.02592147182084884,0.004403295544118038,0.9642016151352188
2,mlp,11144,3,3,3.703113826081484e-07,7.950545325796252e-07,5.13277462979732e-07,0.9984127493173907,3.656286581005425e-05,0.00042856482337792377,0.0011204443500431795
2,mlp,4035,2,2,0.006277983990553373,0.00014998288813597142,0.9769217785735311,3.34068510228509e-06,0.01514282401184721,0.0003829967245528791,0.0011210931262769985
2,mlp,9488,6,6,0.0019527557170638762,1.0908634624701422e-05,0.00047837715353108237,0.0011877666517256268,0.007849869778130077,0.0009810461119382312,0.9875392759529864
2,mlp,1985,5,0,0.7959998528587798,0.00014387127065588833,0.0006081224257385526,0.0005794087087633799,0.0011512496689401487,0.19479475652097522,0.0067227385461470154
2,mlp,470,5,5,6.986225822255255e-07,6.856381310347724e-09,3.646590527029917e-08,0.0004829871339221313,2.333679995833967e-06,0.9994958132052779,1.812403593552977e-05
2,mlp,13204,3,3,0.000969550430229559,0.00015178803326769123,0.00026521975984477415,0.4820007549814391,0.0033718547233408517,0.06109539126986351,0.45214544080201446
2,mlp,1688,5,5,5.384416358148832e-05,4.974985920587043e-07,5.123748042309331e-06,0.0006547184509616945,3.530572541567697e-05,0.9987275204350468,0.0005229899783598932
2,mlp,13322,3,6,0.0002099627021424843,8.113487443597617e-05,9.411053570198033e-05,0.16274354748560832,0.001305128033797672,0.0003191713229919802,0.8352469450453216
2,mlp,11852,3,3,1.4470248241965518e-06,9.249429445833658e-06,9.49692838353301e-07,0.9805681518795665,0.0025238610476022013,2.8674399699763982e-05,0.016867666526023055
2,mlp,5110,2,2,0.0025143291928027296,0.00012101432306937174,0.9969572624737119,8.573073934632397e-09,0.00040156313131553605,5.4844875128525185e-06,3.378185138762046e-07
2,mlp,6272,4,4,9.609048240784338e-05,7.547617662647911e-06,0.0004579547248034042,4.654309742070451e-05,0.9908951248153168,0.0003447159579688317,0.00815202330441984
2,mlp,11099,3,3,8.402590222930162e-08,7.479302739045543e-07,2.4066047494582723e-07,0.9996396935139007,4.531566066860142e-05,0.00011889909146205378,0.00019501911731753616
2,mlp,12811,3,3,1.3643137247314506e-05,2.8028810183168248e-05,1.094574923845809e-05,0.9675864191789485,0.002277221019977836,0.0013131099500924817,0.02877063215431233
2,mlp,8778,6,6,0.0007730364168248709,5.0919711385550746e-05,0.0005797466637698066,0.006683713937796025,0.009592093127220458,0.0008397404457557333,0.9814807496972475
2,mlp,13461,3,6,0.0001435869215054123,7.198044612929326e-05,0.00011196337314282275,0.0859983853613458,0.015391489315207696,0.00026883513465774306,0.8980137594480113
2,mlp,3446,1,1,1.207201519951885e-05,0.9999846489384762,3.2753068849596936e-06,1.9870242259147625e-14,3.739163494989412e-09,2.56015346635507e-13,4.240568351918958e-19
2,mlp,1526,5,5,3.620625937868322e-05,2.367112543985793e-07,1.5901082417055416e-06,0.000650378731976683,2.2276931489921273e-05,0.998936870856357,0.00035244040130166793
2,mlp,4254,2,2,0.2780540000658857,0.0006293630811879257,0.7183009744372044,3.529597420999636e-06,0.0004220171606251765,0.002277541979818068,0.0003125736778576531
2,mlp,1310,5,5,4.928283602731799e-06,8.41694180372272e-09,3.5666127901306994e-08,8.819312460068593e-05,2.0305206249940602e-06,0.9998679445453229,3.6859442779042076e-05
2,mlp,10229,3,3,3.170062989659379e-08,5.7040395222018595e-08,4.1251710182362836e-08,0.9989113537443693,6.4636420773636815e-06,0.0010126531055666523,6.939951525115478e-05
2,mlp,5853,4,4,0.00126227805080651,5.705950709435259e-05,0.001322848851405619,0.0006427214618228195,0.9579579238640301,0.0015320046517360642,0.03722516361310462
2,mlp,10270,3,3,3.537951281346036e-08,2.0996236741105854e-07,5.943974506652437e-08,0.9998235302604902,5.941687921329387e-06,5.568686511169368e-05,0.00011453640485153221
2,mlp,6292,4,4,8.31357622554935e-07,1.56971343830799e-07,5.704775978645709e-06,1.9328476032352735e-06,0.9997971585191932,1.9777422749865862e-05,0.00017443810550860252
2,mlp,3152,0,0,0.9999027311796209,3.1465412459131226e-05,5.340269059914001e-05,6.329740688281349e-09,6.353344872016875e-06,6.03931538715517e-06,1.7273207716724083e-09
2,mlp,358,5,5,4.355424732499986e-07,7.004110119440785e-10,2.7498069670390545e-09,7.657844503937236e-05,3.598353515951327e-07,0.9999140258546863,8.596872231646617e-06
2,mlp,13062,3,3,0.00014300745862576723,0.00013132251606991853,5.818076548553786e-05,0.6266587863727122,0.003949616108355213,0.0007361976477333822,0.36832288913101807
2,mlp,2419,0,0,0.9992819486466059,3.224752124268374e-05,4.1339117032378e-06,2.6374575098575206e-06,3.722289764947263e-05,0.0006405960580964258,1.213507192525361e-06
2,mlp,13183,3,3,0.00015541472604683803,0.00010997809503024035,0.00010320787116599605,0.8292556976421913,0.002915643676784905,0.007781183132000664,0.15967887485678006
2,mlp,7261,4,4,4.534473963495805e-05,1.661278721844563e-06,0.03132810340354792,1.1757518375615159e-07,0.9683338607700881,1.6574964876853618e-05,0.0002743372679464792
2,mlp,8058,6,6,0.00015355393864075696,6.376882881849686e-05,6.416679873343941e-05,0.11809701491067688,0.024483514567197523,0.00041493936470994987,0.856723041591223
2,mlp,13395,3,6,0.0014966344788494286,9.13677966901198e-05,0.00019895155974266842,0.12981306794114728,0.0018850384445619891,0.04532839321173216,0.8211865465672763
2,mlp,11954,3,3,1.1695532190920833e-06,4.78401519035326e-06,2.1211806394957865e-06,0.9963574554078973,0.00024366276664675756,0.0003366429680036392,0.003054164108403425
2,mlp,2613,0,0,0.9982773566219281,0.00016558981759872955,0.0008823451797221352,2.3239004676478337e-06,4.6053014091538376e-05,0.0006223743596721477,3.9571065198432e-06
2,mlp,3783,1,1,1.8406006121896744e-08,0.9999995196488927,4.6184540360307536e-07,1.4537301030317183e-18,9.969752372012368e-11,1.2899478307498503e-17,3.07128250496958e-24
2,mlp,6189,4,4,9.004228328993862e-08,2.825953095381547e-07,1.3331247800107431e-05,1.863696089938402e-07,0.9999746245121502,2.759784754962724e-06,8.725448092820233e-06
2,mlp,13172,3,3,7.480592168273042e-05,9.795029102431879e-05,3.485636691668316e-05,0.8563986712673283,0.006397168065079839,0.001216781927872156,0.13577976616009613
2,mlp,7119,4,4,2.353561721947523e-05,3.82333323934791e-06,0.010795079462577368,2.1364597050506643e-07,0.9889931772453069,2.9563511344498636e-05,0.0001546071843418165
2,mlp,2035,0,6,0.009600316221468995,7.771766456574534e-05,0.0013369847759124934,0.0034913888251255176,0.0014185500640479423,0.015349382742556369,0.968725659706323
2,mlp,11095,3,3,3.449075906970726e-07,2.018326262496676e-06,3.082061310446992e-07,0.99539580026136,8.268747095099407e-05,1.589711690187728e-05,0.004502943710802817
2,mlp,3156,0,0,0.9999919338790828,3.788125508035155e-07,3.13252177744043e-07,1.7615519559096972e-10,6.795799735697709e-06,5.780167563628695e-07,6.354126352823266e-11
2,mlp,6364,4,4,1.1660597717247792e-07,4.129387568081526e-08,3.760784172012746e-06,1.2370125332317867e-07,0.9999793425638844,2.3381337714318258e-06,1.4276917066134871e-05
2,mlp,5259,2,2,0.00039223658333937796,0.0004517968369837715,0.9991257824144931,3.838829100726279e-09,2.950238053721312e-05,6.409896673200842e-07,3.695615019606023e-08
2,mlp,11580,3,3,1.0460032796786171e-06,7.109911322360184e-06,8.13761572155014e-07,0.9903206004031238,0.0003211437257654458,1.9962857779285396e-05,0.00932932333715736
2,mlp,7550,6,6,0.00023435143023217383,0.0001383553255273593,7.457555956544298e-05,0.3605672411466913,0.002510084412224628,0.0003675037842649167,0.6361078883414941
2,mlp,11519,3,3,4.1287682539693455e-06,2.4715210158549854e-06,3.39152566550229e-06,0.9835842743013019,9.911420199059378e-05,0.007844418512398985,0.008462201169373003
2,mlp,8374,6,6,0.001598529884693295,0.00016632031712555958,0.0007600839903671966,0.06260454204664904,0.002807841445795444,0.0066564825040266356,0.9254061998113429
2,mlp,2232,0,0,0.9990740592409499,9.600996886738675e-06,0.00030489161917896505,2.291311882381683e-06,0.00017580826591148666,0.0004062226488450925,2.712591634545054e-05
2,mlp,9559,6,6,0.0007878541981030299,1.5218719104382185e-05,0.0005888797493695792,0.0007372203045751846,0.017629505542868202,0.0010063311539312834,0.9792349903320484
2,mlp,13404,3,5,0.002838227033926156,8.225653800743634e-05,0.0001839107374453208,0.11347860394948467,0.0017763760038581068,0.5463686666043062,0.33527195913297214
2,mlp,5719,4,4,1.2965812158612762e-08,9.886854694149973e-08,2.4554622469211246e-07,7.81650485991397e-07,0.9999960689747434,1.206002802993007e-06,1.5859913836730688e-06
2,mlp,10926,3,3,2.6069738300088566e-07,6.647111917212049e-07,3.1890313266658985e-07,0.9989195970146654,2.2479141013421015e-05,0.00016525414228709732,0.0008914253903266245
2,mlp,10100,3,3,4.5137644623299243e-07,1.3508895795105864e-08,1.3861357639984168e-10,0.9998878517125769,5.3008623912576074e-05,4.77110665280996e-05,1.0963573026587769e-05
2,mlp,12098,3,3,6.6775962894700785e-06,9.368983530380591e-06,6.18491885511077e-06,0.9824457661546315,0.0002388133943268924,0.0007405542204940008,0.016552634731872483
2,mlp,3221,0,0,0.999955322654684,3.081969033851904e-05,7.65057511508476e-06,4.443964483043905e-09,1.8825912678481688e-06,4.31940052438795e-06,6.441054747663918e-10
2,mlp,310,5,5,7.0490220939084125e-06,6.540587547014415e-09,7.3178718392047846e-09,0.00019596285846443484,1.9266716762605006e-06,0.9997287381152432,6.630947406289032e-05
2,mlp,9099,6,6,0.002139806162449781,8.240324809731574e-05,0.001425425839464323,0.022057517177194966,0.003810059841364137,0.07617860339160512,0.8943061843398243
2,mlp,5866,4,4,0.001398524049354443,0.00011003708117465455,0.002290855040554757,0.001317988429454233,0.8942576225419665,0.0024180171500019047,0.09820695570749345
2,mlp,2503,0,0,0.999859483910707,1.9159745734913104e-06,4.834160627846262e-05,1.0418777785375604e-07,2.3824021619319407e-05,6.583770200253501e-05,4.925970413252708e-07
2,mlp,5857,4,6,0.0015598366395242964,9.045542518749341e-05,0.0034434072755602854,0.0016202652422381667,0.3825609495485706,0.002796645910859259,0.6079284399580598
2,mlp,6003,4,4,1.6913916373555046e-05,8.393334978222898e-07,5.5211705788674355e-05,2.449279104430555e-05,0.9928820295404646,8.522327661076297e-05,0.006935289436220274
2,mlp,8750,6,6,0.0008185946634087352,8.346247257448158e-05,0.0004017143520679297,0.03233231065722788,0.007077911807555535,0.004076600807018268,0.9552094052401473
2,mlp,2021,5,0,0.9792006936332802,5.795028431832423e-05,2.2421346961682213e-06,5.7982740214696505e-05,0.00011820561306743503,0.020540128347919892,2.2797246503366668e-05
2,mlp,5555,4,4,3.289830769012641e-06,6.32186222046381e-06,1.1974188849615419e-05,0.003868271582800549,0.9871256431107037,9.498973815581435e-05,0.008889509686500761
2,mlp,12099,3,3,4.613301082122377e-06,1.6605018110173034e-05,3.6534059591308418e-06,0.9873450516142827,0.00040636721210883503,0.00012556794748700464,0.012098141500970022
2,mlp,4714,2,2,0.0004794505889593692,1.3156034998067992e-05,0.997624552190877,1.5625071001836217e-08,0.0018696669441461357,1.229424795423885e-05,8.643679940007146e-07
2,mlp,9535,6,6,0.0024398200269842686,1.13812657926459e-05,0.001247065984073442,0.0007402085126463222,0.0010048866197482193,0.0005312754136371834,0.9940253621771179
2,mlp,5181,2,2,0.0019554704944888504,0.00021176063723871087,0.9974502853885774,5.856009911503614e-09,0.000379891376358357,2.3998538878665513e-06,1.8639343909721005e-07
2,mlp,939,5,5,0.00018359521854829556,3.7153820752694678e-06,1.2939060056486483e-05,0.017358213860104985,0.0002043861898874494,0.9748248902143328,0.007412260074994795
2,mlp,6728,4,4,2.1038868380951872e-06,8.329920700246867e-07,9.483686946597876e-05,4.977639267413598e-07,0.9997890604254847,2.865061953527426e-05,8.401744267934187e-05
2,mlp,9520,6,6,0.009396689261259004,1.867091609677354e-05,0.0017145489791602438,0.0005311088589606514,0.001337601593031983,0.0013412643530532015,0.9856601160384382
2,mlp,2234,0,0,0.9998197846407761,3.8635947530845396e-07,7.504706424071914e-07,1.453854125862778e-07,7.191936791693631e-05,0.00010646679476551026,5.469810108520333e-07
2,mlp,5451,2,2,0.014779443817350957,0.001987253087365672,0.9829934158710479,1.873849139890791e-09,0.00023780088191986324,2.0621946912927725e-06,2.2273775018671444e-08
2,mlp,1974,5,5,0.0261139244658148,8.223759511535513e-05,0.006827765488920728,0.0010510448825205318,0.0011745760110936536,0.8683026889396871,0.09644776261684784
2,mlp,3745,1,1,2.032448009222358e-08,0.9999997333331728,2.4623479082484133e-07,2.2455875743480035e-18,1.075563439459297e-10,1.073965455498189e-17,2.893356294002088e-24
2,mlp,2756,0,0,0.9999471303599612,6.528688193945729e-06,1.531210825635446e-08,8.284819888863918e-08,6.9005336266956055e-06,3.934087541300065e-05,1.382498370548661e-09
2,mlp,4671,2,2,0.014127823638203382,0.00018391015391928166,0.9849460936893968,1.442429738984252e-07,0.0007002544510809316,3.4480910056448117e-05,7.292914369272822e-06
2,mlp,1629,5,5,0.0013553415749062556,2.7070174244102474e-05,0.00022982631496262925,0.01093886771817861,0.0006015904111674464,0.9482562048689959,0.038591098937544935
2,mlp,10772,3,3,1.28032563488504e-07,7.523681576588022e-07,1.2529106832441268e-07,0.9980913465700728,4.41504023229441e-05,9.147677896122495e-06,0.001854349657918706
2,mlp,2024,5,0,0.4058401140483124,0.0004598843440196888,0.3415941065726915,0.0002599334423975667,0.003030708856156641,0.21119998441541485,0.0376152683210072
2,mlp,9051,6,6,0.0011140833088861411,1.30707450613942e-05,0.0004021144597801045,0.0016093395386279925,0.08169092393495146,0.000793376022089364,0.9143770919906035
2,mlp,6702,4,4,0.11202939762632681,2.4116370309004072e-06,0.004204386908487208,0.00019628429747775585,0.8575275373239286,0.01782036292009348,0.008219619286655334
2,mlp,4016,2,2,0.11297505196219575,0.00015510801853789395,0.8813159566974224,6.8279128968178625e-06,0.004215386043461979,0.0007080094245394261,0.0006236599409457685
2,mlp,28,5,5,6.024871339252794e-06,8.770444440094798e-08,1.9884134182167926e-07,0.023137378247610342,1.989152123150784e-05,0.976475650883791,0.0003607679302416038
2,mlp,12097,3,3,7.805801931130453e-06,1.9310185306523703e-05,4.561566646242674e-06,0.9567357292681706,0.0006004511875231117,8.710062146669704e-05,0.04254504136895547
2,mlp,8346,6,6,0.0029081068958150993,0.0001291335268425515,0.0008064748934019763,0.059677505336867984,0.0030599480459341023,0.19861931349642456,0.7347995178047138
2,mlp,701,5,5,5.169225615457204e-06,7.854188384570872e-09,2.3655906046336752e-08,0.00018829490531107197,1.989815987464294e-06,0.9997402903470788,6.422419591292302e-05
2,mlp,5715,4,4,3.7665288790491173e-07,7.511609060394695e-07,4.442248273915951e-06,4.050361628250919e-05,0.9992801612055804,1.964072234363517e-05,0.0006541243937254517
2,mlp,5162,2,2,5.6186373448403177e-05,1.3851291637060032e-05,0.9991246521609556,7.807543858770401e-10,0.0008043721157148084,8.966548332332254e-07,4.0622656331713007e-08
2,mlp,2187,0,0,0.9991753186204902,4.255954034718192e-06,5.386277746571475e-07,3.130447455989536e-06,2.976576015900859e-05,0.0007856935178029341,1.2970722823199886e-06
2,mlp,8143,6,6,0.0006049742483196311,0.0001135196769714391,0.0002836400603060458,0.0883284318732497,0.0018436367829709507,0.0020347135027143806,0.9067910838554679
2,mlp,7693,6,6,0.00018389914682312894,7.961126283829396e-05,6.064305533294453e-05,0.2746052267823779,0.008651173826195093,0.001013077549684684,0.715406368376748
2,mlp,1080,5,5,3.349476460105221e-07,2.2700353105596352e-10,8.405271522580204e-10,1.3006110461327389e-05,1.6212586374353414e-07,0.999983863442678,2.63230582028926e-06
2,mlp,474,5,5,4.986698425715826e-06,8.912568547227649e-08,3.5029863316955156e-07,0.003852612977242034,1.642857910380627e-05,0.9959457891818695,0.00017974313904049635
2,mlp,3091,0,0,0.9999766748391715,1.4413710460150851e-05,9.142113680865563e-07,5.435150508340039e-09,3.385944941691546e-06,4.6056464045132086e-06,2.1250340658907135e-10
2,mlp,12603,3,3,1.7426700633972777e-05,3.688823347463545e-05,7.924154870322776e-06,0.7901363689964027,0.01202573884896247,0.00020093600663948006,0.1975747170590163
2,mlp,12590,3,3,8.513363726801455e-05,6.079321586881672e-05,2.056011917369009e-05,0.7610198676886223,0.0033320249197299643,0.000637806378468877,0.23484381404086851
2,mlp,2821,0,0,0.9999165413226133,1.6137692285657736e-05,2.8578168968597506e-05,6.050265696171813e-08,1.3849264977671174e-05,2.4797833050303683e-05,3.521544733037049e-08
2,mlp,8418,6,4,2.5978996457811732e-05,3.505718664682532e-06,0.0004473858335627153,0.00022141759065157337,0.9361931722158522,0.00019055976612500553,0.06291797987868611
2,mlp,1045,5,5,9.110310811003498e-06,1.9789231052761e-08,6.828585558752645e-08,0.0001986660159334286,3.9589145336246965e-06,0.999707828485862,8.034819777333594e-05
2,mlp,5710,4,4,0.0007362402233022662,0.00020464868312343972,0.001293494524312151,0.017684793313018175,0.5186604673458254,0.007915236228806636,0.45350511968161195
2,mlp,748,5,5,0.0002748580997186101,1.064902988232378e-05,2.7556467785186375e-05,0.08651232477630481,0.0005344710500565497,0.8889607314305346,0.02367940914571788
2,mlp,9377,6,6,0.0027292747487377635,5.702900594338269e-05,0.0018150706274436457,0.003240879882730524,0.003646514141769967,0.01320766258865366,0.9753035690047211
2,mlp,11441,3,3,2.0071778449122944e-06,6.502400601993936e-06,1.5090056036525304e-06,0.9940038972255776,0.0001610484555502235,0.00010289798441253196,0.005722137750409089
2,mlp,3428,1,1,6.308309881674068e-05,0.9998797834515148,5.7105996324753544e-05,1.0205296012266882e-13,2.745006919922533e-08,3.1721920211228e-12,1.1387078598630093e-17
2,mlp,2955,0,0,0.99991559083469,9.480476345574327e-06,4.809144142823541e-05,1.7449818187360256e-08,1.4381523262137814e-05,1.2427759920735611e-05,1.0514535190848657e-08
2,mlp,6471,4,4,1.099938909829264e-06,1.7646581897932656e-07,1.1008433312123653e-05,1.942002232526747e-06,0.9995533002493576,3.305795984914189e-05,0.0003994149505197453
2,mlp,5877,4,4,2.1428434074332585e-05,1.8100294486131683e-06,0.00014029950801854957,4.3110908709535806e-05,0.9829591066948665,0.00011812198813322347,0.016716122436749272
2,mlp,12637,3,3,0.00019030648609062248,3.595387018392834e-05,5.7468744868707444e-05,0.8212170612621538,0.0012077986122386569,0.06855946494304965,0.10873194608141462
2,mlp,8804,6,6,0.00014607521162943372,1.789657842971903e-05,0.00014673980659820604,0.0034086333157850473,0.002838650538347578,0.00011812407337151651,0.9933238804758386
2,mlp,389,5,5,1.9259534627526945e-05,9.380786703518308e-08,3.126027767054021e-07,0.0019376028119835922,1.2670947606315855e-05,0.9975996627162154,0.0004303975789234715
2,mlp,3519,1,1,7.230706068258973e-07,0.9990796947662391,0.000919527275391439,1.2200262714574202e-15,5.488773970584765e-08,2.1684132161385334e-14,3.070705692862415e-19
2,mlp,7157,4,4,2.7854554427765116e-05,7.077552113270676e-07,0.0008195179751444829,1.3164922559974844e-07,0.9990789761410943,1.2515228485627274e-05,6.0296696410852556e-05
2,mlp,7667,6,5,0.001714899074240015,5.285901340384776e-05,0.00011509899761170959,0.13074762642955354,0.0015388916185954987,0.7099337937468456,0.1558968311197499
2,mlp,8633,6,6,0.003024324751793953,4.7774060083800294e-05,0.0021632449739870086,0.022976816441979457,0.038062674387551454,0.004595970069461862,0.9291291953151425
2,mlp,5001,2,2,2.7289668206685244e-05,3.894536849334916e-05,0.999862827722006,1.938924594047506e-09,7.021668521950709e-05,5.956209440609863e-07,1.229962058605114e-07
2,mlp,6317,4,4,5.104454394526848e-08,1.3633274554184606e-07,1.7406977459156356e-05,2.342555905315486e-08,0.9999772367433096,9.568370059673559e-07,4.18863937675803e-06
2,mlp,11398,3,3,1.379234396340163e-06,3.836965701383738e-06,1.1519403699809755e-06,0.9955243849758033,9.414751187261734e-05,0.00010956941504834313,0.004265529956807961
2,mlp,6712,4,4,2.4805274102652824e-05,2.502675117508171e-07,9.016656989096457e-05,8.893470271257949e-07,0.9995374291997815,2.537257186553943e-05,0.0003210867698203204
2,mlp,12035,3,3,8.63757593429022e-06,8.588707177579806e-06,8.55327254710279e-06,0.9834225014756248,0.000265422506228463,0.004270074342470908,0.012016222120016724
2,mlp,8413,6,6,0.001367053850930933,5.338260155009033e-05,0.0004379023383784631,0.017927279655371095,0.0012556077469713539,0.008148048249638168,0.9708107255571599
2,mlp,10575,3,3,2.476617138406745e-08,2.56398091328994e-07,4.4623014450216825e-08,0.9997276373474796,2.3067280637605065e-05,9.92168661441899e-06,0.00023904789799109437
2,mlp,10275,3,3,1.6002875838398804e-08,3.084259050175704e-07,1.530414152993713e-08,0.9997321857680754,7.791985144637307e-05,2.1992391312522187e-06,0.00018735540842447615
2,mlp,8701,6,6,0.0012536428164180082,8.435722872260987e-05,0.0006870690442166352,0.019371883911761534,0.0026300732509010596,0.003184059734884034,0.9727889140130961
2,mlp,3276,0,0,0.9976987676215525,0.0022766784992025546,9.880575844851932e-06,3.9562760497022196e-08,5.791411266606934e-06,8.841057839526256e-06,1.2715335168376265e-09
2,mlp,1932,5,5,8.891240006930655e-05,1.6800329913150536e-07,1.4314443286043595e-06,5.344812754414078e-05,8.834489975024536e-06,0.9997827705969187,6.443493786516289e-05
2,mlp,11050,3,3,2.2248545808968175e-07,8.691941132994049e-07,4.445932426206107e-07,0.999092594221362,3.596207219091373e-05,0.0005525801679681757,0.00031732726566515974
2,mlp,1033,5,5,0.0001841624688004428,7.523352485784531e-06,2.8386274893145e-05,0.03767757824463509,0.000393987658949065,0.946470412813259,0.015237949186977242
2,mlp,13309,3,3,0.00044503387714929147,0.00015480716720461175,0.00023071972339673672,0.6557700240551698,0.0031842712381446587,0.024203271361173163,0.3160118725777617
2,mlp,5316,2,2,0.06683830219250968,0.0003978502016504771,0.93033038671558,1.001385425183828e-08,0.0024205162077456936,1.269882242656025e-05,2.3584623337885066e-07
2,mlp,11945,3,3,6.21901020397424e-06,1.4202304856370561e-05,3.037024275037903e-06,0.9679292190888361,0.000859095339117027,0.00010221667212765744,0.031086010560583893
2,mlp,6368,4,4,7.773136476726421e-05,6.98198913351287e-06,0.0023829464511855017,1.0061706735675732e-05,0.9927804184369866,0.00015035430718566133,0.004591505744005507
2,mlp,13082,3,3,0.0003274330878769846,6.194336045106692e-05,0.00011344428068054721,0.6955405660388597,0.001987527294118076,0.1041427238637876,0.19782636207422594
2,mlp,3240,0,0,0.9999957102758953,2.9037102516294944e-06,5.6732901144924936e-08,1.7696976673662358e-10,8.805491495629786e-07,4.485518163841918e-07,3.016407343405706e-12
2,mlp,7419,6,3,7.686766715562824e-05,6.391972824657736e-05,1.8090719307364744e-05,0.7246687078099171,0.005086400729396274,0.0005088356330598669,0.2695771777129172
2,mlp,12912,3,3,0.00017467485024663776,4.1889455664237155e-05,6.963573462696704e-05,0.8035598654674015,0.0014185502484366068,0.06449024262074828,0.13024514162287582
2,mlp,10137,3,3,5.551645174983358e-09,5.5589008643548844e-08,1.0235319435286975e-08,0.9999505835481791,2.9215589107530004e-06,8.792470190679274e-06,3.763104674640575e-05
2,mlp,11545,3,3,2.5068846524709417e-06,2.5181069210680588e-06,2.1140772186857028e-06,0.9940223110141808,8.945704086518224e-05,0.0021298973343520816,0.003751195541809624
2,mlp,11048,3,3,3.933159727826118e-07,1.4046915687114016e-06,3.899623048527906e-07,0.9983436390119422,3.849892768761486e-05,5.8934530605105435e-05,0.0015567395599189414
2,mlp,12668,3,3,2.9048707980352715e-05,3.919858581809624e-05,1.7474440002034566e-05,0.8751886074432259,0.0011058513865765385,0.00033980847377403556,0.12328001096262312
2,mlp,9035,6,6,0.000932851133248376,1.728487276363051e-05,0.000632438653462801,0.0015930361856881616,0.012971965507297593,0.0004900818758532027,0.9833623417716864
2,mlp,9547,6,6,0.008425213691993094,5.466827404518296e-05,0.0038878494344830846,0.0010359910124849913,0.0009378694374242277,0.012593237918715045,0.9730651702308543
2,mlp,201,5,5,3.588757018677022e-05,3.258981908220891e-07,7.817216995137856e-07,0.014590955439408132,4.30810705880404e-05,0.98359105601991,0.0017379122800166812
2,mlp,2243,0,0,0.9991337790963223,6.4501762633321534e-06,0.00021130427622481374,2.674225278091656e-06,0.00010075363158507565,0.0005222326558685854,2.2805938458028823e-05
2,mlp,993,5,5,9.792849503913568e-05,2.024251916991769e-06,7.179652687633702e-06,0.010765837126141022,0.0001267755759732157,0.9860965648042255,0.0029036900940164656
2,mlp,1405,5,5,9.993440113571847e-07,9.788657893718558e-10,4.685982591674416e-09,2.07939149640171e-05,4.3018832829700685e-07,0.9999713377210481,6.433166799934829e-06
2,mlp,1797,5,5,5.108980757299638e-05,1.3867608370631378e-07,8.023060179547988e-07,0.00018722796100164923,1.2747129640634865e-05,0.9995692389678486,0.0001787551518345096
2,mlp,2956,0,0,0.9998326445975594,3.095023648022243e-06,9.935198136189557e-05,6.461975577791301e-09,5.309330041036847e-05,1.1788066312651916e-05,2.0568732261550094e-08
2,mlp,3315,0,0,0.9874415571846359,0.011964723017222121,0.000571879090312375,2.130661720644511e-08,1.8803471615841743e-05,3.0152128656282718e-06,7.167309277289405e-10
2,mlp,8453,6,6,0.0006321578650340385,7.655246928958185e-05,0.00033938994567488497,0.021983309982668415,0.0102838927073132,0.001104973514674116,0.9655797235153458
2,mlp,10537,3,3,4.6017086572280994e-07,6.70739702044562e-07,1.8647502464898424e-07,0.9979555466523466,1.386735594080984e-05,6.04252972397027e-05,0.0019688433088803697
2,mlp,11142,3,3,2.123585437416257e-07,1.640522671762785e-06,3.235974687447544e-07,0.9993132519742343,7.832475277238448e-05,6.406010887670758e-05,0.0005421866854325671
2,mlp,10156,3,3,9.277015706691894e-09,1.396961546887748e-07,9.345671400281525e-09,0.9999075378970824,4.06260143315698e-06,1.5676852566063273e-06,8.667349738606342e-05
2,mlp,6694,4,4,3.083655936686148e-05,8.903095305681564e-07,0.0002378932169423391,3.0319290345001605e-06,0.9980246271439779,0.00010000436308979448,0.0016027164780580516
2,mlp,5996,4,4,8.013762052031544e-08,1.8072076112265773e-07,3.958120014874064e-06,6.920285238044431e-07,0.9999719238485406,3.751219774741844e-06,1.9413924764467495e-05
2,mlp,6045,4,4,2.7118168406118866e-06,2.1890880003755364e-07,7.896371440365741e-06,9.41587033803112e-06,0.9988710078520929,2.8971561134461797e-05,0.0010797776193536145
2,mlp,10647,3,3,9.854862581406708e-08,2.820674036307998e-07,1.393980557150029e-07,0.9995033185426444,1.3938410549743223e-05,0.00015723693477208962,0.000324986097948422
2,mlp,5612,4,4,1.0750035193978549e-05,1.5161339550186227e-06,9.81543943847341e-06,0.0006169625762470954,0.9881725173746823,0.00010431362567685805,0.01108412481480604
2,mlp,9093,6,6,0.006701165403034346,1.7977744285967284e-05,0.0003585093966618335,0.0012499381495757727,0.00490591617988034,0.007491416055703451,0.9792750770708581
2,mlp,1900,5,0,0.7616928890196553,3.470528382600539e-05,4.0530596857562893e-07,0.0006816529254941402,0.0003939356303658958,0.23693727482662993,0.00025913700806031104
2,mlp,11812,3,3,1.840985429656804e-05,8.594679612049774e-06,4.649709876184384e-06,0.9621578600390105,0.00016734733433269283,0.0010507170430770316,0.036592421339795074
2,mlp,10616,3,3,1.615405282602433e-07,7.873191628830522e-07,1.4981182437726648e-07,0.9992196071812431,2.1782301623731877e-05,2.6603922628152368e-05,0.0007309079229894698
2,mlp,13338,3,3,0.0001922843852671245,0.00013434480772525422,0.00011515958043619572,0.7118654176477061,0.005220155452920073,0.0056194375435473475,0.276853200582398
2,mlp,2344,0,2,0.4198515283041016,0.0003344756268348137,0.5642115280724558,1.3937125317569355e-05,0.0020474826479072584,0.004545220360842989,0.008995827862540055
2,mlp,8937,6,6,0.0040795537213949885,7.396586986769354e-05,0.0009119986573328487,0.009744469172080144,0.00317799812285446,0.03756096983646775,0.9444510446200021
2,mlp,3055,0,0,0.9972493563135336,0.00021707984693758602,0.0022684650638695784,5.0527489815198054e-08,0.0002430201599005067,2.1973614470061243e-05,5.447379905835739e-08
2,mlp,2418,0,0,0.9918150776691949,0.00024093549136493492,4.026411462655894e-05,1.6205308581591284e-05,0.00011622078751512949,0.00776173951208507,9.557116632007028e-06
2,mlp,498,5,5,8.04901342008394e-08,8.051310222428369e-11,3.9652469265679375e-10,1.6869121381666502e-05,6.750825768751547e-08,0.9999813997419494,1.5826612391324705e-06
2,mlp,2246,0,0,0.9768735209007892,4.021195283466711e-05,0.020453547892304524,1.1896456783722256e-05,0.0003897111545620598,0.0017237025229656572,0.0005074091197601654
2,mlp,10597,3,3,6.654951831706398e-08,8.436998992456078e-07,7.471153925542346e-08,0.9995932408680064,2.9071755780796314e-05,7.0750653050634e-06,0.00036962734995072457
2,mlp,5559,4,4,3.685393982996305e-08,2.2439810611962438e-08,2.712890166557167e-07,3.061485519419436e-05,0.9991130862427697,4.005622942787749e-06,0.000851962696326233
2,mlp,11784,3,3,4.196346464096602e-06,6.063595855606721e-06,3.6954287810719355e-06,0.9929829652028886,0.00013253196484656036,0.0011995286252164514,0.005671018835947615
2,mlp,2831,0,0,0.9999202614508431,1.750441166412129e-05,2.4269841549518565e-05,4.9503758320763946e-08,1.5098120170203988e-05,2.279033727578369e-05,2.633473919039388e-08
2,mlp,2130,0,0,0.83891840813846,0.0002304978908302903,0.05719152617824489,0.0002625122033214325,0.07830339237569413,0.008136180305216076,0.016957482908233342
2,mlp,10303,3,3,5.205948751787918e-08,2.4508279885130624e-07,5.523902917920486e-08,0.9997154752528544,6.113375712306203e-06,2.637751473633076e-05,0.00025168147538133653
2,mlp,10615,3,3,9.26500255549782e-09,2.8386547743447164e-07,1.2979987885658336e-08,0.999377393409897,0.00035748607969454584,2.6672326589148538e-06,0.0002621471672817062
2,mlp,8160,6,6,0.00012974765672480978,1.593357085223822e-05,7.867925288884858e-05,0.007515307027318863,0.0008363911139652888,7.951529988689146e-05,0.9913444260783632
2,mlp,11578,3,3,1.3292310299579751e-06,5.016326415061508e-06,1.490105196284348e-06,0.9970965618594532,0.00016405097772597402,0.0001904140452825697,0.002541137454896792
2,mlp,6724,4,4,2.083431183496137e-06,9.37064783452873e-07,0.00028462918794278926,1.590726532896095e-07,0.9996617670004808,7.104752046403867e-06,4.3319490909789026e-05
2,mlp,11494,3,3,4.7136780998445114e-07,2.0700099033760844e-06,9.174540546342465e-07,0.9987765577796586,7.31920992274827e-05,0.00026881621475243335,0.0008779750745936203
2,mlp,9361,6,6,0.0007032323380938272,1.3200570489866092e-05,0.0002827311553823018,0.0009271011762404499,0.005035567981370233,0.0017430917678070877,0.9912950750106163
2,mlp,12289,3,3,1.3670396960018802e-06,9.72914630324771e-06,9.806421396119612e-07,0.9693389926217604,0.013236166128366273,5.194345022748405e-05,0.017360820971506964
2,mlp,3793,1,1,5.454085941510655e-10,0.9999682465689158,3.1751752149239784e-05,3.6737594698320944e-19,1.1335262623015597e-09,4.575497423240131e-18,8.828975292895176e-24
2,mlp,3960,2,2,0.02466010343610041,0.00012913137052601175,0.9714623320998528,8.964048467117456e-06,0.0017337068869778666,0.00037064888503108483,0.0016351132730447711
2,mlp,536,5,5,3.947339717643879e-05,5.151015641733999e-07,1.4759817290733408e-06,0.009523555706157536,5.181643335684673e-05,0.9890507902593454,0.0013323731206704333
2,mlp,8094,6,6,0.00027760021462713223,1.8681879692715305e-05,6.399815929846361e-05,0.013283313915096063,0.0031199674430597165,0.0003290303014544799,0.9829074080867714
2,mlp,8117,6,6,0.0018435509870033681,0.00018097541036161965,0.00048662872557437886,0.12171630752524405,0.003276525606460291,0.03371923628135005,0.8387767754640062
2,mlp,7692,6,3,0.00022735307626386202,0.00016598788478188923,0.0001309300193731861,0.6008931179710263,0.004099751513237883,0.002721162046410987,0.391761697488906
2,mlp,6320,4,4,1.989720542834418e-05,6.820369476046628e-06,0.0004347214604651702,5.449453072551835e-06,0.9987567437263797,8.257007428882813e-05,0.0006937977108894284
2,mlp,6896,4,4,1.264397733073724e-07,1.260814110756431e-07,0.00011228020362664009,4.3660538473789995e-09,0.9998837824359071,6.354748258577359e-07,3.0449984022008993e-06
2,mlp,6419,4,4,1.609748156790272e-05,2.8799516923391004e-06,0.0012107666889048913,5.291403289953467e-06,0.9819354521922333,7.900220844917623e-05,0.01675051007386237
2,mlp,3179,0,0,0.9605212471247164,0.0017091775682793208,0.0376577283095681,1.2312834916886196e-07,7.431971602493614e-05,3.721975637413333e-05,1.843966878529465e-07
2,mlp,2252,0,0,0.9991936693952813,6.935512230205795e-06,0.0002691971842300775,3.3753662286231323e-06,9.916344345335533e-05,0.00040941462490717313,1.8244473669195843e-05
2,mlp,13533,3,6,0.0007629779148723883,6.426292141551287e-05,0.0002992015601101622,0.03470364163740415,0.0016128311121626118,0.0015971331795497131,0.9609599516744854
2,mlp,395,5,5,2.9757223312862395e-07,1.1324903726681981e-09,5.266573132352424e-09,0.00012428545313181405,5.637607095789594e-07,0.9998684150648932,6.431749968862989e-06
2,mlp,9153,6,6,0.0009195048630956899,1.5137957182305882e-05,0.0002595401258733124,0.0016868309613004568,0.0032276473214547822,0.000868677812879322,0.9930226609582141
2,mlp,12369,3,3,7.161212021370928e-06,1.4794787639041153e-05,8.591564797718896e-06,0.9866247621528839,0.0005668064068735973,0.0011900528677497096,0.011587831008034743
2,mlp,1793,5,5,6.657837299775823e-05,1.7696216439474687e-07,8.618506061710648e-07,0.0002520437254818686,2.430629542991644e-05,0.9993685555277283,0.0002874772655917958
2,mlp,10627,3,3,1.338148040511174e-07,3.3382797150045133e-07,1.2280059922131766e-07,0.9988269696363286,1.1853239126639034e-05,5.541112729079393e-05,0.001105175553879371
2,mlp,11238,3,3,4.819786936821751e-06,1.2645319265006476e-06,1.383370632508164e-06,0.9653569547150078,0.00010532662647489056,0.03091416159908808,0.003616089369933262
2,mlp,5245,2,0,0.9894158183680893,4.0734714711663746e-05,0.0060930701649173965,4.578834494717502e-09,0.004435471227304326,1.4881452904174727e-05,1.949323864396968e-08
2,mlp,3507,1,1,5.694577648485283e-05,0.9999351559555583,7.88883830359238e-06,1.2485433661537652e-14,9.42903337346712e-09,6.074191928269839e-13,2.782307218422712e-19
2,mlp,9967,6,6,0.08868685745530593,4.4441997331148165e-05,0.055618626572570024,0.000236361976854315,0.007763250696158559,0.00567061366726057,0.8419798476345194
2,mlp,8036,6,6,0.00034115993796690885,5.164378410225152e-05,9.801111257182404e-05,0.042164138543462286,0.005523767116141997,0.0004961411506780123,0.9513251383550768
2,mlp,362,5,5,1.3393510698241084e-05,4.056489572574141e-07,1.2451867185432722e-06,0.01636059747110417,5.117619100044444e-05,0.9828703209353125,0.0007028610562089233
2,mlp,12564,3,3,5.09390375744575e-05,2.837604783013485e-05,2.734184219984567e-05,0.8534019213881503,0.0006701981877583734,0.003601073951217872,0.14222014954526896
2,mlp,10882,3,3,4.2627266420539945e-07,9.937210273490977e-07,3.0231425674172726e-07,0.991449459300206,3.54664405950325e-05,5.797120225546063e-05,0.008455380748995052
2,mlp,3041,0,0,0.9988539652987168,0.0010030701097845844,6.624372081845623e-05,1.1245198631658467e-07,4.911964125288408e-05,2.7466537955526338e-05,2.2239485414865505e-08
2,mlp,9053,6,6,0.003944768941104812,7.290863662710555e-05,0.001448052630442759,0.005394516098891914,0.0021067857390479196,0.017145461924676485,0.969887506029209
2,mlp,12835,3,3,0.00012084191228230972,5.3507058014367617e-05,6.86288596301059e-05,0.8784510647606489,0.001428457510439593,0.016766941118271823,0.10311055878071293
2,mlp,1069,5,5,0.0012753551154476115,6.321148546238335e-06,1.7766903715246478e-05,0.009049000995027846,0.0002568380996845971,0.974849002927605,0.014545714809973433
2,mlp,10223,3,3,6.98897226723112e-08,4.832571408119654e-07,2.9786642677160988e-08,0.999470722490689,4.0587095410687634e-05,4.255952863868213e-06,0.0004838515275301802
2,mlp,8538,6,6,0.0004547479724076981,3.670959246392753e-05,0.00029639769966879713,0.011782820017308597,0.0007850672041562222,0.0004964746360322687,0.9861477828779625
2,mlp,6426,4,4,0.0094829701396089,0.00016804548516077575,0.08686424076962193,0.00030640989382941874,0.5753885215086361,0.00429844615663579,0.323491366046507
2,mlp,8111,6,6,0.0018362029066310932,0.00010967241673926863,0.00047760056904098253,0.05781801117346403,0.0022126749596449885,0.036200744072771095,0.9013450939017086
2,mlp,6427,4,4,8.148677364383343e-05,7.179440981876564e-07,0.00037724385952897575,6.353839433803802e-06,0.9917620817621603,0.00010753917661226063,0.007664576644522626
2,mlp,8410,6,6,0.0005490668405805126,6.128839142518484e-05,0.0002461502925816122,0.038531804295757026,0.0013775084722613075,0.004707086103456262,0.9545270956039381
2,mlp,13162,3,3,7.517991881213229e-05,9.566848873382638e-05,4.906604916208229e-05,0.8521911519304006,0.004492791648996914,0.001975294683493654,0.14112084728040075
2,mlp,12093,3,3,5.199993585796143e-06,2.3262056362143636e-05,4.394550747989919e-06,0.8776925013456301,0.008372786721043947,4.413440452160761e-05,0.11385772092810825
2,mlp,5061,2,2,0.00011731052627814566,4.6293475772906815e-05,0.9997160127017424,1.523260717492396e-09,0.00011898115897533899,1.380790560940898e-06,1.982340959821506e-08
2,mlp,2427,0,0,0.9998779181062517,1.5763626657516679e-06,1.3300460011389123e-05,1.0280294504222094e-07,4.1432518222197914e-05,6.522829351729732e-05,4.4145638628499975e-07
2,mlp,5170,2,2,0.01563510354814397,0.0010766582139670067,0.9832153601286131,2.9282738102396378e-08,6.643636731264483e-05,6.118206209306192e-06,2.9425301614382017e-07
2,mlp,983,5,5,1.2648366443822743e-05,1.1972915369885708e-07,7.011407697475394e-07,0.0011266364720520581,1.4601118944746406e-05,0.9986342132573836,0.00021107991525232234
2,mlp,1554,5,5,0.0012053796179482621,1.482117396766699e-05,0.00011573689926236877,0.006967033436119823,0.0004244285911981317,0.9655256350246454,0.02574696525685837
2,mlp,1957,5,5,0.004749445177716564,1.1118351818260906e-05,0.00011903616729174105,0.0004840467066081229,0.00015569298635355357,0.9924911361231503,0.0019895244870615273
2,mlp,4401,2,2,0.0021553950893094,3.0422203275589687e-05,0.9933130488032126,1.4177112570378822e-07,0.0044455512584002125,3.075653514277327e-05,2.46843395336962e-05
2,mlp,4220,2,2,0.049118622934340994,0.0002351147875234213,0.8049988782961092,2.293083579408713e-06,0.14438847647661573,0.0008890764583804385,0.00036753796345067615
2,mlp,8276,6,6,0.0005305534903107507,3.248903654551544e-05,0.00027268263192966246,0.01045814002253204,0.01039047971005613,0.0003357680270718596,0.977979887081554
2,mlp,11129,3,3,4.1636543472722365e-07,1.1094351509787876e-06,5.369133555590561e-07,0.9988473217868056,2.9863861456444355e-05,0.0002628442084857281,0.0008579074293110965
2,mlp,7615,6,6,0.0003076594494161578,3.905480478193108e-05,9.049018605746236e-05,0.1256016708199047,0.21053099582033089,0.0010637167552985049,0.6623664121642102
2,mlp,9270,6,6,0.004427716048482206,5.032907762112306e-05,0.0012874559709485725,0.0015291498711297604,0.008960531994884715,0.0022763938754007864,0.9814684231615329
2,mlp,7355,4,4,0.000653491805440922,2.53914134200926e-05,0.49497861817122035,6.747083323562892e-08,0.5042524093325798,6.320438892886507e-05,2.6817417576757465e-05
2,mlp,7725,6,6,0.0002861670224254327,0.00012293883065543577,0.00012780656889260845,0.21790562251901124,0.003925627792279256,0.0008132379912641221,0.7768185992754718
2,mlp,8584,6,6,0.0016651377401452404,1.79919601904982e-05,0.00017771852360817328,0.00388230640700957,0.0013154273767496578,0.0018951664283031898,0.9910462515639936
2,mlp,7776,6,6,0.0005880921964919417,6.971963278432911e-05,9.895263188693452e-05,0.09933838462079628,0.01348039043245062,0.0006550932440709322,0.885769367241519
2,mlp,343,5,5,4.542415174882238e-06,9.998395230845792e-08,4.280974777154407e-07,0.005752154277338984,1.7657742417879585e-05,0.9940133314336671,0.00021178604997118902
2,mlp,10327,3,3,8.792220521900646e-08,3.627038039321454e-07,6.922717165834363e-08,0.9994983583843388,8.196387278469118e-06,2.0869805436998848e-05,0.00047205556976526587
2,mlp,4157,2,2,0.003056972964437807,8.490165238067518e-05,0.9952444074454441,6.916589181258881e-07,0.0011994226895388953,0.000148811167326385,0.0002647924219541043
2,mlp,11992,3,3,2.0370564099867464e-05,6.072290445341532e-06,8.995428152564217e-06,0.9287567737083,0.00034354960119358955,0.057960656566732494,0.012903581841076091
2,mlp,70,5,5,5.772545507191118e-08,3.951258188716294e-11,1.3312653471384613e-10,1.8783417415550403e-05,4.794183834170141e-08,0.9999798324109165,1.278331735429748e-06
2,mlp,7031,4,4,0.00048131607751606266,4.365897768608367e-05,0.10388975423411302,4.807140249483648e-05,0.8890423357350088,0.002032411408455401,0.004462452164725985
2,mlp,4248,2,2,0.01791783769282185,0.00014940094993896492,0.9807946172045405,9.197183988501875e-07,0.000499574699136535,0.0003946751689106293,0.0002429745662528564
2,mlp,6260,4,4,1.1717551670928316e-05,3.0157833770928083e-06,8.8340068910849e-05,2.0126700613371917e-05,0.997296763264751,0.00021266834456483766,0.0023673682861119682
2,mlp,9194,6,6,0.0034207169624244694,3.754639576654019e-05,0.0009390571304121226,0.0016670502021061484,0.0011174786060596275,0.004255936863165909,0.9885622138400653
2,mlp,11535,3,3,1.7103749686096918e-06,4.5546440935984814e-06,1.2495289892117113e-06,0.9928531363628793,9.925735741752269e-05,8.066210425495219e-05,0.00695942962739683
2,mlp,535,5,5,0.0002989940530376052,1.591366739528208e-05,3.845442217337811e-05,0.19907271438630478,0.000767010161968285,0.7648446338999426,0.03496227940917796
2,mlp,1692,5,5,2.757616649559903e-05,7.431633567744882e-08,4.2355032184902226e-07,0.0001843441398744284,1.084510703038495e-05,0.9996209641355016,0.00015577258444045766
2,mlp,6135,4,4,0.002168081324173114,1.172990247675848e-05,0.0015124498775143855,0.000347731274959463,0.8604271133886194,0.0013810530496477103,0.1341518411826092
2,mlp,5972,4,4,7.526748936201568e-05,1.5053561722236055e-05,0.0004061242105607863,6.988534347845955e-05,0.9943040465947164,0.0002679519644826534,0.004861670835677364
2,mlp,11991,3,3,1.9579253343106134e-05,3.4725445939814483e-06,5.88794183792988e-06,0.8937604552918231,0.0002627538235476337,0.08322830529579335,0.022719545849060822
2,mlp,12002,3,3,5.12144471316489e-06,8.170768257635344e-06,5.33321046172338e-06,0.9890694773749712,0.00020909654306049317,0.0008701334694073757,0.009832667189128355
2,mlp,2179,0,5,0.31044110624751137,2.4347749911565736e-05,3.149176737300744e-07,8.7931923920877e-05,0.00010102319680677662,0.6893242424227319,2.1033541443843198e-05
2,mlp,789,5,5,0.00014200840217842397,1.7292072192203958e-06,5.112779932165112e-06,0.014694032866120903,0.00012523854590858644,0.9784067977619907,0.006625080436650091
2,mlp,13321,3,6,0.0003721123515936694,8.465703830643718e-05,0.00011407455262382034,0.09939125022713566,0.0015144354012218376,0.00033886202095289084,0.8981846084081657
2,mlp,3048,0,0,0.9999894279941436,2.1694632040874787e-06,1.7158217810972179e-06,3.6877310586027677e-09,3.577502051807335e-06,3.10481444062785e-06,7.166476840321934e-10
2,mlp,11658,3,3,2.918459483466616e-06,8.087261403064246e-06,8.797519880399273e-07,0.9807041167490982,0.0020868046515527816,5.3398213435393246e-05,0.01714379491303893
2,mlp,8218,6,6,0.0006750337731821996,3.652569490275033e-05,0.00021611639073657393,0.010690141081356014,0.0006409604807811585,0.00031769807526255904,0.9874235245037788
2,mlp,3165,0,0,0.9895112377198336,0.00010726965663023641,0.010236198347328926,3.577157062596786e-08,0.00012077887840660932,2.440416437497867e-05,7.546185513397981e-08
2,mlp,4574,2,2,0.02631749810856509,0.00023355057898169653,0.9725443791945148,2.9912849875661854e-07,0.0007307800460799462,0.00013435253753178714,3.914040582810702e-05
2,mlp,12854,3,3,0.00013071553694429276,7.472151263568332e-05,6.272078025631292e-05,0.8695323328428443,0.0015307630770245626,0.005186800049356503,0.12348194620093829
2,mlp,826,5,5,0.00011840909561964958,9.027520282845766e-06,2.8596956674891994e-05,0.09647653163654722,0.0005169995414032986,0.88947209692166,0.01337833832781193
2,mlp,2043,0,0,0.7823150419233541,0.00043391504027143766,0.0030549802721646668,0.004730692325325254,0.005772199043900423,0.05719884255745618,0.14649432883752786
2,mlp,13021,3,3,0.0005277805981441707,4.432004623051164e-05,9.733333425811455e-05,0.4476103798786677,0.0017301103072919308,0.38869633233874645,0.1612937434966613
2,mlp,10640,3,3,1.427116232303611e-07,3.0280354307940497e-07,1.8741750943187545e-07,0.9991542550342549,1.7078462340887914e-05,0.000530288344136242,0.00029774522659224467
2,mlp,12076,3,3,5.205032526527457e-06,7.515964213767873e-06,4.977932063051822e-06,0.982274541126347,0.000248840218266194,0.0006014137800384354,0.016857505946544865
2,mlp,6854,4,4,0.001532535543346962,7.540402942563357e-05,0.10043054015807923,3.5149122279049284e-05,0.8523985681648475,0.0016882122862055809,0.04383959069581597
2,mlp,12740,3,3,6.802064273375088e-05,3.828989495288111e-05,4.231044082819901e-05,0.8764230132494607,0.0009262342119326544,0.00567349400990745,0.1168286375501843
2,mlp,3189,0,0,0.9999670377014868,1.6633288682576119e-06,8.802292498512439e-06,4.907009291274202e-10,2.0716947044438903e-05,1.7790738250769803e-06,1.6557616495853045e-10
2,mlp,2778,0,0,0.9995352887725188,0.0002951903971436228,1.5554356232060832e-06,1.517157618552004e-06,4.2020101036688064e-05,0.00012435469758984927,7.343846932978618e-08
2,mlp,3326,0,0,0.9929012210358966,0.001010067678803562,0.006022623180166798,4.192468958706181e-09,6.382266355368582e-05,2.259950507692871e-06,1.2986027502868835e-09
2,mlp,7037,4,4,1.9109893558215518e-05,6.262021992977526e-07,0.0003878589168701464,4.225988219564246e-07,0.9993605190945604,3.363710015398299e-05,0.00019782619383611205
2,mlp,1585,5,5,0.000424739046458758,1.375766779757115e-05,0.00012097761851216625,0.013316644982448795,0.00043152126933156576,0.9644105223028193,0.02128183711263168
2,mlp,2806,0,0,0.9999816103697764,1.275474595481151e-07,2.878424186665329e-08,4.0825268011660456e-10,1.7270729550430005e-05,9.619330763757861e-07,2.2764257378507671e-10
2,mlp,9599,6,6,0.025772790058412137,6.271246609573984e-05,0.005179512188268464,0.0009421652858412861,0.001593386115413574,0.03989260417761512,0.9265568297083537
2,mlp,5012,2,2,6.1808063796339946e-06,5.524347186785012e-06,0.9991611142622481,2.932153595282454e-10,0.0008267074719983452,4.4295417450167817e-07,2.9864797388187035e-08
2,mlp,6750,4,4,7.606489330715413e-07,2.9212440582887068e-08,4.805747817197916e-05,4.2784872580425225e-08,0.9998524702898518,3.99970581088089e-06,9.463987991914952e-05
2,mlp,12942,3,3,0.00014369731220979966,8.076781866026323e-05,8.448128271290352e-05,0.836209903795585,0.0019029927617797546,0.00788780689001835,0.1536903501390338
2,mlp,11998,3,3,2.336586755763558e-05,3.616030883804186e-06,4.735661955009174e-06,0.925007848369105,0.00020329286219814902,0.03849483358339757,0.03626230762490305
2,mlp,3571,1,1,7.17419450525464e-06,0.9999928097688389,1.5813562800192245e-08,7.22163217318262e-16,2.2304582193744625e-10,4.672732297310572e-14,3.5934332073323304e-22
2,mlp,1148,5,5,1.125363212417789e-05,3.796117740927124e-08,1.628874473409044e-07,0.0003448604009036002,6.264942416368607e-06,0.99950695717399,0.00013046300194116567
2,mlp,6184,4,4,2.276376491320866e-08,3.38472890746876e-08,2.402425112280819e-06,5.5330339076619046e-08,0.9999881458383845,1.2550012949729832e-06,8.08479381525078e-06
2,mlp,8957,6,6,0.006381721167495893,0.00012119718917075724,0.0023535606706782744,0.013252850696597826,0.002698255004924373,0.172233102568089,0.802959312703044
2,mlp,6104,4,4,0.00013960859862019204,3.392363868623881e-06,0.00035115669732944086,0.0001102380885101003,0.9222981152405081,0.00031593881542499644,0.07678155019573854
2,mlp,1167,5,5,4.966305247111931e-06,3.3189982942604564e-08,2.32505286961902e-07,0.00036780921157013953,5.9810341147243935e-06,0.9995493607233847,7.161703041336536e-05
2,mlp,3153,0,0,0.9966134307060748,0.003174609193434582,0.00012576524080502215,3.963586337931424e-07,2.677274379594606e-05,5.8956626468923615e-05,6.913078685257743e-08
2,mlp,10576,3,3,5.966219390991197e-08,3.121279066411057e-07,1.1845909956326523e-07,0.9997043294702008,1.1940113569484118e-05,0.00014102294258326278,0.00014221722444645305
2,mlp,5406,2,2,0.00012705157671715452,0.0005657090347618457,0.9992534348669719,6.839834981525723e-10,5.3626073605207214e-05,1.610389009453732e-07,1.6725059353015213e-08
2,mlp,5762,4,4,1.4461197053632498e-07,1.8504463945532893e-07,1.696601619740081e-05,2.267557231295559e-07,0.9999055578302883,2.7379905809256147e-06,7.418175060013619e-05
2,mlp,12580,3,3,1.8203489252528924e-05,3.5184664903549584e-05,1.2732857287084833e-05,0.9171246165466999,0.001103832569466888,0.000257369693360743,0.08144806017902928
2,mlp,7110,4,4,9.638551189682046e-07,1.0952407755642383e-07,9.133124320663269e-05,1.7957033037318757e-08,0.9998997302019617,2.029985827732706e-06,5.817232774526044e-06
2,mlp,7535,6,3,0.0003055024593234411,0.00013294184007039278,0.00014898343285439983,0.7009314852076781,0.0025286253988492887,0.009474743936947421,0.28647771772427694
2,mlp,11549,3,3,2.1490184326714295e-06,7.1000068003259195e-06,1.194981651892572e-06,0.9905280972876719,0.0004789213222931306,6.0114001547445475e-05,0.008922423381602632
2,mlp,148,5,5,1.0425550116335852e-06,6.305952873793732e-09,2.628716744021397e-08,0.0006466391673210531,1.7688001083328415e-06,0.9993183803040107,3.213658042797463e-05
2,mlp,8953,6,6,0.001387028324041206,5.648595737968671e-05,0.0007223213215112538,0.007239207067545654,0.0008725312932935776,0.0038838953555844513,0.9858385306806441
2,mlp,5953,4,4,4.812081811590891e-06,5.006969626401637e-06,0.00010130929587541652,2.509270674821723e-05,0.9987536103100341,6.078934854115846e-05,0.001049379287363106
2,mlp,2999,0,0,0.9906429866893555,2.6353176356295723e-05,0.008972777665360641,6.889654245647506e-08,0.0002947132039762866,6.265578523314095e-05,4.445831759907245e-07
2,mlp,2567,0,0,0.9998879863094976,1.2034237685885578e-05,8.85326393771257e-06,1.7832435617161475e-07,2.6146514076329682e-05,6.466664596203307e-05,1.3470448455511513e-07
2,mlp,11414,3,3,3.3241180592825533e-06,2.0862065228735817e-06,2.076179793529989e-06,0.9905132752050624,8.501750680022211e-05,0.004682669478301142,0.0047115513054604916
2,mlp,8251,6,6,0.000578796781730228,7.981705444852815e-05,0.0002608503494079716,0.030392789617722106,0.0011874802767402584,0.00045486253147047646,0.9670454033884804
2,mlp,5079,2,2,0.0010312469091026252,0.0001196971355769216,0.9947887932668537,2.0398512026591487e-08,0.004025368835634565,3.2159960270516486e-05,2.713494049283254e-06
2,mlp,1418,5,5,2.2696505861836015e-08,1.7116100035818488e-12,1.693721758188644e-12,2.3297435057106348e-07,3.1072478770418765e-09,0.9999997094750419,3.1743448398677324e-08
2,mlp,4933,2,2,0.0006266860869781569,8.333254342062692e-05,0.9990940746645441,8.007936347975977e-09,0.00019326631242382245,2.393955942253989e-06,2.3842875430004345e-07
2,mlp,8592,6,6,0.005732470098527088,6.60092074287479e-05,0.0006639844867470064,0.006734687386574426,0.0022846076715296046,0.0011598231060063239,0.9833584180431868
2,mlp,4458,2,2,0.0003636878974459784,1.9821938610811052e-05,0.9994342759897645,3.6077938877727086e-08,0.00016979055111937088,9.977546573068722e-06,2.4099985473333758e-06
2,mlp,11458,3,3,1.6673971900880737e-06,7.569727026145087e-06,7.446057557233905e-07,0.9836483637970319,0.0006854816264276418,2.8692221365196517e-05,0.015627480625203225
2,mlp,9140,6,6,0.0005628882209373967,3.246744386607221e-05,0.0022114765803344723,0.000626113489937279,0.10903197205841139,0.0004944890260415608,0.8870405931804719
2,mlp,12588,3,3,4.527952182613368e-06,1.3677049079557733e-05,5.704099298353157e-06,0.9889084138088418,0.0009679758696886061,0.0008249363790443753,0.00927476484186457
2,mlp,12094,3,3,4.639714869570948e-06,1.2288758158900445e-05,3.4800867870526613e-06,0.9745415266260867,0.0006211632468686228,0.00014414369374283906,0.024672757873486394
2,mlp,8452,6,6,0.0007329922510589632,3.70615888488879e-05,0.00020380304680259965,0.010838179848568049,0.0011724864242785313,0.000365011629501254,0.9866504652109418
2,mlp,943,5,5,0.0001939114920085235,9.029280897170413e-06,2.9782310697273804e-05,0.05644121911908039,0.00045573519264269436,0.924519904576256,0.01835041802841796
2,mlp,13504,3,5,0.0015493024582386645,0.00014098921786163303,0.00044824970032889954,0.19150199050743877,0.00391812310201644,0.4521506495176386,0.35029069549647696
2,mlp,6450,4,4,0.0005600736563963234,1.8547245328471443e-05,0.010496429823216434,1.4249226689591176e-05,0.9824698923640347,0.000281304281626733,0.006159503402707756
2,mlp,11047,3,3,2.5972263723043625e-07,2.1726884760075713e-06,2.9684557382156616e-07,0.9990482415025882,7.21915273540596e-05,2.832806846834936e-05,0.0008485096449021326
2,mlp,5419,2,2,3.3719090439777074e-06,8.072262573846823e-05,0.9998718893476338,2.690619464038282e-11,4.4001327820096604e-05,1.4468723523179551e-08,2.94133968418167e-10
2,mlp,3008,0,0,0.9890039629537197,0.0004702418207079499,0.01020317606035694,1.5816957528884037e-07,0.00026447517089550485,5.780219323635028e-05,1.836315082663539e-07
2,mlp,8467,6,6,0.00026815685433089495,4.471200353665829e-05,0.00015447184453477416,0.018892582815982075,0.0039534110760693015,0.00024945789077274145,0.9764372075147735
2,mlp,6834,4,4,2.5772320904899076e-05,4.491589603725315e-06,0.0015709259472836724,1.0198575337207795e-06,0.9980157924104249,5.3981759472148437e-05,0.0003280161147769539
2,mlp,11301,3,3,2.7318821165513587e-06,1.3003144644045612e-06,1.383431033685296e-06,0.9872780845170807,8.539329418592006e-05,0.007966502090798331,0.004664604470320332
2,mlp,9857,6,6,0.009791887078646045,6.979361693946895e-05,0.01818259341827985,0.00046466920797849426,0.000698634891535198,0.00238795064008032,0.9684044711465406
2,mlp,8929,6,6,0.0026055239811001453,4.031929829104854e-05,0.0009722053752819084,0.0026675500665621385,0.0026173575089260266,0.0005689197464015253,0.9905281240234372
2,mlp,8496,6,6,0.00036129863130019877,1.062907968700777e-05,6.681240006867815e-05,0.006616736373757608,0.013705032157681579,0.0007178068608873849,0.9785216844966175
2,mlp,7034,4,4,0.0002108312940476356,6.413893560527718e-06,0.04015337458899369,9.324368480947673e-07,0.9586341879446402,0.00010640527243506182,0.000887854569474789
2,mlp,3882,2,5,0.06806143602899872,5.005237927527515e-05,0.0006411132484746561,0.0002217881574469187,0.00019983279146506316,0.9293993871177431,0.0014263902765962696
2,mlp,6254,4,4,1.3057920759549956e-07,2.0050305832224683e-08,1.7590643398251149e-06,2.7786865655272064e-07,0.9999284289750175,2.788066822103425e-06,6.659539565087511e-05
2,mlp,12797,3,3,4.581264486062558e-05,7.777287504153955e-05,1.6746521064497223e-05,0.7802828003365148,0.003690374761257532,0.00015623427121468777,0.21573025859004638
2,mlp,8962,6,6,0.003604626341025534,3.227669581865377e-05,0.001035330442434525,0.002887422497954859,0.003615177836430367,0.0007681644313255896,0.9880570017550104
2,mlp,10401,3,3,1.109687381096546e-08,2.3862314865776215e-07,1.8725688369542623e-08,0.999728177765105,2.9753130414343507e-05,2.3109075982222873e-06,0.00023948975117169335
2,mlp,12657,3,3,5.611174852218587e-05,6.553309648195334e-05,2.830056494857953e-05,0.8896447143160242,0.0009677531253688268,0.0005811734703096177,0.1086564136783447
2,mlp,10548,3,3,1.6171937768324426e-07,2.2632421163944265e-07,1.6571364584386296e-07,0.9988247152065372,1.044523454819218e-05,0.0006294770194152304,0.0005348087822639996
2,mlp,12672,3,3,2.2703079462721524e-05,4.751326346745117e-05,1.1658245065900679e-05,0.842517622404785,0.0062769299801676455,0.00022275048798077948,0.1509008225390705
2,mlp,6028,4,4,7.873941584744668e-08,1.4027634396546505e-07,1.711645293072943e-05,3.054453154525357e-08,0.9999754054242954,8.809106720946426e-07,6.34765181044975e-06
2,mlp,9167,6,6,0.0018281098326616695,3.219745167961447e-05,0.0006891253400052945,0.002464265014335844,0.00122156305811611,0.003909218905647962,0.9898555203975535
2,mlp,4173,2,2,0.0034788355356946904,0.00011152317300276055,0.9948735671275734,8.33264227976389e-07,0.001148625899407968,0.00017227139547328028,0.00021434360462006173
2,mlp,10267,3,3,4.124061391273269e-08,3.761948813533524e-07,2.6274918948253102e-08,0.9994597966432479,1.7376095082187537e-05,1.8881620949935926e-06,0.0005204953891606492
2,mlp,1392,5,5,7.233115186566008e-06,3.731815526615002e-08,2.701054768734524e-07,0.00029623121131529387,6.262893626993933e-06,0.9996000669288303,8.989842740859881e-05
2,mlp,857,5,5,5.903833752265612e-05,5.130340371847864e-07,2.0219263381349515e-06,0.003618343912814724,4.4372405595829046e-05,0.9951031398349561,0.00117257054873545
2,mlp,8526,6,6,0.00025505912260068294,2.253886449048135e-05,8.177826907334531e-05,0.014273898604208425,0.011487418393840597,0.0003982381288094981,0.9734810686169768
2,mlp,7386,6,3,3.72849653949707e-05,2.426881779114752e-05,2.0432985631941e-05,0.8875881759610618,0.0005037077777809419,0.0014888210074938406,0.11033730848484538
2,mlp,12948,3,6,2.222752185904737e-05,5.617553003797203e-05,3.0444980314880754e-05,0.3346481433370728,0.23127709245768446,0.00021130111839974788,0.43375461505463114
2,mlp,9034,6,6,0.0013265052455284669,3.287649565087457e-05,0.0007782179223074694,0.0021439262603841834,0.0004575559424066592,0.0003844276880096604,0.9948764904457127
2,mlp,10194,3,3,1.3978244852563332e-08,7.064874064656428e-08,1.8692117202543776e-08,0.9998944210402851,2.7871776422417057e-06,2.2815239308107314e-05,7.987322366207793e-05
2,mlp,5225,2,2,4.678398139157852e-05,5.639889451513161e-05,0.9997598096851511,7.824490093250379e-10,0.00013672067506243445,2.626930305415713e-07,2.3288400130066493e-08
2,mlp,7803,6,6,0.00014736131592011677,7.514854874546379e-05,0.00012684516570073592,0.09629094061276959,0.07577645766588166,0.0004222773508195946,0.8271609693401627
2,mlp,9258,6,6,0.011031956897413974,5.004271775720373e-05,0.0013694516885838204,0.0017583001419525512,0.0018518680923659404,0.016698849491368843,0.9672395309705577
2,mlp,1318,5,5,8.022051495431237e-05,1.6173506864373136e-06,8.323363190247082e-06,0.004661999312911391,9.984974047498249e-05,0.9931204515116799,0.002027538206102528
2,mlp,7921,6,6,0.0012346444959933343,4.0481989284276766e-05,8.677172567096437e-05,0.059450080416093155,0.020085694237117882,0.000981067199064595,0.9181212599367757
2,mlp,11690,3,3,5.007027407811709e-06,7.3989721754071766e-06,3.926695298129065e-06,0.9884882664207493,0.0001966708622333436,0.0008721804046400779,0.010426549617495907
2,mlp,8382,6,6,0.0021749914348454004,8.200878253569177e-05,0.0016106251777504683,0.01129970007828317,0.248276788976912,0.0023577738395792057,0.734198111710094
2,mlp,5395,2,2,0.0006048613173949175,0.00016875366065196472,0.9991191742843271,8.966014841441149e-10,0.00010679046157100162,4.103719098999802e-07,9.007543842139043e-09
2,mlp,12049,3,3,3.938923923561029e-06,9.418413625454515e-06,4.4654731378217856e-06,0.9933080853782755,0.00033972604240844665,0.0007479770644397447,0.005586388704189491
2,mlp,10430,3,3,6.093518526983895e-08,5.282714884345087e-07,5.99513667834899e-08,0.9994075488311425,2.93087124330036e-05,5.6370682868129985e-06,0.0005568562300974343
2,mlp,3407,1,1,0.00011165594770743259,0.9998173788558171,7.092889981619196e-05,1.3486702561714819e-13,3.62943964661412e-08,2.1280829400544747e-12,1.797644174219822e-17
2,mlp,11388,3,3,2.1792867283000946e-06,5.845232432754436e-06,1.1588901420719752e-06,0.9909355355783444,0.00021169504891693837,0.00010493650790983793,0.008738649455525788
2,mlp,10759,3,3,1.0144446627460362e-07,7.347438357903584e-07,1.771285924044395e-07,0.9996960567307458,2.567713616946012e-05,7.40137872256089e-05,0.0002032390289643937
2,mlp,3336,0,0,0.9999943181714731,5.295969728707949e-06,4.710244738130641e-08,1.7793322404707226e-11,3.0604481663471335e-07,3.2693586861552325e-08,1.5430709265804156e-13
2,mlp,2924,0,0,0.9961409115837329,2.37291228132932e-05,0.0036316644484094456,6.757415841828104e-08,0.00015751020090222644,4.522650948474582e-05,8.905604990970391e-07
2,mlp,11910,3,3,6.369520754446691e-06,8.22935366822901e-06,5.013567501484165e-06,0.9714560148261637,0.0001942996147177739,0.0005231242248476991,0.027806948892346542
2,mlp,1983,5,6,0.034373656438695804,0.00011319365597828546,0.014255369703542993,0.0007706278459300552,0.0028430586538006324,0.017064981933780823,0.9305791117682713
2,mlp,7619,6,6,0.0005737348544871578,8.705010685657952e-05,0.00017828953370114343,0.4018067097486905,0.0021813546715023038,0.036182327511247885,0.5589905335735144
2,mlp,1815,5,5,4.078577602590163e-05,1.5293554417426742e-07,1.5742477403258e-06,0.00016791107002505628,1.3862852688810667e-05,0.9996063675555629,0.00016934556241271365
2,mlp,2499,0,0,0.9998537209684807,2.8276198192573653e-06,1.0197331164301532e-07,2.0588229245193813e-07,3.998647162270355e-06,0.00013911177722276103,3.31317111824062e-08
2,mlp,12762,3,3,5.602592863279155e-05,2.7384488252638367e-05,3.457341409627738e-05,0.8499175792111706,0.0008184260964181894,0.007762145542209645,0.14138386531921973
2,mlp,3163,0,0,0.9999894191083434,4.2741297885188347e-07,4.072053375330931e-06,3.4094145756754503e-10,4.4037482123567295e-06,1.6769419635428751e-06,3.9418497279652833e-10
2,mlp,12262,3,3,2.9414104968487437e-05,2.3408043855135256e-05,1.577952169994941e-05,0.936534162236778,0.0004218510086527552,0.0012381514793349004,0.06173723360471085
2,mlp,1243,5,5,0.00010958426256580306,6.173313768734265e-07,3.1250252765741854e-06,0.002123836212937443,4.948432261335201e-05,0.9960676701625536,0.0016456826826764255
2,mlp,1020,5,5,1.1492689291759475e-05,2.050353583197001e-07,1.1191812599478986e-06,0.0019683686001391158,2.4986267043444098e-05,0.9977322209580778,0.0002616072688296791
2,mlp,13023,3,3,9.415268214924359e-05,6.341708774519762e-05,8.050792576310824e-05,0.9044278553990072,0.0017714175744951758,0.018606654441622864,0.0749559948892173
2,mlp,9888,6,6,0.006699649827063563,1.9377950286102572e-05,0.00664251637214506,0.00021514058776359073,0.006935975349199187,0.0019135477466476988,0.9775737921668948
2,mlp,11538,3,3,1.8480795569844646e-06,3.469402789893382e-06,1.9642288941823655e-06,0.9957922880961569,8.030795016703238e-05,0.0006733206898400572,0.003446801552594902
2,mlp,4325,2,2,0.0018542544959558233,1.1914889625482124e-05,0.994792357210313,3.325887227399781e-07,0.0032334764791553164,5.572765170775909e-05,5.193668451987681e-05
2,mlp,7008,4,4,8.419233537334645e-06,2.3766403854723042e-05,0.08053101781171787,3.8861589056143535e-06,0.9096407843230582,5.211301394223539e-05,0.009740013054984011
2,mlp,8416,6,6,0.00042094993702753163,3.2230814633516434e-05,0.00022110821680479395,0.012077801624889412,0.0005729085768323331,0.0003666665325282596,0.986308334297284
2,mlp,13222,3,6,0.00050138146062348,0.00014495256581466303,0.0001930723697618664,0.3347370789641395,0.002275898534405575,0.004168601870546547,0.6579790142347084
2,mlp,1901,5,5,0.0003656116623144518,1.6707441877669371e-06,2.310684822692553e-05,0.0003423819861599262,7.083055481705562e-05,0.9982022128575962,0.0009941853466976793
2,mlp,3122,0,2,0.14812813992940893,0.00022695341066653098,0.8510744935371061,8.93405083719189e-08,0.0005084734237712097,5.884271735187742e-05,3.007641186902387e-06
2,mlp,2053,0,0,0.8512468086990529,0.00017631317647549713,0.0058400453430672745,0.0013563931186305357,0.012096386249504668,0.008856396400745948,0.12042765701252287
2,mlp,3150,0,0,0.5348437488513703,0.002518289799444702,0.4622663511097564,3.8877236709341235e-07,0.0002261201270338395,0.0001415104217139805,3.590918313629278e-06
2,mlp,7961,6,6,0.004477889266069588,0.00013285942019211863,0.0004658652167818457,0.07051718049042906,0.002334700898039582,0.12619343017314869,0.7958780745353391
2,mlp,4606,2,2,0.0011387469575578752,0.00012443114329255029,0.9980327847475824,5.4303597185582115e-08,0.0006832022467703886,1.2884661736580258e-05,7.895939462767648e-06
2,mlp,7636,6,6,0.0005475310003030751,6.598174208113969e-05,0.00011458951295298498,0.09657955925057443,0.0010350863129560738,0.0004146307147485139,0.9012426214663837
2,mlp,7506,6,3,6.0402735556356575e-05,7.865627327725118e-05,3.8755973728690084e-05,0.8645767759837449,0.0031080623551664114,0.0013473415083790825,0.13079000517014727
2,mlp,1760,5,5,0.1351456544148013,0.00021101231743600915,3.845350249490055e-06,0.01359252548697266,0.0021147983069000273,0.8449559263979317,0.0039762377257090194
2,mlp,6920,4,0,0.5838650818107464,0.0001220312035009023,0.14420526773354456,6.060242359369426e-05,0.24028701225563961,0.004102593940635618,0.027357410632339155
2,mlp,7663,6,6,0.0003864797583377821,0.00012862633922976278,0.00015779272172845814,0.3849594247733028,0.0019513683543809944,0.004425698151930479,0.6079906099010898
2,mlp,10202,3,3,1.1314583800648932e-08,2.0706306308060892e-07,1.8987322153713282e-08,0.9999510669892296,5.7341571806677095e-06,7.015686544948094e-06,3.594580207561286e-05
2,mlp,5978,4,4,1.271161010974705e-06,1.297665557108149e-07,3.4262241430456444e-06,5.797960157776622e-06,0.99976914333629,1.5775950953497053e-05,0.00020445560088912078
2,mlp,8326,6,6,0.0009130865955619929,0.00020631788735569578,0.0006858715578226896,0.23831174077640088,0.004881749904191578,0.024131685288327494,0.7308695479903397
2,mlp,12990,3,3,0.00010064024093677964,8.354930198274724e-05,6.380525548840924e-05,0.8569657115185021,0.001456561053017381,0.0024413803616259084,0.13888835226844648
2,mlp,11431,3,3,1.7461295132361866e-05,5.588122349654372e-06,1.2555851482025548e-06,0.9722328763741857,0.00023415496573088177,0.0001244137183256439,0.02738424993912764
2,mlp,3429,1,1,8.561025329666282e-06,0.9959396886641232,0.004051638834998453,3.299298435286783e-14,1.1147482278653317e-07,6.93153578322885e-13,1.6638389044143393e-17
2,mlp,9040,6,6,0.0006654829017968589,1.0171369125446288e-05,0.0001454456057000733,0.002410827890167957,0.01027172341690101,0.0007322898293115733,0.985764058986997
2,mlp,3616,1,1,1.2141860452855126e-07,0.9999962765194507,3.601772176458814e-06,2.2515856837087e-16,2.8976547656415e-10,2.5603848275939757e-15,2.3714767478768266e-21
2,mlp,4175,2,2,0.019507702132512295,0.0001346909079766565,0.9767398699356287,1.0454030728082339e-06,0.00294132248984744,0.00039068485329331944,0.00028468427766871127
2,mlp,499,5,5,1.2165137013012544e-06,7.204539828802814e-09,3.086847507107913e-08,0.00041077333583877787,2.3289689253300365e-06,0.9995588765189761,2.6766589543556118e-05
2,mlp,8635,6,6,0.03648780876159414,4.104316313768025e-05,0.0005663647358759132,0.011672520365331673,0.03032475336255026,0.005098544698026577,0.9158089649134838
2,mlp,12346,3,3,5.188016741149914e-06,1.4904556669433161e-05,6.346419254608249e-06,0.9880121198654691,0.000486545249610634,0.00043046773723724616,0.011044428155017641
2,mlp,3812,1,1,1.8843465951399793e-10,0.9999999921721615,7.637533827181385e-09,3.652736683658668e-20,1.869972739888124e-12,3.822303676844653e-20,7.718120868257834e-27
2,mlp,4087,2,2,0.07794465363140704,0.00012047205698343806,0.9204264573155373,2.151882586304742e-06,0.0010853763448404555,0.00024033032867997757,0.00018055843996564474
2,mlp,9629,6,6,0.0018963459348737776,1.0109209005967135e-05,0.000946284116328703,0.0003154649140363946,0.0018579038712565267,0.0007657114651201876,0.9942081804893783
2,mlp,11476,3,3,1.1545075069981928e-06,2.3891507274219207e-06,1.4163236266886651e-06,0.9972157966310476,6.851464117672067e-05,0.0004706991159876884,0.0022400296299270126
2,mlp,547,5,5,0.0016491133126842034,1.071257479702189e-05,1.3395364101087355e-05,0.0632373502776085,0.00031062572015498006,0.9078655692313873,0.026913233519267048
2,mlp,838,5,5,2.537672582570719e-05,6.062748579132371e-07,2.8109049834921207e-06,0.007968217522231228,6.195358913876561e-05,0.9907391698906527,0.0012018650923101136
2,mlp,7707,6,6,0.0002951746239544933,9.877799469702458e-05,5.6586380122732346e-05,0.3459379942574738,0.01854713222883794,0.0010818598288753064,0.6339824746860386
2,mlp,8088,6,6,0.0005864531032156183,9.010785377669352e-05,0.0002350997205262658,0.04362243170034563,0.004723465996064591,0.0005328300179293718,0.9502096116081419
2,mlp,7930,6,6,0.0001242337399129499,1.9917451868086273e-05,6.781839382505789e-05,0.025607023279977624,0.004025159111779173,0.00018678864728980022,0.9699690593753473
2,mlp,8132,6,6,0.00012194889164274574,1.4838248282031994e-05,7.351748087952864e-05,0.007029457463824477,0.0024401595942814603,9.483405751857057e-05,0.9902252442635711
2,mlp,2188,0,0,0.999182800109914,3.842994042545067e-06,0.00014191141285270218,2.4073917944363093e-06,0.00010469973482247871,0.0005245052347318355,3.9833121841963686e-05
2,mlp,5542,4,4,0.0005121051790742764,6.51951040225011e-07,1.271863096397198e-06,0.0017146004497324576,0.995553456058351,0.00030097948106392464,0.0019169350176417752
2,mlp,11943,3,3,4.745633443984071e-06,1.1441996148444873e-05,3.478155486611252e-06,0.9821887131051192,0.00032409450773150623,0.00013409211332313298,0.017333434488747187
2,mlp,11193,3,3,1.2370849825621575e-06,2.080030585698613e-06,8.173498286414775e-07,0.9903709081715447,5.748336423323588e-05,9.318629140818392e-05,0.009474287707416963
2,mlp,8084,6,6,0.0030064467586879756,0.000142411504958337,0.0007360703970777029,0.09478003912059978,0.0031808415932591838,0.43370334266481486,0.46445084796060215
2,mlp,6077,4,4,0.0229272183847715,2.287162143311427e-07,6.340079694755349e-07,5.022278838627501e-05,0.9761031522791167,0.0008748453906201859,4.3698432921452594e-05
2,mlp,798,5,5,5.202916136224339e-05,1.6778234807172926e-06,5.908651272316492e-06,0.020317549862655764,0.0001344536861302384,0.9765083947507377,0.002979986064361109
2,mlp,6139,4,4,4.513367214018689e-07,4.304174598283919e-07,3.452626950833054e-05,4.6623529961947005e-07,0.999905193335711,7.045525197408287e-06,5.188688010231103e-05
2,mlp,11548,3,3,2.647635064689855e-06,6.2644571389497036e-06,2.128436134209723e-06,0.9899415537628748,0.0001886658014235048,0.000167017274975183,0.009691722632388338
2,mlp,12228,3,3,5.269304026032753e-06,1.4445770951713639e-05,5.495325612419228e-06,0.9873368464026541,0.00042092047608981837,0.0003145934650030324,0.011902429255663103
2,mlp,9804,6,6,0.021257823641067312,6.572567022034901e-05,0.016327490733448437,0.0004903508898016771,0.0014356506834667226,0.004257184657646399,0.9561657737243492
2,mlp,385,5,5,1.6912187851464906e-05,1.5242710731839326e-07,4.3214688617310526e-07,0.004520459123869738,2.0868093248546957e-05,0.9949676807651193,0.0004734952559175189
2,mlp,2592,0,0,0.9997643985539292,1.4130139099150665e-05,4.2468521700505245e-05,4.814433268275388e-07,1.7883576272539736e-05,0.00016025566091476746,3.82104757125343e-07
2,mlp,13299,3,6,0.00014865116139790158,0.00014563339435951,8.682002942143438e-05,0.3727733838714394,0.029261374553808884,0.00048565098786516094,0.5970984860017077
2,mlp,2887,0,0,0.9987067387767772,0.0008487004743266799,0.00021446904008542674,1.3847065868935152e-06,4.223202703374299e-05,0.00018589780632617038,5.771688636045449e-07
2,mlp,2793,0,0,0.9999320635268406,3.7306939837988355e-06,3.1783660960131804e-05,3.529066244118786e-08,1.4136289762419696e-05,1.822090759350933e-05,2.9630197234612732e-08
2,mlp,12609,3,3,4.181479692464457e-05,2.6811441168922972e-05,2.780777441723277e-05,0.933681956448799,0.0006322910815920881,0.006888859874180791,0.05870045858291732
2,mlp,1566,5,5,0.010841130721150291,4.5751023337512135e-05,4.8760361898160494e-05,0.0195365225387579,0.000865326753041587,0.9295215451592282,0.039140963442586336
2,mlp,4552,2,2,0.018847029524586344,6.943097234825747e-05,0.980278557538776,1.4099999849066983e-07,0.0007367683309222003,6.520811852875715e-05,2.864514839995912e-06
2,mlp,224,5,5,2.1087192608342968e-06,2.3193660187177986e-08,8.896634908574979e-08,0.0017330068818040556,5.357627209868547e-06,0.9981978386321797,6.157597953608752e-05
2,mlp,8762,6,6,0.0002714426439598522,1.1408604055785756e-05,0.00030410443943531255,0.0016554243311867624,0.156060283029462,0.0005153925977743925,0.841181944354126
2,mlp,12665,3,3,8.363052104623628e-06,3.168306584592469e-05,5.007935252653948e-06,0.922742844314038,0.008224577694815372,0.00011159650081065372,0.06887592743713261
2,mlp,6908,4,4,8.664254838407063e-05,9.164167026343208e-07,0.0010526434564808393,2.1250816572487393e-06,0.9964172283078592,0.00012511574745274144,0.002315328441463174
2,mlp,1171,5,5,6.866994911665683e-06,5.2810446310067314e-08,3.506129606750658e-07,0.0004929532973665706,8.461939207547729e-06,0.999394676881793,9.663746331433096e-05
2,mlp,913,5,5,6.95290491232669e-07,2.195086437019905e-09,1.4276800161162918e-08,9.095667546664636e-05,8.949490459549347e-07,0.9998959754162524,1.1461196857104493e-05
2,mlp,2357,0,0,0.999651629222622,5.836227404994335e-06,0.0001115936573044883,7.391160357705614e-07,5.507083408423937e-05,0.00017199262765778815,3.1383148908103214e-06
2,mlp,10987,3,3,2.525879557417485e-07,1.5945079085989252e-06,2.4738315470557976e-07,0.9977605335251406,6.675231530656092e-05,1.625306424471571e-05,0.0021543666162890584
2,mlp,2987,0,0,0.9999834528925228,5.242857142029574e-06,4.985029267023469e-07,1.5316436223379558e-08,1.7157185070410121e-06,9.073736631386915e-06,9.758338966404518e-10
2,mlp,9939,6,6,0.025644597688262157,2.299911274273754e-05,0.007649319778253404,0.0001837917597386712,0.013747245059260187,0.016329239988249096,0.9364228066134938
2,mlp,7045,4,4,7.330624452261728e-05,3.1585320289445984e-07,0.0008223126257680217,4.6073266783608326e-07,0.9985108725601075,3.908492466644947e-05,0.0005536470590645954
2,mlp,5441,2,2,0.004417769880588176,0.0016884846756864654,0.9936822817383572,2.3051748207609302e-09,0.00021086998415696412,5.712332028288058e-07,2.0182833652891334e-08
2,mlp,1508,5,5,0.00019097056186007604,1.100812459097443e-05,7.966532763791833e-05,0.021020086945105078,0.000422958731177916,0.9640389806886821,0.014236329620945957
2,mlp,3906,2,2,0.03838955999721191,0.00040815170452004114,0.8347947823632982,8.91223399033277e-05,0.012602052855082885,0.003849043271588221,0.10986728746839564
2,mlp,6674,4,4,5.0955182232525974e-05,1.2944464388227713e-06,0.0003805735001251639,7.555200892611433e-06,0.9927253678116293,0.000181534603745019,0.006652719254936501
2,mlp,6210,4,4,1.8040435257421488e-05,3.5515521076060737e-07,5.9783193622257537e-05,6.801215271631206e-06,0.9960658859378579,5.4532141960237584e-05,0.0037946019208197697
2,mlp,9275,6,6,0.0010034873664685519,1.2565087846109062e-05,0.00026226341420859716,0.0012123091376282683,0.002925128292557101,0.001319118744265793,0.9932651279570256
2,mlp,9988,6,2,0.23569632884496067,0.0006021222495526704,0.5005126072533201,0.0003866991756022052,0.003132954211032748,0.1328600165766859,0.1268092716888458
2,mlp,8145,6,6,0.0002526721839808876,5.448510375688238e-05,0.00015261646718730577,0.03055751974390948,0.001532967694921566,0.00016942003052916702,0.9672803187757146
2,mlp,2279,0,0,0.9995871704460259,3.1143849278939986e-06,4.126503058852688e-05,2.6591471755291647e-07,0.0002908035046346165,7.477478769487005e-05,2.605931410470624e-06
2,mlp,12509,3,3,1.342999488140284e-05,2.578636778060344e-05,1.158840069615591e-05,0.9337425041609682,0.0011550743865223825,0.0005543654591439698,0.06449725123000712
2,mlp,13096,3,3,0.00011471456835162668,0.0001073765641853868,6.882992387292265e-05,0.8376705946260609,0.0031632760706593083,0.0026792423829833114,0.1561959658638867
2,mlp,6492,4,4,6.758189413320127e-05,5.085901451566245e-06,0.031920525785018465,3.262632893218068e-06,0.9495504843967429,0.00021146066211095635,0.018241598727649588
2,mlp,9817,6,6,0.00813960767288493,4.0760054813133954e-05,0.008209215867698759,0.000381212356332926,0.0010474674183512187,0.002696564652920852,0.9794851719769981
2,mlp,3098,0,0,0.9999872121977466,2.44801688561245e-07,2.3599406179717517e-06,4.662333985889441e-10,8.0286386602124e-06,2.1534318332987754e-06,5.232201588402884e-10
2,mlp,10217,3,3,1.2890210997947627e-09,8.945655031786379e-08,3.6398851025165113e-09,0.9999068517193047,3.3143124320822494e-05,8.96412456348632e-07,5.901435846151659e-05
2,mlp,1347,5,5,0.0002847143238120406,1.6882828801723163e-05,7.75237563301424e-05,0.04282584220702134,0.0006745775980070681,0.9335331144010649,0.022587344884962803
2,mlp,8003,6,6,0.0022112221885872995,0.00017267786401804256,0.0005584128223165075,0.1866840253257093,0.003662458238416194,0.20913780501458712,0.5975733985463656
2,mlp,1612,5,5,0.00021456136774854567,1.5174374540763147e-06,1.1088108504080555e-05,0.0011618967721916285,7.729616170818745e-05,0.996949225627557,0.0015844145248366222
2,mlp,11293,3,3,3.952268533376417e-07,2.981113223125601e-06,3.3522974826146875e-07,0.9956948269430566,0.0004886947534978967,1.9374468063403318e-05,0.0037933922655571536
2,mlp,11103,3,3,4.742985162400499e-07,1.7478692542737285e-06,6.43511605478334e-07,0.9987714569505903,4.325785205684035e-05,0.00018055287844864407,0.0010018666395282
2,mlp,6046,4,4,3.9429630249794775e-05,2.5049915926418922e-08,7.28389416711461e-06,9.40501113846992e-07,0.9997584031463446,3.132557304213923e-05,0.00016259220516673023
2,mlp,5178,2,2,0.0016500591790687433,0.0001856410861866421,0.9980462668278934,6.6136704279062065e-09,0.00011599286146704146,1.8868221596543593e-06,1.4660955427759174e-07
2,mlp,12011,3,3,1.4923291817117997e-05,1.361074813432125e-05,9.407811349137321e-06,0.9680003853200568,0.00033596409133997016,0.0018802526592263992,0.02974545607807636
2,mlp,8871,6,6,0.0008076811754138358,1.4810323263133813e-05,0.00014199157200089094,0.0029172634102665337,0.0029853857294660576,0.0014581822363473065,0.9916746855532423
2,mlp,13457,3,6,0.0002449867742262384,8.46819104591219e-05,0.00014475239819563963,0.18958629169826358,0.0024765055844682814,0.0022937546005786934,0.8051690270338085
2,mlp,3219,0,0,0.9998954132092835,9.329933202417591e-05,2.64663759342522e-06,2.9473308302393408e-09,7.4615028787950405e-06,1.1762646183215263e-06,1.0627112238408872e-10
2,mlp,1937,5,5,0.00019803979616298364,2.8849209683546517e-07,1.232254455408795e-06,7.639831878790415e-05,1.4208901810183419e-05,0.999618990132877,9.084210380962986e-05
2,mlp,5707,4,4,7.584946200563552e-09,1.164281542909807e-07,3.2549114658314117e-07,4.948271949707758e-06,0.9999882521222796,2.6991106730355434e-06,3.65099085052384e-06
2,mlp,6504,4,4,3.545396637570982e-07,6.491733547563724e-08,5.299962776115501e-06,2.485016722039338e-07,0.9999632689367997,4.084211850460501e-06,2.6678929902404716e-05
2,mlp,10268,3,3,3.8542175310804845e-08,1.0369397392377655e-07,5.3737624874670686e-08,0.9996786858404847,4.5678195531779496e-06,0.00014930864255567613,0.0001672417236323427
2,mlp,7913,6,6,0.002897424305286523,0.00013089051540051493,0.0004472053921636593,0.13531973793966312,0.0030216392882237465,0.2606458140130982,0.5975372885461642
2,mlp,3598,1,1,1.4836822963092725e-06,0.9999962556197682,2.2597253596222773e-06,5.057595194219834e-16,9.725666731397377e-10,8.736563031337092e-15,4.365480571357623e-21
2,mlp,3520,1,1,1.1936521737301235e-06,0.9999927382279202,6.067098487058382e-06,2.953573498560154e-15,1.0213548301977272e-09,6.137412019082897e-14,5.250359645411084e-20
2,mlp,8154,6,6,0.00040622899474971583,4.2225808075395677e-05,0.00021573621841192907,0.02357371594681504,0.0012166182998338824,0.0005496098598724004,0.9739958648722415
2,mlp,3229,0,0,0.994028836877668,0.0003426417913103141,0.005483989121021811,1.873712494113939e-08,0.0001356540093619223,8.842115741819946e-06,1.734777144860499e-08
2,mlp,11069,3,3,1.2713886695343091e-06,9.032133940318697e-07,8.792227233660135e-07,0.9934514292069776,4.7249325377925044e-05,0.004941572064696163,0.0015566955781614901
2,mlp,11424,3,3,8.071090379311873e-07,2.582425207851554e-06,1.1059974659240948e-06,0.9985057451697174,6.263425633973646e-05,0.000363061278343832,0.0010640637638874412
2,mlp,13385,3,6,0.00022584957160408774,2.5952178569038847e-05,8.126199558998179e-05,0.024054184388513238,0.0007111603990685422,0.0002637258519156227,0.9746378656147395
2,mlp,10629,3,3,2.83607683773808e-08,4.815363626732395e-07,5.2903690366958564e-08,0.9998864282734543,2.444111288422445e-05,1.6226612093356452e-05,7.23412007465688e-05
2,mlp,10938,3,3,2.4107669136341255e-07,1.4654188000591932e-06,2.2116799315370364e-07,0.9984798740640812,4.295983547432105e-05,1.655618713502141e-05,0.001458682249824735
2,mlp,10353,3,3,1.1535144659533777e-08,2.6098583084031695e-07,2.2522487323223823e-08,0.9999263188283359,1.2351703270049125e-05,5.209377786305443e-06,5.582504714486689e-05
2,mlp,10591,3,3,1.1182025614813782e-07,4.288621606774059e-07,1.0722972705103073e-07,0.9992106460623762,1.377534488184922e-05,2.507370993000864e-05,0.0007498569706679468
2,mlp,4664,2,2,0.00026199954405472646,2.154482123794434e-05,0.9969183610294257,1.8209932329044117e-08,0.002788798483539214,7.1456846912385665e-06,2.132227118813152e-06
2,mlp,9947,6,6,0.03409505958336795,8.558812329769684e-05,0.03313915683784104,0.00040115753927593995,0.02531296141583762,0.01366327326422639,0.8933028032361534
2,mlp,9837,6,6,0.0025947078429143294,9.734077942909551e-06,0.0031489629458256838,0.00020222779684250512,0.006858165240643635,0.000987014951002615,0.9861991871448283
2,mlp,1342,5,5,0.010098613221698846,0.00012278378774379934,0.00023140276292022736,0.07783060235282353,0.0016911912241271618,0.6002777246052794,0.309747682045407
2,mlp,9602,6,6,0.020727644868331778,6.290260479162276e-05,0.00518905273762622,0.0016901184355440008,0.0036772120973699246,0.18622661778379576,0.7824264514725408
2,mlp,9766,6,6,0.004834386152213855,3.700917026972325e-05,0.005649168836147947,0.0004310920254205364,0.0009132877061447112,0.003401840997136521,0.9847332151126666
2,mlp,6171,4,4,6.98310332192208e-06,7.354629651932289e-07,0.0006014096568649622,7.452240098174817e-07,0.9982565291043258,3.213072152995656e-05,0.001101466726982131
2,mlp,4814,2,2,0.00012084232130635458,5.48974830515101e-05,0.9997565419287388,6.096028987884219e-09,6.570982803105842e-05,1.7244989943699102e-06,2.778438491068233e-07
2,mlp,1965,5,5,0.002007796777040321,4.141716441297844e-06,4.058333081364926e-05,0.00024089441152046496,8.472471950983872e-05,0.9968246164710417,0.0007972425736327806
2,mlp,12490,3,3,2.434161969429397e-05,2.1755129636187806e-05,2.0434054199504386e-05,0.9694735762284783,0.0006137585732930776,0.00516478925152145,0.024681345143177123
2,mlp,1587,5,5,0.0008638314332786936,6.5181042781470415e-06,2.6854031042836257e-05,0.005159721312098329,0.00026902071415985503,0.9824246690544671,0.011249385350675139
2,mlp,4445,2,2,9.352484039770042e-06,4.36863721020547e-05,0.9982267033443928,1.1276634047750293e-08,0.0017128233071966152,2.041552571980615e-06,5.381663062688732e-06
2,mlp,10447,3,3,4.465491288354936e-08,3.3797861312745586e-07,6.23712339665884e-08,0.9998305719655379,8.639448916509366e-06,2.3795299222206215e-05,0.00013654828156339465
2,mlp,7683,6,3,0.0001267593722021588,0.00013010576138737938,8.434144268420543e-05,0.5652086846193156,0.004392117798064037,0.0007512348627444358,0.4293067561436022
2,mlp,11900,3,3,3.6013631826449525e-06,6.441760062155835e-06,2.5867610287141454e-06,0.9750786108674149,0.00019066904606409964,0.0001166180503304519,0.024601472151916794
2,mlp,8868,6,6,0.0015004398312113666,6.540984897667243e-05,0.0007502179059776315,0.009356639274656034,0.001268212677941539,0.006798979680723138,0.9802601007805135
2,mlp,12995,3,5,0.0007317902096421507,4.383981959623413e-05,0.00010221458761135635,0.30455612258462555,0.0016394796085697067,0.5678473405527155,0.1250792126372395
2,mlp,3866,1,1,4.2731164290829385e-11,0.9999999965768107,3.3782917952685985e-09,2.0908692904427523e-22,2.1663487044526615e-12,7.466803157183383e-22,1.771748443365794e-29
2,mlp,11639,3,3,1.1656835559197487e-06,3.937639725091295e-06,1.5675402295101825e-06,0.9970910086306132,9.716651888710209e-05,0.00023258611039032968,0.0025725678765990442
2,mlp,8989,6,6,0.0024448031323539973,3.26066344643914e-05,0.0032575781395572153,0.003377839481739125,0.1415959688413525,0.002629828324611421,0.8466613754459213
2,mlp,13433,3,6,0.0021175068375363193,0.00013795792840823437,0.0004010793754186937,0.09166094218802379,0.0025462420791367082,0.0311653734211943,0.871970898170282
2,mlp,8648,6,6,0.0013229915118970774,4.987994021754232e-05,0.00028203462046216143,0.018198728928522936,0.006633234822523959,0.01401912317491114,0.9594940070014651
2,mlp,7134,4,4,8.402887087684126e-06,2.25503556641829e-06,0.00331640681015557,1.1812766418178342e-07,0.9965908823204799,1.861142535694976e-05,6.33233936893036e-05
2,mlp,11473,3,3,1.0976282401891431e-06,1.331438807112016e-06,1.0306833421713233e-06,0.9959623617867439,6.758841879956506e-05,0.0015304678880007716,0.0024361221560661827
2,mlp,10887,3,3,1.8050646756101146e-07,1.1436238047119343e-06,1.7051870744263032e-07,0.9977646957321991,5.112522026224555e-05,1.084448075077371e-05,0.002171839917808133
2,mlp,10393,3,3,1.7849768897267126e-08,2.938941324576525e-07,2.3462977601603218e-08,0.9997093412964942,2.7578244927467237e-05,2.4446800972940744e-06,0.00026030057160216527
2,mlp,3999,2,0,0.8010770838392003,5.5540358308614895e-05,0.16994168955382385,5.010429696235093e-06,0.025179400818333288,0.0016120466538358277,0.0021292283468017942
2,mlp,10936,3,3,1.39887236159125e-07,1.6584423138658074e-06,1.058115208594472e-07,0.9973944006505178,0.00034831645501282184,9.927238983372124e-06,0.0022454515144150174
2,mlp,3044,0,0,0.999946513146985,3.6718148122647424e-05,1.5605569297247191e-06,3.8610352128347924e-08,3.142013651264877e-06,1.2023888898731038e-05,3.6350603307267783e-09
2,mlp,10458,3,3,7.20711810293955e-08,6.795121931954006e-07,4.500106613653486e-08,0.9994394156685485,1.7289709850651082e-05,4.939410530809093e-06,0.0005375586266295126
2,mlp,10433,3,3,5.708024682635337e-08,2.027805779096229e-07,1.1126869606410472e-07,0.9995112771896962,1.0108254731272571e-05,0.0003455220337567325,0.00013272139229524406
2,mlp,1407,5,5,2.0925066307781972e-05,1.7534956975779762e-07,1.1276901418204822e-06,0.0007600765620561017,2.0524937635872375e-05,0.9989419608403737,0.0002552095539148706
2,mlp,12143,3,3,3.0397527998654832e-05,8.892599407605274e-06,1.388367771804085e-05,0.9316853051698919,0.0004010017030895312,0.03361016850190928,0.0342503508199848
2,mlp,11835,3,3,6.495590113238887e-06,6.726618031105528e-06,3.7407419318779443e-06,0.9709924579257858,0.0001445892462608754,0.0003414841825117186,0.02850450569536535
2,mlp,10836,3,3,3.327716044939154e-07,1.4436350455257718e-06,3.061346531881566e-07,0.9989279324750886,2.8307382869597566e-05,5.6106798628262874e-05,0.000985570802110223
2,mlp,7557,6,6,0.00021638787741700693,0.00011798081679500798,5.596655181434938e-05,0.47314929425381747,0.007974197725552603,0.0008848255494396533,0.5176013472251639
2,mlp,1920,5,5,0.0008136000952557171,3.7326654996157618e-06,0.00011478466383625144,0.0003338605132346235,8.749408013081817e-05,0.9967312697367889,0.0019152582452539129
2,mlp,9666,6,6,0.006139728774333806,6.446069769978217e-05,0.005582343918802635,0.0017516513225917748,0.0034897015077600575,0.04675235014962288,0.936219763629189
2,mlp,12798,3,3,0.00013201935757411413,7.83245761325499e-05,5.7603014238306786e-05,0.7654321307311834,0.0011028365984085626,0.001615513377021121,0.23158157234544188
2,mlp,302,5,5,1.8699475115772194e-07,9.781796351228532e-10,4.658398606501536e-09,0.00014738249002043698,5.316621041365818e-07,0.9998472005963279,4.692620218031074e-06
2,mlp,7011,4,4,0.0027431438732674093,2.4539436468014875e-05,0.43805392282052613,3.970162163915789e-06,0.5552130228439485,0.0006255305332774616,0.0033358703303485717
2,mlp,8824,6,6,0.0023222528423802414,2.401480805447201e-05,0.0005866900545900033,0.017627832898202564,0.006609310225731478,0.003932030747373428,0.9688978684236679
2,mlp,4802,2,2,0.004209732983383446,0.00014375102616634536,0.9946617384986844,7.982815017946911e-08,0.0009254544744164877,4.691293458180845e-05,1.2330254617236424e-05
2,mlp,11733,3,3,1.5987920635553361e-06,6.191526121272355e-06,1.9089270747771246e-06,0.9907052610403682,0.00022470590968899732,0.00014712764322252599,0.008913206161460827
2,mlp,10150,3,3,1.3939455383639424e-08,1.6845097661008085e-07,7.022414589054952e-09,0.999424755956544,0.0005093976084781597,4.488372394639961e-06,6.116864973657172e-05
2,mlp,7442,6,3,0.00017190793622611972,5.131335816328949e-05,6.722376645296941e-05,0.7749837069901623,0.0012417716320710377,0.015168109389457911,0.20831596692746632
2,mlp,11466,3,3,1.9698094055855372e-06,3.97591736794684e-06,1.2034785107351515e-06,0.9847715099520901,0.00010180839210467976,6.563968627976086e-05,0.01505389276424147
2,mlp,8512,6,6,0.0005359513682023922,5.58865722605925e-05,0.00019756035756886623,0.027656617775304128,0.0013461228125492696,0.0028244562688002684,0.9673834048453144
2,mlp,9845,6,6,0.012166864246844407,4.42295381774472e-05,0.008566798723478963,0.0004265572889273925,0.0020176667981382655,0.012006495319392714,0.9647713880850408
2,mlp,7843,6,6,0.0003697715753088676,0.0001294251522937435,0.0002028491031360864,0.23863203229420235,0.002801048992319927,0.0020813207096256675,0.7557835521731134
2,mlp,5868,4,4,0.00011461863243964512,5.2098210092976134e-06,0.00033644298113011937,0.00011869967675642288,0.9484186713736643,0.00034687613182583186,0.05065948138317451
2,mlp,9677,6,6,0.0011640228441182452,1.0919158417455037e-05,0.0005818918933483627,0.00047053941904485466,0.00567241153648597,0.0012747479760909482,0.9908254671724942
2,mlp,12552,3,3,2.2765171835926618e-05,1.8796174622798925e-05,1.6965486038400974e-05,0.9296438117270359,0.0005027895090919582,0.0014891131025216943,0.06830575882885317
2,mlp,10115,3,3,7.100823319378413e-09,1.0520461270639846e-07,9.541202238550146e-09,0.9999576917755416,3.3545654952116074e-06,3.421855923292266e-06,3.540995640146117e-05
2,mlp,12500,3,3,2.916921584973526e-05,4.0102112975214114e-05,2.0537354972235627e-05,0.9236163053312867,0.0009783243092771885,0.0007819399934209774,0.07453362168221786
2,mlp,2490,0,0,0.9995860289606675,3.027746206283295e-05,6.599083713883003e-05,1.4636211259306945e-06,3.308839846683614e-05,0.0002821509903375954,9.99730200352254e-07
2,mlp,7814,6,5,0.001064008828255943,1.8637750490080673e-05,5.7280663527699e-05,0.03030276647581077,0.0005756951706336872,0.9249401984254103,0.04304141268587169
2,mlp,1077,5,5,5.690897242472135e-06,8.39298370399009e-09,2.5802435984324472e-08,0.00010802863219580176,1.9716758476345287e-06,0.9998387528910638,4.5521708230414954e-05
2,mlp,4596,2,2,0.01054615943909042,0.00013300937150665694,0.986408285031545,1.269322146319231e-07,0.0028000784632547806,8.463291515878103e-05,2.7707847229872813e-05
2,mlp,7603,6,6,0.0002732565223892298,6.267349691336335e-05,0.0001008610372777225,0.317783684343124,0.001313883658000973,0.00424873549977561,0.6762169054425191
2,mlp,8969,6,6,0.0007908122383645173,3.22487857347268e-05,0.0007084281288085346,0.007705638720640398,0.003362098864100375,0.0009650933634840052,0.9864356798988674
2,mlp,2315,0,0,0.7040280948439321,0.0025007164924342163,0.2654181828974807,0.00020518741187969887,0.0019041431784444602,0.016993743213234633,0.008949931962594249
2,mlp,164,5,5,9.708716018252357e-07,1.862613049537328e-08,7.360318578963953e-08,0.00299217327146083,5.823071241511665e-06,0.9969615559696716,3.938458670787058e-05
2,mlp,4878,2,2,6.727789207535838e-05,5.179605279892662e-05,0.9995832018369951,6.31277469289788e-09,0.0002950675774330707,1.9207707652570855e-06,7.295571575857249e-07
2,mlp,10380,3,3,3.348528511755661e-08,4.617843051941225e-07,2.2997769756811313e-08,0.9996017313236747,6.144320659537659e-05,3.157142793479054e-06,0.0003331500595761509
2,mlp,3659,1,1,9.942642070318707e-08,0.9999908892439396,9.010760321146038e-06,5.024075054767674e-17,5.693182389736723e-10,2.8204330112916726e-16,6.933132623294112e-22
2,mlp,1533,5,5,1.2048182519944263e-05,6.477770361605569e-09,1.005630214024199e-08,3.0911366809215295e-05,1.2918636261615995e-06,0.9999293683331704,2.6363719801681002e-05
2,mlp,12742,3,3,0.00016170081989044988,9.934191650196237e-05,4.224263578347301e-05,0.6932674864602353,0.0018167106646707224,0.0004959742623899244,0.30411654324052806
2,mlp,6482,4,4,7.4480260645951755e-06,7.404754382389839e-07,5.80129225408209e-05,3.863435113025857e-06,0.9993380728063114,4.668513491574008e-05,0.0005451771996163779
2,mlp,778,5,5,1.891645184861382e-05,2.8497513772295833e-07,1.2656645070621666e-06,0.0036830960189792998,3.133561305236445e-05,0.9957679558840389,0.0004971453924360538
2,mlp,717,5,5,6.367985066600288e-08,5.107690749640641e-11,2.6127195255481533e-10,9.262630178928895e-06,5.5256813414351736e-08,0.999989753427192,8.646936160241851e-07
2,mlp,10898,3,3,9.281267743761595e-08,9.552437005459238e-07,1.1696385540844065e-07,0.9991714954343718,6.647955079943881e-05,1.0721884156075996e-05,0.0007501381104392128
2,mlp,715,5,5,1.3440549944544914e-06,7.271204415091779e-09,3.377166202642918e-08,0.0002672074986552361,2.160708936914158e-06,0.9997058760424845,2.337065206240336e-05
2,mlp,3434,1,1,5.3795576340298365e-05,0.988658385585822,0.011286987168822349,9.45607550494959e-14,8.316651837538024e-07,3.736823080016572e-12,1.846948085954828e-16
2,mlp,2125,0,0,0.9845976354527425,4.0998945529579196e-05,0.00655646115980707,5.7906706759814936e-05,0.0006268007250207322,0.005048029205895567,0.0030721678042448706
2,mlp,2306,0,0,0.8558129059079048,9.978683706568742e-05,0.1374853188529445,2.133053945056197e-05,0.0036675408486770106,0.001904856742661124,0.0010082602712964256
2,mlp,2405,0,0,0.9973808371365365,3.831518354013408e-05,0.0011748319768725458,3.0046678255310484e-06,5.294962121774326e-05,0.001336774243779449,1.3287170228112237e-05
2,mlp,7703,6,3,0.00022653489260891907,0.00014306451718299295,0.00015978120827006746,0.6967935931489224,0.003342386266824194,0.007884846488106266,0.2914497934780852
2,mlp,8819,6,6,0.0027040603517690326,0.0001366251911507585,0.001808372573164887,0.04870403413803437,0.003430753929083479,0.22475317715406296,0.7184629766627346
2,mlp,599,5,5,1.347991408769111e-05,8.139126325481739e-07,3.1816971900723994e-06,0.02418798123220121,9.048362053095632e-05,0.9744778875518464,0.001226172071511086
2,mlp,10818,3,3,2.554457491156311e-07,7.677574197955345e-07,3.8737366439814425e-07,0.9990780272983155,2.2195774236364663e-05,0.000359507101239713,0.0005388592493751973
2,mlp,11635,3,3,1.8723239001101405e-06,3.648997038172091e-06,1.7899724974527587e-06,0.9921897913223762,9.315694978500757e-05,0.00025193997057859673,0.007457800463824324
2,mlp,6378,4,4,4.797582737503039e-07,5.83336401959897e-08,3.7996807257718783e-06,8.496619229597114e-07,0.9998439085515436,1.1141404510810736e-05,0.0001397626093830874
2,mlp,10457,3,3,2.0659279947728455e-08,3.9430645814787406e-07,1.8929352144178378e-08,0.9996045192177329,8.433132460747447e-05,3.3837866351139492e-06,0.0003073317759345271
2,mlp,8423,6,6,0.00070686029057415,4.7296039595393434e-05,0.000255419126427803,0.010750633300605971,0.0006967019184779932,0.0003388702571285377,0.9872042190671902
2,mlp,6929,4,4,5.7471740342713346e-06,4.2870611642746807e-07,0.001507523537723242,7.182892533642596e-08,0.9983791621155631,9.759148616075983e-06,9.730748902165341e-05
2,mlp,8566,6,6,0.015903684419455787,0.0002266602749352797,0.0019419816960858452,0.025945695359836988,0.04911367260655114,0.00478566049064483,0.9020826451524901
2,mlp,10906,3,3,1.8139648107676097e-07,7.858832587052114e-07,2.0778407338353078e-07,0.998177085064375,3.87893586063389e-05,2.5809137200423003e-05,0.0017571413760053799
2,mlp,3791,1,1,5.184740000504399e-09,0.9999994129909544,5.817896522001848e-07,6.057344495442722e-19,3.465337954127651e-11,2.532251876317941e-18,1.0008072437252495e-24
2,mlp,1164,5,5,0.00041236051025467143,3.2334645912000425e-05,0.00012038450897093082,0.10383695879022387,0.001120588079410533,0.8469299540040628,0.04754741946116515
2,mlp,3479,1,1,1.4122839192188648e-05,0.9996960086767809,0.00028984478475866553,1.671831106796261e-14,2.369896996257864e-08,2.8177626382855157e-13,2.9658847575262525e-18
2,mlp,4198,2,2,0.22521272195050498,0.00014137452982930596,0.770783814910877,1.2650502021691713e-06,0.0032382171957110796,0.00043781217500183517,0.00018479418787372404
2,mlp,3936,2,4,0.0004647726592216195,6.894908841562925e-06,0.11480139313845227,1.5207011249976584e-06,0.8827600076048827,0.00025901628031790164,0.0017063947071588833
2,mlp,4165,2,2,0.003277815686168571,3.483874789682935e-05,0.9911355371127786,3.157207055374604e-07,0.005424675656811152,8.838944039007832e-05,3.842763524937898e-05
2,mlp,5322,2,2,0.08142922433396727,0.00414559482742463,0.9142242881703377,3.520193749782614e-08,0.0001930882566177894,7.638470862464205e-06,1.3073885237981207e-07
2,mlp,2412,0,0,0.999487066130264,1.8722521196137235e-05,9.971955089461367e-05,1.1911450084113706e-06,4.9066468361024525e-05,0.0003412969909900372,2.9371932858878207e-06
2,mlp,9955,6,6,0.15434419255486517,8.092338068493167e-05,0.04428020936313017,0.00030960289965697925,0.004889668609597031,0.0219204773144841,0.7741749258775815
2,mlp,519,5,5,1.1174615775491494e-06,4.130304420883209e-09,1.8287488439519663e-08,0.00022235039180274163,1.3483384330814124e-06,0.9997533427006886,2.1818689705272173e-05
2,mlp,8591,6,6,0.0010621691875390708,7.539376743482279e-05,0.00033248179539942826,0.041913205346273796,0.013706719548084095,0.02033024419716885,0.9225797861580999
2,mlp,3365,1,1,0.0011989852350842648,0.9983837796563094,0.000417103001070045,5.522241214179347e-12,1.3143075407164754e-07,6.71258223251401e-10,1.836191517364111e-15
2,mlp,8832,6,6,0.004068261078416426,9.00287527117927e-05,0.0009631360310299195,0.013222764357478533,0.0031015499053048483,0.0452415227824658,0.9333127370925928
2,mlp,5161,2,2,1.5253340500601916e-05,1.978904614906148e-05,0.9989161161612509,1.087914271127577e-09,0.0010478712646290386,8.026107901110365e-07,1.664887658634857e-07
2,mlp,9024,6,6,0.0035366613137908127,8.198653785355921e-05,0.0015915147683900276,0.008385512370480817,0.0019275393391391612,0.043198077610597345,0.9412787080597482
2,mlp,13328,3,6,8.358000463722779e-05,4.643514850246317e-05,3.385657257659905e-05,0.17393975221544256,0.04714968806670067,0.00028512227543586147,0.7784615657167046
2,mlp,10021,3,3,8.406130104120543e-10,1.3717450996723431e-08,2.0865731353014285e-09,0.999988764910776,7.912835002659686e-07,5.976333692256502e-06,4.450827394336886e-06
2,mlp,3547,1,1,1.7719076082394623e-07,0.9960941923922081,0.0039055205984539006,4.711343293283838e-16,1.0981854897029705e-07,2.7571616860148118e-14,4.8643690261609565e-20
2,mlp,12447,3,3,5.071235598290814e-06,1.891948086393572e-05,2.7340704454751017e-06,0.9601714070143054,0.003985705682796867,9.66921538117807e-05,0.03571947036217838
2,mlp,1532,5,5,0.000123310885020036,1.0144200130214889e-06,5.815732738716848e-06,0.0015236149083065382,6.306977410605868e-05,0.9971086229592652,0.0011745513205504614
2,mlp,9697,6,6,0.0009124185245655302,1.1318631797936328e-05,0.0006895350817104839,0.0005247950176357357,0.016193413112842593,0.001077315135104443,0.9805912044963433
2,mlp,8865,6,6,0.002741039709233597,9.9017963823758e-05,0.0013037359390952125,0.01940010241081498,0.0025049824881863366,0.07467916427208689,0.8992719572167592
2,mlp,5018,2,2,0.000516269683185584,5.881737760162668e-05,0.9972125535231626,6.401667235396003e-09,0.00220877989807395,3.0570244640555005e-06,5.160918450033638e-07
2,mlp,7625,6,6,0.00036712580191150816,7.248172935555762e-05,9.406093771890236e-05,0.1285177334018715,0.00385230780733262,0.0003266089643616118,0.8667696813574484
2,mlp,6336,4,4,2.340997294263947e-05,1.0305983650731741e-06,0.0005585141252467062,2.462838951574545e-06,0.9966346658259846,5.8318742501818194e-05,0.0027215978960077494
2,mlp,13093,3,3,0.0002970727026156295,0.00010287104494858354,0.00013977808015876083,0.7876544755331325,0.002485557584443176,0.027004148655583468,0.182316096399118
2,mlp,12984,3,6,0.000300428994318626,5.546901232841186e-05,8.298214846660941e-05,0.42403688111999555,0.0014734073754994444,0.009751210408925935,0.5642996209404653
2,mlp,5737,4,4,9.10541336569106e-08,1.7461200928567537e-07,8.130674176167933e-07,1.2133750040059089e-05,0.99994032561108,7.984350548763743e-06,3.847755477068557e-05
2,mlp,1395,5,5,1.2297130506341876e-05,2.994344937435381e-08,1.453127740868572e-07,0.00017477537850437385,5.253244933158381e-06,0.9997115412997591,9.595769007340315e-05
2,mlp,7809,6,6,0.0008797905914216309,0.00016798860426631406,0.0003603877219892717,0.24314606356595247,0.002899146632693609,0.011594263507366578,0.7409523593763101
2,mlp,7318,4,2,0.00027147143137269783,6.37690787058439e-05,0.9011803009758741,3.715883152673189e-07,0.09815830027379922,0.00010038614561767578,0.00022540050631510812
2,mlp,12563,3,3,2.413953483795606e-05,2.2336409966481347e-05,2.2540152677480174e-05,0.9749514991699022,0.0006529001001501953,0.008998657620830498,0.015327927011635014
2,mlp,6706,4,4,3.0200697905244228e-05,4.645332612948447e-06,0.03873498983455423,5.090743613481261e-06,0.9444043586290457,0.00017549448607801993,0.016645220276190177
2,mlp,488,5,5,6.023267864148615e-05,8.819305371117134e-06,2.5932175822833928e-05,0.31254042905434715,0.0006255953087269855,0.6720202111395002,0.01471878033759028
2,mlp,11897,3,3,7.172684419411632e-06,1.2308674579655432e-05,4.516259064226978e-06,0.9884404957295194,0.0002397947956449573,0.0004226006626628557,0.010873111194109624
2,mlp,7589,6,6,8.341979887324533e-05,6.670913895804787e-05,2.721214706383782e-05,0.43800441260654416,0.028693783201125495,0.0003472713758307668,0.5327771917316044
2,mlp,6089,4,4,1.922185766382639e-07,3.9543774449890846e-07,2.4054669423384672e-05,1.7351541884030564e-07,0.9999572851764743,2.6873733000891244e-06,1.5211609062214614e-05
2,mlp,13448,3,6,0.0003048261809606502,0.00013292314951833656,0.00016834431870297703,0.24504083871233065,0.002786013440404334,0.0016005871295904602,0.7499664670684927
2,mlp,9499,6,6,0.009004949694372476,3.056871664344535e-05,0.0015520868843426799,0.0007725333813328267,0.0016385111843425528,0.008277815480760306,0.9787235346582057
2,mlp,5496,2,2,0.022475591369078587,0.009761380226650984,0.9676020992228426,4.5153992725734746e-10,0.00016065707125956368,2.7079508007906397e-07,8.635483365401234e-10
2,mlp,9944,6,4,0.0018852843756068177,1.883961669289428e-05,0.002916741351806335,0.0002545361979691207,0.6952848510280685,0.0035532259455761522,0.2960865214842802
2,mlp,7668,6,3,8.629416817068949e-05,0.00011342184767052299,4.8821654495507946e-05,0.5353408067661197,0.014351992765269115,0.0005152892772004436,0.44954337352107393
2,mlp,6374,4,4,7.471515005980987e-06,3.871103796929866e-06,0.00033094862519827094,2.228404739950564e-06,0.9992928701212944,3.9026352242143895e-05,0.0003235838777224446
2,mlp,10389,3,3,2.7042918759476807e-06,9.569333550146194e-07,1.6881143678336205e-07,0.9980477255722163,0.00019423991530293338,0.000146714289133246,0.0016074901866797316
2,mlp,513,5,5,3.313918984844468e-06,5.770573440514331e-08,2.9738125456840435e-07,0.002056311513049326,1.0769671994767255e-05,0.997829790221745,9.94595872371083e-05
2,mlp,9052,6,6,0.011752976663132247,0.00011166803226249286,0.002054417947244437,0.008244472128061972,0.0022470029571343727,0.3075154790052964,0.6680739832668681
2,mlp,6970,4,4,3.970379396979357e-05,2.9615496550319757e-06,0.0013908499185420965,6.137384458754252e-07,0.9983529629743202,3.231772612597884e-05,0.00018059029894075125
2,mlp,3046,0,0,0.9999716493540491,1.3654703437244095e-06,1.4139191759900925e-05,2.2214286288053963e-09,8.20493519951276e-06,4.6362911951091795e-06,2.5360238947437764e-09
2,mlp,8022,6,6,0.0001853880733696022,9.967596457208794e-05,0.00010401539687375304,0.1971890731696879,0.009865601670765355,0.0007188835188276895,0.7918373622059037
2,mlp,6652,4,4,3.2352770991813898e-06,1.22118716955501e-07,2.2873778277738062e-05,7.190750968279241e-07,0.9997085213767836,1.7770109710956754e-05,0.00024675826431472817
2,mlp,11113,3,3,3.539300935799973e-07,9.090120867906476e-07,5.200725188382125e-07,0.9981508621637057,3.563440805624373e-05,0.00043302572948022327,0.0013786946840584845
2,mlp,7773,6,6,0.0007764554615181478,4.861639694066733e-05,0.00010156015572147078,0.07117421416267235,0.001540259998602625,0.0009603290397437639,0.925398564784801
2,mlp,1680,5,5,0.0003166285094008137,9.138981009430907e-06,8.878514815467024e-05,0.0067610592266484195,0.00030702310711187017,0.9785976262174604,0.013919738810214374
2,mlp,12326,3,3,7.968942386194393e-06,1.3904964176678884e-05,8.178782859713435e-06,0.9811921497789755,0.00038877928845496663,0.0006553176475874226,0.017733700595559617
2,mlp,10505,3,3,1.883205307772151e-08,2.985553457461129e-07,2.946689955285054e-08,0.9996749583320933,2.3575490992487916e-05,3.4775633988020313e-06,0.0002976417592169569
2,mlp,9031,6,6,0.001269113786281153,3.315308377560181e-05,0.0007055065251171078,0.0022617233795098083,0.0012286078643063553,0.0008430940850056511,0.9936588012760044
2,mlp,572,5,5,1.0493009811036465e-06,6.963466833379025e-09,3.630184440035777e-08,0.00033548233074687245,1.96675395575911e-06,0.9996391019258122,2.2356423192796572e-05
2,mlp,7889,6,6,0.0002500270954108075,8.723225362204746e-05,0.0001685037777847234,0.19870356908846187,0.0026695874204015944,0.0010785325125319543,0.7970425478517871
2,mlp,5414,2,2,0.0014087941654251203,0.018381627636125206,0.9799685654796787,3.549630648825622e-09,0.0002400742833918122,9.334711733876122e-07,1.4145750833620556e-09
2,mlp,5706,4,4,1.088626997448446e-08,1.0586935434095642e-08,1.104092632920433e-07,2.0218302636590035e-06,0.9999459366906145,1.1194970238093914e-06,5.079009962932035e-05
2,mlp,2690,0,0,0.9981348642686197,0.0012668267149248868,7.007273358259653e-06,5.710280306142469e-06,0.0001172703059404343,0.00046758727717503975,7.33879675470656e-07
2,mlp,11213,3,3,8.547298897224735e-07,9.07847779182716e-07,7.870808760340159e-07,0.9958711313464979,5.709352123334051e-05,0.0021920872006787624,0.001877138273045198
2,mlp,2725,0,0,0.9995118520835097,2.552746411702173e-06,0.00031664200795109774,2.5058980966728122e-08,0.00012588986131320296,4.2630356845686745e-05,4.078849878549987e-07
2,mlp,5096,2,2,0.0003238604515423109,0.00011640141578999082,0.9992077256958383,1.054165268308169e-08,0.0003461320520112585,4.429606583469687e-06,1.4402365820523766e-06
2,mlp,8745,6,6,0.0007899573970872024,3.362546933638906e-05,0.0004608052167085382,0.006492953992421496,0.0008351015804136453,0.001137992794686396,0.9902495635493462
2,mlp,6439,4,4,5.697416888517562e-06,3.072932279700566e-06,0.00034227887078258314,1.1278238392981018e-06,0.9994108868060887,3.048657524094379e-05,0.00020644957488001137
2,mlp,12465,3,3,2.165452326528436e-05,2.7682602144104537e-05,1.554208882929285e-05,0.9326856823960467,0.0006838247454314396,0.0005837930337732666,0.06598182061050985
2,mlp,12398,3,3,2.896497213407983e-05,2.318387276019433e-05,1.9660262907850548e-05,0.968673567216329,0.0006110187987143712,0.0046513016438231415,0.025992303233331522
2,mlp,11472,3,3,1.7989311544459802e-06,2.3228691374116466e-06,1.554956042222149e-06,0.9926048243305046,7.158215232440265e-05,0.0004524015650554263,0.006865515195781451
2,mlp,13276,3,6,0.00010164899858730002,0.00010001434400504843,5.5960361344801086e-05,0.32083732420377387,0.011447734994192677,0.00034175398050243557,0.6671155631175939
2,mlp,7311,4,4,0.0006779135268749352,5.20615319218655e-06,0.012224667206955067,5.954732300939917e-08,0.9870609555051479,2.6003927551140277e-05,5.194132955721886e-06
2,mlp,3630,1,1,8.904553043850747e-07,0.9999952194006833,3.889571731715879e-06,2.7932078533075575e-16,5.722731111223925e-10,7.239932270248897e-15,1.972324124429879e-21
2,mlp,13372,3,6,0.00010828313251531042,5.7242714143471964e-05,4.396097353283402e-05,0.21343987805692055,0.04746538660522187,0.00036607515407926827,0.7385191733635866
2,mlp,5173,2,2,0.002565069266491689,0.00025382500591794474,0.9969361235206786,7.279871248802792e-09,0.00024248143109386014,2.337540884559836e-06,1.5595506180980098e-07
2,mlp,9418,6,6,0.018121067879682737,2.6578397217884827e-05,0.002340082359775959,0.0007163204091132147,0.0013674254904909092,0.003219585559160843,0.9742089399045584
2,mlp,4489,2,2,0.00011333226152357213,5.126468389900282e-05,0.9996875108594917,3.3399917468968657e-08,0.00013701963156292113,6.02141337257177e-06,4.817750232624792e-06
2,mlp,1848,5,5,0.00044748018829305686,5.971516531788308e-07,1.3775706449017506e-06,0.0002774487632491169,2.3843562872652437e-05,0.9988960268970181,0.00035322586626884456
2,mlp,5002,2,2,0.001239266370130582,0.0001139915389098951,0.997435683316125,6.6573682807573326e-09,0.0012052842899705426,5.695387380436041e-06,7.244011501377293e-08
2,mlp,11378,3,3,7.17132917925972e-07,2.3534675503191864e-06,9.219459449139231e-07,0.998347718760251,6.315288901277165e-05,0.00019172929472784857,0.001393406509595314
2,mlp,11375,3,3,7.182852736203431e-07,2.9536367097897062e-06,6.869025888270852e-07,0.9944654579739949,0.00013789204261165195,4.1643179101636267e-05,0.005350647979719444
2,mlp,10969,3,3,6.171820940372295e-07,1.2046156803991213e-06,5.642892194122398e-07,0.9980275238155921,2.6675173971320983e-05,0.00020731119486795452,0.001736103728574744
2,mlp,12877,3,6,0.00028763397849582915,4.744684305332625e-05,3.750930911781587e-05,0.28384897666008324,0.0022062816990434083,0.0004245869751758543,0.7131475645350305
2,mlp,3870,1,1,7.316328268658699e-14,0.9999999999589524,4.095247634054847e-11,6.043261210595214e-25,2.203055583660947e-14,7.52723890057219e-25,9.867088245446149e-34
2,mlp,12316,3,3,8.608609945360286e-06,2.0422672623020295e-05,2.7555835210131372e-06,0.9475258168769469,0.003736886128187968,0.0001181794626595044,0.048587330666116
2,mlp,3518,1,1,5.03765528718699e-07,0.9993755957814607,0.0006238753828938433,2.8399486593353853e-15,2.5070085101236504e-08,2.8662999344634413e-14,1.6095162583822612e-18
2,mlp,8480,6,6,0.00044988039746386406,9.916797635227257e-05,0.0003043481216397419,0.05518772122757392,0.020268332356609926,0.002505789639834982,0.9211847602805253
2,mlp,10879,3,3,4.1927856539891823e-07,1.5112714093190182e-06,3.5181276610222534e-07,0.997822702097958,4.64775518473e-05,4.27623893381131e-05,0.002085775598115568
2,mlp,11188,3,3,4.266018551912733e-07,1.4145989358661725e-06,6.562017926010331e-07,0.9988053060902272,4.2834303432838545e-05,0.0002245429414704079,0.0009248192622858761
2,mlp,6751,4,4,0.02651099631883799,5.931262724315108e-07,6.658750109313841e-06,2.8179767071042463e-06,0.9732505741388056,0.0002096521683674806,1.87075209001811e-05
2,mlp,9215,6,6,0.00031796010421284777,1.7824347995985856e-05,0.001640291070872602,0.0006865277129836991,0.2935196380237818,0.0006239582956719486,0.7031938004444811
2,mlp,2589,0,0,0.9998927183326533,1.485398126106403e-05,1.5488491376275343e-06,4.6623913086233803e-07,1.2096100984912526e-05,7.82437836455395e-05,7.271318675177747e-08
2,mlp,5151,2,2,0.3829010917815648,0.02189470196674547,0.5949706102808228,4.975282293853116e-07,0.00017734447431246025,5.462279847712745e-05,1.1311698480642768e-06
2,mlp,2273,0,0,0.9777307725773203,1.662163891171763e-05,0.016987200309512767,3.69883791103542e-06,0.003061898751876736,0.0009590452262722884,0.0012407626581950855
2,mlp,4013,2,2,0.020815310775454333,0.00029079280349540845,0.9582643866316265,6.583787261257929e-06,0.017300439348185318,0.0008777954372496017,0.0024446912167276954
2,mlp,11844,3,3,3.962657742529409e-06,4.097960523902852e-06,4.572027389659311e-06,0.9849056654950219,0.00020014409236051374,0.012221978512554004,0.0026595792544073537
2,mlp,10029,3,3,1.1216246196642236e-09,1.6116976675195082e-08,1.764861942913622e-09,0.9999824562855812,7.932909646737652e-07,1.5594619538898763e-06,1.5171958037113512e-05
2,mlp,3889,2,0,0.7072185726935658,9.839381857145333e-05,0.05861411751716825,0.00017159833596548955,0.01157802938748795,0.010972906691187357,0.21134638155605384
2,mlp,6983,4,4,6.97122255842037e-05,2.6849994756871055e-08,9.116488391506168e-07,8.632734331106375e-09,0.9999276982198944,1.5180979410575268e-06,1.2432501224220252e-07
2,mlp,7679,6,3,0.0002414921084546535,9.293216462895937e-05,0.00014066171134445208,0.5254773619921687,0.002520984681102153,0.011488849661793584,0.46003771768050755
2,mlp,9675,6,6,0.0061356945547098125,4.255516992982167e-05,0.004506448452078958,0.0008676792233417195,0.0010595211719635234,0.013764666775509403,0.9736234346524668
2,mlp,7555,6,6,0.0009918640836983261,6.399023543281843e-05,5.803857441369129e-05,0.31396813614975055,0.0028818193885032884,0.0027381856624607787,0.6792979659057407
2,mlp,13445,3,6,0.0007042795683718761,0.00020599395870318392,0.0003085867236981804,0.3330376450856684,0.0035977001364812565,0.010265124423618018,0.6518806701034592
2,mlp,3858,1,1,2.7982543991770545e-12,0.999999998638597,1.3584209366490268e-09,3.117118623824362e-22,1.8388528792916885e-13,1.8610536699518517e-22,1.591856254049699e-29
2,mlp,448,5,5,7.236196748558909e-06,4.6675995076402394e-08,1.6330571124995426e-07,0.001334183310858298,8.686270779058802e-06,0.998497437680096,0.00015224655981175262
2,mlp,871,5,5,3.68488573049151e-05,5.343127982782763e-07,2.2386263241589583e-06,0.0044180045853439535,4.7584180506990333e-05,0.9945887905455286,0.00090599889219323
2,mlp,9818,6,6,0.003507727794330031,3.908089465791042e-05,0.006234892091831204,0.0003850312976555144,0.002721028670041658,0.0029545962829027896,0.984157642968581
2,mlp,5279,2,2,0.05498928468528716,0.004328728133046293,0.9406058280481867,4.773879684025193e-08,6.757637750726761e-05,8.405386927149332e-06,1.2963024852388252e-07
2,mlp,5376,2,2,0.0018695758749798692,0.0004150315464437073,0.9976299212365206,3.1211971737260904e-09,8.454161573551492e-05,8.74743539986682e-07,5.1861583294062755e-08
2,mlp,412,5,3,0.0002467433433785854,2.948350594495462e-05,4.805219441180596e-05,0.7155176600022175,0.0011426859281876835,0.20824936252676832,0.07476601249909103
2,mlp,6508,4,4,3.971470057295881e-06,7.044032615512632e-07,4.515942583651545e-05,2.3316335889405485e-06,0.9994314016553459,5.187818598235846e-05,0.0004645532259274979
2,mlp,597,5,5,1.6336244145661157e-06,4.76074586725279e-09,2.0855221965016628e-08,0.0001848006448676108,1.4161376184051246e-06,0.9997849422981663,2.718167896533496e-05
2,mlp,8365,6,6,0.0015485836348172945,7.669963327593597e-05,0.00042033540029923216,0.03657678527950878,0.0017053116503073361,0.017739502136325375,0.9419327822654662
2,mlp,5699,4,4,2.972010724498598e-08,1.3292095257923787e-08,8.767003096241077e-07,7.245303184452466e-07,0.9997920843044199,1.7315941765427028e-06,0.0002045398585730666
2,mlp,192,5,5,1.08271382315677e-06,7.2172997900607126e-09,2.5190445432512227e-08,0.0007455649636803368,2.301786991051076e-06,0.9992206179956635,3.0400132096754905e-05
2,mlp,9803,6,6,0.05328669060256715,4.111339812226848e-05,0.014113254096292006,0.0010842540964278648,0.002641673821432494,0.0036575194715256117,0.9251754945136327
2,mlp,3845,1,1,1.3869794305007514e-10,0.9999992103797599,7.893500909302471e-07,1.0982596075429401e-20,1.31451354113841e-10,1.3269149499594158e-19,1.7349384757296806e-26
2,mlp,6381,4,4,3.708088437975106e-05,1.2008933264576967e-06,0.00026443766918455636,7.909429368656457e-06,0.99479206471379,0.00010906779404978243,0.0047882386159007265
2,mlp,5562,4,6,0.0001850182060628383,3.060290886591802e-05,7.000277582872369e-05,0.05924856833652209,0.06105665158597211,0.00046291263709789934,0.8789462435496503
2,mlp,1018,5,5,1.5602346417590884e-06,1.9116988267289427e-09,5.367088356346119e-09,6.504124449438447e-05,9.047588552103473e-07,0.999916227482884,1.6259000337439337e-05
2,mlp,218,5,5,1.6788989843303612e-07,4.829720535980608e-10,1.968428889084268e-09,9.092859823860746e-05,2.9821553719577853e-07,0.999904703401553,3.899443371838067e-06
2,mlp,6891,4,4,0.0005857653813179656,6.710952946165576e-05,0.03614370184190162,2.8823066354525293e-05,0.9338520139243514,0.0018953336500434534,0.027427252606569502
2,mlp,11564,3,3,3.4899119502067834e-06,8.90551254734463e-06,1.9547772503695213e-06,0.9912419130539231,0.00020908282781748638,0.00012588727005607538,0.008408766646455502
2,mlp,594,5,5,2.4185562204448414e-05,8.191630474120926e-07,3.064632856036031e-06,0.025865984484985057,9.745149846447724e-05,0.9715924696690627,0.002416024989379922
2,mlp,12061,3,3,6.474674203254084e-06,1.8137752275648312e-05,4.639614001176531e-06,0.9776653148232258,0.0005764697141774181,0.0001547812948727887,0.021574182127243834
2,mlp,12274,3,3,6.965116190741508e-06,9.15851799289661e-06,7.070289978051811e-06,0.9835091359017475,0.0002723262075374502,0.00112463735183215,0.015070706614721218
2,mlp,13196,3,3,0.0003851348792623644,8.946249990076739e-05,0.00015199105679535802,0.49447083808519404,0.0020199860841458085,0.01508734719735243,0.48779524019734916
2,mlp,386,5,5,1.134298095020359e-06,2.740899704137708e-09,1.0523617642418215e-08,0.00019555141036351706,1.1894044392887062e-06,0.9997790042459717,2.3107376613130338e-05
2,mlp,11003,3,3,1.8703807392110276e-07,1.2242819506885468e-06,2.62699185429927e-07,0.9990497314753988,7.430120554044211e-05,4.3166574878338075e-05,0.00083112672497248
2,mlp,8580,6,6,0.0018168094732059267,4.4705034048434834e-05,0.0003368067831023833,0.006208209376778228,0.0012208412844117637,0.002059997346507995,0.9883126307019453
2,mlp,11584,3,3,1.4439430644429199e-06,2.1369604381881666e-06,1.9190145501222516e-06,0.9952138301755673,0.00010022987164977195,0.0021044406591980034,0.0025759993755321018
2,mlp,4810,2,2,0.01564253724197028,0.0011497319844552853,0.9830637660147861,1.9505152932325467e-07,9.086695709769547e-05,4.393163439353528e-05,8.971115767850734e-06
2,mlp,13531,3,5,0.0006503005119260298,5.048149923974375e-05,0.00024205819523994757,0.1012835673689592,0.0015492038530455314,0.7980622016668537,0.09816218690473591
2,mlp,11754,3,3,3.9342193288545954e-06,4.397087398005142e-06,4.043349859539938e-06,0.9918127479690328,0.0001382707371147664,0.003008054848485362,0.005028551788780338
2,mlp,7857,6,6,0.00036239901152324396,4.853754407534956e-05,6.391764934310551e-05,0.13598020351910842,0.05686429371749147,0.0013045209850726977,0.8053761275733857
2,mlp,13253,3,3,0.0009664261664184666,0.00013843767791552983,0.0002773852056909527,0.4849551650699667,0.0036547209623072063,0.11118775674896303,0.3988201081687382
2,mlp,6691,4,4,9.088835052140127e-07,7.806165688323287e-07,9.609401154212154e-05,2.536279472242079e-07,0.9998355529212413,1.6398607791935736e-05,5.001133140347237e-05
2,mlp,8118,6,6,0.0018638083289512658,0.0001732637963459391,0.0004173037102909059,0.10418153066829847,0.003979715249995091,0.018805386268733217,0.8705789919773852
2,mlp,9880,6,6,0.002998812997338107,1.1454445281837082e-05,0.004894340191119111,0.0002662155003412571,0.01848710026726021,0.0008878543665496539,0.9724542222321099
2,mlp,1349,5,5,8.316420126870116e-05,1.947101623195672e-06,9.726847222673901e-06,0.006488412761148345,0.00012719805890977953,0.9903163149629043,0.0029732360669230545
2,mlp,3363,1,1,0.00038690367844694247,0.9909495605571098,0.008663047373620732,4.400534743944245e-12,4.882816447841873e-07,1.0476625169887568e-10,1.090873811147621e-14
2,mlp,10814,3,3,2.9226124763867853e-07,5.289203393024572e-07,3.798690452738985e-07,0.9984270454503117,2.282807781339656e-05,0.0009286987147633774,0.0006202267064793376
2,mlp,1232,5,5,7.889511200163992e-06,5.069762512904781e-08,3.059594393984533e-07,0.0004834275237981597,8.830552002597108e-06,0.9993859466960994,0.00011354905983523686
2,mlp,2827,0,0,0.9843733372688528,3.3830296995991785e-05,0.012886047867046144,2.353698138571409e-07,0.0025423567242467255,0.00016289106333725346,1.3014097071394586e-06
2,mlp,6483,4,4,0.000454451746320593,4.128109721624431e-05,0.007378260531743011,4.898203985341016e-05,0.9723832252621483,0.00104071710129414,0.018653082221424314
2,mlp,4832,2,2,0.009611951280301281,0.0006029901314084004,0.9895717415053716,7.76657622075036e-08,0.0001669656164646409,3.7595263757356113e-05,8.678536934761622e-06
2,mlp,2635,0,0,0.9999114417178055,1.7470020368868733e-06,1.5998144222355458e-05,1.6371958006030685e-08,5.232995357103014e-05,1.8402706731914504e-05,6.410367440011001e-08
2,mlp,8830,6,6,0.0020986678860164015,4.9900329781069254e-05,0.0004692024289061229,0.00860875359887939,0.003913568991727551,0.017717020469993093,0.9671428862946965
2,mlp,1448,5,5,6.92182880460713e-06,1.0201504188853017e-08,4.290339329662543e-08,7.49609940303243e-05,2.0521757095553757e-06,0.9998726687450797,4.334315147808072e-05
2,mlp,11824,3,3,4.809782125755016e-07,3.7438869384537137e-06,6.437162095068924e-07,0.9961818597554067,0.0005310802270225075,7.444009551148441e-05,0.0032077513406988025
2,mlp,11267,3,3,9.50587385363825e-07,2.061132014817389e-06,6.146598307273984e-07,0.9820079388617353,7.954542010013115e-05,3.6830573198299675e-05,0.01787205876573511
2,mlp,4381,2,2,0.002361199514653839,1.4434494687777296e-05,0.9942112504210946,1.0504014809350025e-07,0.0033639483274993634,3.765169223942752e-05,1.1410509677058222e-05
2,mlp,10171,3,3,1.626442748035578e-09,1.0866215806721483e-07,4.184207482540647e-09,0.9997046524549459,0.00023509359769423465,7.862430315417953e-07,5.9353231520054395e-05
2,mlp,3072,0,0,0.7567531384862054,0.0002998193010152092,0.24261625086278815,1.4005297705333217e-07,0.00016526190169227403,0.00016054387991817592,4.845515403835013e-06
2,mlp,1725,5,5,0.06831986875309107,6.421202572750806e-05,2.363463827721339e-05,0.003625209057616725,0.0006639014854905577,0.9213372640204575,0.0059659100193394975
2,mlp,1730,5,5,4.3363339171111306e-05,7.988080378667315e-08,3.077988797493543e-07,0.000148619883895227,9.85916699812555e-06,0.9996383034811364,0.0001594664491156564
2,mlp,1840,5,5,0.00021526130072839578,1.8606269067808727e-06,1.6499275844757422e-05,0.0010151784143822178,0.00011505613365412267,0.9965110893277054,0.002125054920778375
2,mlp,4429,2,2,0.0012126093392950813,6.495647513121458e-05,0.9980928268818665,1.315756594820699e-07,0.0005733382411550223,3.399625037645612e-05,2.2141236516160908e-05
2,mlp,2659,0,2,0.09284063030116833,0.00021183125213527118,0.8914828330424502,1.0490633513910569e-06,0.013275878443707862,0.0012193222679437738,0.0009684556292429409
2,mlp,12838,3,3,3.2047409918203575e-05,5.129638156437349e-05,2.2585830911938292e-05,0.9102629457076025,0.0022273361211091708,0.0009612306227199525,0.08644255792617409
2,mlp,7943,6,6,0.0009031373239148678,9.654322721074494e-05,0.00023235928535913754,0.07579115025294678,0.0015499409054958902,0.005250321486771817,0.9161765475183009
2,mlp,8176,6,6,0.00041435917338531435,4.700604142407195e-05,0.00013551216374129918,0.024366910425954652,0.002269077387847194,0.0005011086107783543,0.9722660261968691
2,mlp,9118,6,6,0.000658805296656765,2.3845172407516536e-05,0.0005997351756687936,0.004026490572967007,0.0008547902096916019,0.0020925989240982833,0.9917437346485102
2,mlp,2673,0,0,0.998224786126493,1.4581379071112275e-05,0.0015711154844153749,1.8188127510838806e-07,6.248399709065304e-05,0.00012437622559848715,2.4749060560708435e-06
2,mlp,7825,6,6,0.00016263215883369637,5.585291506851035e-05,0.00011430386867994753,0.0588813898599625,0.01066273981893962,0.00018730771209238674,0.9299357736664233
2,mlp,12292,3,3,9.398825086353736e-06,1.3615963480314783e-05,8.626989857327247e-06,0.969503750525383,0.00040118015003846305,0.0006728389728627028,0.02939058857329193
2,mlp,7986,6,6,0.0009330565551357439,9.275365895215518e-05,0.00015885959130152504,0.10926429077472735,0.07845825261703022,0.004140992784946849,0.8069517940179062
2,mlp,11033,3,3,4.948139327098966e-07,1.840336140455824e-06,3.87576922003277e-07,0.9968949472472661,5.709432285214083e-05,2.9951005606391387e-05,0.0030152846972802128
2,mlp,4756,2,2,0.0024460998006773657,0.00015980408843391483,0.9970499080215397,5.4100357365925135e-08,0.0003255532284608526,1.3374131236098214e-05,5.206629294709202e-06
2,mlp,5595,4,4,1.173903798037569e-07,2.6279166615966083e-07,3.022279485001179e-07,0.000441001550803911,0.9991190417144095,1.3774998723041888e-05,0.00042549932606900337
2,mlp,2193,0,0,0.6644834103481995,5.709466072935745e-05,0.010026820187647303,3.0034043959357463e-05,0.3187305345617993,0.0021227108388246793,0.004549395358840591
2,mlp,10480,3,3,6.169161511016324e-08,4.776346335206743e-07,5.7523758371941897e-08,0.9992152761674049,1.9685471638300448e-05,5.3168155861674365e-06,0.0007591246953635204
2,mlp,12206,3,3,3.402834752928698e-05,1.1692105737660582e-05,1.565660164761353e-05,0.9451435134968625,0.00042744706705480633,0.02303337000678963,0.03133429237437836
2,mlp,5264,2,2,0.00015617871144497027,8.609241300226886e-05,0.9995819476543574,1.287417202770994e-09,0.0001752303101287619,5.129513386958259e-07,3.667231042659947e-08
2,mlp,12254,3,3,5.465961242882875e-06,7.131428053688129e-06,6.576848663713586e-06,0.9890110307037678,0.0002445174239806902,0.002666199273456276,0.008059078360835237
2,mlp,8787,6,6,0.0008736698776151992,3.838620582259754e-05,0.00021759868991103862,0.013553380973172819,0.011484580997676287,0.005191282894338251,0.9686411003614638
2,mlp,9640,6,6,0.0008890996272609041,1.4090647350162804e-05,0.0007991649270997713,0.0004085034068909135,0.0015880623973016856,0.0007307199501211232,0.9955703590439754
2,mlp,252,5,5,3.5826036992043757e-06,4.55566624421691e-09,1.1632453010718477e-08,0.00020928626362890675,1.3499435090074636e-06,0.9997317959046342,5.3969096409383824e-05
2,mlp,440,5,5,9.799701273778806e-08,2.5289597224767795e-11,3.3599210371077865e-11,4.907603231364103e-06,3.243094609415884e-08,0.9999941665006242,7.954092965791678e-07
2,mlp,9906,6,6,0.010950110615160848,2.1680640641959813e-05,0.018180076202793834,0.0003724871705752136,0.0126892824353665,0.0013387413686183262,0.9564476215668433
2,mlp,4785,2,2,0.00044385937810291904,7.910143493192535e-05,0.9994158280831421,1.3803320094397594e-08,5.801229075305284e-05,2.776931598491194e-06,4.080781516584271e-07
2,mlp,10197,3,3,2.1530709211386643e-08,2.5660374099368037e-07,1.969480576766765e-08,0.9998569407686486,6.406816116864507e-06,3.958877757588107e-06,0.00013239570822069606
2,mlp,4708,2,2,0.005990395792182294,8.789391703114324e-05,0.9924938636079349,7.958494921526639e-08,0.0013624191623857233,5.3351402412928864e-05,1.1996533103757943e-05
2,mlp,9789,6,6,0.00819976784368527,2.6079039629577755e-05,0.006223171162021196,0.00031127400450645635,0.0035316759548016025,0.0017411777234648202,0.979966854271891
2,mlp,9186,6,0,0.6593841681305852,0.00012540274529210092,0.0015795497012593856,0.013387358039270464,0.015205989542202572,0.03955587065246729,0.27076166118892303
2,mlp,7639,6,6,0.0004871472472918328,5.6280561564943184e-05,6.350216081135347e-05,0.12368602184321292,0.0043270580003995735,0.001492282021989804,0.8698877081647296
2,mlp,603,5,5,1.2881576118996187e-07,4.718153274414352e-11,1.0737102010005826e-10,6.87023164772062e-06,5.1368511034894615e-08,0.9999918201791658,1.129250361883091e-06
2,mlp,3972,2,2,0.07577273279587422,0.000344668891468397,0.8459612030047239,2.722925118612443e-05,0.069500360822592,0.0021319964667807804,0.006261808767374605
2,mlp,7187,4,4,1.1259629792326378e-05,2.794929269652107e-06,0.006850926283178987,9.873942788004335e-08,0.993050519292549,1.977942595637523e-05,6.462169982567467e-05
2,mlp,13333,3,3,0.00018227149353206078,0.00016987002765068748,0.00011275901405795669,0.7362913102424643,0.004173913059478788,0.002474261510389303,0.2565956146524268
2,mlp,938,5,5,1.2583529987296123e-05,1.9440779158642474e-07,9.8737760066126e-07,0.002169888543750432,2.2694294584350657e-05,0.9975206634774983,0.0002729883687873858
2,mlp,10439,3,3,5.878428718172251e-08,2.904587264275583e-07,8.059622226798319e-08,0.9997371335942059,9.472327557016555e-06,4.219841147693397e-05,0.00021076582752438449
2,mlp,5013,2,2,4.832215054173896e-05,0.00036292873963515075,0.9994976359785842,3.3778128714069285e-09,9.042261755604334e-05,5.0907398631527e-07,1.7806188342595878e-07
2,mlp,1417,5,5,0.0003327182127501967,1.1715472432907657e-05,6.541315663802562e-05,0.01648602586886649,0.0004310225289938866,0.9689470935149607,0.013726011245357722
2,mlp,13379,3,3,0.0002694484075448237,0.00012832981841259778,0.00018496617871859876,0.5665636504655979,0.0029783580085319342,0.01010685861302998,0.4197683885081643
2,mlp,1535,5,5,3.9936604495101204e-05,4.3813787357059087e-07,3.4683205978721796e-06,0.0009798390822149318,3.550313567930121e-05,0.9984764396959449,0.0004643750231942203
2,mlp,3814,1,1,2.0753077772213568e-09,0.9999999244107304,7.349991109532939e-08,1.5014893457363591e-19,1.4050672191740385e-11,4.778475332216889e-19,9.357578593663191e-26
2,mlp,5261,2,2,0.0054640631550188805,5.757891638250393e-05,0.9868831982384147,8.894553712455348e-09,0.0075839671036573835,1.101032179683226e-05,1.7337017596297598e-07
2,mlp,11475,3,3,1.7799705077890154e-06,1.9806155714159626e-06,1.869963216825516e-06,0.9934921350744887,7.24180447678842e-05,0.0028574711890916563,0.0035723451423558244
2,mlp,5140,2,2,4.513653045606144e-05,5.250360284052424e-05,0.9984322292290514,4.190814821329785e-09,0.0014672152388797658,2.001809039811671e-06,9.093989177720973e-07
2,mlp,10536,3,3,1.6318854190424226e-07,7.522079730831693e-07,1.6281101870127666e-07,0.9994562873523343,1.5092522534874095e-05,5.2135160603471136e-05,0.00047540675699361124
2,mlp,13217,3,3,0.0001637198825074921,0.00013870984211382677,6.238124404855427e-05,0.5750258486432878,0.006280328295385631,0.0007459390941888521,0.4175830729984679
2,mlp,11032,3,3,4.080670220526176e-07,5.750096595074891e-07,3.284595062466605e-07,0.995734529920236,1.792105582032877e-05,0.00030653940663839005,0.003939698081117603
2,mlp,738,5,5,5.78517532009397e-06,3.3912454728823086e-08,1.41198418251822e-07,0.0007355854861766622,7.383020477928613e-06,0.9991453282334621,0.00010574297369010603
2,mlp,3265,0,0,0.9999652856540518,3.231829749779508e-05,5.304427174193214e-07,1.4645456102871501e-09,1.1640600891085525e-06,7.000579521408256e-07,2.31459826762773e-11
2,mlp,10517,3,3,1.4815646713489727e-07,4.262674589669436e-07,1.576796778860016e-07,0.9993598211653985,1.0260097620472886e-05,9.21622517005999e-05,0.0005370243816765077
2,mlp,2583,0,0,0.9995801503413458,9.65061524867795e-06,0.0002769684919781381,2.2721305707886468e-07,6.076022271147107e-05,7.155679758435435e-05,6.863180743526062e-07
2,mlp,1446,5,5,7.378705307927043e-05,2.100672622523782e-07,7.040145777078525e-07,0.00046518945276026273,1.9932861389536887e-05,0.998978927805234,0.0004612487456967827
2,mlp,13027,3,3,6.018777253667605e-05,6.834138162296642e-05,4.349540911686228e-05,0.915705638907924,0.0026224678412969733,0.0033543995066834275,0.07814546918081905
2,mlp,2822,0,2,0.029869128679604375,0.00013249789423883695,0.9686329755066813,3.1237483123387383e-07,0.0011650258304149244,0.00015504987760437552,4.500983662476504e-05
2,mlp,7075,4,2,0.002357727048569506,0.00013573210102310238,0.5505623194961667,1.930451502972774e-05,0.3726904981591137,0.0007774934618584224,0.07345692521823873
2,mlp,5929,4,4,6.386436965258221e-08,3.0236859353172814e-09,1.1935532534999977e-07,1.2392042603865975e-07,0.9999943479089991,1.15261266893899e-06,4.18931452490201e-06
2,mlp,13426,3,6,0.0009728935549251978,0.00018290077514442613,0.0003612243449328851,0.44689381318712623,0.005882473418796518,0.09389845953029177,0.45180823518878305
2,mlp,8273,6,6,0.0003939506455323949,7.125724091374551e-05,0.00020901509108789572,0.04315770672674754,0.002065324078827693,0.0007279742229194302,0.9533747719939714
2,mlp,2536,0,0,0.6601230153747067,0.00026001266501998483,0.33496030063444604,4.417025262834356e-06,0.0035467448069745728,0.0009308144930644197,0.00017469500052519053
2,mlp,2227,0,0,0.9819684451620393,4.0404363380742354e-05,0.011319740987677948,1.2818445712403747e-05,0.0049519563680718625,0.0010155037125083523,0.0006911309606091493
2,mlp,2529,0,0,0.9990114086390757,7.62567861110542e-06,0.0007687560264420435,2.9672287109196693e-07,6.117388396288937e-05,0.00014838510823416142,2.353940803130828e-06
2,mlp,10112,3,3,1.240301698708939e-08,1.4113451230990453e-07,1.1953528439837157e-08,0.9999293375219054,3.2293029088265573e-06,4.703345601278331e-06,6.25643385268105e-05
2,mlp,5391,2,2,0.0032597172266309138,0.0011922516149023745,0.9954917599913465,4.087834466345066e-09,5.5342711906899845e-05,9.031108421434386e-07,2.1256536567668578e-08
2,mlp,11875,3,3,7.60586711662946e-06,3.9793562317708175e-06,6.234631320791168e-06,0.9579054020925313,0.0002529875642674707,0.0348853099932925,0.0069384804952396795
2,mlp,5784,4,4,1.931242380781073e-05,4.039180887316931e-06,0.00016905901820056995,5.1135548722010576e-05,0.9921456684757843,0.0001402888937159377,0.007470496458882051
2,mlp,2803,0,0,0.999458712593975,9.719652034962189e-07,5.14759010656261e-05,8.052552896437852e-09,0.0004627166283330557,2.6006708687468635e-05,1.0815018215976744e-07
2,mlp,9910,6,6,0.009610576084064269,2.1932547241238245e-05,0.005519554473633075,0.00020764399150595753,0.004524039790320657,0.00597830231099896,0.9741379508022359
2,mlp,10628,3,3,1.5554832635142704e-07,4.1926702189552216e-07,1.3715075296067683e-07,0.9989539660081719,1.1194217803769256e-05,5.1363623389289634e-05,0.0009827641845339752
2,mlp,12007,3,3,3.1493784698236582e-06,1.1503600247949516e-05,2.9572687468534284e-06,0.9899711613054921,0.0004140681739123006,0.000176973496761663,0.009420186776369348
2,mlp,10467,3,3,1.575296210075785e-07,9.344604727429059e-07,7.66652254734472e-08,0.998977614744406,3.58075180700903e-05,1.1690228933945877e-05,0.0009737188532705544
2,mlp,10345,3,3,1.556102839327446e-08,1.0718866176854925e-07,3.229204815490837e-08,0.9998825980699733,7.612408226043918e-06,3.9234820591285525e-05,7.039965947109644e-05
2,mlp,7263,4,4,1.4377462287964546e-08,2.4209059758151183e-09,4.564452196849702e-06,4.5570209311822425e-10,0.9999946016724385,3.2661399412978876e-07,4.900073002297991e-07
2,mlp,4315,2,2,0.008160352297470039,0.00014042492716337702,0.9914121413512922,3.2783518399290705e-07,0.00021009181691236138,5.350586840568827e-05,2.3155903572453832e-05
2,mlp,2228,0,0,0.9963650285842639,2.5290829440221896e-05,0.00040726060196086326,8.946796497961924e-06,0.00010722369131420701,0.003040148815437301,4.610068108537209e-05
2,mlp,13246,3,3,0.0001563227713457915,0.00016106896679448548,6.588897387589726e-05,0.6186092016581978,0.006257089118874665,0.0005891392708562097,0.3741612892400551
2,mlp,11086,3,3,8.685476837708399e-08,1.2146881500118182e-06,1.2498289273607082e-07,0.999193874136348,0.00012714839345144484,1.1567799597456707e-05,0.0006659831447920571
2,mlp,8101,6,6,0.0003115627712765617,2.8305561139313087e-05,0.0001301566556266955,0.01885392530180472,0.0006189834355903252,0.00047341781505679805,0.9795836484595057
2,mlp,971,5,5,0.0003015708131702941,2.4548359124297204e-05,6.791140317483276e-05,0.17007572695468004,0.0010231653867457972,0.7893522631217477,0.0391548139613572
2,mlp,7865,6,6,0.00010794629045278132,1.5227116307088211e-05,8.745346227153185e-05,0.014713304637732278,0.12066223344501513,0.0004431904117103717,0.8639706446365109
2,mlp,13250,3,6,0.0008651945738830561,0.00015490256256481158,0.00023535113669719386,0.3185082659351541,0.0022242574566121976,0.010061576163281894,0.6679504521718067
2,mlp,8636,6,6,0.0002723630732871067,1.9660528500772688e-05,0.00024717613195245704,0.008243517022039735,0.000629565379300038,0.0004936421296889074,0.9900940757352309
2,mlp,3491,1,1,3.994533112596733e-06,0.9986484830959296,0.0013474853896216828,1.0324944768886494e-14,3.698115773279631e-08,1.678057163821209e-13,4.7692844398590985e-18
2,mlp,2984,0,0,0.9577396856998192,6.28602816383878e-05,0.041845458274969896,8.679903288862997e-08,0.0002667236226391898,8.364442579565049e-05,1.540896104941598e-06
2,mlp,6564,4,4,8.339175010681138e-05,8.456782257746485e-06,0.002349166301936483,1.3359390191953999e-05,0.9874962239395508,0.00030244072730164486,0.0097469611086545
2,mlp,6454,4,4,2.445977748582462e-07,2.9423712391860646e-08,5.1520575680477655e-06,7.519117070733744e-08,0.999974113008463,2.3624622406777916e-06,1.802325907033567e-05
2,mlp,7341,4,4,7.691007769785857e-06,3.2988328812000054e-07,0.00112463307170106,1.0936787149949322e-08,0.9988311731738198,1.8828738103516248e-05,1.733318853043334e-05
2,mlp,9978,6,6,0.02158394945264807,0.00020405137457996954,0.1102291275105969,0.00046929380745042854,0.03193560467324751,0.060731908741954395,0.7748460644395228
2,mlp,13168,3,3,0.00022367610552854762,8.014422684005412e-05,0.0001125404840843034,0.4959443451988084,0.001690781487261459,0.00603837231056975,0.4959101401869074
2,mlp,4839,2,2,0.006099237867034713,0.000437653580761623,0.9932179963201146,6.216703245285072e-08,0.00023322019934960878,9.879417385293128e-06,1.9504483216324535e-06
2,mlp,10177,3,3,1.1926109429731906e-08,2.2114767235877146e-07,1.1941244568678705e-08,0.9998736439540458,1.2789238933480691e-05,1.5339295601337437e-06,0.00011178786243440656
2,mlp,12238,3,3,8.416687097088266e-05,3.0355107969673952e-05,1.6592605046056893e-05,0.9032478092584675,0.0005710715984690031,0.0015305803810184277,0.09451942417805823
2,mlp,4535,2,2,7.472583773094622e-05,5.4248478752483166e-05,0.9993281399258785,3.273717821294484e-08,0.0005248702695646625,8.869105267017368e-06,9.113645628139305e-06
2,mlp,1694,5,5,0.1414745222976824,0.00019298118291299533,0.00019697628993030136,0.014122626595717142,0.0018996067183160439,0.7963712357929976,0.045742051122443415
2,mlp,12338,3,3,1.7959443771173863e-05,1.9247928635004533e-05,1.4154113919492699e-05,0.972111620251543,0.00042013976230282713,0.0019657672487823816,0.025451111251045908
2,mlp,2981,0,0,0.9975812796061437,4.456695262547977e-05,0.002177703183274872,3.871132856461215e-08,0.00016699684333218892,2.933691520125322e-05,7.778809366975197e-08
2,mlp,2184,0,0,0.9928927440342533,8.457799862818362e-05,0.0032050621290854986,3.5487799292585644e-05,0.0006143850886808446,0.0026491253047717083,0.0005186176452876192
2,mlp,4161,2,2,0.015582812819212914,9.262865723802279e-05,0.9822350022420033,9.733537640258238e-07,0.0017977882823229964,0.00015718284034387046,0.00013361180511492496
2,mlp,6359,4,4,0.002777293578942316,8.50792362544363e-05,0.040855951602034646,0.00010956778125200492,0.8923994649007515,0.0015372765575455546,0.062235366343219495
2,mlp,12417,3,3,2.1224085885626673e-05,2.6930505491151495e-05,1.2988856907804242e-05,0.8899362999297123,0.0008085406990914151,0.00034299220318877274,0.10885102371972294
2,mlp,8916,6,6,0.002240275302135282,0.0001335946044132865,0.001356722923307083,0.04690890371147255,0.004496060628842304,0.07198997727084398,0.8728744655589855
2,mlp,5144,2,2,0.0005539295461336011,4.830062177852011e-05,0.9993260905702658,3.920575515220202e-09,6.99080286411254e-05,1.6857177671770335e-06,8.15948384558957e-08
2,mlp,4947,2,2,0.00028362810863657366,1.350679109513284e-05,0.9987633104557628,2.975479208991842e-09,0.0009348108987391413,4.657636785120943e-06,8.313350188418385e-08
2,mlp,8033,6,6,0.0007733572729986595,8.548030348808488e-05,0.00016711322284746036,0.04696191141127916,0.002531346637876013,0.0006323616264263416,0.9488484295250842
2,mlp,10386,3,3,5.972985830372741e-08,6.296905938999573e-07,4.697119122759749e-08,0.9997339970005744,1.9330314111623e-05,7.257473523366707e-06,0.0002386788201471022
2,mlp,12963,3,3,0.00016596044590248902,8.206384828055054e-05,6.913725148402306e-05,0.7170196517589538,0.0018322847714273144,0.003891158166662538,0.27693974375728936
2,mlp,5914,4,4,1.458377695203641e-09,3.44192694602945e-09,3.22458111170015e-08,2.251634421756596e-07,0.9999984272808021,5.030310965800729e-07,8.07378543507226e-07
2,mlp,11821,3,3,9.62448292889239e-07,5.815054426211629e-06,9.352657039037444e-07,0.9926892957716721,0.0005144106386601086,4.249372295923839e-05,0.006746087098285491
2,mlp,6333,4,4,5.666992807618105e-06,2.939249746065883e-06,0.00012501674122089126,3.933325109565263e-06,0.9995231114146266,4.7776633485481524e-05,0.0002915556430038269
2,mlp,6182,4,4,0.0005628144396278878,2.1601352433759882e-05,0.003985963520578315,3.1072100393004975e-05,0.9881901642561142,0.0003420739127788368,0.006866310418074132
2,mlp,313,5,5,4.342714304705089e-06,1.6898677960552532e-07,6.435759914354822e-07,0.01104897585109476,3.0268474425493566e-05,0.9886446849995453,0.00027091539785866766
2,mlp,8617,6,6,0.0012852067330334277,8.402606029884586e-05,0.0007526518823404,0.037289334603518264,0.002561529553806405,0.014064411333948396,0.9439628398330542
2,mlp,1475,5,5,0.00010489413879011563,4.425775416242179e-06,3.305798917112429e-05,0.011612050763069643,0.00021612442494809334,0.9815446962158035,0.006484750692801342
2,mlp,12621,3,3,2.540996660551648e-05,3.950556286003777e-05,1.3056655267142326e-05,0.9616213013904331,0.001305668256891997,0.0006404862526059555,0.03635457191533617
2,mlp,8451,6,6,0.00100457234583461,3.2236022006179046e-05,0.00034979511671364626,0.012707451979501402,0.001368638832748397,0.0003563460834188607,0.984180959619777
2,mlp,9330,6,6,0.00040017093434554704,1.5675907801523808e-05,0.0005010769087296208,0.0011123588020164792,0.0007215653766306382,0.000309311087435497,0.9969398409830407
2,mlp,7239,4,4,1.0722562472096289e-05,2.0423266140094898e-08,3.60170973336028e-06,1.0954858025128742e-09,0.9999851865508498,4.111368921119043e-07,5.6521300763678794e-08
2,mlp,34,5,5,2.4035795892219877e-08,8.132802486680556e-11,3.3296101106601563e-10,6.962379289056934e-05,8.305111868967716e-08,0.9999293522461415,9.164597642591094e-07
2,mlp,12013,3,3,7.939418158669086e-06,7.148450827318207e-06,5.7367800735572646e-06,0.973960052743045,0.0001945743399495962,0.0010252999333904614,0.02479924833455529
2,mlp,4324,2,2,0.0022975089597976877,7.984382828831843e-05,0.995378632322615,2.441157642824201e-07,0.0021135097506788684,4.972237972074837e-05,8.053864313513311e-05
2,mlp,12117,3,3,4.744010211319731e-06,1.6391060003856406e-05,4.062301875767581e-06,0.9472528350158688,0.001158019706169436,0.00011502077805194471,0.05144892712781884
2,mlp,11840,3,3,2.997535527594982e-06,4.423701767303193e-06,3.2272907390343946e-06,0.9941115611817729,0.00013650368205274046,0.0013704267940596495,0.00437085981408063
2,mlp,4914,2,2,0.00011246260117558373,9.575063281200199e-05,0.9996581434030324,7.053569318842229e-09,0.00013134078309955067,1.5773697508030667e-06,7.181565604558918e-07
2,mlp,4943,2,2,0.0002302855629210446,3.8672902379158116e-05,0.9995162263612002,6.665915821427153e-09,0.00021216988470599586,2.265433738309478e-06,3.7318913948693465e-07
2,mlp,3071,0,0,0.9988532016353744,0.00012473010635889644,0.0009681854722427239,6.622963141510357e-08,1.31149757752458e-05,4.062203912102979e-05,7.954149604459758e-08
2,mlp,1419,5,5,0.0007419745215489545,8.572012993118723e-05,0.00030368657587121086,0.18525749337656452,0.0027849502601929423,0.6451599586638641,0.16566621647202695
2,mlp,6675,4,4,0.014223333631698108,0.0001873115205365405,0.16883277439840852,0.0002326450246891178,0.42916807481259645,0.005921828888789632,0.3814340317232816
2,mlp,5833,4,4,2.1562785176894318e-06,5.50521948750987e-07,9.166942984499874e-06,5.136048548388338e-06,0.9998280445874514,1.9909474133666202e-05,0.00013503614641545268
2,mlp,12215,3,3,8.785562841429433e-06,2.2994269265379623e-05,4.969774974408193e-06,0.9220572204069669,0.0016003321028090105,7.339290206152429e-05,0.07623230498108137
2,mlp,4954,2,2,0.0017309185453010481,0.00014573413912321947,0.9979333556505124,1.2697860520589757e-08,0.0001850915633898071,4.673174640797483e-06,2.1422917220527051e-07
2,mlp,10989,3,3,2.7032238405719105e-07,8.69878979488943e-07,4.294580152902414e-07,0.9990269591902718,2.9842975768587478e-05,0.00025711414731997964,0.0006845140272607719
2,mlp,8001,6,6,0.0007259729200859838,0.00013089485008988257,0.00028209551461219357,0.07305155110198909,0.020461974412191324,0.0018502204263034306,0.9034972907747281
2,mlp,5526,4,4,2.8466714810331144e-07,1.9973835357551695e-06,5.00638172128858e-07,0.03963439613827916,0.9565060237392343,6.579733783780124e-05,0.0037910000957926157
2,mlp,2923,0,0,0.9997203091215096,0.00011315195275046606,6.604039044227904e-05,1.6051692641266572e-07,1.2939005798611607e-05,8.731562194174859e-05,8.339063125419143e-08
2,mlp,6207,4,4,6.243430892040558e-06,7.837653370853112e-07,7.360428066487672e-05,8.34225138949602e-06,0.9936578870546257,5.476270079050052e-05,0.006198376516300373
2,mlp,3722,1,1,1.6200215461982179e-07,0.9999988033805841,1.0342564864919327e-06,1.2200083759749358e-17,3.607747202029586e-10,8.536350306452362e-17,4.0258427042697905e-23
2,mlp,5380,2,2,6.188251497770485e-06,1.592367760722412e-05,0.9970791466403308,1.3422568933280717e-10,0.002898544094880976,1.8845502362795932e-07,8.74643386199171e-09
2,mlp,1225,5,5,1.942370047681721e-05,1.4017575076631626e-07,8.488587415872329e-07,0.0007520113701637832,1.7035258034523038e-05,0.9989695585998871,0.00024098203694521475
2,mlp,215,5,5,8.585769286148384e-06,1.5720902511835017e-07,4.6869901022130283e-07,0.010538854069207598,2.618727351054202e-05,0.9890166611095167,0.00040908587044364295
2,mlp,4387,2,2,0.0004221189032132872,6.445049258876723e-06,0.9888373792203987,4.8470922836433e-08,0.010682251488498887,4.5695845717174225e-05,6.061021990489782e-06
2,mlp,10383,3,3,1.7800296640364494e-07,5.835045755692892e-07,1.0757020058387167e-07,0.999214913768183,1.4820188433904845e-05,2.5121459538766444e-05,0.0007442755061018785
2,mlp,3360,1,1,0.00013736632399414934,0.9864013910515247,0.013460853557618791,2.4371624612953087e-12,3.8898440375527674e-07,8.001434801933743e-11,7.445369579560895e-15
2,mlp,3623,1,1,5.469731536627652e-09,0.999938630239507,6.136313793541288e-05,2.68162330885004e-17,1.1528259051026987e-09,1.0568641242827633e-16,1.0934694084476698e-21
2,mlp,7415,6,3,1.0053752407453867e-05,2.6617978662657535e-05,9.86234404132543e-06,0.973402782302935,0.0013877396107719144,0.0005513341165174122,0.02461160989466424
2,mlp,1312,5,5,4.45599224810928e-06,5.259001279645536e-09,1.6872304551519892e-08,6.19681204154713e-05,1.5206286200286502e-06,0.999903991130159,2.8041997251477298e-05
2,mlp,7049,4,4,1.989157846115898e-05,1.1016120327753172e-06,0.026536330175991597,1.035370173695252e-06,0.970811341313248,4.861019660966918e-05,0.00258168975348322
2,mlp,3449,1,1,0.0001589573926913776,0.9982383777312451,0.0016023519388937114,3.6036355158897744e-14,3.1293462822976017e-07,2.505265801377773e-12,1.9719474017408864e-17
2,mlp,3833,1,1,3.1455682835209274e-10,0.9999999904090054,9.273754622342198e-09,3.131034456847054e-20,2.68308939412132e-12,6.179955016785027e-20,6.4159263730323404e-27
2,mlp,4181,2,2,0.013696398818796345,0.00015414061290392294,0.984820280029077,6.482989007864848e-07,0.00068521729131842,0.00032017473089126076,0.00032314021811241515
2,mlp,10840,3,3,1.8868239251912051e-07,1.3008057537583381e-06,2.292745411947218e-07,0.99945818169629,3.362685286913085e-05,4.424716782303055e-05,0.0004622255203302528
2,mlp,442,5,3,8.546591913232796e-05,1.8638419848452618e-05,3.93254180065519e-05,0.6963663751362547,0.0009027974455332769,0.2720325166669858,0.030554880994239
2,mlp,8079,6,6,0.0018348966009806087,4.520765844555862e-05,0.00016050398935088796,0.04079088409347647,0.20917306000703012,0.0025044475047150674,0.7454910001460013
2,mlp,44,5,5,1.3057144684368183e-06,3.034465689130051e-08,1.1749752464268856e-07,0.010276886067720632,9.123715280834761e-06,0.9896196537712095,9.288288913898876e-05
2,mlp,4003,2,0,0.7010542630702907,0.00021087389148083383,0.2705812002687814,1.1068438938741577e-05,0.025544659121732007,0.0018031459395876483,0.0007947892691884218
2,mlp,12232,3,3,1.6287798051743753e-05,3.185338495104942e-05,6.4633082181310576e-06,0.9039145690676119,0.0013595477320603195,7.13385447114093e-05,0.09459994016439563
2,mlp,3851,1,1,8.329715801019884e-10,0.9999998463534375,1.5276683417465376e-07,1.1355899933616383e-20,4.6756922573029255e-11,8.552717187403855e-20,8.732406540332698e-27
2,mlp,868,5,5,3.5348160383033394e-06,1.8737586497745732e-08,9.685736861680987e-08,0.0003508160375584415,4.352471223255743e-06,0.9995875913152894,5.358976493553382e-05
2,mlp,10325,3,3,1.5158932212579738e-08,3.139159952209452e-07,2.11510893206564e-08,0.9999148482105719,1.786235065183102e-05,5.8558076124532024e-06,6.10834051470631e-05
2,mlp,10491,3,3,6.128127283822196e-08,4.5303322819721355e-07,5.8237217957396265e-08,0.9991625242858265,1.892341088933252e-05,5.637916447163897e-06,0.0008123418351180092
2,mlp,9579,6,6,0.0008099524662642845,1.5748525683252637e-05,0.000466593418942458,0.001070845107621948,0.0064129234533548,0.001359556128919444,0.9898643808992138
2,mlp,4475,2,2,0.002620297660311663,9.398514232516519e-05,0.9936070013856054,1.752643148928737e-07,0.0036098397257278577,4.452832960403713e-05,2.4172492111078306e-05
2,mlp,807,5,5,2.6645190020244026e-05,7.018611052599911e-07,3.0356221931976955e-06,0.009774886951211627,7.026390943250397e-05,0.9888054030726434,0.001319063393393696
2,mlp,7313,4,4,0.0001281946865203166,3.009714625793781e-06,0.017605206501002547,2.057861852634625e-07,0.981943202992268,7.532559247719658e-05,0.00024485472692115936
2,mlp,2041,0,0,0.7998858420811339,9.034549620969594e-05,0.0006972855717310055,0.0026530982473959934,0.003993566823892083,0.09982198979431975,0.09285787198531756
2,mlp,1967,5,5,0.021650357651731175,5.8253017050033355e-05,0.0008702363525342395,0.0010166658632078127,0.0006528298246558172,0.9619320242923866,0.013819632998434153
2,mlp,12477,3,3,3.598566137947655e-05,2.2859724759033142e-05,2.3143180822976684e-05,0.9442516448483337,0.000649685051870923,0.005542721664223589,0.04947395986861042
2,mlp,877,5,5,0.00035177262292452927,7.644974701838564e-06,2.1523030772676918e-05,0.032470434218878894,0.0003550626748879174,0.9492613555186692,0.01753220695916509
2,mlp,3136,0,0,0.9996742622584618,5.511443797117853e-05,0.0002287514000828712,9.387510679413346e-09,3.427040510315516e-05,7.5881712531923445e-06,3.9396172678198374e-09
2,mlp,132,5,5,5.813085046977808e-06,9.818091606874203e-08,3.6872053493250097e-07,0.011906834670824063,1.9714161537704357e-05,0.9876589004975684,0.00040827068357174995
2,mlp,961,5,5,0.0004158101213257745,1.5146108186259258e-05,5.0266096516350436e-05,0.06933313284519357,0.0006829088823371426,0.886773687609123,0.042729048337317985
2,mlp,11586,3,3,2.3856914774609365e-06,5.96794370233937e-06,2.1031479475419454e-06,0.992932203312387,0.00013898321488879783,0.00019858931212911755,0.006719767377467723
2,mlp,11602,3,3,1.639116137274401e-06,3.80644517504707e-06,1.3963787347361108e-06,0.9881575226506997,0.00014379515415226674,8.944855970953214e-05,0.011602391695391448
2,mlp,2729,0,0,0.9953942226437904,1.305177257092775e-05,0.0037275996050309137,1.2689933109689976e-07,0.0007620688558116244,0.00010191676871100698,1.0134547537582304e-06
2,mlp,5055,2,2,0.00037058654891581857,0.00015269629713586107,0.9993554847948664,8.537821739574029e-09,0.00011793977846085079,2.4512221009680045e-06,8.328206982590696e-07
2,mlp,7379,6,3,0.04795875296277116,2.3471093296247826e-05,8.561294382571765e-07,0.46643182139948003,0.0016005915572803642,0.4659082425566692,0.018076264301064664
2,mlp,5318,2,2,0.0612289384514982,0.0014656269695008351,0.9326959393562715,1.2683677447472968e-08,0.004601976637527217,7.364182511898788e-06,1.417190126558492e-07
2,mlp,3124,0,0,0.9999975423213897,2.8998589989089747e-07,4.121103642721566e-08,1.9890876901991525e-10,1.637870642544904e-06,4.884002649659509e-07,1.1857721393116632e-11
2,mlp,10645,3,3,4.1690996820566335e-08,5.369452405749215e-07,4.977020653787801e-08,0.9994552169915191,6.563101671451958e-05,5.303821115352814e-06,0.0004732197642069466
2,mlp,8048,6,6,0.0006608269288787128,6.847241682523041e-05,0.00020124822236290902,0.1173568750025942,0.002248763040122369,0.04163716761626311,0.8378266467729536
2,mlp,5265,2,2,1.9456362734815263e-05,2.0823172055718865e-05,0.9998795064290597,2.0106753678511528e-10,8.007973943165167e-05,1.2879397110624134e-07,5.301679593237227e-09
2,mlp,12795,3,3,1.9810858486109893e-05,1.9475692262492785e-05,2.565963049086396e-05,0.9657820728813906,0.0006868877843960178,0.015643645250551702,0.017822447902422406
2,mlp,8262,6,6,0.0022624325604692344,0.00023229206535362428,0.0005498604307237147,0.16486371061796554,0.007622921737796104,0.0481413127147368,0.776327469872955
2,mlp,7562,6,6,0.0002474029595988644,6.548391954127473e-05,9.848091470280908e-05,0.20968320831400328,0.001178286616062583,0.000878843756724841,0.7878482935193664
2,mlp,1561,5,5,7.49372146843505e-05,1.497587477104657e-07,4.504526307555758e-07,0.0002809836755995276,1.3520526803422112e-05,0.9992861993762572,0.00034375899527718234
2,mlp,12155,3,3,1.1749891224654692e-05,9.37680114671131e-06,8.938304514865011e-06,0.977357343028139,0.00027596004835063036,0.0033350102441494175,0.019001621682474688
2,mlp,8330,6,6,0.00018185355808127582,2.02757916617185e-05,0.00012572836941894335,0.007533023491855728,0.0011617079174780082,8.496104821103993e-05,0.9908924498232933
2,mlp,7775,6,6,0.00039213759806019574,0.0001626902570197526,0.000159188386079648,0.18497478001775147,0.003207118314152813,0.0006437942381350053,0.8104602911888011
2,mlp,10338,3,3,1.51544461327714e-07,5.854521541214937e-07,6.71334867526068e-08,0.9966414944327568,3.287123519972573e-05,5.361696557565955e-06,0.0033194685053836927
2,mlp,13142,3,3,0.0002757660463333508,0.0001592025018260696,0.00014396506076978042,0.655811164410962,0.0023830146769998313,0.0035736318536019264,0.33765325544950703
2,mlp,4245,2,4,0.03380953980352857,4.3659069398332794e-05,0.21148834525989282,7.544452277868678e-07,0.7540868047280774,0.0004044498839001875,0.0001664468099747367
2,mlp,180,5,5,1.6476841736967877e-06,1.9127859231393495e-08,8.309367087341249e-08,0.002420794242765578,5.278329717695496e-06,0.9974983021716515,7.387535016138919e-05
2,mlp,3321,0,0,0.9999627767195084,4.538209315405123e-06,2.2361039019824618e-05,7.255613215106212e-11,9.814178321669865e-06,5.0974365278145e-07,3.76256476242616e-11
2,mlp,6022,4,4,9.1783124139362e-08,6.579124885830179e-08,2.4314640892609874e-06,5.846137666579416e-07,0.999961629380623,3.64050477128472e-06,3.15564623767951e-05
2,mlp,1945,5,5,0.01630226025322908,1.8609935597322053e-05,1.3452824439863e-05,0.0008957197414286769,0.00024715384468362866,0.9810320806672874,0.0014907227333340635
2,mlp,4827,2,2,0.020117984610534836,0.00011451204882749395,0.9351687269507853,7.057171855145891e-08,0.04450126703169629,8.785183478707076e-05,9.58695165049174e-06
2,mlp,269,5,5,1.3548541677680925e-06,2.1574381609692027e-08,9.2091160618038e-08,0.001957225533975254,5.651234515303991e-06,0.997992792456842,4.286225495743459e-05
2,mlp,9010,6,6,0.003477762991014743,8.205770280669343e-05,0.0013498421024684426,0.01305977805681094,0.002739440139137978,0.05801653174065731,0.9212745872671038
2,mlp,292,5,5,1.5796407881755762e-06,2.930211745703437e-09,9.480332833687782e-09,0.00021384865729409325,1.0945139271204395e-06,0.9997517200903868,3.1744687059378947e-05
2,mlp,2002,5,5,0.00544142349568348,9.298301804782454e-06,0.00027899073578146875,0.0001072737186401345,7.352801985085183e-05,0.9934868404139967,0.0006026453142423949
2,mlp,12153,3,3,9.012543359345898e-06,1.579310328622383e-05,7.315191111560158e-06,0.9862568542948952,0.00042777634796042566,0.0008364835133782142,0.01244676500600917
2,mlp,6514,4,4,1.1408899265074249e-06,1.5638079445133068e-07,2.5172603283783574e-05,1.9337236906798e-07,0.9999374788854614,4.790072096748765e-06,3.106779606812001e-05
2,mlp,2519,0,0,0.962086575902645,3.397709987334482e-05,0.0370608359833669,1.0533511850956133e-06,0.00031902945125042014,0.00044009625485997845,5.843195681935679e-05
2,mlp,9840,6,6,0.16892239807587164,0.00027725730030158866,0.03805683400416977,0.0010253825529313357,0.0051978663309297955,0.031079845954654274,0.7554404157811416
2,mlp,12365,3,3,4.438278931264451e-06,1.3105083691416365e-05,6.105549062265283e-06,0.9902116989751868,0.0004482468674776097,0.0005105700609585017,0.008805835184692143
2,mlp,4929,2,2,0.00012710152866697452,0.0001360227866993935,0.9996496254744903,4.376040924298312e-09,8.60172736220926e-05,1.115312011046056e-06,1.1324846939971015e-07
2,mlp,12047,3,3,1.5100615670385666e-05,8.254762229881164e-06,8.539252864292926e-06,0.9650838309772194,0.00026224575955093667,0.004263873911113836,0.03035815472135133
2,mlp,5756,4,4,0.004144650275063419,4.571738307845674e-05,0.001141154349607941,0.0011325828979935908,0.9372814356650625,0.0022200508899964657,0.05403440853919748
2,mlp,3086,0,0,0.988834930901303,4.930916535756587e-05,0.011019327143476393,3.585890316889347e-08,5.8517119658888554e-05,3.7581094493192125e-05,2.9871680752869957e-07
2,mlp,13485,3,6,0.00039815084870170896,0.00012076169770377234,0.0001176653683844745,0.21375095121579127,0.01534180174613831,0.001941315641414721,0.7683293534818657
2,mlp,1035,5,6,0.0010870295584497272,9.463430684950832e-05,0.0001350180051403145,0.24496300497186752,0.0022843388030415676,0.01797061552302033,0.7334653588316311
2,mlp,2067,0,0,0.9838383476078838,1.788041031446271e-05,4.860781228731066e-06,8.88838114009003e-05,0.01348932886026292,0.0023110270804953927,0.00024967144841370897
2,mlp,10538,3,3,1.1098494224405556e-07,7.832881861359049e-07,8.511340040324692e-08,0.9989565809567422,3.051872783165962e-05,5.742484660981865e-06,0.0010061784442363254
2,mlp,4459,2,2,7.564818311905783e-05,2.8321818086486373e-05,0.9996543676677668,2.940435787593416e-08,0.0002321794252760014,5.012977557400778e-06,4.440523836389339e-06
2,mlp,9612,6,6,0.010743299105499452,7.502944781954504e-05,0.005193476575170495,0.0008516505148846665,0.0007422988112091079,0.0033831568734355496,0.9790110886719812
2,mlp,8848,6,6,0.002139101942291972,4.292367968012363e-05,0.0007218745884396688,0.0031984368090255083,0.0007128070612733349,0.001253349563864355,0.9919315063554249
2,mlp,23,5,3,3.134545564094312e-05,3.628486946913857e-06,5.2762990701168745e-06,0.8301383062454828,0.00024606923993882696,0.15919929444628583,0.010376079826634573
2,mlp,7942,6,6,0.00020835091682770473,0.00011184800778360478,0.00010187946671782279,0.31805148290734603,0.010278200600211097,0.0021414272214884244,0.6691068108796253
2,mlp,202,5,5,3.3970364236632593e-06,1.1302237242496811e-07,3.893758170605881e-07,0.010817951717833457,2.2304702045016974e-05,0.9889599382378089,0.00019590590769937122
2,mlp,6158,4,4,1.8691833657208038e-06,1.744424988318595e-06,6.871283495275761e-05,1.6975221888826247e-06,0.9997806563362576,1.661845453899724e-05,0.00012870124370766177
2,mlp,6950,4,4,0.0011151585949108578,7.060998934683567e-05,0.08482399603023057,1.4888257678352514e-05,0.8993510304395193,0.001231806649997745,0.013392510038316355
2,mlp,12311,3,3,1.1169252914876085e-05,1.637945482620549e-05,1.0776665552459922e-05,0.9777951281164788,0.0003846575480565369,0.001091831022966648,0.02069005793920439
2,mlp,4540,2,2,0.0007776619929819757,6.214557577561877e-05,0.9989536262778237,3.409775491742662e-08,0.00019645946597112384,7.38630590710175e-06,2.6862837852671207e-06
2,mlp,11521,3,3,2.480463797138749e-06,2.808517062243936e-06,2.564801831313108e-06,0.9931627618509864,9.067070152865511e-05,0.0026592973661953632,0.004079416298598796
2,mlp,6847,4,4,5.2123385714460775e-06,3.06639684471488e-07,0.0001215763641396973,2.425839027567718e-07,0.999785927742482,9.804817295241887e-06,7.692951392448121e-05
2,mlp,4231,2,2,0.014887241019898335,0.00013871908581693332,0.9834315964157998,6.538727009612688e-07,0.0012802883563967904,0.00016206937917215576,9.943187021475994e-05
2,mlp,8700,6,6,0.0001950526749625177,2.5521092239919992e-05,0.00010116247030635829,0.013230311804540738,0.0019848719674181348,0.001008711705873918,0.9834543682846584
2,mlp,9530,6,6,0.0023782997269162086,4.805993604098469e-05,0.002264350585819807,0.0012748028499037823,0.007600895077084565,0.00576510187154829,0.9806684899526864
2,mlp,8384,6,6,0.007940336284929262,3.845669412057787e-05,0.00034460914335959135,0.02011511011237619,0.23990116530371627,0.0035704425645165902,0.7280898798969815
2,mlp,8886,6,6,0.00128625591046285,2.4881386978831532e-05,0.00025569758737839596,0.003091226190642622,0.002177047887370828,0.0011520570905021984,0.9920128339466642
2,mlp,7488,6,3,0.00016899284792019662,7.525380722073315e-05,3.074283358060187e-05,0.5575561661739686,0.017278364825344294,0.0007546142983730636,0.42413586521359253
2,mlp,8477,6,6,0.0021231253862265746,6.370684174265743e-05,0.00031634743695129136,0.014346867111508243,0.0023862952143048704,0.003855656886227531,0.9769080011230389
2,mlp,10847,3,3,4.1062475751961655e-07,1.554326524386296e-06,2.7554033233673925e-07,0.9964955539630941,3.992582899884187e-05,2.2042059909972772e-05,0.003440237656382893
2,mlp,1009,5,5,1.9487272254143524e-05,3.8883382333952905e-08,1.216609450806029e-07,0.0003831343815526075,6.423935896460055e-06,0.9993776003973186,0.00021319346865069174
2,mlp,2424,0,0,0.997407069242779,1.3907998581132062e-05,0.0021406392836050983,1.0374717424388575e-06,6.983591304641886e-05,0.00035455397607967874,1.2956114166058064e-05
2,mlp,9695,6,6,0.003305859062094849,2.3671674458437743e-05,0.0020194945896042974,0.0005573684605862362,0.0015649764080042728,0.0036978746544141967,0.9888307551508377
2,mlp,15,5,5,1.1739119199958002e-07,7.146878634879198e-10,2.2353111846753515e-09,0.0005025276107069301,4.155520049273946e-07,0.9994912563940541,5.680102043120762e-06
2,mlp,1114,5,5,0.00033558714930079545,3.620552519524036e-06,1.3633723718171344e-05,0.011222127602333026,0.00018949305342513145,0.976949892251391,0.01128564566731225
2,mlp,12522,3,3,2.7284076344331168e-05,2.8598871318970892e-05,2.1720591059279376e-05,0.9666591312056887,0.0007221802840720253,0.0030054510222238436,0.0295356339492931
2,mlp,9808,6,0,0.4888432958977462,0.0001698145396771674,0.040031979904985374,0.000901285856329064,0.0035897010885748834,0.012776170356428227,0.4536877523562592
2,mlp,7680,6,3,0.00031067138434677294,0.0001665528488331293,0.00018403570520462542,0.6519022945868614,0.00291582748606532,0.006553010605032589,0.33796760738365617
2,mlp,10557,3,3,6.587533256424049e-08,2.918255438253618e-07,1.2407840270892365e-07,0.9996510668008466,1.1631904005887877e-05,0.00019042868176992697,0.000146390834098193
2,mlp,6969,4,4,0.00019802273426624916,1.0613132358453492e-05,0.00803051194253938,3.4680775718434148e-06,0.9898289521186051,0.00025439494793304853,0.0016740370467260054
2,mlp,9877,6,6,0.015627559794782662,1.2886857904371732e-05,0.0038976000722840158,0.0002315768325886638,0.0041023896804808216,0.002231814813049594,0.9738961719489098
2,mlp,10250,3,3,1.0343351121319981e-08,2.4051225646194594e-07,1.533946418431599e-08,0.9998789244340264,1.9063193319776616e-05,2.7151422775172407e-06,9.90310353045459e-05
2,mlp,6602,4,4,1.0543285628819843e-08,3.797139302814021e-09,6.182814739786609e-07,1.0232035187525691e-08,0.9999971791585425,4.348784300609037e-07,1.7431090934912875e-06
2,mlp,12355,3,3,1.908298205855115e-05,1.532931683802183e-05,1.5134942605207705e-05,0.9760538983483327,0.0004561568312742422,0.0071745351650068555,0.016265862413884547
2,mlp,10577,3,3,4.282456862879176e-08,4.7600759555485745e-07,8.238924747607378e-08,0.9998603023052247,1.7242368875005294e-05,3.4951545736029465e-05,8.690255875271177e-05
2,mlp,872,5,5,2.162823823190319e-05,3.439758764817595e-07,1.6422822473054344e-06,0.0037274625430841735,3.687220969597931e-05,0.9955590616513494,0.0006529890995148279
2,mlp,8283,6,6,0.002686358623909839,0.00016762501216142304,0.0004523049509073041,0.08124138998484155,0.32674984211166114,0.004699975995133282,0.5840025033213855
2,mlp,1922,5,0,0.8554188507725813,2.1950114260369146e-05,7.465339099513227e-07,0.0006072849213531958,0.00032626761519268313,0.14337524788306472,0.0002496521596377687
2,mlp,6886,4,4,5.763616288250254e-08,2.2240509878323932e-08,0.002006391223622618,1.8274630245533268e-09,0.9979660998632173,1.9265024031764675e-06,2.5500706621271427e-05
2,mlp,4736,2,2,0.00020839171459252525,3.687202770428365e-05,0.9965923353431213,2.0357265292344958e-08,0.0031493467333086785,9.231024255648866e-06,3.8027997521734162e-06
2,mlp,12448,3,3,2.5542769921163354e-05,1.6451979719050823e-05,1.8783010861314428e-05,0.9676213076600154,0.0005224168098813386,0.013193369665538805,0.01860212810406289
2,mlp,2122,0,0,0.5416384455755213,0.0007018673774608286,0.19232362033045985,0.0009542411451533055,0.0032927313901846057,0.07726955511039353,0.1838195390708267
2,mlp,656,5,5,8.09683667468149e-06,6.00897260985223e-08,2.5768215227603627e-07,0.0016475968180705385,1.2132959403247185e-05,0.9980954522120512,0.00023640340192186506
2,mlp,12219,3,3,7.505651506804973e-06,1.2627490836367542e-05,8.038099305243316e-06,0.9891809993939227,0.0003239713305882456,0.0014175443100890692,0.009049313723751683
2,mlp,8240,6,6,0.0001528735512410431,2.052054371463744e-05,8.570202880002759e-05,0.013057039340090256,0.06764974741335233,0.0005514718650019275,0.9184826452577998
2,mlp,7946,6,6,0.00014677781494382253,4.245130234065753e-05,0.00011233110271640895,0.06347575479375467,0.0014356359160698094,0.0002671681227763604,0.9345198809473984
2,mlp,5777,4,4,2.6635243341844956e-06,3.780245054344822e-06,4.232920782210421e-05,2.980930289989335e-05,0.9993407331964886,4.1144280040557764e-05,0.0005395402433599668
2,mlp,4353,2,2,0.08004741214724183,0.0002119978652140185,0.918783059102307,7.495913965077554e-07,0.0007378519458529404,0.00020122440658115794,1.7704941406479042e-05
2,mlp,4478,2,2,0.03715963674834288,0.00017201766303055847,0.9617032451620916,3.958187358828029e-07,0.0008403854166335401,9.932392155069873e-05,2.4995269614875307e-05
2,mlp,9450,6,6,0.0016511296256382308,2.1143323292955714e-05,0.0011394862735667364,0.0006821970910512069,0.0005656327249971114,0.0009318158444556643,0.9950085951169981
2,mlp,1569,5,5,4.260827375238902e-05,3.2714719185577463e-07,2.048443679784682e-06,0.0007616630175942579,3.1789152577103794e-05,0.99874739175162,0.00041417221358457427
2,mlp,3730,1,1,1.7072359714884842e-09,0.9999989848482158,1.0133488137032377e-06,2.1162569804655432e-18,9.573441509482721e-11,3.853202184300186e-18,1.2841550416071786e-23
2,mlp,1089,5,5,1.1031255082243898e-05,8.584082650898981e-08,4.731233197793088e-07,0.0007139253890108416,1.0976903029072713e-05,0.9991130437907856,0.00015046369794600027
2,mlp,5048,2,2,0.1470250849704403,0.0009149467460920803,0.8516561753588433,1.7204928585048872e-07,0.00011557477466508275,0.0002847998643544642,3.246236318859853e-06
2,mlp,5916,4,4,2.606288624790817e-05,6.611719009904476e-06,0.00031100163083603785,2.3695416451828208e-05,0.9971322576199754,0.00011920467217943228,0.002381166055299589
2,mlp,2674,0,0,0.9999446402036593,8.4205830426013e-07,2.006900922710225e-05,2.524031129871818e-08,1.8069379202068586e-05,1.6274614134729454e-05,7.949516126664057e-08
2,mlp,7003,4,4,2.405560517420074e-07,2.2268409324845835e-07,0.000160396310842927,1.5280109560539445e-08,0.9998316069385655,2.438133972969907e-06,5.0800963640705975e-06
2,mlp,6088,4,4,1.2925706229804267e-07,3.370324437615024e-08,2.4283958207047767e-06,1.9940869280455353e-07,0.9999755394900944,2.725466533281683e-06,1.8944278552236856e-05
2,mlp,7940,6,6,0.00027751259245123217,3.1404482439784187e-05,0.00011478662041795923,0.018098687414564732,0.00092186313544701,0.00026526739831023453,0.9802904783563691
2,mlp,1583,5,5,0.0039101746078219046,0.00012264901400961835,0.0007278323047316514,0.04611053026927683,0.003185400155551331,0.6108742656488074,0.3350691479998013
2,mlp,2229,0,0,0.9960759343845629,2.9713733965358415e-05,0.001292029983220716,1.071277298683041e-05,0.00014936627847099944,0.002348989341928695,9.325350486449232e-05
2,mlp,6608,4,4,0.00010428241315822617,3.2558566558309747e-07,0.00012735342597147337,1.6414466672417172e-06,0.9991998173665464,4.895055656594961e-05,0.0005176292054249454
2,mlp,2905,0,0,0.9995542654746786,0.00011205236015773151,0.00025478561073372227,1.4740303831184626e-07,4.340802835337284e-05,3.5280504512486476e-05,6.0618525602668e-08
2,mlp,13298,3,3,0.00040829103222417545,0.00014773858601083143,0.00020427152021380152,0.7621835327204128,0.004288537587693202,0.05619305002303228,0.17657457853041283
2,mlp,7499,6,3,0.000526248932436042,8.544176395528239e-05,0.00010919499729677178,0.5025462309715453,0.0016791035398738636,0.014749869118304027,0.48030391067658873
2,mlp,6155,4,4,6.897028681588162e-06,1.9403892849746497e-06,6.974942356320438e-05,1.7715417504416738e-06,0.9997898676672334,2.139800390085474e-05,0.00010837594558550353
2,mlp,7910,6,6,0.0003327630451472066,0.00015370600047634063,0.0001947207089002786,0.26316334185610446,0.006689206998564743,0.0022107254237000986,0.7272555359671069
2,mlp,4978,2,2,0.010436729269850174,0.00028190013815971687,0.9885793280940806,2.7825885374377747e-08,0.0006847283023657596,1.57620187498153e-05,1.5243509086854055e-06
2,mlp,10986,3,3,2.7045851414804326e-07,2.1337171282021375e-06,2.910483862164204e-07,0.9845718760313708,0.00037058864520522967,1.0024821883729848e-05,0.015044815277511676
2,mlp,9061,6,6,0.0009625471319085575,2.433834326442786e-05,0.00038821482344941966,0.0020705166264119545,0.0018183681667810103,0.0009852315123544467,0.9937507833958302
2,mlp,7264,4,4,0.0001700704893253282,1.2424977306084784e-06,0.00621601594678383,2.3027366137918322e-07,0.9933603343812896,3.557127555556119e-05,0.00021653513565389113
2,mlp,3636,1,1,2.1090805055951674e-07,0.9995839965294848,0.000415773565714929,1.4048192975867154e-16,1.8996745921385965e-08,3.61806637357558e-15,1.1117853841132997e-20
2,mlp,5557,4,6,4.4596904573059155e-05,5.658371034101001e-05,4.619987538756577e-05,0.17761865356170406,0.3749230721013336,0.0004984060763614199,0.44681248777029925
2,mlp,11693,3,3,4.215735575321503e-06,7.398835525940923e-06,2.3846845635679024e-06,0.9762133426703947,0.00015815033723079485,0.00011072108728738187,0.02350378664942209
2,mlp,3898,2,6,0.0054309813288049005,3.9857686884405326e-05,0.03199647568016076,0.00018932310088795435,0.03140801203445303,0.0037542982012826,0.9271810519675263
2,mlp,82,5,5,1.2238490105622757e-06,1.3640359093889002e-09,2.984611483761379e-09,0.0001930877304958624,6.120329056468457e-07,0.9997782531870838,2.6818851856671353e-05
2,mlp,233,5,5,1.0969505151102875e-06,1.7532416667229985e-09,5.36786910969151e-09,0.00017700638903430247,8.324398799185389e-07,0.9997978410544004,2.321604505966616e-05
2,mlp,2296,0,0,0.9707344647106575,2.2992509668072933e-05,0.027063902875780314,6.16072297756079e-06,0.0005803382855088583,0.0008860931881577663,0.0007060477072496258
2,mlp,12453,3,3,2.2475668512326575e-05,1.7740424765026324e-05,2.1403768951546214e-05,0.9673471670820967,0.0006199921515980351,0.01033370318175073,0.021637517722325462
2,mlp,7893,6,6,0.0007862899473100736,0.00019515026545133696,0.00021219871388167578,0.3095391652986764,0.008469924583307207,0.006492171648543308,0.6743050995428299
2,mlp,12658,3,3,3.6478216595634236e-05,2.5859331456495793e-05,3.107809460136941e-05,0.9561989967510093,0.0007806642826584757,0.011452977407347825,0.03147394591633094
2,mlp,6397,4,4,2.326041950214125e-06,1.45005528160699e-07,2.3949083175221167e-05,1.8141860670602074e-06,0.9989476930632705,2.0591958861212056e-05,0.0010034806611476424
2,mlp,2842,0,0,0.9998763808926485,8.229223774894973e-07,7.912171169326242e-05,8.558662431878585e-09,2.6788234013954605e-05,1.6799009105806678e-05,7.867149860087658e-08
2,mlp,12056,3,3,2.4139868458834208e-06,6.5154536731997106e-06,2.717855575737867e-06,0.9856106098825168,0.0003417359942921047,0.00019662471772538897,0.013839382109370933
2,mlp,4585,2,2,0.0004976440148596025,7.959630877648773e-06,0.9974110701348975,1.814256245061252e-08,0.0020635536227827825,1.8635930994480432e-05,1.1185230254616933e-06
2,mlp,5039,2,2,0.0022784757089674593,0.0001358305359805561,0.9970349553535661,1.9921099715423054e-08,0.000540312242252543,8.695686562396708e-06,1.7105515712267464e-06
2,mlp,921,5,5,3.162623462988195e-06,3.017291266431331e-08,1.6929528605657983e-07,0.000602762648015328,6.709819776778584e-06,0.9993278628263658,5.9302614180286276e-05
2,mlp,1993,5,5,0.001774351686899049,6.309077039451138e-06,0.0002508674763555541,0.00014292495152867422,8.355301360569817e-05,0.9968815079209943,0.0008604858735772772
2,mlp,9533,6,6,0.0694504272432563,0.00019446515494556997,0.0071014988814323944,0.0033108110441947766,0.0028833579541130945,0.3334769977280209,0.5835824419940369
