seed,model_name,sample_id,true_label,predicted_label,class_0_probability,class_1_probability,class_2_probability,class_3_probability,class_4_probability,class_5_probability,class_6_probability
3,logistic_regression,1223,5,5,6.980802365072253e-06,4.4384160444882615e-09,9.816237599104916e-10,8.84588847696716e-05,2.1685524081127435e-10,0.9998097713824515,9.478329351866853e-05
3,logistic_regression,11769,3,3,6.3936857703002935e-09,7.949108896388823e-13,1.1552577438606383e-09,0.9938530777585514,1.022668279533384e-05,2.2985221520681418e-05,0.006113702787394184
3,logistic_regression,12059,3,3,1.8268463821965286e-07,4.3454741622931857e-11,7.537911306470896e-09,0.9746415053676319,3.803386926156594e-06,0.0014451526349075457,0.0239093483445303
3,logistic_regression,7126,4,4,7.623033005097418e-06,1.1092802760318801e-08,0.0018672378241806422,1.1237689519003226e-09,0.9979867062302664,2.562475312955602e-09,0.00013841813350084107
3,logistic_regression,638,5,5,3.1302001567922497e-06,2.1627024277636348e-09,4.296064199455635e-09,0.011842145406377336,4.467847600953562e-09,0.9867799626681707,0.001374750798681075
3,logistic_regression,13211,3,3,4.7128537826004564e-05,1.934417497999952e-08,9.553822719656516e-06,0.540274642083815,6.403391970045294e-05,0.022006086864673115,0.4375985354270909
3,logistic_regression,12549,3,3,9.717957390201683e-07,3.998277049539704e-10,1.491781403758896e-07,0.8825465475429638,3.107850290546841e-05,0.0035040625921802285,0.11391718998824311
3,logistic_regression,10682,3,3,1.7733395497868416e-11,3.573139459810504e-15,3.217780365323609e-13,0.9998542508426334,3.950796127113945e-08,3.7550773001324643e-05,0.00010815885834547642
3,logistic_regression,2639,0,0,0.9994506318780106,7.30589604674974e-05,0.00031422069415263087,4.774793328822637e-12,2.5494140096203856e-08,0.0001506863449251166,1.1376623529225306e-05
3,logistic_regression,11764,3,3,3.570253704970353e-09,2.291882044183088e-13,5.830876221654788e-10,0.9935871297791716,4.645887999727118e-05,8.897510097430695e-06,0.006357509677163181
3,logistic_regression,10311,3,3,4.3533349756925114e-13,6.104115065299924e-17,2.744709668417697e-14,0.999958086218657,3.584450047725295e-07,1.571228061981657e-07,4.1398213068995545e-05
3,logistic_regression,1606,5,5,3.613262428958164e-05,1.7773879040508628e-08,6.409990318392763e-09,1.3471152431814404e-05,6.667598912434202e-11,0.9999010662569947,4.930571573864887e-05
3,logistic_regression,10888,3,3,1.2579625124590744e-10,7.92277629201048e-15,2.3574277434830885e-12,0.9994807688455545,9.246670727060287e-07,7.192511499204706e-06,0.0005111138477122624
3,logistic_regression,13206,3,3,5.885759245093922e-05,5.802770783609369e-09,4.1821649794846024e-06,0.5768597624200794,0.00016080459229894157,0.008795156995087459,0.4141212304323332
3,logistic_regression,1755,5,5,0.0008364342487352756,8.396190407558924e-07,3.083788518710302e-05,0.004265115178785222,3.6283687081566495e-07,0.9567310602200256,0.0381353500113553
3,logistic_regression,8677,6,6,0.006107133519840796,2.946844858372194e-07,0.00013664194479817715,0.02029489691577701,0.0008573325659488413,0.015678832149246306,0.956924868219903
3,logistic_regression,6761,4,4,7.1815714166698706e-06,2.4833718848166727e-09,0.000317273590554208,1.3952685348307512e-07,0.9981669892992855,2.1459836600386623e-08,0.001508392068681706
3,logistic_regression,10611,3,3,4.075131076298951e-06,9.899345975367538e-15,4.299681763887372e-14,0.997460127880091,2.3477037859655907e-05,4.112080293904074e-05,0.002471199147981294
3,logistic_regression,13061,3,3,4.662646080582538e-06,9.49094862748744e-10,1.1284031195235776e-06,0.8070613911414378,8.289122812732315e-05,0.0041777863555693155,0.18867213927657076
3,logistic_regression,9005,6,6,0.008593588494606388,5.349823891157601e-06,0.0010112916180041707,0.015449553875789494,3.975219891609641e-05,0.3691249898102707,0.6057754741785221
3,logistic_regression,10789,3,3,3.346242790323321e-11,1.8499587957962395e-15,1.170868640714424e-12,0.99977666131403,6.941573602807356e-07,9.613640652897708e-07,0.00022168312990923316
3,logistic_regression,7761,6,6,4.71402634692983e-06,4.815053514416752e-10,1.7284488914610765e-05,0.10200038870086288,0.2627367443451025,4.6006393279572706e-06,0.6352362673179398
3,logistic_regression,289,5,5,3.781206574226851e-06,4.3824929611571483e-10,2.0443662049984643e-10,0.017983940115775008,4.733762587644088e-09,0.9810925864356257,0.0009196868655764758
3,logistic_regression,12370,3,3,2.0255808034137787e-07,3.950156342031504e-10,2.3337160110094782e-08,0.9353520554155111,9.094833670601282e-07,0.035130854246332624,0.029515954564532987
3,logistic_regression,6968,4,4,0.00015601630845401724,3.02664726533555e-07,0.02902852620353926,6.798654258743175e-08,0.9644080252550354,9.30672703599757e-08,0.006406968514431658
3,logistic_regression,1721,5,5,0.00021722429163009818,3.834880735351103e-07,5.63026559619881e-06,0.001610042969209997,3.869208033491247e-08,0.9892496586150489,0.008917021678361038
3,logistic_regression,6805,4,4,3.3289507022411904e-09,2.616782460269233e-09,0.01760760941595037,7.462178380119216e-11,0.9814363634616612,2.1801798926901848e-18,0.0009560211020335538
3,logistic_regression,1890,5,5,0.00027268731567005756,1.2195665022099593e-06,9.057390667734905e-06,9.753913720923096e-05,7.455472035196895e-09,0.9973101837848175,0.0023093053496613366
3,logistic_regression,3758,1,1,7.011939564266797e-07,0.9999788817965358,2.041700950789853e-05,1.5136092087758699e-44,9.618189315848683e-19,1.3632291041825834e-19,9.48750425545582e-28
3,logistic_regression,6354,4,4,2.764796226762876e-06,9.352250208564852e-10,0.00022193671329061364,8.411557899801123e-07,0.9978460488495379,1.0925910958778165e-08,0.0019283966240188435
3,logistic_regression,9741,6,6,0.006284488154687309,2.041930123774631e-06,0.025906864741850624,0.0008191221090664237,0.061115157678352,0.0001869881251477096,0.9056853372607723
3,logistic_regression,5171,2,2,0.1985785023998982,0.0036603932920560634,0.797749361737936,7.302893811142597e-14,5.2402617751287e-06,1.494876198836032e-06,5.007432062897234e-06
3,logistic_regression,2726,0,0,0.9995709633048164,5.695378468090432e-05,0.00033949887398983367,7.366748708539123e-13,5.557817962365592e-07,1.513517753916417e-05,1.6893076440760818e-05
3,logistic_regression,50,5,5,2.8820007240954174e-08,9.91672369680481e-12,9.057493852279624e-13,0.006759909271250821,8.326369709103959e-11,0.9932144964136629,2.5565400992921942e-05
3,logistic_regression,7845,6,6,0.000286382405857585,4.232823131423612e-08,5.532786707361043e-05,0.18527153547669375,0.0005788060192007456,0.0033570195928371528,0.8104508863101059
3,logistic_regression,2257,0,0,0.943824425259597,6.412305727258035e-06,0.007808318775418879,7.902548344538333e-08,0.031902975128506816,5.332883988838422e-05,0.016404460665378182
3,logistic_regression,11131,3,3,1.5311145370640983e-09,3.683872304465756e-13,5.021842238566729e-12,0.9951790530997966,2.525599510010253e-08,0.004267623412687232,0.0005532966950162382
3,logistic_regression,4829,2,2,0.029270795754538514,0.00022660879693726596,0.9696764401513379,1.1896635674599446e-12,0.0007919177574030128,1.9492314284236385e-08,3.421804627951926e-05
3,logistic_regression,9577,6,6,0.003127220454624644,1.2560245227064915e-06,0.01769083677808127,0.0011634391591431458,0.05471380515129363,0.00013408294444999233,0.9231693594878846
3,logistic_regression,8329,6,6,6.139485699979631e-05,4.684754615282222e-09,0.00010228768209172948,0.04014235582838701,0.1616650413684124,4.5829185502124516e-05,0.7979830863938524
3,logistic_regression,6061,4,4,1.0397132377598868e-06,3.7617719841586173e-10,0.00010774683737313209,3.1277867446953384e-06,0.9957447495185174,2.9984795936116176e-09,0.004143332769470236
3,logistic_regression,3405,1,1,0.0031069312984807404,0.9920477244095289,0.004845344291481546,7.442338727073032e-32,1.465196425468057e-14,4.938332710307434e-13,1.723059900746493e-18
3,logistic_regression,1795,5,5,0.0004097090557984559,4.0111655317196333e-07,4.882260715466105e-06,0.000614328812266534,3.658789068435608e-08,0.9924116175824996,0.006559024584275988
3,logistic_regression,6510,4,4,0.00014411504709187134,4.05535289754954e-08,0.004426742334006046,1.7426691233993663e-06,0.9814289183160629,9.910483347563374e-08,0.013998341975353311
3,logistic_regression,2322,0,0,0.9999865787422315,3.9323214317239266e-08,4.805768902820911e-09,6.064222720186976e-14,8.399367421815369e-11,1.3307018625963466e-05,7.002610507524206e-08
3,logistic_regression,7750,6,6,7.513917778687858e-05,3.198653748000858e-08,1.1121978093107331e-05,0.08849617969077253,0.0004048715698800143,0.0009889697647401487,0.9100236858321898
3,logistic_regression,6779,4,4,3.0481976522093394e-06,1.1979613536061947e-09,0.00021435175672023307,7.918068102007332e-08,0.9989772024665545,5.335402884418778e-09,0.0008053118650277616
3,logistic_regression,8012,6,6,0.00013020886894934765,3.730063310992155e-08,0.00013901230116106916,0.08497749675025423,0.0026039844342680744,0.000754505486578499,0.9113947548581557
3,logistic_regression,1844,5,6,0.00451230367220626,1.4371425908756642e-06,0.0005071997579006569,0.010693179448945813,0.00034627499444485495,0.0437309756089428,0.9402086293749689
3,logistic_regression,8476,6,6,0.0003481332606142777,7.827834040444578e-08,9.823904953892677e-05,0.00610117255211703,0.00433838565204036,0.00022869426440016985,0.9888852969429489
3,logistic_regression,9209,6,6,0.0012840358309933395,4.4270184212279397e-07,0.004098949340320534,0.009712912187616028,0.00723354474937122,0.00020763769818710597,0.9774624774916696
3,logistic_regression,2008,5,0,0.5353403612926039,8.827456725376939e-05,0.047892482787524254,0.000280401139477555,0.0002563383215816539,0.05857999054378824,0.3575621513477705
3,logistic_regression,3792,1,1,1.616611173311418e-08,0.9999988531882349,1.130645653426142e-06,1.0370211471668151e-47,1.8002601778307082e-22,9.346119215243458e-22,2.2994638340540237e-30
3,logistic_regression,1169,5,5,4.147255834621859e-06,6.579997876854353e-09,1.3830438070621808e-08,0.0016116475353471166,1.047524706971537e-09,0.9978128972209435,0.000571286529913942
3,logistic_regression,13514,3,6,0.00023963196044356354,2.2683306958563175e-08,0.00011439597487330936,0.1125684886366774,0.005948738448082036,0.0009842631401246252,0.8801444591564922
3,logistic_regression,6575,4,4,0.0006982285403176634,1.4448825142015754e-06,0.10086340487236199,1.524231353196947e-05,0.6376334011877611,6.021421302281039e-07,0.26078767606138276
3,logistic_regression,9409,6,6,0.00982864110956681,2.0507511773202976e-06,0.002566008910269831,0.008557392554258561,0.0010141607519583004,0.0178738071662768,0.9601579387564924
3,logistic_regression,4500,2,2,0.013784196304437321,0.00028438545439315007,0.9844745439966893,5.226646275132785e-11,0.0009595191639918809,4.103233007013021e-07,0.000496944704921111
3,logistic_regression,3558,1,1,1.3986268543997138e-05,0.9995453334214557,0.00044068031000048046,2.341878370993633e-38,2.181870269524122e-17,5.771060853736658e-17,3.423271644110406e-23
3,logistic_regression,5069,2,2,0.00761177641725999,0.0008403307779140529,0.9915200531749587,9.760213808338652e-14,2.096956180252164e-05,9.36075729089639e-08,6.7764603942736284e-06
3,logistic_regression,12381,3,3,2.4216364337860168e-05,2.3943972882055433e-10,1.0847571226202873e-08,0.901854557210474,1.1894839281114023e-05,0.02511300628568606,0.07299631421321019
3,logistic_regression,11994,3,3,6.776921681781083e-08,4.299955515547131e-12,4.793739333821591e-09,0.978891300211352,4.4639108266773914e-05,7.811781996040815e-05,0.02098587029316492
3,logistic_regression,5312,2,2,0.03681342111896675,0.003861173189077801,0.9593162242786806,2.309495529037568e-15,7.762656233673108e-06,1.6853851089317118e-08,1.4019031878394108e-06
3,logistic_regression,2736,0,0,0.9035406823139536,0.0004675308335086774,0.0955127709838351,3.3133845186518497e-11,7.109850417454982e-05,4.0026404589051144e-06,0.0004039146909353866
3,logistic_regression,3509,1,1,7.257579639600588e-05,0.9999087845049656,1.86396986271989e-05,2.0790571057441215e-37,2.743233495869823e-20,1.1353135939021512e-14,2.3884494339614414e-23
3,logistic_regression,6516,4,4,6.319140057533296e-10,2.0747668463634507e-10,0.001111945267314276,1.0353510200597375e-09,0.9974677219430946,2.490806018118042e-17,0.0014203309148493421
3,logistic_regression,2591,0,2,0.17878275730659385,0.00032364577128161947,0.8154893768365118,2.2351506675336617e-09,0.001164406815511469,4.992971644772165e-07,0.004239311737785905
3,logistic_regression,5599,4,4,1.7652353562679616e-06,3.310947071013851e-10,2.794241665365015e-05,0.043824183239911906,0.541729169009591,7.587267911698936e-07,0.4144161810406012
3,logistic_regression,3976,2,4,0.0005306503899274488,5.984236399615085e-07,0.058251552682725305,4.706120343287505e-09,0.9385760554042243,1.6035025770795634e-09,0.00264113678986005
3,logistic_regression,4781,2,2,0.08171536202011223,0.0006427406470052213,0.9173253090975576,7.940853442782554e-12,0.00022700317580355364,2.8510659248568528e-06,8.673398565545473e-05
3,logistic_regression,7684,6,6,2.4647021146588742e-05,6.213224322092036e-10,7.220905691767562e-06,0.47876096378248906,0.023176757146802042,0.00013973842475864038,0.4978906720977894
3,logistic_regression,4534,2,2,0.16462176229566192,0.00030434087567301923,0.8300742988998915,1.6615284564018563e-10,0.004081043480391124,7.056585959968443e-07,0.0009178486236335436
3,logistic_regression,112,5,5,9.136802480475147e-08,3.5840130203891146e-12,2.2822430517820436e-14,8.809250934132938e-05,2.9487509651503974e-12,0.9999107541383143,1.0619777638636277e-06
3,logistic_regression,3984,2,2,0.012771010588447092,0.00017649728897162678,0.9357296274501775,4.531764504348721e-08,0.009002814459951814,4.822975505522093e-06,0.04231518191930127
3,logistic_regression,4000,2,2,0.06124417065457837,0.00010298929179893854,0.8362009209049533,2.9603910845772737e-08,0.0626278079300771,5.75074537017199e-07,0.03982350654014462
3,logistic_regression,7209,4,4,0.060630585107523643,1.2537544703129946e-05,0.1634568608101362,3.332525710636297e-07,0.746040577199318,4.88625462024284e-05,0.029810243539545575
3,logistic_regression,6790,4,4,2.275735590469253e-06,8.485732860978082e-10,0.0001465684820054375,3.30031456971641e-08,0.9992661307692031,1.7676974860985015e-09,0.0005849893937845366
3,logistic_regression,1276,5,5,0.000594611243786354,7.134398137935953e-08,7.224030489485817e-07,0.015954322172766888,3.863049339714688e-07,0.9502512246911089,0.0331986618403735
3,logistic_regression,3316,0,0,0.9999620974679895,2.6996027464487343e-05,1.0868429425398923e-05,4.323542936442879e-20,8.698544914805172e-11,3.791762523562456e-08,7.05100340334274e-11
3,logistic_regression,12377,3,3,3.7090207177275733e-07,3.359762603757335e-11,1.3416741297096519e-08,0.9743529328585049,5.7583778199126305e-06,0.00198987562155165,0.023651048789712747
3,logistic_regression,10403,3,3,2.2082949810254196e-11,9.588087837470782e-16,2.512510031495682e-14,0.9999148369610807,3.8948060637939805e-08,1.7819539668844836e-05,6.730452908070579e-05
3,logistic_regression,886,5,5,1.5279576006730064e-06,3.766146213428708e-09,4.7875690449094275e-09,0.0021591635328248033,1.0574443726518484e-09,0.9973469968748241,0.0004923020235907981
3,logistic_regression,6246,4,4,2.365282509786745e-05,7.442664679699971e-09,0.0009667383717282706,8.977361688468257e-06,0.9866917183330296,5.420735766970088e-07,0.012308363592214338
3,logistic_regression,13071,3,3,2.9697016578010426e-05,5.992690366825443e-09,1.0127757857538585e-06,0.6551862013987855,3.400440582588587e-05,0.04251441321145017,0.3022346651988845
3,logistic_regression,11246,3,3,2.270635465057851e-09,4.707877714653424e-13,1.6462858932631564e-11,0.9971461655664232,7.267699752223898e-08,0.001917187110072557,0.0009365723589375288
3,logistic_regression,3103,0,0,0.9985390532057478,0.0006304474720226342,0.0007648955433421017,9.94107606083798e-15,6.316940164564078e-10,6.541054197705861e-05,1.926052064170248e-07
3,logistic_regression,12789,3,3,4.030850107452691e-06,1.3198492811721898e-09,1.525489933473693e-07,0.8709172869631727,2.7494442195024187e-06,0.06310236143315603,0.06597341744050167
3,logistic_regression,5647,4,4,3.083565375458878e-09,1.559816816322435e-13,5.9379184720715266e-08,2.4336832141529564e-05,0.9994795397851968,1.286745393493691e-10,0.0004960607910811483
3,logistic_regression,4532,2,2,0.33775482808544044,0.0009539863357679422,0.6605425686100803,9.00995893185672e-11,0.00017557022091592442,4.211987007091163e-06,0.0005688346706887543
3,logistic_regression,228,5,5,8.384438465912428e-08,1.7521988575954352e-10,1.5622887896520885e-10,0.022135762274520306,6.730436485234296e-10,0.9775866005209733,0.0002775523556291457
3,logistic_regression,11230,3,3,2.1484234445848875e-09,1.744966773139408e-13,5.674392147051412e-11,0.996636445773474,4.891575257570647e-06,1.8421197250796526e-05,0.0033402392486758335
3,logistic_regression,12610,3,3,1.4623236672451933e-07,1.2195445413384614e-11,3.349175539302402e-08,0.9461372422822487,0.0001793376128180659,0.0001278139104621856,0.05355542645815356
3,logistic_regression,1812,5,6,0.004312679252852848,2.080295790433706e-06,0.0010132399196402615,0.03500394715889955,9.082716639519682e-05,0.24264389980421833,0.7169333264022033
3,logistic_regression,7267,4,4,0.0027114053184375568,2.1840430623928847e-06,0.10277247368550776,3.942222359903069e-09,0.8933597310857193,3.2173497778098043e-07,0.0011538801900728755
3,logistic_regression,6490,4,4,2.709134200549017e-06,2.9558645311225224e-09,0.00042477515367389046,4.268285019855088e-07,0.9911660120202463,4.17960108563666e-09,0.008406069727911726
3,logistic_regression,3497,1,1,0.00011005136579562789,0.9978788681697583,0.0020110804644456587,1.3600504700370128e-36,5.188209249656591e-16,6.205567565387806e-17,1.1417231008507193e-21
3,logistic_regression,10529,3,3,2.4472612824464962e-11,2.3736973503211784e-15,9.385900932399283e-14,0.9998754792795163,4.3143089193893945e-08,2.196263647586318e-05,0.00010251491634977422
3,logistic_regression,2832,0,0,0.9996323984882014,1.3962440094918202e-05,7.708648986500466e-07,5.610316752903611e-15,5.066688650954063e-12,0.00035284989736351056,1.830436928016954e-08
3,logistic_regression,875,5,5,2.158932795351282e-06,9.717955853429474e-10,4.3704917688165945e-10,0.0005601748211849627,2.7851156689605306e-10,0.9993098783409443,0.0001277862177191354
3,logistic_regression,8611,6,6,0.0005411472108390324,4.498071256005498e-08,0.0004944777114019443,0.01085168548763658,0.05222728521663422,5.255006091556963e-05,0.9358328093318602
3,logistic_regression,11553,3,3,9.796402482988046e-09,4.1618002818967323e-13,1.1980996212568814e-10,0.9970710983751776,1.4354080964633836e-06,9.929627318240114e-05,0.0028281600269148975
3,logistic_regression,2303,0,0,0.9517637573070183,0.0008420782164297067,0.03422849116336422,4.0679742921983294e-08,8.789818386001074e-06,0.0037030801729663766,0.009453762642092417
3,logistic_regression,5825,4,4,4.5893072890362166e-08,2.115544752861148e-11,2.3721031591680913e-05,5.586495683507506e-07,0.9973779805907051,3.518740757044724e-14,0.002597693813871217
3,logistic_regression,9570,6,6,0.00032026801973967963,1.2504663594195227e-07,0.005199385064452379,0.00048597479152084574,0.3374267576889693,1.140788146367718e-06,0.6565663486005355
3,logistic_regression,10163,3,3,5.158820159523656e-14,3.626350711642486e-18,1.5454593931987272e-15,0.9999908594912603,2.1905243392614644e-07,3.054573839667084e-08,8.8909105143118e-06
3,logistic_regression,4732,2,2,0.0007669693569936024,0.0001696053474862073,0.9989437735405043,3.4255513236077277e-13,8.620061389077558e-05,1.9521988538892994e-10,3.34509455627022e-05
3,logistic_regression,12784,3,3,1.1077384942569825e-06,9.157202307186557e-11,1.526576247408908e-07,0.889722234435223,0.00017834731794695753,0.0006797588345004876,0.10941839892463824
3,logistic_regression,3970,2,2,0.06386077877682536,0.00016103492243518586,0.8537290748896702,1.3845238036697565e-06,0.008116813868125466,0.0005479082961126724,0.07358300472302746
3,logistic_regression,3821,1,1,1.985068196292157e-09,0.9998814592926495,0.00011853872228237904,1.1926124480418714e-48,6.587791347361472e-17,3.412436616371179e-25,7.313100103100536e-30
3,logistic_regression,8999,6,6,0.002284390551840533,1.1502626214801909e-06,0.001573873146782245,0.018066916993217302,0.0006499458572322063,0.020161387695866763,0.9572623354924394
3,logistic_regression,5087,2,2,0.0003767472025606206,9.311472645148557e-05,0.9992751055111836,5.8660165674826475e-15,0.00025339219211041185,5.267202405501477e-11,1.6403150159355328e-06
3,logistic_regression,8917,6,5,0.014104852026299027,1.2010789407118252e-06,4.3958388228569384e-05,0.00530601550647842,5.79024415348523e-06,0.8330345914619905,0.14750359129390925
3,logistic_regression,12089,3,3,8.999557145859053e-09,2.5510059152198645e-12,2.814689172577824e-08,0.9591913502392572,0.0009928229672734883,1.7773334744560686e-06,0.03981401231099497
3,logistic_regression,2897,0,0,0.698009001892954,0.0030478949595844013,0.29855709179050166,3.6870441830404355e-11,1.0246753682718653e-05,6.68111446880163e-05,0.0003089534217188813
3,logistic_regression,8019,6,6,0.002500865099007512,5.76289958445131e-08,3.6228949161432115e-05,0.21417956550214484,0.000356657547928773,0.01634593427982987,0.7665806909929318
3,logistic_regression,4834,2,2,0.0013148254119095357,0.00018325196205589605,0.9974752004259867,5.398922690666873e-13,0.000979409713259767,1.0089153021409e-08,4.730239709512187e-05
3,logistic_regression,11272,3,3,7.696213029630041e-10,6.663967253891448e-14,5.99371915113069e-11,0.9981561182962286,4.509170974396936e-06,7.345527085499635e-06,0.0018320261760864723
3,logistic_regression,8362,6,6,0.0005091943130137015,3.4078293826581615e-08,0.00010749766822796048,0.12292749398890741,0.002575979119221346,0.0029708007616218997,0.8709090000707138
3,logistic_regression,12012,3,3,2.1407382346761206e-07,7.64893793113754e-11,4.454065952021205e-09,0.9685814618780003,1.7532199495909087e-06,0.009531952360214521,0.021884613937456724
3,logistic_regression,8605,6,6,0.0001469342514339984,2.862688614947364e-07,0.0007650063671451022,0.013587855821770996,0.0012404198857396285,0.0004105132323697314,0.983848984172679
3,logistic_regression,12760,3,3,2.0367662405059795e-07,3.306533367861969e-11,5.645336486976693e-07,0.8830860370303514,0.0039581265694926425,2.8035371842803407e-05,0.11292703278497525
3,logistic_regression,5011,2,2,0.004770561532027998,0.0007497301454454185,0.9944628626361005,3.8465076505875203e-13,7.761788657155409e-06,3.206014182911911e-07,8.763295965780178e-06
3,logistic_regression,12551,3,3,1.0260042872885396e-06,2.3643931069279544e-10,8.713367437208143e-08,0.9395665160910853,9.50251947645965e-06,0.004848310668141326,0.05557455734689579
3,logistic_regression,10109,3,3,1.7491097331566944e-12,1.4441139885644081e-16,2.5395398595696725e-16,0.9998933970793672,5.991800735184904e-10,0.00010294828474880507,3.654034954390555e-06
3,logistic_regression,2310,0,0,0.9280062658138714,0.0003120327440166068,0.05195665626089208,1.397683783676715e-07,5.073480703620448e-05,0.005486334433102116,0.01418783617270311
3,logistic_regression,13491,3,6,0.0031392866435852513,1.9373968934968005e-07,2.5659237814993944e-05,0.15250488427589134,7.970803715200816e-05,0.0659668402743466,0.7782834277915205
3,logistic_regression,2790,0,2,0.10708923510269841,0.0028338795604963625,0.8896019860189235,1.4484808498198907e-10,5.563475547594672e-06,3.615919726074915e-05,0.0004331765002250845
3,logistic_regression,2433,0,0,0.9997434521239522,1.919893433213148e-05,2.5680040008539916e-05,9.11943735257209e-12,2.8023153636262836e-09,0.00020506182678212674,6.6042634900370254e-06
3,logistic_regression,10036,3,3,1.0706841586305976e-14,3.473814937500545e-19,1.699254114663317e-17,0.9999987834790276,1.4087259013632324e-08,5.735125002339767e-08,1.1450824526149412e-06
3,logistic_regression,6497,4,4,1.7161055538903272e-06,5.267903578544079e-10,0.0001199132434590073,3.529343507397993e-08,0.9994485248511616,7.332105475573456e-10,0.00042980924638941513
3,logistic_regression,6191,4,4,0.00032593433720738,7.222654076426347e-09,0.000281402684724008,3.0389138023156967e-05,0.9523993797668822,6.066470246139537e-07,0.04696228020348468
3,logistic_regression,12253,3,3,1.0968618475197035e-07,4.0443149424348575e-12,3.594078153292389e-09,0.9776740900220718,3.388459223801772e-05,0.00018310488796511522,0.022108807213417746
3,logistic_regression,8690,6,6,0.002015601216887844,2.184057744652323e-06,0.0003787031552480457,0.015719323330726155,0.00011154636828354719,0.01734840933296301,0.9644242325381468
3,logistic_regression,8795,6,6,0.00010259883104793921,7.968956060148233e-08,0.0010623485643658699,0.007623335169831812,0.020833700264876687,3.602944235535807e-05,0.9703419080379617
3,logistic_regression,9949,6,6,0.019741122062551346,4.726292341985043e-06,0.07070454488361853,0.0004267597932569682,0.21701616415887692,0.0013455582006064095,0.690761124608748
3,logistic_regression,10625,3,3,1.4151688958627213e-11,5.620591581728237e-16,1.2000558129012344e-13,0.9999003052356024,1.8222576259497007e-07,4.1522567739911495e-06,9.536026758898864e-05
3,logistic_regression,8144,6,6,0.001112839954328527,3.589772503749451e-08,7.524089380528133e-05,0.11697203449945982,0.0024587647643186158,0.0030924761273599635,0.8762886078630028
3,logistic_regression,5982,4,4,4.8138937205848814e-08,3.3537963307570264e-12,8.413076319340283e-07,1.182889513791574e-06,0.9997019156300084,1.7606291637675487e-09,0.00029601026992580993
3,logistic_regression,12828,3,3,1.7959852457941954e-06,6.156785336739782e-10,7.119919277945572e-07,0.8733759317493375,4.800803104981229e-05,0.002966696339124245,0.12360685528763617
3,logistic_regression,6198,4,4,7.957036882548178e-09,3.090976405030407e-13,7.772585918756452e-08,5.152937564351813e-08,0.9999823893545797,3.459232071196316e-10,1.7473086916016214e-05
3,logistic_regression,7633,6,6,1.0964889878906616e-05,1.5089392892248229e-09,5.612695424465433e-06,0.4095614720447305,0.002855955401658623,0.0005868284035242734,0.5869791650558439
3,logistic_regression,551,5,5,4.937328278963218e-07,4.654767807669058e-10,4.271962300192628e-10,0.004049984335862408,3.5190778373478805e-10,0.995756375807064,0.000193144879664789
3,logistic_regression,1658,5,5,0.0005748414024148763,5.630558259364695e-07,8.606276881459089e-06,0.002389239655584543,1.0850087830885075e-07,0.9793225692133141,0.017704071895100867
3,logistic_regression,2802,0,0,0.9606812929670409,7.090937721892253e-05,0.038416821533939424,9.535769105003845e-11,0.0005629170718661385,9.224290339759638e-06,0.00025883466423705267
3,logistic_regression,8760,6,6,0.0011316364630757226,1.1719375273226677e-06,0.0012130539956841312,0.015245319279118109,0.00045897382581761427,0.010230169808280518,0.9717196746904966
3,logistic_regression,10689,3,3,1.3941732805297186e-11,9.731233745245688e-16,1.4581479321030312e-12,0.9995258019292736,1.4543718075597062e-05,1.9113882546718417e-07,0.00045946319842449685
3,logistic_regression,5571,4,4,2.6077053288888294e-07,8.482140491975381e-12,8.349575267196807e-07,0.10804938995847342,0.7966208797445051,8.904190289794859e-07,0.09532774414145069
3,logistic_regression,12304,3,3,1.2930634155824832e-08,1.7764852209069816e-12,6.557480184661936e-09,0.9850177388260687,5.2166428308601925e-05,4.1771710276330024e-05,0.014888303545455709
3,logistic_regression,7923,6,6,0.00023084730652875987,1.726442971485869e-07,3.3545652367570756e-05,0.028882136838478987,0.00026186136164561044,0.0004977786837662332,0.9700936575129158
3,logistic_regression,5197,2,2,0.05947490868596802,0.0024998470345083752,0.9380192832958988,2.2977218855700827e-14,3.462398269676354e-06,1.1588399453196271e-07,2.382701337830734e-06
3,logistic_regression,13409,3,6,0.00011470727308287848,1.9109901781248056e-08,5.260391542157034e-05,0.2798190826413744,0.0010820440660625093,0.0034226615521397215,0.7155088814420172
3,logistic_regression,12169,3,3,3.556060987603274e-08,7.513557247395612e-12,3.297428509479474e-09,0.9810844031098593,7.971464259402413e-06,0.0007750386734473428,0.018132547886881817
3,logistic_regression,6348,4,4,6.171533677918372e-05,2.2170577981483904e-09,0.00013184103178104503,5.263242369586158e-06,0.9915925501095837,4.3401797731704844e-07,0.008208194044451464
3,logistic_regression,3683,1,1,3.2766205764812405e-07,0.9994109594391418,0.0005887128988005325,4.848817372189787e-42,3.673721434828846e-17,3.7229034051722955e-21,1.5000877371310132e-25
3,logistic_regression,9767,6,6,0.1399512557468383,2.474963167108142e-05,0.00766292499952507,0.0018750665794252201,0.00021899126437731665,0.18480133399354404,0.665465677784619
3,logistic_regression,5295,2,2,0.021826262689648414,0.0017054848528207584,0.9764345804640542,1.3006708346175377e-15,3.2796277820799815e-05,2.4006783983518058e-08,8.517088705712633e-07
3,logistic_regression,8782,6,6,0.00018442956471297428,1.4963265921328028e-07,0.0015768225837252661,0.009457329122211238,0.008884514498751226,4.7624427167501116e-05,0.9798491301707727
3,logistic_regression,5504,4,3,4.730295689101255e-08,6.723307947079683e-13,1.6806642291757883e-08,0.9344908297104351,0.02882893679745345,3.2222764896940897e-07,0.036679847154191085
3,logistic_regression,11688,3,3,2.943794095567799e-09,2.564026495679969e-13,9.473835436974735e-10,0.9911705763805931,0.00011423396962287639,2.586049190775593e-06,0.008712599709159169
3,logistic_regression,13118,3,3,4.224584050606809e-05,2.179456743989446e-09,1.646404224199571e-06,0.5033135464752283,0.0005274923934161421,0.0029034391910267884,0.4932116275161418
3,logistic_regression,4152,2,2,0.03205538601164763,4.023112624597234e-05,0.702596418030876,1.9837512096138313e-09,0.25854819966210774,2.6666341014814578e-08,0.006759736519030509
3,logistic_regression,11042,3,3,7.498286675501486e-11,1.3570092809945054e-14,4.1352435088576705e-11,0.9979525265299999,4.1551471402398645e-05,2.3317422462428145e-07,0.0020056887080243074
3,logistic_regression,1685,5,5,6.0526111116907284e-05,6.918274508278697e-08,5.43998907256824e-08,2.5520499713097673e-05,3.0552312278845085e-10,0.9997405905515189,0.00017323894949220205
3,logistic_regression,9343,6,6,0.017591478405384123,5.778400294847122e-06,0.001731027497696727,0.010420623536063267,0.00010206121197965407,0.27062973851614563,0.6995192924324357
3,logistic_regression,4140,2,2,0.03691357153220265,0.0003251427579609296,0.9543580668804746,1.5459031444501233e-09,0.002006203309385221,4.326253504757593e-07,0.0063965813487226976
3,logistic_regression,7372,6,3,5.082387096959218e-07,1.3071362995672627e-10,7.70153221188668e-09,0.9648175567699778,5.822108726625096e-07,0.0192469278911519,0.01593441705704221
3,logistic_regression,7595,6,3,4.5754033246325183e-05,1.3141856356360042e-08,7.355808230218987e-06,0.6820408040488037,3.3697390267512425e-05,0.025490010402625746,0.29238236517496996
3,logistic_regression,7588,6,6,2.2418646436208048e-05,8.130196131163863e-10,6.919186349072503e-06,0.29044557602256205,0.03082958863555371,5.491567285106512e-05,0.6786405810232283
3,logistic_regression,5721,4,4,6.8411514389925655e-09,9.966573567070405e-13,3.4061214434217645e-07,2.075854429603705e-05,0.9983944856287608,4.5702856153034e-10,0.001584407915622224
3,logistic_regression,4761,2,2,0.14664768347269252,0.0005327923856969504,0.8515273918191871,1.432866201379725e-11,0.001108419280873234,1.507454424834603e-06,0.00018220557279666642
3,logistic_regression,8620,6,6,0.0018152449170917876,2.5422259142685784e-07,0.000371633113974193,0.01471236333399747,0.0014260003714561707,0.0004798831063293061,0.9811946209345597
3,logistic_regression,848,5,5,2.279863017260048e-06,3.4535304478129153e-09,5.567895885571754e-09,0.003801937184090259,1.3270451899364764e-09,0.9955526921055429,0.0006430804988780168
3,logistic_regression,5979,4,4,2.8280203925845744e-06,5.576226381028546e-10,9.422114406467296e-05,7.54887521830687e-05,0.9794421886538075,1.1596847168996384e-07,0.02038515690345781
3,logistic_regression,8874,6,6,0.0001825973793689585,7.113192783703599e-08,0.0017936137477169158,0.008471635375226433,0.0632490169753636,2.3164165133644396e-05,0.9262799012252627
3,logistic_regression,3437,1,1,0.00022706296788988146,0.9992949955181167,0.00047794151392105974,1.604662082470653e-34,7.41719909632837e-18,7.227384339623341e-14,7.391924350929017e-21
3,logistic_regression,11773,3,3,3.0917944077262874e-09,4.946298332140046e-13,7.570452753659815e-10,0.9924006433633094,2.0248914036257052e-05,2.1302709236987946e-05,0.007557801164082912
3,logistic_regression,12214,3,3,1.541967378454997e-07,1.1651420807920476e-10,5.036438660864134e-09,0.9459002852803436,5.368527624496699e-07,0.038180782017005595,0.015918236500197438
3,logistic_regression,8649,6,6,5.013776036976489e-05,5.4617809046832976e-08,0.0018506643680168422,0.02178401171928921,0.025827925162765903,1.591147679568752e-05,0.9504712948949535
3,logistic_regression,6668,4,4,0.00012597216891853388,1.0773158408480489e-07,0.012828772210616535,1.618103209941813e-06,0.972467738673877,5.141332300570622e-07,0.014575276978563867
3,logistic_regression,2862,0,0,0.9999775095899405,7.850523121546841e-06,8.493836006143386e-06,4.9412047304016705e-15,4.928052892013137e-10,6.069812469646613e-06,7.574565183114519e-08
3,logistic_regression,4590,2,2,0.2778618402426576,0.0002577481123589654,0.7120143054876639,5.733801369127603e-11,0.009551315416422356,7.21117445781182e-06,0.0003075795091012698
3,logistic_regression,433,5,5,3.004467159171569e-08,4.3650917450449874e-11,3.666561886872881e-12,0.0001418783471634785,6.3657840775728596e-12,0.9998534428773844,4.648677097160382e-06
3,logistic_regression,13499,3,6,0.00015066390590630263,6.771970422240156e-08,9.754621961874526e-05,0.2634619461265973,0.0002443600627955238,0.018249530258680157,0.7177958857066977
3,logistic_regression,3563,1,1,3.400581459794472e-05,0.9994861257004773,0.0004798684849247989,2.7143056675814113e-38,3.760321009476051e-17,2.0588257193726555e-17,3.6080555560299486e-23
3,logistic_regression,10697,3,3,7.665189889822763e-10,8.186689527134069e-15,5.424853521938074e-13,0.9996043094260609,4.2352243230833916e-07,1.8059743924124675e-05,0.00037720654051296495
3,logistic_regression,241,5,5,2.419862692945805e-08,3.368843426798124e-11,4.2918027240656105e-12,0.0008838317045054687,1.6303521301699997e-11,0.9991052380836369,1.0905958946969994e-05
3,logistic_regression,9111,6,6,0.00228711715135738,6.874395107505975e-07,0.0018866636923823739,0.018606989436760327,0.0017420033483208346,0.008298855288321213,0.9671776836433471
3,logistic_regression,3771,1,1,7.946739376320652e-08,0.9998626657517788,0.0001372547808271919,3.256024886173408e-45,1.9624346430567446e-16,3.561243764995772e-21,1.582107555244588e-27
3,logistic_regression,788,5,5,0.0018075886530840234,1.2205256040592098e-10,3.5326023471869926e-14,1.2190523766756227e-07,8.330909977661582e-11,0.9981900101795774,2.2790567038287723e-06
3,logistic_regression,9385,6,6,0.007370292399110561,4.1149264253129116e-06,0.0020480953075243556,0.006081756099778646,0.0003670131594201344,0.07508019019809047,0.9090485379096506
3,logistic_regression,2918,0,2,0.377664124245375,0.0014996290176111837,0.6202922986758274,2.0884232505566604e-10,3.196464111071881e-05,0.00013803359840020954,0.0003739496128331053
3,logistic_regression,2157,0,0,0.9749593890379216,7.666816468273144e-06,0.002357198252473457,1.350433517246069e-06,0.00021704976920504382,0.0005685383907816184,0.021888807299632676
3,logistic_regression,2573,0,2,0.2776202569144482,0.003742960789264144,0.7140366252557866,6.221172700861435e-09,5.231435338724034e-06,0.002080885564881761,0.0025140338191078325
3,logistic_regression,12497,3,3,3.910989605543727e-07,7.476270918065664e-11,3.758593477607137e-08,0.9431657952483756,1.893587202773293e-05,0.0010147267085279176,0.05580011341141075
3,logistic_regression,4787,2,2,0.004061272449915488,0.00013462903320735623,0.989807603897444,1.1475321622380222e-11,0.005860472230562949,2.706837090404722e-07,0.0001357516936861395
3,logistic_regression,7074,4,4,4.7768697110369e-06,3.63052066871596e-10,3.7093304023824594e-05,4.910939590256695e-11,0.9999464351288573,3.245215554232114e-11,1.1694252794261967e-05
3,logistic_regression,12321,3,3,1.2194683747148522e-06,2.1563974540817834e-10,1.2429660165479396e-08,0.9340525957457545,1.993931023362459e-06,0.033165766670616006,0.0327784115389314
3,logistic_regression,5274,2,2,0.0009628744398537692,0.0006836527491692519,0.9983525085413885,6.402176567774966e-16,7.617001223123203e-07,3.31219954427632e-10,2.0223824566167223e-07
3,logistic_regression,12656,3,3,5.410804675905039e-06,1.6851395109950244e-09,2.9873845163439457e-07,0.789392071553886,3.460457378209656e-05,0.009955899015914649,0.20061171362815014
3,logistic_regression,6552,4,4,7.357544410772974e-05,1.0622100937484133e-08,0.0007967397111244152,6.919869018414441e-06,0.9849269867493199,1.3109693391356664e-06,0.014194456634989557
3,logistic_regression,323,5,5,3.490871217494175e-09,4.200744426779675e-12,1.9975780164456818e-14,4.1726868809181555e-06,1.3584564743934895e-13,0.9999957319645828,9.185330847038598e-08
3,logistic_regression,7455,6,3,2.144092964806196e-06,9.72090692226825e-10,2.643744754730356e-06,0.5712469080516964,0.0008418536451761429,0.00013679431486973446,0.4277696551784474
3,logistic_regression,823,5,5,7.70907238128115e-07,4.148565304471223e-10,1.1259065800975803e-10,0.00021264992029570407,4.886390026398239e-11,0.9997540943628214,3.248423333360054e-05
3,logistic_regression,12158,3,3,2.491463595646974e-07,3.226750034115471e-11,7.013106210364375e-09,0.975074742591951,4.748065867571548e-06,0.0017621205295544492,0.023158132620893713
3,logistic_regression,8119,6,6,0.00027712041792124324,1.5538101380810686e-08,6.503780862098401e-05,0.0673458023022088,0.005454797446001836,7.529995623217752e-05,0.9267819265309135
3,logistic_regression,4146,2,2,0.04532551269086864,0.000203808045735424,0.9342468015688876,5.1805487799808076e-09,0.0107535633327054,3.5418963329208728e-06,0.009466767284921357
3,logistic_regression,11600,3,3,8.519668663820172e-09,4.694018694578876e-13,1.9182789632403523e-10,0.9958310210975863,3.661516338142094e-06,0.00011778823258290594,0.004047520441526747
3,logistic_regression,266,5,5,1.6384980182888335e-07,2.3707835109998174e-10,1.4958297182378817e-10,0.009977688643251685,4.525501376085278e-10,0.9898226431900623,0.0001995034776729005
3,logistic_regression,11911,3,3,3.0979032221747554e-08,3.0966609277082665e-12,1.4835710667098416e-09,0.9918258839620716,3.6161559824510467e-06,0.0003146326538784695,0.007855834762367547
3,logistic_regression,8319,6,6,0.0004222214955329266,3.220302045447833e-08,8.182112129785621e-05,0.16473623141796004,0.001784940242517755,0.008959361660616248,0.8240153918590546
3,logistic_regression,9860,6,6,0.05221774729648891,2.9131405747579486e-05,0.029517022560899164,0.0010724782064336425,0.000957459742290519,0.018939955382758684,0.8972662054053816
3,logistic_regression,12176,3,3,4.050439199098497e-07,1.4767703215068756e-11,1.2559087107674558e-08,0.9168934982341043,0.00031944828462844273,9.834284847168905e-05,0.08268829301502087
3,logistic_regression,12318,3,3,4.5924179323922055e-07,3.620821421421094e-11,1.8270962977865166e-08,0.9649451936317633,1.63095114038351e-05,0.00120210462759884,0.03383591468026956
3,logistic_regression,550,5,5,4.677132034608729e-07,1.2002441146471253e-10,1.0113099823452282e-11,0.00020159911607353192,1.5861311300094164e-11,0.9997863785151064,1.1554509617696002e-05
3,logistic_regression,8702,6,6,0.0002630340176041372,6.536184360457699e-08,0.0008996379637129214,0.009340851748031242,0.03863059893596786,4.746632376425349e-05,0.950818345649076
3,logistic_regression,4021,2,2,0.08744480311047026,0.00017828860327561845,0.8256981697012075,1.6241371418333158e-07,0.026657641133997323,2.9216255522525247e-05,0.0599917187818123
3,logistic_regression,12935,3,6,3.076218530300388e-05,1.1743941326338377e-10,4.256343447671235e-07,0.19283257181451036,0.06825177176438009,2.0932607924545327e-06,0.73888237522323
3,logistic_regression,7604,6,6,0.00023968650529696372,1.1709941303302025e-08,4.5752053117799015e-06,0.46784101920164245,0.0001797033763514553,0.029678931237819665,0.5020560727636364
3,logistic_regression,13412,3,5,0.0002952060761091458,6.765716275755716e-08,4.684919509169691e-06,0.20947673943528636,2.892362422502082e-06,0.6379217777370604,0.15229863181244976
3,logistic_regression,2496,0,0,0.9999853247213722,2.9388193969721614e-07,4.389908985237007e-06,4.0571419441321027e-13,3.93987278172239e-06,2.627099315054583e-07,5.788904583858876e-06
3,logistic_regression,11670,3,3,3.002701998275251e-08,9.482710536409348e-12,9.795402875662403e-11,0.9513283026325596,1.0945752803160299e-07,0.045272869934392584,0.0033986878410629277
3,logistic_regression,1336,5,5,0.00018980062182593507,4.768624993219023e-08,3.2825849399058204e-07,0.005824238872892414,3.151571512853619e-08,0.9868701943914826,0.0071153586533400995
3,logistic_regression,5411,2,2,0.02070248121018116,0.0080353221537156,0.9712618830851651,6.484687239054518e-17,2.10470797903566e-07,4.8411869860268365e-08,5.466827036268668e-08
3,logistic_regression,11286,3,3,1.6482245752731372e-09,1.5484417828813382e-13,6.449380572001751e-11,0.9969843583194251,4.860985758403075e-06,3.057770198075102e-05,0.002980201279962518
3,logistic_regression,13213,3,5,7.660406475443735e-05,4.718313586361385e-08,2.8277412968434287e-06,0.3924240835661352,2.1888921773046826e-06,0.46154287698381685,0.1459513715686835
3,logistic_regression,1364,5,5,3.478141511540206e-05,3.893967967355576e-08,1.532741996316556e-07,0.00230001098636657,7.584600197869629e-09,0.9950361526429139,0.0026288551571245775
3,logistic_regression,699,5,5,3.7645839205077636e-07,1.4970615016219394e-10,1.4054640198139854e-11,9.354860220837058e-05,8.27553095924818e-12,0.9998985669570782,7.507810284869284e-06
3,logistic_regression,5880,4,4,1.4888127621864996e-05,1.2988901655256692e-09,0.0001390826137827127,0.00022645492751273479,0.9511057060056062,3.1320772622986785e-07,0.04851355381885994
3,logistic_regression,6278,4,4,0.05126871414445597,8.304335081896868e-07,0.013048461135968721,0.00023009911495410802,0.6005449448330351,0.00011885279967898383,0.33478809753839894
3,logistic_regression,11064,3,3,4.915059233896873e-09,7.910959009039408e-14,3.722217031991796e-12,0.9983179160215514,9.023269959815511e-07,0.00013511784704966088,0.0015460588855422672
3,logistic_regression,9334,6,6,0.004297560798754987,1.2113539234602828e-06,0.0015447214769118576,0.0061352665110757315,0.0015507638023094386,0.009030042368187826,0.9774404336888368
3,logistic_regression,7880,6,6,4.863393033406783e-05,1.2446506422574459e-08,7.507183447489028e-05,0.11206221929713604,0.005653400965903619,0.0002233246501135051,0.8819373368755314
3,logistic_regression,2577,0,0,0.9987573361910914,0.00026725640636812595,0.0008538687773913657,1.4098461723733522e-11,2.7345555371849673e-08,9.064702251297949e-05,3.0864242982280924e-05
3,logistic_regression,12434,3,3,6.527093556594753e-07,3.045529443254958e-10,3.0533253969816485e-08,0.9417078116104012,3.4703210868780416e-06,0.008054855499585326,0.050233179021763774
3,logistic_regression,13081,3,3,0.00028819534947063623,1.9947632371325036e-08,4.4465263929127916e-07,0.41176972739695117,1.2121711728689629e-05,0.3106652152489014,0.27726427569267653
3,logistic_regression,11805,3,3,4.0824456729799554e-09,3.9779148727912146e-14,2.6293017374441484e-10,0.9877866671252752,0.0024540433554089795,1.3302933031104183e-06,0.00975795488059693
3,logistic_regression,10885,3,3,1.6354654586484502e-10,1.532402501923857e-14,1.0528405315726605e-12,0.9996931582440147,3.591881865046387e-08,0.0001195000484299156,0.0001873056241221626
3,logistic_regression,10948,3,3,1.5217123143555906e-10,1.3307488338257073e-14,4.046484395844168e-12,0.9991475139292746,1.505954115329656e-06,5.483936003704025e-06,0.0008454960243755319
3,logistic_regression,3713,1,1,1.49441528205046e-06,0.9999974752376852,1.030347032570426e-06,1.7802448274182344e-43,5.941839236953513e-23,2.5850051790424352e-17,4.541251657584076e-28
3,logistic_regression,3273,0,0,0.999443296742783,0.0005326445626002378,1.0366289149401427e-05,1.108272449776874e-18,2.406506218381177e-13,1.3692255423716907e-05,1.4980309868044992e-10
3,logistic_regression,12642,3,3,1.9000345243306684e-06,8.8657800181288e-10,3.6476233207765846e-08,0.8528331818804831,7.663574561728175e-07,0.11112035199499219,0.036043762369732835
3,logistic_regression,11736,3,3,3.766754033142859e-09,6.662329654371354e-13,9.105777361269501e-10,0.9872254242761674,3.48077164139692e-05,5.124010490209265e-06,0.012734639318930544
3,logistic_regression,822,5,5,9.242430424801518e-08,2.0558595376018634e-10,9.600888978946961e-12,1.7839927713988617e-05,3.147666601815479e-12,0.9999793870762562,2.6803533910619315e-06
3,logistic_regression,6775,4,4,1.842382484973938e-06,3.445897709395516e-10,5.362709179110614e-05,1.5310980264587272e-08,0.9997762401100312,3.1071250954394554e-09,0.00016827165299762372
3,logistic_regression,9171,6,6,8.703901560310514e-05,2.982408459715575e-07,0.0048070869648664735,0.001415638568711727,0.022395612197493312,9.760912225609983e-06,0.9712845641002538
3,logistic_regression,1346,5,5,0.00019254423031195734,1.065868452758545e-07,1.1174138236424293e-05,0.14679961620598408,4.812409453873745e-06,0.6629528388089307,0.19003890762023765
3,logistic_regression,9903,6,6,0.002609772854068381,3.7468482191411597e-06,0.15528386007017378,0.00011814842078929122,0.2981734491147553,2.503125076530493e-05,0.5437859914412289
3,logistic_regression,3719,1,1,1.4820929098637844e-07,0.9998857389990364,0.00011411279167257009,1.9468475218753307e-43,1.977015633223665e-18,1.69375155890587e-20,1.2427213357144984e-26
3,logistic_regression,3181,0,0,0.8898512089315028,0.0011285960494503318,0.1089808752079848,2.809028208766917e-14,3.192455389913242e-05,9.895627016280478e-07,6.405694433452196e-06
3,logistic_regression,11410,3,3,6.961999083782839e-09,1.0322631753396743e-12,1.97014602063019e-11,0.9932675248260315,5.8974005873429704e-08,0.005512062988513532,0.0012203462287160706
3,logistic_regression,9114,6,6,1.5102558011127453e-05,2.3851144934384672e-08,0.0009649538920972071,0.007075919652581888,0.1345181841741826,2.739770633396462e-05,0.8573984181656482
3,logistic_regression,13039,3,3,3.862816337472272e-05,1.023707099491159e-09,6.554784820351526e-07,0.7392466479096479,0.0001855998147002968,0.00801285878916448,0.25251560882092355
3,logistic_regression,4462,2,2,8.829961677950045e-05,4.424910093859185e-05,0.9995049998070389,7.257962952418525e-14,0.0002902551104529818,1.195270943290178e-15,7.219636471640135e-05
3,logistic_regression,1193,5,5,4.080281564974395e-05,1.0439166031926219e-08,3.982610486620858e-09,0.00020062177873690778,5.029420675924424e-10,0.9995205968719094,0.0002379636089853297
3,logistic_regression,600,5,5,6.823221002692081e-07,6.64058570268027e-10,8.649052283244496e-10,0.004827011650663933,7.989573012480443e-10,0.9948320636101734,0.0003402400891411576
3,logistic_regression,3880,2,6,0.017794879340205103,1.1520543459142114e-05,0.2339039460764952,5.457446961685105e-05,0.08358715228112021,2.437501185806752e-06,0.6646454897879177
3,logistic_regression,4879,2,2,0.03974483678256143,0.0004450881527295448,0.9589820787675343,2.0089688668710847e-12,0.0007719120000872876,4.130091827356935e-07,5.56712858957881e-05
3,logistic_regression,2547,0,0,0.9993621131917364,4.017756544196389e-05,6.976876617616005e-05,8.428775481680385e-12,1.7069207500571848e-09,0.0005232511015401239,4.687659756021998e-06
3,logistic_regression,1623,5,5,0.000524753096705819,5.719481482571509e-07,3.0805177481010195e-05,0.016384334068955994,7.715306162096278e-07,0.9112502153369729,0.07180854884111978
3,logistic_regression,7441,6,3,1.2950307141064983e-05,6.024509859259367e-10,5.040322592464573e-07,0.8424483532731876,9.976547126912174e-05,0.0028243467133872153,0.15461407960030465
3,logistic_regression,12503,3,3,4.6958204604169875e-07,1.1885615739689303e-11,2.19568418451161e-08,0.938906538453523,0.00027853936467301093,0.00012451732414834696,0.06068991330688215
3,logistic_regression,1876,5,5,0.1690273737346155,3.526945913181405e-06,2.088513443329862e-05,0.0003907837170880749,4.0918204914905767e-07,0.8016952826290786,0.028861738656821977
3,logistic_regression,6669,4,4,1.0110235820770795e-05,3.197649405263913e-09,0.0004917055238339469,2.0843886357378005e-07,0.9983653210849557,5.1566121499091296e-08,0.0011325999527550033
3,logistic_regression,10365,3,3,8.684490630967096e-12,9.347475074650362e-16,7.054774451828174e-14,0.9998988956293898,1.444814775960688e-07,2.876267966898366e-06,9.808361240966741e-05
3,logistic_regression,7906,6,6,4.7914363024039095e-05,6.109153291092151e-09,9.235792224238108e-05,0.21941481397716808,0.021107206625635803,0.0002966645825194722,0.759041036420257
3,logistic_regression,3575,1,1,6.913180488427217e-06,0.9999387271576783,5.4359661833343195e-05,1.0934013616124739e-39,1.2343123479241957e-19,4.44848238092891e-17,1.7682286334289403e-24
3,logistic_regression,6132,4,4,1.5150693893283672e-05,1.1278016278688582e-08,0.0010626828966918192,1.8496513210809069e-06,0.9532549123927231,3.161931967684337e-09,0.04566538992542263
3,logistic_regression,2650,0,0,0.997150073085368,5.5782260449289504e-05,0.0027411764024166847,1.2476932600965391e-11,1.139883900926526e-06,9.863330975840912e-06,4.1965024412301555e-05
3,logistic_regression,6667,4,4,0.004038602159232076,1.4993714354719914e-06,0.049282781186001705,5.509392341520443e-06,0.8312703090884882,6.787720766704826e-06,0.11539451108173443
3,logistic_regression,2372,0,0,0.7369539778263853,0.000138422976048666,0.21799625946209394,2.9243104614228344e-07,0.007699614223689961,0.0009170140135212493,0.03629441906721479
3,logistic_regression,2890,0,0,0.9991256137111828,3.038928706938665e-05,0.0008036168447465342,1.4347215080526075e-12,2.612115196402377e-07,3.538690667421888e-05,4.732037372552267e-06
3,logistic_regression,6024,4,4,1.0729383997786401e-06,1.0094050840235795e-10,2.0848151318738333e-05,2.9946975058469246e-06,0.9986003466215284,1.2038244561106123e-08,0.0013747254520619565
3,logistic_regression,9170,6,6,0.0066181443573936375,1.8371629183571857e-06,0.0018390589532693228,0.01613075094890316,0.0005260697539276307,0.05104073991997927,0.9238433989036087
3,logistic_regression,6568,4,4,2.0006200010734754e-08,5.228972289034074e-11,2.8928266115075385e-05,6.2113304641013686e-09,0.9998196143959344,2.0284641462413415e-11,0.0001514310478458294
3,logistic_regression,11085,3,3,2.4549908743204106e-10,8.757835807101584e-14,7.3579488338667e-11,0.9954761883624972,2.1061861346330944e-05,1.9129765526711578e-06,0.004500836480437502
3,logistic_regression,8002,6,6,0.00016834966199083857,1.704942971824542e-08,3.4964158561399375e-05,0.27841028565706843,0.0009895134718336679,0.009554770688897183,0.7108420993122188
3,logistic_regression,4026,2,2,0.012965513894448284,6.784723152819308e-05,0.965558898489914,5.278339671194414e-08,0.007820688755527784,1.595998939138003e-06,0.013585402846245872
3,logistic_regression,11059,3,3,2.539198668699354e-09,9.707551475393952e-13,6.423286624300625e-12,0.9895137725848383,9.226314863845623e-09,0.010063238800888864,0.0004229768413654996
3,logistic_regression,9573,6,6,0.004561303746551347,8.458024806353832e-07,0.006290050470486578,0.0018188334468160318,0.02156352438502762,0.00012555310284138968,0.9656398890457963
3,logistic_regression,7638,6,6,0.0001619500568170031,8.375574556191853e-09,5.944637192412668e-06,0.37697744736743233,0.0005337836341572004,0.011234053279408707,0.6110868126494179
3,logistic_regression,4721,2,2,0.01775257280674902,0.0006908698390297763,0.9814090296450314,8.152792611693794e-12,5.0252488292379904e-05,8.286794545052993e-07,9.644653329046188e-05
3,logistic_regression,9030,6,6,0.0004801081295946591,4.495189813024763e-07,0.003391970533136971,0.0068964058667878286,0.007958657695864077,0.0006670708276454086,0.9806053374279897
3,logistic_regression,10516,3,3,1.1566707290890195e-11,1.969375699167866e-15,2.664765047035391e-13,0.9998985886330238,7.282266636361198e-08,3.6085166388473356e-06,9.773001583590541e-05
3,logistic_regression,11120,3,3,4.730893248790575e-10,1.5373212336318492e-15,6.802589899489812e-12,0.998225086634957,0.0006055438268625012,2.1908973712820774e-07,0.0011691499685498295
3,logistic_regression,2796,0,0,0.9999882063457567,1.7719174388385165e-06,6.199500462626738e-06,3.346121419074674e-14,5.451325205306783e-09,3.5969911717623516e-06,2.1979381134828946e-07
3,logistic_regression,2161,0,6,0.23346365804895478,3.058599195062026e-05,0.14721940556078333,0.00010141333379987905,0.06270397400254359,0.0035088619943356956,0.5529721010676322
3,logistic_regression,83,5,5,4.888626395291452e-08,3.135180724607121e-11,1.0200805003249699e-11,0.02273188089320408,3.0896794510416837e-10,0.9771632010422123,0.00010486882779928145
3,logistic_regression,7742,6,6,0.000180993206609922,3.319641383352008e-07,2.2301532152409173e-05,0.16629610127304875,3.238769875277289e-05,0.12154115565189925,0.7119267286733985
3,logistic_regression,1773,5,5,5.480127369663762e-05,8.98988948556967e-08,7.463488529553298e-08,1.8858355564347013e-05,2.147680334781282e-10,0.9997853203793249,0.00014085524286585108
3,logistic_regression,10231,3,3,2.67388464704739e-13,2.860550277184415e-17,7.682632274524663e-15,0.9999843422320426,7.981100038260003e-08,2.0079543117050106e-07,1.5377161250530644e-05
3,logistic_regression,8006,6,6,0.00010073214821774051,5.07906556713162e-08,0.00016711454681834776,0.15476091370641312,0.0009800187983711101,0.0023105326268119185,0.841680637382712
3,logistic_regression,652,5,5,5.555111535943215e-08,8.710018668262726e-11,2.2547871963442885e-12,1.6269226304497084e-05,2.47575696765063e-12,0.9999819916210791,1.6835096702369115e-06
3,logistic_regression,9336,6,6,0.004225488423453246,4.403928869810781e-06,0.003166561019657753,0.006013219932692904,0.0004120802020783518,0.04533248731626587,0.9408457591769821
3,logistic_regression,5466,2,2,0.0007054217234167429,0.001710275041050179,0.9975841305144298,4.975230946240575e-19,1.6999604208707806e-07,2.4170074286038488e-12,2.7226439199676172e-09
3,logistic_regression,7144,4,2,0.03542286779152249,5.116844160297017e-05,0.679344937383874,9.8424006400699e-08,0.23728356346747986,6.045142551090689e-06,0.04789131934896328
3,logistic_regression,6762,4,4,4.1368414539838655e-05,3.7721183556182334e-08,0.004132217910434672,1.29360064467144e-07,0.9829857990859949,1.3307507695004537e-09,0.012840446177031692
3,logistic_regression,4234,2,2,0.000744469513567807,7.851493400005133e-05,0.9984144770587955,2.841765263430639e-10,0.00018418365706407812,3.069371614992321e-08,0.0005783238586797583
3,logistic_regression,3697,1,1,4.650479720620647e-07,0.999969830695717,2.9704256310788514e-05,2.3408305741683018e-43,1.4355226826402472e-19,1.016747886215333e-19,9.139218089644998e-27
3,logistic_regression,11360,3,3,5.184060599622301e-10,1.3843744175785356e-14,9.603481862159474e-11,0.9967661029605597,0.00040004776867569715,3.479129139055261e-07,0.002833500743396095
3,logistic_regression,10869,3,3,1.491478944441324e-11,1.9340625179935239e-16,7.635204126526601e-13,0.9996448520703315,4.0411905574772006e-05,3.162912970136023e-08,0.00031470437928531476
3,logistic_regression,11486,3,3,2.4827277591863485e-09,5.929170811412265e-14,6.046241613953304e-11,0.9977125912919198,8.107473213185385e-06,8.807192207757992e-06,0.0022704914994097214
3,logistic_regression,1309,5,5,3.5031155448259466e-05,1.4564510816998196e-08,3.476281165621171e-08,0.0012870121990819633,2.9681080525351553e-09,0.9975490121017605,0.0011288922482787203
3,logistic_regression,2619,0,2,0.05283104668686338,0.0003054676497945938,0.9417327659999561,3.65144100586399e-09,0.0012723204134140447,8.976561014667305e-06,0.003849419037516229
3,logistic_regression,3207,0,0,0.9999990424490609,3.3761016122880384e-07,6.139774284484124e-07,2.52259052197257e-19,5.25535160277086e-09,3.47579343211984e-10,3.604183823249149e-10
3,logistic_regression,5246,2,2,0.025535587774765972,0.00190517186791943,0.9725488422019191,4.639769667520209e-15,9.066154824884966e-06,5.311671924335615e-08,1.278883846798945e-06
3,logistic_regression,4845,2,2,0.00014260356799804927,3.4126273888390054e-05,0.9978116424254947,4.758549550707846e-14,0.0019966715217450428,1.3126138820104692e-12,1.495620951369184e-05
3,logistic_regression,6632,4,4,0.0006967529000825092,3.5494270677548093e-08,0.001513685686766404,4.736052305593626e-06,0.9787462154170999,1.986368928570617e-06,0.019036588080546184
3,logistic_regression,3395,1,1,0.0006827855490903098,0.9960379902936705,0.003279224156924909,6.124798804552071e-32,1.3355017371622693e-16,3.14269084792605e-13,5.953929731150374e-19
3,logistic_regression,8840,6,6,0.004767451165622949,7.509154994457402e-07,0.0007859888114149304,0.02143183191240943,0.000812514587670457,0.025767490455823192,0.9464339721515596
3,logistic_regression,5731,4,4,2.3146004815541437e-09,3.581961075660671e-15,4.34310268893777e-10,1.7363307719912836e-07,0.9999897689896754,2.5245216107799057e-11,1.0054603087714195e-05
3,logistic_regression,1293,5,5,1.2102534466787023e-06,1.0472453643278705e-09,6.297895238685242e-11,5.186358866015675e-06,4.51320107998514e-12,0.9999895532294295,4.049043520298981e-06
3,logistic_regression,5200,2,2,0.0994741404254673,0.002596733697789849,0.8979243542344831,3.544737422665495e-14,2.100571889479396e-06,3.6645197779775886e-08,2.6344251369702854e-06
3,logistic_regression,3364,1,1,0.0051590764320306685,0.9495619206894989,0.045279002864045986,7.815006990865891e-29,2.531353612885284e-13,1.4171184443726467e-11,2.8874918084868965e-16
3,logistic_regression,6197,4,4,1.2419840042041449e-07,8.28316006723057e-12,1.9305737152411234e-06,3.6054039939031584e-07,0.9997513561613415,1.1269141824897793e-09,0.0002462273909459856
3,logistic_regression,5218,2,2,0.019525319415748577,0.0015776982521249177,0.9788878730070443,1.427916917010773e-14,7.297204795215739e-06,2.0628353989507294e-07,1.6058367328024155e-06
3,logistic_regression,3485,1,1,2.6630026093124414e-05,0.9952306339627299,0.0047427360111762205,3.981702027174063e-36,8.3578345872508325e-16,2.58907476195058e-17,3.2096368601356463e-21
3,logistic_regression,6178,4,4,3.8909612854689523e-07,5.897464128130375e-11,1.5271317463707357e-05,2.1854095636816023e-06,0.9987090238889574,5.028452946291599e-09,0.0012731252004591763
3,logistic_regression,320,5,5,2.0308705199330712e-07,7.703866090340427e-11,1.5543855237183876e-11,0.0014634107088932486,6.84292213273642e-11,0.9985004159561143,3.597008692878955e-05
3,logistic_regression,7727,6,6,2.658410418566787e-05,8.522477174938653e-09,3.0185683975655136e-05,0.37129033897483843,0.0008933740499096173,0.0010559501343750054,0.6267035585302385
3,logistic_regression,4056,2,2,0.0829326070159243,9.681037746337954e-05,0.8394904406400338,3.744167225502882e-08,0.06331131071773982,3.843168217922321e-05,0.014130362124987108
3,logistic_regression,8116,6,5,0.0013990113843412083,2.5946396053974706e-07,3.758187655585006e-05,0.14311054903778359,1.6668839745496305e-05,0.47579617902607585,0.3796397503715374
3,logistic_regression,1100,5,5,7.791719055838654e-08,2.6054375559722403e-10,6.557863579653109e-12,2.468275096230076e-06,5.228208634781368e-13,0.9999968177712548,6.357688338152193e-07
3,logistic_regression,12185,3,3,3.572182228171433e-09,3.7612553123582805e-13,3.4914791548609068e-09,0.9819411875753256,0.0005196589389787319,3.282150844595821e-06,0.01753586427081366
3,logistic_regression,6656,4,4,4.3406965096567955e-08,2.3972185839678275e-12,5.070628971079362e-07,3.2098634663462666e-09,0.9999906721540335,1.7736307689603002e-10,8.773986480467841e-06
3,logistic_regression,93,5,5,2.154731478359085e-08,4.141737205020741e-11,1.1157483123404986e-11,0.010933206178660925,2.227478555115445e-10,0.9889928456885306,7.39263101708699e-05
3,logistic_regression,2177,0,0,0.8258210492251405,0.0003889678369769687,0.06723873836568589,4.674428611345314e-06,6.678780815094098e-05,0.01887122200477058,0.08760856033066368
3,logistic_regression,5123,2,2,0.09168707927551621,0.011831086378778066,0.8964748739345615,4.289468726874052e-14,2.827402482827816e-07,2.542519757239411e-06,4.1351510957758356e-06
3,logistic_regression,6738,4,4,2.1927588658162104e-05,2.8580099979627883e-09,0.00019017933844243338,1.7201399461678244e-07,0.9978155391276858,9.207954406281378e-08,0.001972086993665064
3,logistic_regression,5590,4,4,8.898029489150804e-09,1.544198210291859e-13,2.0939135326221964e-08,0.0008867901082355176,0.9957433705630387,7.124673961518983e-09,0.0033698023667325058
3,logistic_regression,7907,6,6,0.00011039367104681985,9.71527530180553e-09,7.49526319280238e-05,0.1351858600694508,0.013578599207742223,0.000369725087047495,0.8506804596175094
3,logistic_regression,5651,4,4,1.7216670136409623e-10,8.501689668812863e-14,6.668267631480235e-08,1.766287594934048e-05,0.9991022000299237,9.950866613253564e-12,0.0008800702292478758
3,logistic_regression,874,5,5,3.0636406968888984e-06,2.2494699489118138e-09,2.8925511073996e-09,0.002648658173102084,9.575829658048813e-10,0.9968904689881337,0.00045780309846334534
3,logistic_regression,6509,4,4,8.933057679635551e-07,1.1937357823300391e-10,2.2505782149420235e-05,4.168276246065134e-07,0.9994433347414542,1.4273399672997291e-08,0.0005328349502307071
3,logistic_regression,1823,5,5,3.247489436335674e-06,1.0804561156798961e-08,2.0414601187969486e-10,4.016302743370067e-08,2.4118066897277237e-13,0.9999963580959775,3.432426104547038e-07
3,logistic_regression,2028,0,6,0.00046973569500687924,3.5645609498959764e-08,3.27214365722981e-05,0.3244029376934218,0.0002551058839497278,0.02179106197444805,0.6530484016709918
3,logistic_regression,10184,3,3,5.0689942263832915e-14,2.304362456205429e-18,1.0628139479783969e-15,0.9999912654385164,2.4805740724913804e-07,3.744669633811742e-08,8.44905732814055e-06
3,logistic_regression,6463,4,4,6.41974080386304e-09,3.3429559675773427e-12,1.4975209851819571e-06,6.846460282367726e-09,0.9999607633542623,2.7055365778513462e-11,3.772582815311233e-05
3,logistic_regression,8380,6,6,0.00022832718625023974,2.554802507282174e-07,0.00035023902233386346,0.047071280694015255,0.00048425581591587236,0.0061266204032634575,0.9457390213979705
3,logistic_regression,9757,6,6,0.06378308668455732,3.8845526929348026e-05,0.033374888051543275,0.0016116882200549701,0.00047367883498400224,0.05126262585439382,0.8494551868275373
3,logistic_regression,12406,3,3,1.1084217304472869e-06,6.347066749530436e-11,8.641946560695608e-09,0.9649491457965577,2.849679059998294e-06,0.009995726793192211,0.025051160604042444
3,logistic_regression,7279,4,2,0.0003420785633159138,1.9850287182605582e-05,0.8542851031513414,9.461315994187224e-10,0.14071496221627475,2.5124107053089343e-08,0.004637979711646734
3,logistic_regression,6879,4,4,1.0946052833810057e-06,8.485509497968567e-10,0.0001296512703058107,2.1836367454904152e-08,0.999460315662136,9.309640249789963e-09,0.0004089064677160088
3,logistic_regression,5350,2,2,0.3096829965831704,0.008778009618353804,0.6815386591958463,2.637366917902137e-16,1.5654816971417388e-07,4.715158922916698e-09,1.7333930052644312e-07
3,logistic_regression,10101,3,3,2.5725553951864282e-14,1.5941647357840717e-18,2.3559705319608234e-16,0.9999977955977566,1.2331994406661592e-08,8.233419384292247e-08,2.109736029252225e-06
3,logistic_regression,5519,4,4,1.869093058567518e-09,9.81404946084959e-15,1.3414856017357237e-09,0.0037452182283047876,0.9948612880025929,1.9735478396039916e-10,0.001393490361159133
3,logistic_regression,10424,3,3,3.871288311943771e-12,3.4785138936398954e-16,3.2233920792727156e-14,0.999943497113391,5.840266457861573e-08,5.460594575390974e-06,5.098388546531615e-05
3,logistic_regression,6770,4,4,1.8726606960279292e-07,7.06026884215339e-11,1.8538317935012303e-05,7.744373599986945e-09,0.9998921298126319,2.922711236000286e-10,8.913649611624319e-05
3,logistic_regression,9200,6,6,0.006970230395088287,5.799828031016203e-07,0.0020238812872435683,0.011610106277220027,0.004118563830877717,0.0014410122725764594,0.9738356259541908
3,logistic_regression,3022,0,0,0.9855375562220233,0.0034371877528234047,0.010788151100166576,2.3299082057541486e-13,1.7465223161497022e-08,0.00023240400687259157,4.683452657982062e-06
3,logistic_regression,8183,6,6,0.0017164002382925284,8.164190069761413e-08,0.00014205916629455166,0.14121636183455352,0.0010116821424016108,0.007859544529962402,0.8480538704465946
3,logistic_regression,301,5,5,4.5285492897779325e-07,1.6380135007050423e-10,5.903467962456166e-11,0.003949764684438902,5.065504107611087e-10,0.9958947761286712,0.00015500560257452567
3,logistic_regression,797,5,3,3.4118212434588374e-05,7.264800068611276e-09,6.349538516762949e-07,0.587084408609973,3.459484960378666e-06,0.29945595729902696,0.11342141417495318
3,logistic_regression,1853,5,5,0.0005146332871699317,4.738529729132785e-07,2.59619725231969e-06,0.00014648910134170518,7.595210235944262e-09,0.9971757547961676,0.00216004516988528
3,logistic_regression,3159,0,0,0.9383687632469383,0.0007868524951311664,0.06082856078139961,1.5016666254056918e-13,2.8019288249267817e-06,8.672885430740615e-06,4.348662125048988e-06
3,logistic_regression,10212,3,3,8.025036894836262e-13,8.124042609075404e-17,3.0761927042525037e-15,0.999985739476151,9.028312514003354e-09,2.4543168729455206e-06,1.1797177858011524e-05
3,logistic_regression,7368,6,3,5.129168356285354e-07,2.4147329381018326e-11,1.4683172313809463e-08,0.9670540342325642,2.052843896195384e-05,0.00012367184996495416,0.03280123785435359
3,logistic_regression,3678,1,1,3.361939788367343e-07,0.9995783780986041,0.00042128570741701877,1.7249495249138136e-41,6.341980473649487e-17,3.6382341508792344e-20,3.811576690058381e-25
3,logistic_regression,4904,2,2,0.020788242717451406,0.00042845684406227577,0.9786202929944124,1.3519953768593363e-12,0.0001392397837433658,4.878027696049349e-07,2.327985620899913e-05
3,logistic_regression,5754,4,4,8.038158363110746e-08,1.1604485272629094e-12,1.8480474713765604e-07,1.596486058270187e-05,0.9991071319293654,2.7363328158648037e-09,0.0008766352862278982
3,logistic_regression,6692,4,4,2.5432669636701863e-05,1.1097110087159653e-08,0.0014010923141392737,9.453386013206988e-08,0.996303658020107,1.5382176739775562e-08,0.0022696959829700426
3,logistic_regression,7938,6,6,0.0009600624419872184,1.5672456914977834e-07,3.428216969034284e-05,0.17460096026518368,8.28129965927468e-05,0.14007302082788903,0.6842487045740878
3,logistic_regression,9254,6,6,0.0047995704212040495,1.3266536841489241e-06,0.001069457521347115,0.010700111683120477,0.0007154608928818351,0.03577516819718199,0.9469389046305804
3,logistic_regression,8943,6,6,0.0053520223499804054,5.405819757771615e-07,0.00045569597640355826,0.029154898092475377,0.0007048077784365236,0.06107487849221464,0.9032571567285137
3,logistic_regression,6304,4,4,1.5774757890384816e-09,3.0227911357364386e-12,7.057146353491109e-06,4.02641656681355e-09,0.9998978538767517,2.2427435827969158e-15,9.508336997735245e-05
3,logistic_regression,274,5,5,2.357789533779821e-07,2.1652502672285756e-10,3.08826509483642e-10,0.030877956165406593,1.7582199240622317e-09,0.9685670817732385,0.0005547239988300864
3,logistic_regression,13256,3,6,5.708759868755385e-06,1.56817417459092e-09,1.0122005375735131e-05,0.4703604167172394,0.0028222502820082975,0.0004263130120791967,0.5263751876552544
3,logistic_regression,8906,6,6,0.0016791979418620843,4.960987206054855e-07,0.0010754290430551763,0.01853210494900614,0.0016000740464879378,0.006444256779737516,0.9706684411411305
3,logistic_regression,12339,3,3,3.086110481460481e-07,2.1834474511536084e-10,5.2011200760766505e-08,0.9556254538353239,3.951186346891238e-06,0.004512120731342515,0.03985811340639304
3,logistic_regression,4557,2,2,0.06377358562125689,0.0009748103753546998,0.934611688505155,5.008060613067659e-10,3.649542929188611e-05,0.00015039690500766458,0.0004530226631277245
3,logistic_regression,11589,3,3,6.712012101642009e-09,9.17803764774257e-13,3.6178480656718054e-10,0.9950232910157017,3.0116935660472683e-06,0.00011811180029484948,0.004855578415722698
3,logistic_regression,1702,5,5,0.0005870510226859713,7.483032839669328e-07,5.8477785764763065e-06,0.0010596007435396777,9.94624036929441e-08,0.9836190894933261,0.014727563196183957
3,logistic_regression,9291,6,6,0.001118091996796889,1.0770734273297113e-06,0.007598636953461368,0.007133737403555711,0.005500730634847456,0.002256406773211001,0.9763913191647002
3,logistic_regression,8549,6,6,0.00023081331092760142,9.873964177984887e-09,0.00025497438339256004,0.05890785998452835,0.16833266553749202,0.0001319091178877398,0.7721417677918075
3,logistic_regression,3043,0,0,0.9992149317934589,1.1254179185434862e-05,0.0007617978792185033,6.869199665537547e-14,9.127739658496514e-06,1.4364527729694194e-06,1.4519556370521088e-06
3,logistic_regression,12691,3,3,5.690507643409028e-07,3.087068804006189e-11,6.336290119565074e-08,0.9383253418503202,0.00012667884461767194,0.0003315201395478597,0.06121582672097795
3,logistic_regression,3078,0,0,0.6167732754339194,0.002769791286267582,0.38042175758398594,1.027824483568435e-12,2.710819373458585e-06,1.2795518694406977e-05,1.9669356731397335e-05
3,logistic_regression,8909,6,6,0.0008896005222288504,1.23949348757213e-07,0.0008377087214117241,0.005108813486655781,0.018776531371191254,4.3075747037725276e-05,0.9743441462021261
3,logistic_regression,12204,3,3,5.743355707946604e-08,3.3186513724546047e-12,3.373547641438273e-09,0.9868465455934259,1.208011670382231e-05,0.00015510793993669218,0.012986205539510296
3,logistic_regression,6882,4,4,9.736381387756351e-10,4.1957579906667785e-13,1.7222501149698068e-07,6.15234270459306e-11,0.9999991186918127,5.242326995489273e-12,7.08042352490829e-07
3,logistic_regression,12777,3,3,2.1961651450760444e-05,8.983839436550816e-10,2.4028582989436287e-07,0.8711079658943235,2.227364578099298e-05,0.011935164891017853,0.11691239273321316
3,logistic_regression,2040,0,6,0.04824702366434561,3.1931644260695906e-06,0.001490385988135744,0.007327929092005565,0.00048111037078947647,0.027849778249877416,0.9146005794704201
3,logistic_regression,10427,3,3,4.157586595474079e-12,5.051849850822261e-16,3.8238283351553177e-14,0.9999046546422075,1.257751888675335e-07,5.594486248668849e-06,8.96250921589659e-05
3,logistic_regression,1367,5,5,0.0009212561273239953,1.0441667297030572e-07,5.481135619014916e-07,0.00942687605352105,7.561250640016968e-08,0.9744063867449497,0.015244752931463863
3,logistic_regression,6731,4,4,2.5425988432988966e-05,1.027551836029313e-08,0.0015161896957157635,2.110920406649682e-07,0.9961166428094544,2.9184171539588916e-08,0.0023414909546662535
3,logistic_regression,3278,0,0,0.9953699616485183,0.004356998242049065,0.00014000361309356562,1.4461098295898264e-17,4.942959199347181e-13,0.0001330357283717186,7.674732130250714e-10
3,logistic_regression,5545,4,4,1.6795984007827e-08,5.3001569766217205e-12,1.0056381117177916e-06,0.02365673880563878,0.9207661089693255,4.2760459902331187e-08,0.05557608702517987
3,logistic_regression,12383,3,3,1.7384887805351407e-06,8.088722400517547e-10,1.8523107883150297e-08,0.7975637789301384,4.2157458629295084e-07,0.17826450300629174,0.024169538668223002
3,logistic_regression,4712,2,2,0.0024462389707165287,0.00010968434603488818,0.996444556567671,9.35096043553804e-13,0.0009523822842978594,1.5053555851853695e-09,4.7136324989416506e-05
3,logistic_regression,2769,0,0,0.9800552154444233,4.5262542716910835e-05,0.019183189482475847,2.7510519895278347e-11,0.0005382644235572687,2.0454586856272263e-06,0.00017602262063016276
3,logistic_regression,3649,1,1,3.4348491270238035e-07,0.999231455547723,0.0007682009673639571,4.1764077058365894e-41,1.3932255764214425e-16,1.5022420566113324e-19,1.2100554536939936e-24
3,logistic_regression,10612,3,3,1.6651845444851383e-10,2.47796180307171e-15,7.400370144097605e-13,0.999605275661832,2.3715631064317578e-06,7.56702258395761e-07,0.000391595905542229
3,logistic_regression,5452,2,2,0.32506044811170476,0.0456003295504944,0.6293388033523876,7.293849861941204e-18,7.035233132800185e-08,3.242755961271558e-07,2.4357485793178913e-08
3,logistic_regression,10970,3,3,4.967767142986773e-10,7.207268843813742e-14,8.163568288851658e-12,0.9991710445307638,2.968730841354936e-07,7.826869624231786e-05,0.0007503893948975715
3,logistic_regression,12003,3,3,2.7307113605828514e-08,1.6214239631142188e-12,1.4052957903644218e-09,0.9891984147568924,1.249669905403849e-05,7.87866777497435e-05,0.01071027315227288
3,logistic_regression,3039,0,0,0.5944303210793462,0.0040889701010685545,0.40139369295430916,4.285957069405245e-12,2.5806180831139183e-06,3.042331374896479e-05,5.4011929158028894e-05
3,logistic_regression,11920,3,3,1.9347619012640918e-08,1.005991745358265e-12,7.51745974012769e-10,0.9902097605109816,1.2698386686020214e-05,5.213393308728195e-05,0.0097253870688739
3,logistic_regression,10925,3,3,7.685647208284163e-11,2.1127898716224737e-15,6.6413903344343055e-12,0.9970134166749968,0.00041723499918468155,3.3510148065084835e-08,0.0025693147321702837
3,logistic_regression,6044,4,4,1.1428949848320146e-08,2.2732478231929777e-12,9.279834348336361e-07,6.452300354163638e-07,0.9997437696815502,3.298698477729369e-10,0.0002546453438866671
3,logistic_regression,7642,6,3,5.7710076522140304e-05,1.7866776543269606e-08,7.154005012509479e-06,0.6520464942656218,2.5472109334700686e-05,0.02631434362741884,0.3215488080493133
3,logistic_regression,5027,2,2,0.005151502258602561,0.00025482261769363906,0.9907240879546315,4.314620431114449e-13,0.0038345300832052175,3.71671539062569e-08,3.5019918281793966e-05
3,logistic_regression,6641,4,4,8.042358001593328e-08,8.182564132080264e-12,1.755493978053326e-06,6.142281860336385e-09,0.9999660386477368,1.8912320908034633e-10,3.211909511751743e-05
3,logistic_regression,12075,3,3,1.6908418256270996e-07,1.2098437842107742e-11,5.979515420265139e-09,0.9811112102582847,9.257239729581748e-06,0.000363968709124553,0.018515388717064898
3,logistic_regression,8184,6,6,0.000289789873582308,9.446701545099426e-08,0.00023690518459276207,0.038195818573083705,0.0018454382001183713,0.0006664332160959637,0.9587655204855114
3,logistic_regression,7832,6,6,0.00014211912664047503,3.8882726553634204e-08,5.240005471845108e-05,0.32095719029424946,0.0002973735832537015,0.016254975610371425,0.6622959024480399
3,logistic_regression,700,5,5,4.3323214237696615e-07,4.1170598186840026e-10,1.2474102515747132e-10,0.000403677451824494,7.662457501094065e-11,0.9995501888345169,4.5699868444634555e-05
3,logistic_regression,10471,3,3,4.163313114521569e-12,1.1897785302446755e-16,6.886052866975329e-14,0.999924394693751,8.927549246446906e-07,2.248562330811984e-07,7.448769085897155e-05
3,logistic_regression,12825,3,3,3.825613743349388e-06,5.661695960915016e-10,4.327841303353706e-07,0.8345911944506824,7.690523152719195e-05,0.0024981562727343634,0.16282948508101278
3,logistic_regression,8730,6,6,0.00013098572409624604,3.16501491662511e-08,0.0007456734198522415,0.015659712088806572,0.09628677846368036,7.309598356319744e-05,0.8871037226698522
3,logistic_regression,9276,6,6,0.004527386570156919,2.4267140105605073e-06,0.004906388589645685,0.007760670627317726,0.0012379513598057253,0.012772955725407887,0.9687922204136555
3,logistic_regression,9954,6,6,0.0713818037848667,6.663363181872593e-05,0.18783944069424885,0.00019900280291445518,0.0055409382141562566,0.0082536407273468,0.7267185401446482
3,logistic_regression,1176,5,5,9.238845225898904e-07,3.4122429395285034e-09,5.280281726263916e-10,2.9631853518702833e-05,2.2643235638511457e-11,0.9999502611400867,1.91791589577968e-05
3,logistic_regression,7967,6,6,0.0004722746198852531,7.289257282057319e-08,9.768122138664947e-05,0.15481361111020064,0.00039917267842700917,0.0013839117369890408,0.8428332757405386
3,logistic_regression,10496,3,3,5.542533780184293e-12,4.462413466226857e-16,5.754258430477117e-14,0.9999150618474358,1.2844095016726435e-07,3.0105175794950215e-06,8.179918843381054e-05
3,logistic_regression,5986,4,4,2.21596785299171e-05,8.232599397537463e-10,4.902915866032002e-05,0.0001247002462154763,0.9697889598543463,1.8294631328842278e-06,0.030013320775855144
3,logistic_regression,10208,3,3,4.7697494572031906e-12,1.4696418599104156e-15,3.646682372052276e-15,0.9998372381794278,1.1471340713021492e-08,0.00012517514488489268,3.7575199571623006e-05
3,logistic_regression,5117,2,2,0.005079689393300242,0.00027382173005210844,0.9944461535401037,1.5921448057532167e-14,0.00019646466472067017,2.679383008133597e-10,3.870403869013229e-06
3,logistic_regression,8191,6,6,9.284714951337331e-05,5.600128136953743e-09,6.0110749297570556e-05,0.1049579032348383,0.034639925891975856,0.0002657517620781825,0.8599834556121685
3,logistic_regression,9054,6,5,0.007957463994029487,2.3523202704469526e-06,0.000499388713496888,0.025980682113310654,2.4355074041222334e-05,0.5340336806471107,0.43150207713774064
3,logistic_regression,5467,2,2,0.00046041548459583486,0.0021704246595645863,0.9973677989765047,1.2463213630098599e-18,1.353958650209146e-06,3.661715157086159e-10,6.554513054863027e-09
3,logistic_regression,5882,4,4,0.012324723673239274,2.638098256450222e-09,1.6063209205874892e-05,1.7139439676174046e-06,0.9155643193835048,8.847095086572234e-11,0.07209317706351322
3,logistic_regression,10677,3,3,3.024825071627253e-11,3.878518336066215e-15,3.1164243271152006e-13,0.9998142174741586,8.566011881936191e-08,1.9571309819831922e-05,0.0001661255253390512
3,logistic_regression,12652,3,3,1.042854686253509e-06,6.98237749703603e-11,5.233482147176192e-08,0.9266427953109414,5.27854991891739e-05,0.0013954111118420897,0.07190791281869574
3,logistic_regression,11346,3,3,2.010952644486881e-10,1.075098765202019e-13,5.16132840877304e-10,0.9885087290399186,0.000241786550539509,1.395002331154743e-07,0.011249344191973131
3,logistic_regression,12649,3,3,1.8068574862132044e-07,3.293788845858589e-11,4.840173203002562e-07,0.8570800860145029,0.0030750637576901834,4.987477068784385e-06,0.13983919801473135
3,logistic_regression,4622,2,2,0.03133321135858187,0.0007884851258529537,0.9676536155200349,1.0252590340575667e-11,7.529489768722775e-05,1.2149850691188548e-06,0.00014817810252126896
3,logistic_regression,10323,3,3,9.468725901703194e-13,1.448572101455683e-16,9.079910580811752e-15,0.9999724048865573,1.4001938502951227e-08,8.419351384349518e-06,1.9161759163789363e-05
3,logistic_regression,705,5,5,1.2845400688075723e-05,7.8645399978892e-11,8.694677778558225e-13,1.0158196104959601e-05,1.2609761119755713e-11,0.999972926761594,4.0695494884756206e-06
3,logistic_regression,2824,0,0,0.6572846095015101,0.002020960889832519,0.34025407864869767,1.0361419637113283e-10,5.475263160476525e-06,0.00016542939605443174,0.00026944619713082486
3,logistic_regression,7276,4,4,0.0001695339805798803,5.402883469100339e-08,0.002123055275870506,1.1693232055905526e-10,0.9976203710062743,9.18362925051693e-09,8.697640787903975e-05
3,logistic_regression,5252,2,2,0.0050651007279642534,0.0010774189221466523,0.9938408596916866,1.1662028920278176e-14,1.4973264608453979e-05,1.4626668898496917e-07,1.5011268934554182e-06
3,logistic_regression,4448,2,2,0.0016434017234308164,0.00015873305956378133,0.9976770144143269,1.3303339626615781e-11,0.0002624237894816781,4.729103497944558e-09,0.0002584222707900598
3,logistic_regression,9905,6,6,0.06424344115723403,5.490659577767149e-06,0.032751228009632566,0.000717552273727652,0.05569642841145709,0.0028254919579624688,0.8437603675304084
3,logistic_regression,7870,6,6,0.000182901090790932,4.513750656375767e-08,5.23859102960815e-05,0.25992554080097274,0.0003415613851166975,0.015874363367173374,0.7236232023081437
3,logistic_regression,11096,3,3,2.9417246936251203e-10,2.654879910336327e-14,2.070094763209954e-11,0.9987752954152729,3.7435865057282384e-06,5.26096937837001e-06,0.0012156997139431205
3,logistic_regression,3087,0,0,0.9901823953423838,0.005282410947016419,0.004404881864323112,1.849618007081747e-14,4.230677875968851e-10,0.0001298952874895041,4.161357007651061e-07
3,logistic_regression,4391,2,2,0.002949848713121667,4.121870334772247e-05,0.9798030739793201,5.423339802983705e-11,0.016575150192859198,8.193499456130571e-10,0.0006307075377679872
3,logistic_regression,2216,0,0,0.9999994001327629,7.604296182175539e-10,2.075919600864296e-09,8.72265090324737e-13,1.2221865131676073e-08,3.0992788678665133e-07,2.748802638567901e-07
3,logistic_regression,8668,6,6,0.0005879255341994513,2.128150495964564e-07,0.0003913003084361664,0.06367180781112909,0.0008184226283555874,0.02556108867419349,0.9089692422286367
3,logistic_regression,12735,3,3,3.903540994117558e-06,9.727931272345094e-10,3.445778476470791e-07,0.8647648334886885,2.2150147271671678e-05,0.007630537082882743,0.12757823018952208
3,logistic_regression,3052,0,0,0.9934099764582578,0.0001169552192173919,0.006454235955470634,8.396348166894045e-14,1.149407380682335e-05,7.625973880753127e-07,6.575695775098534e-06
3,logistic_regression,74,5,5,3.18275258630848e-08,3.478322654066656e-11,1.7437962663372058e-11,0.03974588896043833,3.3755041866273505e-10,0.9601236943758606,0.00013038444640363424
3,logistic_regression,1656,5,5,0.0016559071569493364,2.1350209240177485e-07,1.3481684722416687e-06,0.0008281085019022032,6.800229909292183e-08,0.9890934595461391,0.008420895122145692
3,logistic_regression,1343,5,5,7.802391342899647e-06,9.818246687680155e-09,5.393186321906411e-09,0.0001044198276323637,1.9361511173558243e-10,0.9997646153382139,0.00012314703776280592
3,logistic_regression,6685,4,4,2.893209471513098e-05,5.767937241336105e-09,0.0008505899201764266,8.061119499183942e-08,0.9980606095010371,8.873875295532234e-09,0.001059773231063698
3,logistic_regression,2170,0,0,0.9666564274970674,7.315250666787298e-06,0.002193605409495528,1.2263620691689995e-07,0.0018752607075053047,7.25993770226038e-06,0.029260008561355712
3,logistic_regression,8355,6,6,0.0012812695036354,6.21661351568361e-08,0.00021585242716794592,0.10060929379342129,0.003174826289946253,0.0030177572236060124,0.8917009385960879
3,logistic_regression,5961,4,4,2.2968325138328192e-07,2.573282728083534e-12,3.218781647290798e-07,1.417152051939484e-06,0.9995841873504105,1.7450273682872849e-09,0.00041384218852081944
3,logistic_regression,339,5,5,6.355890134835407e-07,3.767033864665176e-10,6.694052162651504e-10,0.03362217622691379,3.0308056039491853e-09,0.9654887313066016,0.000888452800556822
3,logistic_regression,2669,0,0,0.999982060257596,1.4655622916740613e-06,8.800317216130075e-07,4.2677845381348965e-14,2.5253134168241896e-10,1.5475563481839862e-05,1.183323349860504e-07
3,logistic_regression,4163,2,2,0.19687964840327732,0.0001311982653022519,0.7963322737852176,4.194152880471433e-10,0.004403791109600054,6.322680387140275e-09,0.0022530816945070765
3,logistic_regression,11694,3,3,2.6904558917705174e-08,2.222200053967496e-12,3.0868885510240585e-10,0.9949892750289024,7.962000106605359e-07,0.00070094745501447,0.004308954100602333
3,logistic_regression,688,5,5,6.293684669526282e-06,1.7159842351550697e-09,2.687254568751021e-09,0.0076411760498390725,2.5971433032422736e-09,0.9914373942407257,0.0009151290243836445
3,logistic_regression,11101,3,3,3.986404337917162e-10,3.7817178913397247e-14,1.3330192743012394e-11,0.9991140033148581,8.193724586701519e-07,1.8242266427974164e-05,0.0008669346342466091
3,logistic_regression,11387,3,3,3.2668709262242304e-09,3.961577630803508e-14,4.897698575600314e-11,0.9982599155021697,8.742280538837671e-06,2.674445607068868e-06,0.0017286644557965543
3,logistic_regression,5015,2,2,7.145159126734436e-05,4.2231044986314244e-05,0.9997236891360695,1.3982977136500098e-14,0.0001591871618638996,5.184284921922734e-13,3.4410652808767153e-06
3,logistic_regression,8557,6,6,7.54378211421807e-05,1.3562760396388248e-07,0.00026410227950412633,0.004089025916431721,0.002892138872042968,5.3796679831952503e-05,0.992625362803443
3,logistic_regression,467,5,5,1.95406231139872e-09,1.1868144203266585e-12,4.2024583761142324e-16,6.413432091547066e-08,1.7395144775157188e-15,0.9999999323616665,1.5487613340534709e-09
3,logistic_regression,4194,2,2,0.08996269435439805,0.0003449763049073717,0.8920785826892403,1.5120482890711485e-08,0.005956737197872174,8.230282403032997e-05,0.011574691509068896
3,logistic_regression,13158,3,3,1.1909638329987952e-06,1.1509674171155114e-10,1.918684984304558e-06,0.7559628502030894,0.008152388619355744,0.00010156044282087847,0.23578009097081998
3,logistic_regression,8239,6,6,0.0009683657624436063,8.09371074546227e-08,4.331867659212519e-05,0.06992820270060018,0.000629323803931938,0.015948151364602755,0.912482556754722
3,logistic_regression,7770,6,6,0.0010859039633765938,2.7602516390961676e-08,6.781942748812573e-06,0.32870129473014864,0.00014800088656347107,0.08891463921360053,0.5811433516610455
3,logistic_regression,13351,3,3,0.00017626612053288444,1.0373645957093962e-08,9.407954036806993e-06,0.5319196922987399,0.00018505787197081866,0.012202240728424265,0.45550732465264926
3,logistic_regression,9316,6,6,0.011159816632026188,2.2197439141912083e-06,0.0017722281965759292,0.013531515471850998,0.0004871504616722614,0.07574152014252353,0.8973055493514369
3,logistic_regression,454,5,5,1.2983094786051592e-07,2.8351770210760823e-10,2.522715667702834e-10,0.005032700887018543,2.909917189138661e-10,0.994812208181344,0.00015496027390860984
3,logistic_regression,9732,6,6,0.08345940657792215,2.1557364219113166e-05,0.01997372308157358,0.002989285841594159,0.0005034707234712843,0.06421121732246418,0.8288413390887556
3,logistic_regression,2047,0,5,0.021830560673325818,1.3728176301326997e-05,0.0011248089232307266,0.003484711724001529,1.1086969251546245e-05,0.6803495215059965,0.2931855820278925
3,logistic_regression,12892,3,3,2.5834390290054995e-06,9.160502749322793e-10,4.2424653579626156e-07,0.8532944263794998,2.4008973436714832e-05,0.006716704779275208,0.13996185126617322
3,logistic_regression,8901,6,6,0.0004279642062092005,3.4857051401064267e-07,0.0017798870909494701,0.018704217228563646,0.0024632685355914213,0.0011327941220597108,0.9754915202461124
3,logistic_regression,13127,3,3,2.3649905092071423e-05,1.1869363025648356e-08,1.3207826905979007e-06,0.6500531440761804,6.672640372967751e-06,0.16470119014725748,0.18521401057904327
3,logistic_regression,9426,6,6,0.02107120341622313,1.0066231405838e-06,0.0016875849636080597,0.007359063560257215,0.003638472656540351,0.01071431045340908,0.9555283583268216
3,logistic_regression,5387,2,2,0.0010493790569626922,0.000963975470062561,0.9979505179387874,5.566601267226548e-17,3.59789967485216e-05,1.2323667649861157e-09,1.473050718449899e-07
3,logistic_regression,6587,4,4,2.9062948023064993e-06,8.337813288948096e-10,0.0001559229889193517,6.67848509736769e-08,0.9994294165415895,9.27946881907734e-09,0.0004116772765877505
3,logistic_regression,4297,2,2,0.02991595000279093,0.0007884476293180375,0.968038302384398,7.223154791171931e-10,4.705644646577083e-05,8.150475876812016e-06,0.0012020923388349823
3,logistic_regression,4842,2,2,0.09414130903350962,0.0019694843357183603,0.9037981152153101,1.2671620967905108e-11,6.565649941753099e-06,2.4251722491174162e-05,6.0274030357354935e-05
3,logistic_regression,6356,4,4,6.514198279842542e-07,1.4955189986475308e-10,3.171804164992325e-05,8.108224722483612e-07,0.9987615701265727,8.853606798808787e-09,0.0012052405863183001
3,logistic_regression,7541,6,6,1.060477916558157e-05,4.42999367225674e-09,4.7031770869545335e-06,0.34803384627549483,0.0004283686267684995,0.0001596963378907738,0.6513627763735997
3,logistic_regression,11743,3,3,6.641431832802102e-08,8.982435684981276e-13,3.397315640595092e-10,0.993199204557993,7.486620951562538e-06,0.00010310564356984005,0.006690136422537515
3,logistic_regression,2430,0,0,0.9899475166101821,1.5426870907915223e-05,0.007371118890187107,7.357632420859584e-09,0.0005859259630478322,8.716439921382859e-05,0.001992839908828923
3,logistic_regression,1726,5,0,0.6050270695666251,1.1949499987635958e-08,5.758788528300262e-10,4.1559494983686414e-07,2.0815234597369863e-07,0.3942816317726639,0.0006906623880361034
3,logistic_regression,2668,0,2,0.3654783231286674,0.0009357958551180465,0.6292794185355608,5.9969885999886366e-09,0.00020894571461158953,0.0005332805974003847,0.003564230171653071
3,logistic_regression,325,5,5,1.6304380952239622e-07,1.8208264582104567e-10,6.955453375725607e-11,0.0036037518227252613,1.456765984269055e-10,0.9963141369789615,8.194775718981354e-05
3,logistic_regression,10976,3,3,1.3841994791525994e-10,4.3370295418903486e-14,3.423783597496197e-12,0.9994431057878008,8.7518167358002e-08,0.00012693343297829902,0.0004298731191664948
3,logistic_regression,9977,6,4,0.06595357114420757,4.3076372965229215e-06,0.029201534340381894,2.516264406560756e-05,0.46375576086073245,0.00011769723938460644,0.4409419661339314
3,logistic_regression,12747,3,3,2.3069915831420614e-05,1.1959916567782331e-09,1.95527165781267e-07,0.8477242117618126,1.8210064590482146e-05,0.026006840912707028,0.1262274706219011
3,logistic_regression,11073,3,3,4.0454068499018305e-10,2.6725851620006715e-13,4.5593601883476616e-12,0.9969977696150106,6.211166087255378e-08,0.0022484840110600208,0.0007536838529011458
3,logistic_regression,1320,5,5,2.2218559690969677e-05,1.8627258406384857e-08,3.4955625085177946e-08,0.0008532892427013483,2.564570992779978e-09,0.9981503748322914,0.0009740612178617717
3,logistic_regression,3199,0,0,0.9961265366899569,0.00010245658089694488,0.003770319798896027,1.96280649713892e-15,2.1699868141043456e-07,3.298993691610429e-07,1.4003219758552398e-07
3,logistic_regression,13164,3,3,3.0987695048975555e-05,1.1039249882271934e-08,2.642566178250498e-06,0.5674471965539764,4.592818409066019e-05,0.05745533843489104,0.3750178955265648
3,logistic_regression,3065,0,0,0.5087008443543788,0.0003892250270175563,0.47103132567075007,7.421491504049046e-13,0.019780487587597543,1.2190422416025445e-07,9.799545528989434e-05
3,logistic_regression,2482,0,0,0.9609344953373445,0.0002694966688834517,0.03481405815442974,7.688403682047031e-09,1.9086200740501255e-05,0.0017717678997023923,0.0021910880504955868
3,logistic_regression,3739,1,1,3.590173719620402e-07,0.9999739053693653,2.5735613262830007e-05,5.839424990369246e-44,4.127927311065975e-19,4.7750638536624885e-20,3.5432484072839524e-27
3,logistic_regression,5188,2,2,0.00021185072652530476,0.0001502279367158744,0.9942700187877476,3.1527453869256637e-15,0.005364058351128409,6.990765439014038e-10,3.843498803246105e-06
3,logistic_regression,2986,0,0,0.9996545238454552,3.5323038250334305e-06,0.0002189098814935589,4.4745071953621194e-15,0.00012164129329332585,1.117389024129139e-08,1.3815020380292976e-06
3,logistic_regression,11979,3,3,8.280730292714917e-08,2.634394774764629e-12,1.1056468228540642e-09,0.985736767010091,1.3328467723190587e-05,0.0002551518129174195,0.013994668793684393
3,logistic_regression,5946,4,4,3.959615940679863e-08,4.0117307943997336e-11,2.3256980333535672e-05,8.613875482558518e-07,0.9987356147942361,1.1835718308134993e-10,0.0012402270832481553
3,logistic_regression,12472,3,3,1.5871169649652715e-06,1.339490093410131e-10,2.6679286195750534e-08,0.9532168808340191,4.977996416958166e-06,0.009807080149825993,0.03696944708953761
3,logistic_regression,4267,2,2,0.019311752146524287,0.0002443084832970569,0.9791349437572026,1.6245456851258423e-09,0.00017529297863345204,4.004266334503647e-06,0.0011296967434624204
3,logistic_regression,400,5,5,1.5486509635133225e-05,1.1579418075484174e-09,3.512845710162726e-09,0.07883430128418653,4.360702062906234e-08,0.9155192390505483,0.005630924877821781
3,logistic_regression,593,5,5,2.232664192147638e-06,1.5792798358371268e-09,5.171288997756968e-09,0.0224913512505239,8.424661042483997e-09,0.9754451982879808,0.0020612026220733944
3,logistic_regression,3826,1,1,2.614074753569757e-08,0.9999951181037617,4.8557554907461245e-06,9.280558365060165e-49,2.393274712031195e-19,1.6234584478730727e-22,1.2597506834155072e-30
3,logistic_regression,3047,0,0,0.9973640618384856,0.00019957354788149037,0.002433581486250693,2.5379965642944144e-14,1.1582767888245217e-07,1.2031026380439386e-06,1.4641970401095325e-06
3,logistic_regression,11124,3,3,1.2140066732958491e-09,6.504361586292577e-14,2.471081584526356e-11,0.9968263442744607,8.189942108511176e-06,3.0578079672411227e-06,0.0031624067366809567
3,logistic_regression,9595,6,6,0.0015498438643087773,7.516303764161669e-06,0.04291354534130099,0.0005423684780506185,0.0024350097766476456,1.6569858037931484e-05,0.9525351463778899
3,logistic_regression,6926,4,4,3.004385019359088e-07,2.592341621371359e-10,5.8346318976244445e-05,3.5257427523758545e-09,0.9998283740345206,5.046406043745383e-10,0.00011297491838385287
3,logistic_regression,8594,6,6,0.000608668523424738,1.632108797123767e-07,0.0004931177886036527,0.013528175908608352,0.004910512455434496,0.0012879645543114426,0.9791713975587376
3,logistic_regression,11516,3,3,9.027075464378094e-10,5.0993888919723015e-14,4.3259551136371407e-11,0.998488729893584,2.2760597689113196e-06,1.6181037039647567e-05,0.0014928120635895417
3,logistic_regression,11819,3,3,1.241741777657168e-09,2.0025057119217304e-13,1.20391238897562e-09,0.9923420141870849,0.0001031151253207457,2.0283977622653043e-06,0.007552839843977674
3,logistic_regression,9546,6,6,0.03614993291791643,9.852066994127581e-06,0.002918635879116524,0.0037270972096440157,0.0002492569284475325,0.12263929677939564,0.8343059282184858
3,logistic_regression,614,5,5,1.978477660877026e-05,2.168883602485812e-09,6.5400598357847955e-09,0.031191466713355175,3.7097799911054296e-08,0.9636868673613415,0.005101835341951176
3,logistic_regression,12597,3,5,1.7105017251547449e-06,1.5280975641503347e-09,1.1156039027341067e-08,0.2558529944963023,8.243386088721904e-08,0.7334223224364296,0.010722877447545487
3,logistic_regression,5934,4,4,1.348869376714832e-07,1.2108144166802793e-12,1.919341923082152e-07,1.7762924246375936e-06,0.999775262919446,1.4749279535772651e-09,0.00022263249086064735
3,logistic_regression,10019,3,3,6.191276240959272e-16,4.336123537795353e-20,7.722955629340698e-18,0.9999982501542692,2.3212117074598263e-07,5.793567189589124e-10,1.5171452028312895e-06
3,logistic_regression,11929,3,3,2.2442328720832108e-08,2.0432144269520386e-11,6.1227553523565096e-09,0.9689342806456359,1.1973093333444935e-05,0.0005098426583452758,0.030543875017168914
3,logistic_regression,10644,3,3,6.655215762885711e-12,1.3700491710081591e-15,1.8748190482735574e-13,0.9998753188163308,8.965474553360837e-08,1.1044992754769868e-05,0.0001135465293245585
3,logistic_regression,12921,3,3,8.791123445281291e-06,9.416922788170826e-10,7.209492431441265e-07,0.8334216352192334,6.167095374906723e-05,0.006550264590789381,0.15995691622184752
3,logistic_regression,6625,4,4,1.4646187335971795e-05,3.0085276958188475e-09,0.00036681653796554256,1.5068861752556103e-06,0.9962288395450146,2.2529123927174857e-07,0.0033879625437417643
3,logistic_regression,1778,5,5,0.002150856977065379,9.128788138105736e-07,5.592755648638724e-06,0.0005466822099347868,6.904452483008946e-08,0.9866056212113609,0.010690264922651902
3,logistic_regression,13073,3,3,6.29822017898154e-06,2.4667753012217985e-09,3.01837517992462e-06,0.6711972154479041,0.0001484639140379307,0.0023800707170625627,0.32626493085886105
3,logistic_regression,966,5,5,3.0865279074607404e-07,9.499533695979639e-10,2.47625149473286e-10,0.00010742461206938196,2.5421915371595566e-11,0.9998699104067403,2.235510539907556e-05
3,logistic_regression,6362,4,4,2.9125285923639205e-06,3.850918820873997e-10,5.969688655338538e-05,2.829690065651851e-06,0.9970647209638995,4.353760865121976e-08,0.00286979600818866
3,logistic_regression,5899,4,4,6.533275010047795e-08,6.071455391839439e-12,1.7708313200432232e-06,2.554551558186433e-06,0.9993716800095971,1.0942012903330388e-09,0.0006239281745017895
3,logistic_regression,10108,3,3,7.367067396473073e-16,3.729550718298062e-20,2.1458893805818313e-16,0.9999427028744076,5.149891477165535e-05,5.811471134183373e-11,5.7981527052984475e-06
3,logistic_regression,691,5,5,1.6287300440039414e-06,2.0625446112518653e-09,3.0642774822086484e-09,0.006154550034470366,2.759115329602497e-09,0.992955401613786,0.0008884117357623517
3,logistic_regression,2048,0,6,0.021219705281690412,4.602384142894485e-06,0.004229521306517194,0.0033106148361885823,0.0008108130992286772,0.0037473360287999503,0.9666774070634323
3,logistic_regression,2091,0,0,0.9663852206445662,3.7245725140527675e-06,0.00013428476297279904,9.27514958947278e-06,3.258077201801379e-06,0.020408645944477832,0.013055590848678007
3,logistic_regression,9750,6,6,0.05102979052227314,6.0160833933108e-05,0.03183981018649792,0.0013196001314991989,0.00025633924612985555,0.050607245957667225,0.8648870531219996
3,logistic_regression,4621,2,2,0.006532056591941081,9.319064876741957e-05,0.9902644557218374,1.8313859811018166e-12,0.0029904541425846884,1.1500839222978875e-10,0.00011984277802941911
3,logistic_regression,322,5,5,5.366254114726563e-07,1.4972278907934804e-09,8.102766823068153e-09,0.1535430372241177,3.375887052260925e-08,0.8405432735062542,0.0059131092853513
3,logistic_regression,6824,4,4,2.2901833933474386e-05,6.426649245594661e-09,0.0006929344215854508,1.2256297681192087e-07,0.9977799277995577,5.4737117060362575e-08,0.0015040522181804011
3,logistic_regression,2818,0,0,0.9996137602415942,7.719787292757113e-05,0.00028349499885798576,3.7301535409134234e-13,2.2774987779807777e-08,2.2127124461636743e-05,3.396986797712178e-06
3,logistic_regression,6321,4,4,0.0002539401499337136,1.6698242520639898e-08,0.0009105605107057302,3.379258771148614e-05,0.9536407711977037,2.0078144738292185e-06,0.04515891104122923
3,logistic_regression,13374,3,6,8.764363839372824e-05,3.156638917557085e-08,2.7454787759410744e-05,0.43596090732726295,0.00011622884261439265,0.022651427854925698,0.5411563059826547
3,logistic_regression,1767,5,5,0.00023600271299147299,1.7669993981335392e-07,2.3813664497464382e-07,3.787247324005502e-05,1.0940376410530718e-09,0.9992659129724503,0.0004597959106956493
3,logistic_regression,12000,3,3,7.22666962509921e-08,2.2119275094829797e-11,7.961272571565988e-10,0.9752440408900813,2.2000841056237397e-07,0.0183233417237871,0.006432324292778145
3,logistic_regression,9749,6,6,0.014290307536917169,5.0072973074061015e-06,0.010210581805742736,0.0015570626501606483,0.004150754059503375,0.008808331505170899,0.9609779551451978
3,logistic_regression,8657,6,6,0.00862830025910381,1.759305145932349e-06,0.00034410630401221075,0.04686853212593095,4.8494487893218326e-05,0.2502971195392044,0.6938116879787094
3,logistic_regression,13523,3,6,0.0002878734292922524,8.367080359429622e-08,0.00016111583371837822,0.23595017726534132,0.00038931017558741063,0.020046618505511683,0.7431648211197454
3,logistic_regression,9021,6,6,0.0009867917698805758,1.360933341498997e-07,0.0018115269178657148,0.011319213762922711,0.04966026019516121,0.00041400323578503833,0.9358080680250507
3,logistic_regression,13293,3,3,3.3412754659655626e-05,1.2081926201423895e-08,1.211736348459013e-05,0.5578106258638869,0.00011320202668659879,0.014779052573595405,0.42725157733576075
3,logistic_regression,820,5,5,5.057762537280222e-06,1.0425914646468022e-09,3.491098789444474e-10,0.0004830441110109607,4.203308556252406e-10,0.9993612757607943,0.0001506205536253541
3,logistic_regression,9814,6,6,0.00429011958167257,5.662636372886242e-06,0.109267712519917,0.0004455136344771813,0.03605405756514475,5.4817191075371576e-05,0.8498821168713403
3,logistic_regression,1648,5,5,5.42782168685378e-05,9.643940215536662e-08,1.2023520199285915e-07,7.120621788988456e-05,7.73598503274765e-10,0.9994782174568138,0.00039608066022521585
3,logistic_regression,6604,4,4,6.723074117478045e-07,7.297803587424711e-11,1.0169087958978195e-05,1.0051414250533388e-07,0.9997588449164596,1.555547770746635e-08,0.00023019754557162124
3,logistic_regression,5794,4,4,3.345973874112191e-08,3.4318168783561755e-13,7.388866370446733e-08,4.386889919048509e-07,0.9999436902736291,1.3255060609862332e-10,5.576355608285794e-05
3,logistic_regression,4757,2,2,0.03269921470241505,0.0005698928474592397,0.966633435559089,8.075398794747887e-12,3.858317121164009e-05,7.257324370274193e-07,5.8147979312483596e-05
3,logistic_regression,10868,3,3,1.9877265584257708e-09,9.127370287430633e-14,1.4578639900578974e-12,0.9988274387843803,6.4274985068774e-08,0.0007097475476623464,0.00046274740369685205
3,logistic_regression,11626,3,3,8.762404966941193e-09,6.838969482182532e-12,2.996504130131417e-10,0.9909329856770819,8.6606638050213e-08,0.0065829412548984445,0.0024839773924873135
3,logistic_regression,4213,2,2,0.0006920667716781553,3.4718675773954063e-05,0.9829208812189881,5.131982391384051e-10,0.014941805566018323,7.40058214691025e-08,0.0014104532485219212
3,logistic_regression,8123,6,6,0.00015071318188656873,5.317855284925484e-09,3.487372133086173e-05,0.19140298571207232,0.01443354376795657,0.0010172641374922187,0.7929606141614062
3,logistic_regression,3724,1,1,2.188354054458716e-06,0.9999938395152067,3.9721307387068794e-06,2.4762032454339482e-43,6.012712492467886e-22,3.644916852193003e-18,8.071781591876881e-28
3,logistic_regression,3827,1,1,2.1016912393788344e-08,0.9999987534317282,1.2255513594304943e-06,9.046660679646992e-49,1.2270218249486124e-21,2.7026583373533508e-21,2.9172221684843864e-31
3,logistic_regression,13542,3,6,0.0003622411756794029,3.110111323901777e-08,0.00013450681241927874,0.14666540777808185,0.0035796132611805496,0.002540863910057383,0.8467173359614684
3,logistic_regression,461,5,5,1.5252286381640563e-08,2.541961525045324e-11,8.322989443930796e-13,4.53901428468245e-05,1.0687054732157601e-12,0.9999535177623088,1.0768152373316247e-06
3,logistic_regression,2883,0,2,0.34925532623907163,0.004980443393446736,0.6452397604967968,7.918283646127047e-11,7.410317674194123e-06,7.81014222464647e-05,0.0004389580515813519
3,logistic_regression,3374,1,1,0.00013656698820171237,0.6173308873163746,0.38253254568298106,9.906863626714735e-32,1.2442472697626415e-11,2.0815852028673535e-19,7.403504911451112e-17
3,logistic_regression,12933,3,3,1.5311195182703333e-05,1.045376144235287e-09,9.223662999987666e-07,0.8231214259573938,7.99283586778361e-05,0.004042897945370769,0.17273951313169886
3,logistic_regression,2289,0,0,0.8019652185261333,0.0001560871509053298,0.13475167028715945,1.4242669009268718e-06,0.0011842776150240743,0.001774851137755074,0.06016647101612181
3,logistic_regression,48,5,5,2.3533018790570432e-07,6.3639704927982835e-12,3.0137279111963275e-13,0.004152402994931713,6.25032672192031e-11,0.9958287650806601,1.8596525051663903e-05
3,logistic_regression,9050,6,6,0.0012094421291589206,1.9605764696187678e-07,0.0018777506204167896,0.014222496880070134,0.014378064947817003,0.00033486242984272246,0.9679771869350474
3,logistic_regression,5751,4,4,1.7023394317625261e-06,1.6606905746497815e-10,3.702216959016932e-05,0.0007848780345076803,0.9689847299003416,5.7008909280154346e-08,0.030191610381150428
3,logistic_regression,10039,3,3,6.934359214044693e-15,1.412704110133714e-18,6.166929400871469e-17,0.9999989832942452,2.6499640698677404e-09,5.002524473319336e-08,9.6403053884272e-07
3,logistic_regression,3618,1,1,1.8044806487584898e-06,0.9996570581456159,0.0003411373737351624,3.005714130600125e-40,1.6695483061913153e-17,4.466637999541158e-18,2.5116962495115562e-24
3,logistic_regression,4812,2,2,0.00200596656017842,0.00013638366835279017,0.9969839258926491,5.152474145373205e-13,0.0008328247599702317,9.532545971311761e-10,4.089816507980163e-05
3,logistic_regression,7509,6,3,3.15400152655353e-05,5.366548418196228e-09,2.2796835289391803e-06,0.6670955288473828,7.026639236666503e-05,0.014549488107183125,0.31825089158772457
3,logistic_regression,11846,3,3,2.7469386767880048e-08,5.992971304911977e-12,5.634502955568639e-10,0.9924843455210909,3.2167763787265173e-07,0.0031589793019376217,0.004356325460503891
3,logistic_regression,1102,5,5,9.626432911421215e-06,8.056177102314934e-09,3.860195053215592e-08,0.005503169673422001,3.742961962710506e-09,0.9929035387950705,0.0015836146975065492
3,logistic_regression,3210,0,0,0.9159228501518554,0.025643257872093643,0.05840448537042316,6.1485848566311775e-15,1.1422688861633523e-08,2.8366589485746406e-05,1.0285934469699664e-06
3,logistic_regression,6052,4,4,5.062960086933001e-07,3.498631484688901e-10,0.00013299662472416728,1.2911905287381665e-06,0.9956012753710651,2.7210409375749724e-10,0.004263929895706115
3,logistic_regression,7235,4,4,1.4282436773223852e-05,1.5232313823002263e-08,0.0017629189292048672,4.5314529766694415e-10,0.9981319613783844,2.9847751894014835e-09,9.081858540334583e-05
3,logistic_regression,6582,4,4,8.177199321610108e-08,8.798415004568181e-10,0.0006259154933980015,1.6323263070662692e-08,0.9980364092266215,6.50241300410792e-12,0.0013375762983801325
3,logistic_regression,8180,6,6,0.0003455952475598393,6.767582088564803e-08,0.00020727691483574888,0.13621060574135987,0.0011653495566663194,0.0031945154077351627,0.8588765894560222
3,logistic_regression,6677,4,4,0.00029718039593836036,7.086193349249091e-08,0.004782712738539575,2.774134161514638e-06,0.9697713828274973,4.3973110997041577e-07,0.025145439310819834
3,logistic_regression,10286,3,3,4.4822900561841063e-13,1.4792126746486698e-16,8.546981503830531e-15,0.9999730662529677,1.519252679868612e-08,7.301723179201431e-06,1.961683086931935e-05
3,logistic_regression,9117,6,6,0.009484414720886004,2.9780850114425005e-06,0.000658936068200611,0.014055934807037493,0.00010969569600658226,0.21169416870716357,0.7639938719156943
3,logistic_regression,11079,3,3,6.198090224582776e-11,1.0034463318745334e-14,6.872227251948135e-12,0.9987694600896972,4.364895388585246e-06,3.1723333291575615e-06,0.0012230026127217706
3,logistic_regression,4451,2,2,0.0025750050608548533,4.2619862768126784e-05,0.8788498949493935,3.976801455840091e-11,0.11787956553115563,1.544083932123181e-08,0.0006528991152203778
3,logistic_regression,851,5,5,2.8390191118905597e-06,1.224360852630339e-09,1.7848999953851288e-10,0.0002863508494782004,3.0950306753523896e-10,0.999607407938001,0.00010340048105493774
3,logistic_regression,8076,6,6,0.0018936938139108505,1.439040604145006e-07,0.00010084152525914645,0.1530831236520006,0.00028883312060338503,0.025278350759550105,0.8193550132246155
3,logistic_regression,154,5,5,1.049802554009895e-07,4.547454277744546e-11,1.220859459283092e-11,0.006709170196746103,1.2979432765746814e-10,0.993231269105217,5.945553030410121e-05
3,logistic_regression,12327,3,3,3.6738213690017516e-08,8.264191588492727e-12,6.31461160355511e-09,0.9827152548715022,7.611099914694084e-06,0.0009100326746131405,0.01636705829288056
3,logistic_regression,2428,0,0,0.9999621302041221,5.480545733835254e-07,6.479657631726812e-06,1.2899864965867958e-11,8.888393013409003e-08,2.445927745258905e-05,6.293909390168306e-06
3,logistic_regression,10274,3,3,1.5864254514288303e-09,8.333625162559871e-14,6.039181562224258e-15,0.99045820298504,3.636289690690893e-08,0.009349937007890871,0.00019182205765744947
3,logistic_regression,12456,3,3,6.110630992904067e-07,1.0349996971503225e-10,1.400306508454207e-07,0.9110893726226859,9.74643550408807e-05,0.0002874801451417346,0.08852493167988154
3,logistic_regression,7626,6,6,1.12967487958052e-05,6.91562471038835e-09,2.776710729887369e-05,0.46946053707405627,0.0006335175564572172,0.0009311139096856377,0.5289357606880813
3,logistic_regression,6921,4,4,1.374132889980306e-07,2.5154577245637294e-12,2.9619007005065537e-07,6.984250715028329e-11,0.9999979738699709,1.472722521819807e-11,1.5924395847555068e-06
3,logistic_regression,5192,2,2,0.008138325160298731,0.0009834491895157644,0.9908318503536024,2.7869435958583035e-14,4.271379862885058e-05,1.8237010485440183e-07,3.479127821380286e-06
3,logistic_regression,4168,2,2,0.011728135655395034,7.546563619916262e-05,0.9714557129306792,5.025427517000934e-09,0.012271678115713587,7.109657951381062e-07,0.004468291670790276
3,logistic_regression,2224,0,0,0.9788334360380841,1.8449039549899287e-05,0.004993386834003782,2.8548852440663605e-07,0.0002934800945705194,0.0014729076803317353,0.014388054824935189
3,logistic_regression,1209,5,5,4.7313672319351605e-05,7.12745398279091e-08,8.757354593608853e-07,0.02180476496874864,1.5338927049676243e-07,0.9546633939461298,0.023483427013532617
3,logistic_regression,13234,3,3,8.458804135621e-05,2.77267840229609e-08,8.425119686476116e-06,0.48157794464356124,5.5488838674025106e-05,0.04159447275732762,0.47667905287261053
3,logistic_regression,11177,3,3,4.0972888011977996e-10,1.5249550358792966e-15,3.073417634677599e-12,0.9992479527309798,4.240925919814204e-05,9.067779857470784e-07,0.0007087308190327636
3,logistic_regression,22,5,5,9.222861131690862e-07,4.57725535559316e-12,5.089757404248717e-14,0.0024107112248315434,1.1443239160464968e-10,0.9975717043398565,1.666203013825245e-05
3,logistic_regression,4789,2,2,0.2477342082628971,0.0020587956275047756,0.7500871721770811,6.213273345053693e-12,2.184673100529858e-05,1.9107328912789832e-05,7.886986638567728e-05
3,logistic_regression,8855,6,5,0.002351339044478314,1.85807487355993e-06,0.00040237505456207454,0.03786018327108751,1.7188320102846684e-05,0.53896071000084,0.42040634623405576
3,logistic_regression,12148,3,3,1.6921945544226418e-07,8.939123079494359e-12,2.075139401876013e-09,0.9847978593089936,3.623779191505834e-06,0.0009711109780339784,0.014227234630246801
3,logistic_regression,5308,2,2,0.020293080374141896,0.002748676040931638,0.9769546719160168,6.0360250479310794e-15,2.5102667784233105e-06,2.881076996014305e-07,7.732944255445263e-07
3,logistic_regression,11984,3,3,3.645566634967322e-08,5.037455933028513e-12,1.5508932875145232e-09,0.9910825251455332,1.934691799003218e-06,0.0007586486782932663,0.008156853472777472
3,logistic_regression,9159,6,6,0.004260419979838954,8.765700158960702e-07,0.0011040558045168293,0.012954897577937162,0.0010487537835427627,0.010805713499059282,0.9698252827850892
3,logistic_regression,3192,0,0,0.9563931299578128,0.014910494884529984,0.028672534100048074,6.222878516820096e-15,1.050320719616242e-08,2.2832165326103598e-05,9.983890696881788e-07
3,logistic_regression,2511,0,0,0.9999911287185836,4.076808719669041e-08,2.633820990433541e-06,6.446546904356137e-13,4.564364486587991e-06,2.770737550653405e-08,1.604619832220612e-06
3,logistic_regression,5248,2,2,0.006911976401490516,0.001391723645359154,0.9916670938352076,3.83117915967858e-14,2.5137019304802037e-05,5.027662861639436e-07,3.5663323135161652e-06
3,logistic_regression,11121,3,3,1.4310066282152293e-09,1.0716121680208992e-13,1.0246563455155979e-11,0.9989468837858045,2.722370038444249e-07,0.00012687660657251143,0.000925965929258821
3,logistic_regression,6194,4,4,5.607032530792506e-07,9.90685517820622e-11,2.5127550184903365e-05,4.415390761625677e-07,0.9994911195895204,4.824795953516679e-09,0.000482745694101001
3,logistic_regression,9148,6,6,0.01019434759058694,2.1251566379346442e-06,0.0024639702144763453,0.021751290235891587,0.0004465760849371069,0.0427236003570737,0.9224180903603965
3,logistic_regression,9540,6,6,0.0009681105161771571,7.190866025437995e-07,0.006736163529401687,0.0031435333235654292,0.02015489628753104,0.0009303219914781255,0.9680662552652439
3,logistic_regression,5697,4,4,3.38696604960929e-07,2.1007797391490013e-11,3.262277582318765e-06,0.001142478458221376,0.9816866737900011,2.0602481648127948e-07,0.01716704073176614
3,logistic_regression,1729,5,5,3.7217522239743197e-05,7.567682069176324e-08,4.924046263782147e-08,1.621230386857847e-05,1.7586837464714937e-10,0.999831247947071,0.00011519713366910084
3,logistic_regression,712,5,5,0.003325811045409182,6.018826446205056e-09,6.140607482003969e-09,0.020369341428231273,1.986698050035827e-07,0.9626526764814743,0.013651960215646287
3,logistic_regression,10221,3,3,2.2478160514813612e-13,9.73072602355188e-19,1.8945664573819215e-15,0.9999434722938684,3.2805320900044115e-05,1.155831773386934e-09,2.3721229173119608e-05
3,logistic_regression,9893,6,6,0.0004807581442552667,1.3254318481022171e-06,0.06311959481773051,0.00025797597579274524,0.20370197425697176,7.354685781737126e-06,0.7324310166876198
3,logistic_regression,12820,3,3,3.6830296566983423e-07,2.392851248831793e-11,1.24906516123649e-07,0.8963186368610063,0.0010592201240446607,0.00015230347752193094,0.10246934630401676
3,logistic_regression,1236,5,5,5.0104621889849384e-05,2.105536623095607e-08,5.291671682305566e-08,0.0020784888371254474,5.8031023334968355e-09,0.9959515180230967,0.0019198087427026958
3,logistic_regression,7995,6,6,7.207363180800342e-05,1.2529153073340718e-09,2.7467176004499644e-05,0.034661655159538146,0.35688312342862344,5.108329245081965e-06,0.6083505710218654
3,logistic_regression,12445,3,3,4.8104755949296536e-08,2.879745242503595e-11,4.9072615111206094e-08,0.9046903435767086,0.00015556943725510852,8.017080887980562e-05,0.0950738189709879
3,logistic_regression,988,5,5,3.043579971418137e-05,8.038542972805963e-09,1.0641650712660287e-08,0.0032380553452149804,7.882276088765858e-09,0.9948397369355106,0.001891745357090444
3,logistic_regression,4182,2,2,0.0052017936381113395,0.00013872647219269723,0.9898994833334476,3.250451397491352e-10,0.0022421109382721703,2.092435157442443e-08,0.0025178643685793128
3,logistic_regression,6566,4,4,3.989696984380628e-06,4.173753033237597e-09,0.0006612268697462496,6.143693529088073e-07,0.9915432437549607,9.925071584033033e-09,0.007790911210131323
3,logistic_regression,11623,3,3,6.169791077005709e-10,5.003293826109761e-14,1.566670147367176e-10,0.9962554073304407,4.341568289665752e-05,3.651565669821571e-06,0.0036975246472966353
3,logistic_regression,2672,0,0,0.999914553390924,7.791126621942442e-06,6.676253925249041e-05,7.202892011879131e-13,5.8530120671995244e-08,7.568572884334847e-06,3.2658394763513096e-06
3,logistic_regression,4983,2,2,0.007042899820389888,0.0004619996829026,0.9924553578483537,2.6876767797424916e-13,2.966891838095146e-05,3.091309010292416e-08,1.0042816614104464e-05
3,logistic_regression,5100,2,2,0.007894962280708594,0.0006277140730200657,0.9914604290157026,6.604128479236067e-14,1.3759554225551948e-05,8.341813164930887e-08,3.0516581455553343e-06
3,logistic_regression,7702,6,6,4.039926772974897e-05,2.1431606850566223e-08,2.0920211376072983e-05,0.383752690123491,0.00019597356053953688,0.009563333994875977,0.6064266614103809
3,logistic_regression,5592,4,4,8.330442133523738e-07,3.516776813013687e-11,4.885165490186503e-06,0.015139740358216495,0.9286105975247747,1.681278862849288e-07,0.05624377574425132
3,logistic_regression,376,5,5,5.096943143645509e-06,1.2600078430413702e-09,3.917112372033019e-09,0.08968053426353399,2.2670894133963486e-08,0.9060273609944478,0.004286979950860117
3,logistic_regression,10670,3,3,2.13920125160202e-11,3.844079780696133e-15,7.880836852522863e-13,0.9997846451864288,2.1800244636499579e-07,4.518805333179203e-06,0.0002106179836078124
3,logistic_regression,2080,0,5,0.09780563781714237,0.00011911906388562447,0.013615704680727387,0.000811023618729768,1.0608153444785287e-05,0.6290823246766083,0.2585555819894619
3,logistic_regression,12466,3,3,2.0406430536291417e-07,6.486744969007732e-11,6.572435134796091e-08,0.9480383186955345,2.454121234272949e-05,0.00041632965588275436,0.051520540582715664
3,logistic_regression,11957,3,3,9.629617241915829e-09,2.9916567462432994e-12,2.451332308815308e-09,0.9925733608703476,3.2527912828072804e-06,0.0002522468099084296,0.007171127444519837
3,logistic_regression,8190,6,6,0.001126096523205184,1.5264651836384576e-07,3.9796658811733035e-05,0.0843103775477615,0.0002162499809930849,0.052791278628372684,0.8615160480143375
3,logistic_regression,4902,2,2,0.0010645550003408274,0.00027598101387564376,0.998619347309803,2.510453329931852e-13,2.7972901850339158e-05,7.962276649554598e-09,1.213581160259227e-05
3,logistic_regression,13494,3,6,0.0001775407158928192,1.5353621238600325e-08,9.211315314064677e-05,0.2069052416138378,0.005019455572812319,0.001514157682699973,0.7862914759079952
3,logistic_regression,10671,3,3,2.3170131902920482e-11,1.0439747659759288e-15,9.622442508941824e-13,0.9997460281413723,2.8870737996205535e-06,4.2288349468702345e-07,0.00025066187719995536
3,logistic_regression,3531,1,1,1.6253265297831516e-05,0.9995106429184305,0.00047310381627070196,1.994385799914084e-37,1.1403605942089451e-17,9.686035647356152e-16,9.353293224949363e-23
3,logistic_regression,10354,3,3,1.2445721264685852e-10,4.0161483127911745e-14,4.183608697561914e-15,0.8161001085117005,2.0842367055582588e-10,0.1838860872213497,1.3803934024646097e-05
3,logistic_regression,9191,6,6,0.0021338508280910194,1.8801974423004263e-06,0.004538990649567406,0.007251839658350593,0.0014687866766744829,0.008102463100541649,0.9765021888893326
3,logistic_regression,7631,6,6,4.051453021581164e-05,6.559641252120486e-09,1.094673031246744e-05,0.3818701863820695,0.0006607685694618899,0.0013142513482872957,0.6161033258800118
3,logistic_regression,11102,3,3,2.430738413247516e-09,3.414933333092244e-13,1.4564950191655622e-11,0.9987137725824883,1.1072697783816842e-07,0.0003272523301837456,0.0009588619147054712
3,logistic_regression,8473,6,6,0.00020461324084812695,3.2918426186774744e-07,0.000777384865035809,0.008820751403761347,0.0008362058245027231,1.0633329053587605e-05,0.9893500821525365
3,logistic_regression,1640,5,5,3.857327401950024e-06,4.244261755489007e-09,1.4992487646713852e-10,5.014606183894798e-07,8.607401142439779e-13,0.9999944033130675,1.2335038646456339e-06
3,logistic_regression,1699,5,6,0.02309990391154491,1.965074842245173e-06,0.00027901151128953926,0.029631938690069453,5.4864261406792515e-05,0.3030838313019479,0.6438484852488993
3,logistic_regression,11290,3,3,6.110034665503033e-10,1.1858447575248626e-13,3.7289224446223104e-11,0.998639351638778,6.749563735419241e-07,5.439734942159689e-05,0.001305575407015373
3,logistic_regression,2012,5,5,0.01000311663479247,7.269052385572736e-05,0.00035865242540053234,2.053338126691083e-06,7.473999411419693e-09,0.9880990779698978,0.0014644016339274044
3,logistic_regression,996,5,5,1.0722663394564786e-05,2.4254576285221397e-09,6.841961386125282e-10,0.0003604007712429769,4.395981192129708e-10,0.9994534789344687,0.00017539408164192634
3,logistic_regression,9720,6,6,0.005341958871558419,6.404270730298882e-06,0.04947567726241132,0.0009798047317787712,0.007979699647103301,0.000378895992229914,0.935837559224188
3,logistic_regression,6695,4,4,6.413154306885423e-09,5.5899932930988745e-12,2.5131447604036505e-06,5.004207089672034e-10,0.9999766832014256,2.1447269052667524e-12,2.0796732504239575e-05
3,logistic_regression,6693,4,4,0.0029891287980672115,4.544259956743416e-08,0.0007760142533567452,3.6353447419679196e-07,0.9872012524701823,1.1901954334735796e-06,0.009032005305886492
3,logistic_regression,10661,3,3,2.5736321127406027e-12,1.5644076567156769e-16,3.6173734843573443e-13,0.9997861461745213,8.967258151202694e-06,3.9085685759971115e-08,0.0002048474787061934
3,logistic_regression,7452,6,4,4.63650797028008e-09,1.2617548782629665e-11,3.305786587547425e-06,0.016302813479082058,0.7012068059712342,3.682177251451668e-11,0.28248707007714896
3,logistic_regression,5228,2,2,0.0014384214282774218,0.0003654214838438523,0.9981676552580856,3.202429381916324e-15,2.772207314944125e-05,1.3678458260259158e-09,7.78388794791136e-07
3,logistic_regression,12405,3,3,1.6285972783654577e-06,1.8587640496869054e-10,9.112133011823738e-09,0.9272385426166233,4.054836986995373e-07,0.05703980844463934,0.01571960555975079
3,logistic_regression,529,5,5,3.655394046208249e-08,3.5185301476026996e-11,1.0077113834960762e-12,2.664901795002804e-05,1.3025838950288932e-12,0.9999721510826485,1.1633079654647775e-06
3,logistic_regression,1943,5,5,0.0015338681950571116,8.835224899305578e-07,1.0067231614024693e-06,3.8184891165802615e-06,1.0158670144221554e-09,0.9981519156025739,0.00030850645173411957
3,logistic_regression,8378,6,6,0.0013363723124525987,6.021112615649273e-08,0.0001250907465477192,0.06464177139032447,0.003226038458273086,0.00531630453188244,0.9253543623493936
3,logistic_regression,9444,6,6,0.01616104958811315,4.708103669573995e-06,0.005579376008362018,0.004257693902231957,0.0008693835192379065,0.007515473631866621,0.9656123152465187
3,logistic_regression,11585,3,3,1.0240122192869698e-08,2.864219882137119e-13,3.0711427131014437e-10,0.9953871355227111,1.5175062486773832e-05,1.7846305672391737e-05,0.004579832561607066
3,logistic_regression,6245,4,4,1.1386580110310105e-07,1.3752399814543585e-11,3.843492928885582e-06,6.14282677007322e-09,0.9999225976302488,1.1457521838914789e-11,7.343884298445235e-05
3,logistic_regression,3666,1,1,1.3478208896513005e-06,0.9995711838973541,0.0004274682817563309,1.7158950381117595e-41,4.0925557818619926e-17,2.5026426005191292e-21,4.0533771413890947e-25
3,logistic_regression,809,5,5,3.158122792909577e-05,3.378446991839425e-09,4.733869788090686e-09,0.005256346238973131,1.0522847715930597e-08,0.9927251406192981,0.0019869132786351907
3,logistic_regression,7753,6,6,4.122642725536308e-05,1.0027693391495702e-08,2.4222199168988247e-05,0.3137828899188577,0.0008495035239812259,0.0016665943725208113,0.6836355535305225
3,logistic_regression,2256,0,0,0.9999126814441908,2.851509964889706e-07,3.335985848161749e-07,7.542074375274745e-12,5.148478359533202e-09,8.334247310880736e-05,3.3521770989433097e-06
3,logistic_regression,8618,6,6,0.0005665226666426395,1.2699323256916886e-08,9.175857698285232e-05,0.037769908450896464,0.05685345753036051,0.000529893271578619,0.9041884468042156
3,logistic_regression,13484,3,6,0.0001997163897935975,7.223194410305338e-08,0.00012641930240300217,0.16179709053773636,0.0005465158376159441,0.007090901595300697,0.8302392841052062
3,logistic_regression,2710,0,0,0.6923029925545175,0.0008272489546206614,0.30540743636112555,1.904305475314391e-09,3.394765009526886e-05,0.0002549723083989296,0.0011734002669366432
3,logistic_regression,4364,2,2,0.03161975899569902,0.00010221391215068298,0.7648421809771505,7.104684155098371e-10,0.19988817356466015,2.2985871071507014e-06,0.0035453732527640446
3,logistic_regression,4501,2,2,0.0003015840632793596,4.9898056723414495e-05,0.9976166219008747,4.864459014652282e-12,0.001850613035567777,2.416435297633866e-10,0.00018128269704658422
3,logistic_regression,326,5,5,1.4702359138025845e-06,3.66012679609876e-10,6.948411871420098e-10,0.04187269341713921,5.703194788042344e-09,0.9568345763281837,0.0012912532547146222
3,logistic_regression,5807,4,4,4.494726359684505e-08,8.128589293542811e-11,3.094300088824865e-05,1.0886908150568198e-05,0.9772600862791734,5.0235334782242236e-11,0.02269803873300311
3,logistic_regression,5057,2,2,0.0021592456412357942,0.00016444423227073054,0.9967594982108697,9.18318692816578e-14,0.0009059920116747462,8.700915691124785e-10,1.0819033765416984e-05
3,logistic_regression,8975,6,4,0.0003934654388875807,4.652666216593421e-09,0.00014886379025169584,0.009898442083234382,0.6110001370680203,1.8301448440054042e-05,0.3785407855184999
3,logistic_regression,12724,3,3,6.40113875084495e-07,6.918952928632639e-11,9.697108646206544e-08,0.8927347597404139,0.00015657569557640835,0.0005565412852801103,0.1065513861245786
3,logistic_regression,7898,6,6,0.0002657752072919787,8.927396739031348e-08,2.0571346230804945e-05,0.2824280135288201,5.277078470778204e-05,0.11227324739731215,0.6049595324616698
3,logistic_regression,9269,6,6,0.0004189815164908491,2.673302333362009e-07,0.006174353361461637,0.0034975140958906706,0.06828235139705904,7.734942652019833e-05,0.9215491828723442
3,logistic_regression,7481,6,3,5.1869929866117855e-05,4.819638120201775e-09,6.853803455229655e-07,0.6495880133280159,4.996621012712899e-05,0.027132297774738495,0.32317716255726886
3,logistic_regression,11749,3,3,1.4485865387696433e-08,8.358034016212404e-13,6.592682452653052e-10,0.9928865965563618,1.1025028238232084e-05,5.5702771439228764e-05,0.007046660497991404
3,logistic_regression,13122,3,3,9.225240032488683e-06,2.317451261203329e-09,4.192815195137974e-06,0.6917727135110053,0.00021536874744083222,0.0032713808748940742,0.304727116493981
3,logistic_regression,12829,3,3,2.5595213649650385e-07,1.9333747071004745e-11,1.4516902935998402e-07,0.926389969001247,0.0007338872776272018,9.275464872321257e-05,0.07278298793190287
3,logistic_regression,9132,6,6,0.01592533482809513,4.893493505007709e-06,0.0023535322513178127,0.011899992036238545,0.0002021611952821259,0.05346957358034394,0.9161445126152173
3,logistic_regression,6400,4,4,2.6223360733803984e-06,6.951013761372456e-10,0.00014703027655222115,1.5291907964612297e-07,0.9985016627614879,9.137567909116811e-10,0.0013485300979486747
3,logistic_regression,352,5,5,1.2727110946345834e-07,1.641956034598532e-10,6.49329828512755e-11,0.0028102427987280955,1.3412712499339992e-10,0.9971170787391883,7.25508277184597e-05
3,logistic_regression,4360,2,2,0.007669274013221698,0.00027028648776360355,0.9913171316313882,2.1272112782359264e-10,0.00020316236362524976,3.201881365301447e-06,0.0005369434099149395
3,logistic_regression,12604,3,3,8.15571531210644e-07,1.3282298236792103e-10,9.422781997949991e-08,0.9306369609653536,2.7054225111461307e-05,0.0014429657999244692,0.06789210907743605
3,logistic_regression,7628,6,5,0.0002517490865154292,3.696428021123629e-08,1.06506676094247e-06,0.15281330393355752,2.0545976867843246e-06,0.7429272716920541,0.10400451865914508
3,logistic_regression,4561,2,2,0.0014828837362458643,6.774084851582798e-05,0.9942278936182807,1.4314996381050372e-11,0.004041298724678527,1.520424639016312e-08,0.00018016785371795466
3,logistic_regression,1315,5,5,0.00042325582214114876,1.392632799534846e-07,1.432549345979484e-05,0.1832772749962992,4.811629173155102e-06,0.6032544961898963,0.21302569660575027
3,logistic_regression,2537,0,0,0.9999754981119363,4.38723401284666e-06,9.20611843992087e-07,8.590265017701665e-14,3.2142191761765156e-11,1.9071075611899575e-05,1.229343668361002e-07
3,logistic_regression,140,5,5,1.615646495918814e-08,1.7385036064474097e-11,1.7358059838684923e-12,0.0014665949473956048,2.541694875021524e-11,0.9985214891800085,1.189967159314215e-05
3,logistic_regression,7054,4,4,0.0008899222658891583,1.6306449093791192e-07,0.006924683052054365,2.5286122531657413e-08,0.9902980231160763,3.7781979552274906e-07,0.0018868053955714212
3,logistic_regression,9636,6,6,0.02985249197231016,6.398187120619199e-06,0.01241887979655513,0.003496753646260093,0.0018956436775550765,0.01422602982766338,0.9381038028925356
3,logistic_regression,11377,3,3,7.900743917051596e-10,4.4759081111333105e-14,3.4966116478968e-11,0.9986918092760098,2.2550329911827253e-06,1.4052390520614827e-05,0.0012918824753932166
3,logistic_regression,10943,3,3,1.2003948571826643e-10,2.6179344706057376e-14,2.558037358269882e-12,0.9996071983015561,5.4446018232251116e-08,0.00012655055089459387,0.00026619657890731126
3,logistic_regression,5072,2,2,0.0720226292401861,0.0012615557191819826,0.9266361019694692,1.1724381196990218e-13,6.787105793490125e-05,1.0224482609893631e-07,1.1739768284303176e-05
3,logistic_regression,8026,6,6,4.2318810341951754e-05,2.026139868629878e-08,9.09949878688201e-05,0.07547960500000081,0.0029745978075248138,0.0001893880969472903,0.9212230750359177
3,logistic_regression,8646,6,6,0.0017211925639002148,4.971057802736297e-07,0.0009034134809487081,0.05069217258005871,0.0006111685743113788,0.013261215254539294,0.9328103404404613
3,logistic_regression,7434,6,3,9.41422800849913e-07,1.6772409663541572e-10,7.907356924758749e-07,0.6794047570134837,0.0028558797626537986,7.891573941953301e-05,0.3176587151582256
3,logistic_regression,869,5,5,8.318614778983428e-06,5.124326543278162e-10,7.008007750832407e-11,0.0001475235212899869,1.2341996742204796e-10,0.9997941748931518,4.998226484650777e-05
3,logistic_regression,7340,4,2,0.23029792371985702,0.00013225621940370612,0.7465762024332315,2.2650487034041176e-10,0.022176609359414103,6.262498480338381e-07,0.0008163817917405239
3,logistic_regression,13150,3,3,2.3043217492201283e-06,3.2577296570592253e-10,1.9999743599535585e-06,0.6808131210786947,0.002142950583526058,0.00032502387410198884,0.31671459984179506
3,logistic_regression,9911,6,6,0.08942998346651322,8.228623924112662e-06,0.051485690562100304,0.0001830584932440555,0.08273137111402604,0.0003475775723161733,0.7758140901678762
3,logistic_regression,9951,6,6,0.18573528005526152,0.0001463628633659173,0.14832977014035342,0.00030920800099415636,0.0007396666074095527,0.04273726564672974,0.6220024466858857
3,logistic_regression,955,5,5,1.3311629502662836e-06,9.982908380609405e-10,2.5823190329736933e-10,0.00024176066142500506,8.36464090953787e-11,0.9997033623541666,5.354448128897166e-05
3,logistic_regression,5525,4,3,1.1042756467662832e-07,4.364563282119356e-12,2.4155439891182764e-07,0.7290388365693374,0.15860639681195393,1.5298758231650463e-06,0.11235288475655737
3,logistic_regression,12632,3,3,2.980657810817523e-06,1.1211514107964598e-10,3.612907530802283e-08,0.9194463227119322,3.1327242335423924e-05,0.003505155819767318,0.07701417732696371
3,logistic_regression,4340,2,0,0.558905712479294,0.0004092902850010775,0.4378849827407136,1.5038395990780033e-09,0.0009634719016768349,0.00013914770256442713,0.001697393386910509
3,logistic_regression,6073,4,4,1.2593669511114641e-08,1.0421000497399468e-12,2.9716840967677165e-07,1.756340264227081e-07,0.9998760174385856,1.4661566494436415e-10,0.00012349701765130102
3,logistic_regression,6416,4,4,3.517578307857973e-07,1.6691324341228567e-10,4.8493103831277795e-05,3.61719097768573e-07,0.9990444010723053,2.678346329627573e-09,0.0009063895016752007
3,logistic_regression,1150,5,5,4.584928692101343e-06,9.166222706612853e-09,2.605403374863218e-08,0.0020485055661101145,1.5417617301530567e-09,0.9971507800451477,0.0007960926980320145
3,logistic_regression,10815,3,3,3.6610703109818756e-11,1.0056401566070077e-16,2.4551132204934653e-13,0.999598251868743,9.900691253344037e-05,6.638342100211144e-08,0.00030267479844623833
3,logistic_regression,10655,3,3,1.1929038270468631e-11,1.4040289984892253e-16,1.1497238609766633e-13,0.9998663801273977,2.7454111208934636e-06,2.925393258469006e-07,0.00013058191011152076
3,logistic_regression,8289,6,6,0.002808899755538398,2.4986728515929206e-07,9.298804408663065e-05,0.095458126468861,0.00019263334159715063,0.04111304923204926,0.8603340532905823
3,logistic_regression,10909,3,3,7.3453805569841e-11,2.1413130196280804e-15,1.0643108943671422e-12,0.9995338866528257,2.361238655594911e-06,2.5745927424277788e-06,0.0004611774412557829
3,logistic_regression,11461,3,3,1.594501401349247e-10,1.4367106669192624e-14,8.271807843861239e-11,0.9968079966305837,0.00011031273234540749,3.302187757540382e-07,0.003081360176112684
3,logistic_regression,5187,2,2,0.005410436922865218,0.00048074835318869614,0.9940550115622012,5.04069669732364e-15,5.1763887841692356e-05,2.7763871603034806e-10,2.0389962592801574e-06
3,logistic_regression,1013,5,5,2.495671213296729e-07,4.74267049486254e-10,1.3769822595636247e-10,0.00010203926155284662,1.2794620835677691e-11,0.9998835756375176,1.4134909048398877e-05
3,logistic_regression,8798,6,6,0.0024024882887217027,8.681299204048003e-07,0.0015727269508824433,0.016227465911862856,0.0007623131072867174,0.0015714800487905466,0.9774626575625354
3,logistic_regression,7125,4,4,3.438915493738203e-06,6.308488984492109e-09,0.0007426858345159981,1.8057268488633928e-09,0.9988681894212845,1.895281522250579e-09,0.0003856758192083733
3,logistic_regression,7505,6,3,1.0029381185092376e-05,5.691919546934832e-10,2.4486219524092166e-06,0.659504808319085,0.002029323434683591,0.00025537167854960957,0.3381980179953525
3,logistic_regression,4906,2,2,0.08735671395026513,0.0006657095115492796,0.9119258631990594,2.3057059089576986e-13,3.577164140881359e-05,3.3586761119370408e-09,1.5938338810618022e-05
3,logistic_regression,1067,5,5,0.0001427120489178376,4.2048534471097456e-08,9.267617184250612e-07,0.12777822080453125,4.680293611510631e-07,0.8172892351878456,0.0547883951190912
3,logistic_regression,9245,6,6,0.0049690643278098535,3.712069956526886e-07,0.001888684311298114,0.012535478551555975,0.010709971433381362,0.0023619264905012675,0.9675345036784577
3,logistic_regression,7457,6,3,0.016086764821505183,5.85314089240977e-09,1.2792614572165987e-07,0.5141262388088514,7.541954485853769e-05,0.09918972184312139,0.37052172120237686
3,logistic_regression,2464,0,0,0.9151683009310836,0.00024337655335799415,0.08168353183941506,7.149713734680996e-09,5.518925670569548e-05,0.00034237083490921716,0.0025072234348144976
3,logistic_regression,2978,0,0,0.9997044561819436,0.00022689147540463635,3.659982785754766e-05,3.2162337059917874e-15,6.501073235906817e-11,3.198368670490467e-05,6.876307557251474e-08
3,logistic_regression,13396,3,6,0.0028481967575512517,2.90133701557791e-08,7.301169927271737e-06,0.3564907240971364,0.00015184068670871705,0.05944722104746854,0.5810546872278376
3,logistic_regression,12758,3,3,4.0238661015513983e-07,4.812857291356154e-11,2.983798356095543e-07,0.8312238811704435,0.0015476802494239763,2.9716822895541962e-05,0.1671980209426626
3,logistic_regression,7659,6,6,6.871621141682168e-05,1.0254137792412093e-08,3.185740637729917e-06,0.4285202623389389,0.00014314283297848544,0.040735981841097495,0.5305287007807927
3,logistic_regression,9199,6,6,0.011296029601210239,3.842932064806511e-06,0.0029840597828097756,0.026214070945783735,0.00016382117104109215,0.09962983087185347,0.8597083446952369
3,logistic_regression,5656,4,4,2.4519234405250318e-09,2.582502525390984e-14,7.745082510452195e-09,9.105680881939314e-06,0.999850804322738,3.979138182003689e-11,0.00014007975955703393
3,logistic_regression,8471,6,6,0.0007306281467266232,1.6415003180343606e-07,0.0003079678102330518,0.09143792888826217,0.0008075443058220372,0.021624814886906825,0.8850909518120175
3,logistic_regression,7518,6,6,2.270181294558493e-05,5.1484630266335e-10,2.5220693986521914e-06,0.4667713179287076,0.012257608542041774,0.00013958496717699198,0.5208062641648831
3,logistic_regression,9204,6,6,0.017412118569987835,1.494572711684394e-06,0.0020252814019244294,0.00912532356121556,0.0015533445452174152,0.011830999334574589,0.9580514380143684
3,logistic_regression,375,5,5,8.620030021247306e-06,8.570585432728395e-10,9.924113219098993e-09,0.3801023565008665,2.459905445490154e-07,0.6023708031094235,0.017517963587972408
3,logistic_regression,414,5,5,3.6267569009407105e-07,3.87358243621772e-10,3.5868344973608917e-10,0.008104888201830637,7.855411000950834e-10,0.9915851668628539,0.00030958072804246675
3,logistic_regression,9342,6,6,0.02005236070054795,4.901297070696229e-06,0.005364593913715366,0.006042801277654776,0.0007437301344568248,0.023585665481847894,0.9442059471947064
3,logistic_regression,9197,6,6,0.003548079931293431,3.477193977827506e-07,0.001962250367958141,0.011880424423767908,0.014580537955721428,0.003470278735735473,0.9645580808661259
3,logistic_regression,1269,5,5,6.425542139980299e-05,4.804808199835293e-08,6.236940387872539e-07,0.013584939993274793,4.6428914330494135e-08,0.9757645216471246,0.010585564767165606
3,logistic_regression,2983,0,0,0.9999095249361235,2.2112584057084987e-06,8.71334912896984e-05,1.3947935391463805e-14,7.083827204238776e-07,1.549180870067698e-07,2.6701335969558024e-07
3,logistic_regression,8392,6,6,0.001642911759616256,4.2024263800009497e-07,0.00010563726246302494,0.07208469469328348,0.00011761437638043957,0.07505848762979629,0.8509902340358225
3,logistic_regression,2468,0,0,0.9884232814404881,0.0002965195187234885,0.0011112591004479085,4.4136164852645495e-10,2.125443218388284e-08,0.010070355608481088,9.856263606555481e-05
3,logistic_regression,9089,6,6,0.0003956763118889725,3.8798037559514144e-07,0.0065280186315821555,0.00366814538899376,0.01853898438385028,2.6644225499299688e-05,0.97084214307781
3,logistic_regression,9162,6,6,0.007879376491904504,4.938076826355645e-06,0.0013839810336365923,0.013180768211169034,0.0001094765043825861,0.10603763269075678,0.8714038269913242
3,logistic_regression,3157,0,0,0.9999726407256659,2.1409396963708576e-05,3.589485409497685e-06,2.1414969532278624e-17,1.1477674300883327e-11,2.358759045306412e-06,1.621437903691458e-09
3,logistic_regression,4205,2,2,0.0013758524256127236,4.406875682949388e-05,0.9267678465621726,4.323164179309849e-09,0.06592918579398097,1.1026043597500043e-06,0.005881939533880197
3,logistic_regression,1386,5,5,0.00012106217727655716,3.418151000016193e-08,2.4761574268998934e-07,0.0047681878815886165,2.6735118094893616e-08,0.9893427130673044,0.0057677283414596155
3,logistic_regression,9509,6,6,0.007558728912859804,1.438226433221427e-06,0.012581187178779736,0.004326961472082116,0.017496064070411092,0.001172695331235789,0.9568629248081982
3,logistic_regression,9309,6,6,0.005261377997457771,1.2041917143136555e-06,0.001676861435767644,0.013025099912794895,0.0011770511276584963,0.03965791242881274,0.9392004929057941
3,logistic_regression,1963,5,5,0.006453789459376587,4.370613394587331e-06,2.3298299242769425e-05,2.1360246776252386e-05,7.556491171156863e-09,0.99163109713113,0.0018660766935886294
3,logistic_regression,10859,3,3,2.7207954068423995e-10,1.0595612040384718e-14,7.496299529052701e-13,0.9997457880532754,5.267549611167332e-08,6.279702669054223e-05,0.00019136197169795314
3,logistic_regression,3236,0,0,0.9995482704008906,0.00025188139499100423,0.00019835309223022792,2.7907101171143083e-17,1.1059275022493582e-10,1.4902490736742094e-06,4.752221728685439e-09
3,logistic_regression,9469,6,6,0.004540625722724348,4.373200820797201e-07,0.0023204607968297405,0.006358812874067107,0.02298820954276359,0.004499758282747469,0.9592916954607857
3,logistic_regression,4686,2,2,0.0899514241433222,0.0018888187780966778,0.9080306589393281,1.7557330183334568e-11,8.346423216966908e-06,1.8260228118567535e-05,0.00010249147035999843
3,logistic_regression,11672,3,3,7.771933604470503e-09,7.304242695920111e-13,1.573838412309292e-10,0.9967259830896196,7.759280428122568e-07,0.0003124088949704322,0.0029608241573194677
3,logistic_regression,9226,6,6,0.001023428555336161,4.553273594825445e-08,0.0007581817096428975,0.00828498551638901,0.2272327552495394,0.0002824708028481919,0.7624181326335084
3,logistic_regression,11211,3,3,2.0621960453245586e-09,2.975084495628828e-14,2.3319139993593006e-11,0.9985801899181311,6.76798789371347e-06,5.6711476308354015e-06,0.0014073688607992491
3,logistic_regression,626,5,5,3.425162934093135e-06,3.7205534934927747e-09,7.053534757919405e-08,0.19424762115132696,8.070174049476895e-08,0.7923675628910741,0.013381235837023284
3,logistic_regression,453,5,5,4.658986582032122e-07,2.225868996212187e-10,9.471871453469505e-11,0.00248350099757235,2.5651573265571553e-10,0.9974023254460498,0.00011370708389848697
3,logistic_regression,9255,6,6,0.01976184732661564,2.3294566968389094e-06,0.0020349767579499146,0.008574637178645855,0.0006838255778231459,0.010081875798973983,0.9588605079032946
3,logistic_regression,7063,4,4,0.0005180221162141143,4.1458156599172577e-07,0.03361234704357131,1.296745572924787e-07,0.9606632759218938,4.6661841097520437e-07,0.005205344043786618
3,logistic_regression,2020,5,0,0.313821971816877,0.0012752954927889074,0.22301342335388513,6.815032342298553e-05,2.08514646953356e-05,0.2523870651789286,0.2094132423694021
3,logistic_regression,8568,6,6,0.0007255064103041936,5.819990940264849e-08,0.00023554404432108228,0.08501291851516567,0.0033570810448717244,0.0025546904323278247,0.9081142013531001
3,logistic_regression,4880,2,2,0.02105836761486963,0.000792876586276557,0.9780850598507626,6.46933396610555e-13,3.2801918246743236e-05,3.527365336076686e-08,3.0858755544377233e-05
3,logistic_regression,4707,2,2,0.013474697690072378,0.0002999934320291497,0.9852151106141828,3.1959755012316482e-12,0.0008486234412185337,6.55989698248251e-09,0.0001615682594042922
3,logistic_regression,10857,3,3,3.85057026262377e-11,5.955042223276361e-16,1.9240732532442514e-12,0.9992332695763982,9.001674500195528e-05,3.909746220488986e-08,0.0006766745407071513
3,logistic_regression,13519,3,6,0.000113753614768066,3.404168133196985e-09,3.330527719455216e-05,0.07647668693533793,0.0400206805338104,2.8281661671829678e-05,0.883327288573049
3,logistic_regression,9223,6,6,0.004881148151743958,2.465138437717504e-07,0.0021935815147851485,0.00842019068172749,0.04866256778702874,0.0008812805601180364,0.9349609847907528
3,logistic_regression,12676,3,3,8.611675363265986e-06,5.288088141589538e-10,1.2999908800882262e-07,0.893674078442398,1.8691788748177016e-05,0.009148107750790073,0.09715037981480362
3,logistic_regression,7955,6,6,0.000143332572380917,1.5557561987722e-08,4.2130701813259964e-05,0.19510642076047632,0.0017593747630501335,0.0016974068298003808,0.801251318814917
3,logistic_regression,5402,2,2,0.01607217767392012,0.0022515192018628862,0.9816749246128138,1.0086287112888715e-17,1.341035468269758e-06,1.9590256614783772e-11,3.745634458991031e-08
3,logistic_regression,6993,4,4,2.1887083181103335e-05,8.102517141141415e-07,0.08988895701522072,7.051800708103848e-08,0.871261192361658,5.892950731895417e-09,0.03882707687726816
3,logistic_regression,9006,6,6,0.0006841893443729993,4.6131508971965076e-07,0.002221799754155372,0.009695136704511617,0.002934287341545203,0.0004021867949730004,0.9840619387453521
3,logistic_regression,1627,5,5,0.0017606544064695108,3.986266246136027e-07,7.156404786818971e-06,0.004046416395873603,3.2921116697001765e-07,0.9632467848108413,0.030938260144237083
3,logistic_regression,9583,6,6,0.004768640529475638,2.749882134366167e-06,0.008293849238912755,0.005584997602415484,0.0017978160612330777,0.00405621702122753,0.9754957296646012
3,logistic_regression,1651,5,6,0.00366682697502958,1.244153742159418e-06,0.00022814327767494948,0.04546027633265272,3.128562761438657e-05,0.4323928686364821,0.518219354996804
3,logistic_regression,6486,4,4,8.535651634916944e-06,2.139054911978698e-10,1.8450253743615103e-05,4.706384491977402e-07,0.9991947816181174,3.8998972381375124e-08,0.0007777226251770274
3,logistic_regression,5922,4,4,9.991052562994912e-08,1.0650306883845219e-11,3.0016127562999842e-06,8.186782954327397e-06,0.9983335047014515,2.132689778525227e-09,0.001655204848972099
3,logistic_regression,9556,6,6,0.004651658772852246,1.1437572929909445e-06,0.007182632549501104,0.006231556390414642,0.009468404543740379,0.0029602025130509705,0.9695044014731478
3,logistic_regression,511,5,5,3.716790961831926e-07,4.07863050772112e-10,2.230613841559679e-10,0.002140955510115769,2.2273661433036215e-10,0.9977400892833264,0.00011858267380059153
3,logistic_regression,4651,2,2,0.0090435221454189,0.00011328348335815308,0.9442926498384548,1.4464984419558937e-11,0.046151853592595986,4.646666272187858e-08,0.00039864445904442874
3,logistic_regression,1558,5,5,8.295780781445508e-07,2.807721504133164e-09,1.479715678534387e-10,9.3871779887916e-07,9.167621659937192e-13,0.9999968676091948,1.3611383183393117e-06
3,logistic_regression,4368,2,2,0.004718323943246865,0.00016153632902818175,0.9941295035296527,2.352425475711829e-10,0.0004288977025719902,7.727251501883943e-07,0.0005609655351074436
3,logistic_regression,7218,4,2,0.18367753973590994,5.5711212582763224e-05,0.5880163131538206,7.497509191610256e-08,0.20889677567280485,2.2609447202538042e-05,0.01933097580258737
3,logistic_regression,8977,6,4,1.566156850746614e-05,2.9040201734708525e-09,0.00026694642874695526,0.0013180400845868967,0.7592869486353212,2.646700767221445e-07,0.2391121357087407
3,logistic_regression,7284,4,4,1.182628910910256e-06,1.0662346640272446e-08,0.0018332915128406871,1.8893081558872865e-11,0.9981224802087398,4.408052847441874e-11,4.303492418846092e-05
3,logistic_regression,13474,3,6,3.25418773250702e-05,1.1075932496401296e-08,3.454272952996694e-05,0.31327206071209995,0.0009881097800374468,0.005378796408031508,0.6802939374170436
3,logistic_regression,13316,3,6,0.000725950654146116,3.0286371551992545e-08,9.996233821004332e-06,0.3663149831516339,0.00015135142760450742,0.04915792707957108,0.5836397611668519
3,logistic_regression,4374,2,2,0.022324172215782038,0.00017187333281557093,0.9661110991226859,3.1822503010851316e-10,0.010007146923664704,2.3067467841623137e-06,0.0013834013400425634
3,logistic_regression,6599,4,4,0.005718589057653747,4.4266317872028385e-07,0.007777486127636931,8.577917285091468e-07,0.8889476570931018,7.301246067349602e-08,0.09755489425423945
3,logistic_regression,6745,4,4,1.9358803685661974e-06,4.367384354508915e-09,0.002185915695552565,2.1150854175223085e-09,0.9969476620294463,5.837106836662848e-13,0.0008644799115789728
3,logistic_regression,9437,6,6,0.010765723808092098,2.063074182664436e-06,0.008019380047411685,0.004568145443508259,0.0051087292414511865,0.0029890054772476887,0.9685469529081064
3,logistic_regression,3382,1,1,0.0010110194236126737,0.9989737400951829,1.524034954548321e-05,1.482828747342548e-32,7.329518998977125e-20,1.3165896624614351e-10,3.43712184040279e-20
3,logistic_regression,11806,3,3,1.4699537570163298e-08,1.170495316036218e-12,3.1863977012459776e-10,0.9952194935759907,1.394557851296502e-06,0.00024936971288317094,0.004529727133927066
3,logistic_regression,13440,3,6,0.00015945321827313957,1.9539288680775616e-08,3.9799827252450315e-05,0.28220509275788663,0.0008655748293360204,0.005821121973243869,0.7109089378547192
3,logistic_regression,12581,3,3,3.071871290772914e-06,9.055975127705801e-11,8.638697350805274e-08,0.893269456257134,0.00017363751751536368,0.0005778365921874386,0.10597591128433914
3,logistic_regression,3676,1,1,1.6266613557298956e-06,0.999702103589813,0.0002962697488309034,7.334093461082683e-42,2.981970126144448e-16,2.693365514436066e-19,3.3164611806163027e-25
3,logistic_regression,9755,6,6,0.0067123323423159305,2.754644444389983e-06,0.015409018697018089,0.0033608226637596916,0.009773819632354802,0.00751332070655672,0.9572279313135504
3,logistic_regression,9457,6,6,0.00551441244376018,7.750541228041707e-07,0.004436053337978456,0.0042498760437667165,0.01535448466022012,0.001239261541714443,0.9692051369184372
3,logistic_regression,10114,3,3,4.677454789590272e-07,9.618537644572134e-15,3.7856312316840567e-17,0.8919604021742894,1.276525570175259e-07,0.10789166966251677,0.0001473327651480014
3,logistic_regression,12915,3,3,3.509491420094713e-06,1.1961440987605935e-10,3.257513350504461e-07,0.7251802254389531,0.0022161133691233617,0.0002827138963496983,0.27231711193320435
3,logistic_regression,12955,3,3,1.0945570413082915e-05,2.2369888000960024e-09,1.4660655097950073e-06,0.7942153215910176,4.698871562985032e-05,0.008314609202842941,0.1974106666175978
3,logistic_regression,8706,6,6,0.0006096622462787617,1.4717590173521897e-07,0.0008594382987392593,0.014641329972147347,0.008491873664927782,0.000456130774857782,0.9749414178671474
3,logistic_regression,12746,3,3,8.415494462507427e-07,4.901992875969007e-10,5.322063253593869e-07,0.7110584891621037,0.0002674556031389125,0.0004256120396897822,0.2882470689490969
3,logistic_regression,6988,4,4,0.056932844225794435,7.465288396712004e-07,0.004276498602005566,2.074813335457294e-07,0.9195583225820425,1.9251340309621153e-05,0.01921212923967459
3,logistic_regression,13301,3,6,5.263691640905435e-05,2.648732921301759e-08,2.4119324250303928e-05,0.4765749590240972,0.00010292082643187779,0.013685140223434417,0.5095601971980479
3,logistic_regression,8021,6,6,0.0005854599384089063,5.9318987911870887e-08,0.00010318146684001471,0.12353194639415092,0.001142702292540886,0.004760269885734417,0.8698763807033368
3,logistic_regression,176,5,5,6.89059572674018e-07,1.0844637134161443e-10,6.44136533501602e-11,0.03257353317454063,1.0914234965805855e-09,0.9670686727981229,0.0003571037034802053
3,logistic_regression,8122,6,6,0.0006555915135033561,1.0023362617333485e-07,0.00010433306808926088,0.05361648507568283,0.0007139051459654479,0.0009006389567384358,0.9440089460063944
3,logistic_regression,6116,4,4,3.685541817589013e-07,1.985095416621446e-11,3.5278139590877673e-06,2.0738430731495906e-07,0.9997830031777226,2.2542446334489234e-09,0.0002128907957336349
3,logistic_regression,3869,1,1,1.6410304657283055e-11,0.9999999995870612,3.9652864197707686e-10,5.367136763362618e-61,6.817090702780318e-28,2.2586897894412898e-29,8.270257498814978e-41
3,logistic_regression,7207,4,4,2.9073193074267787e-05,3.238765285563633e-07,0.04998638087302511,7.928076823871403e-10,0.9491520023225405,1.7862416320074985e-09,0.0008322171557822325
3,logistic_regression,13460,3,5,0.003039327425952801,2.2083394474202253e-07,4.529410529182204e-06,0.04285124760872974,1.8526646908849494e-06,0.8388052623352801,0.11529755972087247
3,logistic_regression,9651,6,6,0.010823081483263988,1.038264669501952e-05,0.005433757876957955,0.0007161196803729757,0.0008500130005344958,0.001862052193294186,0.9803045931188814
3,logistic_regression,7327,4,4,0.007715774602717448,1.1159906450435615e-05,0.40422781663332935,5.737101659562246e-10,0.5874490274276631,2.1162564443905796e-07,0.0005960092304849859
3,logistic_regression,7833,6,6,5.9137767052550586e-05,1.7038692579200953e-08,2.635643611744544e-05,0.1861546093774999,0.0007691511356531656,0.001362213637191765,0.8116285146077927
3,logistic_regression,5114,2,2,0.0017808355247531486,0.000673445624156285,0.9975390429059168,5.221757498929128e-15,4.50287274638867e-06,8.148151527082997e-11,2.1729909408059065e-06
3,logistic_regression,7815,6,6,1.0963549478922005e-05,3.0978322348381588e-09,3.0679754206641024e-05,0.10552706990531045,0.011897139667483488,1.4145834442360969e-05,0.8825199981912459
3,logistic_regression,2774,0,0,0.9872623224979943,0.0001760932155389835,0.012316269342672012,7.412367062092209e-11,4.2416792799735585e-07,0.0001993846145014645,4.5506087241630215e-05
3,logistic_regression,183,5,5,1.2697094608951391e-08,5.4393874476176056e-12,8.115613825424208e-14,6.517520805585962e-05,8.832470510919471e-13,0.9999341744748392,6.376136065077273e-07
3,logistic_regression,12201,3,3,6.39954995950759e-08,9.922152429867666e-12,3.2747883535981666e-08,0.9552304148013236,0.00021332640694435434,2.65620190659983e-05,0.04452960001936079
3,logistic_regression,4581,2,2,0.1073190026080616,0.00019746579531059523,0.8879191544659839,6.209124346386429e-11,0.004254969987250139,4.520870730788722e-07,0.00030895499422936253
3,logistic_regression,8121,6,6,8.013640994249662e-05,5.4276307191924574e-08,0.00020977860779334252,0.10947958932408505,0.001509680835806415,0.0024957591838564836,0.886225001362209
3,logistic_regression,2370,0,0,0.9978849740031472,2.488556402156693e-05,0.001442669453635493,6.006781928075879e-10,1.0566226709553627e-05,5.114065848212621e-05,0.0005857634933255462
3,logistic_regression,5145,2,2,0.005172817076537819,0.0003783832254289448,0.9944017078937665,7.456379983573867e-15,4.532667098151926e-05,7.165243882071755e-10,1.7644167532217449e-06
3,logistic_regression,12957,3,3,3.1416097874846627e-07,3.873424398822857e-11,1.5376766550499595e-06,0.5805404018389411,0.10438490067533784,3.524693679563621e-06,0.3150693209156735
3,logistic_regression,9076,6,6,0.0006720389689668823,3.85729547877329e-07,0.00424462411935245,0.0036389083763208097,0.013003004394115508,2.994142004187651e-05,0.9784110969916547
3,logistic_regression,4243,2,2,0.0477346169521978,0.00029827221882683494,0.9460470138560052,2.0633627594862465e-09,0.0021817568101300637,5.986843731729849e-06,0.0037323512557456084
3,logistic_regression,5396,2,2,0.0003717812336576729,0.0002875023498916252,0.9993247066124484,1.5693031990379448e-17,1.597115518245738e-05,1.4327722351285177e-12,3.8647386824582484e-08
3,logistic_regression,4400,2,2,0.007593668408403239,7.542781571256333e-05,0.9700848806473331,7.676313119088334e-11,0.021639932582331687,9.336826633558556e-08,0.0006059971011900432
3,logistic_regression,12880,3,5,3.6929884181781786e-06,5.2260054199392e-09,7.660564449070982e-08,0.20144963592824652,1.357287479191042e-07,0.7798890218229492,0.01865743169998826
3,logistic_regression,8822,6,6,0.04050421164537536,8.72523821783512e-07,0.00012491771908338647,0.03086845380355538,7.787584116682678e-05,0.3698295302877024,0.5585941381792949
3,logistic_regression,2654,0,0,0.9999895074304624,8.102718808744738e-07,6.013325430144551e-06,2.788698118300856e-13,1.4927954606495884e-08,3.033808707786983e-06,6.202352853964095e-07
3,logistic_regression,5135,2,2,0.0005252877966501582,0.00029215421333483085,0.999166887516046,5.191020849928507e-15,1.4322175266270617e-05,4.056719064248676e-10,1.3478930257824825e-06
3,logistic_regression,2406,0,0,0.9999961995645981,1.4980985096750124e-08,6.811751217450192e-07,1.3063913114404374e-12,1.5871461492683799e-06,3.5001685213971104e-08,1.482130154201045e-06
3,logistic_regression,7453,6,3,1.1964148034508762e-05,4.950096096829161e-10,4.082335067301423e-07,0.7523763765272193,0.00030653145879928873,0.0021632221851309785,0.2451414969522995
3,logistic_regression,5933,4,4,8.854308876612716e-07,8.642373030945949e-11,1.4871498752931698e-05,1.007835874332939e-05,0.9943864439899223,5.344906852024121e-09,0.005587715290363227
3,logistic_regression,10798,3,3,1.3029533987175658e-10,1.3715031340687094e-14,2.312694291660845e-12,0.9996055706453554,2.9795157287539116e-07,1.2303687744973082e-05,0.00038182758270484445
3,logistic_regression,716,5,5,9.008552142095012e-06,7.716291072084006e-09,7.33582060949194e-08,0.06141075793415098,5.555024330939309e-08,0.9284173565839368,0.01016274030502978
3,logistic_regression,12137,3,3,8.36479145252039e-08,6.8553104464332885e-12,2.6590590577809867e-09,0.9808507410841163,9.182062512535419e-06,0.0003937701428401855,0.01874622039670205
3,logistic_regression,889,5,5,3.127730694024677e-08,6.311830869152932e-11,4.1195985892334733e-13,8.646936712478565e-07,1.2689530593267734e-13,0.9999989731862359,1.307791289542487e-07
3,logistic_regression,12419,3,3,1.7518127400117822e-07,2.5579082805399558e-11,4.293866928463414e-08,0.9618467157220808,4.4880163397649195e-05,0.00031539111978162515,0.037792794849217555
3,logistic_regression,9756,6,6,0.0751826119049603,4.246059785332165e-05,0.030101328827061548,0.0012933694348688882,0.0004645813676210227,0.06202877846003459,0.8308868694076003
3,logistic_regression,2178,0,0,0.9973169750562172,2.4055532365609604e-06,4.2844285487593206e-05,3.273297696993471e-08,5.906965010375885e-07,0.001983036812825413,0.0006541148627550584
3,logistic_regression,9819,6,6,0.002144831301254949,4.228102884936311e-06,0.04078584547889639,0.00043914866865333826,0.017931734029584853,9.648255881023126e-05,0.9385977298599152
3,logistic_regression,1763,5,5,0.0014920471541201485,1.436579679583325e-07,1.00692876284921e-07,4.729293304334583e-05,9.733331075253601e-10,0.9980122627616411,0.00044815182701810703
3,logistic_regression,6783,4,4,2.747174212638448e-06,1.304043615189271e-09,0.0002646264994534571,7.357372981678189e-09,0.9993758354330141,2.9504753603647004e-10,0.0003567819368557548
3,logistic_regression,3184,0,0,0.9668540255897539,0.00010511732409968229,0.032961037284935,1.6266347865589863e-14,7.864208962394695e-05,1.24541305640782e-07,1.0531702656157321e-06
3,logistic_regression,9467,6,6,0.007278650767346709,1.5576855369190036e-06,0.008289712173399116,0.002641651659253525,0.010763270694266918,0.000799326779300253,0.9702258302408965
3,logistic_regression,8610,6,6,0.0016765745948875098,2.6290445147776004e-07,0.0003352587277876259,0.08248662070117461,0.0004813314858721212,0.025575012090564172,0.8894449394952626
3,logistic_regression,4348,2,2,0.009161574465477199,4.076285213383824e-05,0.9142038059916892,1.7344888423209104e-10,0.07590002439182626,5.2468394561141054e-08,0.0006937796570302333
3,logistic_regression,11421,3,3,1.8567936519777079e-09,3.1002993485393087e-13,5.553822584120869e-11,0.9982603854412454,3.4739682456198563e-07,0.00026507413791108887,0.0014741911113768608
3,logistic_regression,133,5,5,3.197033579739198e-08,1.0129743048391135e-11,7.330659792100102e-13,0.0013261722026311992,1.6975597001968018e-11,0.9986652116665627,8.584132631779314e-06
3,logistic_regression,11702,3,3,1.1606870940836047e-08,1.7128625089317053e-12,1.2124896881698497e-09,0.9886851630106098,1.3558289791695906e-05,2.6627053532017135e-05,0.011274638824992746
3,logistic_regression,446,5,5,1.327082503563528e-07,3.385357393093063e-10,2.701834567211355e-10,0.004611867866228302,3.3079625583560855e-10,0.9952235137937625,0.00016448469224318964
3,logistic_regression,11621,3,3,2.2237555494901506e-08,8.355926038553754e-13,7.156828864754282e-11,0.997006739685851,2.3394400830870523e-07,0.0010473707745676574,0.001945633285613652
3,logistic_regression,12221,3,3,2.4625774435578577e-07,1.7369916728748215e-10,1.0609064409997128e-08,0.9530364991796382,1.4885984669714468e-06,0.019409069854825965,0.027552685326560685
3,logistic_regression,11853,3,3,5.464711945224647e-08,2.3803622836637583e-12,8.027234591538014e-10,0.9890600842297488,7.967631766565979e-06,0.00025071365629198637,0.010681179029969394
3,logistic_regression,9674,6,6,0.018432150812889993,3.7041792762646676e-06,0.007034258529360787,0.004277053795167118,0.0024485242827755713,0.02252603391588626,0.945278274484644
3,logistic_regression,6799,4,4,5.744691466619407e-05,2.03206261791665e-08,0.002122657104881179,2.1791211996630051e-07,0.994723194616733,9.436943324386424e-08,0.0030963687615401525
3,logistic_regression,5682,4,4,5.285303537610209e-06,2.7733439373691924e-11,1.6646780839622766e-06,0.0010420823572772253,0.9729407528387105,1.3881036543558665e-07,0.02601007598429185
3,logistic_regression,5194,2,2,0.002522087051724007,0.002186271084176912,0.9952821038333923,2.425241076854469e-15,7.120448189348091e-06,1.0584024220540428e-08,2.406998490757513e-06
3,logistic_regression,10870,3,3,3.800459460236786e-11,1.2882134649235619e-14,1.1484806199798926e-11,0.9992415433306288,2.3840305193887757e-06,1.2198572125408904e-06,0.0007548527321367598
3,logistic_regression,11655,3,3,6.799062677726374e-09,1.877250178155647e-12,1.322458032336709e-10,0.9941857524535636,2.6779185453456963e-07,0.002935064818495929,0.00287890800290046
3,logistic_regression,10716,3,3,6.231846928071076e-11,3.08377822341975e-14,2.098697734221816e-12,0.99956231957153,1.3995787436847636e-07,5.2294720761591515e-05,0.0003852456853861281
3,logistic_regression,13091,3,3,2.803236881675992e-06,3.075740135864629e-10,1.944596435894522e-06,0.7741348386019434,0.0011577336533726116,0.0003046161301919426,0.22439806347360045
3,logistic_regression,7487,6,3,4.372083142990919e-06,2.2357425681381295e-10,1.0185210676835672e-06,0.6670450439527444,0.002458441767549328,5.225027530149011e-05,0.3304388731766199
3,logistic_regression,6424,4,4,8.812421006104371e-10,1.6982694365635633e-13,6.480862689353759e-08,1.3237399118910718e-09,0.9999951807377019,7.830687523418063e-12,4.7522406888276395e-06
3,logistic_regression,7085,4,4,0.0010004223144750783,7.92535730660916e-08,0.0028610616432883885,9.796383094306071e-09,0.9952468857655887,1.496388674846379e-07,0.0008913915878240122
3,logistic_regression,1707,5,5,0.000562773461106506,4.021458556435824e-07,2.4830883126547995e-07,4.3099181911607334e-05,6.742059432355498e-09,0.9980780451262843,0.0013154250339512765
3,logistic_regression,3524,1,1,3.250513325928456e-05,0.9950912453616643,0.0048762495050665745,2.252455474926693e-37,1.0009671136539744e-14,1.0112285083099324e-17,6.639553062395925e-22
3,logistic_regression,605,5,5,5.576768903740793e-08,5.809771261043654e-11,1.980199134931384e-12,3.0603441536863256e-05,1.3426842982588892e-12,0.9999679059166352,1.4348127183144203e-06
3,logistic_regression,7152,4,4,1.1018562911229821e-06,4.1291672732896723e-10,3.022953962891498e-05,7.855973860845872e-11,0.9999378541276255,3.0511259774231205e-10,3.081367986557152e-05
3,logistic_regression,8564,6,6,0.004716863836692391,1.8838104449675234e-07,0.0002269494322982632,0.06887528135981245,0.0009738906261706758,0.01743063865353253,0.9077761877104491
3,logistic_regression,1670,5,5,0.00018447951610890063,2.4501413488019954e-07,2.8763463352022595e-06,0.0010813425124084,1.6527298460166824e-08,0.993949882772387,0.004781157311327136
3,logistic_regression,8051,6,6,0.0016634679985633662,5.390637225363833e-08,5.05069334269689e-05,0.1356148697889421,0.0008075935832830963,0.007325973532249715,0.8545375342571625
3,logistic_regression,12480,3,3,2.453285269906576e-07,2.0326050488508048e-11,3.848885936548747e-08,0.9611672309048158,6.303170143348364e-05,0.0002688974114041682,0.03850055614463411
3,logistic_regression,2551,0,0,0.8687833806930225,0.0002298130531663499,0.1283298970456737,6.203542045332107e-10,0.0005059508671041421,3.7962896646581892e-06,0.0021471614310144757
3,logistic_regression,12233,3,3,9.11436920403775e-08,5.496893448337218e-12,4.516934209495589e-09,0.9857326745215504,8.198746846165019e-06,0.0001493838093459275,0.01410964725613435
3,logistic_regression,13488,3,6,0.00019636501968545725,2.7204959910651108e-08,3.9374808240461754e-05,0.255050219691919,0.0005443456003293706,0.01047283286927968,0.733696834805586
3,logistic_regression,4174,2,2,0.022432035336892548,0.00026099774723503736,0.9747666419447668,3.5501790463562114e-09,0.0002498091705053377,4.811897422665972e-06,0.0022857003529986046
3,logistic_regression,7571,6,6,3.827820942942033e-06,6.128750025886939e-09,1.1731641964705297e-05,0.3842939815891933,0.0005164220200043878,0.0016645812189995,0.6135094495801451
3,logistic_regression,3392,1,1,0.0003377155172943228,0.9991077761772553,0.0005545082967712197,6.240250739461699e-32,2.0911403813880093e-18,8.678981860921776e-12,1.5109169547938947e-19
3,logistic_regression,9027,6,6,0.0031077881420511918,1.5789421794019534e-06,0.0019098787027639781,0.011197884718263615,0.0006444728770817493,0.008995354553366676,0.9741430420642934
3,logistic_regression,3134,0,0,0.9965396701419731,0.0001276800225015925,0.0033311658480517196,5.3007642658131024e-15,2.6676744447495413e-07,7.835097759614351e-07,4.3371024781587657e-07
3,logistic_regression,11947,3,3,5.652014222668134e-07,3.315990365125719e-12,3.1277724487990613e-09,0.891816537068793,0.0023914690973991584,8.841922546697058e-06,0.10578258357875048
3,logistic_regression,12521,3,3,1.532297703066714e-07,4.2439265931167e-11,1.4391438731241196e-07,0.9353700739245249,0.00014894701218878028,0.00013808118771395166,0.06434260068897549
3,logistic_regression,13327,3,3,2.9221704999692905e-05,1.3382243447315273e-09,6.289838373143958e-06,0.5710359455749073,0.002431849815129386,0.0012077135962978165,0.4252889781320683
3,logistic_regression,10990,3,3,8.383011326211943e-10,1.4234399170714526e-14,6.2223848715125936e-12,0.9992409720426569,2.303780441857925e-06,6.340752204509695e-06,0.0007503825801589677
3,logistic_regression,6090,4,4,2.011771875010981e-08,2.2351189124438225e-11,1.583904266677829e-05,6.833869913904504e-08,0.9996565002929599,1.0620590041502497e-11,0.000327572174983728
3,logistic_regression,2493,0,0,0.9988432363958231,2.6516432499183722e-05,0.0008952403930779972,2.3826011094698e-10,6.6553742835066e-07,0.00012486446525802704,0.0001094765376532722
3,logistic_regression,3083,0,2,0.21068723838794817,0.0006815111707567748,0.77626814984697,1.2306546266911565e-13,0.012242686694760214,9.394610087529325e-10,0.00012041295998075446
3,logistic_regression,10940,3,3,1.429364857455207e-10,3.9509384419592765e-14,8.3878427161332e-12,0.9992136205882072,5.196868376016892e-07,1.761100233429153e-05,0.000768248571257066
3,logistic_regression,7323,4,4,0.002023758927817277,7.645402152800385e-06,0.28457717267301635,1.0457173248500553e-09,0.71226082670643,3.826366208492819e-07,0.0011302126082454865
3,logistic_regression,5782,4,4,1.7144144530761294e-07,2.629208415642522e-11,7.764450740821085e-06,2.710600464372225e-05,0.99675178375772,5.213349727253477e-09,0.0032131691058083466
3,logistic_regression,4514,2,2,7.3724883835277465e-06,9.016210447817345e-06,0.9992671451116617,8.310070858168589e-14,0.000689616086754471,3.0450642027338537e-15,2.6850102666218326e-05
3,logistic_regression,13418,3,6,0.0002690514487182723,3.1365016473600634e-08,3.134420380916286e-05,0.395373075734483,0.0002055794772180542,0.021954222899251027,0.5821666948715041
3,logistic_regression,3621,1,1,1.0635149037129255e-05,0.9997343046442669,0.0002550602066959416,2.0111590723030386e-40,7.519927804347297e-18,4.0143780738591776e-19,1.3386450933065969e-24
3,logistic_regression,5115,2,2,0.00010207661616911516,7.009800978538225e-05,0.9994913013926578,4.578543259140084e-15,0.0003348509767705891,2.3138701728021972e-11,1.6729814737423909e-06
3,logistic_regression,3330,0,2,0.47632760341634,0.019065278708091653,0.504606253943606,8.924924291715222e-17,7.556212273072445e-08,7.460653706688585e-07,4.230446885295636e-08
3,logistic_regression,6460,4,4,6.957121027169144e-08,5.666472419600853e-12,1.3041571770987227e-06,1.784354108295448e-08,0.999947476923045,1.9476055296305148e-10,5.113130459942881e-05
3,logistic_regression,5585,4,4,2.096138724717194e-12,6.329306932676358e-16,8.447126373262224e-10,8.5360783088806e-06,0.9999274521634196,2.545726565416902e-13,6.401091120749947e-05
3,logistic_regression,4454,2,2,0.1289996488658149,0.0010166961049226794,0.8692043013195327,1.6054585582237213e-10,0.00012124942302180962,2.73044096995647e-05,0.0006307997164622604
3,logistic_regression,1484,5,5,1.3917729050038829e-05,2.8252094639423303e-08,2.951122936420157e-08,0.00012186770645860054,5.001071471421922e-10,0.9995911058738767,0.0002730504271836448
3,logistic_regression,8652,6,6,0.0009276880420421975,3.136563120242814e-07,0.0005676824084985398,0.039990600684786964,0.0008446906489086446,0.007527773710096586,0.9501412508493551
3,logistic_regression,5112,2,2,0.027670457956974776,0.0009995227203133498,0.9712938629281013,8.644980402671564e-14,3.0680567135547466e-05,2.595383281370165e-07,5.216289060432798e-06
3,logistic_regression,7131,4,4,0.0023748308556113137,9.445140445343955e-07,0.026794627982872375,2.0959656772894648e-07,0.9579444773565737,5.283440069356071e-06,0.012879626254260885
3,logistic_regression,5836,4,4,6.31500186350338e-07,4.939200027133712e-12,5.45231275601537e-07,3.123374210014039e-05,0.9985596728712588,3.774118190579904e-08,0.0014078789090580135
3,logistic_regression,2429,0,0,0.9994616239619777,1.6534909998733578e-05,0.00010080344996680975,5.896963161063899e-11,2.7607646142816377e-08,0.00039611795548747205,2.489205595359604e-05
3,logistic_regression,6782,4,4,0.001785873470062233,1.2831117883750275e-06,0.04189846597276877,1.0029541849353135e-06,0.868687170229554,5.632021502530345e-07,0.08762564105949143
3,logistic_regression,1141,5,5,2.715653944829801e-05,3.372613404907999e-09,1.7446537668116172e-09,0.00034610882744596567,9.14675740108379e-10,0.9993322356312744,0.0002944929698884843
3,logistic_regression,6411,4,4,1.1330098423543507e-08,2.7147393040905957e-12,1.0930275801304817e-06,4.312985497454929e-09,0.9999697570048246,9.198738308125214e-12,2.9134312597845757e-05
3,logistic_regression,314,5,5,6.590595670739693e-08,1.3849409283579713e-10,4.201248237201197e-11,0.003094109733051519,1.0476970424105504e-10,0.9968468016300964,5.9022445619058016e-05
3,logistic_regression,10973,3,3,1.556880648271385e-10,3.8428976241555275e-14,6.605004820074143e-12,0.9992423117608757,4.041608436123584e-07,3.384063209459177e-05,0.0007234432838547926
3,logistic_regression,8647,6,6,0.0017038448633328802,1.9156211548232724e-07,0.00021882131540928534,0.04852815201350968,0.0009095970161088099,0.01644936423729139,0.9321900289922325
3,logistic_regression,4953,2,2,0.0012488142836624336,6.989264608024699e-05,0.99253578804932,4.315412434542241e-13,0.006118013749084962,4.3676802270831335e-10,2.7490834652967237e-05
3,logistic_regression,804,5,5,2.7142068620585895e-07,6.594754213893517e-10,2.2577785577134678e-10,0.0003511846494898129,3.984327533496201e-11,0.9996130325570747,3.551044765278312e-05
3,logistic_regression,5800,4,4,1.9957836136032197e-10,5.175405789878009e-14,3.3128126156889055e-08,3.1223513733547284e-07,0.9999482082083395,1.5617335539779384e-11,5.1446213149714115e-05
3,logistic_regression,6934,4,4,0.0004169425644690231,2.005586172098682e-06,0.2530087830530528,6.613648302052912e-08,0.7084529079592661,4.3694946164608016e-10,0.03811929426360763
3,logistic_regression,10489,3,3,9.93202656782466e-13,3.7548215467476295e-16,2.451042030408908e-13,0.9998371099093394,1.1097257494145443e-06,1.6629776287698513e-07,0.00016161406590985136
3,logistic_regression,5479,2,2,0.008104550231533303,0.018080274680876075,0.9738151352191109,3.2697028301792635e-19,3.28500000331273e-08,5.419730456011617e-09,1.5987494399114858e-09
3,logistic_regression,465,5,5,7.4687203224996656e-06,5.99130722898597e-10,5.948103969736097e-10,0.010647811995323704,5.664970230336249e-09,0.988288450450981,0.0010562619744614163
3,logistic_regression,4183,2,2,0.0029655395808147536,5.818133744369585e-05,0.9858496190425878,5.372109930416783e-10,0.009535628380993592,1.407191910445471e-07,0.0015908904017579004
3,logistic_regression,2233,0,0,0.9759039714023592,1.9480567574239926e-05,0.007123006453256987,2.4554437104725527e-07,0.0005028277786937836,0.0006180470114121728,0.01583242124233249
3,logistic_regression,248,5,5,3.7448647565951027e-07,6.747633036464477e-11,1.0551736397320196e-11,0.0019006359972466814,1.174725515005274e-10,0.9980518492522407,4.7140068536483705e-05
3,logistic_regression,13078,3,3,4.484196084781483e-05,4.809058631776865e-09,2.1272086130939965e-06,0.7543660752188911,3.471287398700088e-05,0.020800737713142725,0.22475150021545945
3,logistic_regression,4215,2,2,0.10541830098946488,0.0002640144030320808,0.8847764223971083,4.273793429035292e-09,0.005234887155191239,4.262801420508928e-05,0.004263742767204815
3,logistic_regression,13423,3,5,0.00012740367531423596,7.13153553539608e-08,1.2645339925700203e-05,0.3309398353480057,1.240727962098743e-05,0.35474681153224547,0.31416082550953256
3,logistic_regression,10416,3,3,3.225836154579313e-13,2.998822994633389e-17,2.3310875005926215e-13,0.999566840641069,0.00023034673346031948,9.894987582948377e-10,0.00020281163541636396
3,logistic_regression,10448,3,3,1.2020095148567534e-11,5.662409002817799e-16,7.654844482645741e-14,0.9999344740309056,7.173258180579098e-08,7.278743966886969e-07,6.472635001864471e-05
3,logistic_regression,6612,4,4,0.00012011884157708397,6.320952154862496e-08,0.005442419478129488,8.369520375490571e-07,0.9699101633946257,2.8511138835921765e-08,0.02452636961296983
3,logistic_regression,8751,6,6,0.0003250868836258428,9.005713747592323e-08,0.0005180112318628211,0.027616039995736596,0.005162404688146214,0.0004884072131304499,0.9658899599303606
3,logistic_regression,10664,3,3,9.541249568849972e-12,7.219427460647573e-16,8.913058714065563e-13,0.9997693911912617,2.9138415237874775e-06,2.0865293918565107e-07,0.0002274863038421701
3,logistic_regression,9858,6,6,0.010361064474890698,1.2979004053076428e-05,0.12292362679320236,0.0003877072208914426,0.015783883078324686,0.00034124637472977257,0.8501894930539079
3,logistic_regression,7190,4,4,0.0021730903745902177,7.990393647602674e-07,0.024778260724000363,1.731817712245199e-09,0.971013892277211,1.820223164450102e-08,0.0020339376507840625
3,logistic_regression,10133,3,3,7.937952971387067e-14,9.432905301947168e-18,4.757065598496725e-16,0.9999943187031846,9.207107506839219e-09,9.16111297550727e-07,4.755978330379155e-06
3,logistic_regression,8860,6,6,0.02711539215142881,2.1758318817250787e-06,0.0007199890413978696,0.020718222542668127,0.0001956565785471169,0.09022262690487196,0.8610259369492044
3,logistic_regression,6938,4,4,3.385693074522878e-06,4.8406729560139143e-08,0.00918485802638807,5.9584621435065274e-08,0.9834132281163954,5.630266434946e-09,0.0073984145425247125
3,logistic_regression,2139,0,0,0.8968064083833442,1.1749921312127748e-05,0.01008296304029801,4.8505983320906606e-06,0.00404798042372145,0.0008240398159333687,0.08822200781705875
3,logistic_regression,12435,3,3,1.870788713184582e-07,3.8879384073958644e-11,1.974416562927556e-08,0.9656252266330391,9.368146476551658e-06,0.001081867876692795,0.03328333048187523
3,logistic_regression,1428,5,5,0.00011160817297259074,1.03299379313281e-07,3.751488238844021e-06,0.028346955978558554,4.003458617500227e-07,0.9294793287157869,0.04205785199920218
3,logistic_regression,5747,4,4,1.407643485751408e-07,1.4681808550433216e-11,3.165498387770759e-06,6.945047909641136e-06,0.9965724058476649,3.430415025629601e-10,0.003417342483965917
3,logistic_regression,12599,3,3,2.9454196715319303e-07,2.1059007410010344e-11,4.968247810183963e-08,0.9499105616058358,0.00010435877361677404,0.00015769072615124603,0.04982704464889195
3,logistic_regression,11108,3,3,5.779396559355397e-10,2.5971328590494646e-13,3.750878267729994e-11,0.9986376612575395,3.3367762578677907e-07,7.742179084423984e-05,0.00128458265828234
3,logistic_regression,1616,5,5,7.333380291145248e-06,8.321068870646048e-09,1.4399077307486018e-09,3.5099582001390627e-06,6.716366415676761e-12,0.9999807097490878,8.437144727940299e-06
3,logistic_regression,5220,2,2,0.009996294125713298,0.0009516947844445092,0.9890285279658968,2.6296998823312263e-14,2.1279986166855327e-05,2.9875806954527586e-07,1.9043796823494461e-06
3,logistic_regression,7426,6,3,1.2518022915421186e-06,5.94284863014135e-11,1.1390487431449908e-07,0.8490735833460133,0.0006002205120207251,0.00034644146904409616,0.14997838890632742
3,logistic_regression,4737,2,2,0.021454929155525514,0.00030451919324886694,0.9777846060724916,3.708641245035362e-12,0.0003751577023047995,4.431960119285105e-08,8.07435531193997e-05
3,logistic_regression,7828,6,6,0.0007172426259548368,4.440173185038308e-08,9.924016524881946e-06,0.4045143697267961,3.6765984849358184e-05,0.18510444031122766,0.40961721293291514
3,logistic_regression,682,5,5,5.144030301457267e-07,5.545275755818989e-10,4.5874248049916146e-10,0.002205973409516599,3.048655800989923e-10,0.9976290770568259,0.00016443381249157707
3,logistic_regression,11479,3,3,9.14345788149131e-09,2.449155489000669e-12,2.7142581025646803e-10,0.9923500112369341,2.314774401675341e-06,0.0003648476738990757,0.0072828168974326535
3,logistic_regression,8259,6,6,0.0004848126592883322,7.422873930735945e-08,0.0002452623089433575,0.06402294255792998,0.00242076190500193,0.0011845804438258617,0.9316415658962713
3,logistic_regression,10149,3,3,3.787042833157014e-13,2.465510898800499e-17,1.3073201650325668e-15,0.9999843522822015,6.060308162066258e-08,5.680520417897594e-07,1.5019062294676204e-05
3,logistic_regression,6554,4,4,0.023780536020205564,1.5870859572953828e-06,0.027825215735114643,8.322070649015273e-06,0.7725991126080041,5.7818704576598644e-06,0.17577944460961176
3,logistic_regression,6705,4,4,4.99408435505534e-05,1.1099264371956137e-07,0.014166985892626383,5.688911456740287e-07,0.963222830913899,2.959261306279901e-08,0.02255953287352155
3,logistic_regression,10521,3,3,5.765603648444425e-12,2.9680823571569393e-15,8.418939099069318e-14,0.99986264404028,7.0877699632395954e-09,8.863803195136594e-05,4.8710834145961355e-05
3,logistic_regression,12371,3,3,5.890030238767321e-07,5.959428641941824e-11,9.993220762698192e-09,0.9676689371916655,3.5290276358579482e-06,0.004882592157106335,0.027444342567753154
3,logistic_regression,8793,6,6,0.0069032973423876435,1.0351743949877665e-06,0.0006104910163827055,0.05443780381886602,0.0001728783265429222,0.10613946112883132,0.8317350331925945
3,logistic_regression,12913,3,3,4.225820793080765e-06,1.5926846178872658e-09,5.720322194634075e-07,0.8540169029651841,1.436574881412924e-05,0.012512647385223624,0.13345128445508087
3,logistic_regression,12667,3,3,7.275708542707512e-08,8.172885886560465e-12,6.183485554399474e-08,0.9426890259623835,0.0005734967140278268,3.0310403082359587e-05,0.05670703232039254
3,logistic_regression,1930,5,5,0.01370051993066961,3.4440981402972457e-07,3.160308905948182e-08,2.3064241573934169e-07,1.6403318084222892e-10,0.9862554768518741,4.339639810436244e-05
3,logistic_regression,11720,3,3,6.233768758201836e-08,3.700172108897054e-11,2.0274163177191586e-10,0.8141198341083574,2.4988216690701163e-08,0.18357202929596725,0.002308049030027592
3,logistic_regression,10309,3,3,2.7688430751070293e-12,6.441871686934052e-16,1.836934975896384e-14,0.9999573400723796,5.4047037074272424e-09,2.211237762030465e-05,2.0542142508515633e-05
3,logistic_regression,7446,6,3,2.034842752083277e-05,3.9366270098147564e-08,2.8803755840618837e-06,0.503968040385746,2.9178769098450224e-05,0.01815872452879817,0.4778207881469824
3,logistic_regression,2590,0,2,0.11463697593488473,0.0003264034890976644,0.8806717590026563,7.3804651834331e-09,0.0009384317679249994,9.669592855697696e-05,0.0033297264964141124
3,logistic_regression,12891,3,3,3.7126985063907443e-06,1.0410953655860265e-10,2.6867172800600346e-07,0.8638577754765683,0.0005047237565791978,0.0004743955019668218,0.13515912379054176
3,logistic_regression,13397,3,5,2.4333540126465607e-05,4.71645886185152e-08,7.882683280467277e-07,0.029260762029483044,1.9017421311363413e-07,0.9453411182027996,0.02537276062046106
3,logistic_regression,10006,3,3,4.581577425595148e-15,3.46878435372219e-19,8.411198154331596e-19,0.9999989305260966,1.308228297158601e-10,9.395651992902286e-07,1.2977787659587972e-07
3,logistic_regression,9176,6,6,0.003389487033987735,1.1361376777367253e-06,0.0027270864825122867,0.007205810289132173,0.002443131131178728,0.00530033912238353,0.9789330098031277
3,logistic_regression,3653,1,1,7.49397790017905e-07,0.9990373413809452,0.0009619092212646335,1.6371565197008755e-41,1.9698340124216205e-16,1.0610994819160263e-21,9.54046376579179e-25
3,logistic_regression,12980,3,3,1.003548346651913e-05,5.038078742002777e-09,4.727911744558033e-07,0.7429393676302506,4.89680326598942e-06,0.12441840534799008,0.1326268169057738
3,logistic_regression,12780,3,3,1.24958200697797e-05,2.5240649547552285e-09,6.618942050931216e-08,0.5679063914053173,1.1226987321286534e-06,0.3798777707706318,0.052202150591763405
3,logistic_regression,4863,2,2,0.011569975090479133,0.00028431132867319276,0.9876021103637204,1.5149171421400502e-12,0.0005040860435883979,1.1234843805893587e-07,3.940482358594397e-05
3,logistic_regression,3536,1,1,5.001074623949852e-06,0.9993415296277758,0.0006534692976003544,3.316479543025993e-38,1.2067365000051941e-17,4.8166515830439163e-17,5.0414137101458076e-23
3,logistic_regression,12368,3,3,1.5341239270582304e-07,1.4171538344522656e-11,5.390385596941794e-08,0.9531350775740961,0.00022314404996320056,4.239642537443335e-05,0.04659917462014624
3,logistic_regression,11313,3,3,1.2828432703468815e-10,6.887692720145296e-15,4.0067621281433095e-11,0.9980021508066117,0.00013621104263962373,4.175382583424833e-07,0.001861220444131466
3,logistic_regression,6863,4,4,1.8874456171613373e-07,5.944302692459652e-10,0.00015812033710739572,3.38974146760541e-09,0.9994510185568131,9.143897596582278e-11,0.00039066828590712306
3,logistic_regression,2627,0,0,0.9995631364820323,2.6664725041085795e-05,0.0001376033913533487,8.205965586070969e-12,1.0159964088291086e-08,0.00026622873377070313,6.35649963226425e-06
3,logistic_regression,4112,2,2,0.1453691745439518,0.00031930068949184953,0.8427823926523847,6.6971557040791365e-09,0.0038451277443250914,3.0432800389926174e-05,0.00765356487230077
3,logistic_regression,2515,0,0,0.999988246356122,8.9615668258021e-07,2.2066475045861245e-06,5.738678486489794e-13,5.033214530682653e-09,7.662896704271609e-06,9.829091979830086e-07
3,logistic_regression,6345,4,4,3.701018910417623e-08,4.57536821958734e-12,1.366872749852776e-06,2.43524874797191e-08,0.9999540519252995,1.9504254080242638e-10,4.451963965603647e-05
3,logistic_regression,8571,6,6,0.0014079787390030175,2.4584492225332124e-07,0.00023360339475367507,0.024226096104444754,0.0009520352833845443,0.005181085632856321,0.9679989550006354
3,logistic_regression,1980,5,5,0.003217440443771133,8.641659991166474e-06,6.853537812331805e-05,2.0272265649244693e-05,9.413957370715967e-09,0.9943781743969785,0.0023069264415292693
3,logistic_regression,11235,3,3,1.186566002019512e-09,2.1372403082003812e-13,1.6029883753335232e-11,0.998574119472123,2.035568557601364e-07,0.0002757391308464713,0.0011499366373650473
3,logistic_regression,5416,2,2,0.09945871970804787,0.015902389927531804,0.8846388202223407,2.7554133595653913e-17,3.149428393101293e-08,8.786903734071889e-09,2.9860891868603455e-08
3,logistic_regression,12515,3,3,3.790746627726978e-07,6.234162156688325e-11,5.0258875361467575e-08,0.9555526798478123,1.9004953689292454e-05,0.0012519507494916009,0.04317593505312693
3,logistic_regression,5066,2,2,0.2639343187685226,0.0009372582330308286,0.7343432121504201,1.0306530684155548e-13,0.0007702066777707343,1.9742544355092934e-07,1.4806744709174707e-05
3,logistic_regression,588,5,5,1.1068705453544385e-06,1.431643496462933e-09,1.4122382657542354e-09,0.006180685662639327,1.5306608401327337e-09,0.9932406796358716,0.000577523456401193
3,logistic_regression,1175,5,5,0.00015436022676973437,2.4284910468839423e-08,8.302484560735229e-08,0.004582791503450758,1.9444490287872574e-08,0.9908387660304053,0.00442395548512775
3,logistic_regression,11719,3,3,8.251379250447523e-09,7.725526800083414e-13,4.854390056722679e-10,0.9953383280526341,3.8116933897852185e-06,0.00011086995689943112,0.00454698155948577
3,logistic_regression,1880,5,5,0.0006737531295045335,7.548140232935544e-07,2.0397622361557238e-06,3.0617695962284725e-05,4.094173031609404e-09,0.9981730250821972,0.0011198054219036108
3,logistic_regression,127,5,5,3.36781299251282e-08,5.872701133328976e-11,3.91824795725534e-11,0.025794333999648714,4.387718900998401e-10,0.9740443801684238,0.00016125161711626266
3,logistic_regression,8931,6,6,0.0009442800836677238,1.9623772983813316e-07,0.0009600776911390269,0.04840117621978737,0.003310751680916773,0.0072562673964797885,0.9391272506902795
3,logistic_regression,4178,2,2,0.38273266767570613,0.00022838873317519728,0.6103083798790806,5.295465698277444e-10,0.0040934855043224545,3.0426217673107245e-07,0.0026367734159924803
3,logistic_regression,2898,0,0,0.999944631088847,1.7860143067658623e-05,3.689007412708837e-05,3.5653904731460476e-15,5.661465518236603e-09,3.826838510243776e-07,2.30348638041554e-07
3,logistic_regression,10578,3,3,3.4493973450843675e-08,2.1152870887085746e-15,3.9895496945612595e-13,0.9974489333818836,0.00023795572415896303,2.9317282616815557e-08,0.002313047082300321
3,logistic_regression,4698,2,2,0.0013695371320547804,8.629174020902154e-05,0.9980766445628058,1.0396489270558648e-12,0.0004272277889784102,3.710864172371378e-10,4.0298403826144785e-05
3,logistic_regression,4068,2,2,0.005754806890151648,3.268550729271561e-05,0.8842055036481383,1.5120778496716213e-08,0.098445144778752,2.1334313502036664e-07,0.011561630711751886
3,logistic_regression,13087,3,3,6.087774655477704e-06,9.458961289478889e-10,1.0952941405578271e-06,0.8199728931280724,7.312506582883571e-05,0.005073070336783016,0.17487372745462382
3,logistic_regression,5516,4,3,1.645824936872533e-07,2.64018045393854e-11,1.7588477900924005e-07,0.6757141354498469,0.00780726167300549,2.6535647110526498e-06,0.31647560881876197
3,logistic_regression,2414,0,0,0.9993686054539772,1.733062234785437e-05,8.675511820065778e-05,8.472201044098366e-11,7.86441072163301e-09,0.0005095518623208766,1.7748994020853808e-05
3,logistic_regression,480,5,5,1.886640417810863e-06,2.192821330283526e-10,7.535579983005097e-11,0.002459983109095194,5.559887999609754e-10,0.9973659332278111,0.00017219617204915574
3,logistic_regression,5053,2,2,0.011133049369945166,0.0006215471757382609,0.9881944955119866,1.1538785071805908e-13,4.4124236986126056e-05,9.386151321215219e-08,6.6898437154391605e-06
3,logistic_regression,12533,3,3,1.9627876056738114e-07,1.9359670515187397e-11,1.1342123257278989e-07,0.941063612487515,0.0004050926925877536,3.804876250517665e-05,0.05849293633803918
3,logistic_regression,3173,0,0,0.9999964324933714,8.062030770898468e-07,2.727626446311307e-06,1.396079944031855e-18,2.851918198417806e-08,3.4591602282258343e-09,1.6987628024986536e-09
3,logistic_regression,604,5,5,5.763148652679683e-05,2.6011058307260745e-09,4.460297716401374e-09,0.031829422217877,1.183813637554409e-08,0.9649658721062031,0.0031470552898531356
3,logistic_regression,557,5,5,1.530731445855053e-07,2.0491648965036257e-10,4.6996609413828347e-11,0.0005521241649294978,5.350730486235161e-11,0.9994154140734801,3.230838302529561e-05
3,logistic_regression,7824,6,6,3.836675381501123e-05,1.3337608400207125e-08,2.316519944131401e-05,0.2731383507933399,0.000638807520213656,0.003463578867016271,0.7226977175285655
3,logistic_regression,8163,6,6,3.212420322302935e-05,1.6243661268457277e-08,0.0002415222923871669,0.06773162348391876,0.016308070400301047,0.0001285028776157826,0.915558140498893
3,logistic_regression,6902,4,4,1.1404212662464559e-06,4.807733984425103e-10,0.00010198891371328175,2.2164095716113455e-09,0.9998485967423479,1.174590161623898e-09,4.827005089943018e-05
3,logistic_regression,9648,6,6,0.0031496695228558145,3.1504425500467903e-07,0.004261028742384223,0.002495262019510547,0.13474655492438342,0.00036159864851682556,0.8549855710980943
3,logistic_regression,1720,5,5,0.034392096974346746,4.917636624903764e-08,5.713047693781643e-09,5.228912170416909e-06,4.902290383878672e-09,0.9652109106208892,0.0003917037008894409
3,logistic_regression,1066,5,5,7.800083908013389e-06,3.9049117349577926e-09,7.080226679435531e-09,0.0019591658732681415,4.062312807635027e-09,0.9970127983462079,0.0010202206491646635
3,logistic_regression,8911,6,6,0.0030172255513827868,7.586290008536519e-07,0.00046372782720634876,0.026004438298526538,0.00037232007127579694,0.04849500823644591,0.9216465213861618
3,logistic_regression,8232,6,6,0.0005895738412648908,1.296393653062637e-07,8.102465562078129e-05,0.16052040944447207,0.00019335032058314397,0.04596868325542465,0.7926468288432691
3,logistic_regression,2479,0,0,0.969526502050514,4.3003205644161505e-05,6.748853402478861e-07,8.703849210070459e-13,3.9539132291183436e-12,0.030429638791987193,1.8106169011759048e-07
3,logistic_regression,7992,6,6,0.00043233434210057376,5.225159886463044e-08,8.344285312226929e-05,0.16932065058032839,0.0008374269282665087,0.00968274718373383,0.8196433458608495
3,logistic_regression,12608,3,3,6.215787653252803e-07,1.5410257640538817e-10,1.5842717792510935e-07,0.9236801456921206,3.904315587608355e-05,0.0012120415827005595,0.07506798940925699
3,logistic_regression,12772,3,3,3.8844406314420616e-06,4.5967876415839345e-10,8.028001825785147e-08,0.898906905458542,5.733762805964223e-06,0.03878863901861956,0.06229475657970398
3,logistic_regression,13452,3,6,6.704640688786716e-05,1.1894829718354455e-08,3.085622381410589e-05,0.16222285463806926,0.002040399786425735,0.0011074351242136328,0.8345313959257596
3,logistic_regression,9046,6,6,0.003130872710838493,1.2674753697618492e-06,0.0017974998023216752,0.022098393323778952,0.0005222675001501804,0.01532069568319153,0.9571290035043494
3,logistic_regression,10061,3,3,1.3377057266503427e-13,9.024447089024108e-18,2.8125907353256937e-17,0.9999869520768845,3.6270802600950727e-10,1.1977602079704844e-05,1.0699581939385688e-06
3,logistic_regression,6283,4,4,1.3124360205906387e-09,1.8256096360925525e-11,7.273189250538028e-05,2.6989382840041274e-09,0.9996069399877366,1.8026953716638313e-16,0.0003203240901272823
3,logistic_regression,13451,3,6,8.846651440172407e-05,6.139846942169378e-09,3.0652734519523015e-05,0.33220498771564533,0.0031506822536996877,0.0012605391059826803,0.6632646655359041
3,logistic_regression,1478,5,5,0.00038227316344478985,1.1217557794021951e-07,1.3380853789651547e-06,0.006658356568569439,1.649906764008999e-07,0.97323077230805,0.019726982708302445
3,logistic_regression,12770,3,3,5.732324968729121e-06,5.646852922076513e-10,3.0316539915525237e-07,0.8791343130118937,3.5990471647573765e-05,0.005266961163693226,0.11555669929771241
3,logistic_regression,1666,5,5,0.001216183802523006,7.625685599561847e-08,4.174838542524356e-08,3.966122951918124e-05,1.029713256121555e-09,0.9983652356190608,0.0003788003139424404
3,logistic_regression,10302,3,3,1.3959115587340396e-13,1.2306926547613985e-17,8.61338906896014e-15,0.9999775970843707,4.125378988422049e-07,9.244657412323808e-08,2.1897931008094613e-05
3,logistic_regression,476,5,5,4.788353002246239e-07,5.706265946004474e-10,7.302439718514616e-10,0.00909599844907184,9.230402777855876e-10,0.9905089874959598,0.0003945329957573433
3,logistic_regression,13170,3,3,6.688970237270034e-06,1.4292513820961023e-09,2.351464531966452e-06,0.7749722390746939,0.00011041119638805471,0.004158418818434148,0.22074988904646323
3,logistic_regression,4359,2,2,0.0523654861452079,0.0005161358841896948,0.9460887520643018,2.922180359766146e-10,0.0001111661809941996,3.8274995100501305e-07,0.0009180766831374442
3,logistic_regression,10681,3,3,3.092652122561128e-12,2.839957656341954e-16,2.2148540417724113e-13,0.9998576286206964,1.1317848892831371e-06,7.530324711076781e-07,0.00014048655862884896
3,logistic_regression,5157,2,2,0.019550936786291308,0.0006694466326016888,0.9796644443056773,2.205542800683017e-14,0.00011211400974155972,5.067398372525089e-08,3.0075916821066774e-06
3,logistic_regression,1235,5,5,9.98533204362289e-06,1.6969191945602442e-08,2.738874524363093e-08,0.0008278053744514026,1.2984312243097895e-09,0.998508573616921,0.0006535900202156638
3,logistic_regression,1644,5,5,1.3605625613768047e-05,6.816374840677799e-09,4.7629658060396e-10,1.0273005224941746e-06,4.461117796826428e-12,0.9999809817871521,4.377989579103828e-06
3,logistic_regression,2213,0,0,0.8677264317683839,0.0002205929522251609,0.03650658864336394,2.723105174310314e-06,0.00016396629156938136,0.013801992337291931,0.08157770490199141
3,logistic_regression,12584,3,3,1.6947464684123547e-07,2.4113033372426145e-11,1.3142308452136462e-07,0.865445354703374,0.0011997885238816922,1.3879144729729016e-05,0.13334067670617017
3,logistic_regression,10821,3,3,1.105911210130139e-11,5.987329767313961e-16,1.4848130910933043e-12,0.9995812513414106,1.4302865832629837e-05,8.194979208785963e-08,0.00040436383042004797
3,logistic_regression,2118,0,0,0.9906755181336564,5.498581114119984e-06,2.4682997164621062e-05,1.6919584279141945e-07,1.1416951370125133e-07,0.008128546470107148,0.0011654704526012
3,logistic_regression,6391,4,4,2.3536010525240455e-06,2.9073430857724775e-10,5.507718523943381e-05,4.697751775630869e-08,0.9995547882095875,6.747548754604935e-10,0.00038773306111363186
3,logistic_regression,1796,5,5,0.006530929405231622,7.820532492140288e-07,5.425719223744556e-07,2.995310837399405e-05,5.0044259865942734e-08,0.9897106469424202,0.0037270958745426104
3,logistic_regression,4875,2,2,0.011074985642888611,0.0006077960874338898,0.9879604662674448,6.137707601979278e-12,0.0002518446927352031,1.6092729932752497e-06,0.0001032980303665514
3,logistic_regression,11543,3,3,2.174434583561051e-09,3.3383271131773374e-13,8.498979532458491e-11,0.9981443780891194,4.0689571903734167e-07,0.0002577744379983952,0.0015974383174049143
3,logistic_regression,4684,2,2,0.04991967479748592,0.0006755086758090461,0.9493543701833701,1.794634801748306e-12,9.33974034697206e-06,3.974061085981804e-09,4.110262713249342e-05
3,logistic_regression,2714,0,0,0.9575679412929581,0.00046840645650397334,0.041625041777754515,1.2401734270161905e-10,1.7961712532973726e-06,0.00017502294199330909,0.0001617912355194222
3,logistic_regression,4396,2,2,0.0012136180513142413,6.424449588299003e-05,0.989311219143388,4.6881295682638744e-11,0.00886945100039661,3.416863692793648e-08,0.0005414330934996358
3,logistic_regression,12607,3,3,1.5785566155296832e-06,7.875114330045886e-10,1.5127148696977567e-07,0.9142127310645831,5.6867126564345765e-06,0.012446593999754365,0.07333325760739211
3,logistic_regression,11789,3,3,4.0922986438159275e-08,3.4046438169303544e-12,2.1063592686163736e-10,0.9938666203037145,2.2305304745567645e-07,0.0028581245840984468,0.0032749909221125406
3,logistic_regression,10022,3,3,1.4130881655559223e-16,9.626223626135217e-21,2.016375924777164e-17,0.9999852233470445,1.290043661892898e-05,7.777424944354109e-12,1.8762085586610455e-06
3,logistic_regression,12009,3,3,8.936433911647028e-07,9.479464018131413e-12,1.8036383450848612e-09,0.9821813538296011,7.872728895208522e-06,0.0010917044990902491,0.016718173485904524
3,logistic_regression,4996,2,2,0.27152512788321764,0.0023652193990958232,0.7260508604022268,8.930110685834169e-13,2.4926242454351915e-05,6.447533572037409e-06,2.7418538540412647e-05
3,logistic_regression,447,5,5,2.289934846932521e-07,1.0891158622168987e-10,1.475519297674903e-11,0.000422786660006715,3.819730650160607e-11,0.9995560084146127,2.0975770031688984e-05
3,logistic_regression,12654,3,3,1.636917399498558e-07,4.915049227966482e-12,5.042798535028411e-08,0.9425659381161229,0.0019610422527458087,1.3803229774123244e-05,0.05545900227671675
3,logistic_regression,12532,3,3,8.030367533612672e-07,3.383345135326341e-11,1.8974817878141447e-08,0.9519735258031745,3.009462646679461e-05,0.001215343296824779,0.04678021422812909
3,logistic_regression,11478,3,3,2.4366236031847534e-09,5.67894863787348e-14,1.0137670625317551e-10,0.9958635261887543,4.729685491562365e-05,2.318739585787166e-06,0.004086855678687151
3,logistic_regression,8520,6,6,0.0085466258977959,1.215145672906328e-07,0.00010765411802578267,0.04817380143662336,0.0018221416064346367,0.01560884852970225,0.9257408068968507
3,logistic_regression,1684,5,5,0.0007852695230781886,2.5332605256333597e-07,1.2865174902144626e-06,0.0005038130346045106,1.6915058970404654e-08,0.9947157212309544,0.003993639452761137
3,logistic_regression,7835,6,6,1.0362631104695167e-05,1.0305826469717691e-08,2.328640966175171e-05,0.10762135360621411,0.001529842423900885,0.00030565076114044194,0.8905094938621516
3,logistic_regression,11225,3,3,1.2036792511537994e-09,1.8893979214640548e-13,2.1929472387823605e-11,0.9986923665623909,2.426406026472171e-07,0.0002564010479600267,0.0010509885232487964
3,logistic_regression,267,5,5,1.0378786399358051e-08,5.587757887725632e-12,8.765887548206262e-14,3.74220779864516e-05,6.328979224681102e-13,0.9999620742725477,4.932643712446805e-07
3,logistic_regression,6976,4,4,0.004933112523256367,3.773415005506661e-08,0.0004052532727079637,5.982897156120846e-09,0.9933418756737298,1.0572577744206627e-07,0.0013196090874812725
3,logistic_regression,5580,4,4,1.7436792315593324e-09,8.191229367839518e-14,2.951948509517838e-08,0.001130769104036624,0.9963459976145935,3.8573995215501373e-10,0.0025232016323838238
3,logistic_regression,1253,5,5,8.257080403653518e-06,5.317094649295432e-09,1.3199695277089991e-09,7.633846093002585e-05,1.8600014919114638e-10,0.9998255256510635,8.987198453844053e-05
3,logistic_regression,9851,6,6,0.018645430192178326,1.1210407990191484e-05,0.054374171338710024,0.0007489099246700611,0.010164848522095213,0.003013071830362911,0.9130423577839933
3,logistic_regression,3546,1,1,7.554250353532357e-06,0.9995463038526974,0.0004461418969490344,3.031780480863844e-38,4.18552632961546e-18,2.339713412852606e-17,3.080406292465593e-23
3,logistic_regression,6060,4,4,1.632907446820393e-06,6.320973536999933e-11,9.95277569501778e-06,1.1505855092335009e-05,0.998094990203016,6.268190449851408e-08,0.0018818555136358558
3,logistic_regression,6893,4,4,3.49918746229934e-08,1.969292175612561e-11,5.978389087010071e-06,3.431606591285784e-10,0.9999840205814904,3.923091287275645e-11,9.965635463471872e-06
3,logistic_regression,9739,6,4,6.525553743220541e-05,1.512714082084198e-07,0.011810006569647426,0.00013546735953887863,0.6502774424023772,2.8677400620686405e-06,0.337708809119534
3,logistic_regression,8419,6,6,0.00021690075949913143,8.329898574209807e-08,0.00015048535727085042,0.00988526063754161,0.0029735241793736288,0.0001297240365822456,0.9866440217307468
3,logistic_regression,12902,3,3,3.782299113041148e-05,2.607967239734978e-09,7.251927064642781e-07,0.7678075013028147,4.178034856549352e-05,0.018664640721674838,0.21344752683514107
3,logistic_regression,1136,5,5,4.042030298917541e-06,4.294657623430536e-09,7.863455133821212e-09,0.001096019967030339,7.364230702403267e-10,0.9985094377363752,0.000390487371759723
3,logistic_regression,686,5,5,2.7215924424311815e-06,9.666688412599683e-10,4.016020298929029e-10,0.0010309971303706041,1.1909376069576766e-09,0.9986764766513418,0.0002898020666367842
3,logistic_regression,11148,3,3,3.818375775005421e-11,5.5681014484716534e-15,1.1973811502606147e-11,0.9989499622882806,1.103464175039606e-05,1.1060178927368142e-06,0.001037897001913224
3,logistic_regression,3839,1,1,2.5924409638745185e-09,0.999999209927652,7.874799069824853e-07,2.159886429106535e-51,1.7374164708787093e-22,5.219842329637951e-25,7.895951265757596e-33
3,logistic_regression,11008,3,3,1.7436458368328965e-10,5.215167894298224e-15,2.367800059020842e-12,0.9995163952339895,1.099132411067578e-06,4.138507312365703e-06,0.0004783669495494142
3,logistic_regression,13490,3,6,0.0024441466127837386,2.7862707002354906e-07,6.803999271323498e-05,0.13239651037860453,9.99050625508423e-05,0.11237058625303162,0.7526205330732461
3,logistic_regression,864,5,5,4.040819256748027e-09,2.6423497199203584e-12,4.444204339078339e-16,3.471792545521061e-09,4.686689963166521e-16,0.9999999920777779,4.069670731757546e-10
3,logistic_regression,10306,3,3,6.200461474436475e-13,6.671591192015639e-18,8.451562285436423e-15,0.9999055351905927,2.026859398135098e-05,5.095144865440604e-09,7.419111965269283e-05
3,logistic_regression,10167,3,3,7.75167277218116e-13,4.5676331865806354e-17,1.6783563896802547e-15,0.999983462782287,3.2082340370036876e-08,1.0816305660090938e-06,1.542350402961366e-05
3,logistic_regression,197,5,3,2.2035875220520034e-06,3.6163681025580737e-10,1.5965456338961295e-08,0.9138085689257222,7.617947139312321e-07,0.061169502192024,0.02501894717292482
3,logistic_regression,6933,4,4,2.7712142382970704e-05,1.2872046934048595e-08,0.001462401160710004,3.236703393510773e-08,0.9974531676634482,2.179040268587245e-08,0.0010566520039753135
3,logistic_regression,2708,0,0,0.9999978346151146,4.086907650334907e-07,6.467131557502406e-07,3.5388815681581854e-15,5.711121907784138e-09,1.017204253641838e-06,8.706558570404576e-08
3,logistic_regression,4779,2,2,0.02208442555947047,0.0004270335986595251,0.9768564890218245,4.047021890646263e-12,0.0005284077393762361,2.1144084135636352e-07,0.00010343263578106231
3,logistic_regression,1057,5,5,0.001166064797754361,3.22665162217034e-08,2.5754095788777284e-07,0.036245241549946024,1.6722329295312944e-06,0.8968492039559238,0.06573752765597213
3,logistic_regression,10891,3,3,2.0956997919987172e-11,5.053164304726108e-16,1.126550153524786e-12,0.9996969293171333,8.923297658358935e-06,1.9030291949159598e-07,0.00029395706020491133
3,logistic_regression,3242,0,0,0.91451776903639,0.0012618147562339734,0.08421262485113541,7.15697277329433e-15,5.117493080317978e-06,1.5004060198472373e-06,1.1734571335135314e-06
3,logistic_regression,13411,3,6,0.0003872959236991675,1.5445576290603692e-08,2.8501517394163575e-05,0.2813960138584074,0.0011916033617297424,0.0034345508985186212,0.7135620189946746
3,logistic_regression,5455,2,2,9.528415471763294e-05,0.00038176062377552584,0.9995090531561392,2.220597194432688e-19,1.3895564397879237e-05,2.7797863710930073e-14,6.500942098494432e-09
3,logistic_regression,5468,2,2,0.0007444732824395155,0.001877016561181887,0.9973675809744832,1.3040973567227858e-18,1.0919058448335547e-05,5.267029541463611e-10,9.596744045881592e-09
3,logistic_regression,4838,2,2,0.05093941797318229,0.004107705792720266,0.9448985942912644,3.665831262909434e-12,1.3621300242065055e-06,1.1222276688781982e-05,4.169753245434377e-05
3,logistic_regression,1427,5,5,4.2256144173962153e-05,1.4226643659243868e-08,1.3837785216567879e-08,0.00023171829565716306,7.801500436946912e-10,0.9993655862199182,0.00036041049567187526
3,logistic_regression,3271,0,0,0.9999804777203641,1.6623351507354494e-05,2.8702836415203613e-06,8.965823964197025e-20,1.7448285220844584e-11,2.851009157901103e-08,1.1694694735435791e-10
3,logistic_regression,7165,4,4,0.0022904373876150705,1.9706115713966058e-06,0.0931327047489676,1.6836316327054324e-08,0.8999993146520954,2.513825174067448e-07,0.004575304380916721
3,logistic_regression,2016,5,6,0.06001203073340303,7.255206369889023e-05,0.3007017212317301,0.0002684492652363645,0.004356631072272713,0.008220268404095005,0.6263683472295638
3,logistic_regression,13487,3,6,0.0003127772988511331,3.397795524200674e-08,9.765984354970994e-05,0.2531037598651373,0.0010928391656820952,0.00632994198591337,0.7390629878629111
3,logistic_regression,5323,2,2,0.0030727827416867433,0.00037442464060043846,0.9963412025402232,1.8007797661208697e-15,0.00021115251951981,5.549181433892163e-09,4.320087866684558e-07
3,logistic_regression,6417,4,4,4.857269013134274e-06,4.311123481617293e-10,5.311280055623386e-05,2.4742941396052603e-06,0.9979118208602799,1.6173000673033531e-07,0.0020275726148921993
3,logistic_regression,9620,6,6,0.02477178536415736,5.015561941510871e-06,0.004500893556027231,0.003242448944909669,0.001147035749243564,0.025778873564002623,0.9405539472597181
3,logistic_regression,9919,6,6,0.08561434345687999,1.0277961275641544e-05,0.05131194016723516,0.0007102052111367118,0.025696425935867486,0.004015279690267272,0.8326415275773377
3,logistic_regression,7523,6,3,8.388497677528e-06,2.3173885001244743e-10,3.315251446434911e-06,0.5333143068565128,0.026518891558296377,1.0879348681012334e-05,0.44014421825564704
3,logistic_regression,8996,6,6,0.0011166034600198645,3.830314835284147e-08,0.00043690233697674054,0.032161177471851675,0.07091011673900538,0.0010803708884971944,0.8942947908005008
3,logistic_regression,7657,6,6,0.00733120910707997,1.5272881753902762e-08,3.3586691469939375e-06,0.16703839325708422,0.0010224054625807683,0.007746718438761584,0.8168578997924646
3,logistic_regression,7217,4,4,2.0514793138556036e-06,1.3352960825040196e-07,0.04632411824300166,1.4174799561094595e-10,0.9531860133801259,2.6676329369705605e-11,0.000487683199526011
3,logistic_regression,10554,3,3,5.3815711833874146e-11,1.7227572317669226e-14,1.3438335575523585e-13,0.9995640010783359,1.0562729529393395e-08,0.0003278183809985958,0.00010816992396883393
3,logistic_regression,10453,3,3,4.528147581998167e-12,6.344363248599411e-16,4.0696982711635354e-14,0.9999242363470031,5.14283574538067e-08,1.0335533826662553e-05,6.537668624313731e-05
3,logistic_regression,6436,4,4,8.144538019118418e-10,4.167341283584121e-12,8.016768546831874e-06,4.856243928873239e-10,0.9999485357680455,3.4600523244239886e-15,4.3446159158461466e-05
3,logistic_regression,1088,5,5,6.13504124676383e-07,1.3105886171404573e-09,4.963510601942606e-10,0.00011737268539151866,3.41388273518737e-11,0.9998509480373637,3.106393204154569e-05
3,logistic_regression,7421,6,3,3.8109471494321533e-06,2.714257051191705e-10,4.276872815293895e-07,0.7566928606981577,0.0006066562865697529,0.000308167838229696,0.2423880762711864
3,logistic_regression,7244,4,4,0.0004701153004894684,4.232878752895714e-06,0.23038574256794847,1.619079336774375e-09,0.7648650798184048,1.6732961347928947e-08,0.004274811082363793
3,logistic_regression,2907,0,0,0.9999999562475247,3.776508703641257e-09,7.158579912822114e-12,1.458700997726399e-20,3.664237339199496e-13,3.996159767416178e-08,6.844105809249704e-12
3,logistic_regression,5464,2,2,0.03622124541632336,0.009514373079041743,0.9542636198017391,4.140730013955714e-18,7.308422418848137e-07,1.8819790898192644e-08,1.2040862964573493e-08
3,logistic_regression,6363,4,4,1.7639010670174426e-06,9.478051103795677e-10,0.00019491351485273153,3.3613080734457327e-06,0.9935213408985392,2.5180008981069043e-08,0.006278594249653815
3,logistic_regression,4616,2,2,0.0007529606335660498,7.51171240574725e-05,0.9960079369211925,4.0932478548798354e-12,0.0030681033194528843,2.1322373417027424e-08,9.58606752645315e-05
3,logistic_regression,7769,6,6,0.00012662483043313896,3.9577304665487345e-08,3.8274860157553135e-05,0.22205204751202695,0.0003415803738454605,0.005543688195091818,0.7718977446511404
3,logistic_regression,12198,3,3,9.744473076338106e-08,2.9103208357903553e-11,7.646926374744876e-09,0.9684755607749599,7.541318952760971e-06,0.0008107140347319651,0.030706078750595084
3,logistic_regression,6517,4,4,1.1667490123370836e-07,7.534975355681476e-12,1.5040764041923505e-06,2.5769206098381127e-08,0.9999407840555203,5.200425942719548e-10,5.7568896390553434e-05
3,logistic_regression,7287,4,4,2.1019979640188282e-07,5.095702583369445e-09,0.0012908733519169152,1.4979148603180454e-11,0.9986752458251066,2.020910698246853e-11,3.3665492289339803e-05
3,logistic_regression,5921,4,4,2.007100521305947e-06,2.0971265818023031e-10,4.5199552442852605e-05,1.4179348062072444e-05,0.9948448381388038,1.0155854907943837e-08,0.0050937654946026055
3,logistic_regression,8858,6,6,0.0008237642298222017,3.372234390089177e-07,0.0017628445869815447,0.015181362553244732,0.0036965539173453186,0.0007081259727866854,0.9778270115163806
3,logistic_regression,6366,4,4,8.842381181162812e-07,1.1566741917203769e-10,1.7117313882062644e-05,4.561533044271967e-07,0.9992481919925831,2.1052580084945836e-08,0.0007333291338648192
3,logistic_regression,1926,5,5,0.0004532429876438506,1.6544483859906716e-06,4.874107816060654e-06,1.5158271519073788e-05,1.271359171297e-09,0.9989220634857465,0.000603005427529374
3,logistic_regression,12975,3,3,1.8100484104623115e-06,1.6457668121470156e-09,2.01372692618222e-06,0.6024377188444239,0.00025719691106366105,0.001101210298558335,0.3962000485248508
3,logistic_regression,11756,3,3,1.102598494804506e-07,5.065685209738297e-12,1.650516846583458e-10,0.9893587963223298,3.5599594416610836e-07,0.0059168464832090924,0.004723890768550183
3,logistic_regression,3500,1,1,0.0009333754196311251,0.9990611295527253,5.49502757593693e-06,1.9776116153263617e-37,9.030920549466335e-21,6.73275143063312e-14,1.5674771319715774e-23
3,logistic_regression,3228,0,0,0.9958239180825514,0.0003326769020007544,0.0038425782033543548,3.591633873796929e-16,7.878382966832084e-08,6.450382747917056e-07,1.0298998863231349e-07
3,logistic_regression,2904,0,2,0.38784301659896864,0.006291758483923756,0.6051302510300841,1.0005284789382436e-10,6.705848601948597e-07,0.0005672051186472856,0.0001670980834628977
3,logistic_regression,3465,1,1,2.4336718510887884e-05,0.9926219604892703,0.007353702792214299,1.9186289939302154e-35,4.202225042659664e-15,1.3568465666022906e-16,1.3848971336496745e-20
3,logistic_regression,554,5,5,1.1855305831872804e-05,3.7322531995703835e-09,3.56323937328633e-08,0.17305280562677094,1.0286666131088816e-07,0.8123028613927267,0.014632335443362262
3,logistic_regression,2501,0,0,0.9999998272651788,8.077294697034463e-09,1.6044074190894368e-09,8.025634827313332e-16,3.045912151235716e-11,1.5903013555137544e-07,3.9925235100880524e-09
3,logistic_regression,7224,4,4,7.188839719113776e-07,1.510233148482425e-08,0.005465750454850252,3.138840216030491e-11,0.9944203888023961,2.319187854391812e-12,0.00011312672274278606
3,logistic_regression,3211,0,0,0.9986550270648538,0.0007635923453576436,0.0005547265781625987,6.2992428405171465e-16,3.0206622616840674e-11,2.6640244195948146e-05,1.3737222829769414e-08
3,logistic_regression,11921,3,3,1.4776010367634032e-08,1.1312483488753594e-12,1.6635636140997612e-09,0.9917413338953086,1.5710161594323877e-05,4.576715919980398e-05,0.00819717234319224
3,logistic_regression,13370,3,6,3.908159097431663e-05,1.310223916704648e-08,4.564808914237693e-05,0.34058668391138863,0.0010199892538782507,0.0027920162049708715,0.6555165678474062
3,logistic_regression,8499,6,6,0.0010479197002398535,1.52947987873791e-07,0.0001975137425371788,0.08828064442922659,0.0006419163766268919,0.021739301398531165,0.8880925514048503
3,logistic_regression,11531,3,3,4.0178673789545035e-09,5.580491763962003e-13,7.001068337612331e-11,0.9971856272940409,5.185680613085039e-07,0.00034531319253701924,0.0024685368569243656
3,logistic_regression,9613,6,6,0.006990130224940185,3.922051603254409e-06,0.01706473001141574,0.004444061530091696,0.003501648909911313,0.0074959053472280065,0.9604996019248098
3,logistic_regression,1850,5,5,7.161896466636939e-05,3.024097130432268e-07,2.584207354276654e-07,1.2761670544705668e-05,4.5468525887332333e-10,0.9996855424582864,0.00022951562136873567
3,logistic_regression,8506,6,6,0.00034855930899206877,1.1370536079033138e-07,0.00048110514968984045,0.036510744125585,0.003394918731564379,0.0015413474182306485,0.9577232115605774
3,logistic_regression,2214,0,0,0.5982019718950207,0.00014025485823139367,0.16397992029545877,2.3372692696110472e-05,0.002342903677156911,0.015880308955834196,0.21943126762560192
3,logistic_regression,5131,2,2,0.00461820462658908,0.000588019591641046,0.994774453865481,2.127308890040601e-14,1.6330818647567526e-05,3.294358209240482e-09,2.9878032620504533e-06
3,logistic_regression,12366,3,3,6.847525029996791e-07,3.7995323149517794e-11,8.69101451549024e-09,0.9616934357653075,9.951987035054887e-06,0.002046284092077535,0.036249634674067256
3,logistic_regression,9961,6,6,0.0616307401053129,2.5802598969158344e-05,0.14582621751900088,0.0001814446746288387,0.028295629435861537,0.0012622898902198744,0.7627778757760069
3,logistic_regression,10543,3,3,1.4772893370019506e-10,1.3635183266010049e-15,1.1009557164603356e-13,0.9998638033086056,1.8075312500975552e-07,4.5235711434616035e-06,0.0001314922192855578
3,logistic_regression,1441,5,5,0.005207644318568678,8.197957730807352e-08,3.134007653602481e-07,0.002428705515240594,2.597334692968531e-07,0.9752469438397359,0.017116051212642765
3,logistic_regression,3272,0,0,0.9973270358874695,0.0003334398164849513,0.00233947550420486,1.4789234983629584e-17,8.87055683934772e-09,2.8730872182059177e-08,1.1190411836289588e-08
3,logistic_regression,6836,4,4,1.1857849174401974e-07,2.0874818913601868e-11,4.349684300913078e-06,3.133367756832025e-09,0.999974936535683,6.277145593888124e-10,2.059141956711093e-05
3,logistic_regression,3114,0,0,0.7928658214595908,0.005678948938496245,0.2014327936396397,2.2396468371169383e-13,2.4920520632309534e-07,1.4648183535252052e-05,7.538573307544615e-06
3,logistic_regression,2342,0,0,0.8963649474835107,0.00044642029681824327,0.08325191703146816,9.520919248073454e-08,9.55858582100235e-05,0.0021279385949391264,0.017713095525860967
3,logistic_regression,702,5,5,4.782820186909885e-06,2.1949899235053314e-09,6.403069923623351e-09,0.01337787214177182,5.284344870825198e-09,0.9850114824092953,0.0016058487463410974
3,logistic_regression,1352,5,5,0.4160000230520399,4.764889370855039e-09,3.605188566516522e-10,1.4619936445306448e-05,1.6330227458920234e-06,0.5797966017535697,0.004187117109790904
3,logistic_regression,9203,6,6,0.0026584349334464416,2.448921861448272e-07,0.002699039994470072,0.010603359023445072,0.027283329871375505,0.00032158947123078866,0.9564340018138459
3,logistic_regression,8479,6,5,0.003138220293959314,2.62200008959313e-06,0.00021822923682246226,0.04003244725568887,1.2131447424050796e-05,0.4812237305565858,0.4753726192094299
3,logistic_regression,7332,4,2,0.05569533645034965,0.0003548264175345491,0.9372106272088635,3.775724921848884e-10,0.003484002269945026,3.8801278396951913e-07,0.0032548192629506018
3,logistic_regression,11491,3,3,1.8036688513262468e-08,6.145832056610042e-12,1.6458041960165223e-10,0.9919406707990215,9.37075077055496e-08,0.005650903390933517,0.0024083138951225135
3,logistic_regression,10512,3,3,3.272596333721062e-11,3.728690683536465e-15,5.244225678349234e-14,0.9997535839097963,1.983633131298888e-08,0.00015882580511407493,8.757041597622177e-05
3,logistic_regression,10866,3,3,4.326107617695509e-10,1.0702546442462647e-13,1.0948693125148821e-12,0.9984311013014219,1.5130151969254337e-07,0.0007572765021626803,0.0008114704610829072
3,logistic_regression,11,5,5,6.297024662864228e-10,4.270093685810288e-13,1.5205578176381528e-15,0.00014235358572212172,2.9349385559525767e-13,0.9998575135800661,1.3220378729141772e-07
3,logistic_regression,11161,3,3,5.4919805949516166e-11,1.2312742093864188e-14,2.6792574034976733e-11,0.9984138320349842,1.4025870214621925e-05,8.888222924666372e-07,0.0015712531907840365
3,logistic_regression,7854,6,6,7.976782679471716e-05,3.9361096954463084e-08,6.65842237213787e-05,0.17533490091975804,0.0005699033024954333,0.0026043164937287235,0.8213444878724049
3,logistic_regression,10188,3,3,1.945480496014287e-12,7.394794051625215e-16,1.0067223861814857e-15,0.9991967921993363,4.4364455382597755e-10,0.0007970824578395206,6.124897232101424e-06
3,logistic_regression,9196,6,6,0.0005728518642194477,2.840275587791697e-07,0.0035024465942309624,0.008785116198518858,0.021907299884189897,0.0007000125610690514,0.964531988870213
3,logistic_regression,12977,3,3,2.92429909092244e-06,9.209775263897809e-10,6.647386057010365e-07,0.8614253579940382,2.6803101981194045e-05,0.008916834792319183,0.1296274141529871
3,logistic_regression,4692,2,2,0.008599680108412479,0.0003647656107272599,0.9905650284684432,1.7483187021722434e-11,0.00030349585730468935,9.641552928623482e-07,0.00016606578233674402
3,logistic_regression,5569,4,4,6.983898103517718e-09,1.4905336277819635e-10,5.140065799899108e-05,0.004161047011983674,0.5709073942150333,2.280657063037623e-10,0.4248801507539669
3,logistic_regression,8738,6,6,0.00842118220567875,2.786771040481345e-06,0.0005024663877167834,0.032768091235153625,4.6431179438893055e-05,0.24610579048529338,0.712153251735678
3,logistic_regression,8126,6,6,0.004698369424893826,2.747202562577921e-07,8.765565690994837e-05,0.10604895855043825,0.00017449662724278647,0.0503579481955016,0.8386322968247574
3,logistic_regression,8562,6,6,0.0010765424857523442,4.870703370636149e-07,0.00028317886661567834,0.07045395087929182,0.00016957217142864474,0.05356389899459356,0.8744523695319808
3,logistic_regression,7787,6,6,8.412720497335664e-05,5.286070077608554e-09,3.577326175625831e-05,0.12599189603140395,0.015721720999576416,0.00011144556270314733,0.8580550316535167
3,logistic_regression,5446,2,2,0.001356576761086528,0.006659127584514144,0.991984230940401,2.5124469832479355e-18,5.386295733760311e-08,1.5305045251478216e-09,9.320536290300233e-09
3,logistic_regression,3712,1,1,4.6801126933894713e-07,0.999939465098991,6.006688973970824e-05,6.5186018792309054e-43,5.388203500315454e-19,6.497532618475401e-19,1.1673750783112666e-26
3,logistic_regression,4269,2,0,0.7799177726588203,0.0004951385486831832,0.218817174094385,6.584540513823432e-10,2.9656638048569032e-05,2.711837729524241e-05,0.0007131390243136251
3,logistic_regression,5894,4,4,1.396749640280332e-06,5.002611129180381e-11,9.636694194371314e-06,2.4519609231000473e-05,0.9973700234089864,2.136934859576825e-08,0.002594402118573342
3,logistic_regression,10705,3,3,3.385385665741888e-11,2.955863562735236e-15,9.83121804130159e-13,0.9997677902440629,4.83728320492445e-07,3.850903770774535e-06,0.0002278750890056414
3,logistic_regression,7690,6,6,6.388499743516625e-05,9.352192690466365e-09,2.0631638322634512e-05,0.44160704350319174,0.0005537806636309547,0.0024942080014185583,0.5552604418438082
3,logistic_regression,4171,2,2,0.037665396873740965,0.00032306393661630633,0.9503706245156078,6.673120524461287e-09,0.0030016436414969307,1.4423948937854968e-05,0.00862484041047971
3,logistic_regression,10793,3,3,4.578722440058281e-12,2.048598807496142e-15,2.1543724416661634e-12,0.9990102071723231,1.1894383028356677e-05,2.943263196792315e-07,0.0009776041115936755
3,logistic_regression,3687,1,1,2.4976574367592627e-07,0.9977522800272552,0.0022474702069977177,1.6918525405327182e-42,3.4467436459740147e-15,8.254670575161865e-23,3.0398517713768473e-25
3,logistic_regression,3749,1,1,1.1163676289892075e-07,0.9999851816501859,1.4706713051311602e-05,3.8463748775794634e-44,5.785392550387518e-20,1.221866929892932e-19,1.32151141612176e-27
3,logistic_regression,9107,6,6,9.829253494267669e-05,4.308658711794332e-07,0.004024984144595672,0.0028576932213226413,0.008750887168421857,0.00013245003006481936,0.9841352620347812
3,logistic_regression,4614,2,2,0.0023694757703737125,0.00025299474615912584,0.9973095662510176,4.241327059416362e-12,1.9407448948046974e-05,1.751121978657595e-08,4.853826804033062e-05
3,logistic_regression,4490,2,2,0.0965335418415565,0.0008918571051090234,0.9022889999978685,3.200460528047413e-11,2.464730119126383e-05,1.1645397852333689e-07,0.00026083726829159894
3,logistic_regression,4131,2,2,0.2544493037682644,0.0001387906857567325,0.7430336882515354,1.2904713961379002e-09,0.0005876262171044291,1.325261063809742e-08,0.0017905765342571057
3,logistic_regression,3002,0,0,0.9999955980844677,3.3277432399715813e-06,1.0206982321725048e-06,1.3964526141514035e-17,2.9954613877002114e-10,4.774552114425175e-08,5.428992751799052e-09
3,logistic_regression,8807,6,6,0.007180848088047552,9.023204213048208e-07,0.000538207201443431,0.03747588585344221,0.0002892774071592443,0.08821371294422845,0.8663011661852579
3,logistic_regression,12773,3,3,2.24910061272988e-06,7.200419864553352e-10,3.838009074812626e-07,0.895583472873208,1.6997903393967492e-05,0.006013257769899301,0.09838363783193618
3,logistic_regression,2776,0,0,0.9914826540670086,0.0020079893205797853,0.0061525502219133225,3.3331342035671804e-12,5.140835971416424e-08,0.0003265803413760809,3.017463742953326e-05
3,logistic_regression,13398,3,3,0.00014757797162492012,2.8894641914486207e-08,1.7296035192854136e-05,0.4954550186328934,6.842079786458763e-05,0.04601625794283679,0.4582953997249457
3,logistic_regression,3612,1,1,4.73072472922443e-06,0.99999186085742,3.4084178492358242e-06,3.2699536866095743e-40,8.846841530506434e-22,1.5092305222093994e-15,1.2793178359034347e-25
3,logistic_regression,5865,4,4,8.799481411375622e-08,4.446624725496831e-12,8.040375697517234e-07,8.658273286233986e-06,0.9986852828821938,5.392475342093396e-09,0.0013051614152139873
3,logistic_regression,56,5,5,2.3514217487223781e-07,5.50496362992111e-12,2.0403045133080067e-13,0.002288701838835675,1.6432277854373324e-10,0.9976866744623196,2.4388386638037888e-05
3,logistic_regression,13358,3,6,0.0003348957663513752,4.93919850911344e-08,2.7340506287678596e-05,0.29336008923952883,0.00016672857696881958,0.01095300214693889,0.6951578943719393
3,logistic_regression,4563,2,2,0.006081410263452914,0.0003303491127896072,0.992967885266471,3.639001294888338e-11,0.00030551223384335817,5.955899438233496e-07,0.0003142474971092981
3,logistic_regression,6415,4,4,2.777149317727607e-07,5.319835457182859e-11,1.5196633373624884e-05,3.5023566689337836e-08,0.9998843397551019,7.853732046489499e-10,0.00010015003445445354
3,logistic_regression,8723,6,6,0.00024347795292271158,5.8435544811751254e-08,0.000614644235964689,0.008485289428992049,0.030722228868149112,5.3399024816624106e-05,0.95988090205361
3,logistic_regression,5235,2,2,0.0011350692402118617,0.0003598852290879636,0.9984562249952105,7.251717048443676e-15,4.789081753385909e-05,2.2864326050280763e-08,9.068536225175313e-07
3,logistic_regression,6094,4,4,1.827103516185133e-05,3.0868001673200795e-08,0.005374657511060511,2.9410664698362417e-05,0.8948183337777853,4.8677323255461656e-08,0.09975924746596898
3,logistic_regression,12907,3,3,1.2735033924509336e-05,4.067365059603634e-09,5.625085161169992e-07,0.8020792648272305,7.935666200495597e-06,0.05272432424715858,0.1451751736496047
3,logistic_regression,9313,6,6,0.0036283707537426934,9.814900127599898e-07,0.0038327354128069348,0.005175419718089473,0.006339959436900981,0.0029614048603231417,0.9780611283281241
3,logistic_regression,11587,3,3,4.900860297178965e-09,6.452464597882377e-13,3.31978057089632e-10,0.9959223451313234,2.8109704382997264e-06,7.637425074626384e-05,0.003998464414008277
3,logistic_regression,4653,2,0,0.8469664080980843,0.0009068615177328304,0.1517447719206017,3.932019861116556e-11,3.3372680928905815e-05,0.00016360837418221696,0.00018497736914995373
3,logistic_regression,7493,6,3,3.712862802476092e-05,3.3406013203096326e-09,2.0964817921859307e-06,0.5985339871242349,0.00023823751296414775,0.005725790533383062,0.3954627563789997
3,logistic_regression,6168,4,4,1.5226500323537664e-07,1.6540035337107998e-10,5.697026162903591e-05,1.1880738817664826e-06,0.997179340807682,1.5957857106801367e-09,0.0027623468306178186
3,logistic_regression,4365,2,2,0.011273399706070051,0.0005889663345942547,0.9876031362386317,1.88180604053827e-10,2.439933699144969e-05,9.956193761650505e-07,0.0005091025761559518
3,logistic_regression,4897,2,2,0.003869956434679175,0.0006876198304259703,0.9953790192835762,3.483285324265426e-13,3.8268324959017994e-05,8.940370686178942e-08,2.5046722304563736e-05
3,logistic_regression,3846,1,1,6.02519639694226e-10,0.9999991392452366,8.601522436048145e-07,1.5056183721118289e-51,3.648681781779525e-22,1.990150202633663e-24,5.9956020120947335e-33
3,logistic_regression,4817,2,2,0.0023327699265965796,0.00014942596144590224,0.9956253797289603,6.831460670262356e-13,0.001836135981167274,3.3046158938752926e-09,5.6285096530863395e-05
3,logistic_regression,837,5,5,3.840795553246582e-05,1.8608308857061297e-08,1.1778271973570975e-07,0.04482107275142175,1.1873104718256763e-07,0.9377857915108858,0.01735447266008402
3,logistic_regression,8030,6,6,0.000235362747571653,7.141069458200254e-08,8.561320355967126e-05,0.14482335401128818,0.0004561867653485736,0.008535458361481398,0.845863953500056
3,logistic_regression,2535,0,0,0.9999221622906248,7.056353859724803e-06,4.353529657712876e-05,1.121100149425891e-12,1.1485178932494927e-07,2.035487400546044e-05,6.776332022470265e-06
3,logistic_regression,6593,4,4,0.0033790909668204518,1.1257854942244855e-07,0.0033978084674414683,6.195446988339795e-06,0.9623985046344039,5.7260223112559785e-06,0.03081256188348518
3,logistic_regression,2752,0,0,0.9999453517086372,7.259029596803364e-06,1.66808264063414e-05,1.8667753944704855e-13,1.4757298874927975e-09,3.0249370437581435e-05,4.5758900537534645e-07
3,logistic_regression,3451,1,1,9.540572218570459e-05,0.9995521731891149,0.00035242108869686946,1.253631599405812e-35,1.0215212157773113e-17,2.6708284611418382e-15,2.7704907722116993e-21
3,logistic_regression,3663,1,1,1.2395420034947398e-06,0.9993041245807495,0.000694635877246838,1.2390329655098188e-41,1.361248248556582e-16,2.6802875435648162e-20,4.047057102429901e-25
3,logistic_regression,13360,3,3,9.990198462382391e-05,7.532333729031609e-09,8.919516157643498e-06,0.557916278158901,0.00021977683293371357,0.010988976145128539,0.4307661398299215
3,logistic_regression,11881,3,3,2.379082004146645e-08,3.4047655046682678e-12,9.450119749566111e-10,0.9894121692029162,3.881237200923054e-06,0.00032194963294016846,0.010261975187705916
3,logistic_regression,7652,6,3,3.315661947897394e-05,6.66745972379086e-09,8.906170310217427e-06,0.5710230224623293,0.00019951002245087936,0.006360026498532555,0.4223753715594384
3,logistic_regression,7497,6,3,1.3978616112525624e-05,1.772877784343436e-09,1.271223760705977e-06,0.7504149174796219,8.94514060047965e-05,0.004139195943891951,0.24534118355773035
3,logistic_regression,10519,3,3,7.465762841431518e-12,4.969245668296427e-16,2.7367208095760894e-13,0.999911687703538,3.555099626772981e-07,3.4530403158921556e-07,8.761147472772107e-05
3,logistic_regression,5568,4,4,3.704774228610125e-08,3.358304867661742e-12,5.919204453195242e-07,0.0017210542640482254,0.9787670722180852,2.983751609016279e-09,0.019511241562569063
3,logistic_regression,4659,2,2,0.004058229662192055,6.401404250324572e-05,0.9908421492159187,7.456257102558326e-13,0.00496607585792331,3.7062770875504525e-11,6.953118365408285e-05
3,logistic_regression,6939,4,4,3.1929312860716494e-06,2.184086217842266e-08,0.0077406014552512245,6.284368780258333e-09,0.9912475083575075,2.6682226596494385e-10,0.0010086688639021587
3,logistic_regression,9576,6,6,0.005815528269908192,3.380131270638696e-06,0.0067124234034540604,0.0028596014631759596,0.0021944529399524184,0.007249887663256884,0.975164726128982
3,logistic_regression,7310,4,4,0.0005690034128313104,9.942929749255854e-07,0.059143289489715985,1.839427332248067e-10,0.9400910179428189,2.2093100468177854e-08,0.0001956725846157688
3,logistic_regression,12968,3,3,1.7342913115648024e-06,3.869336912624873e-10,6.599045414077088e-07,0.8278691740444776,0.00013427858228947384,0.0012205315033689235,0.1707736212870775
3,logistic_regression,8332,6,6,0.0011303105003334652,1.4291916406261557e-06,0.0002559542487374066,0.06438427610631879,3.348633668130241e-05,0.24773609721919004,0.6864584463970984
3,logistic_regression,10865,3,3,4.8594016371062794e-11,2.520166601698046e-14,1.5049649804880667e-11,0.9988393211489798,2.7847646971414636e-06,1.705125773383226e-06,0.0011561888968810244
3,logistic_regression,7789,6,6,0.00017468051077640446,7.48319803257548e-09,1.1929912939705037e-05,0.28052754695238763,0.0012851746173592677,0.001810808082818571,0.7161898524405204
3,logistic_regression,10350,3,3,5.048487427249448e-13,1.5320843650737109e-16,7.376686459483499e-14,0.9998840224186122,9.996823685815524e-07,4.505044176578878e-08,0.00011493284799871433
3,logistic_regression,5665,4,4,6.666954840593288e-07,1.213604438473506e-10,2.018685084342506e-05,0.0004908550991601004,0.9589568840058593,2.3215337697554348e-08,0.04053138401195505
3,logistic_regression,1496,5,5,9.997077283779403e-05,6.299470543980892e-08,7.333481733922665e-07,0.0038050721414547278,2.4521874536023306e-08,0.9901300381178838,0.005964098103070353
3,logistic_regression,3757,1,1,2.152086336319824e-06,0.9999963195493037,1.528364359885824e-06,7.920573898472899e-45,8.670388456921024e-22,1.5353556255824658e-18,1.0645421312889519e-28
3,logistic_regression,4895,2,2,0.001161062851953106,0.00029816801813116337,0.9984780275139273,7.07225797976349e-14,4.891433035402506e-05,4.04948627173292e-10,1.382688061509832e-05
3,logistic_regression,1131,5,5,0.000719265301961997,5.151294178451751e-08,2.869771654555402e-07,0.022310054647322945,3.360342587745967e-07,0.9450529743583361,0.0319170311680129
3,logistic_regression,1226,5,5,2.342685784018185e-07,2.3108976293384528e-11,2.2802471328196946e-15,1.2611774928167204e-09,4.4156370409136436e-15,0.9999997627943046,1.6528238681383032e-09
3,logistic_regression,2486,0,0,0.8879834970005316,0.00025482510254773834,0.10183629452668387,1.1762745825699402e-08,0.0007912784216359016,0.000218668306271686,0.008915424879583154
3,logistic_regression,1772,5,5,0.00017809426249212716,2.6057661108903694e-07,8.419124330010561e-07,9.315616838659112e-05,2.2346680508036667e-09,0.9987997279931992,0.0009279168522100536
3,logistic_regression,9401,6,6,0.012117986627737214,4.5145890446582475e-06,0.008334090112275741,0.004579658694378128,0.0011709181704167844,0.00572846780233102,0.9680643640038165
3,logistic_regression,8606,6,6,0.0001486470018008222,1.9464557552858206e-08,0.0002101406975969068,0.030893851155340032,0.032062855346541096,0.00018770584897698158,0.9364967804851865
3,logistic_regression,7763,6,6,1.5522401579814945e-05,5.6058787061857824e-09,7.635926560032367e-05,0.19889867264262862,0.008903763382625062,5.768260738901841e-05,0.7920479940942985
3,logistic_regression,91,5,5,2.716625137955908e-08,2.0219047004499935e-11,4.530244486376707e-12,0.011238141663537558,1.000873349816806e-10,0.9887180950382274,4.373600714705439e-05
3,logistic_regression,5549,4,4,3.423796457304662e-07,5.3199781916768316e-11,5.21394940902663e-06,0.021785562613037133,0.7336894007351802,1.6157177908144224e-08,0.24451946411235018
3,logistic_regression,12751,3,3,4.663577300531482e-06,5.960387561166557e-10,1.1287408282039176e-07,0.9110990794757017,5.975520101839607e-06,0.019952242946227182,0.06893792501054703
3,logistic_regression,1691,5,5,3.0929367880071154e-05,1.1999033603858657e-07,1.861494710651372e-07,6.217305765522246e-05,7.848397132680921e-10,0.9995064310561781,0.0004001595936396122
3,logistic_regression,3113,0,0,0.9998768350386769,3.4944522214337057e-05,8.65611548190891e-05,7.878093806845816e-16,1.2055082729148309e-08,1.5580224496639796e-06,8.92067561509936e-08
3,logistic_regression,12118,3,3,1.3095338028859222e-07,5.744391574272014e-12,7.143840544263776e-09,0.9788315890669342,3.870326432525102e-05,8.423668499184688e-05,0.021045332880783384
3,logistic_regression,5892,4,4,4.5156496211614884e-06,1.0485753671132004e-09,0.0001741479475925797,4.9755246619861245e-05,0.9816338044129583,1.1908385877078128e-07,0.018137656610773944
3,logistic_regression,11132,3,3,1.6081774006659968e-10,1.8640387019111792e-13,4.3605889753978706e-11,0.9980579170581988,9.413539829164257e-07,4.456000774230058e-05,0.001896581375466028
3,logistic_regression,4854,2,2,0.0106784525715464,0.0006331573694962029,0.9886391925156655,2.31527051033518e-12,2.109131674309799e-05,1.46071652971485e-06,2.6645507703798826e-05
3,logistic_regression,4729,2,2,0.005965015685135629,0.00011048151776132539,0.9910023194836894,9.079283048485679e-13,0.0028655867362515942,1.1618982696612202e-09,5.659541435590285e-05
3,logistic_regression,5038,2,2,0.002936442387196591,0.00033163248488509404,0.9966847275170915,4.024448067293403e-14,4.2899595876270225e-05,3.341074736610559e-09,4.294673835655508e-06
3,logistic_regression,3170,0,0,0.9999569199992596,3.765943630814923e-05,3.5362214705573577e-06,1.8301856875896643e-17,3.021611005334481e-12,1.8832648347191792e-06,1.0751052539659304e-09
3,logistic_regression,5343,2,2,0.00013452791017179436,0.0002139250492821624,0.9996154420183162,2.7124917173662573e-16,3.587174656800416e-05,1.68473011739224e-11,2.3325881410633823e-07
3,logistic_regression,5275,2,2,0.002130927550308888,0.0007382008401857308,0.9971261130421879,1.0915370656221493e-15,4.406425561326878e-06,2.9561453964869244e-09,3.4918560966062484e-07
3,logistic_regression,11904,3,3,6.802034951288757e-09,2.071565872810093e-12,5.198541560083879e-10,0.9950472798166194,5.826417223700283e-07,0.00103350770336286,0.003918622514334694
3,logistic_regression,2775,0,0,0.9911528685472315,0.00016180412360220707,0.008567952284872286,1.8337568594868598e-11,3.1594960336133474e-07,9.090699653590035e-05,2.6152079817269442e-05
3,logistic_regression,10371,3,3,8.737015060757926e-12,1.6821051255166093e-16,1.6997442801522688e-14,0.9999506197222403,1.1424291519489891e-07,1.3662934856250611e-06,4.789973260481908e-05
3,logistic_regression,5689,4,4,7.600062082150225e-09,5.21631132500539e-12,3.136114741738998e-06,2.952778706810205e-05,0.997529760496823,3.7822312632287555e-10,0.0024375676178656027
3,logistic_regression,9764,6,6,0.005525343496428746,1.0976210770290907e-06,0.011298249750544649,0.0024083264956263413,0.048718050671893255,0.0011371339299650661,0.9309117980344649
3,logistic_regression,4857,2,2,0.22693197480776156,0.0012477280336299168,0.7715331779511407,1.312279567474612e-11,0.0001455940275335369,2.2997295072858458e-05,0.00011852787173861742
3,logistic_regression,4558,2,2,0.0007172046512847734,6.179059391949472e-05,0.9971196421988405,1.655367831490389e-11,0.001886911921605007,2.8627573145991825e-09,0.00021444775503919497
3,logistic_regression,6717,4,4,1.7250219720190334e-07,1.0133450766169699e-09,0.00048803346872683173,3.589976809437397e-08,0.9982650079680596,1.1891077394917945e-10,0.0012467490289923384
3,logistic_regression,10253,3,3,5.373055131081857e-13,7.547203406798409e-17,4.1988965595485754e-15,0.9999804896605401,1.902552050494964e-08,2.253498426387182e-06,1.723781497138952e-05
3,logistic_regression,4251,2,2,0.009415328922523229,6.976439280867515e-05,0.936742349629731,5.535939872952323e-10,0.05160379126285932,4.257502614546868e-07,0.0021683394882221394
3,logistic_regression,4206,2,2,2.91448143949241e-05,5.90124481087198e-06,0.9875828731059849,2.9399543662238295e-11,0.011916845928672573,8.813840769059241e-13,0.000465234875855786
3,logistic_regression,10736,3,3,3.5716978889640744e-11,2.169815913249208e-15,2.205508531571942e-12,0.9994998155427737,6.386671616168774e-06,3.5819637578344983e-07,0.0004934395513097748
3,logistic_regression,1029,5,5,5.389343007059804e-07,7.284662115412511e-10,1.3980289255397941e-10,6.598861762994964e-05,1.4416242731601276e-11,0.9999192240068852,1.4247558498979575e-05
3,logistic_regression,10846,3,3,1.032995046172067e-10,1.0315186451395393e-15,6.904856193160363e-13,0.9996591970494657,3.307443107305732e-06,6.324813047303958e-07,0.0003368629221311943
3,logistic_regression,1179,5,5,6.015348546801833e-06,4.62938321883936e-09,6.292459266928992e-09,0.0007722375621808465,6.178885946109765e-10,0.9988893093576616,0.0003324261918797276
3,logistic_regression,737,5,5,4.000892007889168e-05,9.224694958912614e-09,6.468061752768131e-08,0.06541143927167066,2.020985914884258e-07,0.914092371617234,0.02045590418711252
3,logistic_regression,5463,2,2,0.0013403229549090088,0.001248270080909091,0.9974036554991967,1.1844396713825666e-18,7.743581907234062e-06,1.8169693977468377e-11,7.864908012047305e-09
3,logistic_regression,4871,2,2,0.006506010917049869,0.0010605126109628315,0.9923941313973637,1.2060865285258058e-12,6.755131608411008e-06,8.428550524098787e-08,3.250565630399827e-05
3,logistic_regression,3921,2,4,0.012220393696126163,8.456021351850783e-07,0.014858159468842006,1.2799751965056027e-06,0.9464711791516306,3.3597570616365435e-05,0.02641454453545302
3,logistic_regression,12868,3,3,8.565735489893347e-06,8.667933579895795e-10,3.2841022883823137e-07,0.9101964960450794,8.442579836581769e-06,0.010038026635866143,0.07974813972670582
3,logistic_regression,1151,5,5,1.3109899052512513e-07,1.1768439309001625e-10,1.6278228202012505e-12,8.21373815970298e-07,1.7077822962773382e-13,0.9999988175390497,2.2986866066128597e-07
3,logistic_regression,9302,6,6,0.0008461321289580279,2.9075734029580156e-07,0.004533617449863758,0.0061859759935827775,0.03376746275137459,0.00019799206155827066,0.9544685288573224
3,logistic_regression,8007,6,6,0.00037514096812553014,2.3026872761675337e-08,8.675421829433399e-05,0.1533372495270337,0.004196594755588779,0.0023695935846030788,0.8396346439194817
3,logistic_regression,4539,2,2,0.05250206454163041,0.0012247030920086136,0.9460365028725284,6.200503787304126e-11,9.526355648824723e-06,1.944127660410016e-06,0.00022525894851825988
3,logistic_regression,9225,6,6,0.0017941306104435105,6.901176398491593e-07,0.0019548500687072813,0.01616157006688656,0.0017172016896914975,0.0062201241152520315,0.9721514333313793
3,logistic_regression,4663,2,2,0.02521150095762973,0.00161395155103215,0.9730401134942822,1.2576108335327518e-11,1.0783178727481142e-05,8.108617054037014e-06,0.00011554218869822256
3,logistic_regression,12016,3,3,1.1177454402868916e-08,4.3668968101515134e-13,7.07077962888214e-10,0.9927948461373255,2.295240171725145e-05,5.72348058216382e-05,0.007124954770166605
3,logistic_regression,5903,4,4,4.18780366703691e-06,5.982565808115094e-10,8.304404368845146e-05,0.00011118290839768313,0.9665895776771402,7.559450423894155e-08,0.033211931374345915
3,logistic_regression,1161,5,5,5.64849306008752e-06,6.659331981518067e-09,9.914577355200221e-09,0.0007601431716980999,1.0746431868763314e-09,0.9987690693781764,0.0004651213085128308
3,logistic_regression,13307,3,6,3.68380970155556e-05,6.277442269609228e-09,1.0014336875512348e-05,0.4807063051545297,0.0004040422132561717,0.004483505316079657,0.5143592886048011
3,logistic_regression,13364,3,3,9.038158538557644e-05,1.7499982001783466e-08,1.2788058972950899e-05,0.5357565433219637,8.723139292938208e-05,0.02614269763910337,0.4379103405016631
3,logistic_regression,8625,6,6,0.00013047166190639962,1.098712804866488e-07,0.0007130417555564574,0.008876206452461288,0.009306639682224848,0.0001761212623822012,0.9807974093141882
3,logistic_regression,830,5,5,4.984736945709889e-07,3.342687861345216e-10,3.8303771607574233e-11,7.163234633290858e-05,1.354732181814678e-11,0.9999168541096175,1.1014684235041801e-05
3,logistic_regression,4022,2,2,0.028289651629819536,7.0564207079103e-05,0.9423566600814339,8.878078501327759e-08,0.01259071715802725,3.4459953184085556e-06,0.016688872147536716
3,logistic_regression,2713,0,0,0.9949850952241198,0.0002544972258826164,0.004379811153831071,3.664813477527215e-11,2.007018424791834e-07,0.0003271128605761797,5.3282797099963036e-05
3,logistic_regression,3250,0,0,0.9982066836918028,0.0007863249185019027,0.001005860208907828,7.191527307758974e-17,4.0326559200940285e-10,1.1163003174943678e-06,1.4477204369490274e-08
3,logistic_regression,2280,0,0,0.9994661726598258,3.53498246056681e-06,1.8303173840940836e-05,3.899068758034728e-10,4.387390188332043e-08,0.00045956204062785346,5.2382879436293144e-05
3,logistic_regression,10487,3,3,2.5560192143546988e-08,3.1638819083714035e-15,2.2663864460571403e-14,0.9985198232557857,1.4659438599458506e-05,9.279423466827573e-05,0.001372697510728577
3,logistic_regression,6491,4,4,6.899082789423321e-07,2.0645794728497777e-09,0.0016132104904020223,5.803818597244473e-08,0.9943127265363793,6.237386869243036e-13,0.004073312961550553
3,logistic_regression,10996,3,3,9.411212803802094e-11,3.844504302768648e-14,5.53496700968073e-12,0.9995428253834734,9.419991216436945e-08,5.7911720600456145e-05,0.0003991685963286537
3,logistic_regression,11503,3,3,3.7977212150614104e-09,2.649556919768985e-13,5.737416970874186e-11,0.998107546064221,5.548198651214494e-07,0.0001586661863034186,0.0017332290742501355
3,logistic_regression,11887,3,3,2.038569032399908e-09,6.971889203262789e-13,1.5554426950875427e-09,0.9829083157078317,7.595227059834033e-05,9.019980924766237e-06,0.017006708445936238
3,logistic_regression,3955,2,2,0.004019682220927403,6.425771366308364e-05,0.8696146339797511,1.9661559583740333e-07,0.04866617244963139,5.918866176023351e-06,0.07762913815425534
3,logistic_regression,2604,0,0,0.9996389416093571,2.3706360866152715e-05,0.0001987500119281323,7.776718133170742e-12,3.100972268742877e-08,0.00012937109922987687,9.199901119564646e-06
3,logistic_regression,9463,6,6,0.08079978595102688,2.1910023501778012e-06,0.0013196386448937004,0.00327569701885647,0.0017025775943537319,0.01376472737489847,0.8991353824136205
3,logistic_regression,5511,4,4,2.2913463401530754e-12,4.983334467308414e-16,2.873751960656856e-10,0.0013382302768961277,0.9979563375181693,5.96500996865432e-13,0.0007054319146710957
3,logistic_regression,8131,6,6,5.0541071021642576e-05,9.81819376076406e-08,0.000264877090973051,0.03441869343493615,0.0011015401674890068,0.00026761459444120536,0.9638966354592015
3,logistic_regression,3989,2,2,0.019789588684776916,0.00013201478143575924,0.9378186756040482,8.135345767967109e-08,0.00917570399767814,8.612040179027484e-06,0.033075323538424274
3,logistic_regression,7673,6,6,3.88489657860916e-06,6.4742126165841074e-09,2.21113488444619e-05,0.3122713675249697,0.0009077050326839728,0.0008108618482431058,0.6859840628744676
3,logistic_regression,11677,3,3,6.057166095914293e-10,9.121647444436625e-14,1.6870185164856565e-10,0.9971464182521057,7.650162267948127e-06,9.881268253760052e-06,0.002836049542862907
3,logistic_regression,4423,2,2,0.07299394979847029,0.0003292282369821644,0.9236906402283058,1.1078790329264553e-10,0.0022054959563485685,1.722011259425295e-06,0.0007789636578460706
3,logistic_regression,9742,6,6,0.01270467587717499,6.957378348935314e-06,0.010631127775497209,0.0016184256161109745,0.0020630878978019716,0.009475709596243444,0.9635000158588224
3,logistic_regression,10074,3,3,1.9027512502077483e-14,1.1571081085114887e-18,7.727455073533106e-17,0.9999978539982598,1.0534745785416554e-08,9.358151494858366e-08,2.041885460324737e-06
3,logistic_regression,1382,5,5,2.8195949847194495e-06,3.7482119825692924e-09,1.2205932943008338e-09,3.335118244182646e-05,2.228323387585014e-11,0.9999396580521936,2.4166179291208496e-05
3,logistic_regression,7397,6,3,4.057691172598042e-07,4.699525106674091e-11,2.1165099129322712e-07,0.8820566370051129,0.000861123566275567,6.062953197882527e-05,0.11702099242952876
3,logistic_regression,3373,1,1,0.0013769943360092453,0.9821568440508013,0.01646616161165792,2.5305596885703872e-30,2.928915093083779e-14,1.5022049203902014e-12,3.01561027410776e-17
3,logistic_regression,6803,4,4,2.8661477520588486e-05,3.1833869867490674e-09,0.00031965406628425353,7.721731747082012e-08,0.9984629002745767,8.821773781915319e-09,0.0011886949591400542
3,logistic_regression,6498,4,4,4.783215225155463e-05,4.092294861471725e-08,0.005319896902324725,3.2543096659905438e-06,0.97184629058259,1.6582319600795206e-07,0.022782519307023137
3,logistic_regression,7527,6,3,4.149141164711273e-05,2.266645279925731e-09,3.629735786007084e-06,0.6167332254557115,0.000488777186054192,0.0012896563249660674,0.3814432176191898
3,logistic_regression,7805,6,6,0.00017624766679042784,2.5052435280577716e-07,6.836298700996666e-05,0.21735641246842377,4.965086273362185e-05,0.06445760283983892,0.7178914726508505
3,logistic_regression,6774,4,4,0.0008707046548043706,4.5515518316566006e-07,0.02239453286221699,8.926810748327718e-07,0.9269073376661168,1.5620916328810722e-07,0.049825920771440775
3,logistic_regression,8757,6,6,0.002388538116080649,2.0248903515292852e-07,0.0007116128215612306,0.04209682618001814,0.0031674390776089585,0.004274059801790939,0.947361321513905
3,logistic_regression,10696,3,3,2.822811380617458e-11,5.109796017202543e-15,1.483354672872581e-12,0.9997266600925859,3.8966247334075715e-07,4.0145715558592945e-06,0.00026893564366818953
3,logistic_regression,6241,4,4,1.9797043980929543e-07,1.1161327890815436e-10,3.421360540471413e-05,5.089860514780141e-07,0.9982175799750616,5.626728960207352e-10,0.00174749878875619
3,logistic_regression,13113,3,3,6.691067344067919e-06,8.611609232041843e-10,2.9315329627999855e-06,0.7092015085960032,0.0005656618366267724,0.0006161102711936368,0.28960709583470856
3,logistic_regression,7957,6,6,0.00011749110350333237,5.145768542749612e-08,0.00013557231229887492,0.12446361623621123,0.0009557858452115753,0.0013014233199690453,0.8730260597251205
3,logistic_regression,11917,3,3,1.6232736406724183e-08,8.515572724002192e-12,4.1159765753314205e-09,0.9781643601381084,1.1998449704792672e-05,0.0001747259924329676,0.021648895062525254
3,logistic_regression,8876,6,6,0.0013482859616654396,8.049815982830498e-07,0.0013545961818341263,0.021359584857401356,0.0007775381472083651,0.014430105989119363,0.9607290838811731
3,logistic_regression,5928,4,4,2.7629333907780663e-07,5.346256972469154e-12,7.586658067579061e-07,2.0726229929213747e-06,0.9995573622443074,5.455579695801151e-09,0.0004395247126279121
3,logistic_regression,1674,5,5,9.10168683291789e-06,3.0693902756971877e-08,1.3773376646513017e-08,9.649514305963606e-06,4.564342458636296e-11,0.9999410794490928,4.0124836845496786e-05
3,logistic_regression,1376,5,5,2.415186977166253e-06,3.6092657782332958e-09,1.065123059071853e-09,2.6450835683425776e-05,1.9075296465478453e-11,0.9999506064321314,2.0522851743865505e-05
3,logistic_regression,9708,6,6,0.021054187084853522,6.502719948953693e-06,0.014342977484002508,0.002666882076855197,0.0020349466901794836,0.005355777106086008,0.9545387268380743
3,logistic_regression,466,5,5,4.854899758791519e-07,2.3618671859725627e-10,9.96732844640418e-11,0.0023856037393111883,3.7400581970965394e-10,0.997476767170265,0.0001371428905820133
3,logistic_regression,910,5,5,9.150266139995114e-09,3.1351941904439524e-11,2.631889261469678e-13,6.702849177826473e-07,5.704807609149269e-14,0.9999992478423352,7.269080860227888e-08
3,logistic_regression,13165,3,3,2.823274439050659e-05,7.115672875882502e-09,5.513175502703979e-06,0.5611265092079216,0.0001374995554080442,0.005700327322744151,0.4330019108783602
3,logistic_regression,7935,6,6,0.004478210899357277,6.178975879621826e-08,2.4209462515032897e-05,0.10890040245228173,0.0006872675287870355,0.020407795666235767,0.8655020522010644
3,logistic_regression,3755,1,1,4.0016217337620476e-07,0.9999884904048228,1.1109433003746973e-05,3.392804637962637e-44,3.690614557941054e-20,6.500030320825929e-19,6.008784334351826e-28
3,logistic_regression,2910,0,0,0.9329581027059887,0.00044377471845659556,0.06646109079140232,1.413118424610682e-11,1.6347865283401375e-05,3.05004457593947e-05,9.018345897828374e-05
3,logistic_regression,6960,4,4,0.00041311140025156304,1.2646243036320551e-07,0.0063135883970594515,1.4275110499579182e-07,0.9883691496261477,8.358058333520897e-07,0.004903045557172411
3,logistic_regression,3352,1,1,0.00601107472136176,0.9165130347178384,0.07747589052268326,2.2763200124000572e-27,9.520130913435669e-13,3.715955967354743e-11,4.9495460189336345e-15
3,logistic_regression,5255,2,2,0.002464946890727339,0.000217400891049059,0.9966698734710462,3.8344485877494293e-16,0.00064694039291009,4.522881133322813e-12,8.383497440653082e-07
3,logistic_regression,1462,5,5,0.00029180592502440973,1.3376002392877528e-07,9.719727218020172e-06,0.06095168389697077,2.2228278597021764e-06,0.8249385098572654,0.11380592400563778
3,logistic_regression,6820,4,4,4.1441839861280496e-06,4.985830475374534e-09,0.0012089969925907437,1.7268906922624567e-08,0.9976804326925052,3.1794327644017056e-10,0.0011064035582373172
3,logistic_regression,3564,1,1,5.4596396111380266e-06,0.9996323451325331,0.0003621952278558326,7.654823376689839e-39,4.559890361527985e-18,3.586574181522997e-17,1.3610681116367435e-23
3,logistic_regression,11522,3,3,3.3617557700197524e-09,9.843355496112317e-13,2.2213953560325847e-10,0.9967011728541668,7.852037625330825e-07,0.00024144660687536464,0.0030565917503156763
3,logistic_regression,1596,5,5,0.0005724056680575921,4.7582280746211434e-07,1.0197090191022349e-05,0.005881947208529277,2.157678725577339e-07,0.9635171729588853,0.030017585483656725
3,logistic_regression,891,5,5,0.0002507331203272914,3.467680440935208e-08,2.201041937770707e-06,0.3579613569886278,6.494964986652129e-06,0.44243573431282696,0.1993434448944891
3,logistic_regression,2666,0,0,0.9474727002283426,0.0002860413898658326,0.05189780535254438,1.167191185845481e-10,1.4324298944226726e-05,1.4734504457790285e-05,0.00031439410912604995
3,logistic_regression,3362,1,1,0.02414102552425713,0.9755747894812167,0.0002841843964521688,9.631317967213698e-30,2.3638588103776556e-17,5.980739792836699e-10,7.206694405232108e-18
3,logistic_regression,3131,0,0,0.9910874413726254,0.00013876276543036645,0.008769726065068787,8.95741700267708e-15,2.5235192029173672e-06,6.896685868524891e-07,8.566090766960961e-07
3,logistic_regression,8920,6,6,0.002118247278243454,1.779574212766684e-07,0.0004866360239096343,0.02720405041440895,0.004103186560666501,0.006602427881286392,0.9594852738840638
3,logistic_regression,7414,6,3,4.06549020343091e-07,5.230105671574369e-11,2.1294966741020452e-07,0.8186493178572397,0.0013807549499266795,6.705480368410626e-05,0.17990225283816072
3,logistic_regression,4970,2,2,0.003305853564855906,0.00014249196636085163,0.9762255867996986,9.831203596333129e-13,0.020266753119099874,3.589785762039504e-08,5.927865114395604e-05
3,logistic_regression,768,5,5,1.474296631792662e-06,2.6974576673166167e-09,9.403302349348408e-09,0.012274336383572981,6.01744852984066e-09,0.9859661446206542,0.001758026580932359
3,logistic_regression,3720,1,1,3.556459732058466e-06,0.9999813163675996,1.5127172668344317e-05,1.4481326277578604e-43,6.554106404075238e-20,7.66875474270394e-20,3.2056033514941364e-27
3,logistic_regression,12452,3,3,5.167814883279173e-07,3.6307636989602515e-11,4.515170226616387e-08,0.9300720057232761,0.00010738252886489667,0.0002015413434638517,0.06961850843489703
3,logistic_regression,6115,4,4,3.9705144520464626e-05,1.2785609198814449e-08,0.0011315490213445847,3.2995793930347875e-05,0.940468194195008,4.932647920046828e-07,0.05832704979479544
3,logistic_regression,2148,0,0,0.8512348353055454,2.2468489935965e-05,0.026103243516194814,3.6364965164646644e-06,0.007677213105926044,0.000596870115691152,0.11436173297019012
3,logistic_regression,9222,6,6,0.005078053855882854,2.5643581665428503e-06,0.0030539153203499535,0.010097677997474953,0.000575450283395981,0.01668360935480286,0.9645087288299269
3,logistic_regression,8074,6,6,0.004066768502633008,4.0803776826905466e-07,5.06978127111405e-05,0.11259843963282251,3.2255953155778286e-05,0.3538249056931691,0.5294265243677403
3,logistic_regression,5361,2,2,0.000781776965155356,0.0016414417126481549,0.9975760572219264,7.167739939457205e-17,6.309129727055871e-07,9.590163182587978e-10,9.222828085418476e-08
3,logistic_regression,4822,2,2,0.00036507774426705895,6.324265121564612e-05,0.9983445194166629,7.346594361450784e-13,0.0011995089799395184,1.5865484996030557e-09,2.764962063179693e-05
3,logistic_regression,10485,3,3,2.3689139280426944e-10,3.3622163159131415e-14,1.1896038119974282e-13,0.9986092364827007,1.2010686346609259e-08,0.0012643935457376044,0.0001263577238311095
3,logistic_regression,8099,6,6,0.00032855066992323157,1.152811147812741e-08,0.00012264510402629892,0.11283077494601577,0.03155795326454364,0.0002814618932003127,0.8548786025941791
3,logistic_regression,665,5,5,1.8731280597292366e-06,1.2126454952464772e-10,1.7824497641680893e-12,1.7613849375167906e-05,1.1360989300735473e-11,0.9999761121922738,4.400695883326441e-06
3,logistic_regression,8470,6,6,0.00018231012599928445,1.1657502318013987e-07,0.0012439048562009696,0.06115665408677007,0.00278550832940627,0.0001902277549723116,0.9344412782716279
3,logistic_regression,2019,5,5,0.3908227808637201,0.0003763833177578149,0.04254496139293604,6.935788870886571e-05,1.0768750335848317e-05,0.4528683170280135,0.11330743075852795
3,logistic_regression,4355,2,2,0.0007939694869124378,6.06475611090945e-05,0.9961014995979611,4.822489145088505e-11,0.00261317245287873,1.7946120221814526e-08,0.00043069290679334185
3,logistic_regression,270,5,5,8.795379256299535e-08,4.772554830094369e-11,8.40166105152235e-12,0.0015013138012246418,3.6353046933842925e-11,0.9984761839668075,2.2414185695075703e-05
3,logistic_regression,11906,3,3,9.807668309988854e-08,2.20126378176843e-11,9.78073865981882e-10,0.9823523076154398,1.2632713249819348e-07,0.013204845932352938,0.004442621048305094
3,logistic_regression,3891,2,4,3.047352464293345e-05,1.185878840410711e-07,0.04081433551499548,4.991918590786084e-07,0.940886896861124,1.0491169585619985e-09,0.018267675270377447
3,logistic_regression,3920,2,2,0.008384717797579239,5.866277922499117e-05,0.8058926429186655,1.4319686154482706e-06,0.044341659249695,3.5609878106135e-05,0.14128527540811367
3,logistic_regression,5726,4,4,1.4962209578009937e-12,6.301317202135744e-15,1.3011946718197542e-07,2.616045455075249e-09,0.9999916614951345,5.530661209639729e-20,8.205767850301432e-06
3,logistic_regression,5120,2,2,0.02105314312042201,0.003578005596542646,0.9753656345932629,7.670331377905516e-14,2.3058785039185593e-07,1.4683403343217208e-07,2.8392678118900723e-06
3,logistic_regression,6835,4,4,1.2342884389380547e-06,6.612284760188022e-10,0.00011723690833616333,5.827412146334805e-09,0.9997201141691892,1.9119646959871727e-09,0.0001614062334305525
3,logistic_regression,1216,5,5,5.801940764340416e-06,3.6499905281730395e-10,5.761031923058797e-13,1.3180170143501042e-07,2.2635650296419613e-12,0.9999935794700929,4.864196025729663e-07
3,logistic_regression,995,5,5,8.801159719033988e-06,1.8408736427189594e-09,1.1135195370045897e-09,0.0006484578166702928,1.3837555063215558e-09,0.9989838673007096,0.00035886938475244913
3,logistic_regression,2364,0,0,0.9797957947277041,0.0002584689973225872,0.015805330196357725,1.1981918810386741e-08,2.0223597424132417e-06,0.0024519891861333634,0.0016863825508209944
3,logistic_regression,11419,3,3,6.967826014279303e-09,6.51961210641191e-13,4.513166264970465e-11,0.9977068787543675,1.293228025275221e-07,0.000995200776871119,0.001297784132349326
3,logistic_regression,6830,4,4,5.415964244360505e-05,2.4086335163873792e-08,0.0015877304443713295,1.2276349000276125e-07,0.9931317730811782,6.852277813049051e-08,0.005226121459403552
3,logistic_regression,5601,4,4,3.4428446408581477e-06,3.3174189207288735e-10,2.422621247915669e-05,0.05185234852271466,0.6019313604482799,2.1555985442364873e-06,0.3461864660415993
3,logistic_regression,11673,3,3,1.1133331195308192e-06,1.1738289540167513e-11,2.557256850178348e-10,0.9797106708906974,1.8320484368854846e-06,0.00881123530786815,0.011475148152414039
3,logistic_regression,714,5,5,2.6919962855974195e-07,6.482956422684551e-10,3.678649417542489e-10,0.0011404567522448825,2.3712089294655087e-10,0.9987400278330597,0.00011924496178547021
3,logistic_regression,11748,3,3,2.4412188635379264e-08,4.5403593077910257e-13,1.5450291142041213e-10,0.9942878396310175,6.35320874523418e-06,0.00015359585693854795,0.005552186736153228
3,logistic_regression,6595,4,4,1.311392542215977e-06,8.611411218503776e-08,0.0373143753660087,5.5674276813628246e-08,0.9149075312142065,1.0632478176197279e-12,0.04777664023779016
3,logistic_regression,10258,3,3,2.49382474427947e-13,7.611222356047486e-17,2.7141173254129043e-14,0.9999598037799606,2.827435179596743e-07,1.6117435704010548e-07,3.975230188749977e-05
3,logistic_regression,7064,4,2,0.019899441705619098,2.257693401959007e-05,0.5487651844709772,8.311527617136129e-07,0.36947988812326626,2.8334380893929712e-05,0.06180374323246221
3,logistic_regression,3548,1,1,4.359383112087161e-05,0.9997261077507078,0.00023029841817144995,4.0843182328273936e-38,2.5917134325227963e-18,1.0188955489192899e-16,2.321418780245132e-23
3,logistic_regression,9341,6,6,0.0007593090181532527,1.9962517145694908e-07,0.004845326778005484,0.0035018544164310012,0.09337325990160876,3.2759233546933904e-05,0.8974872910270831
3,logistic_regression,13145,3,3,5.720406038838914e-06,1.8141196694017159e-09,1.0061150126233528e-05,0.5336483367875394,0.0017639618349836145,0.0004776561055046298,0.46409426190168757
3,logistic_regression,10080,3,3,2.1093290059612198e-14,1.7195398085166265e-18,1.6710410152605864e-16,0.999993264963047,1.069272878066016e-07,3.935062789743266e-08,6.588759015958027e-06
3,logistic_regression,10183,3,3,2.202620191328143e-14,3.035802926908165e-18,4.948903774546793e-15,0.9999694272812115,4.823371722361334e-06,2.3607053440514088e-09,2.5746986333579553e-05
3,logistic_regression,4290,2,2,0.16375325954612224,0.00045884597789919303,0.8326762339647162,9.393809794808864e-10,0.001132757711106752,2.369723902086755e-05,0.00195520462175367
3,logistic_regression,5640,4,4,8.382368943270653e-10,4.589775105065726e-13,3.495030610722433e-07,1.067440516684346e-05,0.999055890149151,1.0901022797000162e-11,0.0009330850930241618
3,logistic_regression,10880,3,3,2.5043399860240733e-11,2.2493115170347282e-15,1.1479378845897894e-12,0.9997605455690997,4.540320844204957e-07,3.3028841194568835e-06,0.00023569748850271516
3,logistic_regression,5098,2,2,0.0040951991731746325,0.0001679869129097425,0.9912021151512411,5.3003172187994886e-14,0.004524162809216637,9.613721794708953e-10,1.0534992032575447e-05
3,logistic_regression,1659,5,5,0.0025100298629989206,7.562064119395152e-07,3.5113833855919095e-05,0.011763390588922163,1.2081799856811753e-06,0.902322531207068,0.0833669701207574
3,logistic_regression,5332,2,2,0.03618949079448731,0.006950909169986316,0.956857881063338,2.2503745641837367e-15,8.575748200911359e-07,1.922403270243217e-07,6.691570389598472e-07
3,logistic_regression,1356,5,5,0.0003106428207527514,2.881789288097087e-08,3.6164407498084105e-08,0.0006846982097272293,8.361807041298916e-09,0.9971650278479208,0.001839557777491727
3,logistic_regression,10492,3,3,1.44967422396001e-12,1.5717624804475106e-16,8.498096880485845e-14,0.9999066619541583,6.086539340129608e-07,1.8238754199743162e-07,9.254700283090373e-05
3,logistic_regression,2064,0,5,0.04600559250019325,2.533043516746169e-06,4.1243607992759766e-07,4.0603561502476447e-07,9.94712751970147e-10,0.9538028531983281,0.0001882017915540174
3,logistic_regression,10082,3,3,2.178708370715951e-13,3.811849354478046e-18,7.045763012618064e-17,0.9999959137965913,8.403161595487835e-09,8.846375742141473e-07,3.1931624550011516e-06
3,logistic_regression,157,5,5,5.89589499684948e-07,2.176986774036844e-10,7.398031851145452e-10,0.25909314066641576,1.403675192828381e-08,0.7383198514126912,0.0025864033371397507
3,logistic_regression,5230,2,2,0.0018242319417281427,0.0003095068440966077,0.9976639053885091,1.105911809198179e-14,0.00020003925997344867,1.5784471760156277e-09,2.3149872344807394e-06
3,logistic_regression,2411,0,0,0.999952025938111,8.860854509174691e-07,6.011643639243532e-06,9.152349580112116e-12,8.631921220784322e-08,3.291613386741507e-05,8.073870566767174e-06
3,logistic_regression,9356,6,6,0.001038176734767633,2.2999788849290225e-07,0.002682512565518636,0.010368552282982517,0.02264820581962911,0.0005049063763473483,0.9627574162228663
3,logistic_regression,10656,3,3,4.928473589791693e-10,5.852213054725384e-15,9.5674004127875e-13,0.9994798596972493,1.854589888675985e-06,3.4975411826699362e-06,0.0005147876778693648
3,logistic_regression,6614,4,4,0.0005517081167809524,2.092467305226859e-07,0.01335117228732452,1.3390560100029852e-05,0.9127401297976899,2.3758503318803437e-06,0.07334101414104219
3,logistic_regression,11874,3,3,1.630236429193776e-08,6.673390362220377e-13,9.649575139294512e-10,0.9933812903536787,1.5715215458823395e-05,2.809477848973711e-05,0.006574882384383252
3,logistic_regression,783,5,5,6.6448641036813e-07,8.863182075200638e-10,9.50125076338548e-10,0.002122965185151318,3.4893257538212895e-10,0.9976741585353531,0.00020220960770944742
3,logistic_regression,13101,3,3,1.2108001884971039e-05,1.6282336825751054e-09,1.4637439732234829e-06,0.7616984837853803,9.075093693050257e-05,0.006934216865680378,0.23126297503791698
3,logistic_regression,3651,1,1,1.0434666164948177e-06,0.999931188186371,6.776834701244866e-05,3.0965247775337544e-41,1.8720442017621723e-19,6.620092692423553e-18,1.3865025702836075e-25
3,logistic_regression,11280,3,3,1.0346025311629577e-09,2.2127705284165692e-13,2.2273138390909573e-11,0.9986209460068428,1.9112635733027727e-07,0.00028525311302420985,0.0010936086966785768
3,logistic_regression,11988,3,3,3.040529560898298e-07,1.5407712752802912e-10,7.935679744944771e-10,0.8158432046497208,1.0675379146875036e-07,0.17646381505838712,0.007692568537499348
3,logistic_regression,810,5,5,7.200395462723486e-08,6.902507991267973e-11,6.54193553462802e-13,2.0998361110074094e-06,2.185132455095081e-13,0.9999975767902824,2.512997541474294e-07
3,logistic_regression,1986,5,5,0.013423745438217918,3.002380619490713e-05,0.0006811153982560622,8.300045665576115e-05,1.4735117614755667e-07,0.9700001756969263,0.015781791852573075
3,logistic_regression,6457,4,6,2.3158171368968414e-05,2.409602479827971e-06,0.22359329871801367,3.4577812865341223e-06,0.2627316108168822,4.01244180608421e-09,0.5136460608975271
3,logistic_regression,729,5,5,4.3736429313493314e-07,3.003460676408678e-10,3.904321771872646e-11,0.00016616826696085507,3.287843532824426e-11,0.9998129138346602,2.0480161818130107e-05
3,logistic_regression,627,5,5,1.0596665522846408e-06,2.8680511549463743e-10,6.641421214424941e-11,0.0006239702611630127,8.790329496020144e-11,0.9993241591371775,5.081049398447001e-05
3,logistic_regression,4455,2,2,0.028478882145244803,0.00010714405536199646,0.9685616551733413,1.7650436876021403e-11,0.0026001394950137483,2.5416862678079568e-09,0.00025217657170133526
3,logistic_regression,11591,3,3,3.1627690248294266e-09,2.700504869791646e-13,1.0699445498614297e-10,0.9974804708986846,1.3639920581869734e-06,0.00011064432967080755,0.002407517509552852
3,logistic_regression,3456,1,1,0.0001783813032359037,0.9995000194245753,0.00032159927217163673,1.7471030729726047e-35,4.710048328451321e-18,1.6992616383796527e-14,1.735720937347165e-21
3,logistic_regression,10394,3,3,2.9417664352095965e-12,1.6921863985513323e-16,2.221872871487857e-14,0.9999540787944647,8.588658854905617e-08,1.4393186183804825e-06,4.439599736408033e-05
3,logistic_regression,10446,3,3,3.7333603107505675e-12,6.366615099873979e-16,5.6270237969559705e-14,0.9999442542697846,3.2254269314078184e-08,6.430867257082878e-06,4.928260489881388e-05
3,logistic_regression,10155,3,3,7.691008179895834e-15,2.1256518829993467e-19,4.566937234078629e-16,0.9999855460651411,7.11468628565561e-06,1.1151635508702653e-09,7.33813340140419e-06
3,logistic_regression,7568,6,3,7.679112849845677e-05,2.4720219069484124e-09,1.4747786770853446e-06,0.6059655279526965,0.00023671392052188565,0.005864598715724832,0.3878548910318594
3,logistic_regression,4595,2,2,0.0005053438784831817,0.00011843043414108375,0.9990878274951299,8.313792420539975e-12,0.00019900649841998933,5.1372497557418825e-08,8.934031301442252e-05
3,logistic_regression,11352,3,3,3.35225692424868e-08,9.605288154212825e-13,3.2220616805996304e-11,0.9969576335980053,1.8357327475679518e-07,0.0012697386397231899,0.0017724106332465044
3,logistic_regression,11324,3,3,1.960095061315638e-09,6.760699332431499e-14,6.375180255434688e-11,0.9979313249057239,8.099274736277598e-06,1.1033412016731204e-05,0.002049540383608695
3,logistic_regression,2867,0,0,0.9935144991648868,0.0002194610961190703,0.006162556951471623,5.128922418918129e-12,5.940688315169004e-07,7.868597897857287e-05,2.4202734583405947e-05
3,logistic_regression,9503,6,6,0.000628628656817832,7.324822128309124e-07,0.010342261669208071,0.005849765339833656,0.013983136183714545,0.000645743280483629,0.9685497323877296
3,logistic_regression,5477,2,2,0.00020359043888541254,0.001378046130442974,0.9984173665247497,1.3317067428766912e-19,9.956491002190792e-07,1.706696986468751e-11,1.2397546987869227e-09
3,logistic_regression,5974,4,4,2.5945958141857217e-07,5.656619166124619e-10,0.00030627923531742875,3.600912481159851e-06,0.9782392017094416,1.4315125323249949e-11,0.021450658103201275
3,logistic_regression,3855,1,1,2.8782807627518e-09,0.999999967832997,2.9288722012905522e-08,2.332981442694991e-53,4.024898658781867e-24,8.135053078639606e-24,7.901539174991154e-35
3,logistic_regression,9924,6,6,0.14647804706615897,3.6024760257517354e-05,0.042864246539137,0.00042265418519257277,0.0028178134361059853,0.022867146562848543,0.7845140674502993
3,logistic_regression,2858,0,0,0.9663293493598681,0.00013421623898745804,0.03343644430913606,8.043667780258258e-12,3.7197240528516006e-05,9.227036458847207e-06,5.35658069771627e-05
3,logistic_regression,6638,4,4,2.308278028057265e-05,2.708056629215003e-10,1.8639119186957232e-05,1.0049081236459878e-07,0.9995990059313763,1.5134736570646806e-08,0.00035915627280142345
3,logistic_regression,3430,1,1,0.00011989799979466929,0.9959736731004374,0.003906428899761494,3.2533462415098544e-34,9.319998380204429e-16,5.675281377954408e-15,5.546456121048671e-20
3,logistic_regression,3247,0,0,0.999931313597896,1.3522741344280391e-05,5.511972289869336e-05,2.9518733247940653e-18,1.2621749191685218e-08,2.8752150693597343e-08,2.5639610686358364e-09
3,logistic_regression,12375,3,3,1.888068794724253e-07,1.1375598984400145e-11,1.886873214660469e-08,0.9708201186641369,4.3151512220413485e-05,0.00013095529938079862,0.02900556683727488
3,logistic_regression,6109,4,4,1.5941484735103238e-05,5.466052159985705e-10,4.565919554782226e-05,1.1106655125156115e-05,0.9924710502139288,1.3304255476165312e-07,0.007456108861503053
3,logistic_regression,7123,4,4,0.0005609446778817538,2.1344570796921005e-08,0.00044183547669946643,9.845733657969836e-11,0.9987909812526266,7.62995538494728e-10,0.00020621638676862318
3,logistic_regression,10902,3,3,1.1043640867940354e-09,1.0544613903195947e-13,7.162084901255168e-12,0.9990106044380744,3.5057943015012823e-07,5.3459783550299396e-05,0.000935584087313637
3,logistic_regression,1353,5,5,0.0010521831897506624,1.5772516276193202e-07,6.343956823546421e-06,0.07451847493432592,1.1306416407916625e-06,0.8296776919653576,0.09474401758693873
3,logistic_regression,8720,6,6,0.00042383838242368495,9.374665757281651e-08,0.0012808392323168385,0.0324235515274771,0.01469649870061949,0.00025244659470112377,0.9509227318158041
3,logistic_regression,261,5,5,6.3198761950399975e-09,8.360761332663064e-12,2.0416066006347492e-13,7.069675690870473e-05,7.43713018445599e-13,0.9999285998726406,6.97041265854109e-07
3,logistic_regression,4959,2,2,0.000687771710704652,0.0001271662517771614,0.998666852748417,9.332934138995114e-14,0.0004999908849928081,5.361163792205209e-11,1.8218350403094904e-05
3,logistic_regression,9239,6,6,0.3366321932291375,9.914751131445957e-07,0.00016535381475259143,0.0015013655718343346,0.0015131831243067337,0.020519940837518885,0.6396669719473369
3,logistic_regression,4330,2,2,0.008041479221355277,0.00010581227989594692,0.9881855277034155,5.1616723170577774e-11,0.0030104915178422046,8.05161010210272e-09,0.0006566811742645981
3,logistic_regression,2114,0,6,0.3867127067204147,1.5632955768004598e-05,0.030525734036354515,0.0003294042339232674,0.010703085443098042,0.012476067538389994,0.5592373690720516
3,logistic_regression,7526,6,3,2.5576008914542295e-05,1.772501331302068e-09,4.674128189306983e-06,0.5054855022888639,0.0016575296108945973,0.0005259460588765008,0.4923007701317598
3,logistic_regression,9220,6,6,0.0010737413549366155,3.9130772712813733e-07,0.0028958690212283235,0.0050863534274649385,0.009895168534876137,0.00015603488405711597,0.9808924414697097
3,logistic_regression,11088,3,3,6.934806756871291e-10,3.759254155112734e-14,4.4716096386726295e-12,0.9994740127206454,1.238606687807007e-07,6.751984290122843e-05,0.00045834287779474177
3,logistic_regression,5985,4,4,1.1274683258117324e-07,3.698259414343116e-12,5.148587597013864e-07,1.290235341939404e-06,0.9995208814989783,4.0319269807849724e-09,0.0004771966244623158
3,logistic_regression,7701,6,6,8.135764964496501e-05,4.349991276555959e-09,1.760760095412631e-05,0.318803420974379,0.004602614587118517,0.0009195816980688936,0.6755754131398432
3,logistic_regression,6256,4,4,9.311057555846257e-07,2.4585156421293346e-11,3.1946740814734008e-06,9.262084259365471e-07,0.9996090811566917,2.318263622331353e-08,0.00038584364782390685
3,logistic_regression,12243,3,3,2.2825381836921845e-08,3.962892159029382e-12,4.334629914762075e-09,0.9881531982356886,7.1291176781257e-06,0.00024161335823572668,0.011598032124422848
3,logistic_regression,7202,4,2,6.1294158407070624e-06,9.683729893835269e-07,0.6541729485520082,2.1747499449768374e-10,0.3419349750628473,5.713903871173601e-15,0.003884978378833704
3,logistic_regression,6911,4,4,4.9153021662048594e-05,2.988405457331432e-09,0.00014624331779319421,2.928363893060852e-08,0.9991952106143793,7.866169630649958e-08,0.0006092821124247244
3,logistic_regression,13197,3,6,2.3370173278372047e-05,1.7819634027339444e-09,3.0010038055079884e-06,0.15020194885078508,0.005819498484095887,0.0001989470152835313,0.8437532326907882
3,logistic_regression,3387,1,1,0.0011941885313505821,0.9774213821190847,0.021384429348717555,5.665157319976468e-31,3.545738698497591e-14,8.117537021017752e-13,9.018133992338558e-18
3,logistic_regression,6949,4,4,1.82992827874995e-05,3.5659887342546646e-09,0.0003078825218403633,9.534985236888784e-10,0.999450337077624,4.128051113665687e-10,0.00022347618545589333
3,logistic_regression,8207,6,6,9.732731991742423e-05,2.1620081441780575e-09,3.279289000373413e-05,0.09359814586877913,0.14387003964376893,0.00011617812658098212,0.7622855139889416
3,logistic_regression,3138,0,0,0.9872868971717044,0.0008726935736160725,0.011836692120529459,1.1694147542446933e-14,2.517789659190357e-08,3.0967797411535703e-06,5.951765008198681e-07
3,logistic_regression,1075,5,5,3.7766490046861253e-06,4.97954559057999e-09,2.9662279296397443e-09,0.0004050368332026083,3.7041887623300225e-10,0.9993915174353822,0.0001996607662181761
3,logistic_regression,10410,3,3,3.641516775894693e-12,1.799842223639599e-17,3.0513733676604355e-14,0.9999169406666717,1.1939776444171641e-05,5.545133620368648e-09,7.111400807844716e-05
3,logistic_regression,3996,2,2,0.1609795120044824,0.00019777023575331436,0.7946894754244,3.533763789027224e-08,0.009425694309726009,9.306260607299682e-07,0.034706582061939606
3,logistic_regression,4507,2,2,0.023975985728649278,0.0003312370990533669,0.9753894780206688,3.502145517649385e-11,0.00011996341344173761,4.243812499772916e-07,0.00018291132191574255
3,logistic_regression,11831,3,3,3.5376017469804194e-09,1.0069940543546389e-12,7.044754566706115e-09,0.964746939885199,0.0009970842468472387,1.0463608432325895e-06,0.0342549189237471
3,logistic_regression,12271,3,3,9.874072698630716e-08,1.450288924373113e-11,1.3941094721210702e-08,0.9592305232170205,3.9815189145241784e-05,8.896173189960065e-05,0.04064058716561009
3,logistic_regression,3109,0,0,0.9988316381041238,0.0008345929506670052,0.000309040940022346,1.0016508333294086e-15,8.376371919133274e-11,2.4681124097597635e-05,4.6797324334193894e-08
3,logistic_regression,1810,5,5,0.0014515433645329876,1.301470924549292e-06,7.851297615224437e-05,0.005762757178312956,6.695359912120567e-07,0.9348691576709859,0.05783605780310027
3,logistic_regression,11143,3,3,2.1895519331816166e-10,5.4261679624259405e-15,2.8545447488375627e-11,0.9975450842643607,0.00034462462507990654,1.7692793856390445e-07,0.002110113935114713
3,logistic_regression,5041,2,2,0.09494180484652195,0.001828194548715035,0.9027705512256246,7.525999088978522e-13,0.00039580344169138455,2.4090064164108496e-06,6.123693027814154e-05
3,logistic_regression,6025,4,4,5.90528203756485e-05,1.533214765733523e-09,0.00011795104749361144,3.6796518451955986e-05,0.9849487616629353,4.1199014080125585e-07,0.01483702442738793
3,logistic_regression,8897,6,6,0.00397258461130432,1.072122741224179e-06,0.0007406197233208991,0.03975600398245391,0.00021413254631367698,0.030415299191213278,0.9249002878226528
3,logistic_regression,11261,3,3,1.5134821041038727e-10,1.6969013158788045e-14,8.727380488912505e-11,0.9977836949514862,6.142827883542514e-05,3.0658994913770677e-07,0.002154569941090197
3,logistic_regression,7852,6,6,0.00020277396291844523,2.407501465487455e-08,3.135328092006219e-05,0.35420050825221455,0.0003352073716138937,0.00892169393291426,0.636308439124404
3,logistic_regression,2982,0,0,0.9911674624545161,0.0008089189068853855,0.007917980001388061,5.831425082253783e-13,2.4300089005571162e-08,0.00010141237849654124,4.201958041571062e-06
3,logistic_regression,3614,1,1,3.702026252531217e-06,0.9999840242286095,1.2273745137951357e-05,4.842088019573025e-41,1.1185588319350612e-20,1.3155993698644486e-17,1.6408470531554805e-25
3,logistic_regression,12705,3,3,1.0209389622169392e-06,4.317484395613262e-10,9.935904062355499e-08,0.8932491217714326,1.3820432354365688e-05,0.006849161272265671,0.09988677579419607
3,logistic_regression,12917,3,3,3.470249812615683e-06,2.4745074508611035e-10,1.1144121178550377e-06,0.7793084820108719,0.001167359495720442,0.00020675064525118694,0.2193128229387754
3,logistic_regression,175,5,5,1.4038355561546874e-08,7.833495010708409e-12,2.66741163199302e-13,0.00024244678882594058,2.326053290925449e-12,0.9997557722690175,1.7668933746822582e-06
3,logistic_regression,5078,2,2,0.010757497669438934,0.0004917789013750044,0.9887178017159781,2.249651514033402e-14,2.9376826187162288e-05,9.395595025816126e-10,3.5439474389228496e-06
3,logistic_regression,4029,2,2,0.0065106801232137305,0.00012114239858418623,0.9745056123148054,5.0060975123638186e-08,0.002794422406515803,7.61765349185107e-06,0.016060475042413654
3,logistic_regression,1695,5,5,2.1865683442050164e-05,1.8345078021205524e-07,6.198970521623042e-07,0.0001728184719825593,2.2953757896677894e-09,0.9987984399561387,0.0010060702452284714
3,logistic_regression,1263,5,5,4.59432206091252e-06,1.0280334589170407e-08,2.329966767507724e-08,0.0006561812330573087,6.059136866917319e-10,0.9989561507198067,0.0003830395391591866
3,logistic_regression,2445,0,0,0.9967127190780793,1.110798515771034e-05,0.0028622617893552657,1.2765474183309048e-09,2.4107171325661636e-05,1.2978827784424672e-05,0.00037682387175006757
3,logistic_regression,4446,2,2,0.0014125662104199827,5.4047031963866645e-05,0.9978033431686255,1.4435359873454358e-11,0.0006016288402767364,1.198234110846963e-09,0.00012841353604425688
3,logistic_regression,6469,4,4,0.0003057103371153389,7.877399730312828e-08,0.0033660141722561873,7.883831581844806e-06,0.9223392501178638,1.0146018073500367e-06,0.07398004816537815
3,logistic_regression,160,5,5,3.834446299831157e-09,5.023585049356741e-12,1.0063488166607047e-13,0.00010758301112141048,1.566874381681482e-12,0.9998915159062106,8.972415306413539e-07
3,logistic_regression,13136,3,3,8.99486280188103e-06,7.957200762541209e-10,4.10371103764979e-06,0.7259885458051616,0.0010203278733249875,0.0006017982718006369,0.2723762286801532
3,logistic_regression,10179,3,3,1.7660982626564078e-13,9.79846816345636e-18,2.401276951851425e-15,0.9999912588549463,4.962834362266212e-08,3.2897709227923666e-08,8.65861882175167e-06
3,logistic_regression,9154,6,6,0.002537539572072962,4.749389554112914e-07,0.004020691402275123,0.006131327748092865,0.014110310842633773,0.00023884007597072806,0.9729608154199991
3,logistic_regression,931,5,5,1.1039711559194126e-06,2.301933041280618e-09,2.4413655205410346e-09,0.0010214704690989734,2.556326298410951e-10,0.9987968399003387,0.00018058066047526366
3,logistic_regression,10241,3,3,3.884132725905635e-14,3.3021985447065016e-18,6.061450799009402e-15,0.99998230803661,1.7270279387294335e-06,8.382748562358924e-09,1.595655265795054e-05
3,logistic_regression,6208,4,4,1.1258673629673737e-06,1.3324431562012163e-10,2.3287687803633342e-05,9.0647334696923e-07,0.9982992643329032,3.5413317385915646e-09,0.0016754119640072427
3,logistic_regression,12800,3,3,3.8642831656512204e-07,8.998672174254222e-11,1.8493141058088996e-07,0.8930017637672396,0.0001413987745475999,0.0005465688384312629,0.10630969717006745
3,logistic_regression,2848,0,0,0.9962228123499306,0.0002989816022515233,3.3510529301333985e-06,8.03800255578721e-15,3.033089230761728e-12,0.0034748230980095256,3.189383712718262e-08
3,logistic_regression,9770,6,6,0.013501316404917276,9.259404072945513e-06,0.03783360659107854,0.0018659002762923835,0.003974321801384373,0.005882840548585313,0.9369327549736691
3,logistic_regression,13224,3,3,4.20222969532372e-06,1.5354028160044013e-09,5.93762041137237e-06,0.5412611247931007,0.0008729465380672294,0.000465706581390701,0.4573900807019318
3,logistic_regression,11569,3,3,1.0215258553514515e-08,8.910844271257826e-13,3.69645091618635e-10,0.9950740468882315,3.485180685081455e-06,9.153933528912752e-05,0.004830918009999213
3,logistic_regression,5627,4,4,2.1577892584454985e-08,4.286379622940507e-13,7.136679496379644e-08,9.256642280527366e-05,0.9982075216227543,1.475251368088965e-09,0.0016998175340728696
3,logistic_regression,7046,4,4,5.176437791913662e-05,1.1636601691248034e-08,0.0008831569047098428,1.1082268954669992e-08,0.998520206511707,2.5680824289872102e-08,0.0005448238059688511
3,logistic_regression,10,5,5,3.729420083689207e-09,8.791684479476365e-13,1.61926416620999e-14,0.0019419322044253173,5.1200344550606115e-12,0.9980562060019895,1.8580581497745485e-06
3,logistic_regression,1929,5,5,0.0015673581319411594,4.059195971860462e-06,8.349719666585758e-05,0.00023789671171407187,6.648191661663705e-08,0.9876760098567943,0.01043111242499625
3,logistic_regression,10352,3,3,3.137519496949725e-11,6.573610030817183e-15,1.4766127491936027e-14,0.9981849322304349,2.438432448423872e-09,0.0017817489686029729,3.331633113307884e-05
3,logistic_regression,8196,6,6,0.00018900151313938862,2.0272523971101128e-08,0.0001435568475588647,0.09577193290508715,0.00736693108803353,0.00030883453564144945,0.8962197228380157
3,logistic_regression,7532,6,3,2.0201526268954574e-05,5.760699355974059e-10,2.875055659324819e-06,0.546130160678696,0.007882852402887339,0.0003209820555404647,0.44564292770487796
3,logistic_regression,8695,6,6,0.0009257616811530088,9.651173247123215e-08,0.0006769675805636859,0.03718477958737856,0.010444103628876704,0.0012329692605528482,0.9495353217497428
3,logistic_regression,8497,6,6,2.5665877169813516e-05,2.7657718613963052e-08,0.00016164663656338516,0.014360342913597748,0.010359549209355747,0.0001629959864125013,0.974929771719182
3,logistic_regression,2173,0,0,0.9883879365148529,1.0210733962023381e-05,0.0007291028320028204,6.293217986217576e-07,3.5575411640743865e-06,0.00644187790484524,0.004426685151374323
3,logistic_regression,227,5,5,5.392293801447604e-08,3.76761812182297e-11,4.189082927377041e-12,0.001172595848184931,3.908436937927478e-11,0.9988086654616991,1.8684686228337998e-05
3,logistic_regression,3641,1,1,2.1431551095466304e-06,0.9998655537190945,0.00013230312579606888,1.2717157634368353e-40,1.780010583076332e-18,1.2670878175689487e-17,5.014421662131764e-25
3,logistic_regression,7112,4,4,7.388708903573979e-07,4.444414362171109e-09,0.0011570362975166664,7.941148986558883e-10,0.9984880856927784,4.2923205525444694e-11,0.0003541338573621288
3,logistic_regression,8310,6,6,0.0011816868254228034,1.473578541151861e-06,0.00024032186282625157,0.06847629162085522,3.100530933659007e-05,0.2344645242067174,0.6956046965963006
3,logistic_regression,2685,0,0,0.9991833522065258,0.00021375393436679342,7.65470017113052e-05,5.668305746266674e-13,4.756818282534473e-10,0.0005247765583492175,1.5698227985068091e-06
3,logistic_regression,7321,4,4,0.00023353088627594865,4.620933541426892e-07,0.028098683019981592,3.4808742350234926e-11,0.9715809428583417,3.1958740418704496e-09,8.637791136385644e-05
3,logistic_regression,13195,3,5,9.3718445825574e-05,2.4077920173123185e-08,1.0876609262611613e-06,0.36522176505697906,1.749812475378642e-06,0.5250149448487916,0.10966671009708187
3,logistic_regression,965,5,5,1.9709088130901478e-06,2.2867014689431205e-09,3.247300201342675e-09,0.0017227195676297003,1.1624264642684542e-09,0.997822964060235,0.0004523387668940834
3,logistic_regression,4841,2,2,0.0029227911231827688,0.0005121064687261134,0.9964479203762031,2.036961767930744e-12,6.616533095483072e-05,4.162072007171861e-07,5.06004916957017e-05
3,logistic_regression,1363,5,5,4.7531176897266845e-08,4.463649987255807e-11,4.9601933165027364e-14,9.609244095432115e-09,2.317438625953979e-15,0.9999999388727219,3.942168781164411e-09
3,logistic_regression,4657,2,2,0.006053680493181939,0.0003912964188024371,0.9934745713352732,6.744425146272194e-12,2.0736633792528116e-05,1.1305142375415021e-07,5.960206078181302e-05
3,logistic_regression,4277,2,2,0.005128359193661863,6.177210944986214e-05,0.9593509365839425,1.4710288706432e-09,0.03338430277722231,1.967532206220245e-06,0.0020726603324881148
3,logistic_regression,9311,6,6,0.0029897550144554795,6.561333441745505e-07,0.007035834210795385,0.0109409603932386,0.013692113888220114,0.0010949580653196631,0.9642457222946266
3,logistic_regression,8073,6,6,0.0008779422297751228,1.5539368878011885e-07,9.12617008264832e-05,0.12690853447302122,0.0002595148687939763,0.04348478932253284,0.8283778020113615
3,logistic_regression,6985,4,4,7.165435967209024e-07,2.2621259687721854e-10,3.716101889725765e-05,5.07174180527375e-09,0.999900896234837,3.989404318630821e-09,6.121691531003476e-05
3,logistic_regression,11310,3,3,7.605824829694123e-10,1.3683242187505268e-13,1.8131642703637984e-11,0.9987030880671147,2.7191420855438833e-07,0.00019598501900296029,0.0011006542208227615
3,logistic_regression,8025,6,6,0.00012952650884524646,2.0514864427259597e-08,0.00017867368586084274,0.102238364842746,0.007218120142287688,0.0001429862853560015,0.8900923080200397
3,logistic_regression,3294,0,0,0.959695374265753,0.002964114365308705,0.037340382877195474,4.313589218629995e-17,3.6589293817164086e-08,5.2764584551562334e-08,3.9137864551290394e-08
3,logistic_regression,7838,6,6,0.00033419607301094704,2.854266712427664e-08,2.5276622196681228e-05,0.11140656566989868,0.0009070497074950532,0.0014121202658918335,0.8859147631188398
3,logistic_regression,3355,1,1,0.006697533149093439,0.9868716340015522,0.006430832832298779,1.2501440918524446e-28,5.6961377625187e-15,1.7049485145656246e-11,2.737700765873588e-16
3,logistic_regression,1103,5,5,2.804785367674534e-06,1.9445714709979216e-09,1.3875456402209416e-09,0.0003775047989259903,1.5267733026467157e-10,0.9995119578085861,0.00010772912232571222
3,logistic_regression,1445,5,5,0.0009894647533525587,1.0749301917156852e-07,1.9978123962666835e-06,0.017462120148042295,1.0821413072541154e-06,0.9219405782233261,0.05960464942855629
3,logistic_regression,12045,3,3,3.589116552846329e-08,3.832633120718328e-12,2.051428908544081e-08,0.9450362332816482,0.0005359546559303055,5.11170990921703e-07,0.05442724448214324
3,logistic_regression,4727,2,2,0.0097830004222807,0.0002471847604557979,0.9898276767167513,4.289054649385524e-12,9.859239813298741e-05,7.866035717176239e-08,4.346703773293065e-05
3,logistic_regression,87,5,5,6.021577272982336e-07,2.060427799793593e-11,1.6565481561514718e-12,0.005316818278122709,3.423452051771297e-10,0.9946148320924669,6.774710707695871e-05
3,logistic_regression,1105,5,5,1.1549923758034527e-05,1.2943217015896714e-08,7.007394965278732e-08,0.008167920500037763,7.695030935904556e-09,0.989025084255172,0.002795354608834376
3,logistic_regression,9661,6,6,0.07305664621323489,2.715522073719087e-05,0.014491508355304609,0.002568635855337288,0.00027692020899682673,0.09420173026887839,0.8153774038775109
3,logistic_regression,1313,5,5,2.487575889594668e-05,3.6573645071209084e-08,2.0010942940544392e-07,0.002837380775152233,8.840966982859184e-09,0.9942044370404941,0.0029330609014162974
3,logistic_regression,11328,3,3,2.5757796136894932e-09,5.4898515400651934e-14,7.800609208972171e-11,0.9970911967452074,2.7294133790547634e-05,2.8989762082253592e-06,0.002878607490953189
3,logistic_regression,4204,2,2,0.008352358804085419,6.533548992613103e-05,0.8139852302498236,5.322327236758128e-09,0.16904050627539394,4.47001123387664e-06,0.008552093847209665
3,logistic_regression,10004,3,3,1.6973961109572995e-15,1.7443965116428843e-19,7.572735521087859e-19,0.999999352757981,4.478015024588714e-10,4.7378239048147877e-07,1.730118251926702e-07
3,logistic_regression,356,5,5,3.118988153628699e-07,2.3872941319921875e-10,2.2461275889367375e-10,0.010686188960272333,7.477658409823793e-10,0.989026303306981,0.0002871946228231177
3,logistic_regression,4762,2,2,0.0023733530895864515,0.00013738235811219584,0.9972921438885067,5.642757323621193e-13,0.0001717250704869452,7.900071619049916e-10,2.539480273648809e-05
3,logistic_regression,7041,4,4,3.0903382725909243e-06,6.106576529624635e-08,0.01710215104575905,2.8905624462708055e-09,0.9811427123811166,2.1267484410475364e-10,0.0017519820658491148
3,logistic_regression,9059,6,6,3.1253833578971244e-05,3.7209262303478204e-08,0.000933478784621571,0.005606076871808797,0.07812571582145432,3.007488180851924e-05,0.9152733625974654
3,logistic_regression,994,5,5,3.529792580730311e-06,1.6404028233960243e-09,1.7571991509400807e-09,0.001185205000258781,4.937492794707232e-10,0.9985568624835407,0.00025439883226841697
3,logistic_regression,3577,1,1,1.3544612982440722e-05,0.999821257386586,0.00016519800043009918,2.5021548511530196e-38,9.989171236269732e-19,1.5144173726584931e-15,7.572646739081663e-24
3,logistic_regression,5494,2,2,0.002950598194861747,0.028127033289175152,0.9689223600105275,3.838627668375335e-21,7.901413298070778e-09,5.076881760499794e-10,9.633415314511687e-11
3,logistic_regression,5238,2,2,0.00018371427103923134,0.0002458065681453787,0.9995493417670834,7.9811713454313965e-16,2.060742963724683e-05,8.147518810202958e-11,5.298826187121821e-07
3,logistic_regression,7806,6,6,1.0102976784956017e-05,3.5058185684146825e-09,1.884930087287354e-05,0.10007357141092957,0.008222532575988949,8.197635072213049e-05,0.891592963878883
3,logistic_regression,6080,4,4,4.836330453985702e-06,1.4525128344705098e-09,0.0002517594562081051,1.379403230891682e-05,0.9802533026655035,1.6058981515857788e-08,0.019476290004031265
3,logistic_regression,6070,4,4,1.390614513077453e-08,7.687842492425037e-12,3.463043616728751e-06,2.0867826889417994e-07,0.9995730006878533,6.977521089389338e-11,0.0004233136066528913
3,logistic_regression,7088,4,4,0.0003732491496293654,2.648069408304616e-06,0.45128511736009946,1.6977468005198159e-09,0.5376120992208551,1.8204446607076645e-12,0.01072688450044049
3,logistic_regression,4885,2,2,0.049913681170666906,0.0012652685576668146,0.9487031597029791,3.830709738568485e-12,4.2994852176952656e-05,7.602177421061762e-07,7.413549493744595e-05
3,logistic_regression,2268,0,0,0.9971009626140096,6.650253437548363e-06,0.001150594670759251,1.1737667720806331e-08,4.560208205602335e-05,0.0001033000863244016,0.0015928785557452335
3,logistic_regression,13509,3,6,0.00014190674564824589,2.6423477049206315e-08,0.00010044178238885833,0.2375861786276345,0.0014831083351639538,0.004851418969046064,0.7558369191166414
3,logistic_regression,10158,3,3,9.594234957509046e-13,6.304342119982976e-17,2.391399733454436e-15,0.9999775791571144,6.267092745534354e-08,1.2771806930484494e-06,2.1080990303120545e-05
3,logistic_regression,8445,6,6,0.016393457131491092,2.0252028642953165e-07,6.167438304622548e-05,0.061357878683000855,0.0004373159652452606,0.08212219596269278,0.8396272753542373
3,logistic_regression,8301,6,6,0.00034373625448544094,2.8388375464414096e-08,0.0001793626192846542,0.062182597116532075,0.00990380046299103,0.0004125347537675579,0.9269779404045637
3,logistic_regression,1152,5,5,3.032338435692605e-06,1.3810919983050085e-08,1.2054696730460104e-08,0.0006259098164505053,1.9895170511149074e-09,0.9987299081739771,0.0006411218160027654
3,logistic_regression,13536,3,6,0.00014749532636548163,5.089332380690359e-08,0.00016702293642939552,0.14165103537098425,0.0010778736615088135,0.0019596533761563673,0.8549968684352319
3,logistic_regression,12237,3,3,4.896409466031543e-08,3.042715782821372e-11,8.085828951401154e-09,0.9707208725924812,5.546670180268345e-06,0.0015267778823524934,0.027746745774635474
3,logistic_regression,9513,6,6,0.019326312659426737,2.0953334615814663e-06,0.0029434800359837516,0.006596647661843665,0.0020542541576165675,0.03498277586503808,0.9340944342866295
3,logistic_regression,4101,2,2,0.10660129846177685,0.0009023208450218747,0.8869906042978905,1.5724433219278786e-08,7.247878355734129e-05,0.0003116036649388315,0.005121678222381435
3,logistic_regression,9763,6,0,0.9000117586098331,4.217448951981759e-07,0.00015558840952784503,5.847261764472037e-06,0.011024623521707763,9.815959740831758e-05,0.08870360085486331
3,logistic_regression,1581,5,5,0.0003003001111365305,8.847671359958789e-08,1.8536051912884892e-07,0.00029887432500851595,3.037588998314068e-09,0.9982122206132794,0.0011883280757538192
3,logistic_regression,6944,4,4,6.59468467037618e-08,4.407866899803993e-09,0.006377150955448244,2.6764852811172297e-10,0.9929607880772786,8.292690315323062e-15,0.000661990344902549
3,logistic_regression,9231,6,6,0.0007610809408106271,7.327480149344611e-07,0.00614839890440524,0.003862963191650383,0.0084689348656785,0.00024154071550037376,0.98051634863394
3,logistic_regression,5605,4,4,2.1998830175194302e-07,1.018193819802741e-11,8.699679886961927e-07,0.008721645597993807,0.9203771217350336,1.4272817422667825e-07,0.07089999997232592
3,logistic_regression,11573,3,3,3.128756605713544e-08,2.8909344508690286e-12,4.2944802492542196e-10,0.9928242406640186,2.0914101725595475e-06,0.00025884479397835164,0.0069147914119255405
3,logistic_regression,1808,5,5,0.0003986206206127474,1.1993463606262673e-06,9.244802469897784e-06,0.00038814931922750485,3.116848603008929e-08,0.9922122077873381,0.006990546955504988
3,logistic_regression,6268,4,4,6.017171293580765e-06,1.5126836922683349e-09,0.00026414230179279776,1.529143759890448e-06,0.9942751716490468,7.5855717415698e-09,0.0054531306358513824
3,logistic_regression,3913,2,2,0.016154110197811728,4.435197453949596e-05,0.6682491384438702,1.869307502320651e-06,0.12691048120302328,2.3114377629408784e-05,0.18861693449562358
3,logistic_regression,9975,6,6,0.038311181270760254,7.952694427936742e-06,0.09358105693109622,1.6905552640270617e-05,0.3790147599696698,1.4465441144111647e-05,0.4890536781402614
3,logistic_regression,4625,2,2,0.013344299858705456,0.00011770083738854028,0.9666262692420904,1.1721997022747973e-11,0.01974060026564643,2.336526934258525e-07,0.0001708961317538628
3,logistic_regression,5198,2,2,5.5162401604774375e-06,1.464579316868227e-05,0.9982379748272957,1.3630502322005254e-16,0.0017415685730687368,1.3653840820802376e-14,2.945662921991052e-07
3,logistic_regression,3450,1,1,3.171097562238699e-05,0.9988364567126521,0.0011318323117178884,4.081077604245778e-35,1.1109095775717942e-17,7.826627108102652e-15,3.8172006397729576e-21
3,logistic_regression,9295,6,6,0.007733650243620863,2.9641778252856067e-06,0.005250432468448284,0.006060012661904093,0.0011665335567711513,0.007216779048590588,0.9725696278428397
3,logistic_regression,3283,0,0,0.9998983564236348,2.1101737546543194e-05,8.049543003442693e-05,3.346178309950399e-19,4.066150437796511e-08,4.32175583260087e-09,1.4255243185382197e-09
3,logistic_regression,3268,0,0,0.9999404006662639,1.870370560483848e-05,4.088781634986607e-05,9.426681979576611e-19,1.4903266488322322e-09,5.361380454038937e-09,9.600742515101639e-10
3,logistic_regression,5289,2,2,0.012485398990275063,0.0009330495305132715,0.9865702127016125,2.2713424875377035e-15,1.0655303942086682e-05,1.0647648836220272e-09,6.824088900174223e-07
3,logistic_regression,1942,5,5,0.0009350003707902255,2.5815771866632823e-06,9.351132569220617e-06,1.703237972329368e-05,2.1353550654978695e-09,0.9981604850292038,0.0008755473751715068
3,logistic_regression,9881,6,6,0.00810811878185634,8.441761793714157e-06,0.10070039749804585,0.0003855732376709287,0.024029492968920024,0.00012131929152862654,0.8666466564601846
3,logistic_regression,195,5,5,6.514831807794393e-08,1.6689340143302788e-10,8.513896466805161e-11,0.009040069179924582,5.147052446023047e-10,0.9907858304076049,0.00017403449741484165
3,logistic_regression,317,5,5,5.413291052267147e-07,2.2410101293030007e-10,1.683750786992701e-10,0.013373717655262218,1.020343109256196e-09,0.9862790553323966,0.00034668427041684955
3,logistic_regression,4499,2,2,0.043144658844825705,0.0014024136844931693,0.9550496916284468,1.5279717883851797e-10,1.3536870596750661e-05,2.6672473059841816e-05,0.00036302634578086175
3,logistic_regression,9244,6,6,0.007575756940414531,1.8311784246481998e-06,0.004852749490778727,0.010753786469101658,0.001624736167292837,0.0066725441665197935,0.9685185955874678
3,logistic_regression,410,5,5,1.8225074727855328e-06,6.986889791091659e-10,1.8074273709848293e-09,0.04317391915342726,7.765503193288699e-09,0.9550009387864586,0.0018233092810219168
3,logistic_regression,2061,0,0,0.8002030755072627,1.725018956841116e-06,0.0002560450180573316,0.0002154737169553019,0.00037287712875764574,0.024737790282135155,0.17421301332787512
3,logistic_regression,3139,0,0,0.998857179967618,1.5818235529557195e-05,0.001120032469926857,6.857990682910341e-15,6.4017790582554096e-06,1.9235110694138436e-07,3.751967534002081e-07
3,logistic_regression,12227,3,3,3.855057654828536e-08,2.9736059950637654e-12,4.118088922259689e-09,0.9785586048529633,4.135789173158334e-05,7.769773236250965e-05,0.021322296851303588
3,logistic_regression,3290,0,0,0.9999050498650125,4.979605488292099e-05,4.501627797642051e-05,8.424838046848452e-19,1.25165747778452e-09,1.3555119294723036e-07,9.992777108326603e-10
3,logistic_regression,4383,2,2,0.05918424726263685,0.00043401074703818037,0.9360808410913898,5.023300620801862e-10,0.0023249910703593063,1.2642341785963667e-05,0.0019632669844600516
3,logistic_regression,7799,6,6,2.784234118723661e-05,5.555820109566191e-09,1.5421053478029903e-05,0.42279492022638526,0.000798261504583752,0.002733189658900326,0.5736303596596453
3,logistic_regression,631,5,5,2.321754555303351e-06,6.31225679324463e-09,6.928475191855127e-08,0.11003315375541087,7.624727739577067e-08,0.8770980497162142,0.012866322929533526
3,logistic_regression,2940,0,0,0.9868751584204577,0.0006399695554369773,0.012426266142035274,7.900072661667471e-13,2.1304947431110222e-07,4.774076626867702e-05,1.0652065537218297e-05
3,logistic_regression,2149,0,0,0.9989546641309486,3.905295899497872e-07,2.9100734883500725e-05,1.265063324845278e-08,2.9363310976247737e-05,6.32862608365627e-05,0.0009231823821317239
3,logistic_regression,8215,6,6,0.0006021029455875402,2.7139644234661617e-07,0.00020717161713902418,0.07083984628931042,0.0002976156359604293,0.015366423182843666,0.9126865689327165
3,logistic_regression,3237,0,0,0.997169216755012,0.0002479907448043786,0.002582254149810672,1.9208065404406098e-16,8.129564963338886e-08,3.8980084172268585e-07,6.725388115583596e-08
3,logistic_regression,1904,5,5,0.10452115064328575,9.075235587421191e-06,0.0009327703046452669,0.003124186039789955,2.1849159315804164e-05,0.6019450602970047,0.2894459083203711
3,logistic_regression,355,5,5,4.746768967800346e-08,4.770449978758724e-11,2.319127037659516e-12,0.0001647811384771066,6.394184586340157e-12,0.9998307244124836,4.44692493197255e-06
3,logistic_regression,4531,2,2,0.006662582638619039,0.0003016139872722814,0.9925120287625561,1.4472325378569404e-10,0.00019302467628792708,8.083422540487004e-06,0.0003226663680009208
3,logistic_regression,13005,3,3,0.00017177230580535388,3.6662376213510412e-09,7.386303135857081e-07,0.5698734134627207,0.00015703719010159707,0.018612940180055944,0.4111840945647651
3,logistic_regression,4188,2,2,0.11546375524182707,0.00040552176567256647,0.8593660338390462,7.590352242796323e-09,0.010843334688575528,4.1741017564841304e-05,0.013879605856961444
3,logistic_regression,3884,2,6,0.0024661004888976044,1.7811389629517482e-05,0.4599546769351303,1.387671487312459e-05,0.06759553533990445,2.3875124874380762e-06,0.4699496116190775
3,logistic_regression,12494,3,3,6.062198702534722e-07,4.2650860588261605e-11,4.185196266050742e-08,0.9362047562077003,7.017354756949907e-05,0.0004612345882717949,0.0632631875419745
3,logistic_regression,2320,0,0,0.9991231281110162,6.206058661802836e-06,0.00027146965068398346,2.4505564578156007e-09,2.7594515819111263e-06,0.0002095358352572793,0.0003868984422422301
3,logistic_regression,1402,5,6,0.013245680619447565,1.1816485564946226e-07,2.419545054406276e-05,0.11885600555780675,0.0002565279475040299,0.12548285460975903,0.7421346176500829
3,logistic_regression,11622,3,3,1.8340205263343165e-08,2.374411331778949e-12,2.7904384746652646e-10,0.9945519025717084,8.138147590747507e-07,0.0010191330096645257,0.0044281319822444196
3,logistic_regression,2881,0,2,0.3696103514249131,0.004305410230093924,0.6256703418867543,9.686077243286117e-11,1.241676213173877e-06,0.00023069841718264186,0.00018195626798202564
3,logistic_regression,1907,5,5,0.0003358417432862036,8.474483309071872e-07,2.0549725260367285e-06,1.4061659178965496e-05,7.905153655050592e-10,0.9992393122229357,0.000407881163226818
3,logistic_regression,7330,4,4,0.0001267960687376781,5.2219946467303924e-08,0.0016774751475992118,2.4033178291762263e-11,0.9981742724984771,1.861881876455205e-08,2.1385422387687665e-05
3,logistic_regression,13202,3,3,0.0004306625970411827,2.3006531013448167e-09,1.4134616602681797e-06,0.5184550022124096,0.000736373652283813,0.006313295183134071,0.4740632505928178
3,logistic_regression,6889,4,4,3.9122960684443464e-05,2.60359644829358e-08,0.00446551476892681,2.940276304228089e-08,0.9943521246692701,6.531131594154528e-09,0.001143175631259472
3,logistic_regression,2667,0,0,0.9994297053181215,4.209569017757231e-05,7.75721603889791e-06,2.201168460839552e-13,2.677854898318672e-11,0.0005202216714400317,2.200772233851694e-07
3,logistic_regression,3872,2,5,0.0009662123805084896,3.2793986782596677e-07,1.757856851388517e-06,0.00023833774198803702,3.8773581659303066e-08,0.9938160531497386,0.004977272157463893
3,logistic_regression,5537,4,3,1.3909918759164536e-06,2.0435408807025687e-10,2.6051138797997858e-06,0.7397608190435614,0.0038087259628606755,6.439763767472697e-05,0.25636206104579345
3,logistic_regression,2544,0,2,0.45290494035432227,0.001015743832340285,0.5407709705604613,1.272635422118823e-08,7.546457406449179e-05,0.0005900039489775271,0.004642864003479989
3,logistic_regression,526,5,5,4.221306087097282e-08,7.29854171959295e-11,3.348926880656416e-12,6.333795803700038e-05,2.416334704911625e-12,0.9999342049286322,2.414821519350546e-06
3,logistic_regression,3956,2,0,0.713575365734571,0.0007845553673131385,0.1690801014953592,1.7474540407811104e-06,3.830266947492928e-05,0.0793048993103643,0.03721502796887669
3,logistic_regression,6581,4,4,3.265126267880104e-05,2.0884483728381863e-09,0.00012479627117531494,2.2134146724629224e-07,0.9972730758714432,3.679569325302282e-08,0.0025692163690937382
3,logistic_regression,4844,2,2,0.002234550054872262,8.075180109627047e-05,0.9818110192632696,4.918313684154484e-13,0.015824418028581116,1.2215661025656373e-09,4.9259630122727356e-05
3,logistic_regression,11061,3,3,2.783624177037672e-10,3.641982244926781e-14,4.3465648664056946e-11,0.9976971350529835,1.6334349810017988e-05,1.6120261436097926e-06,0.0022849182491981824
3,logistic_regression,4667,2,2,0.014694916371068779,0.00028472209437771723,0.9825709495411559,1.5161944435428938e-12,0.002269238702164538,3.2351458377958557e-09,0.0001801700545711061
3,logistic_regression,1079,5,5,4.324492180590074e-05,3.266952310790953e-08,7.791216612257304e-07,0.08373292834564744,2.7307457564354733e-07,0.8808991384726479,0.035323603394138675
3,logistic_regression,1866,5,6,0.008107352327987897,3.155286292710944e-06,0.0015068658387629497,0.027102741228132544,8.808226240875346e-05,0.2572281732256525,0.7059636298307626
3,logistic_regression,11256,3,3,1.4863198237488363e-10,6.6449012238453444e-15,1.0374039372547498e-11,0.9989901818710588,8.720048192780266e-06,2.8821394209487546e-06,0.0009982157823149305
3,logistic_regression,2675,0,0,0.9921657392500209,0.00018623197770700092,0.007565848607099077,7.384456263806155e-12,2.0858486170200853e-06,3.7715638459337497e-06,7.632274532561886e-05
3,logistic_regression,11020,3,3,2.4175714495762052e-11,1.3514588754272728e-15,8.583574602399211e-12,0.9990669523201541,0.00011475711431625363,1.0301049688297776e-07,0.0008181875222721751
3,logistic_regression,11159,3,3,2.19654171735086e-09,1.529110365663137e-13,1.857343162355464e-11,0.9986681506017546,4.4210858323470587e-07,0.00011268515972584474,0.0012187199146680321
3,logistic_regression,6443,4,4,2.7215021851963853e-06,4.2654932617760103e-10,6.31500592990829e-05,1.4380611132862308e-06,0.9982062134294557,7.883567343476644e-08,0.0017263976857240066
3,logistic_regression,11678,3,3,4.019199930674152e-09,4.117401781958103e-12,4.620035248261099e-09,0.9799055367918574,2.067047369185877e-05,3.788790500996723e-06,0.020069995300596843
3,logistic_regression,6537,4,4,1.0213612122336489e-05,1.704961242041991e-09,0.0002225255198303315,4.2634870383933464e-07,0.9978680988451275,2.9959249041069994e-08,0.0018987040100058126
3,logistic_regression,9290,6,6,0.00015995469143573348,1.545265002671237e-07,0.0031681368904449376,0.004441211445680228,0.04077190900699272,5.2433346780152165e-05,0.9514062000921659
3,logistic_regression,11711,3,3,2.4099071279939448e-08,3.6378240827560488e-12,5.566818618453325e-10,0.9947637561695855,6.64214363642799e-07,0.0006316227942923178,0.004603932162367616
3,logistic_regression,4920,2,0,0.5298259161913468,0.0022265508109972254,0.46788339964174686,1.6665266506275349e-12,1.1560043637892017e-05,2.2262385063215513e-05,3.0310925541410446e-05
3,logistic_regression,5829,4,4,2.554783188249853e-09,8.254197834383889e-13,3.4543875928923184e-07,3.132014797545644e-06,0.9994576667144476,4.4083458879126407e-10,0.0005388528355523946
3,logistic_regression,11796,3,3,4.570857832961065e-09,7.64999431865168e-12,1.0344820407895388e-09,0.9908519350561346,8.719721900434247e-07,0.0015789096808742351,0.007568277677811281
3,logistic_regression,5505,4,3,4.452896003311949e-08,1.873922588097973e-12,7.69659317836944e-09,0.975895559203549,0.0003250850043088272,2.3448462710424626e-05,0.023755855102004748
3,logistic_regression,4011,2,2,0.032965387892374375,0.00031908129260220026,0.9218355043856804,8.830513646997344e-08,0.0038012426522011688,5.663964916129021e-05,0.041022055822844176
3,logistic_regression,1129,5,5,1.900566234557957e-06,2.464348562391329e-09,1.040748542868691e-09,0.00020134611693301428,1.0336250770178961e-10,0.9997226139387084,7.413576966439585e-05
3,logistic_regression,13007,3,3,7.274094411684066e-07,2.8160813644046438e-11,1.0033176436685366e-06,0.5928884443708315,0.16333979628725093,7.785617113576688e-06,0.2437622429695583
3,logistic_regression,8735,6,6,0.003633268927570562,3.399253940948955e-07,0.0007759199982051308,0.010663373553430998,0.0037367363280781107,0.0011139780652919301,0.9800763832020293
3,logistic_regression,11633,3,3,2.1658059557187084e-08,2.1093458462576424e-12,9.193966504005828e-11,0.9940139496761282,2.1537348585131638e-07,0.003210270317981835,0.002775542880295436
3,logistic_regression,1339,5,5,5.030512509319186e-05,8.210630350815045e-08,2.81922485194748e-07,0.0022115666468097627,3.395791346943181e-08,0.9914739011794566,0.006263829061938287
3,logistic_regression,6992,4,4,4.548497159691499e-09,2.67585250001022e-11,2.043580936462851e-05,3.890684940618252e-11,0.9999686891526348,1.955587322397944e-13,1.0870423642305112e-05
3,logistic_regression,4543,2,2,0.00036210748254078713,6.989185728811308e-05,0.9992498562848842,3.354991659072797e-12,0.00023033170456304803,2.472301916065527e-10,8.781242013843273e-05
3,logistic_regression,12548,3,3,1.30393213470503e-05,2.16385785670905e-10,1.509162215041233e-08,0.9255979909489006,3.932739902115339e-06,0.030884253558856687,0.04350076812298549
3,logistic_regression,6163,4,4,3.008616848009999e-06,3.225214991075691e-10,4.328286265913135e-05,8.760632117562284e-06,0.9944469635820411,7.50624945463661e-08,0.005497908921318208
3,logistic_regression,11534,3,3,4.208753161943026e-10,2.998554333147416e-14,9.820574397217264e-11,0.9980615082854066,1.4480241129233199e-05,1.4261389255402751e-06,0.001922584815427674
3,logistic_regression,5920,4,4,8.991591449537773e-14,7.181576681907948e-15,1.0143442546958507e-07,2.2186813367974669e-10,0.9999937653318303,1.6301923931966565e-18,6.133011778874116e-06
3,logistic_regression,3750,1,1,1.6207871932630562e-07,0.999973691063581,2.614685769973812e-05,2.4176225489766504e-44,1.142500501533566e-19,2.99599501004739e-20,1.0661421452862228e-27
3,logistic_regression,12173,3,3,3.588228315658577e-07,1.80211623808439e-11,2.3864999044709682e-09,0.9822682629382219,1.902107488412801e-06,0.004040857709734721,0.013688616017202617
3,logistic_regression,6531,4,4,8.217586369910837e-06,1.7475686707651826e-08,0.002950594421832742,1.547128353449517e-06,0.9786155120222095,3.119168382362169e-08,0.018424080173863905
3,logistic_regression,9071,6,6,0.00040826687361178145,1.2587912691926884e-07,0.0014723148318733792,0.01397264968121498,0.02627710484802014,0.0007604532096531518,0.9571090846764996
3,logistic_regression,12357,3,3,1.826321049449462e-07,6.660931180734965e-11,4.4977907513506135e-08,0.9438874444053041,2.7901092082792332e-05,0.0009974570185557977,0.0550869698074355
3,logistic_regression,10209,3,3,2.1616557800116248e-14,5.969574819323051e-18,3.030668644001415e-15,0.9999887794126731,1.1981878664073899e-07,4.814981984232395e-08,1.1052618695708374e-05
3,logistic_regression,6118,4,4,2.8102750223665648e-06,1.0614907782530264e-09,0.00022466916443695213,1.3838343992397311e-05,0.9899691395358542,5.998005704250008e-08,0.009789481639146407
3,logistic_regression,1476,5,5,4.6619000717465904e-05,4.001235840661845e-08,1.4124123706380585e-07,0.0007468413202468651,3.752175967201046e-09,0.9978143593262992,0.0013919953469651535
3,logistic_regression,12785,3,3,1.6925859318954915e-06,5.281529544933912e-10,3.6611225314794284e-07,0.9108972042624357,1.6771457918755546e-05,0.005074524514117088,0.0840094405391906
3,logistic_regression,3312,0,0,0.9994560109001972,0.0003832880871415899,0.00016032197112945075,6.069225842020632e-19,1.2031888593411956e-10,3.783044825352968e-07,6.167302041112441e-10
3,logistic_regression,7614,6,6,1.2225156720850037e-05,2.171606986361521e-09,1.384151409563935e-05,0.2228981346090133,0.006274648218617179,2.4799571964743225e-05,0.7707763487579812
3,logistic_regression,10049,3,3,2.064496182619703e-12,8.648434762797851e-18,5.1958504103065294e-17,0.9999933886642086,2.3019898566922375e-08,9.296315177423551e-07,5.6586823104973465e-06
3,logistic_regression,12127,3,3,5.461435219121019e-08,1.6705125892763417e-11,6.198871757943496e-09,0.9670414071936833,1.462462774276293e-05,0.00039406933119513977,0.03254983801745007
3,logistic_regression,7422,6,3,8.551167526679027e-07,1.7690948566778184e-10,2.1554502049582176e-07,0.8748811892810544,9.945160043359448e-05,0.0007579922777166627,0.12426029600211241
3,logistic_regression,10663,3,3,5.339489034990135e-11,1.5552806431521137e-14,9.89491434105925e-13,0.999465814950325,3.479047124973468e-07,7.574526351518307e-06,0.0005262625642109201
3,logistic_regression,750,5,5,3.232071638952015e-05,6.884382311145321e-09,1.2492694793886605e-07,0.17602223247547386,3.5317558824177785e-07,0.7924415796616461,0.03150338215957203
3,logistic_regression,11934,3,3,1.635155903426727e-07,5.846627555559625e-12,2.9520830258968087e-09,0.985850562974565,9.008622217796188e-06,9.738361427668579e-05,0.014042878315420818
3,logistic_regression,1637,5,5,0.000506928585984457,9.657959895600869e-07,6.898626938608215e-05,0.018600300161986917,1.0763811647156374e-06,0.8836823794655391,0.09713936333994917
3,logistic_regression,7092,4,4,1.3511638428317175e-06,8.371431737078025e-10,0.00013885187378843766,1.6470199715835958e-09,0.9997839898455072,1.3316502730023772e-09,7.580330104826141e-05
3,logistic_regression,12834,3,6,4.2687965853364245e-07,1.0692949193110842e-10,1.4719040947050809e-06,0.4291902925117889,0.038239813624460973,6.897770706044019e-06,0.5325610972023612
3,logistic_regression,3772,1,1,2.812147466156322e-08,0.9999390125734328,6.095930509264294e-05,2.892924231139643e-45,9.98688927019722e-19,4.4678197381243286e-21,4.274396983372423e-28
3,logistic_regression,5755,4,4,5.403219982094258e-05,3.2744415341800163e-10,1.7197281088276937e-05,0.00010975626628598592,0.9755999619526128,6.307157966020344e-08,0.02421898890116828
3,logistic_regression,908,5,5,0.001959168462503489,1.795078591179823e-08,1.285323972018601e-07,0.06125582542826965,7.992423115190959e-07,0.8915500867926489,0.04523397359108335
3,logistic_regression,10755,3,3,4.412319692793927e-11,6.974900284404957e-16,7.636416812416419e-13,0.9997632144635397,3.818192154460262e-06,3.476824203384612e-07,0.00023261961699783413
3,logistic_regression,6472,4,4,1.062003304770911e-06,1.5918234669881494e-10,2.6776978936864645e-05,1.6958445272578605e-08,0.9997253476132505,4.3712788420111006e-10,0.0002467958497523149
3,logistic_regression,3329,0,0,0.9146924637954073,0.03988760633156459,0.04541798571502786,4.195058823528492e-18,2.917559363182912e-10,1.939295074386041e-06,4.5711700030571425e-09
3,logistic_regression,8629,6,6,0.0032199943944016,3.128600049005663e-07,0.00044448709448813403,0.043995822760292215,0.0009461455798943253,0.011006446062928854,0.94038679124799
3,logistic_regression,10191,3,3,5.99535091933824e-13,3.055233437460481e-19,7.366428462893919e-16,0.998848776956382,0.0011184577264846873,2.049493310154592e-10,3.276511158361323e-05
3,logistic_regression,11110,3,3,2.8597551086835694e-11,1.3621421899017852e-14,5.551003882378012e-11,0.9952363634586735,0.00016088200995874723,1.0269310490432768e-07,0.004602651754141596
3,logistic_regression,5050,2,2,0.0182322264135448,0.0017848356886168298,0.9799666393221954,1.7009863225967483e-13,6.729725535037196e-06,8.272403149585799e-07,8.741609623042205e-06
3,logistic_regression,6833,4,4,1.3042537732069489e-06,1.9664658180418112e-11,1.3628571507449175e-06,4.889491425907293e-10,0.9999807727231808,1.4480081286288324e-10,1.6559512480746698e-05
3,logistic_regression,11985,3,3,5.660439750985082e-08,3.9986929938095805e-12,2.1454986254662905e-09,0.9902631745752761,4.839794720660335e-06,0.00032258350337575036,0.009409343372732538
3,logistic_regression,138,5,5,4.6165970833325654e-10,8.457975774323594e-13,2.082548210891859e-15,5.098346618825792e-06,2.7352082541570593e-14,0.9999948790931844,2.2097661719458408e-08
3,logistic_regression,13319,3,6,4.433705992726718e-05,1.6375674883936296e-08,1.733052833890817e-05,0.38750048247267793,0.0002557524963604085,0.008718300903703817,0.6034637801633169
3,logistic_regression,13381,3,6,0.00038696204394145017,2.7115647793622553e-08,1.8848753722970986e-05,0.3386363460701617,0.0002736957362533083,0.02281313637930356,0.6378709839009692
3,logistic_regression,6763,4,4,2.223874303554963e-06,1.8458348987587168e-09,0.0003985143440015565,2.4594450858851535e-08,0.9990652920921789,2.5507737330186477e-09,0.000533940698456518
3,logistic_regression,10657,3,3,2.3042346749872413e-12,1.1120437992984523e-16,1.8306212496969834e-13,0.9999068268957688,1.7426502356869078e-06,1.2772256283571909e-07,9.130272894522384e-05
3,logistic_regression,6629,4,4,2.4701058171683568e-05,5.524656980933429e-10,2.26798677564886e-05,2.2043938936936113e-08,0.9992694056235184,5.838453767640304e-09,0.0006831850156950101
3,logistic_regression,6860,4,4,0.0032858065523078453,4.133813065207182e-07,0.019839532247808413,5.414711268315352e-07,0.9648208038459604,1.0045925524173445e-06,0.012051897908937619
3,logistic_regression,2686,0,0,0.9999939134672751,1.0375719373529192e-06,3.1857253802243324e-06,5.751874567536353e-14,2.248829247774119e-09,1.6438865618944796e-06,2.1709995872928188e-07
3,logistic_regression,2746,0,0,0.954027480645894,0.0003246770585785435,0.04546706493169109,7.846067467557417e-11,3.6954245583960685e-06,4.252400188347724e-05,0.00013455785893391173
3,logistic_regression,9185,6,6,0.0006552088838630082,4.4156764052334885e-07,0.0013541524641030034,0.00473239046787078,0.0037222423089368385,0.0005577291525401164,0.9889778351550457
3,logistic_regression,4963,2,2,0.0014345642238425451,0.000484651558434141,0.9979795334405758,2.528030439941752e-13,7.962644981410034e-05,4.896672165200266e-08,2.1575360358903368e-05
3,logistic_regression,203,5,5,9.725864294123927e-08,4.558337631193724e-12,3.297315528824103e-14,3.085017719854221e-05,1.2158379225093093e-12,0.9999684364350377,6.161233135403353e-07
3,logistic_regression,6398,4,4,4.847896174796663e-09,1.6889356148761993e-11,1.4698219793735977e-05,1.3038100489264558e-08,0.9998368247494882,6.853487787695677e-12,0.00014845912097872087
3,logistic_regression,6821,4,4,1.7143799339355016e-05,8.115449292247348e-09,0.0009828822054083481,2.0907538571234466e-08,0.9979763836529062,6.162974806765885e-09,0.0010235551563835049
3,logistic_regression,9273,6,6,0.0008985740496587714,1.6518478656935133e-07,0.0033249564527395897,0.008519240066994293,0.09375397866480191,0.0003757696333197876,0.8931273159476991
3,logistic_regression,11144,3,3,4.383574603889628e-10,2.358077056096685e-13,2.240210744238569e-11,0.9988032693152098,1.4952884956209363e-07,0.00025882115738226717,0.0009377595375628715
3,logistic_regression,4035,2,2,0.01777868874849304,8.609844148831227e-05,0.931565266426981,2.3152278526966464e-08,0.03276987158960691,3.1730436442355402e-06,0.0177968785975079
3,logistic_regression,9488,6,6,0.00470712755512675,3.362617366042397e-07,0.003270914760467033,0.006721980190618334,0.0410663110169316,0.0006900435002002383,0.9435432867149195
3,logistic_regression,1985,5,0,0.65985837003822,4.643641273034417e-06,3.057647697782487e-05,1.0682577011020893e-05,1.2018287679162107e-06,0.3270221969840998,0.013072328453650332
3,logistic_regression,470,5,5,5.708607370587212e-08,2.126013544988074e-10,1.006474186024567e-10,0.0016890961349071644,7.514960626577027e-11,0.998259222935676,5.1623454944751654e-05
3,logistic_regression,13204,3,3,0.00027220870104063534,1.20276213332917e-08,2.5936865424738543e-06,0.5889679866858016,3.9099958528651985e-05,0.10046049827840202,0.3102576006620632
3,logistic_regression,1688,5,5,0.00010692079456490409,1.8164308788387648e-07,1.3316946251864042e-06,0.0005768229790781427,5.569944695810287e-09,0.9970700165963726,0.0022447207223266655
3,logistic_regression,13322,3,6,4.475688672840984e-05,1.6950268624307297e-08,3.3534385064024375e-05,0.32121157979501275,0.000443577590426229,0.001136142384387143,0.6771303920081129
3,logistic_regression,11852,3,3,2.511291715734884e-09,1.0230183827669266e-13,8.762971079010512e-10,0.9898811434012751,0.0006502131019433877,8.749128420461247e-07,0.009467765196248229
3,logistic_regression,5110,2,2,0.016009581962356887,0.000522474050240127,0.9833428787662435,1.0225202123935085e-13,0.00011787112599948158,2.0911674528156268e-08,7.173183383096681e-06
3,logistic_regression,6272,4,4,9.193092975820784e-05,7.708318239339137e-09,0.0006868315851075618,1.8293565432553622e-05,0.9811386338885557,7.361787298420049e-07,0.01806356614409798
3,logistic_regression,11099,3,3,5.202801845914571e-11,1.2506104172757841e-14,5.91514563590376e-12,0.999502451366818,4.3780151848873104e-07,2.053488980868043e-05,0.00047657588389929666
3,logistic_regression,12811,3,3,5.59209497350232e-07,4.089203600452487e-11,1.3831745658817896e-07,0.9162502938518308,0.0003233969910557951,0.0003977594939522893,0.0830278520953152
3,logistic_regression,8778,6,6,0.0003449334919540403,7.650511881294441e-08,0.0013915582322229808,0.01845383109380958,0.04280408599826845,0.00015269704381288792,0.9368528176348132
3,logistic_regression,13461,3,6,1.0170718841859683e-05,5.768697549515258e-09,0.00013352606049010795,0.11253347321708848,0.029470302811883637,5.341764831717708e-05,0.8577991037746812
3,logistic_regression,3446,1,1,0.0001258750430251103,0.9997871073757616,8.701758116214385e-05,1.6158283917557308e-35,8.589363996366074e-19,5.133061571956637e-14,1.3328680181660086e-21
3,logistic_regression,1526,5,5,3.1866945538247284e-05,3.077500851727612e-08,6.907369068625176e-08,0.0003582679584816665,1.1822066612200505e-09,0.9990012123494648,0.0006085517156095701
3,logistic_regression,4254,2,2,0.3915184330315397,0.0018239160374758166,0.6038201031180184,2.5918260080888393e-09,2.285155081391706e-05,0.001016185748705558,0.0017985079216206689
3,logistic_regression,1310,5,5,2.788116687901928e-06,1.942197625937777e-09,2.735252313792667e-10,1.6477901673895184e-05,8.886462742466665e-12,0.9999705655577354,1.0166199293685998e-05
3,logistic_regression,10229,3,3,2.1126386111558543e-12,7.451400622464535e-16,2.496542745201008e-15,0.9996419199792358,5.128278836851713e-10,0.0003509957523535854,7.083753466804099e-06
3,logistic_regression,5853,4,4,0.00018698128655471522,3.1584548735786335e-09,0.00015826551280377684,0.0002208299212935341,0.9355607503598466,8.383614001113385e-07,0.06387233139964622
3,logistic_regression,10270,3,3,2.5919959741642895e-12,1.5291433080637462e-16,4.070980038862545e-15,0.9999637706460099,2.257881507176768e-08,1.0902183169679072e-05,2.530458940933633e-05
3,logistic_regression,6292,4,4,8.13146975258128e-07,5.145841103849793e-11,6.372097185614795e-06,5.335676039480962e-07,0.9994164819728214,2.2741364335712934e-08,0.0005757764225907542
3,logistic_regression,3152,0,0,0.999125315136104,0.0001477527528615186,0.000725524860786341,2.246889419066694e-15,1.0986980323966359e-08,1.2375190882727793e-06,1.5874417738298845e-07
3,logistic_regression,358,5,5,2.2969237858409663e-08,1.4694854018849327e-11,2.355730198119374e-13,3.463122697853313e-05,1.0218731255626793e-12,0.9999645665671685,7.792206629714655e-07
3,logistic_regression,13062,3,3,1.6117792861928718e-05,7.37244480718632e-10,1.686558290862554e-06,0.6490618648921928,0.001092241903786322,0.0008908926392619643,0.34893719547636165
3,logistic_regression,2419,0,0,0.9979136421832417,3.019458376613942e-05,2.7256037677554545e-05,2.8330489628888277e-11,4.905875087329718e-09,0.0020145507737363315,1.4351487372685875e-05
3,logistic_regression,13183,3,3,1.8043541336793232e-05,3.01512457004246e-09,3.485307231879582e-06,0.6996005240515707,0.00012793236505255937,0.008248644826790379,0.29200136689289313
3,logistic_regression,7261,4,4,1.2706032994367775e-05,2.0880957265095703e-07,0.024719754187622532,2.275478868041515e-10,0.9743746870157528,1.799189837073692e-10,0.0008926435465906156
3,logistic_regression,8058,6,6,1.0072175995767628e-05,5.764379358228798e-09,7.812191689396953e-05,0.13137979489095994,0.010639367313002874,0.00011240263521205097,0.8577802353035561
3,logistic_regression,13395,3,6,0.001064373117211933,2.107084251894294e-07,2.1365642213025726e-05,0.20797999978323503,3.310130721529021e-05,0.19884339949828292,0.5920575499434166
3,logistic_regression,11954,3,3,6.753448349748865e-09,1.6191448981666306e-12,1.6100963455517708e-09,0.9907792710954452,8.683078250506511e-06,0.00013983803534521868,0.009072199425795457
3,logistic_regression,2613,0,0,0.9978947702300404,0.00019976357496810328,0.001275688105524172,3.358296970663233e-11,9.054720581370448e-09,0.000611173628870639,1.859537229330856e-05
3,logistic_regression,3783,1,1,1.4813961969430904e-07,0.9999948143859583,5.037474422024245e-06,3.06609209328661e-46,5.800868154380049e-21,1.3904461308846965e-20,2.1692073671112119e-29
3,logistic_regression,6189,4,4,6.147482216717366e-09,4.6982233382396574e-12,2.3967006740892218e-06,1.5725871682169882e-08,0.9999216655146171,2.306045677231026e-11,7.591588359631327e-05
3,logistic_regression,13172,3,3,6.7328977381754345e-06,4.167965107441985e-10,1.9395813054923403e-06,0.7867554016300047,0.0006817998481481404,0.0006140038753223474,0.21194012175068472
3,logistic_regression,7119,4,4,1.6389338086089037e-05,5.890732561271116e-08,0.011374918881082186,1.150522194758335e-09,0.9880852425501199,4.866877383999735e-10,0.0005233886861762866
3,logistic_regression,2035,0,6,0.015060759836158913,9.820404206026844e-07,0.0005273135233389005,0.02983672707688675,0.0003534305822813228,0.06976514273306396,0.8844556442078495
3,logistic_regression,11095,3,3,7.512134114309877e-11,4.814200679991234e-14,4.346715011641225e-11,0.9977947537730817,5.676707589823054e-06,2.5668790354359105e-06,0.002197002521656372
3,logistic_regression,3156,0,0,0.999962111157835,6.455902679350698e-06,3.109656780180049e-05,2.5331152146715397e-17,2.1962505201674352e-07,9.280532776723164e-08,2.3941304129369298e-08
3,logistic_regression,6364,4,4,3.568484440262161e-08,4.7131345158285606e-12,1.342279471914455e-06,1.6008478565397414e-08,0.9999454262843673,8.63067407286259e-11,5.317965181774505e-05
3,logistic_regression,5259,2,2,0.0022560948986811136,0.0009313860554353061,0.9968113458294167,9.314848862016497e-16,8.537256152151541e-07,3.6766995146233943e-10,3.1912318093091225e-07
3,logistic_regression,11580,3,3,6.481285812276466e-10,1.6844697725404695e-13,4.13392797555568e-10,0.9941927265145161,2.6383422395744732e-05,2.3997405838369304e-06,0.005778489260814753
3,logistic_regression,7550,6,3,3.6241754881373753e-05,1.812636076562466e-09,4.057208271803413e-06,0.5734013439912802,0.0008524955365316447,0.0005575343624154175,0.4251483253339835
3,logistic_regression,11519,3,3,2.3786241779121223e-08,3.954626614918444e-12,6.150288710568048e-11,0.985972716593749,2.773866143090631e-07,0.010172429398582546,0.0038545527693549693
3,logistic_regression,8374,6,6,0.0012699662905410448,1.5645951844865325e-07,0.000303509114663665,0.11840914790442794,0.0007067831669616029,0.011980465882551469,0.8673299711813359
3,logistic_regression,2232,0,0,0.9963150208251964,6.6984977066242e-06,0.000831353387239251,2.8119850060353743e-08,3.666649842658562e-05,0.0004315384572504415,0.0023786942143305227
3,logistic_regression,9559,6,6,0.000608288156762145,3.3671991505071665e-07,0.005869645055191982,0.00242405422379542,0.06877382970020773,0.0001624031817515143,0.9221614429623762
3,logistic_regression,13404,3,5,0.0010907864959271143,1.285574399516262e-07,1.6386166962354096e-06,0.052930747420957845,1.4606444701006845e-06,0.8450757120415762,0.1008995262229326
3,logistic_regression,5719,4,4,1.0845035806771596e-09,4.924941118010148e-15,1.0760692457124248e-09,3.9025464629378636e-08,0.9999962727000692,3.077525151563683e-12,3.686110810891931e-06
3,logistic_regression,10926,3,3,2.1632432575185534e-10,4.800746348335248e-14,4.372396746985352e-12,0.9994560751244896,1.208996806886501e-07,8.329002140411256e-05,0.0004605137336810402
3,logistic_regression,10100,3,3,1.5584986479640188e-08,6.023978958637666e-18,1.425321807377465e-16,0.999633973900771,0.00021285821751662308,2.476918889340291e-09,0.00015314981980669624
3,logistic_regression,12098,3,3,7.891817629532056e-08,1.3425016173218759e-11,5.11143445618938e-09,0.9821843768415778,5.384220403358819e-06,0.0007389781715503779,0.017071176723432804
3,logistic_regression,3221,0,0,0.9997355421581249,0.000149102496977346,0.00010979907546298991,8.354045251174475e-17,1.1951897821216656e-10,5.549409346903821e-06,6.740569028950637e-09
3,logistic_regression,310,5,5,5.731578411425754e-07,8.184926921703355e-12,4.1396918520789143e-14,1.3524027140381124e-05,2.5747845959920493e-12,0.9999850235658249,8.792383922961043e-07
3,logistic_regression,9099,6,6,0.0014374729114145762,9.380427524455092e-07,0.0018151759860373321,0.028068728240839152,0.0006450460920042192,0.026659017526475946,0.9413736212004764
3,logistic_regression,5866,4,4,0.00028097646604614384,1.148334870980092e-08,0.0006783441816810563,0.0007032012068810734,0.8569973283210238,3.56758608305344e-06,0.14133657075493614
3,logistic_regression,2503,0,0,0.999583315583462,6.927016633346389e-06,0.0003043182487741584,7.167536980423508e-11,1.0657196441360224e-06,6.063550040856576e-05,4.373785940210088e-05
3,logistic_regression,5857,4,6,0.0002994953312205709,4.79425140812209e-08,0.002007551151178618,0.0019005519155577647,0.4653704434515014,1.2257463498482272e-05,0.530409652744529
3,logistic_regression,6003,4,4,4.058737736466897e-06,3.2830812689533936e-10,3.155833677176767e-05,1.760865228060607e-05,0.9866836265589368,5.456860145760583e-08,0.01326309281736484
3,logistic_regression,8750,6,6,0.000323428675543395,1.0623765004520324e-07,0.0006856275940194474,0.05106810734262896,0.004260336721014514,0.0023556229233434333,0.9413067705058002
3,logistic_regression,2021,5,0,0.9514048881697178,3.099755999594182e-06,5.486651733013514e-07,1.4323136673759577e-09,6.598719352489777e-10,0.04856954429917465,2.1917017749264203e-05
3,logistic_regression,5555,4,4,2.2649052043564694e-08,2.2108562821442192e-12,4.5124083866402426e-07,0.004535271166474109,0.9709969292511703,3.1625608942898003e-09,0.024467322527693115
3,logistic_regression,12099,3,3,2.027209562024183e-08,2.3308831963919433e-12,3.2406832406144095e-09,0.9880949254030943,1.3225335670650441e-05,5.0853851470591506e-05,0.01184097189465471
3,logistic_regression,4714,2,2,0.005469996384028912,6.980396586785494e-05,0.9903123184955146,1.4346499883803685e-12,0.004095581406390869,4.764399391729717e-10,5.2299270323185584e-05
3,logistic_regression,9535,6,6,0.005193280686681085,3.123826936881684e-06,0.006200224588304333,0.0022657545919300653,0.0016938588679781673,0.000807353702918901,0.9838364037352506
3,logistic_regression,5181,2,2,0.011714301686323158,0.000825324277089195,0.9873736891891791,1.826866330131529e-14,8.253660204180307e-05,1.5879869119322774e-08,4.1323654795024035e-06
3,logistic_regression,939,5,5,4.9286422901426675e-05,1.0672824483426463e-08,7.00951160003575e-08,0.026087532778529855,8.304754234202049e-08,0.9626233462137078,0.011239670769378074
3,logistic_regression,6728,4,4,1.1976758249219756e-06,6.925498481278319e-10,0.00015242090615039488,3.2019084688316315e-08,0.9995675722681899,6.238953558208227e-09,0.00027877019924675567
3,logistic_regression,9520,6,6,0.015082219213109588,1.8142233547743217e-06,0.004640300434961335,0.004008529195908941,0.004185352244538585,0.003032549272306268,0.9690492354158204
3,logistic_regression,2234,0,0,0.9999164593603274,6.156234215610223e-08,2.1233367031323175e-06,1.857180784760888e-10,1.1657358227997591e-05,6.516252489202765e-06,6.318194419219478e-05
3,logistic_regression,5451,2,2,0.025682443169427565,0.00561520610524919,0.9687001998707216,3.9483177849064317e-17,2.0889079818166372e-06,1.8365417819320894e-08,4.35812020287231e-08
3,logistic_regression,1974,5,5,0.04813936883487468,2.7714701641844098e-05,0.002993108691917434,0.0011618798728518626,1.1978244893442279e-05,0.7317123579116525,0.21595359174216824
3,logistic_regression,3745,1,1,7.135496488777322e-07,0.999989345466046,9.94098430518197e-06,3.786616886973338e-45,9.612608644554218e-21,9.252141920653565e-22,3.157071001259659e-28
3,logistic_regression,2756,0,0,0.9999849208679155,1.0632481020327845e-05,2.6373614951832366e-06,5.387558509389639e-15,4.2199710142836586e-10,1.6772617520332276e-06,1.3160581440396296e-07
3,logistic_regression,4671,2,2,0.038139382796977865,0.00046216651396637013,0.9610355592679968,6.351677358744657e-12,0.00025279506453632924,3.239372285261626e-07,0.00010977241294238285
3,logistic_regression,1629,5,5,0.0019586207875888144,5.561284724042938e-07,2.6665373911936335e-05,0.018113063175685503,1.1067457028623508e-06,0.895064371025976,0.08483561676266235
3,logistic_regression,10772,3,3,1.7036000637754922e-11,3.317420496740178e-15,4.216291054879069e-12,0.9995497984679177,3.410273101746982e-06,4.864661639788999e-07,0.0004463047715607314
3,logistic_regression,2024,5,0,0.5486415664111909,0.0003256378719258122,0.21305079586201378,2.0964781621456755e-05,0.0004408793960713527,0.04849836746570992,0.18902178821146687
3,logistic_regression,9051,6,6,0.00034400216698773326,2.7650593899525336e-08,0.0004098957438188992,0.0061273911226179985,0.14102777376096004,4.45769130421604e-05,0.8520463326419793
3,logistic_regression,6702,4,4,0.014081125535425367,7.951724495023878e-08,0.0006742047222459819,8.494325890114293e-09,0.9682788652165374,6.80561236885683e-11,0.016965716446164476
3,logistic_regression,4016,2,2,0.20647473803684402,0.00019903794535057004,0.7643962319944514,3.928082643587511e-08,0.006356500215122121,4.2653139442145495e-06,0.022569187213461222
3,logistic_regression,28,5,5,8.673876750529528e-08,1.4751329960164377e-11,2.5543303313323373e-12,0.03605934391189628,3.3509318110793696e-10,0.9638499610025639,9.060799437353734e-05
3,logistic_regression,12097,3,3,4.455404614215297e-08,3.11538066464636e-12,7.3438126248095554e-09,0.9774344001845676,9.04513506160434e-05,2.452681901540205e-05,0.02245056974482664
3,logistic_regression,8346,6,6,0.0026811373929860774,7.124504498379873e-07,0.0001623837277060614,0.0850529705852572,4.9633399865656656e-05,0.26091620882881905,0.6511369536149161
3,logistic_regression,701,5,5,6.808782815282637e-07,1.587906382824727e-10,6.226204419432553e-12,4.168023959327794e-05,9.54178848820589e-12,0.9999517034794272,5.935228139427492e-06
3,logistic_regression,5715,4,4,7.071207264093036e-09,2.3667647836541237e-12,1.0279393946855136e-06,3.539109913576225e-05,0.9975466200553592,7.67753064389921e-10,0.0024169530647831735
3,logistic_regression,5162,2,2,0.001035176096460102,0.00012639006584743296,0.9975454668656437,3.673156597217567e-15,0.0012910227598941263,7.170795209083762e-11,1.9441404427646727e-06
3,logistic_regression,2187,0,0,0.9996765692876939,5.115995900749929e-07,1.1616357552819421e-06,3.077441846842917e-10,8.109505237965577e-08,0.00026977034786468943,5.19057262995227e-05
3,logistic_regression,8143,6,6,0.0004555101277163345,1.4051794705296736e-07,0.0001556841328705877,0.1460511600954414,0.0002822304812661491,0.011914783447749622,0.8411404911970088
3,logistic_regression,7693,6,6,2.4493040542653975e-05,2.543822486563658e-09,5.800050011468774e-06,0.3062962164873747,0.002556162857298135,0.0012327290805264422,0.6898845959404242
3,logistic_regression,1080,5,5,8.711557319807558e-08,1.373328812161636e-10,2.480415183002252e-12,1.4631177352183887e-06,1.6032699273990901e-13,0.9999981824051837,2.6722153446595816e-07
3,logistic_regression,474,5,5,5.059212816770009e-07,7.651026337144331e-10,1.173630956610274e-09,0.013542615729499078,1.322276155455758e-09,0.9858945762185164,0.0005622988696929573
3,logistic_regression,3091,0,0,0.9998996928464972,4.8036444607898226e-05,5.185246719454003e-05,3.469977916513728e-16,8.073875354435726e-10,3.824120283313211e-07,3.5022284079069545e-08
3,logistic_regression,12603,3,3,1.1794025878207934e-07,1.8510673971057704e-11,1.0135812283131418e-07,0.8106126137399335,0.003491330180799542,2.2451128617170265e-05,0.18587338563375755
3,logistic_regression,12590,3,3,3.185102433561689e-06,3.4034672491854866e-11,3.087375873918638e-08,0.8866011347741579,0.0004064961012589698,0.00041301362699741097,0.11257613948735866
3,logistic_regression,2821,0,0,0.9995097156542068,5.853619614227761e-05,0.0004105666361628476,3.4931920337455966e-13,8.483900676805413e-08,1.6612065456087154e-05,4.484608676059605e-06
3,logistic_regression,8418,6,4,1.881271687804331e-08,4.262068468771506e-11,3.671355122632763e-05,5.370919456676508e-05,0.976509429547413,6.009771738023561e-12,0.023400128845446497
3,logistic_regression,1045,5,5,3.7733242668907675e-06,1.1054571123928083e-09,2.2380456707317831e-10,9.259345028578472e-05,4.960369666252634e-11,0.9998695673608866,3.406448569527443e-05
3,logistic_regression,5710,4,4,5.5688092255097434e-05,7.757927645963013e-09,0.00043295041261566406,0.01265571287962796,0.5371803120379806,3.0040140265210966e-05,0.4496452886793279
3,logistic_regression,748,5,5,4.675838813434922e-05,1.1682226022237762e-08,1.4029634728035895e-07,0.12100889612005906,2.915015042422302e-07,0.8487650671454133,0.030178834866315674
3,logistic_regression,9377,6,6,0.0041447703160329905,1.2530437189471924e-06,0.007620069550713088,0.006740129214317383,0.008222620321322937,0.003894772609358844,0.9693763849445358
3,logistic_regression,11441,3,3,4.6432905969617364e-09,9.074091037955342e-14,5.132335357926307e-11,0.9974326144105372,6.344027260358611e-06,2.3780511427021608e-05,0.002537256356070867
3,logistic_regression,3428,1,1,0.0002726862504987479,0.999026388813232,0.0007009249361835145,3.2293334028234767e-34,1.7050869115316637e-17,8.583633104255261e-14,1.5106404158644582e-20
3,logistic_regression,2955,0,0,0.9992093240937244,5.5259968027991093e-05,0.0007310719608314858,4.274759289936863e-14,1.2601829558815175e-07,2.8713284784637807e-06,1.3466305990192343e-06
3,logistic_regression,6471,4,4,4.2762041277332676e-07,1.3671599655161375e-10,2.968527665430208e-05,3.9380042721653546e-07,0.9992536574402727,1.1695138571977036e-08,0.0007158240303783121
3,logistic_regression,5877,4,4,5.521820824479034e-07,1.718630359654485e-10,4.864992218697445e-05,3.427961060071379e-05,0.9851504502815268,2.666791685365428e-09,0.014766065164948343
3,logistic_regression,12637,3,3,1.0646140548563193e-05,7.644335922098751e-10,5.7040514511004957e-08,0.868884775307161,3.903216707024826e-06,0.0685273523138009,0.06257326521683412
3,logistic_regression,8804,6,6,3.8067350350670235e-05,1.7179884031159096e-07,0.0012625745232842888,0.0075689279912801825,0.003510208103668232,4.5511815084241805e-05,0.9875745384174921
3,logistic_regression,389,5,5,2.062897955974256e-06,1.3568617741229012e-10,3.713852572426086e-11,0.0026187847773152767,5.26729442764564e-10,0.9972318742906701,0.00014727733450464387
3,logistic_regression,3519,1,1,7.567513721952159e-06,0.9938932302167383,0.006099202269469667,6.5299745588500234e-37,7.011702283768885e-14,1.6629742254396195e-17,3.196671601313687e-21
3,logistic_regression,7157,4,4,9.234607856597183e-05,1.503415291404537e-08,0.0009381293601930396,1.3799370240694933e-09,0.9987949300809161,1.0078520790173688e-08,0.00017456798771416516
3,logistic_regression,7667,6,5,0.0005621736240074191,6.434370820943646e-08,1.7936873684025287e-06,0.144348211169125,1.999972906641397e-06,0.7375507010597459,0.1175350561431384
3,logistic_regression,8633,6,6,0.0004880433387367969,7.548218594518082e-08,0.0013685260836673557,0.0048814944658090885,0.027536843545471163,4.326258416724574e-07,0.9657245844582879
3,logistic_regression,5001,2,2,0.0003431759725356661,0.0001290918812608362,0.9994581997314606,3.794538237304389e-14,6.498124628057737e-05,1.9326609543398496e-10,4.550975158325276e-06
3,logistic_regression,6317,4,4,6.545884725774142e-10,1.5357337864846222e-12,2.2038787238617817e-06,9.283989564804757e-10,0.9999877582138946,2.0282827570826292e-13,1.0036322655460786e-05
3,logistic_regression,11398,3,3,3.014082344114197e-09,1.2526527266255248e-13,5.7057523025355166e-11,0.9980695366496051,2.0997220458815544e-06,3.125548542160352e-05,0.0018971050716623712
3,logistic_regression,6712,4,4,2.2351070438022816e-05,9.060828602182701e-10,6.246476539552747e-05,5.7359733163835644e-08,0.9992397250268864,1.3077262634664454e-08,0.0006753877942015213
3,logistic_regression,12035,3,3,7.917911330456365e-08,1.365916991990018e-11,1.4986678286196928e-09,0.9840294256268047,1.5008671496853899e-06,0.003943783873139867,0.01202520894146533
3,logistic_regression,8413,6,6,0.002591013124388104,6.317165779020197e-07,0.0003168530524077571,0.055406330139199135,0.00020180611223886839,0.04899868360040753,0.8924846822547807
3,logistic_regression,10575,3,3,2.2921351261772755e-12,4.497360101861702e-16,5.811704968513572e-13,0.9998763571416991,1.190541842293843e-06,2.9154109188928037e-07,0.00012216077249302388
3,logistic_regression,10275,3,3,4.679173492863702e-13,4.9581353891137655e-18,5.908075360221548e-15,0.9999555906318621,8.355996207331177e-06,1.1200702595137192e-08,3.604217075423816e-05
3,logistic_regression,8701,6,6,0.0010977683944899334,2.34907630742075e-07,0.0010347668908117752,0.039676160180067484,0.0028504702625088384,0.003396938510431455,0.9519436608540599
3,logistic_regression,3276,0,0,0.9944386063980114,0.005177939323852084,0.0003608386054380928,7.005604933695327e-18,4.545578766699539e-12,2.261395485482564e-05,1.7132980682701438e-09
3,logistic_regression,1932,5,5,0.00020428623807129727,4.802600001701278e-07,4.5823257924342645e-07,2.538785469256684e-06,1.2900475992055463e-10,0.9997055802798368,8.665607503841021e-05
3,logistic_regression,11050,3,3,1.4017338983585252e-10,2.8342823842600677e-14,2.682724262232656e-12,0.9995233125930756,5.395418353517121e-08,0.00017240503427046346,0.0003042282755861203
3,logistic_regression,1033,5,5,6.379760941593072e-05,2.859912632293225e-08,6.368678991167644e-07,0.07859385834996209,5.617829805880917e-07,0.8749975661576931,0.04634355063292286
3,logistic_regression,13309,3,3,9.803808613710309e-05,1.8018013572105283e-08,1.4031189195692831e-05,0.5584896323240804,8.759765805825464e-05,0.02676483091337808,0.4145458518111369
3,logistic_regression,5316,2,2,0.13035816000586894,0.0020187542136741814,0.8674536874402927,4.253223836194579e-15,0.0001675813018712302,1.142713207476705e-07,1.7027669679168034e-06
3,logistic_regression,11945,3,3,2.9992697484727775e-08,9.004402409680865e-13,2.9537944109465283e-09,0.9854350686621628,0.00018316911354534807,1.1622259895111354e-05,0.014370107017004365
3,logistic_regression,6368,4,4,1.6985118269785124e-05,7.99903022346297e-09,0.0011680161686549394,1.8034667622056629e-06,0.9870277632215879,2.3652164340234886e-08,0.011785400373530626
3,logistic_regression,13082,3,3,5.778743590512905e-05,1.6149293472965974e-08,1.921564074395927e-06,0.6700993731809592,6.169908908462852e-06,0.1478115627801984,0.1820231689806609
3,logistic_regression,3240,0,0,0.9999658786734609,2.4552226496002138e-05,9.54372287713346e-06,1.0737168910100123e-18,2.3946518488230084e-10,2.398085852307429e-08,1.1568422845984289e-09
3,logistic_regression,7419,6,3,2.827513859422777e-06,4.58397052036033e-11,7.192751596084607e-08,0.8582477448033776,0.0006884559948963085,0.0002668948743455939,0.14079400484016547
3,logistic_regression,12912,3,3,1.9917623226472507e-05,4.803000075323938e-09,7.215175447254388e-07,0.7925058427086367,7.177064251380644e-06,0.07167227393689708,0.13579406234644348
3,logistic_regression,10137,3,3,7.667575139364921e-14,1.9463317465137806e-17,1.6231663773774374e-15,0.9999920783700937,1.807902140448777e-08,5.056136690938857e-07,7.397937137399802e-06
3,logistic_regression,11545,3,3,1.1896046734535194e-08,1.6457500828473281e-12,1.1359348657932274e-10,0.9961593715759717,2.107444607211173e-07,0.0015743729734097043,0.0022660326948720226
3,logistic_regression,11048,3,3,2.810910973834855e-10,2.948659957598134e-14,9.655474665564908e-12,0.9993678205570665,4.6220058334395016e-07,1.3964064013470357e-05,0.0006177528875606718
3,logistic_regression,12668,3,3,6.072769031875895e-07,9.58976642269053e-11,3.153135677244192e-07,0.9063481652532337,0.00019541552532816058,0.0001607104816357883,0.09329478605343389
3,logistic_regression,9035,6,6,0.00025465210831529506,8.260663089570968e-08,0.0013278536089243774,0.0066388008604346075,0.03357294502065482,1.9992569718201348e-05,0.9581856732253218
3,logistic_regression,9547,6,6,0.022484611816095026,9.849698614987942e-06,0.012462292851595756,0.0038262530051991865,0.0007501716724359757,0.025791841019983767,0.9346749799360753
3,logistic_regression,201,5,5,1.722788342159479e-06,3.396775784355604e-10,1.8788652491885024e-10,0.020429681969127818,5.711160696494264e-09,0.9786471897546668,0.0009213992491383455
3,logistic_regression,2243,0,0,0.997145730147549,8.387084710741588e-06,0.0006374850634050476,1.726248446373535e-08,1.6310958768297388e-05,0.0002535186159927385,0.0019385508670894335
3,logistic_regression,993,5,5,4.032694729197747e-05,1.389877133692249e-08,1.1135607044631542e-07,0.024769661009060372,3.7423383945262045e-08,0.9670850987400456,0.00810475062537646
3,logistic_regression,1405,5,5,5.404005391644741e-07,1.00930029479934e-09,6.11145033320346e-11,2.005156197012401e-06,8.409302190356188e-13,0.9999961156975555,1.3376744523378783e-06
3,logistic_regression,1797,5,5,5.976857354604164e-05,8.51272838229176e-08,6.893293911796611e-08,1.3626026808715348e-05,2.1784145870078687e-10,0.9997984441428814,0.00012800697869948445
3,logistic_regression,2956,0,0,0.9980468026162027,3.9847616067457695e-05,0.0019001407183008678,1.0007105416116523e-13,6.808210126722495e-06,1.5896139105376663e-06,4.811225291531173e-06
3,logistic_regression,3315,0,0,0.9756595535850986,0.014463673182753945,0.00987640011404821,3.85411656963134e-18,2.1377673112366238e-10,3.679228149563277e-07,4.981507429957866e-09
3,logistic_regression,8453,6,6,0.00021809648188731006,3.002877982829173e-08,0.0003731198969186288,0.05293940404711923,0.024910505889379805,0.00038133201976521194,0.9211775116361499
3,logistic_regression,10537,3,3,3.88584937038386e-10,6.089340693758432e-15,1.7461179189552178e-13,0.9997908751884201,9.33070451968203e-08,3.185073961873668e-05,0.00017718037615029297
3,logistic_regression,11142,3,3,1.6210429191739672e-10,9.44498947912631e-15,6.858193780127437e-12,0.9993661280172392,1.5534237477161967e-06,7.993212343469276e-06,0.0006243251776973573
3,logistic_regression,10156,3,3,5.862573673887331e-14,1.0298099087324897e-17,2.2021192085187043e-15,0.9999920730150208,3.781264650145767e-08,4.4438918378805686e-08,7.844733353359376e-06
3,logistic_regression,6694,4,4,5.444119382953082e-05,8.712273591680883e-09,0.0005679307416517617,5.573929257821456e-07,0.9944742454988905,2.82139399497963e-07,0.004902534321029442
3,logistic_regression,5996,4,4,6.66246224864086e-09,1.7289999023991444e-12,7.593974995827769e-07,1.405391311424637e-07,0.9998743722631809,6.874061213550792e-11,0.00012472106725673423
3,logistic_regression,6045,4,4,1.1146272660622168e-06,5.3592915800422304e-11,7.157749802792433e-06,6.369129361651585e-06,0.9974113618941743,2.1924228941284618e-08,0.00257397462157333
3,logistic_regression,10647,3,3,4.709991541736781e-11,7.232385025556564e-15,5.009336665577377e-13,0.9998178073346247,4.36982150412485e-08,4.8170607350717355e-05,0.00013397831220143044
3,logistic_regression,5612,4,4,1.8367183584171338e-07,3.1447248073774812e-12,3.4160223344858684e-07,0.001021502595661048,0.9817272568550193,5.519712172226925e-09,0.017250709752393397
3,logistic_regression,9093,6,6,0.012534430830203933,2.561592690999994e-07,0.00029875888433565233,0.014074624822115547,0.004460179753611065,0.01819666971420408,0.9504350798362606
3,logistic_regression,1900,5,0,0.8238948228228244,7.760979166264232e-08,9.721610064030998e-09,1.8447287233766116e-07,9.052061572185582e-08,0.1755477613271328,0.0005570535251528154
3,logistic_regression,11812,3,3,6.299720307095529e-07,8.633992398271303e-12,4.078282633387598e-10,0.9851196252902659,2.6670977399223386e-06,0.0018519642931440418,0.013025112930357014
3,logistic_regression,10616,3,3,4.1170734654932175e-11,1.3544297048291921e-15,3.01986166054833e-13,0.9998375286272406,3.672090552963394e-07,3.0560538872853827e-06,0.00015904806834298284
3,logistic_regression,13338,3,3,2.202965500581096e-05,6.177761901078497e-09,9.204759946857345e-06,0.5550318052295774,0.00020699462842279427,0.006212771433196559,0.43851718811608864
3,logistic_regression,2344,0,2,0.3592422308555562,0.0007496541654454438,0.5494974804520221,9.021068130752706e-07,0.0009490250439708868,0.004758990488238628,0.08480171688795382
3,logistic_regression,8937,6,6,0.0036063923455366123,6.354183215217096e-07,0.0006583450759527636,0.045041420801039594,0.0004245795700737993,0.0464955016306988,0.9037731251583769
3,logistic_regression,3055,0,0,0.968147204825988,0.0007859315209510152,0.03105123688862162,2.4722979747677132e-14,6.430620068113095e-06,3.3556231686735184e-07,8.860582029348113e-06
3,logistic_regression,2418,0,0,0.9717041320601703,0.00013880214403423356,8.066468763929682e-05,1.5181380030179262e-10,2.199933237516404e-09,0.028050290039272494,2.6108717136805842e-05
3,logistic_regression,498,5,5,2.0455080794176765e-09,7.874903365400716e-12,4.048462101616413e-14,2.5263263681693746e-06,1.178371172687275e-13,0.9999973883085442,8.33115463448911e-08
3,logistic_regression,2246,0,0,0.952554295287052,8.070039969545052e-05,0.02294948527189978,4.545915210648268e-07,0.00015119154886671177,0.0014433497377514988,0.02282052316321348
3,logistic_regression,10597,3,3,4.971513117791026e-12,3.697681215407451e-16,2.6245941864012633e-13,0.9998887258469418,6.07332104846769e-07,3.2820555818761497e-07,0.00011033861016066872
3,logistic_regression,5559,4,4,6.716505125877874e-11,1.3360525311956226e-14,8.260640874357758e-09,7.609684936938087e-05,0.9984426180032034,7.512426629927e-13,0.0014812768188564578
3,logistic_regression,11784,3,3,2.4078034695965293e-08,2.1152224754595563e-12,2.3580938569738076e-10,0.9954187780928837,4.156033991583464e-07,0.001012148315126535,0.003568633672631208
3,logistic_regression,2831,0,0,0.9995189914193469,6.145195234332421e-05,0.00040211470594934956,3.053104798715498e-13,9.866297732961656e-08,1.2644566416997121e-05,4.698692660849636e-06
3,logistic_regression,2130,0,0,0.545111754608439,1.378364224490378e-05,0.034794955266520836,3.057392153490013e-06,0.12594840923600648,1.9370410211871096e-05,0.2941086694444234
3,logistic_regression,10303,3,3,5.142659940446856e-12,3.399786844480583e-16,1.4109960393175912e-14,0.9999575420491484,3.2608155241252906e-08,5.613584471618864e-06,3.6811753067588645e-05
3,logistic_regression,10615,3,3,4.84637965686628e-13,1.895465534908206e-17,1.2578128692581996e-13,0.9998142229928775,6.615730989106893e-05,7.985225664390554e-09,0.00011961171139508787
3,logistic_regression,8160,6,6,3.904024800437376e-05,6.285208142970893e-08,0.00026621921343586533,0.028282629619273206,0.0020362154605354007,7.135867254128151e-05,0.9693044739341283
3,logistic_regression,11578,3,3,3.816165159298987e-09,1.5665565336511671e-13,8.566489960030836e-11,0.9973442970619336,3.2342621307801107e-06,5.860823585475929e-05,0.0025938565380942092
3,logistic_regression,6724,4,4,9.604731517688366e-07,5.769454037145158e-10,0.0001392392111412978,5.834817164551575e-09,0.9996828678016406,4.0883804898212485e-10,0.00017692569346563667
3,logistic_regression,11494,3,3,7.921987272003616e-10,2.0016843113610802e-13,7.675019673372026e-11,0.9982996609366128,6.226315522877697e-07,0.0001000390999788152,0.0015996764627069836
3,logistic_regression,9361,6,6,0.00038975302189378307,4.3693606767326585e-07,0.002177973760124382,0.0033420111505999685,0.009204326651829403,0.0010584537820452601,0.9838270446974396
3,logistic_regression,12289,3,3,3.3024054155744214e-09,2.6269252170511415e-13,5.238064817290832e-09,0.9741568251741963,0.003519655258713515,1.4726023574044395e-06,0.022322038423999616
3,logistic_regression,3793,1,1,4.74300216450598e-09,0.9998527650086495,0.00014723024834836828,3.3836640234321643e-47,2.7321834504822074e-17,6.388260385378569e-24,6.481266550066043e-29
3,logistic_regression,3960,2,2,0.0740534103682405,0.000190393452469002,0.852252709024303,3.2895829539187245e-07,0.0050556748947403396,9.334131375485878e-06,0.06843814917057632
3,logistic_regression,536,5,5,5.600699897029778e-06,1.3727540255917533e-09,1.9660850982863393e-09,0.016018661089201837,4.0885545967050564e-09,0.982718366577991,0.0012573642055164183
3,logistic_regression,8094,6,6,0.00013644774907702514,2.0504427016167354e-08,4.174325159951589e-05,0.0524483457092067,0.0032397132895594697,0.000586924917879147,0.9435468045782511
3,logistic_regression,8117,6,6,0.001369077229452665,1.8415030681453736e-07,6.08626736666863e-05,0.2067212115032155,7.755350158975314e-05,0.10977098510134824,0.6820001258404202
3,logistic_regression,7692,6,6,3.7477875885874227e-05,6.09964521673595e-09,1.03151370555211e-05,0.45270595460586466,0.0005232000890892219,0.00421325261259038,0.5425097935798691
3,logistic_regression,6320,4,4,1.0944121443385557e-05,1.535152441895461e-09,0.00021662878074960292,6.970764441642234e-07,0.9976896085318586,2.8966792397384714e-08,0.002082090987559279
3,logistic_regression,6896,4,4,6.291979440615935e-09,4.646970692541912e-11,3.778307183281521e-05,2.7934073670656346e-11,0.9999521003502116,2.1659775934302526e-13,1.0110211355784299e-05
3,logistic_regression,6419,4,4,1.842167925622426e-07,2.5563518820254405e-09,0.0012564084565180667,5.814978618350261e-07,0.9893318853116053,5.761955797827419e-10,0.009410937384674873
3,logistic_regression,3179,0,0,0.9015399028534595,0.003723141183269578,0.0947284276252998,4.4976512312909647e-14,2.056806663453706e-07,5.550961386259995e-06,2.7716958734153395e-06
3,logistic_regression,2252,0,0,0.9977924215387389,6.137761387046777e-06,0.0009098074833104326,1.2496070607257308e-08,1.465171167822264e-05,4.1376836518134836e-05,0.0012355921722967244
3,logistic_regression,13533,3,6,0.0006574659974964134,8.316003394462604e-08,0.0001263002151590305,0.0881909990232832,0.0011439011125796829,0.006753285208394792,0.9031279652830528
3,logistic_regression,395,5,5,2.2015802490947423e-08,4.4041158921845094e-11,3.5624307621090625e-12,0.00019798299283163844,4.343805924441663e-12,0.9997979781241774,4.016815240996999e-06
3,logistic_regression,9153,6,6,0.0015721090196599322,2.2427511413007388e-07,0.001305689377660337,0.013840246287089322,0.009843713593680255,0.0012413592969477238,0.9721966581498482
3,logistic_regression,12369,3,3,8.614596679519927e-08,1.761498459725595e-11,1.144034154024681e-08,0.9743821196861028,9.831748567823413e-06,0.0008486362087275966,0.024759314752678317
3,logistic_regression,1793,5,5,6.857441919293165e-05,2.363406220465435e-07,2.84945164068406e-07,2.1522713701427715e-05,6.318368290938331e-10,0.9996020052538103,0.00030737569567247246
3,logistic_regression,10627,3,3,4.386790724330379e-11,1.755762963947954e-14,1.1323099804545946e-12,0.9997257184059715,8.519209043288861e-08,2.566183604306893e-05,0.0002485345208770889
3,logistic_regression,11238,3,3,1.1060007194168895e-08,2.836238655542895e-12,1.7379552854253878e-11,0.9763572845804313,2.1938382617768528e-08,0.02270435265744661,0.0009383297435165036
3,logistic_regression,5245,2,0,0.9536839150125737,0.0003745248194884542,0.045475373817134276,5.921875390312946e-16,0.00046523084299822284,9.682705676613785e-08,8.58680748214354e-07
3,logistic_regression,3507,1,1,0.00020715150736739916,0.9997074138665892,8.543462603238677e-05,4.669407821997972e-37,5.166328176828954e-19,1.0801891366312587e-14,7.531060053522812e-23
3,logistic_regression,9967,6,6,0.0777288846877498,3.47306423122124e-05,0.13505265619393783,0.0002025377327256258,0.013860935367309228,0.0020842821538171862,0.7710359732221481
3,logistic_regression,8036,6,6,0.00017421696062311977,1.1934449327483774e-08,3.7684544384849625e-05,0.09984765953731668,0.006106717394031014,0.001111946064197149,0.8927217635649979
3,logistic_regression,362,5,5,1.3541940386575598e-06,6.765698248192682e-10,1.9966436656976246e-09,0.06383821055106845,6.375086274954589e-09,0.9343681556024725,0.0017922706041206492
3,logistic_regression,12564,3,3,1.6707161896200005e-06,4.11173492387985e-10,5.234319910405249e-08,0.8807838524430595,1.7453287305057902e-05,0.007353178779236058,0.11184379201983703
3,logistic_regression,10882,3,3,1.9191332281744054e-10,1.0835536580985478e-13,7.303930927270999e-12,0.9971932260212061,2.6464018205954633e-06,2.2062688864068005e-05,0.002782064688783589
3,logistic_regression,3041,0,0,0.9964837050500641,0.0015872255696695022,0.0018930125693697143,3.191832790731571e-14,1.4869050847675202e-08,3.402332929405399e-05,2.0186125198492245e-06
3,logistic_regression,9053,6,6,0.005651827394385069,9.996248684365025e-07,0.0017320831945149796,0.018365120515483755,0.0012124246881722203,0.01935214380320664,0.9536854007793688
3,logistic_regression,12835,3,3,7.1022329230290495e-06,8.636976711181701e-10,1.8258353517191764e-07,0.8783988944129978,1.0666978227650053e-05,0.022809178550698802,0.09877397437791982
3,logistic_regression,1069,5,5,0.0005602517989723008,6.919887408201162e-09,1.623720279136133e-08,0.006008551194945049,5.540958636916273e-08,0.9876958230413605,0.005735295398045552
3,logistic_regression,10223,3,3,1.3710653519709754e-12,1.2729674092356474e-17,3.4437366539838774e-15,0.9999560448950289,1.6771264604035534e-06,3.106854278063487e-08,4.224690859343645e-05
3,logistic_regression,8538,6,6,0.0006881871824306187,2.575737317189125e-07,0.0006079575147527053,0.03573179214456616,0.00120407030587167,0.003199524303565118,0.9585682109750819
3,logistic_regression,6426,4,4,0.003371857547776184,1.5254967319574242e-06,0.054259440462677416,4.4280231906464385e-05,0.6197205583785289,1.1136668844517185e-05,0.3225912012135347
3,logistic_regression,8111,6,6,0.0019838717436776714,2.1282655705985618e-07,4.904958084209525e-05,0.12506423925819465,0.00010708891880273867,0.14180840233293635,0.7309871353389894
3,logistic_regression,6427,4,4,1.2894487198434826e-05,2.2010078380690076e-09,0.0002372806992371455,1.2079016758234693e-06,0.9927998235817799,1.7397804979001063e-08,0.00694877373129597
3,logistic_regression,8410,6,6,0.0005116671941599259,7.359715724174286e-07,0.0003616149170650332,0.061041507063292505,0.00011575920288501317,0.032741895612519355,0.9052268200385057
3,logistic_regression,13162,3,3,7.202367762962973e-06,7.129865257114943e-10,3.2481368962569566e-06,0.716025237059088,0.0009884105781983322,0.0008895501263879781,0.2820863510186799
3,logistic_regression,12093,3,3,9.62902662209463e-09,2.232327062101123e-12,4.071239287443096e-08,0.9314387245485211,0.00611797814384018,6.529601660225901e-07,0.062442594003820975
3,logistic_regression,5061,2,2,0.0009769725902176974,0.00020394190942035263,0.998807101589126,4.286180365643711e-15,1.0267612222752653e-05,1.4066510300483651e-12,1.716297602326892e-06
3,logistic_regression,2427,0,0,0.9997123319119853,4.000748779355755e-06,0.00014437048172145702,7.910868036964409e-11,6.599184724654021e-06,1.595771825794959e-05,0.00011673987542277314
3,logistic_regression,5170,2,2,0.043653907377771715,0.0023828820766992258,0.9539585548618515,4.495176402553505e-14,1.8118317315676728e-06,1.428619278493766e-07,2.7009899733243603e-06
3,logistic_regression,983,5,5,3.559514617672586e-06,2.6745831776887165e-09,4.335039973144205e-09,0.0020478759214370063,1.3935037956742157e-09,0.9973989426040294,0.0005496135567891516
3,logistic_regression,1554,5,5,0.0014810804587411918,2.7601682887619194e-07,7.992620160673312e-06,0.01203683291290475,8.808380763766168e-07,0.9275456409364343,0.05892729621685365
3,logistic_regression,1957,5,5,0.008606988912207207,6.371921157702819e-06,3.810678863923455e-05,3.7323621954987304e-05,3.0029848593942927e-08,0.9866826865174954,0.004628492208696866
3,logistic_regression,4401,2,2,0.012444737175199503,9.837771369261287e-05,0.973228124633058,1.5901367283449948e-10,0.013120475952396668,4.6095215288047744e-08,0.0011082382714241315
3,logistic_regression,4220,2,2,0.14197324254178526,0.00012041946629222333,0.7654447722510658,3.396881673752008e-09,0.08784275114931217,1.2824437777008506e-05,0.004605986756885753
3,logistic_regression,8276,6,6,0.00010735794290934364,1.5877366931764056e-08,0.00017602334254434736,0.022460096800220816,0.031697178574740734,2.3715270642157667e-05,0.9455356121915758
3,logistic_regression,11129,3,3,6.134729477897166e-10,9.772420538875427e-14,9.147398516714767e-12,0.9993292461804127,7.085757625941711e-08,0.00016383992657573255,0.000506842412717248
3,logistic_regression,7615,6,6,3.4909426058808077e-06,2.1608339454862573e-10,6.7078697355479056e-06,0.2299134647586622,0.10583035726133613,5.885533708533827e-07,0.664245390398206
3,logistic_regression,9270,6,6,0.004763243359307074,3.3819184106913165e-07,0.002335513413951401,0.0054907100055661085,0.03545318164781302,0.0009620619735563426,0.9509949514079651
3,logistic_regression,7355,4,4,0.004310723927436727,2.4335132083803e-05,0.4634203514562915,2.7845249515440406e-11,0.5319625188186764,7.585799168146683e-08,0.0002819947796746976
3,logistic_regression,7725,6,6,5.6759210025366656e-05,6.636932104698626e-09,2.2939317312705586e-05,0.27722161964714354,0.002770088622590953,0.0011837892159583259,0.7187447973500369
3,logistic_regression,8584,6,6,0.0030360981051147035,2.0584527843329026e-07,0.00010260203830136816,0.0267016350175799,0.0007968959934564982,0.013363901119452825,0.9559986618808163
3,logistic_regression,7776,6,6,0.0001160569413483459,2.982321185731981e-09,1.4545349478503588e-05,0.19220666040726112,0.012344807346969633,0.000178728391843024,0.7951391985807782
3,logistic_regression,343,5,5,2.812438107320271e-07,2.2416319747856034e-10,2.445589310182514e-10,0.017284051167838592,9.906251918702053e-10,0.9823444419650001,0.00037122416400340045
3,logistic_regression,10327,3,3,1.2256419999694379e-11,3.4581656901711357e-16,1.92573772379035e-14,0.9999472473331438,7.017716498100076e-08,3.6101306065068114e-06,4.9072346808881737e-05
3,logistic_regression,4157,2,2,0.009419865587981816,0.00012210031252596646,0.9836702025875873,4.916231842329774e-09,0.002836696246078232,2.800517566693439e-06,0.003948329832028185
3,logistic_regression,11992,3,3,1.8880860786622418e-07,5.106081512573702e-11,1.054628163463609e-09,0.9448306017878298,1.3847907045969957e-07,0.04871956701774199,0.006449502801060973
3,logistic_regression,70,5,5,1.0137806982154536e-09,5.351598661552977e-13,1.256245469426248e-15,1.0525793579905987e-05,1.0976402208127566e-13,0.9999894236667789,4.952521442961194e-08
3,logistic_regression,7031,4,2,0.00024982104884503745,1.484271938174462e-05,0.8844286787331183,3.831060542035876e-09,0.07234954484026443,2.643618962232231e-12,0.0429571088246863
3,logistic_regression,4248,2,2,0.04111021527062951,0.0002600838061218162,0.9566702084353585,3.324502840361221e-09,0.0003371096603966616,1.7538265430791713e-05,0.0016048412375598612
3,logistic_regression,6260,4,4,5.7715103329399935e-06,1.156499423029394e-09,0.00015651888535317705,6.671276804490808e-06,0.9942864092515824,2.943433525614636e-07,0.005544333576075097
3,logistic_regression,9194,6,6,0.006803113307406901,1.1771675845285541e-06,0.0017745788198672207,0.011765760825644286,0.0013291823827891174,0.014532603836471243,0.9637935836602367
3,logistic_regression,11535,3,3,3.080155153051691e-09,3.801679587027109e-13,2.033829576368032e-10,0.9969951119219596,1.9518857633393045e-06,3.038896633770309e-05,0.0029725439420211094
3,logistic_regression,535,5,5,2.6997753669603068e-05,3.0433691583225575e-09,3.3923115589782357e-08,0.2485728210848101,3.978155805793144e-07,0.7227023955014326,0.028697350878022367
3,logistic_regression,1692,5,5,2.8379505528256846e-05,5.432841643144623e-08,4.3588638351102176e-08,2.312014643737149e-05,2.259493982563324e-10,0.9998126526037149,0.00013574960131520038
3,logistic_regression,6135,4,4,0.000806983299329237,2.7890644324649836e-08,0.000990217359984624,0.00015661214876164372,0.8622396688096007,4.939334924782734e-06,0.13580155115675463
3,logistic_regression,5972,4,4,2.3683339906704068e-05,1.116359920755964e-09,9.995210187405437e-05,2.5935791247321476e-05,0.9852612115681968,1.550859837872118e-07,0.01458906099643133
3,logistic_regression,11991,3,3,2.1642138507831034e-07,3.403507382720856e-10,2.216884459859537e-09,0.8092587771989567,3.0487945439868405e-07,0.17570015588728502,0.015040543055683602
3,logistic_regression,12002,3,3,5.4406711213070485e-08,6.138170714626155e-12,1.9887067468815353e-09,0.9887300182704497,3.1844518565248055e-06,0.0007330874601421568,0.010533653415995513
3,logistic_regression,2179,0,5,0.035326341067538805,5.05344474229162e-06,1.195072286491296e-08,3.2983751491812336e-11,5.170475863845456e-13,0.9646684334125586,1.600909366299872e-07
3,logistic_regression,789,5,5,2.043089789328099e-05,8.820593153156098e-09,1.978804726579112e-08,0.012117332196323596,2.6245282162148462e-08,0.9830580618919885,0.0048041201598720785
3,logistic_regression,13321,3,6,0.00014655023182113115,1.0418445664303822e-08,1.7610801359263174e-05,0.26537735663534734,0.001184327053309305,0.0012737895083126817,0.7320003553514046
3,logistic_regression,3048,0,0,0.9998987106058103,2.0380145164169345e-05,7.931385651588323e-05,1.2616525277007998e-15,9.774887068678047e-09,1.4939019912646833e-06,9.171563001856947e-08
3,logistic_regression,11658,3,3,4.79480493635962e-09,3.794909339480143e-14,1.1395190248245938e-10,0.9948012441105072,0.00018041405925402356,1.4213627239477494e-06,0.00501691555872028
3,logistic_regression,8218,6,6,0.0010893660865447313,1.1667229719054784e-07,0.00014013766327286158,0.05240058141048483,0.0011182899397184356,0.004034970729662265,0.9412165374980197
3,logistic_regression,3165,0,0,0.9425952694735464,0.0006570461922347282,0.056743373180070486,1.6758427307619098e-14,2.1047656617321245e-06,5.271342227334461e-07,1.6792542471341593e-06
3,logistic_regression,4574,2,2,0.05921575374501912,0.000623318028212645,0.9397062191358692,4.474512465383827e-11,0.00019391178910909353,7.936122755851762e-06,0.0002528611342888104
3,logistic_regression,12854,3,3,9.285867497784915e-06,5.181927614142241e-10,1.937072106433145e-07,0.8869610905372574,2.279381895017895e-05,0.007843652073738753,0.1051629834771525
3,logistic_regression,826,5,5,1.841974561582089e-05,1.262578290179849e-08,2.626759895902541e-07,0.1659516036923294,2.3613265010573837e-07,0.8035411834075468,0.030488281720085476
3,logistic_regression,2043,0,0,0.5144208232896786,4.331641250821734e-06,0.0004887904676137109,0.001046360027836276,0.00023930698681309205,0.04491051470528648,0.43888987288152087
3,logistic_regression,13021,3,5,5.6535534585920886e-05,1.9539943911700015e-08,6.226983417077218e-07,0.40789968505505636,2.6077078507515384e-06,0.4644834353370634,0.1275570941271579
3,logistic_regression,10640,3,3,7.053103812279397e-11,9.527342157003167e-15,2.5940050911413203e-13,0.9996755494464482,2.075232339013147e-08,0.0002084667664247109,0.00011596296400374005
3,logistic_regression,12076,3,3,4.155308763514638e-08,1.06515811433637e-11,8.318726191981306e-09,0.9822761301824173,9.513204426047391e-06,0.0003100500983711947,0.01740425663232007
3,logistic_regression,6854,4,4,0.0009162891516997908,1.6997445796274456e-06,0.12460714844070646,1.5642880207447511e-06,0.8207325395771657,1.1491516189925147e-06,0.053739609646208664
3,logistic_regression,12740,3,3,3.433388797238333e-06,7.926080288872601e-10,2.00824328482096e-07,0.8811725770741916,1.4268404179302226e-05,0.010302450032939541,0.10850706948295583
3,logistic_regression,3189,0,0,0.9996661477365938,2.0961577508473685e-05,0.000312443274231844,8.267078253041004e-17,3.854008787018386e-07,9.060331621476808e-09,5.2950455523488785e-08
3,logistic_regression,2778,0,0,0.99922821519269,0.000526242466501088,0.00020508660985977728,5.714884001162845e-14,2.121744698116579e-09,3.886896552576186e-05,1.5846436213995378e-06
3,logistic_regression,3326,0,0,0.9302295190075203,0.005358567243825644,0.06441180906619341,2.8637458508262906e-18,5.8394449888568095e-08,3.723004650369164e-08,9.057964391255805e-09
3,logistic_regression,7037,4,4,6.036520981483616e-05,1.0963936287498971e-08,0.0008965385180201769,1.645012599937137e-08,0.9985837887969602,4.6577669776258976e-08,0.00045923348347280587
3,logistic_regression,1585,5,5,0.0008318472547494326,6.701769461575119e-07,4.6834360842436646e-05,0.028138263067615656,1.2919731770799786e-06,0.8639500304216202,0.10703106274504919
3,logistic_regression,2806,0,0,0.9999963858690653,2.422535571988702e-07,1.245927095178215e-06,4.689558178128326e-16,1.89469887573885e-06,6.426086586846239e-08,1.6699054036048263e-07
3,logistic_regression,9599,6,6,0.03602111624554905,7.47863787434067e-06,0.005437216490609432,0.005433171213715717,0.0004925159054211497,0.0729896753300971,0.8796188261767333
3,logistic_regression,5012,2,2,4.549874620247997e-05,3.141141375472399e-05,0.9988269640941204,8.42180101922098e-16,0.0010937390086024287,1.3260571994869695e-14,2.3867373057740823e-06
3,logistic_regression,6750,4,4,7.503679237515519e-08,9.231326874064699e-11,2.4927426996590654e-05,2.7465438064929413e-09,0.9998147444843442,4.726787033424278e-11,0.00016025016574215955
3,logistic_regression,12942,3,3,1.116329082853942e-05,1.0285225947620747e-09,4.71269599332357e-07,0.8148183710335651,5.0231385796359405e-05,0.010989308464049666,0.17413045352763845
3,logistic_regression,11998,3,3,6.82078554171801e-07,5.404039049968298e-10,2.924014953447294e-09,0.8454346767326227,4.564704559479358e-07,0.13353731768588678,0.02102686356806142
3,logistic_regression,3571,1,1,4.392322817752132e-05,0.9999558823568109,1.9441499845992002e-07,1.2347536552311387e-40,1.4345015895917528e-23,1.3368306969391188e-14,2.76280100550318e-26
3,logistic_regression,1148,5,5,3.237800204770738e-06,2.2025568960475583e-09,5.262935192708249e-10,0.00010182327562632025,7.829130095012061e-11,0.999844008744165,5.092737286227826e-05
3,logistic_regression,6184,4,4,3.1200050134918463e-10,6.205550355243015e-13,6.015960261786323e-07,6.721940557145226e-09,0.9999664517837243,1.498823295269739e-12,3.293958418913844e-05
3,logistic_regression,8957,6,6,0.0072266194767728565,1.9998095906677857e-06,0.0008731307877479645,0.032945986080736296,0.00011420270264345991,0.1869251752844764,0.7719128858580323
3,logistic_regression,6104,4,4,2.900989156691001e-05,5.299242462262924e-09,0.00046687199794173624,6.645778922740292e-05,0.935928840165785,3.4976113494973105e-07,0.06350846509510155
3,logistic_regression,1167,5,5,1.8104012729503098e-06,3.2800429858455868e-09,3.62025225925159e-09,0.0004518675992310479,2.65358661851071e-10,0.9993774941764393,0.00016882065740283472
3,logistic_regression,3153,0,0,0.9903823906135126,0.006793830874846703,0.002705034211550565,3.2373374361577054e-15,1.3240989199794965e-10,0.0001186168659537456,1.2730172342257138e-07
3,logistic_regression,10576,3,3,9.657186452657245e-12,2.026217184779204e-15,1.0577742331754909e-13,0.9998948985972679,1.88703411511932e-08,3.7403507397446854e-05,6.767901522875334e-05
3,logistic_regression,5406,2,2,0.0006114349031023554,0.0013036143908562933,0.9980833916193782,2.0886507926385555e-17,1.5230232003788628e-06,6.223570092504827e-10,3.5441105706247326e-08
3,logistic_regression,5762,4,4,6.02086027308158e-11,1.5359012464845473e-13,2.8594585870561926e-07,5.2532518035414523e-08,0.9999123881797664,3.998897234691007e-14,8.727328145470854e-05
3,logistic_regression,12580,3,3,3.140489257876836e-07,6.68017061114596e-11,1.4080763460026022e-07,0.9021325114135932,0.00017227132690095622,0.00018856060497311115,0.09750620173117071
3,logistic_regression,7110,4,4,8.478602459833039e-07,1.8896302891665108e-10,4.2040918950492996e-05,9.902419076404671e-11,0.9999507669869475,3.415290819778981e-11,6.34391171561943e-06
3,logistic_regression,7535,6,3,4.718503145475294e-05,2.9268900086769456e-09,1.96632613290239e-06,0.7060498105121673,0.00011828251080506622,0.013385502448867818,0.2803972502436822
3,logistic_regression,11549,3,3,5.886002090710675e-09,6.917981709916451e-14,1.409453433790834e-10,0.9958100907958346,7.66269322128607e-05,4.83355453867218e-06,0.004108442690397168
3,logistic_regression,148,5,5,4.2926601014500377e-08,1.6262168745366432e-11,1.7799360133536174e-12,0.0016774798369953786,4.8525331128180126e-11,0.9983042273941514,1.8249775684697217e-05
3,logistic_regression,8953,6,6,0.004741521390846382,2.9167397050465795e-06,0.0018377437204728357,0.025492396893682576,0.0001485040968416875,0.038787870588322254,0.9289890465701292
3,logistic_regression,5953,4,4,5.996155214511016e-07,1.7078976947273987e-10,4.994201112464919e-05,1.0601912383113744e-05,0.9952241894543753,6.398945684406551e-09,0.004714660436860039
3,logistic_regression,2999,0,0,0.9549093606272723,0.0001747474765615937,0.04486778619292597,6.757740310907755e-13,3.28041946680575e-05,1.3930298242830393e-06,1.3908478071992568e-05
3,logistic_regression,2567,0,0,0.9996991724073419,3.238477667838795e-05,0.00017629212893011378,7.446574476113972e-12,1.3705152767379508e-07,6.842427319587501e-05,2.3589354879967945e-05
3,logistic_regression,11414,3,3,1.378437679989193e-08,1.9006244831923348e-12,4.6306071314312755e-11,0.9940563195744214,1.0203206931406258e-07,0.004172651676751673,0.0017709128841739467
3,logistic_regression,8251,6,6,0.0006104956619370366,1.0007119787241887e-07,0.00017958049902863375,0.09047491565492392,0.000874778970323743,0.003911947179767502,0.9039481819628213
3,logistic_regression,5079,2,2,0.005331033251244096,0.00024287182146986037,0.9933605454785069,1.7969870649704283e-13,0.001058550915019489,2.2633715042647094e-07,6.7721964294050035e-06
3,logistic_regression,1418,5,5,1.6578081454472834e-09,1.0388049658490034e-11,1.1793723362630553e-15,1.3513886859113416e-10,3.787124703118987e-17,0.99999999814669,4.997350027794005e-11
3,logistic_regression,4933,2,2,0.008960449885747072,0.0003915148996424493,0.9904859420114469,2.925336756592252e-13,0.00013863004813534987,4.70599132304342e-09,2.3458448744357264e-05
3,logistic_regression,8592,6,6,0.00450941971287124,1.2733249591086825e-07,0.0002824912559889692,0.02993852567953736,0.004184651391773203,0.001871447791851121,0.959213336835482
3,logistic_regression,4458,2,2,0.0043032722804143666,9.788697625284296e-05,0.9951194727958553,2.0563273829603612e-11,0.0003150785971152186,2.8630920062562624e-09,0.0001642864667069416
3,logistic_regression,11458,3,3,7.629637171628258e-10,6.030948801058739e-14,1.007947153799439e-10,0.994869811640661,4.106320499793604e-05,1.6506551286175078e-06,0.005087473635393872
3,logistic_regression,9140,6,6,1.758735618263406e-05,4.378951057549594e-08,0.0018962397095860898,0.0004625458526868449,0.2605041822447279,4.4120502954309364e-07,0.7371189598422764
3,logistic_regression,12588,3,3,6.95823429398712e-08,1.7338911291918765e-11,3.7318819465078154e-08,0.9633819774656935,4.102213403037739e-05,0.0003109782020084541,0.03626591527976616
3,logistic_regression,12094,3,3,3.261089128655356e-08,2.415983820304575e-12,6.991959775478317e-09,0.9781890088600469,0.000135429411568808,2.9037209920101487e-05,0.021646484913197202
3,logistic_regression,8452,6,6,0.0006746318852347027,1.3587251818635295e-07,0.00023695540926009712,0.03893026776453876,0.0011751392983883758,0.0014557912651769033,0.9575270785048831
3,logistic_regression,943,5,5,7.287101078226278e-05,2.453500876536269e-08,6.810037427074802e-07,0.12966678641596396,7.700870405158e-07,0.8129496118516728,0.05730925509578902
3,logistic_regression,13504,3,5,0.0005657835296135586,2.2651845263795794e-07,2.6396526249050568e-05,0.1546191889208656,1.4432680401209868e-05,0.46032364925237085,0.38445032257204703
3,logistic_regression,6450,4,4,0.00013776987575723216,3.1956668437524214e-08,0.0023322912935411955,1.0009477226656848e-06,0.9802224096735122,5.83014555440398e-08,0.01730643795134285
3,logistic_regression,11047,3,3,1.0640634830848194e-10,5.971869159814364e-15,4.761806380957176e-12,0.999489250801462,1.4949678851535484e-06,2.923682090384953e-06,0.0005063304373882378
3,logistic_regression,5419,2,2,0.00010989067497777615,0.00036760698696358375,0.9995136707744151,1.841964199927684e-18,8.811643835216705e-06,1.7784231132268864e-13,1.9919630410720476e-08
3,logistic_regression,3008,0,0,0.9369983500525941,0.0009944810768562809,0.061990845308032214,1.2773394195658045e-13,2.6828989774373246e-06,3.3777863380475697e-07,1.3302884778055965e-05
3,logistic_regression,8467,6,6,0.00011515378880061021,5.4147424691143724e-08,0.0003149232945287051,0.034777306039177225,0.005113613747970068,0.00043463360988727856,0.9592443153722113
3,logistic_regression,6834,4,4,3.529630328575519e-05,1.2704166888155306e-08,0.0015573695396101255,3.112587170952134e-08,0.9975102544415195,1.8047269761492515e-08,0.0008970178382761923
3,logistic_regression,11301,3,3,6.132673936591937e-09,3.0984038615001354e-12,5.302931442541722e-11,0.9916466222586823,9.44738916351922e-08,0.006461078544505866,0.001892198534118721
3,logistic_regression,9857,6,6,0.022626499307914678,2.589972356267964e-05,0.09580702254403314,0.0007936628701621556,0.0024196724900866972,0.0017995601917770796,0.8765276828724636
3,logistic_regression,8929,6,6,0.0021881198806222688,2.162232668963064e-07,0.0015639140839042338,0.010973166437127669,0.014665149546169967,0.0002925791575669131,0.9703168546713421
3,logistic_regression,8496,6,6,0.00016257712075230397,1.388614408770473e-08,8.344646637922335e-05,0.0365168333457495,0.02095571374159792,0.0003739626129084228,0.9419074528264686
3,logistic_regression,7034,4,4,5.787185813226151e-05,1.4763236064161456e-07,0.019608764583348547,6.5119396236126296e-09,0.9774402993933049,9.631737046588698e-10,0.0028929090577403498
3,logistic_regression,3882,2,5,0.1167029278275874,3.577162574642777e-05,0.00023939065987541237,4.73121737183662e-06,8.230457195765112e-08,0.8782929236817509,0.004724172683096038
3,logistic_regression,6254,4,4,1.2716607061903958e-08,4.0285542479676135e-12,1.4703677962011945e-06,6.947109259277334e-08,0.9998401555347713,9.824358337483822e-11,0.00015829180746078212
3,logistic_regression,12797,3,3,4.6454176456878553e-07,9.421487618980797e-11,3.946657483947557e-07,0.8668123303834984,0.0003040445224340888,4.943769257265472e-05,0.13283332809976714
3,logistic_regression,8962,6,6,0.0015655884616469912,1.9810484739769146e-07,0.0010572902193317726,0.005488343430924909,0.011681829076162241,7.901802723909746e-05,0.9801277326798477
3,logistic_regression,10401,3,3,3.0882198121810384e-13,8.388770200086018e-17,1.4466813312605695e-13,0.9999019334385569,3.313141489657473e-06,3.754298774891771e-08,9.4715876512037e-05
3,logistic_regression,12657,3,3,2.2521812682564054e-06,1.2544184630036396e-10,9.919746899795226e-08,0.9169173709576213,5.080492469920965e-05,0.0008391348884025804,0.0821903377250978
3,logistic_regression,10548,3,3,9.388343063285281e-11,1.4424078422725036e-14,1.0649778902384388e-13,0.9993845357667401,7.547413091273743e-09,0.0005299134466542973,8.554314518813975e-05
3,logistic_regression,12672,3,3,3.214775251953227e-07,3.4504729337712854e-11,3.5666437133572124e-07,0.854944994373404,0.003959519125003837,2.727751236838223e-05,0.1410675308128226
3,logistic_regression,6028,4,4,7.426975681566223e-10,4.2525992472946317e-13,3.3165496218729337e-07,1.3916948206388774e-09,0.9999851679455758,1.2251333453896044e-13,1.4498264521763388e-05
3,logistic_regression,9167,6,6,0.0034091344396697267,1.212775921196743e-06,0.0018121145992267978,0.015220009541322807,0.0008049576314972488,0.01413845348538064,0.9646141175269817
3,logistic_regression,4173,2,2,0.011479559700002669,0.00012019032835924115,0.9842636315880894,3.0149663605275496e-09,0.0017567189354543468,2.3183364148372163e-06,0.002377578096713267
3,logistic_regression,10267,3,3,8.558902876488778e-13,3.139679615261487e-17,1.9095417990904702e-14,0.9999704052720235,4.722598582206873e-07,2.7864852528943562e-08,2.9094602390791928e-05
3,logistic_regression,1392,5,5,3.2842093275633047e-06,7.856340608783682e-09,5.803416971903235e-09,0.0001270250300327659,1.499303982963816e-10,0.9997598852615566,0.00010979168939514316
3,logistic_regression,857,5,5,1.6400415962489844e-05,4.020969816374241e-09,7.844875264323484e-09,0.005697600311017651,6.11054779063898e-09,0.9926438693206553,0.00164211197597166
3,logistic_regression,8526,6,6,5.355226013987132e-05,2.4539814860212737e-08,0.0002417129989800677,0.03754271888555188,0.011176268288384585,0.0001661284978172481,0.9508195945293116
3,logistic_regression,7386,6,3,1.3830876069683095e-06,1.782436535452048e-10,4.4222578965137077e-08,0.9330661273299304,1.3419985999180247e-05,0.0031424652822345696,0.06377655991340625
3,logistic_regression,12948,3,6,8.010287067260573e-08,4.6351058300715156e-11,3.7049981628114046e-06,0.429185287604619,0.1279264952542693,1.8129752673342461e-07,0.4428842506962004
3,logistic_regression,9034,6,6,0.003965567278673075,1.1508519829456718e-06,0.002927323329687796,0.01214207955028059,0.0013426041318785056,0.0022424132522335673,0.9773788616052635
3,logistic_regression,10194,3,3,5.441430618711445e-13,1.4619815152938867e-16,3.383452072599004e-15,0.9999861343001298,3.146988686002333e-09,5.229102945924991e-06,8.633449387713374e-06
3,logistic_regression,5225,2,2,0.0010914073282053537,0.0002636251448902413,0.9985615886852057,3.2425914393933062e-15,8.20809437779932e-05,1.0631208423736586e-10,1.297791605260442e-06
3,logistic_regression,7803,6,6,8.941537937958102e-06,1.443801068975212e-09,3.954460822560095e-05,0.11762777756264653,0.09354114324362028,9.65056177231978e-06,0.7887729410419961
3,logistic_regression,9258,6,6,0.015712832679890612,1.2881776596363555e-06,0.001515776506016024,0.019281149209505646,0.0008582813606377366,0.03704925590391047,0.92558141616238
3,logistic_regression,1318,5,5,5.905893682568648e-05,5.1328800834880054e-08,6.460951906634543e-07,0.009654353098599168,4.4576580422301796e-08,0.9806315483339941,0.009654297630009192
3,logistic_regression,7921,6,6,0.0002473948336317738,3.6119775303355187e-09,1.5181325275553196e-05,0.12955434912206584,0.01630285180357909,0.00019124626831395382,0.8536889730351563
3,logistic_regression,11690,3,3,1.5860149201156622e-08,1.0036082005324916e-12,1.318826234169372e-10,0.9936338939906871,2.2282474488175666e-06,0.0005677501062939479,0.005796111662534499
3,logistic_regression,8382,6,6,5.75856685533847e-05,4.59844233214406e-09,0.0002016410321510304,0.011964749978612407,0.3078097238184796,7.342392544612478e-07,0.6799655606645068
3,logistic_regression,5395,2,2,0.005839379458707665,0.0010676843840091176,0.9930812916867767,7.709939169668667e-17,1.1558817403109676e-05,4.742349529793257e-10,8.517886843744248e-08
3,logistic_regression,12049,3,3,2.7664668412713415e-08,2.339036277493851e-12,1.2081053999424978e-09,0.9910125809237614,4.3551218919123815e-06,0.0003830250414146658,0.00860001003781902
3,logistic_regression,10430,3,3,4.6394598183717254e-12,1.2976987543324873e-16,9.886779783668419e-14,0.9999152450817826,1.707678003928466e-06,1.4802644297619766e-07,8.289920903203085e-05
3,logistic_regression,3407,1,1,0.0007738005203721753,0.9976780843160792,0.0015481151634361696,3.862300523400964e-33,8.744357117638913e-16,1.1164086254593132e-13,2.856646431690042e-19
3,logistic_regression,11388,3,3,2.7559064735766835e-09,7.100272044106579e-14,2.7651937695509143e-11,0.9969347198468885,7.182976271153428e-06,2.1198181907014313e-05,0.0030368962113037873
3,logistic_regression,10759,3,3,2.8821253626270213e-11,1.663543143080321e-15,3.1856152057230724e-13,0.9998363848817972,1.7747517697734647e-07,1.0889697063690754e-05,0.0001525479168207302
3,logistic_regression,3336,0,0,0.9998642065530912,0.00011989353713768855,1.5890649568280473e-05,6.666736179292197e-22,2.76494973234952e-11,9.222224852319255e-09,1.0328511585545474e-11
3,logistic_regression,2924,0,0,0.9696808254193664,0.00022454478467582903,0.0300086236000765,2.3762331517667977e-12,2.7908842874100628e-05,1.9987568489433784e-05,3.8109782141477375e-05
3,logistic_regression,11910,3,3,2.6498156576754832e-08,1.0941711630979256e-11,2.083412560543483e-09,0.9799177947110793,5.64976945107432e-06,0.0006228680201101287,0.019453658906848883
3,logistic_regression,1983,5,6,0.057464478262600274,1.224669710394097e-05,0.04302929695019975,0.0014171717849523573,0.00555486003163692,0.006838959606734446,0.8856829866667723
3,logistic_regression,7619,6,3,0.0002074823817389421,2.8507681583083118e-08,6.373198460960035e-06,0.47915229613779803,4.90644142267537e-05,0.08209755058886054,0.43848720477123326
3,logistic_regression,1815,5,5,8.586791773137131e-05,1.800452111275372e-07,4.126852190873112e-07,4.285819036175625e-05,6.551408185830974e-10,0.9994982723886351,0.0003724081177007656
3,logistic_regression,2499,0,0,0.9995747925961691,2.1132484353643186e-06,5.412867332229722e-07,4.4268706208125246e-13,1.9428389253362817e-10,0.0004221689744121837,3.836995234353919e-07
3,logistic_regression,12762,3,3,2.5772413526365026e-06,2.647810857844574e-09,3.5996054851631505e-07,0.8532036632435632,6.7392396172169715e-06,0.021294209125821213,0.12549244854128633
3,logistic_regression,3163,0,0,0.9998267266263461,1.1052103941258243e-05,0.00016182974591368016,9.187292751735937e-16,1.0225513790696286e-07,2.2924956325579958e-07,6.001909695390906e-08
3,logistic_regression,12262,3,3,1.109897306133595e-06,3.1146799865674914e-11,7.648540678453486e-09,0.9673264115583161,1.1508408689705009e-05,0.001782967709101212,0.030877994746899652
3,logistic_regression,1243,5,5,2.8965448194974045e-05,1.0854455435594914e-08,1.1732947508440286e-08,0.0007429072688133254,3.959610023438768e-09,0.9982304606629341,0.0009976400730445651
3,logistic_regression,1020,5,5,3.888111904512574e-06,6.54885412807055e-09,3.196753745548251e-08,0.006780451180557442,5.165712859829973e-09,0.9914015909590866,0.0018140260663468504
3,logistic_regression,13023,3,3,7.104365837056248e-06,2.1035653263978543e-09,1.2155242143099918e-06,0.810528717541358,2.9993942201411627e-05,0.016541722417319257,0.17289124410550463
3,logistic_regression,9888,6,6,0.006335263113547051,9.306303445006217e-06,0.028548754891283206,0.00031834115096336836,0.009155821373875914,0.0013152246653190959,0.9543172885015664
3,logistic_regression,11538,3,3,5.2964901243348014e-09,7.24290025006002e-13,7.374853301557956e-11,0.9972376457710436,3.4192872106383924e-07,0.0005177374651286766,0.002244269464143759
3,logistic_regression,4325,2,2,0.005004803709532194,4.919993758671891e-05,0.9906296590477724,1.2510046331933036e-10,0.0035676687277819818,4.472542035410046e-10,0.0007486680049719907
3,logistic_regression,7008,4,2,1.4147645605697594e-06,1.9452941128397274e-06,0.8861829706917965,5.276172182943151e-09,0.0908935094363723,3.231695512741383e-13,0.022920154536662563
3,logistic_regression,8416,6,6,0.0010218991778284255,3.084184016749444e-07,0.00047753605822424935,0.05364241259408336,0.0005708682562518593,0.005042081604557006,0.9392448938906534
3,logistic_regression,13222,3,6,0.00017704766143669147,7.2896277772886445e-09,5.7677536343005e-06,0.4818483900273076,0.00037861103375804817,0.011196844176028354,0.5063933320582071
3,logistic_regression,1901,5,5,0.0010520491694360466,2.0306612233505365e-06,1.5903439573668653e-05,0.00010156047017779376,1.6530697401325514e-08,0.9950233517915995,0.003805087937292216
3,logistic_regression,3122,0,2,0.24415390682675778,0.0012102943288746439,0.7545596673178903,1.0244273574213881e-12,5.2643591521418006e-05,2.195102746093777e-06,2.1292831185457585e-05
3,logistic_regression,2053,0,6,0.31015266622309395,1.313274642104186e-06,0.0012779181336565345,0.0007622712186498888,0.012254547898262726,0.0022370628116660882,0.6733142204400288
3,logistic_regression,3150,0,2,0.45484523446771047,0.006141855484486227,0.5389818357211407,3.175404286222498e-13,8.376291099987503e-07,2.1027429779989775e-05,9.209267455123538e-06
3,logistic_regression,7961,6,6,0.004553615188738272,1.952723983400698e-07,2.143768843992058e-05,0.14060927246110888,4.504149257394845e-05,0.3252659178669792,0.5295045200297614
3,logistic_regression,4606,2,2,0.005677219387731297,0.00028683045457242437,0.9933366390978523,7.52180743427488e-12,0.0005285659460084406,1.7923495941269426e-07,0.00017056587135446042
3,logistic_regression,7636,6,6,0.000298720904133768,1.2310195954025285e-08,1.228033720331929e-05,0.3314097929366224,0.0006241151323163252,0.0024013487966503743,0.6652537295828778
3,logistic_regression,7506,6,3,3.13051354381223e-06,5.064184240982802e-10,8.148115287815069e-07,0.7876088025164198,0.00018970553004480668,0.001408714169558481,0.2107888319524859
3,logistic_regression,1760,5,0,0.545799723014036,5.08870407213468e-06,5.558534450300724e-07,1.994141278099634e-05,2.0432529112967036e-07,0.44505527603875045,0.009119210651624354
3,logistic_regression,6920,4,0,0.3814484405393283,2.302887473859745e-05,0.11360795658081708,4.574650114336442e-06,0.2846821769839094,0.00021966757422263195,0.22001415479686975
3,logistic_regression,7663,6,6,0.00013012922207961136,2.0745775180082107e-08,1.0259957094355763e-05,0.473772403158889,9.963874137696967e-05,0.01858575930769524,0.5074017888670895
3,logistic_regression,10202,3,3,1.7185026422286358e-13,1.2615990495243656e-17,1.5795509669185618e-15,0.999990370154208,2.950218752267716e-08,3.230892437639494e-07,9.27725418742855e-06
3,logistic_regression,5978,4,4,1.409649040131572e-07,3.710134483654343e-12,1.0154050006129306e-06,2.2615142394483036e-06,0.9996331215896628,6.636730275219127e-10,0.0003634598588097284
3,logistic_regression,8326,6,6,0.00032928200026350804,1.218416291064826e-07,0.00029067382907674744,0.14600940160141748,0.0005809251635332054,0.012741657229098233,0.8400479383349818
3,logistic_regression,12990,3,3,7.164965297492551e-06,1.7811062440299876e-09,1.3354595975803747e-06,0.8212732656565548,3.5162684954533853e-05,0.004673270126633704,0.17400979932585559
3,logistic_regression,11431,3,3,1.3040954281159422e-07,6.452521460764874e-13,1.796128921258904e-10,0.9896693391790766,2.821898955725971e-05,1.1968493297101212e-05,0.010290342748267844
3,logistic_regression,3429,1,1,0.00012142695853078674,0.9766953781561468,0.023183194885250506,2.6409588572425482e-33,7.105174694953488e-14,7.051078831205641e-16,4.3243359011845227e-19
3,logistic_regression,9040,6,6,0.000694970824452389,6.723049502945565e-08,0.0006170213437325529,0.016809751834368034,0.0284072113205886,0.00040410690405480893,0.9530668705423085
3,logistic_regression,3616,1,1,1.4942675656236858e-06,0.9999674968516609,3.10088807736872e-05,4.235068661939762e-40,1.2492681117687406e-20,8.808782434547061e-17,3.3590244760642994e-25
3,logistic_regression,4175,2,2,0.058499522879717616,0.0002218561735801212,0.932975208099696,5.064493051206956e-09,0.0036858502500733445,1.6073120738049648e-05,0.004601484411701967
3,logistic_regression,499,5,5,1.2773688582158726e-07,2.1781830349693363e-10,5.697243988274014e-11,0.0008300980042019507,4.0960787484160686e-11,0.9991383347956017,3.1439147558825336e-05
3,logistic_regression,8635,6,6,0.013191161212962781,2.8535772160872592e-08,6.178003732391805e-05,0.022277437220405722,0.030885821489689866,0.0008345048834761605,0.9327492666203694
3,logistic_regression,12346,3,3,6.091939766416413e-08,1.4011119915630654e-11,1.628930373230276e-08,0.9741430261014716,1.695539516931594e-05,0.00029489966643437025,0.025545041614212224
3,logistic_regression,3812,1,1,8.422593632859331e-09,0.9999996616214789,3.299559275987804e-07,6.0432745987972665e-49,6.475633078822903e-23,5.701848173357644e-22,3.0339461785929972e-31
3,logistic_regression,4087,2,2,0.21307577542919098,0.00034586622890873557,0.7754300148372676,1.2475055833489225e-08,0.001280783033742587,4.191951716584307e-06,0.009863356044117847
3,logistic_regression,9629,6,6,0.004476032118459397,1.5707231707903934e-06,0.008611765157930674,0.002479991179033445,0.010506668372870384,0.0010879775164529962,0.9728359949320822
3,logistic_regression,11476,3,3,5.10632171113306e-09,3.9784465979318545e-13,7.70356930938837e-11,0.9979771261769846,4.769616210038443e-07,0.0002657714249583008,0.0017566202526806828
3,logistic_regression,547,5,5,0.0005291003969034939,2.5663384518712343e-09,2.554340706797036e-09,0.026084361801152086,1.109025073997031e-07,0.9648526232783601,0.00853379850039775
3,logistic_regression,838,5,5,3.2805704527411474e-06,4.116391387650804e-09,1.349945065428488e-08,0.012197814510933644,9.410882237685033e-09,0.9853389458597323,0.0024599320321572016
3,logistic_regression,7707,6,3,4.547277312625288e-05,8.544421996853355e-10,4.321953864224368e-06,0.5611042883621853,0.0043891562012985915,0.0005519960645174625,0.4339047637905659
3,logistic_regression,8088,6,6,0.0003051820329428161,2.0184322197694003e-08,0.00012777557210949406,0.12624120430180444,0.007246780103648616,0.0005489165449882366,0.8655301212601842
3,logistic_regression,7930,6,6,1.0201208728982928e-05,1.3487559886819855e-08,8.48416031976561e-05,0.06496194229329148,0.002754656698295434,1.630859068138861e-05,0.9321720361182451
3,logistic_regression,8132,6,6,1.9492284138291724e-05,2.1835903210318142e-08,0.00011406291971191164,0.018565236126482882,0.007446067794674791,5.296125496957754e-05,0.9738021577841193
3,logistic_regression,2188,0,0,0.996872848897966,2.4047113192724783e-06,0.0002359292227045419,8.240102881721758e-08,1.8668732916566204e-05,0.0005729166340574127,0.002297149400007217
3,logistic_regression,5542,4,4,8.197395519760575e-06,2.1872112024827116e-14,8.119776422079232e-11,0.0001012735691728737,0.9984013202212382,1.8518904859172907e-09,0.0014892068809588311
3,logistic_regression,11943,3,3,2.3601432638139253e-08,1.5831643292853909e-12,2.403341924384487e-09,0.9896557762426061,2.0729487682474896e-05,3.7515969540790814e-05,0.010285952293812605
3,logistic_regression,11193,3,3,2.0641748415621756e-09,2.4935855004280183e-13,4.775412704346397e-11,0.9976263324494792,1.438544160479111e-06,5.2548777736140815e-05,0.0023196781164456838
3,logistic_regression,8084,6,6,0.002114670727145567,2.3345919262797089e-07,3.49980622450106e-05,0.1370212702310942,2.8832036135881594e-05,0.41277706049503937,0.4480229349891473
3,logistic_regression,6077,4,4,0.03648842411989283,3.91721213100115e-12,9.485258763335815e-09,1.5577381654663123e-08,0.9634607323857661,3.6088902339823984e-10,5.081806689435328e-05
3,logistic_regression,798,5,5,8.503178779462161e-06,6.598811304149989e-09,3.8626569462321016e-08,0.034549805463851044,2.4519791414307905e-08,0.9595745601128964,0.005867061499300942
3,logistic_regression,6139,4,4,2.6260063834817635e-08,1.1219151667380767e-11,6.250332886898428e-06,7.566213108243596e-08,0.999805530844859,2.7057506050361502e-11,0.0001881168617824841
3,logistic_regression,11548,3,3,9.760269131991163e-09,2.616967660531583e-13,1.6121699138283135e-10,0.9951901720453119,1.275881665541863e-05,4.526901434729541e-05,0.004751790201937498
3,logistic_regression,12228,3,3,5.226046380286531e-08,6.7541773866437395e-12,7.911040892282117e-09,0.981419410784594,1.6443205512666545e-05,0.00017364651492819848,0.018390439316706378
3,logistic_regression,9804,6,6,0.028415342078990623,1.512723813751083e-05,0.024782446554674806,0.000631837933229354,0.0031263855490294584,0.005926659728838808,0.9371022009170994
3,logistic_regression,385,5,5,1.7597770013452023e-06,2.9864413379413215e-10,1.4809867361493159e-10,0.007207864834641163,5.933749393112954e-10,0.9925408285233054,0.0002495458249343458
3,logistic_regression,2592,0,0,0.9996591075871255,3.0382815123349394e-05,0.0002314689775057473,5.614269740145292e-12,1.2013644904469108e-08,7.265525186229248e-05,6.373349123915854e-06
3,logistic_regression,13299,3,6,9.373042920242674e-06,1.1768501824976608e-09,2.486581849146374e-05,0.3966621251308649,0.02429544544675944,5.177322336091109e-05,0.5789564161607528
3,logistic_regression,2887,0,0,0.9968548221242217,0.0011106835067837752,0.0018338068972536454,4.511727722332855e-13,1.883348187062927e-09,0.00019808884878454684,2.5967391571507982e-06
3,logistic_regression,2793,0,0,0.9995049821738996,1.732922940650303e-05,0.0004721811085933252,3.593018417211418e-13,1.8457611825907808e-07,2.451833509479656e-06,2.8710781135274708e-06
3,logistic_regression,12609,3,3,1.5763133243387769e-06,3.6565741814653913e-10,4.304225507876807e-08,0.9401679672747887,2.5772538855400705e-06,0.01390351826988881,0.045924317480200136
3,logistic_regression,1566,5,5,0.006932912193669764,2.739580730968797e-07,3.123225325227011e-07,0.0007776696937703913,5.587549452535118e-08,0.984020534808533,0.008268241147926686
3,logistic_regression,4552,2,2,0.111039318233085,0.00033286774654242937,0.8879587796349633,2.0464077608383283e-11,0.0004252933879700412,3.037727853487035e-08,0.00024371059969648177
3,logistic_regression,224,5,5,1.5336510609504508e-07,8.017627480897155e-11,3.451444901521077e-11,0.00703348034277973,2.0778211112799052e-10,0.9928709023410721,9.546362856907165e-05
3,logistic_regression,8762,6,6,2.382434868400289e-05,8.896991148536769e-09,0.0002859459414310123,0.0056267558932949786,0.18088234082087526,2.3391246285890574e-06,0.813178784974095
3,logistic_regression,12665,3,3,8.9380964406105e-08,9.083823093178548e-12,1.144458892061678e-07,0.910884871292161,0.002935612478265175,1.3717985995778037e-05,0.08616559440764067
3,logistic_regression,6908,4,4,9.292810955090219e-05,2.5981195982846844e-08,0.0019131246182546924,1.7223478431950468e-07,0.9941939891874061,1.1578131284434607e-07,0.003799644087495123
3,logistic_regression,1171,5,5,2.808405764351429e-06,4.612228171762523e-09,6.990048686575544e-09,0.0007269087013654277,5.152258172178758e-10,0.9989762988215932,0.0002939719537742314
3,logistic_regression,913,5,5,1.2496872904451953e-07,4.2013975395496964e-10,7.408566586775472e-11,6.862495599896657e-05,9.415474190429229e-12,0.9999217655595303,9.484012100879302e-06
3,logistic_regression,2357,0,0,0.999071870576004,8.12455145828928e-06,0.0005388653296681353,1.0223875666434582e-09,3.2835577288406584e-06,0.00011968758627078927,0.0002581673764824712
3,logistic_regression,10987,3,3,6.647479947808234e-11,1.0768891760650416e-14,1.1566144796989227e-11,0.9991570325231649,3.5114964556523705e-06,1.5382605448357248e-06,0.0008379176417830679
3,logistic_regression,2987,0,0,0.9999687744217385,1.5668525656763753e-05,1.3299246051855839e-05,1.4510287825766552e-15,8.876977343984896e-11,2.235075221077298e-06,2.264256032016635e-08
3,logistic_regression,9939,6,6,0.05591034775673504,1.3446045085340863e-05,0.05290832219613261,0.0004926534507813143,0.024899869902155456,0.010083114621493817,0.8556922460276164
3,logistic_regression,7045,4,4,9.662249605513513e-05,1.7494633338378665e-08,0.0009309803746443982,1.851467759494239e-08,0.9977399825282468,3.7240975232307294e-08,0.0012323413507674904
3,logistic_regression,5441,2,2,0.009372125183769434,0.004475279312709567,0.9861504675570166,7.547736709344374e-18,2.0971177372842974e-06,5.5098657436143125e-09,2.5318901106046144e-08
3,logistic_regression,1508,5,5,0.00023142326242134612,3.3105143773098177e-07,2.2109674843014645e-05,0.03907607730163415,1.2429280754330063e-06,0.8608164693598629,0.09985234642172544
3,logistic_regression,3906,2,2,0.03288625171950895,0.00010563210831008565,0.5775654729577907,6.0478816492228e-06,0.02556956932625621,0.0001916443519728249,0.3636753816545121
3,logistic_regression,6674,4,4,4.664506871253344e-05,1.1359385084683586e-08,0.0010457523162334039,1.4942084387073531e-06,0.990641775039062,2.1379405150439683e-07,0.008264108214116874
3,logistic_regression,6210,4,4,3.5973897516899586e-06,3.375661047855707e-10,3.7349525064881837e-05,2.434414862867886e-06,0.9948512901641675,1.4132119148889263e-08,0.005105314036467854
3,logistic_regression,9275,6,6,0.0016506219119925651,3.845778055848022e-07,0.0016201165658323413,0.010912361288207658,0.005645779670215896,0.0025191979103382943,0.9776515380756076
3,logistic_regression,9988,6,2,0.26777260875701897,0.0003663121967745988,0.37530197297851486,4.36921681268116e-05,0.0007152862709100866,0.027974375389056488,0.32782575223959814
3,logistic_regression,8145,6,6,9.483475240753975e-05,5.065043152617946e-08,0.00022827554734816119,0.08477905692988638,0.0016707511603707048,0.0004116908922707835,0.9128153400672848
3,logistic_regression,2279,0,0,0.9991668376610472,1.075711770898185e-06,0.00015034087084442384,8.306853415029615e-10,0.00018051708887363097,1.7447982730831842e-05,0.00048377985404760335
3,logistic_regression,12509,3,3,1.0048628988976004e-07,6.718160513481039e-11,5.283954385556834e-08,0.8982551345394039,7.23658430771289e-05,0.00047597507549930766,0.10119637114900445
3,logistic_regression,13096,3,3,1.10092143904804e-05,1.068455544833148e-09,1.2814132308471224e-06,0.7544524979630745,0.00016171034517858796,0.003483480282341756,0.2418900197133284
3,logistic_regression,6492,4,4,5.651327207464531e-07,3.5038746046828003e-08,0.020238584986810595,4.705494241877437e-08,0.9585527393954417,3.293394266288885e-12,0.02120802838804528
3,logistic_regression,9817,6,6,0.02011642036543102,1.0831875529760769e-05,0.047823189528602185,0.0012700841550519523,0.005246818320983015,0.002843757729783848,0.9226888980246183
3,logistic_regression,3098,0,0,0.9998965363556425,4.4427853591920545e-06,9.866382619920829e-05,1.796638436152151e-15,2.0668766227852264e-07,6.305383771617851e-08,8.729129713916213e-08
3,logistic_regression,10217,3,3,6.264453689439007e-15,3.522055722944644e-18,6.4117612616451525e-15,0.9999659601720992,3.2048578770599695e-06,4.236559780409535e-09,3.083073345120353e-05
3,logistic_regression,1347,5,5,0.00014706134969417125,1.1306769100234854e-07,4.810837246566922e-06,0.05785952636670584,8.205653377429616e-07,0.8696198724506705,0.07236779536265421
3,logistic_regression,8003,6,6,0.0014511785610422563,2.509141814862891e-07,4.2916678606576314e-05,0.20886595198597915,2.3771502920333034e-05,0.3059255548957881,0.483690375461482
3,logistic_regression,1612,5,5,0.0003319467818262825,1.2875110653342527e-07,1.0093307337911233e-06,0.0011441753621722415,2.65466696013516e-08,0.9932473024328644,0.0052754107946269575
3,logistic_regression,11293,3,3,3.090754561719522e-10,1.0899921547972042e-14,5.4168054786767133e-11,0.9978192381265519,0.00013547443596821697,4.770511983812787e-07,0.0020448100230269516
3,logistic_regression,11103,3,3,5.239587946057516e-10,3.8299995698731836e-14,6.055726229417519e-12,0.9992043437847341,3.7585834883670277e-07,6.841173728401165e-05,0.0007268680895800044
3,logistic_regression,6046,4,4,1.5710762678194731e-06,7.903374206112391e-13,2.6781265082150204e-08,7.047269374456128e-09,0.9999347235768017,1.4787852856703072e-11,6.36715028176781e-05
3,logistic_regression,5178,2,2,0.011218670730513742,0.0008408012237349333,0.9879189218504489,1.753333224597786e-14,1.9132564521322652e-05,1.3465567022066236e-08,2.460165196546388e-06
3,logistic_regression,12011,3,3,1.175729798938776e-07,8.772230074597483e-12,1.0647428066839327e-09,0.982116100060432,3.922301958490173e-06,0.0018879274419534731,0.015991931549160975
3,logistic_regression,8871,6,6,0.0011049593785368104,1.825722136617586e-07,0.0003444510114859578,0.021771039662701417,0.0022872745656221296,0.00461766660054793,0.9698744262088922
3,logistic_regression,13457,3,6,3.8441275807628784e-05,6.871830731215717e-08,7.602792055974486e-05,0.13739467418267653,0.0003156200978043971,0.006069934195826522,0.8561052336090179
3,logistic_regression,3219,0,0,0.9991701655475642,0.00045653670149852215,0.0003731369018500105,1.0494934427700975e-17,8.743845566305675e-09,1.1960321375436857e-07,3.250202808037165e-08
3,logistic_regression,1937,5,5,0.00026498047813203613,5.344410052538669e-07,2.967689022875117e-07,1.2533685607577883e-06,1.0979977480622788e-10,0.9996679000755438,6.503475805600145e-05
3,logistic_regression,5707,4,4,4.128092094347375e-10,1.645738236058273e-14,7.082070856972088e-09,8.988711033095599e-07,0.9999776430477195,4.817631499673012e-11,2.1450538104291655e-05
3,logistic_regression,6504,4,4,3.885441744051336e-07,2.1064911138773413e-11,3.3550078470315764e-06,2.6652564401119295e-08,0.9999118065241268,1.0392245617576954e-09,8.442221099785508e-05
3,logistic_regression,10268,3,3,4.477726223084928e-12,8.894602801818674e-16,7.142047585496895e-15,0.9999004662412443,4.151633305666419e-09,7.820068715376635e-05,2.1328915483010817e-05
3,logistic_regression,7913,6,6,0.001976069276466541,1.9008805036999278e-07,2.450019511044254e-05,0.18866727794063712,2.6278296594533813e-05,0.35391831666814644,0.45538736753499465
3,logistic_regression,3598,1,1,1.1732302710998428e-05,0.999959039428066,2.9228269222940167e-05,7.26767406341258e-40,5.813732773076277e-20,1.7555491932253226e-16,7.576153839594743e-25
3,logistic_regression,3520,1,1,1.1224015840541049e-05,0.9999368353005263,5.1940683628825424e-05,1.321427284840113e-37,3.4606608015925295e-20,4.2387041091958234e-15,1.6944087039704898e-23
3,logistic_regression,8154,6,6,0.0003308786249387826,6.867727108295404e-08,0.00017108908095667406,0.0634470957930951,0.0020673582071465838,0.0022040042568170805,0.9317795053597746
3,logistic_regression,3229,0,0,0.941727619719889,0.0016894522351779992,0.05658056198927632,1.0383054755579612e-15,1.416700784299014e-06,2.6170537698308495e-07,6.876494943646282e-07
3,logistic_regression,11069,3,3,2.980897421358998e-09,2.690846391910095e-13,2.904452739590747e-12,0.9958517967552212,1.1593154197061497e-08,0.003810956525434686,0.0003372321421189696
3,logistic_regression,11424,3,3,1.7670033035723654e-09,1.4779009795874832e-13,2.8536188346074703e-11,0.9988027872614728,2.6068089413586937e-07,0.00016188459114575994,0.0010350656707999526
3,logistic_regression,13385,3,6,0.00010240211893693075,2.602476615509215e-08,2.4456929590183117e-05,0.08240660329241146,0.0011843511793926081,0.0015643630806431237,0.9147177973742595
3,logistic_regression,10629,3,3,2.7704982547549974e-12,2.0899741185816755e-16,1.2206307040051243e-13,0.999936431705494,2.0884565386083472e-07,8.068698551277674e-07,6.255257610437145e-05
3,logistic_regression,10938,3,3,5.0047291020524475e-11,8.37461844826723e-15,6.2396148444435135e-12,0.9995166993144383,9.55773494681253e-07,1.7791046685592825e-06,0.000480565751103063
3,logistic_regression,10353,3,3,2.996531652720603e-13,4.5601452811265224e-17,2.342973877204868e-14,0.9999721000010656,1.538389123318302e-07,1.7097813095901804e-07,2.757518156804289e-05
3,logistic_regression,10591,3,3,2.366079456559489e-11,2.9412599502133928e-15,5.124187038391592e-13,0.999851932916131,1.3414107715161268e-07,4.151027472173431e-06,0.00014378189114356673
3,logistic_regression,4664,2,2,0.00291347634425194,8.055952019180148e-05,0.9880536247632025,4.102301566851129e-12,0.008806493621765542,2.8674917130472945e-09,0.00014584287899403888
3,logistic_regression,9947,6,6,0.06582767699936486,1.5186002238017145e-05,0.1542525493275203,0.00029003805777708623,0.0797078437964999,0.0015431168415209733,0.6983635889750789
3,logistic_regression,9837,6,6,0.004358196858807646,3.005966855572854e-06,0.02185083728603095,0.0005193506538815137,0.030134946834995416,0.00035669687938176867,0.9427769655200471
3,logistic_regression,1342,5,5,0.005939126041067707,2.462487140755353e-07,2.125647016164827e-06,0.023986505969445033,1.890930900911588e-06,0.8614784513489828,0.10859165381387328
3,logistic_regression,9602,6,6,0.02506756042570262,4.099503642288786e-06,0.004979496795134628,0.007131889722965584,0.0010258913625176946,0.07609716337913414,0.8856938988109031
3,logistic_regression,9766,6,6,0.01608869485163644,1.0670485519965184e-05,0.03742777514131275,0.0014495998030637524,0.0035783108976867317,0.004395619793141222,0.9370493290276392
3,logistic_regression,6171,4,4,4.630087246301023e-08,9.554068992590794e-11,5.687547260758199e-05,9.01605394715147e-08,0.998693586959503,9.16289551026127e-12,0.0012494010017738075
3,logistic_regression,4814,2,2,0.0012267756922956373,0.00019580279709518648,0.9985284402491277,2.103956113617287e-13,3.427610447180891e-05,4.212609105301416e-10,1.4704735538483038e-05
3,logistic_regression,1965,5,5,0.004598421503294525,5.697173294623229e-06,2.395407055041767e-05,1.5647153155943837e-05,1.022441171760741e-08,0.9932601531276897,0.0020961167476031104
3,logistic_regression,12490,3,3,4.5635658549293463e-07,7.428281913486506e-11,1.7437846448808365e-08,0.9654320397445191,3.5710593175184508e-06,0.0052627807858216975,0.029301134541627125
3,logistic_regression,1587,5,5,0.0006650869910093316,2.927099200039778e-07,1.7479534455513207e-06,0.0014831758096917095,7.30570858108032e-08,0.9865543640815448,0.011295259397302715
3,logistic_regression,4445,2,2,2.2250296675288982e-05,2.5340794214594655e-05,0.9973207069767999,1.203898814885971e-12,0.002502220766454496,2.699504017264774e-11,0.00012948113765702486
3,logistic_regression,10447,3,3,4.4384824652828405e-12,4.4016695882185617e-16,5.353717726839295e-14,0.9999497713229063,4.361844266471754e-08,3.2468489246331317e-06,4.6938205233934716e-05
3,logistic_regression,7683,6,6,1.0428636481486869e-05,4.219266932416441e-09,2.4372300840294746e-05,0.4370591305127881,0.0014466319559860847,0.0005828421924904787,0.5608765901821466
3,logistic_regression,11900,3,3,1.1991066372942326e-08,4.87899901026851e-12,4.424656611899071e-09,0.9864847257750547,8.894524198591028e-06,6.319918500582957e-05,0.013443164095138913
3,logistic_regression,8868,6,6,0.0030678995124910047,1.5836698760824542e-06,0.00108300459993013,0.02813388702545404,0.00021415945491745595,0.03935071526830322,0.9281487504690281
3,logistic_regression,12995,3,5,8.317141718742997e-05,8.980762799406744e-09,1.9968667344869904e-07,0.3151062886826727,1.9701003143249304e-06,0.5997025664916097,0.08510579464077964
3,logistic_regression,3866,1,1,2.1628435158887522e-10,0.9999999801257635,1.965795219689068e-08,5.971354280531329e-57,4.807981768462262e-23,2.338395821298925e-26,5.1502969034475974e-37
3,logistic_regression,11639,3,3,2.312700697100387e-09,5.921962737477402e-13,2.1236998559063826e-10,0.9967784340408848,1.0572843546471993e-06,0.00012408017827191027,0.003096425970825482
3,logistic_regression,8989,6,6,0.00011826195353947687,2.433797490362862e-08,0.0015637445656666083,0.003105185117237862,0.2693525971826713,2.0235130421573794e-07,0.7258599844916057
3,logistic_regression,13433,3,6,0.002122472637133031,6.213957139877467e-08,1.4319049161390018e-05,0.24230077343317633,0.0001329545777509592,0.12296274623385169,0.6324666719293552
3,logistic_regression,8648,6,6,0.0007262520931125193,9.941785921608932e-08,0.00021050627684290142,0.05749766899182477,0.0019234693974740347,0.010884711362724928,0.9287572924601616
3,logistic_regression,7134,4,4,1.126535900506943e-05,2.8157300518868003e-08,0.004983112773640144,1.3160975981242998e-09,0.9947261623551394,1.8043695583474087e-09,0.0002794282344476566
3,logistic_regression,11473,3,3,3.6884026700528187e-09,1.8448601101494927e-12,1.83558784259502e-10,0.996989570440889,1.8152613690057183e-07,0.0009558614236107368,0.0020543827355572223
3,logistic_regression,10887,3,3,2.7884803155590113e-11,7.671750938825511e-15,8.241724935269603e-12,0.9993031224008126,3.0428029315248378e-06,9.161418817038699e-07,0.0006929186182400686
3,logistic_regression,10393,3,3,6.370591454566173e-13,5.25848233376558e-17,8.078934114855331e-14,0.9999362241985827,2.3718428026472487e-06,3.520528051919401e-08,6.136875261617561e-05
3,logistic_regression,3999,2,0,0.7328450268908596,8.458548017419766e-05,0.19852894690119624,2.405967528336894e-07,0.028753643362912334,0.0002420313010384906,0.03954552546706622
3,logistic_regression,10936,3,3,1.234439570331124e-11,1.8240894936299952e-15,3.498399940053388e-12,0.9989702382521506,2.1506028711665366e-05,2.102541016835942e-07,0.001008045449191486
3,logistic_regression,3044,0,0,0.9998563841909678,9.017762923605237e-05,3.512489030283717e-05,1.2138071839255793e-15,7.172114822225724e-11,1.8282450995798045e-05,3.076677531740017e-08
3,logistic_regression,10458,3,3,3.316262691289695e-12,2.706248570937572e-16,7.0591312817048e-14,0.9999197353887362,2.0623284767975907e-07,2.421797855785427e-07,7.981619524350524e-05
3,logistic_regression,10433,3,3,1.088866721041949e-11,1.1225077718903058e-15,2.1970188326689926e-14,0.9998609419241943,9.560190410766671e-09,9.99889427194018e-05,3.905956198424069e-05
3,logistic_regression,1407,5,5,1.3946639951503661e-05,2.6130303046175614e-08,7.197549091653949e-08,0.0007317098383007279,1.6739308355081905e-09,0.9984253098941882,0.0008289338478345597
3,logistic_regression,12143,3,3,4.259699436996586e-07,1.4302078992316063e-10,4.426358156389544e-09,0.9400386246896062,8.385013657564342e-07,0.03973816038920853,0.02022194588049683
3,logistic_regression,11835,3,3,7.16372336279205e-08,7.041021668611221e-12,1.2865776143691374e-09,0.9901952172166838,1.98127818710129e-06,0.0004759081825200552,0.009326820391756621
3,logistic_regression,10836,3,3,1.563414172462971e-10,6.675460783448009e-15,9.080554239180644e-13,0.9996749801550084,2.562340045680108e-07,1.498412552151215e-05,0.0003097793282093607
3,logistic_regression,7557,6,3,3.829549210290916e-05,6.469609426334727e-10,1.6019031605655746e-06,0.5660721685129503,0.0032203659805634484,0.0009194668170605599,0.42974810064720137
3,logistic_regression,1920,5,5,0.0028283527903518887,2.5697677095663262e-06,4.964286764433541e-05,0.0002781079887016726,1.0070160919132471e-07,0.9850152440654717,0.011825981818511584
3,logistic_regression,9666,6,6,0.012769713688803988,5.211829732072498e-06,0.02077772234092079,0.002951972181382904,0.005019991440601277,0.010663296902739436,0.9478120916158196
3,logistic_regression,12798,3,3,1.5694926364550606e-05,4.4185398390877506e-10,2.4459669020153864e-07,0.8725889618364497,5.8081781949344185e-05,0.0030844154186479085,0.12425260099804432
3,logistic_regression,302,5,5,1.0005094285906452e-08,3.059352061769703e-11,2.985420234303066e-12,0.00034569491453822197,4.676300467265824e-12,0.9996500273728856,4.267669226691019e-06
3,logistic_regression,7011,4,4,0.00046571203425894644,2.4548922361952286e-06,0.18699254394588571,7.731982199409989e-09,0.7918411203407779,3.494850912535331e-10,0.020698160705373832
3,logistic_regression,8824,6,6,0.001212153296941377,2.840520434770243e-07,0.0008790464169764956,0.0053568862715473,0.0026005684759638037,1.2336855785286926e-05,0.9899387246307423
3,logistic_regression,4802,2,2,0.014683602463357353,0.00038443231643357285,0.9845613175631928,4.055249914554804e-12,0.00031103785209283543,1.13872240834921e-06,5.847107845978907e-05
3,logistic_regression,11733,3,3,2.4969147647119044e-09,1.1092345062887615e-12,5.861166219690873e-10,0.989592728695525,9.592276775135922e-06,7.056961943444973e-05,0.0103271063241248
3,logistic_regression,10150,3,3,2.9718000925831963e-13,1.356493894306337e-19,1.6535639927839538e-16,0.9999414158186227,5.0094318126127436e-05,6.806786521453524e-10,8.489182275317789e-06
3,logistic_regression,7442,6,3,1.7407139034979938e-05,2.4148569247354593e-09,3.8629261449535446e-07,0.8425312662956688,9.334955861982057e-06,0.03131416735213338,0.1261274355498293
3,logistic_regression,11466,3,3,3.24171855065047e-09,5.350050555714899e-13,2.6749931024305346e-10,0.9954538999369713,4.064718103389567e-06,2.723699412184659e-05,0.004514794841050444
3,logistic_regression,8512,6,6,0.000490199772443465,5.760119674485881e-07,0.00025850965642043686,0.04765791509905829,0.0001524375626245538,0.023793769137272276,0.9276465927602136
3,logistic_regression,9845,6,6,0.023681910896846722,1.4855458598598067e-05,0.0380008424495474,0.0013448971067211472,0.0028642108668825456,0.011488916198826256,0.9226043670225773
3,logistic_regression,7843,6,6,0.00011393147732580565,2.2207811471688315e-08,3.9423093759852616e-05,0.21755686716010253,0.0009163572649842458,0.0049069108156749915,0.7764664879803412
3,logistic_regression,5868,4,4,1.1948824623665902e-05,1.3937736200483628e-09,9.333934159495697e-05,0.00010633752721631224,0.9265759746126286,1.8164749071541688e-07,0.07321221665267187
3,logistic_regression,9677,6,6,0.0032372985298050844,9.385758936420615e-07,0.00947627349587485,0.003033033679272995,0.03383486104045636,0.0011736738820677956,0.9492439207966292
3,logistic_regression,12552,3,3,7.412196155783262e-07,1.9309584949319694e-10,1.4685038494119136e-07,0.9314561932215492,2.2884017165680366e-05,0.0014264565934044271,0.06709357790478428
3,logistic_regression,10115,3,3,7.657043325829967e-14,3.7071904798532904e-18,5.165307568687022e-16,0.9999957210523739,2.670317198826538e-08,8.425457444419223e-08,4.167989802468942e-06
3,logistic_regression,12500,3,3,9.65020294818622e-07,4.785809910163115e-11,4.189106112462324e-08,0.9209945471732998,0.00011777569137663436,0.0007423034000448694,0.07814436677606468
3,logistic_regression,2490,0,0,0.9993765285220352,4.5788288006268224e-05,0.00042435646902823284,4.059283402358882e-11,7.8006178177827e-08,0.00011324498093894795,4.000369322031534e-05
3,logistic_regression,7814,6,5,0.0004398496913982362,6.15604399164516e-08,5.921966534936275e-07,0.021928971535597693,2.844476424626623e-07,0.9471843199809423,0.03044592058732574
3,logistic_regression,1077,5,5,2.2465158270475693e-06,5.097339560003018e-10,3.4852205824548906e-11,2.0269563896375553e-05,6.081044350958672e-12,0.9999714074737681,6.075895841286517e-06
3,logistic_regression,4596,2,2,0.026900600645867738,0.0002844848862051826,0.970622824658445,7.517867295742345e-11,0.0017559410159177233,1.512207911471622e-06,0.0004346365104742548
3,logistic_regression,7603,6,6,0.0001180692201686087,2.455757428107765e-08,1.0875393405745594e-05,0.48626711628273683,8.372412591394935e-05,0.019099311876664804,0.4944208785435357
3,logistic_regression,8969,6,6,0.0006759352672631188,7.193293746851935e-07,0.003386374485492255,0.0035483718735804044,0.0022262837021821175,1.4021537575811369e-05,0.9901482938045315
3,logistic_regression,2315,0,0,0.6024566806019847,0.0029175932412201654,0.3585664443097875,2.290301319177683e-07,1.8248263940126776e-05,0.009163003225743977,0.02687780132719153
3,logistic_regression,164,5,5,4.035890096659906e-08,7.174347912969508e-11,4.1803679243827135e-11,0.01531506307006662,1.8246289419146373e-10,0.984585554960581,9.93413144414777e-05
3,logistic_regression,4878,2,2,0.00056937266695054,0.00011464884933697779,0.998875126965989,4.1366312679299437e-13,0.00041817678362232645,2.427714887076194e-09,2.2672305972829104e-05
3,logistic_regression,10380,3,3,1.1054668616633805e-12,1.6685241065771535e-17,1.4491996562121493e-14,0.9999487737937278,2.323828696095872e-06,3.333361843377191e-08,4.886904283775994e-05
3,logistic_regression,3659,1,1,1.3244322232803538e-06,0.999884539579755,0.00011413598802157271,3.3798207346108355e-41,2.571872222158403e-18,1.8192602925073e-18,2.59688794336488e-25
3,logistic_regression,1533,5,5,9.367124800425586e-06,1.0386452963582278e-09,1.484533195755193e-11,2.6359935469658554e-07,5.742121122170647e-13,0.9999897502498103,6.179719697668088e-07
3,logistic_regression,12742,3,3,1.47312006150288e-05,1.647205480619404e-10,1.9325797130143054e-07,0.8685887845305862,0.00024983151139707996,0.000512317359142897,0.13063414197556678
3,logistic_regression,6482,4,4,1.201166505468311e-05,9.240378282751392e-10,0.00010992260648543979,8.764460853929235e-07,0.9981830450959915,5.650727523831451e-08,0.001694086755069921
3,logistic_regression,778,5,5,3.7486956986532615e-06,2.2857087280388126e-09,4.932788143456369e-09,0.007668609740835414,2.905328375055687e-09,0.9912700795307859,0.0010575519088547585
3,logistic_regression,717,5,5,5.941352648650662e-09,2.1137214054944194e-11,2.237546924145164e-13,1.821635825409477e-06,5.87800398819241e-14,0.9999980844446031,8.795679892115363e-08
3,logistic_regression,10898,3,3,2.0510030285543752e-11,1.88267364762861e-15,3.83809048629807e-12,0.9996074815812496,4.860252969026988e-06,4.086074651134277e-07,0.0003872495339662382
3,logistic_regression,715,5,5,2.423189342435768e-07,3.9573038116118717e-10,1.113958431761738e-10,0.000383557071590262,2.3665743823571913e-11,0.999591778381094,2.442169758937522e-05
3,logistic_regression,3434,1,1,0.00014992189097656004,0.9571586813171561,0.04269139679111078,2.2268719982693903e-33,7.538720561910819e-13,2.467111805807618e-15,4.958229059333723e-19
3,logistic_regression,2125,0,0,0.9142190630215353,2.4062695040822416e-05,0.0037163977520731414,9.926762531248069e-06,0.00011741886153002972,0.014724606074334151,0.06718852483295533
3,logistic_regression,2306,0,0,0.7679162210103003,0.00010284555068102846,0.20084879778102113,1.5169990785832196e-07,0.002998213036609097,1.80039006191725e-05,0.02811576702086139
3,logistic_regression,2405,0,0,0.9978290515858548,4.465135480693259e-05,0.0009798122387963963,1.59211945163617e-09,6.901279112674114e-08,0.0010202815252749783,0.0001261326903563577
3,logistic_regression,7703,6,6,3.6405618524989156e-05,1.088408093271495e-08,1.3848419319557763e-05,0.4855908396341424,0.00022743759363311764,0.010021907061637655,0.5041095507886614
3,logistic_regression,8819,6,6,0.0019070185149492307,1.515149606205951e-06,0.0014411540263096548,0.04282919585045431,0.00018614732843270438,0.07971012287067629,0.8739248462595716
3,logistic_regression,599,5,5,2.3339178650455243e-06,3.2337267828865645e-09,3.6160418057939266e-08,0.10417674112863369,4.5836847437935055e-08,0.8874594906868347,0.00836134903567438
3,logistic_regression,10818,3,3,1.5022378782284988e-10,1.2644357584055912e-14,5.136993793018501e-13,0.9996037695885392,6.286301409307985e-08,0.00015573961096168295,0.00024042778673480773
3,logistic_regression,11635,3,3,4.7058607327151425e-09,1.961623418083028e-12,4.422428841723811e-10,0.9943677056782846,1.3704965705707265e-06,0.0002209054355758363,0.005410013239503837
3,logistic_regression,6378,4,4,2.2668226767837816e-07,2.705882951454747e-11,5.4535057104751475e-06,2.218563651543836e-07,0.9996911244798775,3.3944602464571655e-09,0.00030297005426034785
3,logistic_regression,10457,3,3,6.523398886346962e-13,2.99148068156751e-17,3.835673167437298e-14,0.9999082560989314,4.563353639220192e-06,3.907638544243048e-08,8.714147035312958e-05
3,logistic_regression,8423,6,6,0.0010971129151781782,2.028433263822213e-07,0.0002629404696539577,0.042956227303805966,0.0008209050170339686,0.0040048584811459296,0.9508577529698555
3,logistic_regression,6929,4,4,7.057837155617934e-07,1.868004725426835e-09,0.0005147057809668697,1.1989094566205596e-09,0.9992108828199266,4.3286770891224525e-11,0.0002737025051900506
3,logistic_regression,8566,6,6,0.003144462836128524,3.3920597049849216e-08,0.00034933215821062504,0.045276820338789554,0.05346800489513325,0.0001958512053497427,0.8975654946457914
3,logistic_regression,10906,3,3,4.729668982882376e-11,1.4067465897138449e-14,1.0195768630466415e-11,0.9992899080008999,1.7997430143404076e-06,2.9614818626635703e-06,0.0007053307167166794
3,logistic_regression,3791,1,1,9.514044044434366e-08,0.9999953766088259,4.528250733655554e-06,1.9836639368808272e-46,4.552057026433109e-21,5.051722867709046e-21,1.2270363122893571e-29
3,logistic_regression,1164,5,5,0.0001739662936504107,5.148038619050395e-08,2.942936563245466e-06,0.16317288036846292,2.3480957269097854e-06,0.7158863061273224,0.12076150469788786
3,logistic_regression,3479,1,1,8.793178903580334e-05,0.9972064769363074,0.002705591274654711,2.299339893694979e-35,5.293584088102504e-16,1.5914623928336168e-15,4.9488063659612724e-21
3,logistic_regression,4198,2,2,0.35325269086348143,0.00040882899920684375,0.6373061531607465,4.875974655432212e-09,0.002741204752495529,3.4980974956611063e-05,0.006256136373138613
3,logistic_regression,3936,2,4,4.1629250683815066e-05,1.8417298286572136e-07,0.03894567382399135,5.070941556406828e-09,0.9576959551533927,1.0021383612680305e-10,0.0033165524277939708
3,logistic_regression,4165,2,2,0.01547678670440641,8.563619728759806e-05,0.9676163167982768,3.692897649686225e-10,0.013835238047442381,7.923507568562065e-09,0.002986013959789338
3,logistic_regression,5322,2,2,0.08909766566576582,0.005541179860180679,0.9053597147770207,1.2437064071416464e-15,9.245657832029755e-07,5.8859740910456335e-08,4.562715072546007e-07
3,logistic_regression,2412,0,0,0.99878847467008,3.1942707502698185e-05,0.00043587929577002486,4.088634681165935e-10,3.555160500165697e-07,0.0005839353398977249,0.00015941206183609017
3,logistic_regression,9955,6,6,0.15032233785713006,4.087158760359505e-05,0.1058588773856689,0.0003897327382099027,0.00612841531287118,0.012633352060245934,0.7246264130582706
3,logistic_regression,519,5,5,1.1626917245083089e-07,1.0092183015830843e-10,1.1384849015621614e-11,0.000250107903289574,1.3075179845304367e-11,0.9997394928086375,1.0282893518528216e-05
3,logistic_regression,8591,6,6,0.00026096368178897517,4.960385015060594e-08,0.00022066580854254733,0.07077733368625912,0.004547058485917562,0.005026035632919404,0.9191678931007223
3,logistic_regression,3365,1,1,0.0034587612396577367,0.9947161523378414,0.0018250863312156615,7.939324441081796e-30,2.253110072611509e-16,9.12849749506693e-11,1.3300682364702425e-17
3,logistic_regression,8832,6,6,0.003420497049690983,5.451668086589618e-07,0.0005023391567990755,0.04647684488545945,0.0004279194177809707,0.05119669227195216,0.8979751620515087
3,logistic_regression,5161,2,2,0.00012995238235670632,7.20384078815704e-05,0.9985644495937647,3.236291864371583e-15,0.0012322858772679498,1.186286664765517e-10,1.273620097161948e-06
3,logistic_regression,9024,6,6,0.0054774069704874055,2.747725901958922e-06,0.0016260471591051148,0.020066866901322835,0.0001926376228243339,0.0832333738461843,0.889400919774174
3,logistic_regression,13328,3,6,1.4811449699826754e-06,8.226699456009123e-10,1.5334350549768564e-05,0.2678641070295933,0.014447401820664974,1.2847710375112293e-05,0.7176588271211769
3,logistic_regression,10021,3,3,1.6107552921522017e-15,3.957748983968216e-19,5.202790521582488e-18,0.9999993780824636,5.325791245272321e-10,3.146274575426841e-07,3.067574979502526e-07
3,logistic_regression,3547,1,1,9.402108012970969e-06,0.9868383298110477,0.013152268080917738,5.820793297284798e-38,2.1689787441352342e-14,5.905439739337643e-21,4.366157556359852e-22
3,logistic_regression,12447,3,3,4.068081198799992e-08,2.2861181332550687e-12,2.0073659048233754e-08,0.9623952464524252,0.0009719450072699158,1.15092079082384e-05,0.036621238575639314
3,logistic_regression,1532,5,5,0.00013832210844455216,7.148680004352655e-08,4.009605782250695e-07,0.0013189598803810842,1.0162566434062272e-08,0.9954901181640712,0.0030521172371585025
3,logistic_regression,9697,6,6,0.0011036144758513073,6.474599020945313e-07,0.009409669544746107,0.0016757949227947822,0.05801077261400257,0.0002469863462709584,0.9295525146364323
3,logistic_regression,8865,6,6,0.0029413511565347023,2.1678711350129753e-06,0.0011675628386607693,0.029291788581271894,0.000136625021680059,0.0988472372668688,0.8676132672638487
3,logistic_regression,5018,2,2,0.004957818563355795,0.00022662553261649493,0.9926321333988616,1.6520942063028718e-13,0.0021601650665396595,3.332458119577248e-09,2.3254106003062805e-05
3,logistic_regression,7625,6,6,3.993658679977013e-05,2.951392944733896e-09,1.2662420593016517e-05,0.309087784777431,0.003398899888625204,0.00010082375906048194,0.6873598896160976
3,logistic_regression,6336,4,4,1.511333843156433e-06,9.359149331292883e-10,0.0001928362544536117,4.5514816867129994e-07,0.9956879686331711,1.544600088452275e-09,0.004117226149848343
3,logistic_regression,13093,3,3,3.2301594284534406e-05,4.389405554188683e-09,1.2393058274582999e-06,0.7748733505115095,1.7213008503852532e-05,0.04028900224273167,0.18478688894773743
3,logistic_regression,12984,3,3,8.571166234146867e-05,4.023431324463144e-09,4.772913654062287e-07,0.5720102349764304,9.131140785874234e-05,0.03421250296481918,0.3935997576737533
3,logistic_regression,5737,4,4,9.432731767263857e-09,2.0685879092470636e-13,6.228889084355894e-08,5.78494079496639e-06,0.9998272543013383,3.887946199009642e-10,0.00016688864724247424
3,logistic_regression,1395,5,5,7.062279738799435e-06,6.3055201722375104e-09,2.275191936233612e-09,4.324397397186041e-05,1.053824464867756e-10,0.9998858508541981,6.383420599667103e-05
3,logistic_regression,7809,6,6,0.0004400462579110272,3.644748136475457e-08,2.5993798281915346e-05,0.3172420326034693,0.0002533244917794612,0.027417137887114904,0.654621428513962
3,logistic_regression,7318,4,2,0.0005190838394463461,1.7781690002304745e-05,0.8584350017350824,3.061304331477857e-10,0.1395652335486484,1.6681130464509898e-08,0.001462882199559821
3,logistic_regression,12563,3,3,5.821194843007359e-07,8.337617181026294e-11,2.4796641029104864e-08,0.9684369919330456,2.651980636095459e-06,0.006773105243870648,0.024786643842946137
3,logistic_regression,6706,4,4,2.253732399131156e-06,2.613317131633214e-07,0.16472202869213937,1.0299863784745632e-07,0.7821664767426123,3.140865772577781e-12,0.05310887649935727
3,logistic_regression,488,5,5,2.6548509676528836e-06,2.6935310921864406e-09,5.376301045269237e-08,0.43025407673902005,2.4257835649157717e-07,0.5447548689077784,0.024988100467335884
3,logistic_regression,11897,3,3,4.860850482566364e-08,1.3379136046606217e-12,3.9166174954032613e-10,0.9934807943602573,2.958848591763204e-06,0.00028122399570585976,0.006234973793940534
3,logistic_regression,7589,6,3,2.0929142234826325e-06,3.2480716571478633e-10,3.2314815584126636e-06,0.5415558911371043,0.0067690608483194125,6.674209363090935e-05,0.4516029812003563
3,logistic_regression,6089,4,4,8.542194570748856e-09,3.5554808707149332e-12,1.8691100474326515e-06,1.3124594638536131e-08,0.999937873973381,7.023192196823601e-12,6.023523920360091e-05
3,logistic_regression,13448,3,6,5.050612448651806e-05,4.591859184263934e-08,6.141320365897096e-05,0.21663150062109846,0.0002913519183058745,0.005068205507332263,0.7778969767065261
3,logistic_regression,9499,6,6,0.01718353661003696,2.2542930725209045e-06,0.00442051029708859,0.008232831454181456,0.0019300173507606274,0.017774439000495072,0.9504564109943647
3,logistic_regression,5496,2,2,0.030021972862890905,0.028136734699291004,0.94184111537949,1.5319252869345695e-20,1.7487595726592868e-07,1.9220039452195998e-09,2.603670304874092e-10
3,logistic_regression,9944,6,4,0.0038876997905965814,3.844340551828497e-07,0.013403161130825564,0.00011341235757877828,0.8235614143676955,8.127548173403424e-05,0.15895265243751416
3,logistic_regression,7668,6,6,5.112282917918495e-06,1.2019514406226538e-09,1.3263273581979682e-05,0.40644677734942714,0.00852459572445682,0.00018212256708181413,0.5848281276005828
3,logistic_regression,6374,4,4,2.1703098967203834e-06,7.576377583461333e-10,0.00018724804380226517,2.682727878700304e-07,0.9987486142622014,4.013804952301765e-09,0.0010616943398689144
3,logistic_regression,10389,3,3,4.0961085249228424e-09,5.936171256049792e-16,2.6727937276728508e-14,0.9990331522872946,6.625183076164126e-05,2.2773457380527616e-06,0.0008983144400700008
3,logistic_regression,513,5,5,3.415729210166085e-07,4.034629373704023e-10,5.980594912704739e-10,0.008592085642983024,8.212970202069043e-10,0.9910590954853588,0.00034847547591761413
3,logistic_regression,9052,6,5,0.01569106082194272,4.061871389004254e-06,0.0005416804880099961,0.01634703008939841,2.288362022661487e-05,0.5119581775153508,0.4554351055936824
3,logistic_regression,6970,4,4,8.435100231612905e-05,1.4307436777187914e-08,0.001262525082562818,1.2925845287259623e-08,0.9981726912978452,2.281960382596606e-08,0.00048038256438997915
3,logistic_regression,3046,0,0,0.9996426267358107,1.9640590247250817e-05,0.0003360944816091307,1.305765424285786e-14,2.2404077032161775e-07,9.244421228488441e-07,4.897094265000877e-07
3,logistic_regression,8022,6,6,1.729442974856658e-05,1.4569123763746359e-08,7.766228928020392e-05,0.13150354948872725,0.002541368585688492,0.0006022321823103896,0.8652578784551214
3,logistic_regression,6652,4,4,3.37110092981635e-06,3.2349139276616406e-10,3.825187868625247e-05,1.1513124788480635e-07,0.99939335952632,1.1214057327854095e-08,0.0005648908252670566
3,logistic_regression,11113,3,3,1.084415225475526e-10,2.36664198969439e-13,1.6433185013370252e-11,0.9984868545952931,2.2064409801234975e-07,0.0002543857678050326,0.0012585388676925608
3,logistic_regression,7773,6,6,0.0004150298332649312,2.1537596898356716e-08,1.3615764631574743e-05,0.15855215988466168,0.0006764694696274674,0.002397223688821334,0.8379454798213961
3,logistic_regression,1680,5,5,0.00045744122117539413,7.605355774357078e-07,2.8081919829588512e-05,0.007396627554622892,4.6641658458043204e-07,0.9417343359131018,0.05038228643910814
3,logistic_regression,12326,3,3,1.1025135113606917e-07,1.9320378827799227e-11,1.928364478782514e-08,0.974773534739279,1.4226386450948752e-05,0.00041996056605616715,0.02479214875389785
3,logistic_regression,10505,3,3,6.086372230738751e-13,3.0151590875781684e-16,4.1483983092144343e-13,0.9998698331452665,1.4208339190914903e-06,1.0532075773608802e-07,0.00012864069903318373
3,logistic_regression,9031,6,6,0.002366695009644423,4.927928766115972e-07,0.0024603293867670167,0.011284866956617805,0.005719942820299476,0.0013681448395175563,0.9767995281942771
3,logistic_regression,572,5,5,1.211012406975403e-07,1.9836148162564648e-10,5.341856535361301e-11,0.000603681990139971,3.3582757269443173e-11,0.9993696443856969,2.6552237559740125e-05
3,logistic_regression,7889,6,6,5.306215718645104e-05,2.407837776940507e-08,0.0001076223413708276,0.20548716049356475,0.0014639428819160953,0.0012747397706660481,0.7916134482769182
3,logistic_regression,5414,2,2,0.004034478198799514,0.005586729903096668,0.9903787177373008,1.8976638912581367e-18,5.649199737754478e-08,2.05886917522979e-12,1.7666747064748228e-08
3,logistic_regression,5706,4,4,1.1176688178266866e-10,1.9416141533846e-14,1.1736702956352333e-08,1.6414701367536632e-06,0.9998754727665181,8.044194034790147e-12,0.00012287390681166925
3,logistic_regression,2690,0,0,0.9971974950182707,0.0013716960262622755,0.00040397230464556247,1.1447964069096088e-12,3.552873317406674e-09,0.0010190338556101642,7.799241193294821e-06
3,logistic_regression,11213,3,3,1.3535641444472303e-09,7.203779139733431e-13,3.286770651393101e-11,0.9975561972514423,9.846398064516194e-08,0.0012884810712812398,0.0011552218261434404
3,logistic_regression,2725,0,0,0.997200972139034,2.0055670466358597e-05,0.0026723751812602996,2.3590411527905643e-11,2.8861624488926944e-05,9.866786372125448e-06,6.786857478760951e-05
3,logistic_regression,5096,2,2,0.0015858052830298194,0.00030088423563680603,0.9980407227982038,4.339856110831778e-14,6.944408756501686e-05,3.224555371490388e-08,3.111349967431435e-06
3,logistic_regression,8745,6,6,0.0015337174748484437,5.741314189306962e-07,0.0012309575901318511,0.023885071715744163,0.0010665968651087238,0.005440876030010167,0.9668422061927376
3,logistic_regression,6439,4,4,1.4504800485050554e-06,7.437455592400965e-10,0.0001883369361927551,8.95237578341148e-08,0.9991126552215819,2.129598886719207e-09,0.0006974649650745659
3,logistic_regression,12465,3,3,4.3880789340831094e-07,4.640421614927107e-11,6.309222426266927e-08,0.9440300474236604,6.327028581426372e-05,0.0003771886612084552,0.05552899168279507
3,logistic_regression,12398,3,3,7.232302723647412e-07,3.405979218484822e-11,7.558872528320582e-09,0.9731649166303052,4.0368300327892515e-06,0.004298545313154683,0.022531770403302787
3,logistic_regression,11472,3,3,7.414952065383684e-09,1.3688466425672875e-12,1.7824713667924777e-10,0.9957552100206594,9.595980632143762e-07,0.0004050172707343507,0.003838805515974903
3,logistic_regression,13276,3,6,5.8218926837823695e-06,1.7973123711519889e-09,1.3082539716573563e-05,0.2763434030659896,0.007214357787973945,0.00016179604918572756,0.716261536867138
3,logistic_regression,7311,4,4,0.0014505346500645708,3.145562865048463e-07,0.00607317692284378,3.4625646066030746e-12,0.99240792367547,3.205047382096792e-10,6.80498713679109e-05
3,logistic_regression,3630,1,1,6.850191763114776e-06,0.9999708853367578,2.2264471478921608e-05,3.3662227710314243e-40,3.734910917388353e-20,2.4981038756345636e-16,2.7619995196690484e-25
3,logistic_regression,13372,3,6,5.289129063818627e-06,8.287191591774696e-10,2.2917048524693477e-05,0.35153073329894713,0.026346105317885,1.3476588467069982e-05,0.6220814777883931
3,logistic_regression,5173,2,2,0.015617713036807828,0.000996340652137273,0.9833415429852762,1.6894026588574308e-14,4.070387276871383e-05,1.5080309666668656e-08,3.684372683237355e-06
3,logistic_regression,9418,6,6,0.02255675492565216,2.782298070124792e-06,0.0015454733120798733,0.00273746666423165,0.0011825806553064676,0.012700666365629063,0.9592742757790307
3,logistic_regression,4489,2,2,0.0006005117388654441,8.697365573408599e-05,0.9989468062962359,1.3500477624115557e-11,0.000223788397632598,4.5669004087273834e-09,0.00014191533113124493
3,logistic_regression,1848,5,5,0.0004643832110619529,1.0165662068481067e-07,3.9826354058785154e-08,4.955408992956401e-06,1.4876494068738794e-10,0.9994473082427626,8.321150544263124e-05
3,logistic_regression,5002,2,2,0.006202194725641275,0.0003221963285622716,0.9932974982392796,2.0686625485455664e-14,0.00016749201935390077,1.942087549898258e-11,1.0618667721343436e-05
3,logistic_regression,11378,3,3,1.5895221014218411e-09,1.1932594389988432e-13,3.7634360941442244e-11,0.9987642557125487,5.528743953537266e-07,7.00646784109067e-05,0.0011651251073692929
3,logistic_regression,11375,3,3,7.262824714523966e-10,8.937850150892305e-14,1.276453412260789e-10,0.9971271922221173,1.173391475255701e-05,5.779064097864179e-06,0.0028552939450150116
3,logistic_regression,10969,3,3,1.2205568785851009e-09,5.680362473469621e-14,3.126399980125488e-12,0.9993439904881235,1.143685188853167e-07,0.00015756131045020576,0.0004983326091672426
3,logistic_regression,12877,3,6,1.946617224545351e-05,1.1323685160499192e-09,1.28659568679948e-06,0.43656413535567756,0.0013627941263748724,0.00016119302764900335,0.5618911235899977
3,logistic_regression,3870,1,1,1.2279135704398667e-11,0.9999999994048372,5.828836908720949e-10,1.3687189419774302e-62,7.853395778093568e-27,5.584747802006289e-32,2.3738551157174574e-41
3,logistic_regression,12316,3,3,5.70333666864148e-08,1.0636060324271884e-12,4.4279864653699065e-09,0.9764770499597683,0.00036376325557686953,1.3897939557081033e-05,0.02314522738268093
3,logistic_regression,3518,1,1,2.124515174270704e-06,0.9941253485988131,0.0058725268860115925,2.8482774958440865e-37,1.1638715670428244e-15,2.4133777494260702e-17,6.158952865582545e-22
3,logistic_regression,8480,6,6,5.427139030910094e-05,2.3071379529249532e-08,0.00038695018482302516,0.06249466080694503,0.021981291407727085,0.0003810088234078874,0.9147017943154083
3,logistic_regression,10879,3,3,2.6123833893891806e-10,7.282457103701717e-15,2.6583042651250404e-12,0.9994710420347648,1.5459843995815302e-06,5.751233071122096e-06,0.0005216604838605703
3,logistic_regression,11188,3,3,6.461186721776701e-10,7.148629574460588e-14,1.3247488180104168e-11,0.9990644002289534,3.416023990498644e-07,9.466602956382318e-05,0.0008405914796459802
3,logistic_regression,6751,4,4,0.06795873671155606,3.686121132162772e-10,6.945936882801928e-07,8.493214727155119e-10,0.9319588473125148,1.1353478749681155e-08,8.17088108286068e-05
3,logistic_regression,9215,6,4,1.149813586822131e-05,1.505052766739161e-08,0.0019462057131383686,0.0011388892122078692,0.5001326541285741,1.1153733208197952e-07,0.4967706262223517
3,logistic_regression,2589,0,0,0.9998719489915107,2.7263353268499563e-05,3.7398853837991586e-05,5.358019886158898e-13,8.205018319972544e-09,6.017203095073219e-05,3.2085648777294923e-06
3,logistic_regression,5151,2,2,0.36284680799704794,0.01901835806372768,0.6181238166956361,4.710288986677053e-14,1.5783268658205582e-07,7.005897306208013e-06,3.8535135485442424e-06
3,logistic_regression,2273,0,0,0.921117377060839,2.876897515700822e-05,0.04214105147405976,6.802601553800136e-07,0.005936370585526461,0.0006594397107148396,0.03011631193354768
3,logistic_regression,4013,2,2,0.040280386264769395,0.00013301193635882716,0.9131067148265993,3.629170941458972e-08,0.02324659036217462,1.4913618582397417e-05,0.02321834669980586
3,logistic_regression,11844,3,3,1.7934541854547345e-08,3.94075430439023e-12,2.572838346342402e-10,0.9909147081765384,1.632581044052918e-07,0.006063725493781538,0.00302138487580931
3,logistic_regression,10029,3,3,1.41416470649483e-15,1.210485797706737e-18,4.533787844139809e-17,0.9999988952089489,4.156065295603207e-09,6.095594157775991e-08,1.0396790425355433e-06
3,logistic_regression,3889,2,6,0.4198499077662498,3.139984225642522e-05,0.09304409228527563,0.00010183475872730004,0.01978266805125201,0.00394529483200433,0.4632448024642345
3,logistic_regression,6983,4,4,0.0003774376597460334,1.705103487541928e-11,3.402144084867777e-08,5.942245566858861e-13,0.9996207595132207,7.641351089422627e-11,1.768711533596579e-06
3,logistic_regression,7679,6,6,1.889484432285457e-05,3.514649163478029e-08,1.1889720137082849e-05,0.44615516513049064,4.6023346122094056e-05,0.031171043082617075,0.5225969487298187
3,logistic_regression,9675,6,6,0.014896269574633709,1.0902273543886229e-05,0.01642219830101929,0.0028141278834003637,0.0009622893322804321,0.02071044677573856,0.9441837658593837
3,logistic_regression,7555,6,6,0.0003163348516181019,2.590636829439831e-09,1.0160628171090674e-06,0.49748588656443754,0.00042990107186621426,0.0033673154637522957,0.49839954339487197
3,logistic_regression,13445,3,6,0.00022013910772140049,4.340973201939104e-08,3.197149753000627e-05,0.31398820390228144,0.0001786479887665453,0.025108785106958274,0.6604722089870103
3,logistic_regression,3858,1,1,1.7769692665050873e-10,0.9999999617538339,3.806846903376371e-08,2.3802417668441721e-54,8.726868848199278e-25,1.886436132810954e-25,1.9439385900039523e-35
3,logistic_regression,448,5,5,1.026306166743775e-06,3.4589721952734945e-10,1.8214002706313032e-10,0.003564448400653989,4.807086196879168e-10,0.9962408329528909,0.00019369133154255286
3,logistic_regression,871,5,5,1.0533181743998973e-05,4.631301186389872e-09,1.557548769088189e-08,0.010061350785005314,8.223810560414472e-09,0.9876247049319369,0.0023033826707143526
3,logistic_regression,9818,6,6,0.01059500637572009,7.238057768071908e-06,0.0694922569584863,0.0007314644355586093,0.022227086054910528,0.0007449478963158214,0.8962020002212405
3,logistic_regression,5279,2,2,0.12082454294358236,0.006489173900099051,0.8726851167901336,7.624326595238821e-15,2.3748506116829567e-07,1.6644741111699922e-07,7.624337050788245e-07
3,logistic_regression,5376,2,2,0.007543095360040812,0.0018027500905136936,0.9906512418698511,2.33530199481814e-16,2.779738911025909e-06,9.776737215715574e-09,1.231639460030499e-07
3,logistic_regression,412,5,3,1.6343279216701845e-05,2.0083490920110947e-09,7.834590662200763e-08,0.7588969569152286,1.1778879179912484e-06,0.19074858996280183,0.050336851600579095
3,logistic_regression,6508,4,4,2.886506531564349e-06,7.230924872018762e-10,0.00010332485762917317,4.3239127329231883e-07,0.998423475571219,3.725749669942235e-08,0.0014698426927578032
3,logistic_regression,597,5,5,2.2694277367053714e-07,1.205047019358299e-10,1.2764217001426653e-11,0.00016794948054323165,1.327964272239118e-11,0.9998216333704516,1.0190059683021599e-05
3,logistic_regression,8365,6,6,0.0025247197189219276,9.830097390513565e-07,0.0003524015523440481,0.08071630358709533,7.847213889320089e-05,0.0889819968021033,0.8273451231909031
3,logistic_regression,5699,4,4,2.9193034643617045e-11,3.2769583184244644e-14,4.217574625342018e-08,4.4894580317351155e-07,0.9997907923964571,1.0001755320967037e-13,0.00020871645266766595
3,logistic_regression,192,5,5,6.168158408237575e-08,4.17091416385346e-11,6.5907354545037565e-12,0.0020912974851895476,3.9722327815075023e-11,0.9978856338159301,2.300692927409754e-05
3,logistic_regression,9803,6,6,0.059771602107182985,1.303678148528752e-05,0.018246179952942573,0.0009462790778352842,0.0018078940224204106,0.0017544883057953832,0.9174605197523381
3,logistic_regression,3845,1,1,1.5556393206398239e-09,0.9999956133749976,4.385069363090823e-06,8.081514366256416e-52,1.88073850511268e-19,3.126788233164675e-26,1.9066020369428106e-32
3,logistic_regression,6381,4,4,1.3189906193356961e-05,2.608935059844598e-09,0.00028938827996841576,2.315214598907031e-06,0.9913283863261888,4.905628441819014e-08,0.008366668607831059
3,logistic_regression,5562,4,6,5.708667493620749e-06,8.023107115741421e-10,1.2294343574553545e-05,0.12627261773576287,0.043029725728568086,3.8410478265156955e-06,0.8306758116744637
3,logistic_regression,1018,5,5,1.786883674875045e-07,5.624265234608779e-10,1.472082463415411e-11,5.08701063544848e-06,3.047567639437679e-12,0.999992586557637,2.1471631650884566e-06
3,logistic_regression,218,5,5,7.99654382493405e-09,1.0215840955649036e-11,3.1078236670416406e-13,0.00012494925790392528,1.1898552427300716e-12,0.9998739588614577,1.0838723781743726e-06
3,logistic_regression,6891,4,4,0.00035946638788084004,1.028366089069485e-06,0.0884564836294303,9.659841085812644e-07,0.8794053507006133,1.4308052168468947e-06,0.03177527412666106
3,logistic_regression,11564,3,3,9.873413890456825e-09,1.5482684001829286e-13,8.058920251822013e-11,0.9967162247357714,6.118752987207064e-06,3.3814664112176186e-05,0.0032438318929713652
3,logistic_regression,594,5,5,1.1110103308848407e-06,2.046471854713855e-09,4.537768608144803e-09,0.023972463834992876,8.391916327831926e-09,0.9738627881213376,0.0021636220571818045
3,logistic_regression,12061,3,3,5.461987377396783e-08,1.8400925737124566e-12,3.186446668639302e-09,0.9833789137341311,6.615427909409204e-05,4.4990802930550696e-05,0.016509883375683838
3,logistic_regression,12274,3,3,9.852065559881748e-08,2.917220236765151e-11,1.7358794101311057e-08,0.9781351823321441,5.569026563197658e-06,0.0008497481040044116,0.021009384628666458
3,logistic_regression,13196,3,3,0.00011117177137058126,1.645172045246811e-08,7.389286165318641e-06,0.5503585960350457,7.73487800302568e-05,0.029725303860500596,0.41972017381516713
3,logistic_regression,386,5,5,8.825452888056946e-08,8.14030555976567e-11,6.799682573745195e-12,0.0002451789720148263,2.0795616544752586e-11,0.9997436294075718,1.1103256885993107e-05
3,logistic_regression,11003,3,3,1.369647135592975e-10,4.875695002285072e-15,5.066226745792194e-12,0.9994254102254357,4.340295434939506e-06,2.9910456566918284e-06,0.000567258291437001
3,logistic_regression,8580,6,6,0.002622271818875625,2.8219436061097164e-07,0.00019172875867777187,0.037461173452270104,0.0006028513449460313,0.018510696637772137,0.9406109957930977
3,logistic_regression,11584,3,3,3.649440412978581e-09,1.829436916932783e-12,1.7394039029230304e-10,0.9956408251783239,3.2898572456860436e-07,0.0013595812443583165,0.002999260766382692
3,logistic_regression,4810,2,2,0.03464715430750132,0.0026191277621352214,0.962669203562032,6.291846441298775e-12,2.6123205035132036e-06,8.13214685239536e-06,5.3769894683784096e-05
3,logistic_regression,13531,3,5,0.0005297309829213958,4.5119793136466153e-07,6.140204627870391e-05,0.12572307973750785,6.973170001488318e-06,0.5694850023703631,0.30419336049499596
3,logistic_regression,11754,3,3,2.6936258270413184e-08,2.9420172721963946e-12,2.353301462481673e-10,0.993545550189008,4.3423844143875577e-07,0.002417324564389739,0.004036663833630388
3,logistic_regression,7857,6,6,6.885477852321233e-05,9.945909508930365e-10,8.724995251227045e-06,0.28543562300123204,0.04269528665592083,0.0002580217404682902,0.6715334878340136
3,logistic_regression,13253,3,3,0.00019831696408256685,2.1652184234462068e-08,2.836264387637222e-06,0.5212063313469155,1.7169356876562303e-05,0.1891783734617408,0.2893969509538127
3,logistic_regression,6691,4,4,1.3102490547505191e-07,3.080710329822404e-10,0.00011160441110570778,1.2002073507173854e-08,0.9996675770746253,6.521409260490492e-10,0.00022067452707821644
3,logistic_regression,8118,6,6,0.0010174699051658485,7.611963688370753e-08,4.7731888270615775e-05,0.20510771945875597,0.0002541996797094757,0.04329415619590368,0.7502786467525575
3,logistic_regression,9880,6,6,0.003938208158041807,1.9456930207725834e-06,0.043495381938781635,0.0006149869214752291,0.11288229828114546,5.916759354540791e-05,0.8390080114139896
3,logistic_regression,1349,5,5,5.0269775726693244e-05,8.665112581056498e-08,1.1809046615380523e-06,0.010522964579984185,5.8091859231394684e-08,0.9766659774927592,0.012759462503883295
3,logistic_regression,3363,1,1,0.00196041523365456,0.9471513186676066,0.05088826609573549,6.402863411584542e-29,1.9381561603717396e-13,2.8090951768913528e-12,3.142098363287625e-16
3,logistic_regression,10814,3,3,1.7032408052760962e-10,2.874647824904475e-14,5.791492931173275e-13,0.9993181627963695,1.9573012483328464e-08,0.000491253975037301,0.0001905634846488756
3,logistic_regression,1232,5,5,2.813752617280533e-06,7.119032516311853e-09,6.585116052758627e-09,0.00035088289256461077,3.1898907541464436e-10,0.9994432653111968,0.0002030240204836727
3,logistic_regression,2827,0,0,0.9557679125830426,8.300348166116364e-05,0.04341474087069891,3.797724311713012e-12,0.0006404984839748911,3.3718490180868766e-07,9.35073919227357e-05
3,logistic_regression,6483,4,4,0.0003236589419265403,9.746494028630644e-08,0.008205407072213637,6.474471218528596e-06,0.9616572721725306,1.1800328156245746e-06,0.029805909844354526
3,logistic_regression,4832,2,2,0.019672155802477206,0.0013048531829840556,0.9789365929240541,5.975258967758768e-12,1.594733119131982e-05,3.756895562166568e-06,6.669385775570722e-05
3,logistic_regression,2635,0,0,0.9997128995879165,7.94639130234565e-06,0.0002294508426290936,3.4485994856794807e-12,8.590432599592378e-06,8.891552408360727e-06,3.2221189695688575e-05
3,logistic_regression,8830,6,6,0.0016558452812080325,2.500501407524889e-07,0.0004066168528308215,0.03284152270600511,0.0015254966522104312,0.017874086038749244,0.9456961824188557
3,logistic_regression,1448,5,5,3.313723694327108e-06,2.4338211591146967e-09,2.333802178412602e-10,5.5801574517906225e-06,8.98020438623806e-12,0.9999833848747448,7.71856792754554e-06
3,logistic_regression,11824,3,3,1.1802212413020491e-09,1.5778361276211596e-13,5.378973539956242e-10,0.9920046200890287,9.386912562341134e-05,8.710656924827444e-06,0.007892798410146873
3,logistic_regression,11267,3,3,5.077484665597328e-10,5.16812811427964e-13,3.0458702615994965e-10,0.9943575772591956,6.803371871391463e-06,1.1116249304694395e-05,0.005624502306776132
3,logistic_regression,4381,2,2,0.013039469208385447,8.280668821833484e-05,0.9740146857179419,5.3304750719763405e-11,0.011974340056684064,1.628611581666269e-09,0.0008886966468537947
3,logistic_regression,10171,3,3,1.2318269796439157e-14,6.87300673663678e-19,4.601057359965781e-15,0.9998599435318437,0.00012121111933119658,2.4633433698913367e-10,1.8845102473797663e-05
3,logistic_regression,3072,0,0,0.693021045408694,0.001651287628112848,0.30524225135657146,5.9338811899077095e-12,7.557175776880221e-06,3.727226242121564e-05,4.058616248987889e-05
3,logistic_regression,1725,5,5,0.04921316610982998,1.557195735690138e-07,1.1584912964015914e-07,3.5112169948672e-05,1.3305218270716863e-07,0.9464877659488735,0.004263551150461909
3,logistic_regression,1730,5,5,3.991048084300606e-05,4.0294513849297984e-08,1.0941316727904495e-08,5.625740199590625e-06,5.066509191979565e-11,0.9999158763950504,3.853609741135671e-05
3,logistic_regression,1840,5,5,0.0003404186174780818,1.2398080024421025e-06,8.478998764897312e-06,0.00023417803456754683,1.8157124158469586e-08,0.9947425152428869,0.004673151141175994
3,logistic_regression,4429,2,2,0.006138085168316826,0.00013697054119974145,0.9922365780893816,1.5708243182388066e-10,0.0009860896866564263,3.2604811661287046e-07,0.000501950309246588
3,logistic_regression,2659,0,2,0.09737154230352403,0.00030879457161152855,0.8897966688247639,8.436830293942145e-09,0.005931748995725842,8.63016810072171e-05,0.006504935186537135
3,logistic_regression,12838,3,3,7.414227184765455e-07,1.7834221235600756e-10,2.2742669778122902e-07,0.864997161419717,0.00010139945828444328,0.0008920133292330569,0.13400845676500686
3,logistic_regression,7943,6,6,0.001053431087316833,8.275036329523941e-08,2.8722277861753467e-05,0.20334313158540754,0.00016672264864399538,0.0437961438875102,0.7516117657628965
3,logistic_regression,8176,6,6,0.00024541777882587114,5.065279802314099e-08,7.601781027909794e-05,0.06071991554091613,0.0014204962792699657,0.0022708220991726692,0.9352672798387381
3,logistic_regression,9118,6,6,0.0011868587562316865,1.080759083408761e-06,0.003569410186539076,0.009064407968741767,0.0019382169093898173,0.003702650887111693,0.9805373745329025
3,logistic_regression,2673,0,0,0.9940692042624896,8.353406774563675e-05,0.005513775366809142,8.883454649990654e-11,4.728645579555967e-06,0.00020150247007385248,0.00012725509846789763
3,logistic_regression,7825,6,6,1.5137456616946698e-05,4.943111696753315e-09,8.760927814991541e-05,0.1033937638106586,0.030370787744422104,3.451108131403942e-05,0.8660981856857267
3,logistic_regression,12292,3,3,1.2219895675975514e-07,2.732312657256887e-11,2.1211461292756922e-08,0.9627927272991454,2.3597578074166034e-05,0.0005355703054739209,0.03664796137956529
3,logistic_regression,7986,6,6,0.0001819818245077675,2.1831301187661884e-09,1.961291963337323e-05,0.19494999700773377,0.06798766269522771,0.0005282984092267999,0.7363324449605405
3,logistic_regression,11033,3,3,2.7344354079331417e-10,1.7454927131351507e-14,1.192544194242459e-11,0.9992229252548124,1.9217767699698606e-06,3.6802531483477956e-06,0.0007714724298827788
3,logistic_regression,4756,2,2,0.009812021832081208,0.0004295807789141887,0.9895931697179922,2.614948305720077e-12,0.00010900438049465174,2.3012358619657436e-07,5.599316431646864e-05
3,logistic_regression,5595,4,4,2.244758894436193e-09,7.559759896553884e-14,2.4571257344517103e-08,0.0006716952624147186,0.9979429112409517,1.1952954049525772e-09,0.001385365485246593
3,logistic_regression,2193,0,0,0.5991724322909866,1.96649480051837e-06,0.0074390726505722754,1.1666898178513708e-06,0.3554065404231521,8.34353672361465e-05,0.03789538608343453
3,logistic_regression,10480,3,3,2.7959179682488654e-12,4.771792876628605e-16,2.927602272118796e-13,0.9998695756122967,8.337093655202241e-07,2.498418214640075e-07,0.00012934083342719505
3,logistic_regression,12206,3,3,7.049320669150898e-07,1.0091800117923142e-10,5.036923962539529e-09,0.9583390559982737,7.675341418211011e-07,0.024631544494495575,0.0170279219031799
3,logistic_regression,5264,2,2,0.0022056967236914397,0.00040778161896054256,0.997317594172337,2.381690393571417e-15,6.801261101650874e-05,7.582017297645016e-10,9.141157902620063e-07
3,logistic_regression,12254,3,3,7.420556791058682e-08,2.958673365245279e-11,1.439022600652857e-08,0.979959125978534,3.843574607168251e-06,0.0014907851412058154,0.018546156680272347
3,logistic_regression,8787,6,6,0.00034046861012978526,6.435246547169732e-08,0.00036335639289183545,0.042738711374924604,0.007254002602705808,0.002502350076328516,0.946801046590554
3,logistic_regression,9640,6,6,0.0009843034201573151,4.063897133352215e-06,0.008853070131338958,0.000766099381838518,0.0028233420475229165,0.001180927562371298,0.9853881935596377
3,logistic_regression,252,5,5,3.357892128028658e-07,1.541357868940312e-11,4.0625986119977184e-13,0.00013703312189350132,1.0551808449599141e-11,0.9998581960739791,4.434988542883595e-06
3,logistic_regression,440,5,5,2.141164083935492e-09,1.6735080537804605e-12,4.636063336323877e-16,6.81789522285e-08,3.4800313749436422e-15,0.9999999275769068,2.101299416247742e-09
3,logistic_regression,9906,6,6,0.013307119391106884,4.797943370356864e-06,0.08103981092171757,0.00041736003846588193,0.07954781832711659,7.60174682041649e-05,0.8256070759100185
3,logistic_regression,4785,2,2,0.006079255590865995,0.00033687127321339617,0.9935217672101284,1.1766965729121281e-12,3.0480320352206923e-05,4.595484330642657e-09,3.1621008778779665e-05
3,logistic_regression,10197,3,3,3.8749286229789125e-13,1.804349941304456e-17,2.223033370165159e-15,0.9999864865200885,5.7356126769495136e-08,1.8446666251978902e-07,1.3271656732480737e-05
3,logistic_regression,4708,2,2,0.025348175437280046,0.0003127114676859215,0.9732432579332407,1.5998137330682385e-11,0.0009460412512317106,1.1221001344397563e-06,0.00014869179442874046
3,logistic_regression,9789,6,6,0.014619188543539411,3.9389147794818966e-06,0.024969105884028186,0.0009429045335070469,0.02245886119943634,0.0009383331894182601,0.9360676677352914
3,logistic_regression,9186,6,6,0.24529471682863205,5.79004047978528e-07,0.00017931651045963764,0.0006310906901886411,0.007018551948766701,0.0009959050446159846,0.7458798399732891
3,logistic_regression,7639,6,6,0.00017202313287747545,3.3454712311261646e-09,2.2524158171882166e-06,0.3020709129257975,0.0013622242922227646,0.003497595966608019,0.6928949879212057
3,logistic_regression,603,5,5,9.458985725234227e-09,7.0423811728992484e-12,1.1630472471127584e-14,3.191700579584236e-07,1.5232642935632654e-14,0.9999996553474222,1.601646486123252e-08
3,logistic_regression,3972,2,2,0.1098699600440295,8.501623148547468e-05,0.76110058846024,2.3255868215618014e-07,0.0773890164447998,2.3614800516107515e-05,0.05153157146024691
3,logistic_regression,7187,4,4,1.8023333206025244e-05,6.91497564126785e-08,0.01126408290820744,5.53984396831457e-10,0.9884400605508784,1.223467193767212e-09,0.0002777622805000358
3,logistic_regression,13333,3,3,3.0427475296603584e-05,5.1883291940480796e-09,1.2855282426209586e-05,0.5602822630758619,0.00038713995454729244,0.0030807599535343697,0.43620654907000433
3,logistic_regression,938,5,5,3.5768517689175145e-06,4.007990190198889e-09,1.142185594848642e-08,0.0054234002526332425,2.2451275370561278e-09,0.9935728470517666,0.0010001581688574952
3,logistic_regression,10439,3,3,1.1731177297079694e-11,6.560543236322019e-16,6.065791534207536e-14,0.9999327412269136,6.465816008199599e-08,6.642127755868498e-06,6.055197537795989e-05
3,logistic_regression,5013,2,2,0.00027174176996128,0.00039881115252591096,0.9993129407319787,1.3474840048697811e-14,1.1782687539817876e-05,3.812804375689756e-10,4.723276700124184e-06
3,logistic_regression,1417,5,5,0.0002219590085228964,9.905628777564847e-08,3.011430802088322e-06,0.025886356033754585,4.772231919482806e-07,0.9299328728181117,0.04395522442932914
3,logistic_regression,13379,3,6,4.9634716740514256e-05,3.69320526541093e-08,3.5839888946024335e-05,0.35324903785600986,0.00015401479969908685,0.015543395021693721,0.6309680407848581
3,logistic_regression,1535,5,5,4.498345071983466e-05,5.513525609266955e-08,3.7960694590878284e-07,0.001347578675634773,5.942117985232514e-09,0.9963854372964669,0.002221559892858483
3,logistic_regression,3814,1,1,3.453372645657713e-08,0.999998891586408,1.0738798654917944e-06,2.771283633554851e-48,4.90971975284284e-22,1.1642539564469795e-21,6.12613106191022e-31
3,logistic_regression,5261,2,2,0.028066079972622237,0.00032951657682887673,0.9681708929331889,4.334798077448346e-15,0.0034322592426063786,4.003592147899856e-09,1.2472711571996446e-06
3,logistic_regression,11475,3,3,4.620615997302992e-09,1.9640547074461367e-12,6.220431786800613e-11,0.9950417603640181,1.2674281774727312e-07,0.002836920423954427,0.002121187784425489
3,logistic_regression,5140,2,2,0.00027723911751624297,0.00011618162753963617,0.998962728848285,7.914054333549324e-15,0.000642093120757606,1.8167033027488808e-09,1.7554691901088018e-06
3,logistic_regression,10536,3,3,4.203636282603219e-11,1.0601171400244216e-15,6.697888301258228e-14,0.9998879061728866,9.324583719478072e-08,1.1722303923961102e-05,0.00010027823524774154
3,logistic_regression,13217,3,3,1.8451224256942755e-05,1.4138542421741457e-09,4.198556079000704e-06,0.5760179810934897,0.0010999331315652919,0.0008976848016025543,0.4219617497791523
3,logistic_regression,11032,3,3,1.1980874368354213e-09,5.396516515061957e-13,6.049277632114294e-12,0.9981592726480295,1.0940219032931252e-07,0.0006320802424745459,0.001208536502629403
3,logistic_regression,738,5,5,1.225873193869373e-06,1.4160150347751704e-09,1.0520626001824345e-09,0.0014401900863515924,3.5674831255174967e-10,0.9983610965282491,0.00019748468737940724
3,logistic_regression,3265,0,0,0.9998223789150319,0.00013269311242569457,4.4797376796526216e-05,1.0783562489572649e-18,1.8006692180542257e-11,1.3003811939485648e-07,5.396198817117394e-10
3,logistic_regression,10517,3,3,5.794342816216875e-11,2.8409842035228066e-15,8.555852482594695e-14,0.9998624979215233,3.7322023073806665e-08,4.1029001734785516e-05,9.643569668723996e-05
3,logistic_regression,2583,0,0,0.9973775355100333,2.803556340879097e-05,0.002526117282079247,2.5598710376606896e-11,3.0340976953608937e-06,1.0843035108063845e-05,5.443448607648109e-05
3,logistic_regression,1446,5,5,7.711281636011464e-05,1.371046559761748e-08,8.63255396505711e-09,0.0001037840747601668,4.4842587681853616e-10,0.9996015626246603,0.00021751769277389077
3,logistic_regression,13027,3,3,4.756609633689933e-06,5.193365719945939e-10,8.051638308092551e-07,0.8264465758224648,0.00013844356608656822,0.0026730976664436595,0.1707363206522039
3,logistic_regression,2822,0,2,0.0833681509278885,0.00044447513644794604,0.9147785937163176,1.8171085053992552e-10,0.0007417181181558352,7.8110938443562e-06,0.000659250825634962
3,logistic_regression,7075,4,2,0.0004913952632374476,9.417413281240927e-06,0.5021536069931073,3.514248185284573e-07,0.4119949334691504,4.158590893711152e-07,0.08534987957731567
3,logistic_regression,5929,4,4,2.3722530987939447e-09,7.321950288591053e-15,1.3084293290754426e-09,7.996921940320105e-09,0.9999960731785887,1.453131151697834e-12,3.91514234665796e-06
3,logistic_regression,13426,3,6,0.00016468303123847515,3.9347106699617857e-08,1.6349783819942734e-05,0.3928992723135059,7.03849195391547e-05,0.09062446116081833,0.5162248094439715
3,logistic_regression,8273,6,6,0.00016956072806489868,1.0092005783349779e-07,0.00018898309503024194,0.0592587665869389,0.0009194113469898703,0.002933711102835705,0.9365294662200825
3,logistic_regression,2536,0,0,0.5517945432191572,0.000279222151733634,0.44222565755571513,3.1177324715392282e-09,0.0017531618576738452,1.773393860828625e-05,0.003929678159379546
3,logistic_regression,2227,0,0,0.9376850306499456,1.7484289058876726e-05,0.025933236441638946,2.793137239822836e-07,0.007732321839115235,4.663150660896261e-05,0.028585015959908637
3,logistic_regression,2529,0,0,0.9966131933417058,3.2790978110735746e-05,0.003093966343203029,2.2894236445093682e-10,4.554738539694398e-06,0.00010035697774072631,0.0001551373917574491
3,logistic_regression,10112,3,3,1.6674720864669516e-13,5.010267640155516e-18,2.1923913364271085e-16,0.9999956225727478,1.103697012214769e-08,2.6180916912880877e-07,4.104580946068345e-06
3,logistic_regression,5391,2,2,0.008755413190491874,0.002529582816456826,0.9887144431329149,6.955687946320001e-17,5.003945133314883e-07,1.2021117177633093e-09,5.926351150435763e-08
3,logistic_regression,11875,3,3,3.2860464127284237e-08,1.882781537730837e-11,4.170321258756878e-10,0.9665590755650283,1.6890836286531015e-07,0.02814842319711013,0.00529229903317455
3,logistic_regression,5784,4,4,5.297203390373635e-07,8.222328275184503e-11,2.032911805630327e-05,4.109486005249059e-05,0.9888421085882853,2.283143625836146e-09,0.01109593534789995
3,logistic_regression,2803,0,0,0.9992615529172392,4.493132989665394e-06,0.0006265131487741676,2.498371077132098e-12,8.830725365131295e-05,1.2427898351522591e-06,1.7890755012304694e-05
3,logistic_regression,9910,6,6,0.019942311099437657,1.4700039543999748e-05,0.04727960564501732,0.0006181808497451577,0.007545748245028316,0.006685030955474565,0.9179144231657531
3,logistic_regression,10628,3,3,5.5716606370216976e-11,1.2084206807915795e-14,6.5185266321087e-13,0.9997876254090806,5.401262307235229e-08,2.6786725106647297e-05,0.00018553379680929998
3,logistic_regression,12007,3,3,1.0474077613381243e-08,1.587335645856545e-12,1.5008799717129436e-09,0.9883924896133658,1.2278936350005287e-05,7.626718206945804e-05,0.011518952291669837
3,logistic_regression,10467,3,3,1.098039134833734e-11,2.192762232852595e-16,4.782940977004874e-14,0.9998662133456178,9.258883637628591e-07,4.5517379481126515e-07,0.00013240558119551125
3,logistic_regression,10345,3,3,9.111771330497745e-13,3.270679773320572e-16,4.0950815699498657e-14,0.9999622002949673,3.6405515333246706e-08,3.7651400570045355e-06,3.3998158507707274e-05
3,logistic_regression,7263,4,4,1.8784477307808485e-08,3.4570427496199255e-11,7.545812752578567e-06,2.3262842470254085e-12,0.9999916646091482,9.902897664972184e-12,7.707468221993543e-07
3,logistic_regression,4315,2,2,0.03631904869808631,0.0003694642010106578,0.9622942447605858,4.0589687364627566e-10,0.000167874818970529,1.4615421227897587e-06,0.0008479055733270782
3,logistic_regression,2228,0,0,0.9948688379871188,1.4552498527006622e-05,0.0002658458699794509,2.71188881615433e-08,2.2971677494578862e-07,0.0042331258369426574,0.0006173809717690033
3,logistic_regression,13246,3,3,1.777059016009639e-05,1.3372138995024093e-09,7.164391808498926e-06,0.617901015561649,0.0015220703658074945,0.0004747483406768027,0.3800772294126842
3,logistic_regression,11086,3,3,3.543736913873099e-11,2.3750592573715814e-15,9.77719121627167e-12,0.9993882409178152,1.7141445605860717e-05,3.2828530563595493e-07,0.0005942893060561218
3,logistic_regression,8101,6,6,0.00042486866156950953,1.4749741078985925e-07,0.00012098552457374777,0.06647717752669749,0.00046149339035456567,0.0065042867331051085,0.9260110406662888
3,logistic_regression,971,5,5,7.521989136031897e-05,3.348358074582402e-08,1.286289765108468e-06,0.23068019053301106,8.093027056369676e-07,0.6947205855035214,0.07452187499605559
3,logistic_regression,7865,6,6,2.8795546020742227e-06,9.759511687403197e-10,2.0251076136179856e-05,0.034409228493054556,0.09597517884718411,1.3420394249962756e-06,0.8695911190136469
3,logistic_regression,13250,3,3,0.0005143807044552645,1.3759082937629334e-08,5.14531755913803e-06,0.569344561011966,8.651999048216355e-05,0.03498179313453937,0.3950675860819152
3,logistic_regression,8636,6,6,0.00036959954658460404,4.443173465772998e-07,0.001365094037803169,0.019536191342551964,0.0012684701263589871,0.0018664252308490123,0.9755937753985058
3,logistic_regression,3491,1,1,2.282171627480351e-05,0.9925555583622091,0.007421619921512617,1.7810474391697355e-35,3.0145944696185723e-15,4.4097995665444216e-16,5.766541109569846e-21
3,logistic_regression,2984,0,0,0.9147807747304411,0.0003326595203767504,0.08480774350426303,6.849741265944905e-12,2.6264818958256995e-05,4.926592976818947e-06,4.763082613446073e-05
3,logistic_regression,6564,4,4,1.798795963596223e-05,2.293217007011375e-08,0.0037221353339925477,1.8585479408321306e-06,0.9811682790556039,6.926641710337031e-08,0.015089646904239749
3,logistic_regression,6454,4,4,4.7293963062100463e-08,4.959808947079984e-12,1.367973012586821e-06,6.094690063083718e-09,0.999962880523027,3.159813082593242e-11,3.569807874919235e-05
3,logistic_regression,7341,4,4,0.00010122059420587088,1.8582888453939716e-07,0.006753082506274752,4.429086213672246e-11,0.9931039176992065,7.594721329914782e-08,4.151737992428073e-05
3,logistic_regression,9978,6,6,0.0351562708080197,3.5738559472000434e-05,0.4009471175822129,0.00011708121327143071,0.04461006491736785,0.0019901372131319608,0.5171435897065242
3,logistic_regression,13168,3,3,3.865269575729227e-05,1.3749229141000519e-08,6.086570339086755e-06,0.5010565575555389,9.788592775357866e-05,0.01740867980112536,0.48139212370025647
3,logistic_regression,4839,2,2,0.012952192016259887,0.0007364024738170059,0.9862515761909583,4.820293597304768e-13,3.148793925851982e-05,4.450293563243963e-08,2.829687628896357e-05
3,logistic_regression,10177,3,3,1.4810997090473165e-13,3.570052563352885e-18,1.7551452265196693e-15,0.9999884869616986,4.1314146348686937e-07,1.6228399710443848e-08,1.1083668288337635e-05
3,logistic_regression,12238,3,3,7.656766452498808e-06,2.8188077798158386e-11,3.4460515825130637e-09,0.9625043220799705,1.5287791355674747e-05,0.0025442393510946683,0.03492849053688688
3,logistic_regression,4535,2,2,0.0002920941586645474,5.490559881583602e-05,0.9987319295922875,8.135103905959568e-12,0.0008140728469419907,5.365219372871892e-09,0.00010699242993544572
3,logistic_regression,1694,5,5,0.1266461593529689,5.110143446063298e-07,1.7620212099664754e-06,0.0007813701873620986,5.689634505337193e-07,0.8455255140348027,0.0270441144258612
3,logistic_regression,12338,3,3,3.968832265838937e-07,4.212991302479116e-11,1.1126798049928019e-08,0.9735568989999488,4.0466235203838475e-06,0.0023871952669276037,0.024051451057448454
3,logistic_regression,2981,0,0,0.9835651250299444,0.0002148655881017076,0.016199255599113765,1.3784795243703104e-13,9.246234093685851e-06,6.019505811877667e-07,1.0905598027514143e-05
3,logistic_regression,2184,0,0,0.9784660761985683,3.6474550014682145e-05,0.006635460934924673,4.1377308530904484e-07,4.204784776203125e-05,0.0019320607405458692,0.012887465955099145
3,logistic_regression,4161,2,2,0.05717619880922294,0.0001944937824312368,0.9348335211123961,4.013026616502193e-09,0.003346358573441304,3.4645475491591702e-06,0.004445959161932628
3,logistic_regression,6359,4,4,0.00037670814150746684,1.5935873158893218e-07,0.015556824420033168,1.2984281986767752e-05,0.9062385379130167,2.414898611141734e-07,0.07781454439486302
3,logistic_regression,12417,3,3,3.369323245528813e-07,3.7281166281755934e-11,7.260281906495672e-08,0.9296553969240406,0.00016705374611332552,0.0001711985913775491,0.07000594116604371
3,logistic_regression,8916,6,6,0.001368700620442299,5.577353187936954e-07,0.0012676141932187015,0.06008962462820618,0.0005594639234440001,0.024611957915654424,0.9121020809837156
3,logistic_regression,5144,2,2,0.0075700350698620165,0.0003783384172099946,0.9920198525492578,2.44089843100771e-14,2.9688174967241986e-05,2.2029965998652627e-09,2.0835856818228517e-06
3,logistic_regression,4947,2,2,0.003872118168645716,0.00011284424334326296,0.994913586552183,3.852127855204181e-14,0.0010916610285934736,2.5491427702186304e-11,9.789981704588522e-06
3,logistic_regression,8033,6,6,0.0006625618645405623,2.6931589293475026e-08,4.450944217707903e-05,0.14443076017894416,0.0016711874411435308,0.0034547852827611965,0.8497361688588442
3,logistic_regression,10386,3,3,3.0190714247659026e-12,5.280236172272873e-17,1.5921213886241208e-14,0.9999636167335068,2.32969444586084e-07,2.48294762885668e-07,3.5901999250673214e-05
3,logistic_regression,12963,3,3,9.151676826398666e-06,1.527362396625295e-09,5.583473392269917e-07,0.7649678262922891,5.0040153735417045e-05,0.006815707951995155,0.22815671405045246
3,logistic_regression,5914,4,4,1.9195202734561292e-10,3.1831498709693192e-15,1.2289088294326625e-09,2.310391395980258e-08,0.9999985142535172,8.500857565666905e-12,1.4612132038899045e-06
3,logistic_regression,11821,3,3,2.511236668288512e-09,1.8464917410355877e-13,9.672659744860697e-10,0.9926657294590692,0.00013578999824563428,3.4929890465034176e-06,0.007194984074951583
3,logistic_regression,6333,4,4,3.932870583746419e-06,5.90685085852967e-10,0.00010962712036404955,7.888703590062116e-07,0.9986365771216824,2.120928762846541e-08,0.0012490522170381863
3,logistic_regression,6182,4,4,9.313882537318412e-05,6.017241142911814e-09,0.000418956687391032,3.047548661929533e-06,0.9848334777715129,4.983268203980229e-08,0.014651323317137874
3,logistic_regression,313,5,5,2.721327894583053e-07,3.324836216097624e-10,9.131232584887199e-10,0.05561749078099828,2.8980679781697816e-09,0.943425976836623,0.0009562561059143518
3,logistic_regression,8617,6,6,0.0009167985326011438,3.600460910651138e-07,0.0007713001941961461,0.047110525132066663,0.0008672743121643733,0.01229842643855785,0.9380353153443227
3,logistic_regression,1475,5,5,0.0001732436521132826,2.7682828141515836e-07,1.438732539639815e-05,0.02966539411343878,5.66069820407269e-07,0.9080671244843118,0.062079007526637815
3,logistic_regression,12621,3,3,8.567136196826466e-07,1.651638815609477e-11,2.4381296926881367e-08,0.9648833793951355,5.28665919573939e-05,0.0003254912049350245,0.03473738169653936
3,logistic_regression,8451,6,6,0.000807400132131583,1.3710399476601098e-07,0.0006331706521518751,0.024171542821749437,0.0030854889275433767,9.305179880786615e-05,0.9712092085636211
3,logistic_regression,9330,6,6,0.00058997039531942,1.2319840957230098e-06,0.008382504485030192,0.0026407050184989226,0.005763854245356197,0.00038996902860798896,0.9822317648430916
3,logistic_regression,7239,4,4,4.353785815542144e-05,4.626494839091956e-11,2.597527250799352e-07,4.780670877423272e-14,0.9999558800330778,2.2877155327120618e-11,3.2228685184747697e-07
3,logistic_regression,34,5,5,2.2388071760581046e-10,5.380161737927888e-13,3.764875279489596e-15,0.00010292368312577623,1.631570897785272e-13,0.9998969654855636,1.1060672489306074e-07
3,logistic_regression,12013,3,3,1.1654074784305226e-07,2.058007559403098e-11,4.788187605835918e-09,0.9825473178079076,3.2838444604832125e-06,0.001204017049271471,0.016245259948844997
3,logistic_regression,4324,2,2,0.0072225547937510995,0.00013310446264607346,0.9862580717923664,5.336198736354563e-10,0.004595370744725463,4.954035973256786e-07,0.0017904022692939582
3,logistic_regression,12117,3,3,1.3478260557468714e-08,6.614115736861766e-12,1.2370387467968806e-08,0.939803895399339,0.00022523507510430971,3.186051553620893e-05,0.05993898315475829
3,logistic_regression,11840,3,3,2.202298561958611e-08,2.9992750773798003e-12,6.67937699221974e-10,0.9942730454126194,9.071130870331014e-07,0.0008689574420751442,0.004857067338295799
3,logistic_regression,4914,2,2,0.0006224855378269094,0.00021355021745315784,0.9990991997852786,1.1747637585165517e-13,5.4350603514146664e-05,2.6262614143576663e-09,1.0411229548283436e-05
3,logistic_regression,4943,2,2,0.003190457641548863,0.00018552347767771394,0.9963763950115601,3.607727484598479e-13,0.00023199134745938187,3.865164712903969e-09,1.5628656228608288e-05
3,logistic_regression,3071,0,0,0.9965704305134944,0.0004041757014229521,0.0029828807691109132,8.858235625141944e-14,1.626084890726144e-08,4.133810150456395e-05,1.1586535295477204e-06
3,logistic_regression,1419,5,5,0.00021288266145838843,3.309869804600643e-07,3.3453170607096945e-05,0.13154569465820828,6.083371368423607e-06,0.575905718341132,0.29229583681024524
3,logistic_regression,6675,4,4,0.009846630900987191,6.910336906411908e-06,0.1522904768371903,2.1127707059981622e-05,0.46593789264316937,4.056424520882969e-05,0.37185639732947806
3,logistic_regression,5833,4,4,1.753151805743396e-07,2.2896499246601273e-12,3.8273690581781057e-07,1.0754905513910072e-06,0.9996479765324393,2.706498347667254e-10,0.0003503896519833821
3,logistic_regression,12215,3,3,4.720465770476599e-08,4.2725747302877676e-12,2.3234351920138317e-08,0.9593304516669744,0.0005199039524472777,1.0242894936751024e-05,0.04013933104235951
3,logistic_regression,4954,2,2,0.014918932740054923,0.0005160145191367301,0.9844883366756929,1.6777272946136098e-13,6.16876306632667e-05,4.119184048337345e-09,1.5024315100461464e-05
3,logistic_regression,10989,3,3,1.922417367128606e-10,4.063717250822326e-14,4.085244043242998e-12,0.9993588497422806,1.6561708395243212e-07,0.00010761054893953256,0.0005333738953280905
3,logistic_regression,8001,6,6,0.00012608080486469888,7.293471153984157e-09,6.986253372126143e-05,0.12115557191173583,0.03164382381031692,0.000435460915539127,0.8465691927303511
3,logistic_regression,5526,4,4,1.4021563970250196e-09,4.2397250791823284e-14,5.904963348097286e-09,0.050852580266906595,0.9405977878378016,2.4572599114708463e-08,0.008549600015530387
3,logistic_regression,2923,0,0,0.9991686844899392,0.00021250397117114598,0.00029586542723479087,2.004295453718111e-13,2.5498043512297543e-09,0.0003217052228693283,1.2383387805705963e-06
3,logistic_regression,6207,4,4,3.309739729763588e-07,4.3119370951162406e-10,0.00010730184010475396,2.4773506880546616e-06,0.9924516319383233,5.005771462885918e-09,0.007438252459945813
3,logistic_regression,3722,1,1,2.3971571080911805e-06,0.9999772840538559,2.031878903602728e-05,1.828544722208741e-43,1.6922408613528442e-19,7.25898733997792e-20,4.775049342811973e-27
3,logistic_regression,5380,2,2,0.00013121303560334355,9.794236474889818e-05,0.9953831392243195,5.612329514917482e-17,0.004387551875234413,4.715431370934607e-12,1.534953783049024e-07
3,logistic_regression,1225,5,5,1.0363287117464839e-05,9.274785424351922e-09,2.1094596779878992e-08,0.0011354302613124114,1.924525946834604e-09,0.998082412209151,0.0007717619485111218
3,logistic_regression,215,5,5,4.934017505857446e-07,2.3245146276197687e-10,2.300142447713996e-10,0.03208753975814247,2.0921049456789112e-09,0.9673158988661241,0.0005960654194122064
3,logistic_regression,4387,2,2,0.0014004092278642668,2.6218676481773744e-05,0.9763499858608341,3.1104926867360227e-12,0.021951139677168996,3.733777947337878e-12,0.00027224655080631394
3,logistic_regression,10383,3,3,4.297334340703969e-11,3.66999268111081e-16,2.92537592656208e-14,0.9999131395701326,2.756748515867306e-07,3.0666095042756573e-06,8.351810250857184e-05
3,logistic_regression,3360,1,1,0.0009370593422320864,0.926108955967197,0.07295398468721168,3.2142525151562908e-28,2.9705893901279267e-13,3.0612352188875974e-12,8.731451626030546e-16
3,logistic_regression,3623,1,1,2.403299752765411e-07,0.9989172255691215,0.0010825341009029889,2.1359930289473787e-40,1.9206883792084435e-16,5.859005591886248e-20,5.9420530190283114e-24
3,logistic_regression,7415,6,3,2.985347915092022e-07,3.466973616492999e-11,1.249284494615013e-07,0.9340610984165751,0.00019307724973677403,0.00021078582615341,0.06553461500962401
3,logistic_regression,1312,5,5,2.3861948315633613e-06,1.558619597846471e-09,1.0953333503191793e-10,5.983134948655526e-06,3.999098548848789e-12,0.9999870820127303,4.54698533725611e-06
3,logistic_regression,7049,4,4,2.6971188798141684e-06,1.9401407528983581e-07,0.12494629347847495,5.056391468584046e-09,0.8662188363550893,5.224914707923005e-13,0.008831973976566567
3,logistic_regression,3449,1,1,0.00034393602530854105,0.9935335265500151,0.006122537424534043,7.321548385295312e-34,1.3048546996551338e-13,1.192343315928873e-14,1.7740963667565975e-19
3,logistic_regression,3833,1,1,7.975646693976515e-09,0.9999997873936105,2.046307428486325e-07,5.919707122466806e-50,1.0806748555183204e-23,2.9190064463052625e-22,2.488781313139348e-32
3,logistic_regression,4181,2,2,0.03404095148224003,0.0003650321336989483,0.9604247977432758,6.3875027179744115e-09,0.000691576999907629,4.329445298083019e-05,0.0044343408003939
3,logistic_regression,10840,3,3,5.262812075076709e-11,2.9137125681907867e-15,7.55617085133328e-13,0.9997570769025402,3.128760211540794e-07,6.68206509062946e-06,0.00023592810296115219
3,logistic_regression,442,5,3,5.060614991066504e-06,1.5534656795017213e-09,1.003653050669209e-07,0.7945267684309484,1.1300988222734097e-06,0.15944713337145813,0.04601980556500926
3,logistic_regression,8079,6,6,0.00028941652447154656,1.6574260546031502e-09,1.344154010020189e-05,0.0721445235598613,0.1703722110380078,0.00012543031868024907,0.7570549753614529
3,logistic_regression,44,5,5,1.796867755524218e-08,1.2979519932005998e-11,4.386296852216868e-12,0.03726339311189483,3.600871216976725e-10,0.9626408224910958,9.576605087891355e-05
3,logistic_regression,4003,2,0,0.6194719341136802,0.0001371312551274494,0.32505113470849856,4.187688750714075e-08,0.025802923112977164,2.7613458243965087e-05,0.029509221474585005
3,logistic_regression,12232,3,3,1.0357496853402414e-07,3.865417368752677e-12,1.6027118250690485e-08,0.9698351175611132,0.00025194180669248727,1.011514007133549e-05,0.029902705886170895
3,logistic_regression,3851,1,1,3.726791326168248e-09,0.9999993747545678,6.215186407373515e-07,6.0438544542604905e-52,2.224430774506419e-20,5.196448193685364e-24,4.4568870049881765e-33
3,logistic_regression,868,5,5,9.413593876123337e-07,1.2969394119882278e-09,8.690619225106373e-10,0.0006369388220880242,1.8606216040765204e-10,0.9992469377015364,0.00011517976492443208
3,logistic_regression,10325,3,3,4.542703385628201e-13,1.6942914234707762e-17,6.8430981537469645e-15,0.9999775415561317,2.1505005678333642e-07,1.5022228794141342e-07,2.2093171062568624e-05
3,logistic_regression,10491,3,3,2.774559474875235e-12,6.444958522024458e-16,3.803740964089341e-13,0.9998518796774434,8.050230750985183e-07,2.9895070289533343e-07,0.00014701634562295813
3,logistic_regression,9579,6,6,0.0012077213321198944,6.026477621214829e-07,0.00837344132614513,0.005658900311296139,0.02485963532324538,0.0007499914308080058,0.9591497076286234
3,logistic_regression,4475,2,2,0.011868258106908999,0.00016123434628670236,0.9831161750537191,4.0422169038099564e-11,0.00441523291200605,2.7419703425994207e-07,0.0004388253436225046
3,logistic_regression,807,5,5,3.6536504348212237e-06,4.5626698306457065e-09,1.8108059873002787e-08,0.017102918733520392,1.138234755474689e-08,0.9798643313865082,0.003029062176459206
3,logistic_regression,7313,4,4,0.0005078632337972898,1.1600483460558279e-06,0.04908541404270543,1.1498149500555854e-09,0.9496481455266659,1.494480140481954e-07,0.0007572665506561847
3,logistic_regression,2041,0,0,0.5560673404270428,1.1925949015762497e-06,5.814999224789273e-05,0.0008599108476131182,0.0003271948194014181,0.05622430431514509,0.3864619070036483
3,logistic_regression,1967,5,5,0.03862275330871169,2.5534927719105113e-05,0.0005281591067112552,0.00016994752933252515,6.108553289123078e-07,0.9227864751423639,0.03786651912983266
3,logistic_regression,12477,3,3,1.1486671554737469e-06,1.3496747188953886e-10,4.4684466983847087e-08,0.9431410466741698,1.2830264157037015e-05,0.005065084825560119,0.051779844749523025
3,logistic_regression,877,5,5,0.00010660354350211386,1.537558265624276e-08,1.6641126902424242e-07,0.05973781773836946,2.736410820963638e-07,0.9138862764722109,0.026268846817983707
3,logistic_regression,3136,0,0,0.9960132751987952,0.00026970672082103305,0.0037158758768442543,2.1292764734810475e-15,2.787273214574752e-07,2.5334850997811253e-07,6.101277055963314e-07
3,logistic_regression,132,5,5,1.1120548843488318e-07,4.7448270041274844e-11,1.735273398919001e-11,0.01880734188583006,9.509954019240729e-10,0.9809841205473816,0.00020842534550341124
3,logistic_regression,961,5,5,6.24399187521159e-05,1.869682678646085e-08,2.1424389255022996e-07,0.06214811327193723,5.983881014809508e-07,0.8962758829262627,0.04151273255422729
3,logistic_regression,11586,3,3,8.183054436014827e-09,4.876527250447409e-13,1.7501724018453884e-10,0.9954714447384618,3.6957172480494226e-06,0.00010002955775959522,0.004424821627971326
3,logistic_regression,11602,3,3,2.9181887207695e-09,6.502457867735062e-13,7.398922155827797e-10,0.9939896975827126,9.894820466146868e-06,2.1924497651085307e-05,0.005978479440438937
3,logistic_regression,2729,0,0,0.9843856172160944,4.924299543983538e-05,0.015191531747593948,1.1584248280181598e-11,0.0002410777334773685,1.2321627691772766e-06,0.00013129813304124663
3,logistic_regression,5055,2,2,0.0019010358286930028,0.00046432681124551227,0.9976084630997151,5.574673187675931e-14,2.1689391977685707e-05,2.844737357045276e-08,4.456420939403918e-06
3,logistic_regression,7379,6,6,0.2030432326359333,5.149704184539999e-10,4.81410157048778e-10,0.10840125831501057,0.001190293179998397,0.29025362832113477,0.3971115865515425
3,logistic_regression,5318,2,2,0.0768524169228528,0.003054917345001065,0.919862094702591,5.697450596736321e-16,0.00022888206479115787,1.9200735381227384e-08,1.6697640281146421e-06
3,logistic_regression,3124,0,0,0.9999916912072134,2.675771217538179e-06,5.61243273118203e-06,6.610684434509759e-18,7.992200077362476e-09,7.132480344361777e-09,5.464157510150745e-09
3,logistic_regression,10645,3,3,5.081375994086919e-12,2.2648549368010996e-16,5.703499759599364e-13,0.9998246722992067,9.159942905738453e-06,8.053908883217397e-08,0.00016608721314672874
3,logistic_regression,8048,6,6,0.00023667150342089526,5.280775302721639e-07,8.491547559423691e-05,0.10516893816559941,4.4446945633601705e-05,0.14204187659818956,0.7524226232340321
3,logistic_regression,5265,2,2,0.0004525394899820929,0.00016679655226531552,0.9993250365713533,6.54618665514342e-16,5.510482276061882e-05,2.4716527462078465e-12,5.225611663271087e-07
3,logistic_regression,12795,3,3,7.271436526032164e-07,5.91367489642055e-10,3.0701994710632733e-07,0.916254954154385,8.680830011840808e-06,0.00953612473933713,0.07419920552129863
3,logistic_regression,8262,6,6,0.0007597082888725113,7.04279169734511e-08,8.791726075354928e-05,0.2365176664478641,0.0003513795231553822,0.030983852761313945,0.7312994052901235
3,logistic_regression,7562,6,6,7.947057195521589e-05,6.247867225769734e-09,6.195714662469764e-06,0.4427132165758964,0.0005164596588050844,0.003994086844569409,0.5526905643862443
3,logistic_regression,1561,5,5,6.669565886221274e-05,1.138753118819737e-08,2.8615764280900552e-09,1.6802397080772708e-05,1.1488654852942757e-10,0.9998549011418671,6.158643819568365e-05
3,logistic_regression,12155,3,3,1.820562065615301e-07,3.3420795324817114e-11,5.197391451298767e-09,0.9803676310463761,1.7810189547559476e-06,0.0035811514085623444,0.016049249239088015
3,logistic_regression,8330,6,6,8.30659837324093e-05,5.3824933175526795e-08,0.00040792166618457723,0.026705230032648745,0.006439439908622861,0.0001157160405457019,0.9662485725433324
3,logistic_regression,7775,6,6,0.0001371794385162809,9.388599865684108e-09,2.550509186398205e-05,0.2828368765660604,0.0018925073307603534,0.0016993664964606147,0.7134085556877385
3,logistic_regression,10338,3,3,6.078219850019928e-12,4.511334661231212e-16,1.2514187332404025e-13,0.9997705779261659,2.82987313193184e-06,1.249121849130392e-07,0.00022646728231351967
3,logistic_regression,13142,3,3,4.982693476940286e-05,2.9431320810922065e-09,2.88318770126114e-06,0.6628668139040396,0.00020874885525181517,0.006531612101763928,0.3303401120733419
3,logistic_regression,4245,2,4,0.10284266980582364,3.1690159895100486e-05,0.28149232435243204,1.6855499648231984e-09,0.6126024162481122,2.1679640316911568e-06,0.0030287297841554077
3,logistic_regression,180,5,5,4.3767127385680804e-08,5.876980169344923e-11,1.415217333219557e-11,0.004961272248716501,1.686508698328748e-10,0.9949750784277054,6.360531487776142e-05
3,logistic_regression,3321,0,0,0.9988980298375427,0.00016261815393367107,0.0009391975678849563,9.64049436350271e-19,1.182187140379826e-07,3.3605135760288616e-08,2.616788756091259e-09
3,logistic_regression,6022,4,4,7.296644426583356e-09,1.166204713169777e-12,5.754992900774439e-07,1.7791847524397293e-07,0.9998977142441832,4.1241292242825674e-11,0.00010152499899969025
3,logistic_regression,1945,5,5,0.008755541074166128,1.9273294766433625e-06,7.818265207498154e-07,2.1257109911609917e-06,9.27931164608682e-10,0.9909510642251431,0.00028855890577103767
3,logistic_regression,4827,2,2,0.06855049915003708,0.00024073838731000102,0.9106287680736564,1.0877008772586778e-11,0.020383204531165596,4.0350174199719537e-07,0.00019638634521192914
3,logistic_regression,269,5,5,8.638420494237037e-08,1.0643667798211611e-10,6.555802338056001e-11,0.008577798888783125,1.5617174418792485e-10,0.9913265445033034,9.556989554228462e-05
3,logistic_regression,9010,6,6,0.002996416515917194,1.1379035204404184e-06,0.0011423674498054499,0.03229368424521031,0.0003358239625755383,0.052388538728259715,0.9108420311947113
3,logistic_regression,292,5,5,1.0106586320468938e-07,2.7649229932412294e-11,9.499058510211455e-13,0.00015394280472409607,8.406321829249298e-12,0.9998415184074855,4.437684921789871e-06
3,logistic_regression,2002,5,5,0.021092359343467874,3.1952204872058806e-05,0.00030740387666613133,1.1040922341201817e-05,2.4546595393801755e-08,0.9749527067615674,0.0036045123444898167
3,logistic_regression,12153,3,3,8.114182221192184e-08,4.555795737601739e-12,1.913644096998282e-09,0.9867925332255802,5.836825918674176e-06,0.0005543535388737561,0.012647193349604966
3,logistic_regression,6514,4,4,7.74956006062942e-07,4.024460006253906e-11,5.539072729331068e-06,1.068629142033944e-08,0.9998976805844326,3.861622146795841e-10,9.599427413386493e-05
3,logistic_regression,2519,0,0,0.9245659186954291,0.0001398614028354297,0.07303496956208376,5.175814662045024e-09,0.00014815714928260014,0.00013941975793509777,0.001971668256619357
3,logistic_regression,9840,6,6,0.13008178506676504,1.9093209703038288e-05,0.0344497288886488,0.0007821890168937188,0.0038550314488266404,0.014367378264925929,0.8164447941042369
3,logistic_regression,12365,3,3,5.09418919352583e-08,1.5960252426952875e-11,1.794923544918471e-08,0.9755486153655304,1.2497021125796871e-05,0.0003547722655804463,0.02408404644067575
3,logistic_regression,4929,2,2,0.0012515203224893025,0.0003134856409503818,0.9984051149546596,4.8713395772799517e-14,2.1038142816690187e-05,1.7344197995046745e-10,8.840765593244047e-06
3,logistic_regression,12047,3,3,2.530433836443852e-07,4.2170163763875316e-11,4.039683563352738e-09,0.9777477176623715,1.6662876978019185e-06,0.005279936652634751,0.016970422272058704
3,logistic_regression,5756,4,4,0.00023492797977115354,9.728915188220788e-10,2.5479137380687844e-05,0.0002752600300386554,0.927756742134657,4.931302219477825e-07,0.07170709661503924
3,logistic_regression,3086,0,0,0.9575807785331878,0.0004672486253039098,0.04193460552048726,3.8258493510796284e-13,2.1975684066988923e-06,9.151720899778445e-06,6.018031332180681e-06
3,logistic_regression,13485,3,6,7.245845681063532e-05,7.135889231484486e-09,3.707782759328366e-05,0.2460452960837561,0.0042267305875569065,0.001326683073883496,0.7482917468345104
3,logistic_regression,1035,5,6,0.0009843046130835283,1.4315036883872595e-08,2.112959853439453e-06,0.4435371716032775,9.437816283346664e-05,0.07269455067577939,0.4826874676701358
3,logistic_regression,2067,0,0,0.985506973008047,2.5175140636445962e-08,1.6114995898795597e-06,1.0463531162259185e-07,0.005474405148292911,3.1036058225750914e-05,0.008985844475392182
3,logistic_regression,10538,3,3,9.7263199023735e-12,3.812684952867842e-16,2.8488382246012015e-13,0.9998738925086857,1.2426745663181511e-06,2.1281734241999378e-07,0.0001246519893939402
3,logistic_regression,4459,2,2,0.0006048287742291669,5.972058948558899e-05,0.9984002887532624,2.0563725482197005e-11,0.0007322689244280337,2.4579746387323804e-09,0.00020289048005659563
3,logistic_regression,9612,6,6,0.029321086734019015,1.808600781435773e-05,0.011376146081902967,0.0024023045524045696,0.0003776523297411151,0.021777069163533516,0.9347276551305845
3,logistic_regression,8848,6,6,0.005815694056095164,9.302896013173333e-07,0.0010055758964697987,0.01704595421080837,0.0007919982625110646,0.011823583927138483,0.9635162633573757
3,logistic_regression,23,5,3,4.0885513843346224e-07,1.8808112554701528e-11,7.621496872454152e-11,0.8472933134056817,4.8256892460746455e-08,0.14994921646337472,0.002757012923889524
3,logistic_regression,7942,6,6,2.1611929034677347e-05,1.1694192581208135e-08,3.9006416299430196e-05,0.2071556588099271,0.0014710933314029382,0.001922718353523896,0.7893898994656193
3,logistic_regression,202,5,5,1.9789336736432038e-07,2.2347723193024253e-10,4.5140594953093617e-10,0.06395619959424562,2.269578165736864e-09,0.9353021237165148,0.0007414758514110758
3,logistic_regression,6158,4,4,4.084896421897849e-07,5.837231571927837e-11,1.9197492011898924e-05,2.392560059057247e-07,0.9996113793899004,4.0736763602578913e-10,0.0003687749066996093
3,logistic_regression,6950,4,4,0.0013715945228063475,2.3188722318886575e-06,0.13485757939276688,3.582428631675166e-07,0.835693135231307,1.172299922059168e-06,0.028073841438102713
3,logistic_regression,12311,3,3,1.6518378033203615e-07,2.792295490685724e-11,1.1622895023069376e-08,0.972210414103551,7.821767772901791e-06,0.001167416159431724,0.026614171134646158
3,logistic_regression,4540,2,2,0.007077561431693556,0.0002465194647293419,0.9922222636185769,1.2420992495833529e-11,0.0002645423822569515,3.9058591056621484e-08,0.00018907403173123321
3,logistic_regression,11521,3,3,7.137838838291343e-09,1.4591466812496068e-12,6.701110633899953e-11,0.9952305131847472,2.6298954423368785e-07,0.0021172452649705813,0.0026519713544288174
3,logistic_regression,6847,4,4,9.040902925697231e-06,1.1481334208902403e-09,0.00011157463945870673,1.1340135409272486e-08,0.9996068209515616,6.004168957243555e-09,0.0002725450136160841
3,logistic_regression,4231,2,2,0.05223541945792004,0.0002938052790026502,0.9432664533356753,1.4666430373425319e-09,0.001544319517472016,6.329684603562595e-06,0.002653671258683207
3,logistic_regression,8700,6,6,7.990232871343354e-05,5.601196213429084e-07,0.0004757609022356147,0.015734730751910165,0.00036319768218492357,0.005786474808034651,0.9775593734072998
3,logistic_regression,9530,6,6,0.0034707923134187375,1.2107224445086194e-06,0.013761326709076968,0.0022896782799679306,0.04048881194367759,0.0008403537656829871,0.9391478262657312
3,logistic_regression,8384,6,6,0.0009324525753634919,3.2096422143400415e-09,2.6736328978968083e-05,0.02779648640573622,0.23083307654083995,4.891716364835233e-05,0.7403623277757908
3,logistic_regression,8886,6,6,0.0023629733772132988,1.9298038470778943e-07,0.0005017805805932889,0.027123474303407433,0.0033523989777264245,0.004483893613979507,0.9621752861666955
3,logistic_regression,7488,6,3,1.4692834948657828e-05,1.0646519194067205e-10,3.7484015471945334e-07,0.7118327367438457,0.006504528657145251,0.00019895873030542212,0.28144870808713496
3,logistic_regression,8477,6,6,0.0025775899776799747,1.3035967320549354e-07,0.00013089227798353075,0.08423048174011058,0.0007542921984675495,0.01796942052285938,0.8943371929232257
3,logistic_regression,10847,3,3,1.2247170714819709e-10,1.0988641720055956e-14,3.253505236894861e-12,0.9993185480845241,1.3874447790717318e-06,4.251852152974429e-06,0.0006758124928076177
3,logistic_regression,1009,5,5,4.008081295895006e-06,1.0953717239387116e-09,1.1536983046862266e-10,6.634262514493627e-05,6.364817673481798e-11,0.9998974928248224,3.21551943468194e-05
3,logistic_regression,2424,0,0,0.9944807211111553,4.024859176804734e-05,0.004589355377272638,3.728811596833368e-09,5.525278339078345e-06,0.00021140821110614014,0.0006727377015473641
3,logistic_regression,9695,6,6,0.011259289963699516,3.4822768611832093e-06,0.019515288962356197,0.0041181900826680095,0.006361527371665514,0.004398330179247571,0.9543438911635019
3,logistic_regression,15,5,5,1.0401673267735208e-09,7.583081049116585e-13,1.0362679558152188e-14,0.0009094603092620518,1.358187229195616e-12,0.999089850527987,6.881204567498513e-07
3,logistic_regression,1114,5,5,7.486820825614477e-05,1.796218847670154e-08,5.3868034296641434e-08,0.006392053539278983,4.591449248545714e-08,0.9867986335197899,0.006734326987959826
3,logistic_regression,12522,3,3,7.62505091731689e-07,5.07362288087136e-11,2.1578694621621356e-08,0.9604727370207854,1.184087830230572e-05,0.002727041376964024,0.036787596589425674
3,logistic_regression,9808,6,6,0.2071866194278663,1.4653151352236415e-05,0.009526198360569425,0.0006220345448466994,0.0018236938835774273,0.017267615517899813,0.7635591851138882
3,logistic_regression,7680,6,3,6.1662236029437e-05,1.0604235912003381e-08,1.2269938911631972e-05,0.5485554473431478,0.00017007822491272068,0.010516526262210597,0.44068400539055197
3,logistic_regression,10557,3,3,1.3868300682623882e-11,1.8744870044653037e-15,7.177588321947987e-14,0.9998904647775934,1.2738579697098948e-08,5.4710376386700015e-05,5.481209349843619e-05
3,logistic_regression,6969,4,4,0.00043941851677682496,1.7859981564723022e-07,0.013799639398685998,1.1987807505022155e-07,0.9818843432690693,3.003037651764132e-07,0.003876000033812063
3,logistic_regression,9877,6,6,0.03800009684777076,5.717727867676144e-06,0.02713768696636896,0.0010726293791676756,0.018232121129636947,0.0025943427338380393,0.91295740521535
3,logistic_regression,10250,3,3,2.494781385283375e-13,9.597620948614679e-18,5.891995775119259e-15,0.9999739325425644,9.468907688656943e-07,4.1433595679087283e-08,2.5079132815855893e-05
3,logistic_regression,6602,4,4,2.1023694816461132e-09,4.945895018072211e-13,1.9475253126165892e-07,4.872934335814987e-10,0.999995991672161,4.79923698321739e-12,3.810980350976542e-06
3,logistic_regression,12355,3,3,3.8963047272721187e-07,5.21914344666244e-11,1.1444085158126803e-08,0.9746928945187696,2.239782185313675e-06,0.005565251076615838,0.0197392134956798
3,logistic_regression,10577,3,3,5.59544036713881e-12,3.700819506237647e-16,8.566117713008099e-14,0.9999335856182984,9.982959019215973e-08,3.1926464284181992e-06,6.31219000015216e-05
3,logistic_regression,872,5,5,4.317361739060946e-06,4.571680111700929e-09,1.3729526904564432e-08,0.007753376847118655,6.788662654379761e-09,0.9903251240574883,0.0019171566437843357
3,logistic_regression,8283,6,6,0.00046550724104332125,3.937468977480383e-09,9.219470219019143e-05,0.105073981844596,0.23839312809406493,6.575021101428296e-05,0.6559094339696223
3,logistic_regression,1922,5,0,0.9836307201941529,5.1910724366007336e-08,2.715600242512624e-08,3.068397645154647e-07,5.173536881885991e-08,0.015937052743590033,0.00043178942039717526
3,logistic_regression,6886,4,4,3.315064991809183e-11,7.884667913047781e-11,0.001116811018692891,2.3867599120748895e-12,0.9988501305656532,5.237208724556425e-19,3.305830126975928e-05
3,logistic_regression,4736,2,2,0.0014726872358951793,8.716112097785972e-05,0.9926167682654967,1.79063401832298e-12,0.0057518914236281025,1.1547078069046773e-08,7.148040513335849e-05
3,logistic_regression,12448,3,3,6.023746028976308e-07,1.218979107598884e-10,2.282114532661888e-08,0.9653355303785364,1.8305196338068396e-06,0.010199634223675485,0.024462379560507994
3,logistic_regression,2122,0,0,0.49952368821863546,0.00026826131687865623,0.09219596464709398,6.998839335251939e-05,0.000252959950297304,0.056619379823595425,0.35106975765014664
3,logistic_regression,656,5,5,7.625366658586962e-07,2.0292730443852007e-09,1.5455152845415023e-09,0.002429366192023142,1.1841636179247087e-09,0.9971521495089702,0.00041771700338883436
3,logistic_regression,12219,3,3,7.56803353332283e-08,1.0751041988725543e-11,3.886944122185295e-09,0.9859075799265946,2.8590564807373637e-06,0.001105141222210117,0.012984340216684069
3,logistic_regression,8240,6,6,1.143282309701735e-05,3.503604675908062e-09,6.252663046437418e-05,0.03260919050179416,0.07721852102928106,2.545098037498761e-05,0.8900728745313837
3,logistic_regression,7946,6,6,3.037104162343982e-05,4.0342321609216415e-08,0.00016075939829273021,0.10411623566568448,0.001274409354506646,0.0005732850589046539,0.8938448991386665
3,logistic_regression,5777,4,4,1.625990318768299e-07,1.618687590266865e-11,4.963178617066916e-06,1.3133153493794683e-05,0.9979736780756074,1.2749190665991958e-09,0.0020080617021438355
3,logistic_regression,4353,2,2,0.2240874797382608,0.0004887035532108098,0.7742247805540308,2.4995333469530923e-10,0.00029582491806086976,1.0807209363747115e-06,0.0009021302655472492
3,logistic_regression,4478,2,2,0.10297191014409747,0.00046697174462633704,0.8956370275513654,1.0685688935202614e-10,0.0004383495263467307,3.194323277425183e-06,0.0004825466034294844
3,logistic_regression,9450,6,6,0.005710850131778539,2.580417005223953e-06,0.007643197660059826,0.005514118141709951,0.002041583389726706,0.004188029266514477,0.9748996409932051
3,logistic_regression,1569,5,5,5.08873294330107e-05,8.567005164188047e-08,3.7440564084214783e-07,0.0005561294738682678,3.016705752642099e-09,0.9980085187716011,0.0013840013326993673
3,logistic_regression,3730,1,1,3.607446348625341e-08,0.9999571731346806,4.27907908560854e-05,2.8592449663077695e-44,4.638289721486302e-19,1.2046975116496377e-20,4.3803472388610524e-27
3,logistic_regression,1089,5,5,4.466602616194731e-06,2.8526322688953854e-09,3.5836485843517087e-09,0.0010179864760025753,5.104224347715212e-10,0.9986902496923776,0.00028729028230036293
3,logistic_regression,5048,2,2,0.29558377587357526,0.005120057474294394,0.699231461990259,6.989737175981192e-13,1.0886326614523449e-06,5.368533772560766e-05,9.930690785464766e-06
3,logistic_regression,5916,4,4,1.7922036337578583e-06,1.7995587482843728e-10,3.840751348899595e-05,7.879561267208623e-06,0.9948778195363865,2.7464404543614583e-09,0.005074098258827322
3,logistic_regression,2674,0,0,0.9997244499572004,3.5981237867994704e-06,0.000261661982671165,2.8414807487237736e-12,1.3185217890488055e-06,2.779246160109801e-06,6.192165550986877e-06
3,logistic_regression,7003,4,4,4.348307870053253e-08,2.323698500081336e-10,0.00011160782376712835,1.643316767545189e-10,0.9998651882130739,1.861909744893633e-11,2.3160064759660317e-05
3,logistic_regression,6088,4,4,1.3727158753541401e-08,8.325811272016155e-13,2.5211056479751776e-07,3.447182043332564e-08,0.9999497075846997,2.234420174464939e-11,4.999208257955486e-05
3,logistic_regression,7940,6,6,0.0001628141373011258,3.392917687827789e-08,4.4742430399742145e-05,0.058405277016362264,0.001834986019849848,0.0016706761927322484,0.937881470274178
3,logistic_regression,1583,5,5,0.0021540557142011633,4.066191437306622e-07,5.838391140397465e-05,0.08484089722846896,1.7134157568196174e-05,0.5389445022630386,0.37398462010617534
3,logistic_regression,2229,0,0,0.9944542248455107,2.4691002212389754e-05,0.0012383770668230746,7.6380668744921e-08,1.8933174845638273e-06,0.002147265255976812,0.0021334721313236928
3,logistic_regression,6608,4,4,3.973944262080881e-05,4.1480988006617095e-10,2.1655964260075174e-05,5.095986018076136e-08,0.9993947071260889,5.562805673962478e-09,0.0005438405295542791
3,logistic_regression,2905,0,0,0.9958474526016773,0.0002780519781453269,0.003865381195050108,1.63947819443618e-13,2.135794237223715e-07,2.3297855474500293e-06,6.570859992504631e-06
3,logistic_regression,13298,3,3,5.3438041092317e-05,8.408097784646085e-09,5.625562048167151e-06,0.6644187819404096,5.387477391288444e-05,0.03742485219023847,0.2980434190842008
3,logistic_regression,7499,6,3,0.00022286965406585535,4.119639837462545e-09,4.405173068949366e-07,0.6962544631186022,3.183619654598558e-05,0.05798530300467625,0.24550508338916308
3,logistic_regression,6155,4,4,2.5725191057346593e-06,5.453735064636938e-11,5.597889210824744e-06,1.1836704456292954e-07,0.9996559384537399,2.0141703166418635e-09,0.0003357707021911085
3,logistic_regression,7910,6,6,5.658325493687618e-05,1.2225441096977362e-08,5.691379846424642e-05,0.19129582472494674,0.003448646708618738,0.0015377000067771111,0.8036043192808151
3,logistic_regression,4978,2,2,0.035666074731210806,0.0007961252935736332,0.9633615138395635,8.967167289429093e-13,0.00014013519002040916,1.5964962089680794e-07,3.59912951140693e-05
3,logistic_regression,10986,3,3,2.901492085543016e-11,3.5734440900974156e-14,9.443495152234451e-11,0.9943462158370014,0.00011522846836250223,2.3542633776024453e-07,0.005538320144812704
3,logistic_regression,9061,6,6,0.001600715995783795,3.173965972124211e-07,0.001191020025452337,0.012177807014887989,0.005576887427053799,0.002658730314914333,0.9767945218253107
3,logistic_regression,7264,4,4,0.00045410324750799514,3.0282049092190694e-07,0.010997386489019798,1.971430247588364e-09,0.987563266657545,6.015425777632662e-08,0.0009848786597482359
3,logistic_regression,3636,1,1,2.6713938291091e-06,0.998064671327509,0.0019326572786609055,3.124337115224295e-40,1.0393509114522953e-15,5.1959504354824143e-20,3.827819594251227e-24
3,logistic_regression,5557,4,6,7.799455298758118e-07,1.357438863300664e-10,6.477993602519098e-06,0.17874697392200942,0.2975640558287828,3.6444383422887613e-06,0.5236780677359892
3,logistic_regression,11693,3,3,1.442751110135057e-08,1.5003460731814514e-12,6.994185930661518e-10,0.9916699304317302,6.600490154920955e-06,6.479837563332264e-05,0.008258655574051412
3,logistic_regression,3898,2,6,0.008809067018235701,1.877723977903229e-05,0.36605398771201775,9.250897283374416e-05,0.08545869292287804,0.00024129847345261387,0.5393256676608033
3,logistic_regression,82,5,5,3.668738984985251e-08,2.047403766050278e-12,1.3517157485776823e-14,9.829215804698605e-05,1.726216357869678e-12,0.9999009692508309,7.018999451371829e-07
3,logistic_regression,233,5,5,5.1583705008496054e-08,2.2324458106646886e-11,5.60970243346326e-13,0.00012133674183560331,7.044879839587953e-12,0.9998753641237075,3.247520821512546e-06
3,logistic_regression,2296,0,0,0.9098554929905327,0.00010432978391612933,0.05798344656427279,3.5590031408255716e-07,0.0006337475405892592,0.00037977686249813017,0.031042850357876652
3,logistic_regression,12453,3,3,3.696787796291747e-07,8.442396987156422e-11,1.5009017656177595e-08,0.9596735835228807,3.4269593304685727e-06,0.009282349348703279,0.031040255396864343
3,logistic_regression,7893,6,6,0.00025993145421965053,8.39570916452151e-09,1.8205908912684845e-05,0.3966110607784165,0.0011284719312367852,0.005800231250607097,0.5961820902808982
3,logistic_regression,12658,3,3,9.162330719730843e-07,2.721562680558408e-10,5.255290630835733e-08,0.9437046245985435,3.07709805881832e-06,0.01316624534062989,0.043125083904633287
3,logistic_regression,6397,4,4,4.7349476851358675e-07,1.6723406860923607e-10,3.987822244435779e-05,4.6381036374254944e-07,0.9986101423930033,2.4940472153860793e-09,0.0013490394181386986
3,logistic_regression,2842,0,0,0.9989007559941748,9.658518859401593e-06,0.0010763662354246616,2.9144581543486757e-12,3.0631308736673116e-06,2.96175094948406e-06,7.194366803749633e-06
3,logistic_regression,12056,3,3,1.2659673454664839e-08,4.391788291483662e-12,8.730832471870784e-09,0.9799743461604639,3.7078512110377656e-05,6.246501829003517e-05,0.019926088914237985
3,logistic_regression,4585,2,2,0.0037683001448624975,5.7271214268880255e-05,0.9919875568727532,1.4012873097965634e-12,0.004092119196599629,3.240827169408478e-11,9.475253770612739e-05
3,logistic_regression,5039,2,2,0.010765186302636325,0.0005633067477851648,0.9885228006391863,1.529658393309875e-13,0.00013862986145784473,1.897302460767027e-07,9.88671853526704e-06
3,logistic_regression,921,5,5,7.655536808137208e-07,2.9506324178828976e-09,3.840076126827408e-09,0.001377907806095035,3.9029385183489995e-10,0.9983690386066278,0.000252280852593941
3,logistic_regression,1993,5,5,0.006702126423510189,2.810591612274433e-05,0.00039952135120495505,2.7488215399402767e-05,4.7363200471767655e-08,0.9862961851985614,0.006546525532000913
3,logistic_regression,9533,6,5,0.068036409411352,1.7459786369731257e-05,0.0020040915808413337,0.003078080860208081,3.0709528785900755e-05,0.5119613575640247,0.4148718912684182
