seed,model_name,sample_id,true_label,predicted_label,class_0_probability,class_1_probability,class_2_probability,class_3_probability,class_4_probability,class_5_probability,class_6_probability
7,mlp,1223,5,5,8.967321115151597e-06,4.031258705599643e-06,5.467143976146033e-06,0.0004795748860203913,2.8195153523214805e-05,0.9992208959839647,0.00025286825269470946
7,mlp,11769,3,3,5.45579790153225e-08,1.6035679943674808e-07,9.603698482427544e-08,0.994473583335409,0.0004732790822187805,5.962110634940657e-05,0.004993205524259535
7,mlp,12059,3,3,1.2194646562136512e-06,1.5016570586586872e-06,1.6171903163606145e-06,0.9562436489561421,0.00036984699907725155,0.0007783984430857738,0.042603767289663655
7,mlp,7126,4,4,4.188942458806957e-06,2.164461096675792e-07,0.000469483107783999,2.438826291110122e-07,0.9994638405043544,1.2666052300992859e-05,4.9361064362934006e-05
7,mlp,638,5,5,3.943347119084863e-06,5.599386254519729e-06,1.1402369259900467e-05,0.007802501022534335,4.566347294602464e-05,0.991257323738712,0.0008735666631740476
7,mlp,13211,3,3,4.075253582745493e-05,1.7595180129063887e-05,5.175799211223052e-05,0.6022128294500957,0.0011527261604651901,0.009986663451849495,0.3865376752295209
7,mlp,12549,3,3,3.0831092749435127e-06,2.810301302757485e-06,4.4681709899359176e-06,0.8896228212273084,0.0007312301995632008,0.002141198787607926,0.10749438820395256
7,mlp,10682,3,3,9.882104454454091e-10,1.4291496441755434e-08,6.09192795342581e-09,0.9997844699611181,1.7033304596064603e-05,4.733048339765734e-05,0.0001511448792534074
7,mlp,2639,0,0,0.9997571761446374,6.43475178474146e-05,7.47384602832298e-05,2.8768696177081602e-09,3.4990818939113104e-06,9.979845023369794e-05,4.37468234496375e-07
7,mlp,11764,3,3,5.4111281823923606e-08,1.4163758629598353e-07,5.243467950280011e-08,0.9937613565983978,0.000932477586996174,3.9760281029523687e-05,0.005266157350028938
7,mlp,10311,3,3,2.3042560750962962e-10,3.984456522975148e-09,6.553918171168126e-10,0.9998144971287359,7.233386441396723e-05,2.460886711827676e-06,0.0001107032498645643
7,mlp,1606,5,5,1.0022681312354691e-05,2.969760035389685e-06,3.128970902567629e-06,5.632963839835271e-05,1.1171168601611005e-05,0.9998337898196766,8.258796107315881e-05
7,mlp,10888,3,3,8.043766917459183e-09,5.3033084854504396e-08,1.3285737957927567e-08,0.9988288967114438,0.00014970344269839942,1.910740352441061e-05,0.0010022180797436106
7,mlp,13206,3,3,6.454218934999226e-05,2.022842934471691e-05,3.405167594659921e-05,0.5260901466571385,0.0016335467933467243,0.002794771674002942,0.46936271258087064
7,mlp,1755,5,5,0.00010813366986408028,2.112247595943476e-05,0.0002803214878690975,0.0030612821835979236,0.0001367321795707758,0.9888421051106495,0.007550302892489213
7,mlp,8677,6,6,0.00302376885258012,3.789727889970684e-05,0.00038229341505731785,0.0033287436801667084,0.0007794350650841519,0.0015609650280016733,0.9908868966802102
7,mlp,6761,4,4,1.4959330209580008e-05,2.587260411871332e-07,6.324667737132983e-05,7.20484891473616e-07,0.9985206142121372,1.6054819178185672e-05,0.0013841457501710822
7,mlp,10611,3,3,2.6020349385782827e-06,2.865494417534189e-07,7.892502533878262e-10,0.9959177133069667,0.00011280157742496161,0.00034124253826637284,0.0036253532037114353
7,mlp,13061,3,3,6.172019061888886e-06,3.244542880942831e-06,4.7814766368408626e-06,0.9288439749203903,0.0007831193667948375,0.0023740366393430086,0.067984671034892
7,mlp,9005,6,6,0.002504156972540428,0.00013311130788074617,0.0036606776456739373,0.00861581769804971,0.0005983942951493877,0.3436980735475433,0.6407897685331626
7,mlp,10789,3,3,2.992293641615432e-09,2.35708890310365e-08,4.882786907968454e-09,0.9993516324709649,0.00014999921243805375,5.837033736723433e-06,0.0004924998368907936
7,mlp,7761,6,6,5.5755400368192176e-05,1.3047334465213963e-05,3.227860004921968e-05,0.08676592244280155,0.19288976409739775,0.00020769788822151952,0.7200355342366965
7,mlp,289,5,5,1.7550196298487132e-05,1.0596631565732756e-05,1.5336847056183865e-05,0.050116549234798184,0.00021547994220825646,0.9454593922953607,0.00416509485271247
7,mlp,12370,3,3,1.0736562195138221e-06,3.2111858798991127e-06,5.79625727038416e-06,0.9654664618611214,0.00028530334945004994,0.02073429303234826,0.013503860657710351
7,mlp,6968,4,4,0.00022718075325054118,6.543748673862349e-06,0.01784944757262389,3.511174165612622e-06,0.978629869448096,0.0001493443284466816,0.003134102974743356
7,mlp,1721,5,5,3.053288922494614e-05,1.0786891624759845e-05,0.00011927208261177767,0.0020486700284166252,7.789844709031951e-05,0.9953490576694686,0.00236378199156299
7,mlp,6805,4,4,1.2362812917344804e-06,2.6268927562431384e-07,0.0015801576524164733,5.1993689844968595e-09,0.9982731331316506,1.6517083526957145e-05,0.00012868796246963082
7,mlp,1890,5,5,2.574770594930697e-05,7.459428356862453e-06,6.50047942893653e-05,0.0002643880282732231,3.3134722882258486e-05,0.9988127472341403,0.0007915180861088137
7,mlp,3758,1,1,8.989048315702315e-07,0.9999987148072597,3.8618960013917966e-07,2.1757167959111528e-23,8.386189795434041e-11,1.4446693915748257e-11,1.1395504072849184e-25
7,mlp,6354,4,4,6.5577683403716154e-06,4.850343033957917e-07,8.538758941359241e-05,9.309443131419673e-06,0.9994369296304868,2.2373043695588943e-05,0.00043895749062895263
7,mlp,9741,6,6,0.004447392390410742,2.3586605953823764e-05,0.00538314082308719,0.000361981641951516,0.00884744054424272,0.0005535714844805323,0.9803828865098735
7,mlp,5171,2,2,0.2679701516122561,0.002775643342141204,0.7287568749951924,3.6178231045051503e-09,0.00023733687402170816,0.0002585831280227409,1.4064305428835136e-06
7,mlp,2726,0,0,0.9999255705323019,2.6937167077066337e-05,1.7985008692457003e-05,3.162046825722671e-10,4.273754755103944e-06,2.5128605151940854e-05,1.0461581688664653e-07
7,mlp,50,5,5,3.072801636571573e-07,1.0920698391873443e-06,8.331568893087662e-07,0.005602986182749294,1.1292678109118695e-05,0.9943348361195142,4.865251273517591e-05
7,mlp,7845,6,6,0.00013029537260810163,1.7798352139582354e-05,6.0033528163006094e-05,0.06174445834214377,0.0013454714498338433,0.0006140710302955461,0.9360878719248161
7,mlp,2257,0,0,0.9788727897562596,2.389384647830699e-05,0.004804045397083953,3.4632480421610087e-07,0.014177152872262786,0.0015845099252944314,0.0005372618778170106
7,mlp,11131,3,3,3.8633028831519554e-08,2.7407251810585857e-07,1.8410558486281203e-07,0.9968649645331173,4.993994878602232e-05,0.002063934790116436,0.0010206639168483154
7,mlp,4829,2,2,0.01240207124456066,7.433410975700211e-05,0.9854979545391849,5.087203689413153e-09,0.0019784221830758037,4.0169392392135306e-05,7.043443825832349e-06
7,mlp,9577,6,6,0.002051730866377588,1.6166338176546608e-05,0.003032290524549872,0.0006727325247468629,0.008242481245014815,0.0005064240917963159,0.9854781744093379
7,mlp,8329,6,6,0.00023524379293335355,1.0928548849149559e-05,7.64982100864487e-05,0.012315780551163532,0.05716478660627143,0.000311116517541213,0.9298856457731548
7,mlp,6061,4,4,1.1556905431573935e-05,8.176337633230127e-07,0.0001614832357753176,1.6689376050680892e-05,0.9972765150040741,2.1724191589056273e-05,0.0025112136533160167
7,mlp,3405,1,1,0.0024017023764558126,0.9972932333919295,0.00030491274993856227,2.5702640474902027e-17,8.46573201066046e-08,6.682435608204091e-08,1.652702687374573e-17
7,mlp,1795,5,5,6.235871598529636e-05,8.457650492409072e-06,0.00011448867324459177,0.0006886420101394789,5.579346572306108e-05,0.9964901930050823,0.002580066479332636
7,mlp,6510,4,4,0.0003125129925965666,4.274413800458946e-06,0.002845208891651567,2.151844371221915e-05,0.987809935262988,0.00019703961893643087,0.008809510376314798
7,mlp,2322,0,0,0.9998490507547608,7.180602384766723e-07,1.8717138873407977e-08,6.196695272517869e-10,3.0763779420651755e-07,0.0001498815247556178,2.2685642349742065e-08
7,mlp,7750,6,6,9.199485809838768e-05,2.3509658085044976e-05,4.57735294826814e-05,0.0893053735729917,0.0016285932985905572,0.0004134322619553073,0.9084913228207963
7,mlp,6779,4,4,8.20961756198169e-06,1.6383115913184123e-07,4.078864406836301e-05,4.2356644771223083e-07,0.999047293786522,1.030007661824262e-05,0.0008928204776225635
7,mlp,8012,6,6,9.688000151915911e-05,9.436688310301331e-06,4.825757910585034e-05,0.02968603336143188,0.001665022655467218,0.00037329170685728894,0.9681210780073082
7,mlp,1844,5,6,0.0022543494689980193,1.73387430898207e-05,0.0006556085478066164,0.0013168089153484032,0.00032859999844763474,0.003075383446590699,0.9923519108797187
7,mlp,8476,6,6,0.0009169268348438907,3.127717208016896e-05,0.00019374140728932557,0.003113770628787852,0.0018562380117271033,0.0003341278582546113,0.993553918087017
7,mlp,9209,6,6,0.0007695175356698647,1.663222821358156e-05,0.0004939498630236601,0.0013016913803086587,0.0009370212462688289,0.00011903978811415568,0.9963621479584012
7,mlp,2008,5,0,0.6746596058959975,0.0006876252759613493,0.08641716604004285,0.00021154713258785516,0.0010010531648526708,0.046307702757683096,0.19071529973287443
7,mlp,3792,1,1,1.6478624642757844e-08,0.999999981583794,1.936196412932144e-09,3.4142157179725206e-25,1.1100655564456749e-12,2.7497347008773535e-13,2.876423609581571e-28
7,mlp,1169,5,5,2.220307442705346e-06,3.1332294017978713e-06,1.2593485356130765e-05,0.002078462985577756,2.5694063555931014e-05,0.9976404385598089,0.00023745736885701237
7,mlp,13514,3,6,0.00014057278389134953,1.1816512647493256e-05,4.9960629121221274e-05,0.049144182074546336,0.003646281677208906,0.0005934012843380417,0.9464137850382467
7,mlp,6575,4,4,0.005942939146493538,7.011979302821261e-05,0.10937480988645892,7.24510761427307e-05,0.49123410356421027,0.000846019888071009,0.3924595566455953
7,mlp,9409,6,6,0.00511342702154929,1.6931071685308142e-05,0.0007711108501911529,0.0009204254347252719,0.0003761125126808543,0.0018918961941071133,0.990910096915061
7,mlp,4500,2,2,0.00527978354535656,4.2379610667082326e-05,0.9932750833868542,1.9223622380265895e-08,0.0012960446963249542,4.6398136014398385e-05,6.029140116052692e-05
7,mlp,3558,1,1,1.5391241757196685e-05,0.9999796308524914,4.976231013113453e-06,2.8526421891562426e-20,1.2165519317522306e-09,4.58186392826352e-10,8.92515337544719e-22
7,mlp,5069,2,2,0.0041561376422500846,0.000169241210660183,0.9953941656779698,2.0287064948291052e-09,0.0002486260433918517,2.972909307162169e-05,2.0983039499535165e-06
7,mlp,12381,3,3,7.022881542822274e-05,2.1864701777528185e-05,9.8713057979246e-06,0.856413806187955,0.0018223928262217845,0.010642917733487396,0.1310189184293322
7,mlp,11994,3,3,4.858610670242345e-07,8.022461360467087e-07,4.790242039634194e-07,0.9666785231312198,0.0014849065333512443,0.000150386495422867,0.03168441670859906
7,mlp,5312,2,2,0.01835182633924245,0.0007579171894895825,0.9796789222791044,7.24384302906733e-10,0.0011826268095410048,2.795136092911759e-05,7.552973091162434e-07
7,mlp,2736,0,0,0.98291840976398,0.0004812680968755355,0.016339678347258517,1.3008462968798868e-08,0.00011817571986915178,0.00013859448328100906,3.860580272873923e-06
7,mlp,3509,1,1,3.741885527946049e-05,0.9999624504447109,1.2887990929349187e-07,1.0986480887363078e-19,2.2782579762765165e-10,1.5922744326355267e-09,1.4888107830898952e-21
7,mlp,6516,4,4,3.7230732089442354e-07,1.1821836392246091e-07,0.00029713497717873897,6.103435243872636e-08,0.9987497104602173,5.202121082447243e-06,0.000947400881484142
7,mlp,2591,0,2,0.10767993997096441,0.0004374376388896881,0.8852222674364181,2.0732857624398227e-07,0.005675848335579955,0.00044993905091591585,0.0005343602386554212
7,mlp,5599,4,4,4.0907982986915125e-05,1.2030030391542222e-05,5.1894946654246354e-05,0.044357069687851074,0.5505609443336632,0.00017615564180608755,0.40480099737664693
7,mlp,3976,2,4,0.001376481375450614,1.0849391923147626e-05,0.11456342111241985,2.3412698964716012e-07,0.8827357256599515,0.00014663940502504893,0.0011666489282400544
7,mlp,4781,2,2,0.07937730117856207,0.000313383185510691,0.9189929685295143,1.583974255363984e-08,0.0009670367815158988,0.00033661332735803666,1.2681157796710353e-05
7,mlp,7684,6,3,6.381811985517123e-05,8.894225554280643e-06,6.3644391531579975e-06,0.5050625692866291,0.04582570572210032,0.0007433458323672458,0.4482893023743409
7,mlp,4534,2,2,0.16230388877915716,0.00024005567872761695,0.8121086930405952,3.73922140022249e-08,0.024614083979179247,0.0005687403035483305,0.0001645008265783009
7,mlp,112,5,5,9.267137531071439e-07,6.85502105231478e-07,1.1936845825238936e-07,0.000380393537718579,4.92180581537425e-06,0.9996010377277738,1.1915344375655212e-05
7,mlp,3984,2,2,0.025113971201347014,0.0001775160214218837,0.9576673098079876,2.271329735879701e-06,0.010264850071326223,0.0005882475539645686,0.006185834014216862
7,mlp,4000,2,2,0.08333883712673745,0.00018743831367704197,0.8880884455973529,5.225871122980276e-07,0.026044206420283048,0.0006599713342201734,0.0016805786206173323
7,mlp,7209,4,4,0.045662766935663415,2.292318646629146e-05,0.018887214925444012,2.0223371345063422e-06,0.9206043001099207,0.0015937510430234622,0.013227021462347792
7,mlp,6790,4,4,8.43439708092168e-06,1.7373145593973175e-07,5.409753944513543e-05,2.526151815592094e-07,0.9987603901088218,8.526841006014283e-06,0.001168124767008655
7,mlp,1276,5,5,0.00034481557604611776,5.452013792266539e-05,0.00020966501457915192,0.015409285109938966,0.00039396020105539467,0.9416347998957979,0.04195295406465982
7,mlp,3316,0,0,0.9999960952783367,2.703222632671378e-06,6.851793364822015e-07,1.312787755928956e-14,3.8676292761053236e-08,4.776375192673979e-07,5.869068989645936e-12
7,mlp,12377,3,3,9.306321462664598e-07,1.149082151004047e-06,1.233792293983387e-06,0.9818931304826868,0.0003078677746490411,0.0010636614147301131,0.016732026821342675
7,mlp,10403,3,3,5.060078988777913e-09,3.08611638001773e-08,6.391946563757819e-09,0.9995088086670098,3.842992492207804e-05,2.6562821519234473e-05,0.00042615627335969194
7,mlp,886,5,5,1.6653912607305806e-06,3.1786968081527493e-06,7.941755478348992e-06,0.0024316905556566104,2.2094699403998776e-05,0.9972577685285229,0.00027566037286931626
7,mlp,6246,4,4,2.9117287876222974e-05,1.2879460227271455e-06,0.00022986544968997983,0.0002553088005536893,0.9903024787753014,0.00029424693958278876,0.008887694800973088
7,mlp,13071,3,3,4.96922306867595e-05,2.1276823110378926e-05,4.0912803700119054e-05,0.6550866611315983,0.0011567132729397745,0.010705310380426497,0.33293943335753806
7,mlp,11246,3,3,4.104215868467471e-08,2.4260762925098137e-07,1.7111217961327292e-07,0.9971003714059192,5.564340968624403e-05,0.0012618395750056159,0.0015816908474212909
7,mlp,3103,0,0,0.9994592089685995,0.00033796057002982255,0.00010155665395802554,3.16017383095216e-10,2.7655925137712503e-06,9.849020322232867e-05,1.7695659026752188e-08
7,mlp,12789,3,3,7.830813507903182e-06,1.0877740392238134e-05,2.0962198213311612e-05,0.9115813506221984,0.0005978621678055955,0.045149573726369074,0.04263154273151369
7,mlp,5647,4,4,9.104815451526864e-08,3.861980768716927e-08,2.677628785286929e-07,2.0213306364801476e-05,0.9998484048454154,1.1309703287775896e-06,0.00012985344705019214
7,mlp,4532,2,2,0.21473951613859582,0.0005943406809206569,0.782407642261656,7.067851693777218e-08,0.0017955935678903487,0.0003464581874593385,0.00011637848496100431
7,mlp,228,5,5,3.4322358973739567e-07,2.2078914978545123e-06,3.6597176698401334e-06,0.01636643992477783,2.919652080752625e-05,0.9834786298080235,0.00011952291363383642
7,mlp,11230,3,3,1.340889249822652e-07,3.6041440216424807e-07,1.1799450202817584e-07,0.9882815553809756,0.0005807620364225582,5.308237756109279e-05,0.011083987707211532
7,mlp,12610,3,3,9.212345136535477e-07,6.530581997084157e-07,3.228249581567767e-07,0.9704901163340024,0.0013059302637280152,0.00022571646233808364,0.027976339822259957
7,mlp,1812,5,5,0.002639246607457951,0.00014824788373308173,0.002413872445949103,0.025839472991940792,0.0011329107296697625,0.6039345070737198,0.3638917422675296
7,mlp,7267,4,4,0.0006839481314273646,3.9782822567300514e-06,0.020573226264080743,4.890586287957113e-07,0.978256242871648,0.00023727184537289907,0.00024484354658538374
7,mlp,6490,4,4,5.5700262120831366e-05,1.8449769485727134e-06,0.0007195908781739848,2.258621885505304e-06,0.9812947573344103,3.946799970900905e-05,0.017886379926751645
7,mlp,3497,1,1,0.00013138618547426718,0.9998500741137752,1.853329707570333e-05,2.193107745606075e-19,5.433714764644775e-09,9.699601117496798e-10,1.7389565435452068e-20
7,mlp,10529,3,3,4.2724249872518505e-09,3.314657880817962e-08,9.452874780757605e-09,0.9995603507419826,3.094263063934378e-05,2.6295450773250884e-05,0.0003823643047263349
7,mlp,2832,0,0,0.9997444642587785,2.10794299812471e-05,5.941367221086536e-07,1.7667146906753628e-10,3.962908401220296e-07,0.00023346043362057633,5.273385822135876e-09
7,mlp,875,5,5,2.3934074039111513e-06,1.7567150769330107e-06,3.4215031866581265e-06,0.0007647499412729988,1.3562271939236044e-05,0.9990873321971917,0.00012678396392865415
7,mlp,8611,6,6,0.0009327668420438445,1.707367346845301e-05,0.000359107782199903,0.0041868885481449606,0.016890746990381428,0.00029322877610687937,0.9773201873876545
7,mlp,11553,3,3,1.287812533778997e-07,3.319535756447593e-07,1.5002838782131438e-07,0.9945024181613531,0.00023629525562985572,9.547910154395228e-05,0.005165196718256243
7,mlp,2303,0,0,0.9900319074471305,0.0005981304667790602,0.0073514665787298315,1.0615831680966643e-06,8.65798268625404e-05,0.001515285391338945,0.00041556870599074
7,mlp,5825,4,4,3.118578004212762e-06,4.5822160968498204e-07,7.955460897828982e-05,1.3473141679688675e-05,0.9962873614969591,1.3817810284258356e-05,0.003602216142484888
7,mlp,9570,6,6,0.0014960666217628794,2.8230991874222163e-05,0.0035926158125043914,0.00028771353470608663,0.11567545184092876,0.00031468552406949417,0.8786052356741543
7,mlp,10163,3,3,6.01166636049583e-11,1.3498157660551791e-09,1.4473827552783512e-10,0.9998879074237103,6.710054652124958e-05,1.044114504810196e-06,4.394636059306629e-05
7,mlp,4732,2,2,0.001957924590234461,8.308562446785551e-05,0.9965643214068032,3.0407281275595192e-09,0.0013623597052193266,2.4944651852721686e-05,7.360980694180117e-06
7,mlp,12784,3,3,2.810975964742948e-06,1.8897276318716723e-06,1.474101047204843e-06,0.9379121433593038,0.0014818441188513152,0.0005832373581706723,0.06001660035903028
7,mlp,3970,2,2,0.090109168773515,0.000194128013712004,0.8581671291415407,1.0563478338787486e-05,0.009726396844034995,0.007522979506678752,0.03426963424217996
7,mlp,3821,1,1,1.7106718976078647e-08,0.9999960167219267,3.965857400287039e-06,4.729221987237169e-25,3.137339692039185e-10,2.2012266249569102e-13,5.14716084625407e-27
7,mlp,8999,6,6,0.0008840010782148724,2.3149773055526506e-05,0.0007034292730740692,0.005418414762365386,0.0002904952518090548,0.0062165632017467595,0.9864639466597345
7,mlp,5087,2,2,0.00030918667144710243,1.7118526275139015e-05,0.9982918355410562,3.219231604360333e-10,0.0013771026424077401,4.272192807978417e-06,4.84104082592499e-07
7,mlp,8917,6,5,0.009964343281792618,9.275893068782478e-05,0.00245035056971073,0.004264321724678025,0.0009591171462702165,0.6930320782340528,0.2892370301128078
7,mlp,12089,3,3,1.9094541900524708e-07,4.379425829745039e-07,2.4921024122897923e-07,0.9595424009922902,0.006749612575904776,3.0742017686812896e-05,0.033676366315875235
7,mlp,2897,0,0,0.7536935596329015,0.0016935826368722699,0.24386274969993393,4.718911506252353e-08,0.00020810794192393684,0.0005041244377366215,3.7828461516393276e-05
7,mlp,8019,6,6,0.001314616046609216,6.568799626970678e-05,0.00014278471205101133,0.144659712493219,0.0027652081701233858,0.0033480989374828976,0.8477038916442449
7,mlp,4834,2,2,0.0006031743632031443,2.244686815247657e-05,0.997299070723964,2.4826201892504487e-09,0.002059386545400817,1.0866288680906078e-05,5.052727978658657e-06
7,mlp,11272,3,3,1.8559855332012545e-08,8.40571669555331e-08,3.1516265124584244e-08,0.9972816989410959,0.0003603695482539035,2.718514398570905e-05,0.0023306122333773033
7,mlp,8362,6,6,0.0006208129565132918,1.5990573797147652e-05,6.434400847883434e-05,0.04342368644808897,0.0032954407307988058,0.0011788991007819281,0.951400826181541
7,mlp,12012,3,3,1.3257426664932604e-06,1.6482638248697891e-06,2.2738021490781674e-06,0.9558467353124926,0.00026108899432642434,0.004190284529853191,0.03969664335468739
7,mlp,8605,6,6,0.0003135145397518195,1.6190935543660887e-05,0.00018545537666889804,0.005224250588752106,0.0006035942847171822,0.00022005999168438672,0.9934369342828819
7,mlp,12760,3,3,5.390386895021862e-07,4.999559855047892e-07,5.140396567936077e-07,0.952551496021336,0.009743497729734296,0.00020949950641063585,0.037493953708187186
7,mlp,5011,2,2,0.004548521544063574,0.00028658527489201996,0.9948196515389782,6.734160749340979e-09,0.00026280892455089917,7.592161618863571e-05,6.504367165925518e-06
7,mlp,12551,3,3,1.662623378058372e-06,2.0905454079629945e-06,3.3521426998913184e-06,0.9597554096783776,0.0004543039441296691,0.0029232638832525633,0.03685991718275412
7,mlp,10109,3,3,7.738082912251683e-10,8.871999668421308e-09,2.7660267659858245e-09,0.9997845964117806,7.887591380431681e-06,0.0001293618319889313,7.814175301529454e-05
7,mlp,2310,0,0,0.9463935769980445,0.00033561545192429827,0.04859037823393923,1.6446767463190208e-06,0.00015126509902397506,0.003400423422058339,0.001127096118263054
7,mlp,13491,3,6,0.0008230825347902285,8.339443290961101e-05,0.0002481607592166151,0.11075514352976228,0.0021914797397101196,0.008664717501832026,0.8772340215017791
7,mlp,2790,0,2,0.20296104317588776,0.002560636232019456,0.7928581521141608,4.772365671776315e-07,0.00039415674707219783,0.0008897008708029736,0.00033583362348958793
7,mlp,2433,0,0,0.999766800950572,5.615734297707418e-05,9.60942313721253e-06,7.225361821951108e-09,2.2047941476981268e-06,0.00016474471537315013,4.7554843113619884e-07
7,mlp,10036,3,3,3.406278731875556e-11,7.952550063370355e-10,7.157388815104698e-11,0.9999553809702705,2.204989514086108e-05,1.2339834087661603e-06,2.13342502884675e-05
7,mlp,6497,4,4,4.4750169427977816e-06,1.8341476837054455e-07,0.00011050348258050375,1.6269345241698245e-06,0.9996656068343024,1.2133448596929666e-05,0.00020547086828472163
7,mlp,6191,4,4,0.001123867911620369,5.695119194877639e-06,0.00021386221496524606,2.73513279630664e-05,0.9530688046916899,0.00022449669039102717,0.045335922044175594
7,mlp,12253,3,3,7.562213721228562e-07,6.673730517717165e-07,2.8570204862360227e-07,0.9753515137576094,0.0008228253359625508,0.00018913576440037432,0.02363481584555498
7,mlp,8690,6,6,0.000979008098221446,7.048219659968282e-05,0.0008469973434599164,0.014621004488379231,0.0012242997627826436,0.002336269186294628,0.9799219389242624
7,mlp,8795,6,6,0.00035193995814777434,1.3486470395902061e-05,0.0003462384376458404,0.0024901810445862333,0.004388095016130685,0.0001232590317653406,0.9922868000413282
7,mlp,9949,6,6,0.014573101640985603,3.159735186030473e-05,0.005538820664760727,0.0004942655214525148,0.11398878905662205,0.0050558623771139455,0.8603175633872049
7,mlp,10625,3,3,1.2546757790371823e-09,1.0601716606433427e-08,1.9754451382386662e-09,0.9997344895200768,4.747207256091062e-05,1.1511463662290779e-05,0.00020651311186243874
7,mlp,8144,6,6,0.0005642062049786761,2.2413626113774712e-05,8.337775103368423e-05,0.034067526374359225,0.002728868509825115,0.0007348529088939503,0.9617987546247956
7,mlp,5982,4,4,1.541485377799151e-07,2.037979601834057e-08,4.777978087083947e-07,2.976036954885955e-06,0.999903054149309,2.0292956438928784e-06,9.128819194951168e-05
7,mlp,12828,3,3,1.7014443116687395e-06,2.2096956800262476e-06,4.1097323809134835e-06,0.9578606885463674,0.0008071480351836062,0.0029358755217106475,0.03838826702436567
7,mlp,6198,4,4,1.499083606354084e-08,1.1236973694645906e-09,2.1874530737188528e-08,1.3268089427946937e-07,0.9999939710372908,3.142225372257919e-07,5.544070213706191e-06
7,mlp,7633,6,6,2.6659858938422317e-05,9.668747387240863e-06,1.1136738470665836e-05,0.42616936568092506,0.005446783432073624,0.000613059911361758,0.5677233256308432
7,mlp,551,5,5,5.275830426659237e-07,1.4283626693499554e-06,2.6840478287645933e-06,0.0018750609523101435,1.0610427968019952e-05,0.99804427679148,6.541183470109472e-05
7,mlp,1658,5,5,8.364201259460625e-05,2.2347587298304608e-05,0.00014919044962547555,0.002392227476269752,9.84027580404152e-05,0.9888216574012798,0.008432532314891671
7,mlp,2802,0,0,0.9934344353165477,2.4789746719666514e-05,0.005555741776264674,2.3960508474745974e-09,0.0006742934139751408,0.0003029465879994023,7.790762442531392e-06
7,mlp,8760,6,6,0.00037938982306223756,9.2827096166613e-06,0.0002798908287312456,0.0029957646807811183,0.00016304416855722034,0.0018806814421458088,0.9942919463471057
7,mlp,10689,3,3,3.00026903165863e-09,2.322202082344642e-08,3.5753659517200234e-09,0.998121044426063,0.0008289079386656265,4.344553235331253e-06,0.0010456732843801765
7,mlp,5571,4,4,2.9141982945743798e-06,1.1150938065785823e-06,6.813588124450379e-07,0.050707187804557304,0.9075364463350255,8.945664504314118e-05,0.041662198564460684
7,mlp,12304,3,3,9.74664838808048e-08,1.3790203923984338e-07,7.033449961034797e-08,0.9955192153756912,0.0004975532473535615,0.00011949893926555649,0.0038634267346668635
7,mlp,7923,6,6,8.52216867673935e-05,3.217900059847868e-05,4.676852707741274e-05,0.0831438883187196,0.001856359237363618,0.0008939271311710879,0.9139416560983024
7,mlp,5197,2,2,0.030019891741566128,0.0011026000624123958,0.9686699508350505,2.0957003281818902e-09,0.0001623806867938114,4.3995441716463396e-05,1.1791367604700207e-06
7,mlp,13409,3,6,7.140754531662363e-05,1.5259008439314413e-05,4.746338653629258e-05,0.3200389611807754,0.0034910704141287666,0.002311144672796844,0.6740246937920067
7,mlp,12169,3,3,1.9598940940176742e-07,3.8643040989811666e-07,3.1381777647670545e-07,0.9915878837890643,0.00020131180266653352,0.0004972496326922018,0.007712658537981176
7,mlp,6348,4,4,0.00010898092811227395,6.705477260450006e-07,4.542884572033416e-05,6.238703637121829e-06,0.9937305293376039,5.068694616658379e-05,0.006057464691033715
7,mlp,3683,1,1,4.7608394109322277e-07,0.9999843075605248,1.5215267554682278e-05,3.960597945843843e-22,1.0800213084639304e-09,7.958128620698542e-12,2.543435078081328e-23
7,mlp,9767,6,6,0.083780411301785,0.00012422782329201657,0.013987538242600467,0.0006393359713061426,0.0008635244493607592,0.06792226735522847,0.8326826948564271
7,mlp,5295,2,2,0.019082997364835316,0.0006792877896388113,0.9798317224200236,3.9862230011254234e-10,0.000373772215069894,3.206314400952917e-05,1.5666780087080805e-07
7,mlp,8782,6,6,0.00038091271164108803,1.6880011448791718e-05,0.000346970958439546,0.003648274834720992,0.0027246167599728403,0.0001449896127024491,0.9927373551110742
7,mlp,5504,4,3,8.543543234582088e-07,7.446512964653949e-07,2.772281156025385e-07,0.8499436975393186,0.08889417738109986,2.9022699830367076e-05,0.06113122614601576
7,mlp,11688,3,3,7.386482769751922e-08,2.0031117042788519e-07,7.525898884020492e-08,0.9862573911509471,0.002338577101251236,2.203618066838337e-05,0.01138164613214635
7,mlp,13118,3,6,6.76058274627852e-05,1.845024747705098e-05,1.8582089290652494e-05,0.3028747084049747,0.002478927790693811,0.0007786850667478938,0.693763040573353
7,mlp,4152,2,2,0.045464146380997626,0.00010799139839236051,0.8174481860037143,5.3846386960988494e-08,0.13614755720532612,0.0004212122747087062,0.00041085289047409384
7,mlp,11042,3,3,1.0244398971470164e-08,5.487497410528363e-08,1.4132523256035109e-08,0.9949218836709612,0.0014776365751256405,5.403148746900804e-06,0.0035949973532697125
7,mlp,1685,5,5,1.3562798702237094e-05,4.319025658335168e-06,6.973477570330976e-06,9.543853955060842e-05,1.5877020264256928e-05,0.9996619056086595,0.00020192352959474933
7,mlp,9343,6,6,0.008772265117768992,7.858446608918337e-05,0.004333583042219671,0.0034028993369218884,0.000586373032777214,0.15879424447264257,0.8240320505315805
7,mlp,4140,2,2,0.03612646425026259,0.0002702049869270387,0.9591065579310591,1.9497339161863228e-07,0.0038544764746862143,0.0002485622041158468,0.00039353917955757474
7,mlp,7372,6,3,1.473708228269029e-06,2.4272328211095423e-06,3.6319840956462003e-06,0.9663499483685308,0.0002754757621384751,0.010132836681858989,0.02323420626232668
7,mlp,7595,6,3,2.806523068023368e-05,1.6687374627561765e-05,4.18569910627528e-05,0.794848304978952,0.0012327042395320965,0.017208647244200435,0.1866237339409451
7,mlp,7588,6,6,4.1123669770105655e-05,1.0787674136651021e-05,1.045901042287679e-05,0.18063186111095372,0.023727877038939946,0.00018187550509440927,0.7953960159906822
7,mlp,5721,4,4,2.7016428044072447e-07,1.0539462275134377e-07,1.2601932199120246e-06,1.3301205149042035e-05,0.9990282335694638,1.9185659329022767e-06,0.0009549109073309436
7,mlp,4761,2,2,0.14836626445877346,0.00015234654767471543,0.8471515248599165,1.1517861897285271e-08,0.004029748323743058,0.00026771836592504576,3.238592610542347e-05
7,mlp,8620,6,6,0.0009235038933129687,5.1785067270006114e-05,0.000248396822775544,0.010600079615825717,0.0012975716988531392,0.0003682327684852621,0.9865104301334773
7,mlp,848,5,5,2.054753296110377e-06,3.883505098041056e-06,1.0020442588982532e-05,0.0036869100040297044,2.7748305682591096e-05,0.9959244615134429,0.00034492147586156536
7,mlp,5979,4,4,1.7866227987626792e-05,1.204808838126333e-06,4.453864678745399e-05,7.721924816862045e-05,0.987857998601579,4.75283922545174e-05,0.011953644074384514
7,mlp,8874,6,6,0.0004144945503321454,1.252858941000949e-05,0.00048641601258623163,0.003519084295179345,0.014671610716354215,0.0001932251708480057,0.98070264066529
7,mlp,3437,1,1,0.00030550906213379483,0.9996889373402339,5.535460007973611e-06,4.809018691333115e-18,3.3062232162163986e-09,1.483140096833945e-08,2.752018111352944e-19
7,mlp,11773,3,3,4.699368179143515e-08,1.5210047366103644e-07,7.386916296956417e-08,0.9951348448119999,0.00042988684407362467,5.671389692089706e-05,0.004378281483687283
7,mlp,12214,3,3,1.0438796752178536e-06,3.2581358535490782e-06,4.972250618636217e-06,0.9623817816052049,0.00026064151109330303,0.02695366842335694,0.010394634194197202
7,mlp,8649,6,6,0.000160226137977312,1.5970142409287333e-05,0.0003241565395388053,0.016927520528707912,0.01159660190109271,0.00018165133306533428,0.9707938734172086
7,mlp,6668,4,4,0.0001301736803546279,3.687378257999307e-06,0.0030504797794794194,5.0414163175730986e-05,0.9899425448427721,0.00030863636732405414,0.006514063788636044
7,mlp,2862,0,0,0.9999880198200223,4.172241865603622e-06,8.835131079611491e-07,2.216250689142022e-11,8.82920419863798e-08,6.83434363197996e-06,1.7671678973925683e-09
7,mlp,4590,2,2,0.45102845590750484,0.00020423087274278002,0.5064526332485916,7.956991149207153e-08,0.039150625538314006,0.0031223638376566315,4.161102527860168e-05
7,mlp,433,5,5,8.22557511847741e-08,1.780631353477506e-07,1.859391370105121e-07,0.00010425849411746499,1.3092925161633669e-06,0.9998901499333669,3.836021976082129e-06
7,mlp,13499,3,3,0.00011643183466728872,3.742999229033016e-05,0.0001266185239256624,0.561403597061784,0.002013274154475267,0.021503027691941585,0.41479962074091586
7,mlp,3563,1,1,1.7233340310929165e-05,0.9999782539842861,4.5113853386465975e-06,1.716699600126051e-20,1.1039922164551814e-09,1.8607194721646813e-10,7.483830539819771e-22
7,mlp,10697,3,3,9.455854204053771e-08,2.0844666516167034e-07,2.5348299847789764e-08,0.9963308324694214,0.00025411326998261844,4.902966877778598e-05,0.0033656962383109643
7,mlp,241,5,5,9.303710952784166e-08,3.540148590478918e-07,4.372332820245534e-07,0.0006204001828263168,2.8122918320786734e-06,0.9993668327822869,9.070457804046316e-06
7,mlp,9111,6,6,0.001062465807006358,1.3941756259532125e-05,0.00038064012184186756,0.004621294130919965,0.00044494834850917006,0.002270554534975254,0.9912061553004878
7,mlp,3771,1,1,2.436160870776803e-07,0.9999960068339,3.7487802494601755e-06,2.1092534562204448e-23,7.613946099163531e-10,8.369004213512292e-12,1.2210015663854006e-25
7,mlp,788,5,5,0.003564588296878167,1.1752627622350484e-05,7.679196924667787e-09,9.693138147486947e-05,3.662101508766634e-05,0.9962660804651412,2.4018534598884593e-05
7,mlp,9385,6,6,0.003318824965453774,2.3383886209811704e-05,0.0015887869984276967,0.0010857843016816697,0.0001946068598734883,0.014209936119830948,0.9795786768685226
7,mlp,2918,0,0,0.5312312211714048,0.0005848131969852566,0.46503327790228655,7.457168764964901e-08,0.0008882004731811506,0.0021748292671225594,8.758341733198646e-05
7,mlp,2157,0,0,0.9969026865491184,5.283718792735195e-05,0.0008504777716503281,1.3152926709055132e-06,0.00017913412787543914,0.0011675996491643155,0.0008459494215931028
7,mlp,2573,0,2,0.3127157080652398,0.0031100051926516914,0.6698667118004666,4.026017875157974e-06,0.0005771560254098459,0.010418382654567501,0.003308010243789109
7,mlp,12497,3,3,2.2546573369297644e-06,2.6298435188858375e-06,2.55820890295484e-06,0.9515423527135201,0.0005463486368444677,0.0005247211086636815,0.04737913483121329
7,mlp,4787,2,2,0.0030243862629021653,1.4997048580132969e-05,0.9795193729537885,6.886786353562584e-09,0.01730261577082455,9.536230748598825e-05,4.325876963223375e-05
7,mlp,7074,4,4,3.606664490049093e-06,1.972863424378787e-08,3.683639175348937e-05,8.451122404246132e-09,0.9999528308825623,3.251969112778087e-06,3.445912324704331e-06
7,mlp,12321,3,3,4.7167668522824905e-06,4.74225740286359e-06,7.598539445252309e-06,0.924608990631259,0.0004336757317799301,0.02023274285517184,0.054707533218088855
7,mlp,5274,2,2,0.0010552366283523103,0.00023577891088881952,0.9985627443627987,6.282154086229157e-10,0.00013998215361085367,5.839503760131284e-06,4.1781237375805535e-07
7,mlp,12656,3,3,1.5674610764492017e-05,7.765018070775585e-06,1.2895996988099282e-05,0.6194237033100819,0.0009461406791670015,0.0034848598711486635,0.37610896051377907
7,mlp,6552,4,4,0.00010909374430877243,9.075648250150548e-07,0.00010069284110441037,1.1993128245441647e-05,0.9880668031936385,0.0001143978026004467,0.011596111725277322
7,mlp,323,5,5,2.966053822422635e-08,7.122476953168241e-08,1.7429969746073933e-08,1.4301575308166851e-05,4.82843780791353e-07,0.9999847797835781,3.17482055412322e-07
7,mlp,7455,6,6,1.524955995181115e-05,8.690113051219317e-06,1.0520006886953675e-05,0.4300777430074718,0.004531870894613233,0.00025826259485864665,0.5650976638231663
7,mlp,823,5,5,7.667299973965492e-07,7.230403103186225e-07,9.59457306741257e-07,0.00017795522268491,4.285764136060028e-06,0.9997907305556187,2.4579229946073934e-05
7,mlp,12158,3,3,1.099840971104718e-06,1.503825853121948e-06,1.5579573207804461e-06,0.968961897712965,0.00036737555846604736,0.000807862901481077,0.029858702202942802
7,mlp,8119,6,6,0.00016350808316487945,1.9885494324505425e-05,4.41358840843715e-05,0.029810108598534148,0.0031955694383357146,0.0001370092853474508,0.966629783216209
7,mlp,4146,2,2,0.016005414160158722,6.315240209707887e-05,0.9771277090049165,1.5179616471036786e-07,0.006025791394546123,0.00020178476445077554,0.0005759964776661958
7,mlp,11600,3,3,7.031865674577468e-08,2.1025212882891897e-07,1.0627838542211642e-07,0.9950129689727422,0.000270008813221141,0.00012547953088795625,0.004591155833977935
7,mlp,266,5,5,4.340956177551172e-07,1.712743990732155e-06,2.1944471594959668e-06,0.005603889164017287,1.629098770326351e-05,0.99425845569885,0.00011702286266148141
7,mlp,11911,3,3,1.2437120463956003e-07,3.233076502198833e-07,2.651618557063277e-07,0.9933694394402677,0.00024353802010947784,0.0002473859550202557,0.006138923743892075
7,mlp,8319,6,6,0.0006793970900402295,1.9024700498180037e-05,7.324753469849845e-05,0.11088876835427841,0.004524971076670531,0.00795943056732366,0.8758551606764905
7,mlp,9860,6,6,0.03003989600841239,4.0638071484697786e-05,0.008332953179167631,0.00021526299929087005,0.0004741363467457485,0.003360194671160749,0.9575369187237378
7,mlp,12176,3,3,6.979175673994675e-06,5.385449396343752e-06,2.169061621914405e-06,0.7363448891736234,0.0055201448142415495,0.00021079926725466443,0.2579096330581883
7,mlp,12318,3,3,1.0123614683483046e-06,1.304826320807854e-06,1.3416785106028947e-06,0.9656789306717282,0.0006401946665480869,0.0007205417319274973,0.03295667406349641
7,mlp,550,5,5,8.12004175427488e-07,9.931571209340884e-07,7.959070368095245e-07,0.0003734444474581672,6.559628626278795e-06,0.999595568365543,2.1826490039549552e-05
7,mlp,8702,6,6,0.0004667098686730554,1.0944943540527445e-05,0.0003290675094544781,0.003232518066879581,0.008362745758194968,0.00019952064872343802,0.987398493204534
7,mlp,4021,2,2,0.07275173522991266,0.00012418070526946676,0.87668543094603,1.883460617673081e-06,0.03512517637075494,0.0011837595816318,0.014127833705783606
7,mlp,12935,3,6,9.385359493163037e-05,2.1361973669277834e-05,3.9953571253828234e-06,0.30076636845298793,0.05326906242352572,0.0006427554254562765,0.6452026027723037
7,mlp,7604,6,6,0.00011742797405910327,2.325082070065165e-05,5.0808527398686306e-05,0.27953088022276185,0.0017667801214953254,0.008173734041280991,0.7103371182923034
7,mlp,13412,3,5,0.00019098721103251998,6.244080372371312e-05,0.0002524603960326585,0.2562030853297477,0.0013430176996768906,0.636607471515091,0.10534053704469536
7,mlp,2496,0,0,0.9999660708571967,1.2426413697552542e-06,1.0328564932911927e-06,8.846082612778768e-11,5.328995219666093e-06,2.6210003622842604e-05,1.1455763677947643e-07
7,mlp,11670,3,3,4.3623030814407897e-07,1.4288435186208767e-06,1.6859246045599245e-06,0.9719820815766809,0.00014785184563408907,0.023053851523370385,0.0048126640558832905
7,mlp,1336,5,5,5.74085076890082e-05,1.9922304239728242e-05,7.992573727502549e-05,0.005271179166862682,0.0001138906664338719,0.9893971994574496,0.005060474160050013
7,mlp,5411,2,2,0.044766332121176436,0.00775683491618421,0.9472833933368789,5.270287719346806e-10,0.00011961229805681287,7.374160474059359e-05,8.519593413920962e-08
7,mlp,11286,3,3,4.08484055955711e-08,1.5178253232559528e-07,6.142091843439272e-08,0.9952245095853725,0.000363259629863829,6.833439923548198e-05,0.004343642333671636
7,mlp,13213,3,3,6.057039812613533e-05,5.014131839470161e-05,0.0001721192083701192,0.47669402475789396,0.0013036111115202645,0.42297065016261887,0.09874888304307602
7,mlp,1364,5,5,1.549786554638329e-05,1.0647518152451657e-05,4.648923499669214e-05,0.0036889249469436664,6.850083994337798e-05,0.9942995343483076,0.0018704052461098978
7,mlp,699,5,5,4.7801765092303e-07,5.641726038941888e-07,5.055118095078264e-07,0.0001495559202926849,3.677573058680304e-06,0.999834819943706,1.0398860878133568e-05
7,mlp,5880,4,4,8.977534435769653e-05,3.7063095705843216e-06,0.0001366637511170962,0.00023666505929922246,0.9647388741629526,0.00011888305602725157,0.03467543231667561
7,mlp,6278,4,4,0.09101154431534736,6.779925705244624e-05,0.0052084710764415615,0.0006804504664176205,0.7750569652768204,0.005273968463948929,0.12270080114397156
7,mlp,11064,3,3,3.055853441248817e-07,4.022867563322498e-07,8.689928964229985e-08,0.9912306071345971,0.0002552794125815427,0.0001334713101728799,0.008379847371258397
7,mlp,9334,6,6,0.002485246883679059,1.1687430713546036e-05,0.0005172266458746387,0.0005560141972017321,0.0002986990387277092,0.0007541740312549811,0.9953769517725484
7,mlp,7880,6,6,7.388794188654419e-05,1.2453504445681526e-05,3.63787785516738e-05,0.0545767669236598,0.004404644781300918,0.0002614471683867228,0.9406344209017686
7,mlp,2577,0,0,0.9988029764819217,0.0006218302723540554,0.00022505124278176733,2.435506197761944e-08,1.88663857757804e-05,0.00032907588355703067,2.175378547858281e-06
7,mlp,12434,3,3,3.0879967059270815e-06,4.423144564930332e-06,6.297055463859074e-06,0.958675714741294,0.0004366294125341419,0.0019258922161925168,0.038947955433244565
7,mlp,13081,3,3,0.0003185548570724638,6.815311906923528e-05,0.00010849645940570721,0.550703975070437,0.003468127676118005,0.08856554762804819,0.3567671451898493
7,mlp,11805,3,3,1.819553402862261e-07,1.658263321498066e-07,2.3222894403746256e-08,0.9633726768320294,0.014125804314503504,2.470818718639533e-05,0.022476439661714025
7,mlp,10885,3,3,4.340772932285484e-09,4.1972968884088373e-08,1.8043941915321604e-08,0.9995505970840252,2.7137129829802143e-05,8.866897873730955e-05,0.0003335324497240423
7,mlp,10948,3,3,1.81271966513143e-08,9.369181879664595e-08,2.1311599876664837e-08,0.9979146539429979,0.0002105071493928086,1.5577660002597425e-05,0.0018591281169912251
7,mlp,3713,1,1,1.2792388621281776e-06,0.9999987106468846,1.004762388227701e-08,1.3672456995721034e-22,7.234997237535382e-12,5.939416338545154e-11,2.1791965881115616e-25
7,mlp,3273,0,0,0.9995446339014687,0.0004111099562864872,1.101855285689627e-06,8.883260071482195e-12,2.106958831827628e-07,4.294351071238522e-05,7.148006377925558e-11
7,mlp,12642,3,3,4.1724612880330254e-06,7.054559499174966e-06,1.3264324491614175e-05,0.939787647397984,0.0004319242381595163,0.034439556783913014,0.025316380234664704
7,mlp,11736,3,3,3.925133382461952e-07,8.569254773867239e-07,3.041716711741075e-07,0.9653036218539183,0.0013488672862013874,2.525551760839862e-05,0.03332070173178506
7,mlp,822,5,5,2.09695640599606e-07,4.1782492668157427e-07,2.389662394391121e-07,5.6547450774448834e-05,2.455867884551326e-06,0.9999357346860894,4.395508444762404e-06
7,mlp,6775,4,4,1.7899087290455918e-06,4.584943732232786e-08,1.3162597713246841e-05,2.250499504885761e-07,0.9999035199398392,4.0369229703596785e-06,7.721973136031523e-05
7,mlp,9171,6,6,0.0004965628372047702,1.3016582900032116e-05,0.000922289302648268,0.0008310887739772092,0.005182822535412863,0.000184381061340017,0.9923698389065169
7,mlp,1346,5,5,8.649771260419459e-05,4.273663854965861e-05,0.00019893351952026864,0.08367470806165175,0.0005959994344395943,0.8825606618888524,0.03284046274438203
7,mlp,9903,6,6,0.005789655984889042,6.634705788105545e-05,0.05574257180505182,0.0007346929425375441,0.19234239001534378,0.0020367803591862287,0.7432875618351105
7,mlp,3719,1,1,2.5205462061540423e-07,0.9999990162078505,7.315620273667192e-07,1.1014114474458812e-22,1.6732619409659587e-10,8.17552388809536e-12,7.28247382512415e-25
7,mlp,3181,0,0,0.9692091053958327,0.00039808838334142544,0.030203880524117353,2.804703408793341e-10,0.00011993805638483353,6.882159905574277e-05,1.6576079778238409e-07
7,mlp,11410,3,3,1.0054651473598619e-07,4.1389733744824395e-07,3.072917020007948e-07,0.9955368405800397,7.363540938492079e-05,0.002255535636674365,0.002133166638346696
7,mlp,9114,6,6,0.00021774272309983832,2.6987931057675504e-05,0.0005064350711038611,0.005749006806818986,0.08345615257211199,0.0005859396150574347,0.9094577352807501
7,mlp,13039,3,3,5.381216587281817e-05,1.088085666918238e-05,1.0856438359172103e-05,0.6964898541564728,0.0027023008016720494,0.004490225017375937,0.296242070563578
7,mlp,4462,2,2,0.023190460034634562,0.003745000052156009,0.5300595160639303,2.0228319457683672e-08,0.4405329207721977,0.002419026592357932,5.305625640409993e-05
7,mlp,1193,5,5,3.024995046506669e-05,1.3712624517886414e-05,7.651846578631177e-06,0.0005610006970870457,3.901309109159802e-05,0.9988335950186468,0.0005147767716130377
7,mlp,600,5,5,6.73111799792084e-07,1.5576980900425522e-06,3.2127709613099285e-06,0.0017880193460057525,1.122130766969497e-05,0.998108288591184,8.702717428944107e-05
7,mlp,3880,2,6,0.06431866082288089,0.00022103701539447838,0.26360960819561413,9.187068596375459e-05,0.051057866451560366,0.0018071450228681306,0.6188938118057183
7,mlp,4879,2,2,0.01953369336031482,9.884895586979408e-05,0.9783951186993876,4.92529615321405e-09,0.001874846860360738,8.985319463129464e-05,7.634004139539955e-06
7,mlp,2547,0,0,0.9995795949751162,6.923581150876134e-05,4.268972349693182e-05,7.476140562363466e-09,3.5791392318792366e-06,0.0003042924887696763,6.003857359072472e-07
7,mlp,1623,5,5,6.197408109195818e-05,2.706038871050397e-05,0.00021120694200529045,0.008297266173829504,0.00017727987322745955,0.9825309877639443,0.008694224777190951
7,mlp,7441,6,3,1.4414000602417441e-05,6.847765078280237e-06,8.752439360273793e-06,0.8003697056007432,0.0022511136103423998,0.0015690132924959881,0.1957801532913775
7,mlp,12503,3,3,3.0057642418386802e-06,1.7229405485472237e-06,6.994959342821114e-07,0.9087736979219906,0.0035409559031799177,0.00020886209796348453,0.08747105587614126
7,mlp,1876,5,5,0.2725659701474355,0.0008940400970279919,0.002131331987873053,0.0026540518047897324,0.0017803815644241527,0.6543631568818328,0.06561106751661676
7,mlp,6669,4,4,6.817879415510745e-06,2.763653271147996e-07,9.608496680752306e-05,6.880784934460647e-06,0.9994893021725545,3.6861646539585675e-05,0.00036377618442122456
7,mlp,10365,3,3,3.147714233031916e-09,2.7020788110870157e-08,5.161985483639978e-09,0.999344250315988,8.459254852234187e-05,1.3072572681590727e-05,0.0005580492323201927
7,mlp,7906,6,6,4.9465038880916344e-05,9.307973983117478e-06,2.5825750832704937e-05,0.3513258091725161,0.024528159659261466,0.001429875790182019,0.6226315566143437
7,mlp,3575,1,1,1.006063444914567e-05,0.9999897085102866,2.3047078200555813e-07,8.954982543555652e-21,1.5590129861877428e-10,2.285810080254718e-10,9.631589038229735e-23
7,mlp,6132,4,4,0.0005374937225510755,7.316962435117836e-06,0.00535017867743144,1.2809341267963836e-05,0.9652011568965749,0.00017698147611977324,0.028714062923619648
7,mlp,2650,0,0,0.9994931343855868,5.41967047357795e-05,0.00041288625738596053,3.2474641159234315e-09,4.665252641645922e-06,3.4427291051641644e-05,6.868611339477712e-07
7,mlp,6667,4,4,0.0049206063528897896,4.2658524303016215e-05,0.04922109971892071,7.516297386752189e-05,0.873131805379005,0.0013302866700033173,0.07127838038101053
7,mlp,2372,0,0,0.8833485846636234,7.305202661344568e-05,0.10593548126315529,7.751184070260779e-07,0.00447189755649843,0.003433666887544575,0.002736542484157632
7,mlp,2890,0,0,0.9998122166445036,4.306756938093088e-06,0.00012602747471916878,1.5967720314518543e-10,4.5446744909321025e-06,5.2725025248384235e-05,1.7926442240855497e-07
7,mlp,6024,4,4,1.9945566421321994e-06,1.2962696984076016e-07,9.848101878826628e-06,2.9133053807986164e-05,0.9995752149996902,1.601800970104813e-05,0.00036766165130991125
7,mlp,9170,6,6,0.0035127280394334614,4.880635409232948e-05,0.0017585775897057316,0.004884058514997256,0.00047597076328163504,0.025964782302111196,0.9633550764363785
7,mlp,6568,4,4,4.1444349152790223e-07,7.827179557632462e-08,4.375644743089496e-05,1.825443412918648e-07,0.9998422340190751,1.6242552411892337e-06,0.00011171001862447772
7,mlp,11085,3,3,5.43721226513427e-08,1.9732993191553964e-07,5.688843084087907e-08,0.9867539699492148,0.0009793562668489531,1.8862884354483934e-05,0.012247502309096367
7,mlp,8002,6,6,0.00021026691278512973,1.83046301788301e-05,4.742894852352108e-05,0.32477466468346705,0.003657994355831569,0.009641070203577932,0.6616502702656359
7,mlp,4026,2,2,0.01095021251204374,6.569760144257586e-05,0.9782483636526129,9.342595236003372e-07,0.00630116875009276,0.0002821812072244336,0.004151442017059857
7,mlp,11059,3,3,5.3289930598637737e-08,3.7192680858273155e-07,2.5392419197032896e-07,0.9912902984168236,6.868823454542727e-05,0.007416623156802318,0.001223711050897605
7,mlp,9573,6,6,0.003462435683907088,2.253625757492959e-05,0.0015855221192659758,0.00030817211279555713,0.0034223760152639095,0.00024245330641385135,0.9909565045047787
7,mlp,7638,6,6,9.41163424301507e-05,1.8520318234735996e-05,3.629157014945982e-05,0.1915175743366429,0.00205288091627535,0.0027928629386662815,0.8034877535776012
7,mlp,4721,2,2,0.008302058671367256,0.00013424723033194364,0.991122302960455,1.6518042413011405e-08,0.0003500394519928,6.553976099876243e-05,2.579540681177861e-05
7,mlp,9030,6,6,0.00019867918077519657,5.5370354580335656e-06,0.00024137487911825474,0.0027896865776739655,0.00090565331845596,0.0005087845471110051,0.9953502844614076
7,mlp,10516,3,3,1.6518206234046368e-09,1.787027163829171e-08,5.315847415257452e-09,0.9996330285333929,4.7912353091821526e-05,1.2226489654852805e-05,0.000306807785921046
7,mlp,11120,3,3,3.4780554668121565e-08,3.915699961131506e-08,4.727380935011968e-09,0.9845351963370705,0.011060492112270283,1.1504512339267113e-05,0.004392728373384726
7,mlp,2796,0,0,0.9999881596602184,7.135188217654589e-07,1.148141560255915e-06,1.6917366225786554e-11,3.136144503529998e-07,9.654696581156937e-06,1.0351450857044348e-08
7,mlp,2161,0,6,0.29011815284075393,9.622781120151946e-05,0.02853777584540307,8.187056005756135e-05,0.042833099863791135,0.008097155368138303,0.6302357177106543
7,mlp,83,5,5,3.7432576352466573e-07,1.6756582279021126e-06,2.0054328066424005e-06,0.015677997373643376,2.1184866845469018e-05,0.9841792002305423,0.00011756211217073135
7,mlp,7742,6,6,0.00016212520173155585,4.240013589415218e-05,0.0002003958168370751,0.23407547291268832,0.0014591611920409767,0.023257878472975658,0.7408025662678324
7,mlp,1773,5,5,1.4367976336505927e-05,4.146248010708692e-06,1.3060114954496878e-05,0.00011484154327014122,2.1853590802035975e-05,0.999626883687764,0.0002048468388619885
7,mlp,10231,3,3,1.1034488173904193e-10,2.2150837410239146e-09,4.222337209951077e-10,0.999897876853793,3.746499251940582e-05,2.5412098609217875e-06,6.211419616426766e-05
7,mlp,8006,6,6,7.849567597526174e-05,1.4898918318730241e-05,7.495283664475452e-05,0.18885574785824435,0.0023278949412116807,0.001677869439839942,0.8069701403297653
7,mlp,652,5,5,2.0453307177569696e-07,3.902356894174803e-07,1.6888691020801095e-07,5.729884854398331e-05,2.2876169554941884e-06,0.9999358860050507,3.7638737783732565e-06
7,mlp,9336,6,6,0.0024486779612713384,4.1311378843407984e-05,0.0024974852618723743,0.0020923609536122483,0.00021227314314063898,0.021212882636111683,0.9714950086651484
7,mlp,5466,2,2,0.00025037144121564973,0.00025352388728373733,0.9994090845350126,1.0396135548098211e-11,8.639603448192017e-05,6.156813096899088e-07,8.410299940920215e-09
7,mlp,7144,4,2,0.02454145929127082,0.00011120026908635646,0.7131191297200001,5.5731935910130464e-06,0.25047571122368695,0.001342872998821809,0.010404053303542948
7,mlp,6762,4,4,0.00046090872410185806,5.594375624830212e-06,0.006559627455996032,9.979939253877864e-07,0.9759751333992722,0.00010068425166245925,0.016897053799417246
7,mlp,4234,2,2,0.001382109139745292,3.832850076381235e-05,0.9973249674212898,9.616982163712382e-08,0.0008049423414250154,3.479088700307364e-05,0.0004147655399510787
7,mlp,3697,1,1,9.350297412165888e-07,0.9999989599891912,1.0492099754825038e-07,8.789593939262012e-23,4.717880400202883e-11,1.2891056770274991e-11,4.169636055260041e-25
7,mlp,11360,3,3,2.2552877090574855e-08,6.22818838974377e-08,1.42338831997981e-08,0.9895586429001959,0.005408735473992532,1.0938592616459814e-05,0.005021583964550853
7,mlp,10869,3,3,4.539084654998666e-09,1.1973298730569088e-08,9.266600457810158e-10,0.9971682461404971,0.0013516836955698983,1.5049330076803281e-06,0.0014785477918816737
7,mlp,11486,3,3,5.887358863618944e-08,1.2203897833013077e-07,3.066824739414228e-08,0.9956224404715005,0.0005460428733532645,2.8991442234602722e-05,0.0038023136320971215
7,mlp,1309,5,5,1.3888772815883038e-05,6.445046156680332e-06,2.24246768619786e-05,0.0016579585616123276,4.239231275209961e-05,0.9974137734204315,0.0008431172093694497
7,mlp,2619,0,2,0.02213415705578535,6.151598062953748e-05,0.97501319549171,1.5108995939558376e-07,0.0018400120996312566,0.00021627252904874792,0.0007346957532359448
7,mlp,3207,0,0,0.9999993790122511,2.1396229074819997e-07,3.487123828523632e-08,7.972105770583466e-15,6.520118250864922e-08,3.0694533055286024e-07,7.698756343820253e-12
7,mlp,5246,2,2,0.028544474104752568,0.0010700394681704734,0.9701040132183886,1.2012875613455557e-09,0.00023167382202127232,4.9356225282919306e-05,4.419600966554025e-07
7,mlp,4845,2,2,0.0005398956163991831,2.4952359093265713e-05,0.9939503519736893,1.9337036378762265e-10,0.005471349281963062,1.220624353337004e-05,1.2443319514850789e-06
7,mlp,6632,4,4,0.0008382774847901818,2.420698000412339e-06,0.00027433391264992875,7.6266917195405835e-06,0.9864377465404569,0.00015605465254584498,0.01228354001983729
7,mlp,3395,1,1,0.0006429230559520724,0.9993186842150641,3.833601850733693e-05,8.904497924826968e-17,1.4110527198595055e-08,4.2599949279978255e-08,1.4291035573412446e-17
7,mlp,8840,6,6,0.0011339102260420515,1.8195907851571294e-05,0.000539804747752257,0.003040774033019221,0.00033130810840610695,0.003968304871790086,0.9909677021051387
7,mlp,5731,4,4,2.9476839242401402e-08,9.476099653314233e-10,2.538028702450131e-09,2.1503264657873566e-07,0.9999922871698845,1.8012830520622735e-07,7.28470668568393e-06
7,mlp,1293,5,5,1.1052030902350893e-06,7.248885330888719e-07,4.1099437290477453e-07,2.9358739894195786e-05,3.962406302352136e-06,0.9999547575374055,9.680230401697958e-06
7,mlp,5200,2,2,0.03089853196381183,0.0007331923309088505,0.9678743167565345,2.397942201272358e-09,0.0004508241872366375,4.002963135696222e-05,3.1027322089480652e-06
7,mlp,3364,1,1,0.008961514908706192,0.9876892995396152,0.0033475339239049944,3.3243564405625605e-15,5.427663071236342e-07,1.108861460462191e-06,2.6816326404436606e-15
7,mlp,6197,4,4,5.31937747429374e-07,2.3069931868611544e-08,1.0365332549793588e-06,4.5178651260541436e-07,0.999867901819539,1.7672854015021585e-06,0.00012828756761259244
7,mlp,5218,2,2,0.03335559416319137,0.0012975971474915395,0.9649306362431053,2.632362283547189e-09,0.00028399036380538336,0.00013143250839867378,7.469416456435825e-07
7,mlp,3485,1,1,3.984823057894374e-05,0.999908506507393,5.163422899085747e-05,5.19509994321182e-19,1.0230493593574e-08,8.025433614295343e-10,5.858489295951235e-20
7,mlp,6178,4,4,1.7798232266779203e-06,9.804829730067156e-08,5.1768497553410895e-06,2.7506433149423468e-06,0.9993563938121454,6.0016742809091784e-06,0.0006277991489794005
7,mlp,320,5,5,4.719204286106645e-07,9.845334465676987e-07,1.0193397854775948e-06,0.0009431149932139479,6.255898995208208e-06,0.9990166390211774,3.151429295265786e-05
7,mlp,7727,6,3,3.691379069190531e-05,1.5269199264855625e-05,3.217003324796342e-05,0.5112115180132413,0.003928601996258718,0.0009570269990412533,0.483818499968254
7,mlp,4056,2,2,0.07154774906263202,0.00020409527879457475,0.7906635403729088,3.315677361222957e-06,0.12891758836001033,0.004900790364739415,0.0037629208835537366
7,mlp,8116,6,5,0.0007498728744330144,0.00011936551933679158,0.0007436438457008039,0.13356782553815635,0.0016002333702552038,0.5693406553322043,0.29387840351991334
7,mlp,1100,5,5,1.2310783441945254e-07,2.5156591161508543e-07,1.0612999848095049e-07,1.6541124567209994e-05,1.428164255434001e-06,0.9999801956920108,1.3542154219808574e-06
7,mlp,12185,3,3,1.0625439062994353e-07,1.4697475347249648e-07,4.2676107693913176e-08,0.9867343510818938,0.0026066215898556426,3.075315826896765e-05,0.01062797826472976
7,mlp,6656,4,4,4.752329313611061e-08,1.5024236088731927e-09,1.014276407838863e-07,1.7800711705671234e-08,0.9999966389655969,2.679191000357126e-07,2.924861233860185e-06
7,mlp,93,5,5,1.6354362650875906e-07,9.313228079018727e-07,9.420404383092394e-07,0.005630883390828534,9.777676542990248e-06,0.9943002110901774,5.7090935578413777e-05
7,mlp,2177,0,0,0.8797523290073522,0.0007664816237672602,0.0877926444438827,2.050679727912915e-05,0.0003377879763107458,0.008710898982392537,0.022619351169015454
7,mlp,5123,2,2,0.39916559500919185,0.017101105100081813,0.582951167578214,2.4859282531080114e-08,0.0002083294805203732,0.0005691133644784844,4.664608230845934e-06
7,mlp,6738,4,4,3.590893728713074e-05,2.6175970897432345e-07,5.360516973615428e-05,6.203311184061822e-07,0.997660473762912,2.2232188999863357e-05,0.002226897850237416
7,mlp,5590,4,4,1.6425002345063117e-07,9.391083491789251e-08,8.680345909625719e-08,0.00031361951509066696,0.9977735616789228,3.7459337595698835e-06,0.0019087279079092593
7,mlp,7907,6,6,7.520387246756454e-05,9.277744327626774e-06,3.3766694369073316e-05,0.06709885133882111,0.006914628802823577,0.00044421954958115314,0.9254240519976098
7,mlp,5651,4,4,3.361442753769711e-08,4.880542543689074e-08,4.063802856883939e-07,1.0746733463553604e-05,0.9996080476559169,5.257702069931085e-07,0.0003801910402737079
7,mlp,874,5,5,2.7965116809444793e-06,3.5572383457945843e-06,9.245507408142279e-06,0.0026964413106423976,2.5569412510379806e-05,0.9969639417830404,0.0002984482363720264
7,mlp,6509,4,4,1.546737646950686e-06,4.103729673815917e-08,2.540424252696371e-06,8.079401262371635e-07,0.9997733569449689,5.7425083551749026e-06,0.00021596440735327738
7,mlp,1823,5,5,1.17503029263507e-06,9.892948162033913e-07,1.680532389069998e-07,2.1944946896921797e-06,2.6855534951024352e-06,0.9999917111870782,1.0763863893025892e-06
7,mlp,2028,0,6,0.00039577618325296345,2.6566227765667447e-05,8.699280894575333e-05,0.2490909736879844,0.0018680656873839919,0.009314334792733378,0.7392172906119339
7,mlp,10184,3,3,5.151896246781954e-11,9.081418549317482e-10,7.985438132199868e-11,0.999910417655011,5.3333650320133755e-05,1.0357906121453728e-06,3.521186454126621e-05
7,mlp,6463,4,4,6.67750265580415e-08,1.0212857198146372e-08,1.644522137397981e-06,5.894013542708959e-08,0.9999613939599389,4.6616413121893625e-07,3.635942577312727e-05
7,mlp,8380,6,6,0.00021518353362127242,1.688241343715182e-05,0.00018246781564042048,0.03184441561411943,0.000551698666754893,0.002163718894524595,0.9650256330619023
7,mlp,9757,6,6,0.02074204106600567,0.00019474888961955983,0.020601829211173504,0.0007062518000866011,0.00042246983829458807,0.025011529115841327,0.9323211300789787
7,mlp,12406,3,3,3.4972980271627566e-06,2.5525287318998885e-06,2.719437309444283e-06,0.9606031160088884,0.0003597595786148027,0.005219805183519305,0.033808549964908965
7,mlp,7279,4,2,0.000935037848365283,3.5476401045522885e-05,0.8169523534143605,3.5362860057776655e-07,0.18104170063590963,0.00017370406074717127,0.0008613740109713258
7,mlp,6879,4,4,2.343312516894146e-06,7.53223774835057e-08,2.4495203909476647e-05,2.541480115947323e-07,0.9995580670802725,7.900499782654761e-06,0.0004068644331291299
7,mlp,5350,2,0,0.5078400499905995,0.009768954465450452,0.48222162633472293,7.221515282791363e-10,0.00012276669803877325,4.6417874026145654e-05,1.8391501071430892e-07
7,mlp,10101,3,3,2.2766621015033817e-11,6.43875976738981e-10,9.20403269239382e-11,0.9999699092845957,1.3551053939931722e-05,1.2531271326236654e-06,1.5285775648917447e-05
7,mlp,5519,4,4,1.5799815382630185e-07,7.414027369456683e-08,4.900987775587088e-08,0.005728315818888037,0.9931009544409594,3.191190383241738e-06,0.0011672574014641771
7,mlp,10424,3,3,6.667195341992426e-10,8.596493580876444e-09,2.0301277532604312e-09,0.999828631509244,2.3746987924585064e-05,1.212325003371998e-05,0.00013548695945702407
7,mlp,6770,4,4,6.370745878086325e-07,2.5320300027620964e-08,5.6350701485724174e-06,6.869692360784243e-08,0.9998939402661077,1.7482286378997487e-06,9.794534329460737e-05
7,mlp,9200,6,6,0.0035531699172309233,2.177253972804854e-05,0.0004717742834051718,0.0013252505776626075,0.0008018141214723056,0.0002957611107019142,0.993530457449799
7,mlp,3022,0,0,0.9968846129756992,0.0012829097530074104,0.00149652531109682,3.4482475677802957e-09,1.4341704584464166e-05,0.0003212153631888118,3.914441754795703e-07
7,mlp,8183,6,6,0.0005439785627172969,2.1311109678291822e-05,0.00013262298674814092,0.04144609091339945,0.0017081269244848649,0.001457347147394425,0.9546905223555775
7,mlp,301,5,5,1.2252418236813545e-06,1.978406592154763e-06,1.935854531592526e-06,0.002086294630297403,1.3605641085140509e-05,0.9977553912528848,0.00013956897278499778
7,mlp,797,5,3,4.648946333357439e-05,3.0698851072830425e-05,7.628335019571287e-05,0.5871531893252382,0.00107261297427333,0.34856613735678404,0.06305458867910242
7,mlp,1853,5,5,7.656761110208183e-05,9.412482290908976e-06,9.029587969967487e-05,0.00038035755453933595,5.650905460086785e-05,0.9976318037281533,0.0017550536896138633
7,mlp,3159,0,0,0.9904826918286609,0.00016824819249128912,0.009183585584155085,2.9426056712087787e-10,3.913034860651925e-05,0.00012618470248845298,1.5904933727003256e-07
7,mlp,10212,3,3,4.1553602919163107e-10,6.499327865895824e-09,1.5408494709042255e-09,0.9998968683471687,1.5289830761571855e-05,7.438878714262181e-06,8.039448764215288e-05
7,mlp,7368,6,3,6.4832708137436e-06,4.424423084330672e-06,2.2643009019899057e-06,0.8486489115608088,0.0017527685114425416,0.0001726097290762788,0.14941253820387237
7,mlp,3678,1,1,3.2823207511670254e-07,0.9999792135211717,2.045646845323116e-05,5.935378943270482e-22,1.7631133245543386e-09,1.5186683304880397e-11,3.9278223397886446e-23
7,mlp,4904,2,2,0.022563776012207097,0.0002776195886232324,0.9758289414220015,1.1730231723802087e-08,0.0010969246432505767,0.0002273589486907891,5.3676549953371985e-06
7,mlp,5754,4,4,5.882339624902778e-07,4.0433848114309466e-08,3.516927371213127e-07,6.719548523328926e-06,0.9995547893433723,2.5585211624921122e-06,0.00043495222639427085
7,mlp,6692,4,4,4.03533377755483e-05,1.1825702170453827e-06,0.0009933135315042328,3.5131586383497935e-06,0.9978012185513733,4.9448280970825814e-05,0.0011109705695205273
7,mlp,7938,6,6,0.0004354564520103598,4.297992422752946e-05,0.0002795003234134041,0.07559627172812612,0.0008386912217413974,0.037976922350236274,0.8848301780002449
7,mlp,9254,6,6,0.00255260208653217,1.2125538260900617e-05,0.0005470183409179637,0.0011301713567009107,0.0002565615714800668,0.004112098222527058,0.991389422883581
7,mlp,8943,6,6,0.003689179171348374,2.5738935969334426e-05,0.0005933507463198633,0.006225785551377456,0.0007195701205598633,0.019069370590259344,0.9696770048841657
7,mlp,6304,4,4,2.8966849744634907e-07,5.60983000162777e-08,2.573159647752782e-05,8.442541839967341e-08,0.9993372456440437,1.154745747406417e-06,0.0006354378215154023
7,mlp,274,5,5,6.466993356593193e-07,2.9039184218625917e-06,4.617351390319061e-06,0.01489119429267117,3.3306067866895795e-05,0.9848776485512908,0.0001896831190232547
7,mlp,13256,3,3,1.1961676989887067e-05,6.789499649438645e-06,9.892392082950994e-06,0.695825522337372,0.005861007704374532,0.0007474344369159355,0.297537391952615
7,mlp,8906,6,6,0.0005240987793209976,9.39626256993012e-06,0.0002375735442558737,0.002833105977019641,0.00026733079684091213,0.0007885023543645115,0.9953399922856281
7,mlp,12339,3,3,7.715658091558757e-07,1.181150814713872e-06,2.1624407194025544e-06,0.9680468803617507,0.0002894664632610881,0.0033033403084486183,0.028356197709196344
7,mlp,4557,2,2,0.0944062986196992,0.0005142162733022406,0.8959876718227247,2.5117200537026125e-07,0.001514300837537316,0.007340827347252113,0.0002364339274794057
7,mlp,11589,3,3,6.614934277921057e-08,2.1319051425876026e-07,1.3638097354287751e-07,0.9946691442979669,0.00023736847665720753,0.00013748063988515012,0.00495559086466006
7,mlp,1702,5,5,0.00021613368669894738,3.784653538896936e-05,0.00027219191118586073,0.0025044247470806663,0.00017773578588140004,0.9796040020515925,0.017187665282171773
7,mlp,9291,6,6,0.00045379897677003887,2.4183444620866555e-05,0.000937711648069545,0.009340748296236122,0.0022086313593824144,0.0047495587197533135,0.9822853675551676
7,mlp,8549,6,6,0.0006204809320650557,1.6613388441582443e-05,0.00010013561772231101,0.043410637568114675,0.14812479788483987,0.0014352754213526314,0.8062920591874639
7,mlp,3043,0,0,0.999853717744482,1.4515872143501308e-06,9.421133772265558e-05,1.6070149045953093e-11,2.3692753833853114e-05,2.6864259065207128e-05,6.230161210038011e-08
7,mlp,12691,3,3,1.8581195092550126e-06,1.0385709115983802e-06,6.331595458813524e-07,0.9669805437831517,0.0014351980999556917,0.0004247903940025832,0.031155937872923187
7,mlp,3078,0,0,0.8787491335554034,0.0017053548550408403,0.11910409689934542,1.0924141649998492e-08,7.477249843706962e-05,0.0003643724689756767,2.2587986560138482e-06
7,mlp,8909,6,6,0.0011305012854324786,2.4511476151555592e-05,0.0005091854744500996,0.0016861074090434936,0.004016960666983957,0.00018373279473555981,0.9924490008932028
7,mlp,12204,3,3,3.0466647843369365e-07,3.457502357601291e-07,1.8624331813272826e-07,0.991473445254567,0.00039775831523600853,0.00016781642744640525,0.007960143342718249
7,mlp,6882,4,4,2.1299757971245684e-09,3.1824822173783077e-10,4.049216253363971e-08,1.6770930702380153e-09,0.9999996065254598,4.761876702224081e-08,3.012382933540573e-07
7,mlp,12777,3,3,2.2910038553711302e-05,8.697696591859175e-06,1.1970464498448257e-05,0.7759141922477499,0.0012171195792431107,0.004818387267197506,0.21800672270616545
7,mlp,2040,0,6,0.02137759618620464,8.247138784389469e-05,0.002009111622718328,0.0013612830619384366,0.0004911984502065776,0.002527052267249697,0.9721512870238385
7,mlp,10427,3,3,1.178599719990129e-09,1.1643653017684771e-08,2.5772537214544515e-09,0.9997178464347299,3.0316577943602246e-05,1.0939169415859074e-05,0.00024088241840411015
7,mlp,1367,5,5,0.000493231138524036,8.025525158988556e-05,0.00031383153346564344,0.04579296608485416,0.0010773460019209851,0.8882780612995441,0.06396430869010132
7,mlp,6731,4,4,4.133014633935684e-05,9.139123054026383e-07,0.0004747842523820683,2.7923015933807753e-06,0.9981921256856582,4.4145545607551074e-05,0.0012439081561141014
7,mlp,3278,0,0,0.9951748721457121,0.004302437193134032,1.5577078273891495e-05,1.728201499959064e-10,1.8952253652639152e-06,0.0005052175321996969,6.52494907229251e-10
7,mlp,5545,4,4,9.509691572281052e-07,1.197034817813052e-06,2.6441825172440666e-06,0.07977418145666396,0.887131811268293,6.124192194381862e-05,0.03302797316660703
7,mlp,12383,3,3,5.9317151583929196e-06,1.0436530085822592e-05,1.9691320806910864e-05,0.7731791751270045,0.0005685664069950969,0.19767828736029347,0.028537911539655656
7,mlp,4712,2,2,0.002087977945559732,3.615686477893627e-05,0.9955690850927791,3.4849766131414617e-09,0.0022802393930082413,2.0137363933496492e-05,6.399854964205717e-06
7,mlp,2769,0,0,0.994306457168423,3.945225783107348e-05,0.005004999099444071,1.5663068368290942e-09,0.0004947202463859555,0.0001510639530373782,3.3057085715602494e-06
7,mlp,3649,1,1,7.082239865330327e-07,0.9999879429167207,1.1346878791894643e-05,1.8514645009559678e-21,1.9342494766024423e-09,4.6251446279736466e-11,3.9413993254885267e-23
7,mlp,10612,3,3,5.407496913210121e-08,1.3529928741905243e-07,1.0443313838157235e-08,0.9953087059257082,0.000666144022112226,1.0147042519409554e-05,0.004014803192089969
7,mlp,5452,2,0,0.8232111149104572,0.031064285446689675,0.14550924865813575,1.5080209146841792e-10,5.102313519852707e-05,0.00016431929362834173,8.40508832857166e-09
7,mlp,10970,3,3,1.3240334103907626e-08,7.331320652318521e-08,3.507770183933572e-08,0.9983025684067753,8.470318952588434e-05,9.5072790190692e-05,0.0015175339822654408
7,mlp,12003,3,3,2.6408139783807166e-07,4.263570558674903e-07,1.9502718976080712e-07,0.9880378602003584,0.0004878454925673384,9.789061592728528e-05,0.01137551822550339
7,mlp,3039,0,0,0.6305895067356174,0.0028615711637328223,0.36585569148753583,2.9463453120608005e-08,0.00017301307941052386,0.0005055217318123197,1.4666338437974289e-05
7,mlp,11920,3,3,3.2102021066259895e-07,4.917775147810033e-07,1.7915900353076973e-07,0.9839294402546379,0.0005638252907344371,6.995593945538712e-05,0.015435786558443342
7,mlp,10925,3,3,4.6770549022411884e-08,1.3137208060451454e-07,1.54781231427819e-08,0.9696885164735728,0.006914876902800002,3.067502787542438e-06,0.023393345500086784
7,mlp,6044,4,4,1.161728818743886e-07,2.0285624241567205e-08,6.262184007151549e-07,8.392648338553454e-07,0.999862825021911,1.0178482472106633e-06,0.00013455518810086267
7,mlp,7642,6,3,4.26071227578202e-05,2.2519195385234114e-05,5.266097923858377e-05,0.766392830966437,0.0012305041497704592,0.006847568368873725,0.2254113092175371
7,mlp,5027,2,2,0.0023411853470275863,2.3437110337500586e-05,0.9789621855456293,1.2292679702186357e-09,0.018626931717699184,3.7169102415015456e-05,9.089947623433003e-06
7,mlp,6641,4,4,2.245441058885256e-07,6.9917473230638315e-09,7.311737518794541e-07,3.012209523280185e-08,0.9999738252903988,6.462384131804493e-07,2.4535639487737752e-05
7,mlp,12075,3,3,7.702994625074084e-07,1.0986902264233728e-06,8.835928947189852e-07,0.9703800961977322,0.0006433757128654526,0.0002999377764898143,0.028673837730329027
7,mlp,8184,6,6,0.00020458483371908805,1.0360498391298267e-05,6.854448000471236e-05,0.00945233260327978,0.0008919337348652959,0.00025180584274456583,0.9891204380069953
7,mlp,7832,6,3,8.389579871375583e-05,2.969777839236681e-05,9.992048550455582e-05,0.5079954015230762,0.002742753071521662,0.02222412830630907,0.4668242030364825
7,mlp,700,5,5,5.915408250327256e-07,8.040553301127617e-07,1.0930743228765071e-06,0.00032020668602789597,5.049968990556073e-06,0.99963943682191,3.281785259335488e-05
7,mlp,10471,3,3,1.0023340576434134e-09,9.772240009846187e-09,1.156051485332467e-09,0.9995436043845264,0.00017801906634565655,2.7606045386199375e-06,0.00027560401396391877
7,mlp,12825,3,3,8.000274500143198e-06,6.1217150008210675e-06,8.394544480751267e-06,0.8561963180211288,0.0012601397748525259,0.0012219322639153375,0.14129909340612157
7,mlp,8730,6,6,0.0002275071716978409,9.125715234302545e-06,0.0001819356133262084,0.007050367032144864,0.016412621007701796,0.00033625382498033064,0.9757821896349146
7,mlp,9276,6,6,0.0011949711832979662,2.4728610997033178e-05,0.001200899131065512,0.0022316405170847795,0.0003797431953924464,0.005851581096133571,0.9891164362660286
7,mlp,9954,6,6,0.05489067112689551,0.00021638216920260838,0.1173909468533125,0.00030000951534979003,0.002055708103524168,0.0174137208168836,0.8077325614148319
7,mlp,1176,5,5,7.578356069394303e-07,1.3682513107066123e-06,8.090379907219947e-07,8.694081949098752e-05,5.483455801277933e-06,0.9998831135828767,2.1527016922773566e-05
7,mlp,7967,6,6,0.0002555217499628932,4.884172454998296e-05,0.00010309546813457497,0.09339496508846716,0.0020931401492062652,0.00040935015231403416,0.9036950856673651
7,mlp,10496,3,3,1.1706637677979129e-09,1.0931893680108683e-08,2.1952124369031483e-09,0.9997262240160102,3.6753229837336214e-05,7.90443158846115e-06,0.00022910402479425304
7,mlp,5986,4,4,8.013105311064611e-05,1.0677076024276824e-06,3.0165901935566445e-05,6.99805463773675e-05,0.9649089894551949,0.00011276086040019616,0.03479690447537903
7,mlp,10208,3,3,4.888362782032923e-09,3.840023476478791e-08,1.3062064451664464e-08,0.999422370022575,2.4218704197407154e-05,0.0001503600964750818,0.0004029948260905939
7,mlp,5117,2,2,0.0023058169081033777,9.316958808517446e-05,0.9962989824070284,3.5816564665940615e-10,0.0012927845435152254,8.488436118938569e-06,7.577589832307841e-07
7,mlp,8191,6,6,0.00019453625644523086,9.828607210044757e-06,2.5847578845577754e-05,0.03434237127118425,0.01580838386954093,0.0004538617502706931,0.9491651706665033
7,mlp,9054,6,5,0.0036559914081468916,7.864254905895363e-05,0.001952491989646555,0.013987490292737308,0.001020681150221883,0.7034431026273524,0.27586159998283594
7,mlp,5467,2,2,0.0003731999252559319,0.00044133330130841493,0.9990332266334476,1.617968650078943e-11,0.00014830989962836982,3.925219119775093e-06,5.0050603678820684e-09
7,mlp,5882,4,4,0.16637858542042605,0.0004664692802534501,0.0001669749013047445,0.0002212191221638839,0.6254230281980309,0.18076740179426332,0.026576321283557722
7,mlp,10677,3,3,3.290120845762797e-09,3.074798865868036e-08,9.56602978677954e-09,0.9995925352917382,3.367353852178413e-05,2.403027669752385e-05,0.0003497172889033339
7,mlp,12652,3,3,2.580274470315528e-06,1.8435362551970429e-06,1.4919058638006357e-06,0.9457553536117131,0.0008368520664734261,0.000729507011070008,0.05267237159415408
7,mlp,11346,3,3,9.798243411914937e-08,3.2253256461349194e-07,1.0251226554085707e-07,0.9659070557914471,0.004532764947119121,6.49847663226987e-06,0.029553157757537307
7,mlp,12649,3,3,1.9642566321598133e-06,2.174305031640328e-06,1.6536276930791403e-06,0.8587602028448384,0.013223340948509674,6.211264210167132e-05,0.12794855137519334
7,mlp,4622,2,2,0.0341527854972243,0.0003606071792178443,0.9649168704436172,3.297938295867992e-08,0.00038875224818762005,0.00015099218615108106,2.9959466218996564e-05
7,mlp,10323,3,3,1.6592863848361274e-10,3.4899718522510635e-09,1.0728763195101098e-09,0.9999327468076077,8.467918068682358e-06,1.6903245390408555e-05,4.18773001562872e-05
7,mlp,705,5,5,6.713275959980364e-05,4.217866250625395e-06,3.4240190414671936e-07,0.00017270921557424582,1.6721162179932578e-05,0.9996940618926035,4.4814701887760364e-05
7,mlp,2824,0,0,0.8703569933747964,0.0013980575984833751,0.12719798836399981,1.1411189763383383e-07,9.608716837175454e-05,0.0009166824985341229,3.4076883917056835e-05
7,mlp,7276,4,4,4.0867249542530255e-05,1.7271250653540532e-07,0.0005419604713064943,8.648500996559857e-09,0.9993911118111013,1.0918664722357303e-05,1.4960442319781922e-05
7,mlp,5252,2,2,0.0051751121908625375,0.00038622318212902165,0.9940648237524665,9.279608659385446e-10,0.00030233120959698503,7.104550772273822e-05,4.6322926160259233e-07
7,mlp,4448,2,2,0.002334744401262761,6.49012490417876e-05,0.9960701199160279,1.522723989278474e-08,0.0014486587922201706,3.818971020684818e-05,4.337070400063399e-05
7,mlp,9905,6,6,0.05116685684089355,3.435237973759515e-05,0.004805949068309097,0.00021185410009764212,0.020165624848844148,0.002967178889353083,0.9206481838727649
7,mlp,7870,6,6,0.00010318427969599513,2.6791807449948275e-05,0.00010002626689164657,0.3188469388010855,0.0019785613890236824,0.011703795689777882,0.6672407017660753
7,mlp,11096,3,3,1.0284128233538297e-08,5.6877977124282356e-08,1.873824279936835e-08,0.9980679516442765,0.00029506823634174565,2.200920174427538e-05,0.001614885017288871
7,mlp,3087,0,0,0.9973414984072774,0.0021271343360479145,0.00023271764649944235,2.6866685057870136e-09,5.172136474592822e-06,0.0002933970220947277,7.776493739989466e-08
7,mlp,4391,2,2,0.0025700802707326518,3.153641386367218e-05,0.9843542716617595,5.369348349609469e-09,0.012948523674053669,5.13707393265788e-05,4.421187091564234e-05
7,mlp,2216,0,0,0.9998787172476913,6.19085352682638e-08,1.9897533392420254e-08,6.249016553269154e-10,9.866249179909528e-07,0.00012016143193190389,5.226448826444815e-08
7,mlp,8668,6,6,0.0007868959873575618,4.358551406029842e-05,0.00039682145200884447,0.08168365608298253,0.0019797394851266523,0.05507454969226645,0.8600347517861976
7,mlp,12735,3,3,6.193501889686394e-06,4.492207767582254e-06,8.295137805761368e-06,0.8696361561127485,0.0007023743957334319,0.003308076946371018,0.12633441169768386
7,mlp,3052,0,0,0.9985246310340131,6.641269358417484e-05,0.001317818386904517,1.2360780609181013e-10,6.031562065368926e-05,3.06468209511983e-05,1.753202853825956e-07
7,mlp,74,5,5,2.097528288615572e-07,1.6245179173793172e-06,1.7747268430015185e-06,0.019945307998371974,2.182049398620219e-05,0.9799509356659389,7.832684411346253e-05
7,mlp,1656,5,5,0.00042823298622942166,3.0070891378022784e-05,0.0001442901182728742,0.0009102544084725415,0.00011619198753092932,0.9897269431117913,0.008644016496324897
7,mlp,1343,5,5,3.888038893872212e-06,3.0469496833187524e-06,4.164120958165742e-06,0.00023276962439451032,1.3432294740303857e-05,0.9996266035747594,0.0001160953965703468
7,mlp,6685,4,4,2.904790651426735e-05,4.3572512409495906e-07,0.00035226498258758777,2.987329191621693e-06,0.9990815733162944,4.510760334637339e-05,0.0004885831369417996
7,mlp,2170,0,0,0.996369310967327,0.00015572969702488186,0.0006175363385260657,4.01034789392263e-07,0.0006967545848423685,0.0019207698716067608,0.0002394975058832655
7,mlp,8355,6,6,0.0006291833209473388,1.7437814805382873e-05,0.0001089744493390835,0.027714151100744266,0.002778442807321061,0.0009820044866808298,0.967769806020162
7,mlp,5961,4,4,2.0880995683865635e-06,4.1124330746783234e-08,5.096944739413053e-07,8.974269274032702e-07,0.999618793341326,2.7576695600450863e-06,0.0003749126438134947
7,mlp,339,5,5,1.343144864997239e-06,4.02191005011074e-06,6.655021496345411e-06,0.016061108677596494,4.283243461575586e-05,0.9835013830771728,0.0003826557342033091
7,mlp,2669,0,0,0.9999519645588149,1.915641873697131e-06,4.7363483369845606e-07,8.133359388892549e-11,3.3502381521871107e-07,4.529309697531815e-05,1.796235362769025e-08
7,mlp,4163,2,0,0.4967384260866918,0.0005687739369254506,0.49593870051243977,5.483971241008822e-08,0.005993170764982991,0.0006869731193905492,7.390073985686624e-05
7,mlp,11694,3,3,1.8705617660608398e-07,4.726506671997089e-07,3.5290749135060595e-07,0.9927752614344141,0.00016011089231690985,0.00034594162814923857,0.006717673430784554
7,mlp,688,5,5,5.731061177240645e-06,6.020515245102668e-06,1.1130039555032947e-05,0.004933526673601486,4.0145651366756196e-05,0.9943473066304084,0.0006561394286458046
7,mlp,11101,3,3,1.1096923464820047e-08,6.756181649802908e-08,2.5983370242079496e-08,0.9987038027248053,0.000129440865964709,3.5399018594628026e-05,0.0011312527485252736
7,mlp,11387,3,3,1.1428654910354683e-07,1.9691277297272335e-07,4.328135143533196e-08,0.9921664772805081,0.0012674229400464639,1.793203099907261e-05,0.006547813267772904
7,mlp,5015,2,2,0.00012312964148292413,2.049472092657866e-05,0.9967399130481759,1.4186822405943314e-10,0.0031094688615238807,5.894706028870512e-06,1.0988799939085436e-06
7,mlp,8557,6,6,0.0002846546713422481,1.7763576216018113e-05,0.00018053759346649284,0.0029384055567992116,0.0013894655955038649,0.00018440123424968608,0.9950047717724224
7,mlp,467,5,5,1.8454900392554425e-08,3.531130194586349e-08,2.06356368923776e-09,1.7480290450013642e-06,2.1846857228593808e-07,0.9999979442727153,3.339990137094375e-08
7,mlp,4194,2,2,0.10044703045219433,5.430933521791218e-05,0.884099042240616,3.1573254885323245e-07,0.010494108892729411,0.0013721441245961637,0.003533049222097121
7,mlp,13158,3,3,4.61161713749383e-06,1.731969177211528e-06,1.1026237263595936e-06,0.9044983266563528,0.01829576107541369,0.000614825934227117,0.07658364012396547
7,mlp,8239,6,6,0.0005354253294551199,1.8332751483144772e-05,0.00012451594146445274,0.012090727952776372,0.0006334870197912046,0.001460693612795999,0.9851368173922336
7,mlp,7770,6,6,0.0007549893475957741,5.185861188062431e-05,0.00013040327708866998,0.2175942500727377,0.002754469295732667,0.03491342197142291,0.7438006074235417
7,mlp,13351,3,3,0.00013707292533445562,2.1815032968742845e-05,3.839640032049565e-05,0.5445480732677601,0.0020859321339774944,0.005040981516726103,0.4481277287229126
7,mlp,9316,6,6,0.00821030990326535,4.2871108457422185e-05,0.0017278608710532145,0.0032588598813550708,0.0006091125206735083,0.032310835985311155,0.9538401497298842
7,mlp,454,5,5,2.0301911897804693e-07,1.0245098741747252e-06,1.9118078390034764e-06,0.002179018562551617,9.117012171907074e-06,0.9977761003991189,3.2624689325389715e-05
7,mlp,9732,6,6,0.04483094190079627,0.0001910305712649674,0.017819465943736977,0.0011180551452636984,0.0007187040387450515,0.03670934135381136,0.8986124610463816
7,mlp,2047,0,5,0.005655824913563602,0.00019182749483630563,0.007825762341336855,0.003558868409675308,0.0005784265784679936,0.5452332387743758,0.43695605148774425
7,mlp,12892,3,3,5.885691871548433e-06,5.004097831907116e-06,8.116477375218995e-06,0.9248514954336355,0.0005567391504164983,0.0026361686983498145,0.07193659045051959
7,mlp,8901,6,6,0.0003393867049313896,1.3642180411878978e-05,0.0002628554003897434,0.007216173322106979,0.0006830085498828156,0.00045810528691273873,0.9910268285553645
7,mlp,13127,3,3,2.984269992269368e-05,2.259355328654987e-05,6.217225696805312e-05,0.8148499337685703,0.0009428897961140113,0.07770488450106662,0.10638768342407172
7,mlp,9426,6,6,0.025229281588188504,2.9400108524460766e-05,0.0008914610458508822,0.0008106965294446991,0.0016185074774907472,0.0020369246166802826,0.9693837286338205
7,mlp,5387,2,2,0.0006870246945979501,0.00016169114353677057,0.9986607475171204,5.771128629234431e-11,0.00048494998840573246,5.5587311770082015e-06,2.7867450874375265e-08
7,mlp,6587,4,4,2.104003269598544e-06,9.621690257134533e-08,4.0819493044930367e-05,3.7830857119483573e-06,0.9998132774434123,1.5875365613044434e-05,0.00012404439204551394
7,mlp,4297,2,2,0.016277759113008588,0.00021805348346308462,0.9823626096215858,2.3649028769195374e-07,0.00047182367634821876,0.00017053913495280836,0.0004989784803537163
7,mlp,4842,2,2,0.14721068353175124,0.0012692020598164128,0.8500249048713481,4.7805774707313406e-08,0.00037934327137108004,0.00108742784970396,2.8390610234490937e-05
7,mlp,6356,4,4,2.3676112062301767e-06,1.1873550583178394e-07,1.0536792874639588e-05,1.9559043610892923e-06,0.9992211349909061,8.0997731516451e-06,0.0007557861919942074
7,mlp,7541,6,6,3.3254571768812516e-05,2.3700208339325304e-05,2.484842869164081e-05,0.2917557612740771,0.002552417704060438,0.00016281164994500034,0.7054472061631177
7,mlp,11743,3,3,8.108057323343098e-07,9.103396243688921e-07,3.19292301784731e-07,0.9763393895157584,0.0009689423030332334,0.00015795626311411443,0.02253167148043566
7,mlp,2430,0,0,0.9983921154311232,1.0803284162285168e-05,0.0009089296756922157,1.536870027363058e-08,0.0002617855033002267,0.00038353809750366974,4.281263951801649e-05
7,mlp,1726,5,5,0.37310603859724173,1.9413887680926427e-05,6.804455084239411e-07,9.133537609661283e-05,0.0003568157493932606,0.6256854676377701,0.0007402483063089623
7,mlp,2668,0,2,0.4260767207453996,0.00032287358933809585,0.5682869302741378,3.2874523224515997e-07,0.0012545919287064466,0.003410271317671127,0.0006482833995147215
7,mlp,325,5,5,3.7239516350992024e-07,1.2268129620000212e-06,1.530945204378426e-06,0.0022518882461510744,9.423762314805376e-06,0.997675107337696,6.045050050797054e-05
7,mlp,10976,3,3,7.387366234564378e-09,7.218672437966521e-08,3.447994198146876e-08,0.9993418655948514,3.4946556706655656e-05,0.00011507111363197923,0.0005080026807771107
7,mlp,9977,6,4,0.1334210405383291,0.0001343959479879742,0.021532512983117157,5.4177767841731434e-05,0.5571866823543838,0.0035278100217570707,0.28414338038658316
7,mlp,12747,3,3,2.491627276250978e-05,9.176883522473553e-06,1.3815548958749064e-05,0.7132853768963402,0.0009670164222544274,0.009921838000858418,0.27577785997530324
7,mlp,11073,3,3,2.0679250363835422e-08,1.7531702373643073e-07,1.254184724600787e-07,0.9979915680099242,4.0423457878598585e-05,0.0011138670883955274,0.0008538200290552761
7,mlp,1320,5,5,1.2909593324771453e-05,7.203414680014423e-06,2.3082306736621414e-05,0.001514366092324639,4.320295540917215e-05,0.997522638101423,0.0008765975361016516
7,mlp,3199,0,0,0.999528829437297,2.211094075846668e-05,0.00043437791479236806,1.6119631446279956e-11,2.674385076568497e-06,1.2001560627386892e-05,5.745328242154668e-09
7,mlp,13164,3,3,5.22941822096036e-05,2.35950237687014e-05,6.456361999573925e-05,0.6562781458691511,0.0009922723639863849,0.02515077732989127,0.3174383516109972
7,mlp,3065,0,0,0.4819684857539206,0.00038051286903839274,0.4777870180611116,3.550786941198705e-09,0.03949976128933624,0.00035849851088818637,5.719964918079406e-06
7,mlp,2482,0,0,0.9762768372208905,0.00010521718306678567,0.022115622766497495,1.1023723835217164e-07,0.00011005177908994091,0.0012860214887422615,0.00010613932447464627
7,mlp,3739,1,1,3.945976010127777e-07,0.9999994382728761,1.6707295578076178e-07,2.4432831405663127e-23,5.086335661917963e-11,5.7039463308149186e-12,1.3559292799280632e-25
7,mlp,5188,2,2,0.00010213402313465957,1.260254189862334e-05,0.9867688148428818,1.9395882270611823e-10,0.013111360161671146,4.780605784263331e-06,3.076306707527112e-07
7,mlp,2986,0,0,0.9998541983792106,5.338849624464993e-06,4.099050637920042e-05,4.4342095736133106e-12,8.850272343223358e-05,1.0956391345582901e-05,1.3145573747742137e-08
7,mlp,11979,3,3,6.81797451613433e-07,8.433572699624956e-07,3.7031131813899684e-07,0.9738767715264811,0.0006415587868609169,0.00020480155320843656,0.025274972667409787
7,mlp,5946,4,4,1.268335392885584e-06,1.5017651022156424e-07,3.826830346218233e-05,8.800724681378959e-06,0.9994987370336832,6.327633545873498e-06,0.0004464477927241883
7,mlp,12472,3,3,2.9397800355745855e-06,3.0216512194330113e-06,4.166250775800557e-06,0.9543355802873419,0.0004310064347918542,0.0051113177173381505,0.04011196787849727
7,mlp,4267,2,2,0.013773992733750537,0.00011238387877230254,0.984570986007322,2.2095263916459387e-07,0.0007748606987195925,0.0002042069310904671,0.0005633487977061338
7,mlp,400,5,5,2.687948518268547e-05,1.7244647983388327e-05,2.2686393481645706e-05,0.04718288865430962,0.00023089501647702727,0.9444545256239698,0.008064880178595956
7,mlp,593,5,5,2.3931775713039814e-06,4.567253860906079e-06,1.0699986324155937e-05,0.008071633125542944,3.822138512738918e-05,0.9913140657651215,0.0005584193064517174
7,mlp,3826,1,1,3.9975631151749974e-08,0.9999999018926534,5.811693568051112e-08,1.553965148750878e-25,1.435932682849473e-11,4.2037371288197753e-13,2.8090901653482563e-28
7,mlp,3047,0,0,0.9995385625763408,0.0001644175016064971,0.00027964206886795423,1.78396346306793e-10,3.889601888571382e-06,1.3448130285956017e-05,3.9942613830629884e-08
7,mlp,11124,3,3,4.143176575579488e-07,7.210990367746405e-07,1.2723036976708984e-07,0.9683176090846594,0.0009102434134982994,2.1857535539118966e-05,0.030749027319239224
7,mlp,9595,6,6,0.0022275619874828193,7.664004821130256e-05,0.007896995023492887,0.0007832394565593754,0.002523997555897354,0.0005893334197835974,0.9859022325085726
7,mlp,6926,4,4,9.134839408957435e-07,4.0836895815170764e-08,1.573576869029017e-05,6.239271470455056e-08,0.9998340568468667,2.4976538478139286e-06,0.0001466930170436194
7,mlp,8594,6,6,0.0002468127427296898,5.0152925419692336e-06,9.559972960379119e-05,0.0018390926015379315,0.00046818935779809604,0.0002858613939351683,0.9970594288818533
7,mlp,11516,3,3,1.9597414206213645e-08,4.9467519784414295e-08,1.48648490909742e-08,0.9986322727996548,0.0001439709837956331,3.587673550436134e-05,0.001187795551262107
7,mlp,11819,3,3,3.054133736435798e-08,9.522554701608207e-08,3.7975827911756386e-08,0.9940966647621791,0.0012052354608046952,1.6941606832912966e-05,0.0046809944274710065
7,mlp,9546,6,6,0.011087571591293137,3.246107946990291e-05,0.0028936804614442696,0.0005596183928598163,0.00029459613209782524,0.011765504568360917,0.9733665677744741
7,mlp,614,5,5,2.8887216236127094e-05,1.5628995705946527e-05,2.792227989897922e-05,0.020854905311892255,0.0001550035176222823,0.9734271468124924,0.005490505866151817
7,mlp,12597,3,5,5.463227288316359e-06,1.4071836066556063e-05,2.7094168132483798e-05,0.19437634171846627,0.0002938678757407166,0.7988211160958566,0.006462045078449099
7,mlp,5934,4,4,8.593082574346274e-07,1.712993131861437e-08,1.3213817246526925e-07,9.61361879336412e-07,0.9999004068710673,1.6540932967016296e-06,9.596909739529281e-05
7,mlp,10019,3,3,2.178737191931241e-11,3.759325833174937e-10,1.7957435433443595e-11,0.9998933934644141,5.83142944015452e-05,8.921249214669969e-08,4.820261301493555e-05
7,mlp,11929,3,3,3.7623986647590295e-07,7.167474555365138e-07,7.291718063246011e-07,0.9722609305640544,0.00036918510133580857,0.0006163416542127296,0.026751720521268438
7,mlp,10644,3,3,7.633083463589864e-10,9.49590873439076e-09,2.918105312688454e-09,0.9998263373228866,1.865062297090963e-05,1.95421724589637e-05,0.000135456704361048
7,mlp,12921,3,3,8.552424019618071e-06,5.043468553809787e-06,8.029970232440014e-06,0.9002273028337684,0.0011354224698398765,0.0039287062825680685,0.09468694255101794
7,mlp,6625,4,4,1.6981004771713212e-05,2.7595041301071597e-07,3.373152234919132e-05,4.639192810326618e-06,0.998148943156444,3.971660605981016e-05,0.0017557125671518684
7,mlp,1778,5,5,0.000688695865731683,6.283701171796294e-05,0.0004346355601552963,0.0019271944184256456,0.000278731011345066,0.9751727379810988,0.021435168151525533
7,mlp,13073,3,3,1.5159276115922483e-05,1.0157336701756131e-05,1.8255855809709334e-05,0.7887664669189713,0.0014303372888505243,0.0014175784997193393,0.20834204482383117
7,mlp,966,5,5,2.825125000889996e-07,5.688747250876845e-07,7.474142414543495e-07,0.00013545441651336231,3.3505660399295787e-06,0.9998460985024384,1.3497713541516578e-05
7,mlp,6362,4,4,9.0722339633901e-06,1.877175411013635e-07,1.174440616646232e-05,2.896506560395595e-06,0.998157755463774,1.5730132667129798e-05,0.0018026135393275171
7,mlp,5899,4,4,3.8945653787459977e-07,6.309182302292599e-08,1.7989568132980876e-06,6.391377689462303e-06,0.9998309253461914,3.0175039949438062e-06,0.00015741426694984356
7,mlp,10108,3,3,9.984985743923153e-12,1.6612753736681187e-10,5.353806781108925e-12,0.999184378691635,0.0007857387074300039,5.0915765369352646e-08,2.983150370340462e-05
7,mlp,691,5,5,2.7004380773758844e-06,4.223993914938045e-06,9.808213671015687e-06,0.005251390335349052,3.4218591186543916e-05,0.9941286670207851,0.0005689914070160368
7,mlp,2048,0,6,0.009591444910386267,7.490056668668601e-05,0.002293591002831323,0.0010944491853236511,0.0005512368178100973,0.0006716773069766911,0.9857227002099853
7,mlp,2091,0,0,0.9846039835576039,0.00010805638477596192,0.0006655556349641963,2.2227318803859013e-05,0.0002394507849596336,0.0124042841425545,0.001956442176337752
7,mlp,9750,6,6,0.018972958349803653,0.00016406629833322792,0.01914998903751502,0.0005164302475186793,0.00030290470482772017,0.013631843725516802,0.9472618076364849
7,mlp,4621,2,2,0.011072878299617804,0.000141676780503326,0.9828673847881239,1.8365729019202176e-09,0.005855180965100726,5.649850660851679e-05,6.378823472729126e-06
7,mlp,322,5,5,1.4366839106290243e-06,6.322668514768201e-06,1.2141700145619354e-05,0.07437785653316319,0.00012314280339373006,0.9241472971889707,0.0013318024219015699
7,mlp,6824,4,4,2.483015391074119e-05,3.7335243280634633e-07,0.00013502616978563328,1.0949160939367756e-06,0.9988756536354336,2.624740844738619e-05,0.000936774363895806
7,mlp,2818,0,0,0.9998259965290137,7.599571178537213e-05,5.044590662643689e-05,6.07170949334845e-10,3.160549870814234e-06,4.425973967726619e-05,1.4095585517460924e-07
7,mlp,6321,4,4,0.0005875859500659061,3.2702779227872506e-06,0.0002934678409860935,2.639598416403648e-05,0.9552798071852892,0.00018218025959659004,0.04362729250197536
7,mlp,13374,3,3,6.554437224907206e-05,2.821629417520859e-05,8.401170815157447e-05,0.6365741873364603,0.001552121741368727,0.017011326021518888,0.34468459252607625
7,mlp,1767,5,5,4.931767725873688e-05,8.86131827106877e-06,2.3050333126464403e-05,0.00015928016439864935,3.3597149415803274e-05,0.9990561852616131,0.0006697080959161158
7,mlp,12000,3,3,4.281219355330509e-07,1.3104696359876881e-06,1.4338846041322487e-06,0.9876813016274651,0.00014612342025026111,0.006234102693453833,0.005935299782655016
7,mlp,9749,6,6,0.0073450073605293474,1.432116590746045e-05,0.0017316325708399694,0.0001993429520890065,0.0004197366348992094,0.0014512162396014192,0.9888387430761336
7,mlp,8657,6,6,0.0020629638852136044,8.396167396866989e-05,0.0014953685946497157,0.021397258020909388,0.0007731226655774755,0.0600459952994324,0.9141413298602489
7,mlp,13523,3,3,0.00020521979720217182,5.38738573608418e-05,0.00020905216004201934,0.5248978314876384,0.004253979766058516,0.06687504407484182,0.4035049988568562
7,mlp,9021,6,6,0.0005676909968277534,1.0016180916084221e-05,0.000279829017175811,0.004720600354595798,0.008268524060177716,0.0007293370735395291,0.9854240023167673
7,mlp,13293,3,3,2.9677666905404718e-05,1.550313773644919e-05,3.960195876604799e-05,0.7815814896275968,0.0013118140600317765,0.010462312147587869,0.20655960140137575
7,mlp,820,5,5,6.309987033886725e-06,3.0817572650512126e-06,3.415648732475009e-06,0.0005797217265360573,1.5441088916903012e-05,0.9991716316814049,0.0002203981101107452
7,mlp,9814,6,6,0.00521250286091319,4.1358517073956324e-05,0.02086074831772776,0.00039960378482132935,0.011526600374465502,0.0005489036481950037,0.9614102824968032
7,mlp,1648,5,5,1.2999323968811556e-05,5.566896865562e-06,1.1888351300477053e-05,0.00021229775594320936,2.1889262732887878e-05,0.9993651159655549,0.0003702424436340838
7,mlp,6604,4,4,7.857586379291933e-07,1.8457909830407083e-08,1.4742996385221257e-06,4.344911142352802e-07,0.9998639945349914,4.492414641459594e-06,0.0001288000430666199
7,mlp,5794,4,4,1.1724281755962671e-07,4.449516272753795e-09,1.711779961004624e-07,2.6724897361860888e-06,0.9999720582785837,1.158679888781111e-06,2.3817681461414976e-05
7,mlp,4757,2,2,0.020228283657406258,0.0002028264254695529,0.9790791935723107,1.812685091939994e-08,0.0003618539648885957,0.00010566651045284124,2.2157742620955928e-05
7,mlp,10868,3,3,7.493511110741726e-08,2.2909087545963295e-07,9.288222944759367e-08,0.9965519470585316,8.453535540831345e-05,0.0005425988266914614,0.0028205218511527463
7,mlp,11626,3,3,1.0161074945012941e-07,5.986317716465039e-07,6.39830820202526e-07,0.9872783421991025,0.00011286282186667146,0.010093783942962975,0.002513670962726484
7,mlp,4213,2,2,0.0009010705448249712,2.338472351850241e-05,0.9803953001503278,1.5169816317348084e-07,0.01812812818074786,8.710740327202728e-05,0.00046485729914574024
7,mlp,8123,6,6,0.00033778066465585963,1.2351919086609866e-05,2.0629455733534388e-05,0.09106136832658955,0.021398627066955805,0.001291680887506748,0.8858775616794718
7,mlp,3724,1,1,1.2390151085057078e-06,0.9999987357014737,2.5250392376322263e-08,1.0329068899692984e-22,8.899293345383896e-12,2.4126203417910697e-11,2.7842184955178128e-25
7,mlp,3827,1,1,4.920242350926409e-08,0.9999999304201348,2.0372523355312444e-08,2.572191396798421e-25,3.5938247020580617e-12,1.3245208782163032e-12,2.5643032675107497e-28
7,mlp,13542,3,6,0.000242767521606448,1.589813636754769e-05,6.70711388215032e-05,0.10894616992801576,0.004849778266590234,0.00199174009210208,0.8838865749164965
7,mlp,461,5,5,5.3827772289522556e-08,1.729116961573966e-07,1.414427323656676e-07,9.869939490645895e-05,1.4453449999610182e-06,0.999897934261241,1.552816651794022e-06
7,mlp,2883,0,2,0.25864470288760794,0.0021276649138690447,0.7381090545791531,1.511370317152263e-07,0.0003492411138297074,0.0006480171609098159,0.00012116820759869763
7,mlp,3374,1,1,0.0031905169534360888,0.8973789789461105,0.09942072994311503,1.4594687067701562e-16,9.751687247244107e-06,2.2470089150508153e-08,1.809692256909529e-15
7,mlp,12933,3,3,1.5345740003399357e-05,7.077524482527017e-06,1.0495854683525303e-05,0.8423765437235416,0.0016823735609369046,0.0021852514399586485,0.15372291215639333
7,mlp,2289,0,0,0.9469702601844046,0.00011936493483830839,0.041762978195456546,2.2520780179500836e-06,0.0013423695884355947,0.0029080012364873327,0.006894773782359897
7,mlp,48,5,5,1.3245468346379967e-06,1.3234525308942051e-06,7.46424899427601e-07,0.004840803732204568,1.9701712291140048e-05,0.9950365291413049,9.957098993443951e-05
7,mlp,9050,6,6,0.0007532735590797693,1.032907292467157e-05,0.0002663490711188766,0.0016851476054527204,0.001593228255851472,0.00017481677484287812,0.9955168556607297
7,mlp,5751,4,4,1.6292311394809477e-05,1.4164030249658823e-06,2.3086139806286298e-05,0.00046822520678002774,0.9900884418928964,5.188272761219745e-05,0.009350655318485453
7,mlp,10039,3,3,2.663641155103005e-11,7.577475031732951e-10,1.2560664283469762e-10,0.9999695928938673,9.744922106718332e-06,8.866849512352324e-07,1.977458908403126e-05
7,mlp,3618,1,1,5.131607612095336e-06,0.9999909277951998,3.93948180643524e-06,5.557922175298963e-21,8.878654700935055e-10,2.275160134824404e-10,9.058070379978434e-23
7,mlp,4812,2,2,0.00135803919890687,4.01293314667261e-05,0.9964839631324146,1.492502040955527e-09,0.0021001174494349193,1.3328907987009932e-05,4.420487287606845e-06
7,mlp,7509,6,3,2.941172876471261e-05,1.2029057566037553e-05,2.5473669974369014e-05,0.5982356059131314,0.0012499808852552718,0.00518396234758922,0.39526353639771894
7,mlp,11846,3,3,1.7814100445745994e-07,6.270028367584189e-07,5.906729547308646e-07,0.9930966575386437,0.00011314644285955583,0.002042094092752265,0.004746706108948491
7,mlp,1102,5,5,2.7448799699826533e-06,3.771773546110192e-06,1.2518796933333323e-05,0.0024445650848973557,2.653587207349314e-05,0.9971843166512164,0.00032554694136329175
7,mlp,3210,0,0,0.9868303270852526,0.008199103032761725,0.004723768054046562,1.5224718117314266e-09,2.183943606342485e-05,0.00022481808593894127,1.4278346490547793e-07
7,mlp,6052,4,4,1.7931782025328342e-05,8.40307999086418e-07,0.00037803897062945775,8.751708594476948e-06,0.9945784822760578,2.0777748248962916e-05,0.004995177206444771
7,mlp,7235,4,4,9.91377646591859e-06,1.2527768440836997e-07,0.000266380283400336,2.3677729063567118e-08,0.9996698621842338,6.750557551649781e-06,4.694424293493856e-05
7,mlp,6582,4,4,8.372897627943202e-06,4.5285422454717635e-07,0.0013939227176237657,2.961617409210678e-07,0.9970816202070302,7.798731064491361e-06,0.001507536430688262
7,mlp,8180,6,6,0.00020081528809669943,1.9918779777907722e-05,0.00010383008909153615,0.09987443186622035,0.0020954060631504816,0.0013791249770431174,0.8963264729366198
7,mlp,6677,4,4,0.0006661239348431142,5.4495121208254954e-06,0.0019635667225417113,1.0036290751762905e-05,0.967419096566383,0.00019457015340126598,0.029741156819958377
7,mlp,10286,3,3,1.2729928053987552e-10,3.299055903310003e-09,1.1228237906103197e-09,0.9999350759869161,8.201953845737087e-06,1.7786519317114575e-05,3.893099074200022e-05
7,mlp,9117,6,6,0.0029617501836130544,2.9949417573394408e-05,0.0014240911485848171,0.0026317883993050204,0.0002974182427980927,0.02965036828157797,0.9630046343265477
7,mlp,11079,3,3,8.011043994557877e-09,3.83141393641577e-08,8.255664378962314e-09,0.9985684260586982,0.00016155560368870687,1.1812294441131299e-05,0.00125815146232408
7,mlp,4451,2,2,0.0013806903801652753,2.5153098499108895e-05,0.9023981098603049,1.4150115707456973e-08,0.09606489202488641,7.445424515783575e-05,5.668624087085857e-05
7,mlp,851,5,5,8.185793888830435e-06,3.707107164198666e-06,5.104542302847079e-06,0.0024456241634111973,5.813590414808863e-05,0.9969300847970092,0.000549157692075674
7,mlp,8076,6,6,0.0003816572376631387,2.021415645634581e-05,0.00015578269314524555,0.037694987531831724,0.0007575249553296602,0.0028317780891693447,0.9581580553364046
7,mlp,154,5,5,3.4399659647594114e-07,1.1655648446312044e-06,1.1388169676074544e-06,0.0031503601605820056,9.422227257908883e-06,0.9967879560818931,4.9613151858422986e-05
7,mlp,12327,3,3,1.2775834250337047e-07,2.5229438994469275e-07,2.310847529591477e-07,0.9949044462864223,0.0001795965536008969,0.0009051354408201783,0.004010210581671106
7,mlp,2428,0,0,0.9999208890548834,8.256371740842435e-07,3.8095739531956144e-06,7.050548276560042e-10,2.349643610196752e-06,7.175751455077433e-05,3.678707735073675e-07
7,mlp,10274,3,3,2.0939156365236225e-07,5.982326878924818e-07,3.958400686788254e-08,0.994858452862499,9.714602930105733e-05,0.004251327904223637,0.0007922259957178585
7,mlp,12456,3,3,2.1592057860701488e-06,1.9833350716805575e-06,2.1043157313870986e-06,0.8792001710945598,0.0019138127902400056,0.00039405211298643053,0.11848571714562474
7,mlp,7626,6,3,1.186515876830957e-05,6.460840386477162e-06,1.683427978373098e-05,0.6790087316071871,0.0030833658413624986,0.0011580365312868256,0.3167147057412249
7,mlp,6921,4,4,2.4172438572817596e-07,1.6819493079184515e-09,1.1075500944419377e-07,1.7011866179902646e-09,0.9999977911446353,2.910187022243583e-07,1.5619741313101988e-06
7,mlp,5192,2,2,0.005891931979959339,0.0002636078869745737,0.9933714646202749,1.0386608592514976e-09,0.00041239105717925944,5.989163548860605e-05,7.117814624732702e-07
7,mlp,4168,2,2,0.008457543894734736,4.7578237918164415e-05,0.9770845876416149,1.937298636299253e-07,0.013128567292656426,0.00021555215103669795,0.0010659770521754797
7,mlp,2224,0,0,0.9969798433088018,2.377992380966446e-05,0.001537589788934538,3.2970343180654763e-07,0.00015988311828143067,0.0009573321052855063,0.00034124205145517374
7,mlp,1209,5,5,3.0172883012727433e-05,2.1743141872782933e-05,0.0001124327205131812,0.02540138079997156,0.00021578615488920984,0.9629390102505899,0.01127947404915058
7,mlp,13234,3,6,6.840790435688686e-05,2.2830075757002573e-05,7.010812995363638e-05,0.46510710799144855,0.0011025711299909279,0.013311358985612403,0.5203176157828805
7,mlp,11177,3,3,3.833896017661449e-08,2.8702620881436557e-08,2.612751225043771e-09,0.9951409494078235,0.002353050984831625,1.6224717201701683e-05,0.002489705235810739
7,mlp,22,5,5,1.8069181921880134e-05,6.3381996639916925e-06,6.630391640168641e-07,0.015587061951794148,7.906470429522814e-05,0.9839897548210634,0.00031904810209740323
7,mlp,4789,2,2,0.394268733296644,0.0017177184645852978,0.6029743155640268,4.2474847244314374e-08,0.0002725163369361475,0.0007517323020063992,1.4941560954101686e-05
7,mlp,8855,6,5,0.0007738614928014297,8.054214718081195e-05,0.0011261114095141983,0.027394202919353957,0.000802714180277484,0.8574231264644918,0.11239944138638022
7,mlp,12148,3,3,1.0086136280368399e-06,1.1460283851850164e-06,7.237120530710993e-07,0.978941566171183,0.00031118205864626023,0.0004020342923287066,0.020342339123775633
7,mlp,5308,2,2,0.029925611094061225,0.0015698578365872,0.968117117250269,1.208605231131528e-09,0.0002380761021246957,0.00014892158221175477,4.1492614080356364e-07
7,mlp,11984,3,3,1.59089108912787e-07,4.112240946577499e-07,3.7824930076611334e-07,0.9937973895659197,0.00015037649620785925,0.00041111874364509253,0.005640166631723025
7,mlp,9159,6,6,0.0019181477561276811,1.4175578350362124e-05,0.00040533074747911243,0.0013382533863896043,0.00031457256253002695,0.000832089871305105,0.9951774300978181
7,mlp,3192,0,0,0.993911466429936,0.004253060328186958,0.0016985118775742216,9.451556602158114e-10,1.207159695871757e-05,0.00012480360787691942,8.521431128991111e-08
7,mlp,2511,0,0,0.9999582819640993,4.4207483986392185e-07,8.478277662991016e-07,4.534064044840294e-11,6.050459524469853e-06,3.432231395090113e-05,5.531447822792626e-08
7,mlp,5248,2,2,0.007606806130189298,0.0001728580450416054,0.9909867450469518,1.0739338525067088e-09,0.0010978713212847775,0.00013400828907551534,1.710093523008264e-06
7,mlp,11121,3,3,3.9350358379501406e-08,1.7918634548000752e-07,7.639942765147637e-08,0.9978584149106757,9.496697038632166e-05,9.959848614502288e-05,0.0019467246966613475
7,mlp,6194,4,4,7.649900484914128e-07,5.5731764622164913e-08,8.158807932385814e-06,1.1405167179899425e-05,0.9998493702385667,1.0286216561499313e-05,0.00011995884794616752
7,mlp,9148,6,6,0.00400804485181618,5.4164379270662814e-05,0.0017989467388511834,0.00643225618508628,0.0006028900065560918,0.0173045470373501,0.9697991508010695
7,mlp,9540,6,6,0.0007333413923479627,1.1906155126480794e-05,0.0007334555797272457,0.001487991762941049,0.0023708696631277405,0.0008052026822096427,0.9938572327645199
7,mlp,5697,4,4,1.8138487282009493e-06,3.5892574759986924e-07,1.3083885159450111e-06,0.0009379699476688105,0.9931469946943683,3.7432393110272284e-05,0.005874121801860821
7,mlp,1729,5,5,1.0123061125626885e-05,4.118014651649247e-06,7.440579770612349e-06,9.147343082706765e-05,1.6657213324685824e-05,0.9997254267067828,0.00014476099351768285
7,mlp,712,5,5,0.0046419152837058756,0.00023904217866885276,5.20120499022681e-05,0.07933495736859396,0.001934662199440174,0.8919587820814296,0.02183862883825924
7,mlp,10221,3,3,4.1333916108126317e-10,2.1346285915000005e-09,8.535752878003596e-11,0.9980410775834695,0.001549637724408531,3.0734841243102417e-07,0.00040897471038413286
7,mlp,9893,6,6,0.002174051180047332,2.9918231560373317e-05,0.01149963995592269,0.0001688555687941414,0.056534245905167146,0.0004190241420573081,0.9291742650164511
7,mlp,12820,3,3,1.62387944629265e-06,8.428535998476195e-07,4.0386714550503857e-07,0.9498813652382578,0.003910942845029541,0.0003919301472338034,0.04581289116928707
7,mlp,1236,5,5,2.2256905299058874e-05,1.1754003700182469e-05,2.9486376730821267e-05,0.002654677008292245,6.026746915432571e-05,0.9954993832722381,0.0017221749645852829
7,mlp,7995,6,6,0.0004079694599554753,2.3984342112526025e-05,7.55435682706729e-05,0.03623554043341068,0.3146364477912926,0.00042825377526640654,0.6481922606296916
7,mlp,12445,3,3,1.2953932850017267e-06,1.8568051819693744e-06,1.273901808385024e-06,0.9360414512210756,0.001151696561753357,0.00013962196085675577,0.06266280415603893
7,mlp,988,5,5,3.6720080897152076e-05,1.4303089553290271e-05,3.082461414003787e-05,0.007060326501815705,0.00011984711316937076,0.9889185819691052,0.003819396631319194
7,mlp,4182,2,2,0.008584649618105927,9.719399124323364e-05,0.9866035214146333,5.4223047223677824e-08,0.00439468208373291,0.00012893859182501664,0.00019096007741239277
7,mlp,6566,4,4,5.236839724969107e-05,1.7736710888159286e-06,0.0006522713496705575,3.256204074089694e-06,0.9764146097627064,4.0858827398571993e-05,0.022834861787811977
7,mlp,11623,3,3,1.9853189754527284e-08,5.546479728312627e-08,1.4375813677235547e-08,0.9969698052159458,0.0006028567774702497,2.2797247554095033e-05,0.0024044510652290524
7,mlp,2672,0,0,0.9999611674223806,6.2604874266525825e-06,1.1780462936950509e-05,2.445874475834282e-10,1.2404960336798627e-06,1.94581784897431e-05,9.270814486347859e-08
7,mlp,4983,2,2,0.0024193865805990883,7.58200424065129e-05,0.9971960458765975,2.8575014034003486e-09,0.0002889964338363156,1.528957710480261e-05,4.4586319542883474e-06
7,mlp,5100,2,2,0.009928592461452314,0.00041896317415589577,0.9892451824919635,3.80028607227957e-09,0.0003294727608086347,7.605487681243203e-05,1.7304345210445179e-06
7,mlp,7702,6,3,4.310890613216936e-05,1.783321799919524e-05,5.335354588318044e-05,0.5310187584021329,0.0015102804760148162,0.0051146126084086795,0.462242052843429
7,mlp,5592,4,4,9.114118219925405e-06,1.2248048263135166e-06,5.940488783744119e-06,0.02249734002016395,0.9486211028156509,0.00010208039501899774,0.02876319735733611
7,mlp,376,5,5,1.0992292359864998e-05,1.3741025537890175e-05,2.2376374870825615e-05,0.07241417527299693,0.00020149503299566723,0.9220407028572245,0.005296517144014382
7,mlp,10670,3,3,2.5178617158990665e-09,2.58125031086515e-08,7.903748593617546e-09,0.9995006718524431,6.69925730891556e-05,1.4603903060629748e-05,0.0004176954372937739
7,mlp,2080,0,5,0.02737605841254074,0.0006031367555938751,0.038460517741945234,0.0014518847459939436,0.0011092127650239984,0.6205981195230575,0.3104010700558446
7,mlp,12466,3,3,9.749960153778892e-07,1.4990421069730342e-06,1.728560560711853e-06,0.9705737741346406,0.0005697572638718541,0.00035801385588731454,0.02849425214691722
7,mlp,11957,3,3,3.429920033368632e-08,1.493916327519316e-07,1.4923580583971435e-07,0.9972375442654808,0.00015262936059320814,0.0003440759053435559,0.002265417541943373
7,mlp,8190,6,6,0.0006354513764152967,2.890637920710075e-05,0.0002141662093171672,0.022631002068279962,0.0007014499154701508,0.006214712521785657,0.9695743115295246
7,mlp,4902,2,2,0.0007321251645814209,4.711298274919075e-05,0.9988342723032856,3.778877531228832e-09,0.00036923948228200306,1.0736296434939077e-05,6.50999178934187e-06
7,mlp,13494,3,6,0.00015475535047990068,1.6336324532371822e-05,4.448716544758733e-05,0.25424362517496846,0.009885108162707794,0.0021694998198558716,0.7334861880020079
7,mlp,10671,3,3,2.4225077286238946e-09,1.875200977624043e-08,3.4152628471673706e-09,0.9988862944015949,0.0003824420526496058,5.226364691518668e-06,0.0007260125912832188
7,mlp,3531,1,1,2.587650652318154e-05,0.9999635482230526,1.057103134257003e-05,1.4165975688693755e-19,1.8623521796824421e-09,2.3767293740629976e-09,4.9893971991965185e-21
7,mlp,10354,3,3,3.334074615134341e-08,5.608375367413548e-07,2.0737363673098712e-07,0.7813995668424347,3.911717908534545e-05,0.21843391381432756,0.00012660061223260818
7,mlp,9191,6,6,0.0007570543081654252,2.2304778258572027e-05,0.0010437408794779326,0.003168033427636007,0.0005324570641686548,0.006748200103015993,0.9877282094392775
7,mlp,7631,6,6,6.311091906055778e-05,2.1559292096523352e-05,3.4977248042602036e-05,0.2778948173561049,0.0032162483773486034,0.0005905727111558088,0.718178714096191
7,mlp,11102,3,3,6.69971923947297e-08,2.343391171092728e-07,1.2654586869775763e-07,0.9965338618490888,8.213682781460658e-05,0.00019924106839761845,0.0031843323725207692
7,mlp,8473,6,6,0.00010093123269910226,4.40579137978894e-05,0.00024628967554629275,0.03785121691062684,0.0041787227947087694,0.0004818759129806398,0.9570969055596404
7,mlp,1640,5,5,1.7615906635734016e-06,1.075867444598952e-06,4.2119782267535485e-07,1.1406872930912063e-05,4.958803480896414e-06,0.9999752348636266,5.1408040308534335e-06
7,mlp,1699,5,6,0.0060898506538797845,0.00011284099940688616,0.0021962572046946194,0.010947368680590704,0.0010380003783094214,0.10557378073342052,0.874041901349698
7,mlp,11290,3,3,1.1076959407329296e-08,7.282719487494736e-08,4.000062314732941e-08,0.9988586069037017,8.073421522495041e-05,6.784224136392371e-05,0.000992692734932085
7,mlp,2012,5,5,0.0010198148239529328,0.00013959179534247604,0.0009301886997762803,5.928962080686997e-05,0.00013405712448544513,0.9968100584772244,0.0009069994584117077
7,mlp,996,5,5,1.3483958875307134e-05,5.48236650246193e-06,6.75910582814525e-06,0.0014403507191931403,4.632785604047708e-05,0.9979529157150278,0.000534680278532758
7,mlp,9720,6,6,0.002713166351742125,1.9720398875151232e-05,0.00497554250191321,0.0002867485201246293,0.0009099694009032909,0.00028281021036300163,0.9908120426160787
7,mlp,6695,4,4,1.2146443497107094e-07,1.5333041070658392e-08,6.707169661822062e-06,1.3524897512387396e-08,0.9999329747331698,4.1638583773290857e-07,5.9751388957277896e-05
7,mlp,6693,4,4,0.001777997253614269,1.8741393006744566e-06,0.00039414446328402017,2.9622282517430633e-06,0.9957796467590735,0.00020140732354509546,0.0018419678329307469
7,mlp,10661,3,3,1.246665918928559e-09,8.813798389646735e-09,8.621546994098284e-10,0.9990936071941557,0.0004329659804826334,1.0859980317826047e-06,0.0004723299047107275
7,mlp,7452,6,4,6.502536045258834e-07,1.4437951637940182e-06,5.072327489174676e-06,0.08909844684033268,0.6251213477490642,4.297583065032454e-05,0.2857300632036953
7,mlp,5228,2,2,0.0005843338471456499,5.480457641458793e-05,0.9990403501719128,3.637788968464812e-10,0.00031544610448505964,4.6972962848643975e-06,3.6763997814003355e-07
7,mlp,12405,3,3,4.079660371221201e-06,6.3969987160040665e-06,9.02343158510048e-06,0.9407872285097447,0.0004259977747847666,0.03946756265483174,0.01929971096996661
7,mlp,529,5,5,1.0658909793304787e-07,2.1242320093561322e-07,1.1787667223420037e-07,5.6794005623224887e-05,1.47714358793527e-06,0.9999392645546494,2.027407168236958e-06
7,mlp,1943,5,5,0.00030871716988800966,1.605890989848502e-05,5.404799232823897e-05,5.177315979550412e-05,6.0161968486155106e-05,0.9990766097567249,0.0004326310428787933
7,mlp,8378,6,6,0.0006710680703795125,1.3690045197210865e-05,0.00010142680389636977,0.012451710840012469,0.00169563273521914,0.000984668661762034,0.9840818028435333
7,mlp,9444,6,6,0.004365727734849465,2.9128953153399655e-05,0.00180044547901323,0.00045640872187271877,0.00021216641849326846,0.000465080483435771,0.992671042209182
7,mlp,11585,3,3,1.0767534614350352e-07,2.392745428566897e-07,9.15577618113678e-08,0.98969847715958,0.0010222990675046886,5.377725433808478e-05,0.00922500801092616
7,mlp,6245,4,4,5.697630698395018e-07,2.9912144579136275e-08,1.4098416900703317e-05,3.2438979154147104e-07,0.999952921445653,2.3166327324472615e-06,2.9739439708024983e-05
7,mlp,3666,1,1,1.6453383507768621e-06,0.9999703829526694,2.797053219622617e-05,3.5622390755339565e-22,1.1697302373089934e-09,7.053206194990676e-12,9.770656505569918e-23
7,mlp,809,5,5,3.595561566651077e-05,1.2429726583359263e-05,2.033371821730516e-05,0.005304086409472748,8.793194197457151e-05,0.9917040814461504,0.002835181141935222
7,mlp,7753,6,6,6.198285913142186e-05,2.067248705153721e-05,4.129697394169944e-05,0.3566781632703256,0.002964322908703755,0.001000041068537871,0.6392335204323082
7,mlp,2256,0,0,0.9998657219390443,2.062061946075877e-06,3.049023040653359e-07,2.538245393261917e-09,8.805066936636591e-07,0.00013086805374504758,1.5999802122512097e-07
7,mlp,8618,6,6,0.0008800218181693142,6.8636966833094135e-06,4.251179817192766e-05,0.002792451212843094,0.015050895859697397,0.00036330445710001935,0.9808639511573349
7,mlp,13484,3,6,0.00011459575483100933,1.8480079295753045e-05,0.00010276467677124298,0.1455284108727341,0.0015596214258561788,0.003811704676754008,0.8488644225137577
7,mlp,2710,0,0,0.8132057767355657,0.000386629444681069,0.18418484398445029,1.493082356352943e-07,0.0005043271715961724,0.0015457963168516334,0.00017247703861964243
7,mlp,4364,2,2,0.010419111313725382,2.9368189119541364e-05,0.8014434831350018,4.802164594817803e-08,0.18741196000523344,0.0003442399634581034,0.0003517893718157642
7,mlp,4501,2,2,0.0006278082091260882,2.0884473358269837e-05,0.9953204805116098,3.329346758351879e-09,0.003990426485814579,2.1890411366757294e-05,1.8506579377708518e-05
7,mlp,326,5,5,3.2828304687571993e-06,5.790242615818755e-06,8.96995310341933e-06,0.01880321767015409,5.6271619942605854e-05,0.9802519875726252,0.0008704801110900998
7,mlp,5807,4,4,5.8901992892641746e-06,1.260396725096277e-06,0.00010308128877176947,3.572097438302686e-05,0.9617873483835991,1.5266518420054914e-05,0.03805143223881157
7,mlp,5057,2,2,0.001252660696204945,3.725361147550901e-05,0.9921218872141115,5.758019522880408e-10,0.00656928731594858,1.5639125837213107e-05,3.271460620048878e-06
7,mlp,8975,6,4,0.002485033004298028,1.422936352646893e-05,0.00010348062173583651,0.0019583885715693124,0.6246787951184886,0.0006622766071951545,0.3700977967131867
7,mlp,12724,3,3,2.335363752444981e-06,1.8704578467128349e-06,1.3560071313303763e-06,0.9253149840019902,0.001170655255912602,0.0004145612139494366,0.07309423769941716
7,mlp,7898,6,6,0.0002072448257907167,3.318285522699403e-05,0.00017856852461482564,0.27801299796296336,0.0011933077822867536,0.029396142922344104,0.6909785551267732
7,mlp,9269,6,6,0.00046697920098210435,9.868189766648072e-06,0.0008183526408330965,0.002176279287441862,0.009502484055127953,0.00040861682334256827,0.9866174198025058
7,mlp,7481,6,3,8.96859814473488e-05,3.179804878015916e-05,4.587949028559471e-05,0.5382329276308492,0.0017165185719593462,0.007050702796858703,0.45283248747981963
7,mlp,11749,3,3,1.2843283437666274e-07,3.070197413676904e-07,1.5446190695092736e-07,0.990541401816498,0.000586214170242407,9.594090303619307e-05,0.008775853195740603
7,mlp,13122,3,3,8.10547162696236e-06,5.606810501971949e-06,1.0675519874909616e-05,0.8749878144643817,0.0016409782868581576,0.0024063439805700943,0.12094047546618607
7,mlp,12829,3,3,1.0742107803747695e-06,5.147522430369236e-07,2.697642673812497e-07,0.975348738762036,0.003086190013999656,0.0003178891804922549,0.021245323316181345
7,mlp,9132,6,6,0.002027308955801947,2.6108639319980356e-05,0.0012566576488792836,0.0015585260497365102,0.00017283586342667928,0.004277441028267394,0.9906811218145681
7,mlp,6400,4,4,1.5073640813098199e-05,6.168574843321588e-07,0.00028112979895524216,1.99991356409965e-06,0.998531538729682,1.581883623075772e-05,0.0011538222232704465
7,mlp,352,5,5,2.6514413631292835e-07,8.856739493775434e-07,1.1492645015070539e-06,0.0013682309420441929,6.6468638250493916e-06,0.9985841995329503,3.8622578593254556e-05
7,mlp,4360,2,2,0.0056373719431582325,0.00014459117058955654,0.9928705458366597,1.9668683873081946e-07,0.0008302834852640179,0.00030900550548786316,0.000208005372001906
7,mlp,12604,3,3,1.9918713492802236e-06,2.265243989519543e-06,2.804850858753429e-06,0.953629695730505,0.0006454371348259824,0.0007888776207881676,0.044928927547683184
7,mlp,7628,6,5,0.00018335934704657628,5.572562274329122e-05,0.00017495586548210037,0.11503517884779906,0.0008634993615293207,0.7685803943459718,0.11510688660942785
7,mlp,4561,2,2,0.0007709074557795277,1.7761198198397535e-05,0.9943212763057233,9.487986296051913e-09,0.004833030689057849,2.477565960237705e-05,3.223920365210707e-05
7,mlp,1315,5,5,0.00019256906485024455,8.079019236698061e-05,0.00033818489417158524,0.1569047112571413,0.001148727966093415,0.7588898579810118,0.08244515864436458
7,mlp,2537,0,0,0.9998341550632402,4.944932143727019e-05,9.059188027846466e-07,1.3789333393997038e-09,4.942064328680434e-07,0.0001149438374996786,5.027365373251862e-08
7,mlp,140,5,5,9.75675444802138e-08,3.987754786690479e-07,3.696570606592821e-07,0.0008297595221035186,3.0050716144252164e-06,0.9991552343331891,1.1135073009074329e-05
7,mlp,7054,4,4,0.0002200406043294207,1.3234503784379852e-06,0.0021388295689237493,1.2013607881616424e-06,0.9970379225817676,0.00011874960453401925,0.00048193282927868627
7,mlp,9636,6,6,0.009022823469279873,3.132189486762777e-05,0.002638911270614447,0.0006260206361417956,0.00033888066694150583,0.0024235711551220712,0.9849184709070328
7,mlp,11377,3,3,1.533153117105455e-08,6.060014873317525e-08,2.1295379523027726e-08,0.9985137778196398,0.0001800697742201639,3.5119367000533174e-05,0.0012709358120800015
7,mlp,10943,3,3,3.194175123689335e-09,3.849950414874991e-08,1.9386645328667414e-08,0.9995427110771891,2.8035949771477294e-05,0.00013795898771360894,0.0002912329050014622
7,mlp,5072,2,2,0.03643720748268236,0.00031608852746079977,0.9626214671247566,1.9997113604942687e-09,0.0005845258027839348,3.775232642810728e-05,2.9567361768139567e-06
7,mlp,8026,6,6,0.00012974189030381204,1.9276636593880816e-05,6.329338065235267e-05,0.029376036667283268,0.0019989062520827864,0.00015509707686377352,0.9682576480962201
7,mlp,8646,6,6,0.0005975268584578943,2.7452451061572463e-05,0.0003903224461133638,0.023853142779921222,0.0007488403615712758,0.005431061071588374,0.9689516540312862
7,mlp,7434,6,3,6.523673990084308e-06,5.22691769289292e-06,4.382370493570169e-06,0.6688165141851757,0.00884624606440499,0.00024378109020918053,0.32207732569803343
7,mlp,869,5,5,9.010813144505124e-06,2.1133910344649434e-06,1.8669730506050786e-06,0.0003409933437241872,1.6981999522260114e-05,0.9994977851067758,0.00013124837274807588
7,mlp,7340,4,2,0.3049866309482133,0.00020122070544845904,0.6452870126262804,1.1580816742603551e-07,0.04833131232119602,0.0011053928390996764,8.831475159454182e-05
7,mlp,13150,3,3,7.578863121226323e-06,3.3590981152163604e-06,2.703134772183331e-06,0.8439118203674589,0.006165072831817231,0.0007204259658944985,0.14918903973882086
7,mlp,9911,6,6,0.21866192273642018,0.0002421714382086925,0.05690176297369026,0.0002975785750324511,0.07222370562908403,0.00431427546435063,0.6473585831832138
7,mlp,9951,6,6,0.18505726284410337,0.0006428887912853054,0.15942620192299536,0.0003700451319267948,0.0012674177588421756,0.06304728638978309,0.5901888971610639
7,mlp,955,5,5,1.6163246706057084e-06,1.6130255038733299e-06,2.896035052611489e-06,0.0006991230011683605,1.4231638698522224e-05,0.9992060474473398,7.447252756625903e-05
7,mlp,5525,4,3,1.9252562977958025e-06,1.1638985887947483e-06,4.7128932527727996e-07,0.7551263588204524,0.1816790693837717,0.00010198805891481718,0.06308902329264908
7,mlp,12632,3,3,9.587256023647583e-06,4.526034290057795e-06,3.387140892117249e-06,0.8686115147001857,0.0009691341929582381,0.0014682359115689484,0.12893361476408138
7,mlp,4340,2,0,0.7331195065654071,0.00016335286938119783,0.26280400952536764,8.716894574997284e-08,0.0018529352460657127,0.0019304128338034797,0.00012969579102908895
7,mlp,6073,4,4,1.5019265255055258e-07,1.3348678970819308e-08,4.665148018877379e-07,2.2591740843325782e-07,0.9998625714787458,6.971748121072336e-07,0.00013587537290006487
7,mlp,6416,4,4,1.7643716432491962e-06,1.23981142992334e-07,1.8076901298452214e-05,1.3200397125393365e-06,0.9994323776190959,6.092785617305618e-06,0.0005402443014896678
7,mlp,1150,5,5,1.5983909421938373e-06,2.611934141717586e-06,8.544315388343149e-06,0.0014756910156573388,1.810617414045094e-05,0.9982987297812416,0.00019471838848853597
7,mlp,10815,3,3,1.1603888360391843e-08,1.2332759356496578e-08,7.107598045990524e-10,0.9940399843971469,0.0035322024482214213,3.629825429767411e-06,0.0024241586817944634
7,mlp,10655,3,3,2.5803472744254933e-09,8.80660558794847e-09,7.486728225370857e-10,0.9992149455027222,0.00030630376249957,3.5458679843970053e-06,0.00047519273116848664
7,mlp,8289,6,6,0.0007396328542959073,3.734950892456916e-05,0.0002799391807558947,0.03082608485866279,0.0008281518825210607,0.003833937371978947,0.9634549043428609
7,mlp,10909,3,3,6.995477233885993e-09,2.7360790248100048e-08,4.0509393816572615e-09,0.9987261915464735,0.00019963481599400933,9.926185764651143e-06,0.0010642090445608819
7,mlp,11461,3,3,1.736736496143309e-08,5.2845413174593155e-08,9.845301909464331e-09,0.9946903567192844,0.0014478484464130726,5.0918236975198275e-06,0.003856622952525016
7,mlp,5187,2,2,0.0025846104014961447,0.00015259736811621771,0.9964444212802787,3.5983038952847383e-10,0.0008101714482333954,7.709051889735476e-06,4.900901554978354e-07
7,mlp,1013,5,5,1.8823495031115008e-07,3.5810308852696714e-07,6.777129162519153e-07,0.00012808032940086653,2.782927427084352e-06,0.9998611876681285,6.725024088458183e-06
7,mlp,8798,6,6,0.0009482900167599811,2.227884679406186e-05,0.0003367816508787331,0.0035409476574973244,0.00046085724473602556,0.00026395130003851363,0.9944268932832953
7,mlp,7125,4,4,9.33913735085192e-06,2.695661112834462e-07,0.0002999361476775873,7.7236782692859e-08,0.9988423756756873,9.651281324656234e-06,0.0008383509550655386
7,mlp,7505,6,3,1.901297319999418e-05,8.119855441548254e-06,7.941465847956148e-06,0.581243994097086,0.009653795469885504,0.00041942053889277496,0.40864771559964624
7,mlp,4906,2,2,0.11225367670143176,0.000881781878604942,0.8859821667415736,6.276780378829761e-09,0.0007992888645396122,7.959471102818828e-05,3.484826041882428e-06
7,mlp,1067,5,5,0.00011824097299068083,6.394124237003331e-05,0.0002452984213820451,0.23197948225738904,0.0009846668335414758,0.683205021496329,0.08340334877599777
7,mlp,9245,6,6,0.00313826303255659,1.2118226119063249e-05,0.00035527788705035784,0.0014457365791081212,0.0019153107580011162,0.000680248107168229,0.9924530454099965
7,mlp,7457,6,3,0.011887469258309908,0.0004332623887939483,2.4531875602834378e-05,0.8112149597098394,0.009568408935647863,0.05491759236287848,0.11195377546892751
7,mlp,2464,0,0,0.9662607563279316,0.00017601868338142025,0.032699338401344445,1.8660812159675897e-07,7.850137951766565e-05,0.0006944035132890383,9.079508641388233e-05
7,mlp,2978,0,0,0.9996929240050856,0.0002379467941865069,5.288621096082795e-06,2.623815929829141e-10,1.0601498655469977e-06,6.277182197242705e-05,8.345412273658066e-09
7,mlp,13396,3,6,0.0024293865604469228,0.00010954877284406627,0.00013796319506376292,0.3706658395291225,0.00593842502809839,0.02391477872817318,0.5968040581862513
7,mlp,12758,3,3,3.8853532572916684e-06,2.9465559444292794e-06,1.8497813643164227e-06,0.7955343082005749,0.006827241963505956,9.518202615994429e-05,0.19753458611919317
7,mlp,7659,6,6,0.00010700239125576275,2.2658565855740305e-05,4.897068255735576e-05,0.3280023179143922,0.0012703566542569696,0.014697413274390383,0.6558512805172916
7,mlp,9199,6,6,0.005455574927917945,0.00013181978521279028,0.003547740096153488,0.01575432794765953,0.0010833863073754022,0.10160272525178997,0.8724244256838909
7,mlp,5656,4,4,6.03881031588743e-08,1.0413942628975928e-08,4.6193457776648565e-08,4.2324664578081765e-06,0.9999168502654173,5.746461598347111e-07,7.822562646130234e-05
7,mlp,8471,6,6,0.0006812641458138014,5.1767166056269796e-05,0.00036258590583785423,0.12742043243703605,0.002880241233029709,0.04128559584175749,0.8273181132704688
7,mlp,7518,6,6,3.401072313136298e-05,9.792050294874894e-06,7.446741559116454e-06,0.25133777062524554,0.017356271735013095,0.0002579447082641843,0.7309967634164918
7,mlp,9204,6,6,0.0062790112274881595,2.6135574600987013e-05,0.0009198771387613523,0.000933295216251569,0.00034334240189618816,0.0010380347731711976,0.9904603036678306
7,mlp,375,5,5,2.1181012335172942e-05,1.7925743932923878e-05,3.606429922584537e-05,0.34254378466092483,0.000542796175459362,0.632560173815879,0.024278074292242935
7,mlp,414,5,5,6.439834855937697e-07,1.9629209931978895e-06,3.0932621076692725e-06,0.0037260664140297156,1.5424631377843565e-05,0.9961295313768129,0.00012327741119306279
7,mlp,9342,6,6,0.0037834816482955245,2.845318384664938e-05,0.0018311345987584565,0.0007496711843004491,0.00021476547850607857,0.0032530599885413204,0.9901394339177516
7,mlp,9197,6,6,0.00120398593302764,1.2304901392343519e-05,0.0002739530343277728,0.004239764162246587,0.002479665486225884,0.0020123224233377433,0.9897780040594419
7,mlp,1269,5,5,1.4337018765201598e-05,1.3242918040765037e-05,5.4436654898737154e-05,0.007077357843827135,8.325254663603625e-05,0.990296142240783,0.0024612307770491694
7,mlp,2983,0,0,0.9999806608348659,6.214383868017958e-07,1.0123782757828562e-05,4.403650414642367e-12,2.6023824189765792e-06,5.984427241047671e-06,7.129925833291637e-09
7,mlp,8392,6,6,0.0006638819431863017,2.973588704892759e-05,0.00036193502046981,0.024713459302182366,0.0006606378459236211,0.0073265406350615314,0.9662438093661274
7,mlp,2468,0,0,0.9955596967542538,0.00038077476003235103,0.0008038717874298484,1.5148546861152156e-07,3.374992150230325e-05,0.0032059066431956228,1.5848648117423084e-05
7,mlp,9089,6,6,0.0006274947803843785,9.108371388485249e-06,0.0007135983335150474,0.0014754592718239708,0.004619644714582598,0.00019201005294276354,0.9923626844753628
7,mlp,9162,6,6,0.002035548793327372,2.659029017753867e-05,0.0014065499965688615,0.00279840055031105,0.0002710327431557927,0.008565128070013854,0.9848967495564456
7,mlp,3157,0,0,0.9999833735118552,1.0797548382200554e-05,5.225678813841961e-07,2.017148528389428e-12,6.004708760472409e-08,5.246172587503516e-06,1.5018900044170666e-10
7,mlp,4205,2,2,0.003384924126433522,2.1460709730962427e-05,0.8684067664169947,4.185045447819054e-07,0.12383499963161228,0.0003474094580428796,0.0040040211526410074
7,mlp,1386,5,5,4.204975671435756e-05,1.148429853948525e-05,6.467251635274854e-05,0.004099756665329956,9.547132987633989e-05,0.9921806761593885,0.0035058892737984924
7,mlp,9509,6,6,0.002390658307562266,1.2143790326641063e-05,0.001039798118891642,0.0009780877431977552,0.0022356844919237933,0.000780528777018552,0.9925630987710793
7,mlp,9309,6,6,0.005161620767351919,3.287760131619316e-05,0.0010195565529209367,0.004427857917975139,0.0008612096318159071,0.029109912717223,0.9593869648113968
7,mlp,1963,5,5,0.0007043695553718762,3.9427689896071817e-05,0.000266418021367523,0.00011931794559781395,9.93269625554882e-05,0.9973597037279305,0.0014114360972807272
7,mlp,10859,3,3,7.972834632592387e-09,5.113308789057526e-08,1.636275740748093e-08,0.999427160990181,4.050683392891606e-05,4.882155897468668e-05,0.000483435148235353
7,mlp,3236,0,0,0.999899742745571,8.365037054924508e-05,9.90026704826846e-06,7.387521733418246e-12,1.8921928869672278e-07,6.517088203937906e-06,3.0195107487072533e-10
7,mlp,9469,6,6,0.002572332381972874,1.0308899492932131e-05,0.0003239171669144471,0.0013735135820265906,0.005204501340928686,0.002219717133704677,0.9882957094949598
7,mlp,4686,2,2,0.16962364466546265,0.0019094976016871968,0.8273935662238812,1.1262005075244903e-07,0.00028824575512089926,0.0007175027421626136,6.743039163464158e-05
7,mlp,11672,3,3,7.046241467212884e-08,2.2446088680732565e-07,1.3658728554125676e-07,0.9969145201967987,0.00010038318939808853,0.00018221628606118298,0.002802448817155071
7,mlp,9226,6,6,0.0016195547744640385,1.1178425263186436e-05,0.0002488754660338073,0.0022489746537924424,0.09181281008257469,0.0009416126679409066,0.9031169939299308
7,mlp,11211,3,3,5.1476041454632534e-08,1.2842627863167457e-07,2.9631810470066823e-08,0.9949037139799487,0.0008608325936824359,2.832737574373912e-05,0.004206916516494648
7,mlp,626,5,5,2.6127893256489784e-06,9.20997088814034e-06,2.0429684132666584e-05,0.062149084087064384,0.00014832183090288283,0.9361623149078386,0.0015080267298477313
7,mlp,453,5,5,9.166383842962495e-07,1.6501174512554153e-06,2.392476608782462e-06,0.0016427789223383174,1.0857789086348952e-05,0.9982589419554945,8.246210063664925e-05
7,mlp,9255,6,6,0.005087953953864141,4.3733287729439154e-05,0.0011941999535831057,0.0012596607993585038,0.00038527932192885183,0.0006858557986680628,0.9913433168848679
7,mlp,7063,4,4,0.00030709645562058166,3.871211126106007e-06,0.005502335407238233,2.768679353556327e-06,0.9923681644519874,0.00015643035460107755,0.0016593334400730596
7,mlp,2020,5,5,0.1439776587031463,0.002517352094673555,0.24983473910684767,0.000553864025919548,0.002299884592743729,0.32263343026721236,0.27818307120945673
7,mlp,8568,6,6,0.0008805712881430232,1.6449248434189248e-05,8.715426173605598e-05,0.029596782598504352,0.003487064073674307,0.0011323570573032466,0.9647996214722048
7,mlp,4880,2,2,0.010114806344880427,0.00023392031709725648,0.9891257441556894,6.351508984835037e-09,0.00048678006941423865,3.029786625956176e-05,8.444895150228077e-06
7,mlp,4707,2,2,0.009313594626681786,0.00017531616731050455,0.9854678784299202,5.966947751542082e-09,0.004973139242985176,5.457021026377331e-05,1.5495355890892436e-05
7,mlp,10857,3,3,1.1999349586494233e-08,4.219412581302519e-08,4.394696790735891e-09,0.9925481951603202,0.0030598051839700324,1.9795677120438452e-06,0.004389961499825557
7,mlp,13519,3,6,0.00017569101904871826,1.5021300376922766e-05,3.199043847572796e-05,0.020255643938355015,0.015934394892416937,0.00014749475468017945,0.9634397636566466
7,mlp,9223,6,6,0.0027430597104275505,1.3770609098173681e-05,0.0005148524176004771,0.0018612114485053455,0.009210964242304229,0.0009922065198079515,0.9846639350522562
7,mlp,12676,3,3,1.3171555935866864e-05,7.134933278646064e-06,9.510777332247255e-06,0.8201496087330047,0.0009497212654532431,0.003502326602825179,0.17536852613217013
7,mlp,7955,6,6,0.0001291695826432706,1.6370501723235102e-05,4.155998265776775e-05,0.10314707374921789,0.0024563328081496872,0.0005951433145177545,0.8936143500610904
7,mlp,5402,2,2,0.03320635164325439,0.0024708339922399876,0.963980393685649,9.358210021452556e-11,0.0003323994824055977,9.988437892514612e-06,3.266497635287401e-08
7,mlp,6993,4,4,0.0006353098712081272,9.832586060255106e-06,0.08054973599042874,1.600031313219029e-06,0.8948587276248977,0.00020862608497246432,0.02373616781111951
7,mlp,9006,6,6,0.0007343861676984116,2.0265108274820675e-05,0.00042317821774495967,0.0018058967457364682,0.0006281671438952442,0.00015816864505996959,0.9962299379715901
7,mlp,1627,5,5,0.0003300319038773262,3.5953505734627055e-05,0.00024380187501874716,0.0026587693772498486,0.00015683792445408306,0.9775782561015065,0.018996349312158874
7,mlp,9583,6,6,0.0022905815943734427,8.641440865928073e-06,0.0005344697545791544,0.0006117780630312727,0.00035047753518092976,0.0004774588395973687,0.9957265927723719
7,mlp,1651,5,5,0.001195919802216098,0.00011421044686515799,0.0016034671998037757,0.025426596605521632,0.0008266141413719563,0.5710061069765957,0.39982708482762574
7,mlp,6486,4,4,1.5793627595723843e-05,8.24507496019827e-08,3.1362832123788156e-06,6.161742479533112e-07,0.9995789282250502,8.632119284280991e-06,0.00039281111985986706
7,mlp,5922,4,4,1.0885095126567316e-06,1.0607747785770792e-07,2.7654516948523755e-06,5.6488262629904236e-06,0.998966720390527,4.125523954919017e-06,0.0010195452205697237
7,mlp,9556,6,6,0.0034885636694224433,1.5590067556592927e-05,0.0007155175004598159,0.001534633071787577,0.0021091955078111524,0.001588421584930433,0.990548078598032
7,mlp,511,5,5,5.239105488100588e-07,1.1736996121744794e-06,1.5921152577758288e-06,0.001064946930587409,7.98078202895745e-06,0.998858663649628,6.51189123368885e-05
7,mlp,4651,2,2,0.003525911276535235,3.337090680185662e-05,0.9367984983432196,5.573540569455015e-09,0.05953251029832839,8.122759795343996e-05,2.8476003621231024e-05
7,mlp,1558,5,5,4.314503067001883e-07,4.977701577420754e-07,2.623171533261205e-07,1.1118197590573219e-05,2.3235969915517194e-06,0.9999826263647819,2.7403030183284552e-06
7,mlp,4368,2,2,0.0026216757158137208,4.219589846362277e-05,0.9962561415055354,6.707051909992718e-08,0.0008410274801198727,7.232327533798389e-05,0.00016656905421034827
7,mlp,7218,4,4,0.18581011606136758,0.00016158108655707807,0.39249375028443356,6.139427415819401e-06,0.41183750026186705,0.005938738740751598,0.0037521741376073665
7,mlp,8977,6,4,0.0002589460715164049,1.5660920426352143e-05,0.0005652490377718101,0.0011080102680776187,0.6154706739887278,0.00017007842795211146,0.38241138128552793
7,mlp,7284,4,4,3.738379688263246e-06,1.4935883973834626e-07,0.001129543161848449,3.278084207088743e-09,0.9988300475691592,3.066560550673652e-06,3.3451691829612135e-05
7,mlp,13474,3,3,6.145137318048721e-05,1.2270755279272622e-05,2.9984323318289926e-05,0.57145175261582,0.00328462170840904,0.008522903749879714,0.4166370154741133
7,mlp,13316,3,6,0.0002330781682878622,2.9501365866604473e-05,8.466159650214585e-05,0.20096979113024024,0.0017211649863593513,0.01144276980352886,0.785519032949215
7,mlp,4374,2,2,0.007092143954797734,3.151482826429727e-05,0.9847820123820663,4.8491883677503135e-08,0.007772648882012932,0.00015929293850655392,0.00016233852246853723
7,mlp,6599,4,4,0.0818586790994114,0.00011847584621421318,0.03602591898309242,5.461838954924459e-06,0.8614093378607032,0.0016668878399493765,0.018915238531674525
7,mlp,6745,4,4,0.00010492219391293106,6.860430738785174e-07,0.008641011631987133,7.81337717075764e-08,0.9906386434598425,3.63234963046944e-05,0.0005783350411071632
7,mlp,9437,6,6,0.0023887729337621,1.1660687990981373e-05,0.0008893279168117974,0.0005391311369905106,0.00047612180540412493,0.0005113885463496955,0.9951835969726909
7,mlp,3382,1,1,0.0006719806528878773,0.999326847014074,1.9195505731845884e-07,1.3775799052923402e-16,6.084718181173547e-09,9.74293262397591e-07,2.0304813624139355e-18
7,mlp,11806,3,3,1.4043241699905071e-07,3.196975853426545e-07,1.744136713732639e-07,0.9950723835176486,0.0001416670066243564,0.00014124849664506317,0.004644066435408437
7,mlp,13440,3,6,0.00011234325436523262,1.9144606847544314e-05,5.217549001628102e-05,0.32693218023476206,0.0031082682439211667,0.00338668882101287,0.6663891993490748
7,mlp,12581,3,3,9.325046256529658e-06,5.7751618417678635e-06,4.124220967608625e-06,0.7707946500060807,0.0034102863461978957,0.0004921091142862112,0.22528373010436933
7,mlp,3676,1,1,2.5926743793953595e-06,0.9999910936992532,6.312170139327209e-06,4.419852451529046e-22,1.4098567850037699e-09,4.6371424404872396e-11,7.97195155602938e-24
7,mlp,9755,6,6,0.0044804721549323604,2.830694838266186e-05,0.0014852690972970274,0.002287607301429262,0.003520652397182595,0.010782891003645862,0.9774148010971303
7,mlp,9457,6,6,0.0031025015360335987,1.1795558717527782e-05,0.0007445810942407897,0.0004656706736367744,0.0014739652605976798,0.00041810381852723706,0.9937833820582465
7,mlp,10114,3,3,2.6061678422554534e-06,1.1493484887207127e-06,5.938633683305786e-09,0.9262224106949368,0.000210784037861931,0.07268428652552171,0.0008787572867149391
7,mlp,12915,3,3,1.5555473724669534e-05,5.213193219056456e-06,2.723363018836291e-06,0.5814078076110717,0.008608926285067034,0.00036733469493303546,0.4095924393789657
7,mlp,12955,3,3,1.0102623403747428e-05,7.151375892070303e-06,1.4299848913402474e-05,0.8544499534063337,0.0010865438091790457,0.004567694594913025,0.13986425434136493
7,mlp,8706,6,6,0.00033985209304680965,7.567943404975912e-06,0.000155511370551858,0.0020535253607976423,0.0009240674096618906,0.00016857327236082895,0.9963509025501759
7,mlp,12746,3,3,1.2218775209250037e-05,1.0124256681135961e-05,1.1252493120366335e-05,0.6904502900488606,0.0021451996467236065,0.00047940707158733784,0.3068915077078178
7,mlp,6988,4,4,0.04786872566902448,1.0133981532776542e-05,0.0016298116433745224,1.6277369760353223e-06,0.9451267675402146,0.001227350229509327,0.0041355831993682085
7,mlp,13301,3,3,3.793062642434776e-05,1.907800952082436e-05,5.749778934523939e-05,0.6649766792450473,0.0015050918597722723,0.009067181003872953,0.32433654146601704
7,mlp,8021,6,6,0.000160942781938498,1.0855583270265728e-05,6.68911607533874e-05,0.02528641885697408,0.0009440303924876465,0.0007180550173387335,0.9728128062072373
7,mlp,176,5,5,2.6906900088140547e-06,4.547628510408432e-06,6.207061291081738e-06,0.04401809916941994,8.251558965042018e-05,0.9550969233205551,0.0007890165405641861
7,mlp,8122,6,6,0.0005186778140685987,6.745959687816506e-05,0.00013563303741510364,0.047657440496854685,0.0020492513808950666,0.00047161527214114744,0.9490999224017472
7,mlp,6116,4,4,4.354581562345631e-07,2.698756978950064e-08,2.707488768437066e-06,4.1148510791764466e-06,0.9999224658369249,3.9708507912729406e-06,6.627852671022622e-05
7,mlp,3869,1,1,1.8678129966690565e-11,0.999999999981025,2.968329143253274e-13,2.0873509258160769e-32,8.717263789296153e-17,8.83396648416932e-18,6.653539171885242e-37
7,mlp,7207,4,4,5.728923137283778e-05,2.5322451192859096e-06,0.025434410648910378,2.450262567470144e-07,0.9741851722375109,4.065036430255222e-05,0.0002797002465273148
7,mlp,13460,3,5,0.0011505553556027963,0.0001267957972781795,0.000540694101332944,0.05633238382685604,0.0014153957206199548,0.7087841342288468,0.23165004096946334
7,mlp,9651,6,6,0.00976877954783098,7.085787403690666e-05,0.0045709682573791075,0.000662668518987023,0.0022584826039365137,0.0011357373741649086,0.9815325058236646
7,mlp,7327,4,4,0.0021356933399031214,9.960777073623704e-06,0.08846079696647133,2.616747023228713e-07,0.9088447944074358,0.000434446400975637,0.00011404643343806894
7,mlp,7833,6,6,0.00010750995759789099,2.0201665493990202e-05,5.233813171182226e-05,0.08783577257584216,0.001446148998363141,0.0003624469812087602,0.9101755816897822
7,mlp,5114,2,2,0.0026485846943130214,0.0003380591108396336,0.9964537487038295,9.058212826117249e-10,0.0005459503501897492,1.2523610310782142e-05,1.1326246959050692e-06
7,mlp,7815,6,6,5.622004959715833e-05,1.4982282670868452e-05,3.0956102712496745e-05,0.04451598092192863,0.007218845356122336,7.565385600554564e-05,0.948087361430963
7,mlp,2774,0,0,0.9968047834887185,8.543611867407866e-05,0.0027339008999966922,6.9020319177795075e-09,2.108854666885639e-05,0.0003528502789259374,1.933764983994446e-06
7,mlp,183,5,5,7.125434425345502e-08,1.8607016370187454e-07,7.814652267920004e-08,9.476458207338286e-05,1.2234079673577774e-06,0.9999022259128691,1.4506260593274508e-06
7,mlp,12201,3,3,4.827369630363735e-07,7.178021139440141e-07,5.329460830446061e-07,0.9460915707428358,0.0031024741165038253,0.00010232457683183544,0.050701897078668345
7,mlp,4581,2,2,0.10960916827535262,0.00016336868452004844,0.8784825214959785,2.6981991464479735e-08,0.01130004506323946,0.0003914693302936361,5.3400168624371746e-05
7,mlp,8121,6,6,7.484965451259636e-05,1.575060073390509e-05,9.672202005545982e-05,0.20536803326122025,0.002943547123905433,0.003337371612449756,0.7881637257271226
7,mlp,2370,0,0,0.9996488305308053,3.564966555885489e-05,0.00020960019359995066,1.760224661114048e-08,1.2831589724329556e-05,8.880643314238692e-05,4.263984922495886e-06
7,mlp,5145,2,2,0.003332191395917962,9.422862518753848e-05,0.9961798428479575,5.754730648237858e-10,0.0003856754932829626,7.453261512467548e-06,6.078006685814126e-07
7,mlp,12957,3,3,4.173528463510621e-06,3.6444877084301156e-06,2.6625136167683167e-06,0.6800846774159087,0.09091988093231274,0.0001219833740368202,0.2288629777479529
7,mlp,9076,6,6,0.0007359355129617286,1.2489179278522187e-05,0.0006658814525233042,0.001342027972704029,0.0027958727022640963,0.00017901082175969977,0.9942687823585087
7,mlp,4243,2,2,0.017931906888241072,5.295959210622776e-05,0.9797418836919126,9.879324846862201e-08,0.0016895206424125404,0.00015100375726680135,0.0004326266348125349
7,mlp,5396,2,2,0.0002012952025831327,5.485301361785183e-05,0.9992286694996757,1.362024376350106e-11,0.0005140793518351154,1.076285636904676e-06,2.6633031333251882e-08
7,mlp,4400,2,2,0.002721526675780987,3.158087006685759e-05,0.9696652451490534,4.983391272367157e-08,0.027383958900366125,9.501849405330009e-05,0.00010262007676647621
7,mlp,12880,3,5,4.61019505032736e-06,1.1996701752866366e-05,2.8550573716192256e-05,0.09482633450782803,0.00022123514060764737,0.9009901827935138,0.003917090087531172
7,mlp,8822,6,6,0.03488346489727602,0.00012675779460193334,0.0019779425592453604,0.014186559467316272,0.00319657321547684,0.18862020421874312,0.7570084978473405
7,mlp,2654,0,0,0.9999800603472018,6.103153910920923e-07,1.4856370248422352e-06,5.643727817219102e-11,5.539034662250766e-07,1.725683703764954e-05,3.290344109358114e-08
7,mlp,5135,2,2,0.0004795193204952617,4.8939677194411875e-05,0.9991419549310464,7.1088867328464e-10,0.00032427936158247253,4.416464854673285e-06,8.895339380974974e-07
7,mlp,2406,0,0,0.9999463344094229,3.043607965384852e-07,3.7001850575753127e-07,9.157376481255737e-11,3.66394040940536e-06,4.9261405197588856e-05,6.577409390772804e-08
7,mlp,7453,6,3,2.2256261287030445e-05,1.0095673244844802e-05,9.392564413929543e-06,0.611510911667777,0.002855057139801554,0.0009671660580056384,0.3846251206354699
7,mlp,5933,4,4,1.1198657003208684e-05,6.811193551855771e-07,3.8970289781609164e-05,1.3913486550577192e-05,0.9933392367617006,1.5828814989947756e-05,0.0065801708706186525
7,mlp,10798,3,3,7.367254201480538e-09,5.0998952347518094e-08,1.6410864100463286e-08,0.9989050632147825,0.0001056070972072194,2.8363639518647853e-05,0.0009608912714208427
7,mlp,716,5,5,5.372474018583971e-06,8.12275199266604e-06,2.2602470455514025e-05,0.022731712417392018,9.982331551177129e-05,0.9745302441982483,0.0026021223723811607
7,mlp,12137,3,3,7.801760076680584e-07,1.0290562022078659e-06,5.841735558959038e-07,0.9760306576020429,0.00040331684400432625,0.00023110880159036472,0.02333252334659664
7,mlp,889,5,5,9.723839136756706e-08,2.01513426585196e-07,4.100229345947395e-08,1.0001409388449532e-05,1.1522448616521882e-06,0.9999879034674966,6.031241418118714e-07
7,mlp,12419,3,3,3.4561322883994693e-07,5.538155811208281e-07,5.675096344660809e-07,0.9838361661955844,0.0006967875872686402,0.000354180468689556,0.015111398810012793
7,mlp,9756,6,6,0.021916680219623765,0.0002012587941534296,0.019443061100413203,0.0006347996117270778,0.00044110563302351746,0.02912300036796076,0.9282400942730983
7,mlp,2178,0,0,0.9975741342918246,1.9742902688199564e-05,0.00010368018775222576,3.182819248607904e-07,4.6217449921299464e-05,0.0021890146041736408,6.689228171531272e-05
7,mlp,9819,6,6,0.0049393397604327975,4.00318692052555e-05,0.013335356232078835,0.0002527345477121667,0.003777769373979546,0.0004592827791998765,0.9771954854373915
7,mlp,1763,5,5,0.0005938795193445583,3.2507548091970015e-05,7.05128799899957e-05,0.0005726691526418603,0.00020037569078763955,0.996760881800187,0.0017691734089570782
7,mlp,6783,4,4,9.750268107948508e-06,3.363131627743338e-07,0.00036925738308604895,2.601927858269002e-07,0.9992811817531184,9.365821117979789e-06,0.00032984826862087304
7,mlp,3184,0,0,0.9952399121429082,1.7529977597607044e-05,0.004547021475610887,6.193016854057474e-11,0.00014176856578881206,5.37113526776796e-05,5.6423486689329783e-08
7,mlp,9467,6,6,0.0022568870832057717,1.3829042186758197e-05,0.001257724866878876,0.00043715946802373083,0.0009560565247451627,0.00030526467668507665,0.9947730783382747
7,mlp,8610,6,6,0.001098946369826679,2.505866106346155e-05,0.0002824425924024815,0.03490865659973163,0.0009103041724481259,0.008501330848415893,0.9542732607561117
7,mlp,4348,2,2,0.00467398965689593,3.999402137486598e-05,0.8832859940592969,7.696489957368049e-08,0.11162193907438667,0.00021708140197608354,0.00016092482117009729
7,mlp,11421,3,3,1.8728875732560493e-08,1.1306132935153897e-07,7.432745502348643e-08,0.9985724155125724,6.59447760242471e-05,0.00020009470364170032,0.0011613388901014275
7,mlp,133,5,5,1.5590585192111943e-07,4.5039609190560095e-07,4.2390298852471363e-07,0.0010109773720438,3.824132324155237e-06,0.9989736654695629,1.0502821136814692e-05
7,mlp,11702,3,3,3.843139770547613e-07,7.485416848591711e-07,3.7186006640322995e-07,0.9719466274283146,0.0009215664863645882,7.33937482658882e-05,0.027056907621326714
7,mlp,446,5,5,2.3054878442842245e-07,1.0684103767989744e-06,1.9007761583813423e-06,0.0022155523929220846,9.314882973044601e-06,0.9977294472215026,4.2485767282745604e-05
7,mlp,11621,3,3,1.8922756243884934e-07,3.5194632355426874e-07,2.0732284390620711e-07,0.9955521504572513,0.00010698226729140094,0.0006392468591171587,0.0037008719196102314
7,mlp,12221,3,3,1.338254939232525e-06,2.3263311022260236e-06,4.0491063101723705e-06,0.9642494439181829,0.00026322191510577046,0.009966110058539871,0.025513510415819785
7,mlp,11853,3,3,5.14764772008396e-07,8.667837385327476e-07,4.5450237089170183e-07,0.9796054510769391,0.0005705854884717976,0.00022117904660793992,0.01960094833709962
7,mlp,9674,6,6,0.013923274422528607,2.2834825717704442e-05,0.0015376966276401554,0.0006319641315005993,0.0006673435502715974,0.006198298469172642,0.9770185879731687
7,mlp,6799,4,4,6.861141117075601e-05,1.1245537190542848e-06,0.0005904146450420517,2.7555321626722105e-06,0.9975454656924642,5.9206798065158116e-05,0.0017324213673762297
7,mlp,5682,4,4,5.699874452549066e-05,1.2201277819857634e-06,3.2307360046572548e-06,0.0002489420355949001,0.9837147979427646,5.1526384171068256e-05,0.0159232840291572
7,mlp,5194,2,2,0.012055597631620896,0.0011621135497503438,0.9863437684381493,1.3091066753536458e-09,0.00039970324547792483,3.7971386175941254e-05,8.444397186522399e-07
7,mlp,10870,3,3,3.3424579639003064e-09,2.3759895254742934e-08,7.856147102807585e-09,0.9986861817416499,0.0002113407976387845,1.0294439928246078e-05,0.001092148062282715
7,mlp,11655,3,3,9.372680987069251e-08,4.068234184601127e-07,3.3906159203160187e-07,0.9952054451944556,7.718441685243655e-05,0.0021161565955658346,0.0026003741813057295
7,mlp,10716,3,3,4.377038096281158e-09,3.380458379955737e-08,1.6255604803588938e-08,0.9989913426794453,4.8894558120915366e-05,9.078487863732329e-05,0.0008689234465697887
7,mlp,13091,3,3,5.787894872089234e-06,2.468680835143838e-06,2.2884069808065896e-06,0.9146765466813207,0.004728616274127449,0.0006311961538945532,0.07995309590796913
7,mlp,7487,6,6,1.792702900589565e-05,7.669348713822873e-06,4.824166367958161e-06,0.35863783318426307,0.006926243032625286,0.00011057801091391933,0.6342949252281102
7,mlp,6424,4,4,6.994410634165847e-09,1.1761808265681192e-09,8.392131499469386e-08,9.124947496909394e-09,0.9999956673087402,9.197169100232077e-08,4.139502714693171e-06
7,mlp,7085,4,4,0.0002721022579533385,6.127315221276068e-07,0.0007020569937993753,4.1879444969125003e-07,0.9987917072671549,7.8751823429396e-05,0.00015435013169118263
7,mlp,1707,5,5,0.0010032731587466053,0.00010810018262890546,6.374175381795455e-05,0.0004662221501994973,0.00018527248392092205,0.9941440578535893,0.004029332417096954
7,mlp,3524,1,1,5.521208409112859e-05,0.9998496523560859,9.511475465750269e-05,1.2945233730160326e-19,2.000836993984391e-08,7.967953014727437e-10,1.1118264811741451e-20
7,mlp,605,5,5,1.3106271449297742e-07,3.117485073607119e-07,1.9429262864508293e-07,8.99733404428868e-05,2.2368250876394133e-06,0.9999045345244413,2.6182061776802975e-06
7,mlp,7152,4,4,1.2292708335947435e-06,2.7297843890388637e-08,1.777064557587034e-05,4.764108005601723e-09,0.9999377346033569,1.4742122354914394e-06,4.1759206046356204e-05
7,mlp,8564,6,6,0.0024868456529341864,3.0475918403790455e-05,0.00031729123913408806,0.01626080357705017,0.001551388899758435,0.0032107832058228315,0.9761424115068966
7,mlp,1670,5,5,1.4811570053180498e-05,6.288966827854944e-06,3.8840589554363235e-05,0.000822670275703999,3.359447633871213e-05,0.9981760125782779,0.0009077815432438983
7,mlp,8051,6,6,0.0008031698922707322,4.652993955852448e-05,0.0001292543505027421,0.05605688009016388,0.001972693442292218,0.0011947660997376143,0.9397967061854744
7,mlp,12480,3,3,6.016450946596271e-07,6.772861924392673e-07,5.587385145932718e-07,0.9818678302157846,0.0009904380894713097,0.000360080335042648,0.01677981368989951
7,mlp,2551,0,0,0.9481160661005665,0.00037927519612592875,0.050528254408625725,5.840418140193532e-08,0.0005945903186647725,0.00035013311262181056,3.162245921379709e-05
7,mlp,12233,3,3,6.494071665996872e-07,7.240149984582239e-07,4.1343238934391687e-07,0.9853791232984508,0.00045938391990583044,0.00014501268788643846,0.014014693239202868
7,mlp,13488,3,6,0.00020230777829557286,1.8798483336958258e-05,6.361317452766553e-05,0.21283180598421014,0.0017176243774839016,0.004988549147877038,0.7801773010542689
7,mlp,4174,2,2,0.011312439021053845,9.090292469355338e-05,0.9868642910577758,2.83548065694582e-07,0.0006504538702760788,0.0001429371343313574,0.0009386924438036412
7,mlp,7571,6,3,1.1319518669669081e-05,7.457537834418792e-06,1.8579830701103916e-05,0.6608639678678861,0.0020508729426739203,0.0025504099269442644,0.33449739237529047
7,mlp,3392,1,1,0.0003146721684144516,0.9996629857414219,2.1956351276130347e-05,2.2809070390334105e-16,1.2759717156262432e-08,3.729791702314575e-07,1.7412265023706436e-17
7,mlp,9027,6,6,0.0008966692552024789,1.3161670859713196e-05,0.0004673860470514501,0.0014433329767432933,0.00015317972989010558,0.000787068700297826,0.9962392016199552
7,mlp,3134,0,0,0.9996031738557346,3.62773753703582e-05,0.00034614007925444886,3.585634110705675e-11,2.0703668216119164e-06,1.2329281310950357e-05,9.005651448889926e-09
7,mlp,11947,3,3,1.147484762608123e-05,5.168533293884882e-06,4.0076794484760074e-07,0.8631850453342413,0.009435956998556323,0.00012593860391551704,0.127236014914422
7,mlp,12521,3,3,3.430032729049121e-07,5.21102885308753e-07,6.06388721805804e-07,0.9730058008645828,0.0012558309708260297,0.0002553804329753079,0.02548151723673558
7,mlp,13327,3,3,4.3545442445228144e-05,7.2572040587801045e-06,6.2228925038242365e-06,0.7407671153168461,0.01030696804185062,0.0020956405270469666,0.24677325057524846
7,mlp,10990,3,3,2.6284241913011963e-08,9.297252411022818e-08,2.0933052567972202e-08,0.9968606176546017,0.0004739543733564701,2.5755878449899803e-05,0.0026395319037734663
7,mlp,6090,4,4,9.036461085740634e-07,7.879818779910379e-08,4.3779898484478463e-05,1.223652614536084e-06,0.9997331726645506,3.18905722331638e-06,0.00021765228283073196
7,mlp,2493,0,0,0.9994992101028357,2.1920410857148216e-05,0.00029683059858142167,9.154357409533536e-09,1.3706875324897296e-05,0.00016318116092118117,5.141697122158259e-06
7,mlp,3083,0,0,0.6701161171725423,0.0016587612250975482,0.2877904565865397,7.841854674954688e-10,0.04007733176374312,0.00035606954210379846,1.2629257881343102e-06
7,mlp,10940,3,3,8.379092680841173e-09,5.902325576229006e-08,2.389427402162506e-08,0.9987826587525659,9.449813100090505e-05,3.6904927986087765e-05,0.0010858468918247704
7,mlp,7323,4,4,0.0010005935681835264,9.110628563327424e-06,0.12366715087038542,1.666943045712217e-07,0.8747594005628563,0.00022159863942678262,0.00034197903628007336
7,mlp,5782,4,4,1.2835903875957348e-06,2.8169442608671515e-07,7.165968727259759e-06,0.00011529051766181125,0.9991231282095507,1.3299544972266676e-05,0.0007395504742742186
7,mlp,4514,2,2,0.0009243297398486036,5.0359866189870024e-05,0.9609258524054293,1.1067451237584598e-09,0.03800171466372744,7.865294072675011e-05,1.9089277332994436e-05
7,mlp,13418,3,3,0.00015305069362127783,2.987877474713552e-05,7.924464783314583e-05,0.5034308926494914,0.0022095973369745995,0.014121928000370414,0.47997540789696197
7,mlp,3621,1,1,1.2616586784239727e-05,0.9999858234338601,1.559571138523795e-06,2.0390060121086393e-21,3.632151323339098e-10,4.500192808725624e-11,5.099440538594747e-23
7,mlp,5115,2,2,8.713054348536073e-05,9.977005074791891e-06,0.9985973910937009,1.3687082136192845e-10,0.0013029705443413102,2.127075028602436e-06,4.036014978275167e-07
7,mlp,3330,0,0,0.8625520654163116,0.01591084085462669,0.12122742680132827,1.6453097839051877e-10,6.217893633238191e-05,0.0002474748575108365,1.2969359546334448e-08
7,mlp,6460,4,4,2.644444853739813e-07,9.374123320613106e-09,7.73640503602953e-07,5.8687348684283335e-08,0.9999556549484728,7.638519221957967e-07,4.247505314395212e-05
7,mlp,5585,4,4,7.72463425648818e-10,3.8129752942897675e-09,1.2923979262846247e-08,4.292086971322639e-06,0.9999789143066219,4.8401632889175385e-08,1.6727695356047107e-05
7,mlp,4454,2,2,0.11406288464124083,0.0005558008961331284,0.8843519723053554,1.2043520871483968e-07,0.00040953191512848686,0.0005125406786239666,0.00010714912830936795
7,mlp,1484,5,5,4.379021886480501e-06,2.9607168408768735e-06,5.7475717596797045e-06,0.00023129841436246625,1.2932669312759426e-05,0.9995618857780677,0.00018079582777015478
7,mlp,8652,6,6,0.0004240817387197407,1.540351044098111e-05,0.00021715236690460297,0.01111074184860002,0.00040874807819008777,0.0012874494892847878,0.9865364229678598
7,mlp,5112,2,2,0.027703674664449795,0.000543735665579484,0.9712923785941788,2.698876056325285e-09,0.0003512772554160585,0.00010768803017879217,1.243091321014059e-06
7,mlp,7131,4,4,0.0014750971144573072,3.6213021160461286e-06,0.0034280051281037525,1.7568661953703314e-06,0.981572698523794,0.0003050172519459585,0.01321380381338755
7,mlp,5836,4,4,2.061995478101186e-06,4.359695365898869e-08,2.0563161613901688e-07,1.0120082870097679e-05,0.999461379492363,6.194310557414563e-06,0.0005199948901615988
7,mlp,2429,0,0,0.9997159973180496,2.709848161880865e-05,3.9874165834298115e-05,8.646356807629929e-09,3.3218431769437493e-06,0.00021277441492721142,9.251300363387294e-07
7,mlp,6782,4,4,0.00613925699513994,4.541202759384e-05,0.08304494095210699,8.804043702848026e-06,0.8683363571157972,0.0006072134248198336,0.0418180154408395
7,mlp,1141,5,5,2.000243208986514e-05,4.304969444953288e-06,7.304775956376998e-06,0.0006063660906309781,2.9238315954522016e-05,0.9988119530735016,0.0005208303424215663
7,mlp,6411,4,4,1.1739679096946302e-07,1.2807511778090486e-08,2.5167783843913654e-06,5.216156582695096e-08,0.9999520036454445,4.698438640732602e-07,4.482736643854137e-05
7,mlp,314,5,5,2.5411621267731113e-07,1.1145081904970958e-06,1.9288446698673107e-06,0.003547851947062627,1.0527232388598922e-05,0.9963895255381934,4.87978132823124e-05
7,mlp,10973,3,3,7.691690964919073e-09,6.32213794572571e-08,2.7146465519793537e-08,0.9990809089699972,7.003431257872831e-05,4.9377036788908235e-05,0.0007995816210992832
7,mlp,8647,6,6,0.0010370652528016216,1.3451140294606662e-05,0.00018571978204358897,0.006885476061734455,0.0005418276223384667,0.0020992445821919046,0.9892372155585953
7,mlp,4953,2,2,0.0010218839214217333,2.258253132796364e-05,0.9701720132884891,6.609958243204885e-10,0.02874827204725357,2.774316403279151e-05,7.504386479045229e-06
7,mlp,804,5,5,3.324820800975855e-07,8.901351496899551e-07,1.4994292301005773e-06,0.00048236597152639813,6.415425646658542e-06,0.9994848974029524,2.3599153414540307e-05
7,mlp,5800,4,4,5.465804116818846e-09,5.8003784850240056e-09,8.652599525497249e-08,8.474355066182135e-07,0.9999847810090572,1.8577244792071747e-07,1.40879908104164e-05
7,mlp,6934,4,2,0.008060982937852835,3.0863128633178266e-05,0.49009002352725717,9.067067030342971e-07,0.48655292780612047,0.0006683050587411689,0.014595990834692265
7,mlp,10489,3,3,7.414168954550237e-10,1.0118583029560787e-08,1.8502346582526234e-09,0.9996212987018098,0.00010672819643218954,2.340302022518293e-06,0.00026962008950105537
7,mlp,5479,2,2,0.017565028827224393,0.019656503239376788,0.9626516890731794,5.959581563291222e-11,9.003454837044103e-05,3.673957235949232e-05,4.6798937170298534e-09
7,mlp,465,5,5,1.1818193145328428e-05,6.831359036929584e-06,8.008899802859645e-06,0.005438322895471036,5.347639480812534e-05,0.993276965474633,0.0012045767831028102
7,mlp,4183,2,2,0.002635891782423113,3.786736345212682e-05,0.9798652375915263,2.5384388211999074e-07,0.01683277533061987,0.0001366974216105488,0.0004912766664858638
7,mlp,2233,0,0,0.9966223315951296,3.142862429155958e-05,0.0020609222513741144,2.839506565890757e-07,0.00019517611057225952,0.000779940905539386,0.00030991656243658193
7,mlp,248,5,5,1.1111509486086599e-06,1.6375647685575057e-06,1.3413576726689512e-06,0.001514869112031025,1.0499753484571363e-05,0.9983998978400471,7.064322104745572e-05
7,mlp,13078,3,3,3.249968494185158e-05,1.3337542874726397e-05,2.7483470588566132e-05,0.7862454531731432,0.0011801710922030553,0.009095079194100833,0.20340597584214767
7,mlp,4215,2,2,0.08045682376745106,0.00014443085207023132,0.9105751698751944,3.099806307203736e-07,0.006931052241596963,0.001357899369853294,0.0005343139132033254
7,mlp,13423,3,5,0.00011285657417399096,5.7897365982458476e-05,0.0002140307406338258,0.3741935694614634,0.001380174808474058,0.5192011386461928,0.10484033240307945
7,mlp,10416,3,3,6.454876993553133e-10,7.734921646350302e-09,7.407642049131048e-10,0.9951953574121143,0.004158472318632566,4.4063975326532816e-07,0.0006457205083261323
7,mlp,10448,3,3,5.9033407746462635e-09,3.591167470260587e-08,6.265112912223505e-09,0.999271402001083,8.125609112164972e-05,4.949953201134534e-06,0.0006423438744659929
7,mlp,6612,4,4,0.0007248430201874633,1.0954158014790535e-05,0.011098733679143916,6.7193521233937895e-06,0.9567178998770138,0.000169000354509715,0.03127184955900667
7,mlp,8751,6,6,0.0002802239766969696,8.295057265773049e-06,7.825261235273769e-05,0.003138695625799689,0.0006761332783937757,0.00011034205186576196,0.9957080573976254
7,mlp,10664,3,3,1.4935536092953123e-09,1.4195981227711519e-08,2.4551684670553106e-09,0.9992243111073114,0.0003025295326375221,3.1527494897161835e-06,0.00046998846585827997
7,mlp,9858,6,6,0.005319855878944445,3.2863729552464203e-05,0.017438100648510292,0.00029683052301157447,0.002977517605107869,0.0006150331153704931,0.9733197984995029
7,mlp,7190,4,4,0.00195866942235438,1.044404001184184e-05,0.04037324317447029,1.8049148089512212e-07,0.9572074090210267,0.00019561152420611408,0.00025444232644960434
7,mlp,10133,3,3,5.863615668807308e-11,1.526868335992073e-09,3.1369207933648683e-10,0.9999614116819342,8.835706808571177e-06,4.2123652352585686e-06,2.5538346825268556e-05
7,mlp,8860,6,6,0.006387115089533869,4.916906946336473e-05,0.001240938265999845,0.003506928515184221,0.00043943511451002403,0.010542913932723682,0.977833500012585
7,mlp,6938,4,4,7.209237418699924e-05,2.4434971609764903e-06,0.004695687025817578,9.917425141329493e-07,0.9858028072260564,5.503717616513419e-05,0.009370940958098812
7,mlp,2139,0,0,0.9933089060525492,3.505780840237634e-05,0.0023413127696141674,2.6884595966612224e-06,0.0007629171491174933,0.0014981950392665944,0.0020509227214538855
7,mlp,12435,3,3,8.063176393558367e-07,1.1306856438083993e-06,1.1394225709802276e-06,0.9809055814208737,0.00029124242821003914,0.0005571966358912571,0.01824290308917103
7,mlp,1428,5,5,2.9164789831254183e-05,1.7494760535699622e-05,0.00011666015349705797,0.01415500468078529,0.00016444756216379305,0.9796158712510665,0.005901356802120307
7,mlp,5747,4,4,4.38921236124253e-06,3.320221568728299e-07,2.3619959603313737e-05,2.0001857455791327e-05,0.9981458512080378,9.291608609671618e-06,0.0017965141317753026
7,mlp,12599,3,3,1.1750861439599261e-06,9.235087422294995e-07,5.748186495292389e-07,0.9699562455772415,0.0012908107455854812,0.00022992072769398205,0.028520349535943318
7,mlp,11108,3,3,1.6876871194585462e-08,8.223232821861538e-08,5.207331438729193e-08,0.9977675318663495,7.947375294259548e-05,0.00010520374916637449,0.0020476394490278986
7,mlp,1616,5,5,1.7406114611474692e-06,9.694254963770935e-07,7.194449164328265e-07,1.9103060033518087e-05,3.866202860796153e-06,0.999961369696998,1.2231558233564837e-05
7,mlp,5220,2,2,0.014468277671309988,0.0006141111231444448,0.9842573689905162,1.6806294270872877e-09,0.00047423203235580905,0.00018546578224758282,5.427197963396508e-07
7,mlp,7426,6,3,5.58020207172027e-06,2.92666795802843e-06,1.557019316122056e-06,0.832733651742855,0.003549477271256869,0.000398848753916421,0.163307958342626
7,mlp,4737,2,2,0.0069951172304686,7.73457243493021e-05,0.9920679230857878,5.784184878776029e-09,0.0008200275500097784,2.6603805095748504e-05,1.2976820103877938e-05
7,mlp,7828,6,6,0.0004981220127949139,4.812665199686948e-05,0.0001424724829044131,0.4116872170750203,0.002180031719176814,0.12026189601309775,0.4651821340450089
7,mlp,682,5,5,6.227720617920785e-07,1.3225820993559377e-06,3.308359550058017e-06,0.0016023394888962893,1.1096193310056905e-05,0.9983169271693736,6.438343470873721e-05
7,mlp,11479,3,3,2.746769104375343e-07,5.816814247563506e-07,3.6960066968422773e-07,0.9833974547929916,0.000261477459713611,0.0003535001716751612,0.01598634161661459
7,mlp,8259,6,6,0.0002208226761916735,1.3028223349214355e-05,8.650254537577286e-05,0.01258389742600309,0.001138406474303249,0.00028028941814266456,0.9856770532366342
7,mlp,10149,3,3,4.711635351035649e-10,6.2803238236982e-09,8.612544925328134e-10,0.9998046008414107,4.598739083290538e-05,4.862902422292294e-06,0.00014454125259245713
7,mlp,6554,4,4,0.04710928369823364,9.383065950114234e-05,0.04358627369318723,7.654479770549277e-05,0.8461739091580968,0.002807835403853376,0.06015232258942223
7,mlp,6705,4,4,0.0004647411144860582,1.1514653528796233e-05,0.0181960121867109,7.284737928299327e-06,0.9545307436183126,0.00015506829049594345,0.026634635398537405
7,mlp,10521,3,3,9.782794742419317e-10,1.945661878720954e-08,7.911322801841791e-09,0.9997657390041534,1.2052981417147998e-05,0.00011274641306300041,0.00010943325514530303
7,mlp,12371,3,3,2.073850698653393e-06,2.2293465094053853e-06,2.3785652700564454e-06,0.9674894436458259,0.00031254786712301194,0.0017479566032696228,0.03044337012130338
7,mlp,8793,6,6,0.0031574192361110863,8.228637790989418e-05,0.0014318216450742902,0.025353362244096535,0.0010939409044825649,0.05534043117643694,0.9135407384158887
7,mlp,12913,3,3,7.592825735063164e-06,6.733679635136394e-06,1.2308773610939285e-05,0.9208787194675921,0.0005677675194045168,0.004791813034153095,0.07373506469986901
7,mlp,12667,3,3,6.255334764842876e-07,4.530447633234209e-07,2.18814282321041e-07,0.9735500776142654,0.0025859393022780734,0.00012478916230621625,0.023737896528628323
7,mlp,1930,5,5,0.060519534986358765,0.00018990179486987754,1.8155757723665382e-05,3.537622109832267e-05,0.0001609745251050021,0.9387692681802549,0.0003067885345896155
7,mlp,11720,3,3,7.676689290557709e-07,4.199597135076163e-06,4.338239990033179e-06,0.6932461098581183,0.0002344521997482442,0.3033355882866235,0.0031745441494558323
7,mlp,10309,3,3,3.599977886239708e-10,6.342813131488634e-09,2.3849939104578042e-09,0.9998694028195135,9.940504486858412e-06,3.075324086633546e-05,8.989434732850976e-05
7,mlp,7446,6,6,2.968426089133404e-05,1.3549688961000225e-05,2.689266834750928e-05,0.43484190232754394,0.0014340389125240944,0.002864477709289325,0.5607894544324427
7,mlp,2590,0,2,0.13658115353046987,0.0003376529007050605,0.8565389029568653,7.609471222886833e-07,0.0026626640684773,0.0032108644511087115,0.0006680011452516401
7,mlp,12891,3,3,9.404050155144467e-06,2.8463750949719017e-06,1.718664624464836e-06,0.8930215801732054,0.0046994289597465004,0.0007009117755488882,0.10156411000162462
7,mlp,13397,3,5,1.547474239673762e-05,1.4519244615671361e-05,8.192162162928597e-05,0.024330786175085852,0.00017144419620802032,0.9697323517601216,0.005653502259942647
7,mlp,10006,3,3,1.7859300886031447e-11,4.983489545164099e-10,8.712906432368897e-11,0.9999871617410179,2.2292718394561205e-06,3.7835262011185227e-06,6.824857604161038e-06
7,mlp,9176,6,6,0.0007460633059033539,7.990920912496764e-06,0.00039587861055246525,0.0008421342125878356,0.00020916775802741358,0.0006898349723718449,0.9971089302196446
7,mlp,3653,1,1,2.7377472109824117e-06,0.9999636765684207,3.358349044969795e-05,6.31118982845821e-22,2.184169515476793e-09,9.74907854421869e-12,8.648845149158986e-23
7,mlp,12980,3,3,1.4937210897795951e-05,1.27082556504985e-05,3.14628197931197e-05,0.8785453607645485,0.0006967409217821641,0.045068207639208324,0.07563058238811966
7,mlp,12780,3,3,2.9738806052350384e-05,2.6491894756084106e-05,6.505665810701804e-05,0.6090747795787704,0.0008284704924996184,0.32694188002870644,0.06303358254110804
7,mlp,4863,2,2,0.0040714275254584075,4.920082168171467e-05,0.9945543114868891,4.632233153665144e-09,0.001279290725064276,3.802764861216634e-05,7.73716006105303e-06
7,mlp,3536,1,1,1.2952546122845897e-05,0.9999811915971003,5.8536230118876455e-06,7.399530438592851e-20,1.4747627789102832e-09,7.590020386258201e-10,2.0096215671716176e-21
7,mlp,12368,3,3,6.425316879144402e-07,8.178491000636656e-07,6.427857609100484e-07,0.9513059781187602,0.0030703834259492675,0.00012158349106235397,0.045499951797679336
7,mlp,11313,3,3,8.440312832616819e-09,3.467742821120508e-08,6.747676448189867e-09,0.996407323617276,0.0017599939012748927,8.873276529581214e-06,0.001823759339501958
7,mlp,6863,4,4,3.5479137205309196e-06,1.9155905447037123e-07,0.00018590669674327097,7.958491009962318e-08,0.9989733536055547,4.920461176486908e-06,0.0008320001788402458
7,mlp,2627,0,0,0.9997562783656208,1.829506459740945e-05,5.6566327794550055e-05,1.7047318261978021e-09,2.5737455901867106e-06,0.00016591453037948214,3.702612857950131e-07
7,mlp,4112,2,2,0.08340130451026927,0.00014018246574863365,0.911625921929574,5.543717442377689e-07,0.003242452605056061,0.0006518741785590963,0.0009377099390486498
7,mlp,2515,0,0,0.999943830186425,2.2895240340739748e-06,1.022128887794679e-06,3.116853333959706e-10,8.124601206533678e-07,5.1970648894510436e-05,7.473995272675863e-08
7,mlp,6345,4,4,7.094621340598978e-08,7.509923560134932e-09,6.133942258244363e-07,2.4201992057716324e-07,0.9999854439235633,7.169795136229998e-07,1.2905226639644952e-05
7,mlp,8571,6,6,0.0007186061726600412,2.372477720817174e-05,0.00027114058988171336,0.004669438687335112,0.0004683436332303876,0.00043807284466455555,0.9934106732950201
7,mlp,1980,5,5,0.00022972358772221165,3.469762143023895e-05,0.0003116082908306566,0.00014617953379830054,7.215877184001747e-05,0.9977732764687914,0.0014323557255871227
7,mlp,11235,3,3,3.8256926117476944e-08,2.052124860585441e-07,1.0864942380412044e-07,0.9981446883015224,6.57133594940296e-05,0.00016829340657659932,0.0016209528135709462
7,mlp,5416,2,2,0.24453247822379287,0.028284173885353262,0.7269559897567206,1.0114724413920723e-09,0.00015576374880297742,7.148837700954236e-05,1.0499684829353027e-07
7,mlp,12515,3,3,6.843841459748035e-07,1.009359705869772e-06,1.2344340499907583e-06,0.9798340982205963,0.00045377471876438676,0.0008126126157278339,0.018896586267009647
7,mlp,5066,2,2,0.3251122171287492,0.0004304966768097116,0.6710337610455293,2.1621721076572147e-09,0.003254267678256317,0.0001675970562383579,1.6582522452455487e-06
7,mlp,588,5,5,2.4292801742030876e-06,4.406279303289717e-06,8.709791453699764e-06,0.008008204070346789,4.1847358834263194e-05,0.9913597578782742,0.0005746453416136198
7,mlp,1175,5,5,5.982847633466407e-05,1.9231632434427472e-05,3.971626284120485e-05,0.004214818422960433,0.00010345691944392771,0.9908710855842064,0.004691862701778863
7,mlp,11719,3,3,4.419800339619873e-08,1.4569762426196654e-07,9.879217345403127e-08,0.996045375142461,0.00022753456535586227,0.00013322893074525292,0.0035935726736366076
7,mlp,1880,5,5,0.00011344700259191445,1.4015780241303706e-05,5.97323794787333e-05,0.00014734054279514353,4.538035669789893e-05,0.9984441359397334,0.0011759479984616789
7,mlp,127,5,5,1.5128155351857285e-07,1.2383925712647435e-06,1.4770934455676333e-06,0.008805078073576436,1.3474581470860826e-05,0.9911304822388983,4.8098338484187435e-05
7,mlp,8931,6,6,0.0011982049131875165,2.692798519997516e-05,0.00025044204538739596,0.049080375006106486,0.004198769203561699,0.01446346693763609,0.9307818139089209
7,mlp,4178,2,0,0.6150685554687035,0.00035681856620803896,0.3800838093791116,1.2541762493669568e-07,0.003851945153829745,0.0005542246923430043,8.452132217906642e-05
7,mlp,2898,0,0,0.999973848073197,1.9698112475310624e-05,1.948025082062089e-06,2.511918064835426e-11,2.5791871279404273e-07,4.245846715697425e-06,1.998697852003129e-09
7,mlp,10578,3,3,2.4213180797431394e-07,7.79505768763705e-08,3.7159943148085687e-10,0.9978186951820971,0.00022631432213387104,1.6925120656776492e-05,0.0019377449211280813
7,mlp,4698,2,2,0.0011197435191613598,2.967309975241684e-05,0.9977668727004738,1.904201443748389e-09,0.0010653918233108628,1.2249126514850538e-05,6.067826585136443e-06
7,mlp,4068,2,2,0.008008481464926899,5.302378292114454e-05,0.8986262627189644,4.256777731988191e-07,0.08986890295516312,0.0003230379053958988,0.0031198654948551936
7,mlp,13087,3,3,7.526550366807325e-06,3.1277207899089994e-06,4.452192544165917e-06,0.9353163982590341,0.0008216915555506715,0.0032931079868069586,0.060553695734907445
7,mlp,5516,4,6,5.612498162428031e-06,5.5115591465591516e-06,2.4132200294275163e-06,0.3870339888404618,0.014455468619713432,3.6040040130048895e-05,0.5984609652223564
7,mlp,2414,0,0,0.9996191391804715,4.116884298783709e-05,5.088443061927941e-05,1.5041397893038168e-08,3.856762721743263e-06,0.0002836435779403987,1.292163861263378e-06
7,mlp,480,5,5,3.595281525989039e-06,2.1822746740783002e-06,3.3953460468075048e-06,0.002689482925735981,2.5004588480669322e-05,0.9970179754696649,0.00025836411387161946
7,mlp,5053,2,2,0.006683930225227921,0.00021094881267260494,0.9927382597717705,2.564956891499864e-09,0.0003216176452272206,4.3517551935099326e-05,1.723428209387627e-06
7,mlp,12533,3,3,6.851032506302205e-07,7.427974980319239e-07,6.030754089005149e-07,0.9566987795580509,0.003756207090118854,0.0001275733226671855,0.039415409053005286
7,mlp,3173,0,0,0.999999433112179,1.6101316607026705e-07,8.462358215822132e-08,3.0155822062756904e-14,7.898052611262464e-08,2.42255510549612e-07,1.5005661390466066e-11
7,mlp,604,5,5,7.322442373078026e-05,3.184301427235708e-05,4.7326257687959974e-05,0.08678321776594794,0.0004913191526539957,0.8988957715460851,0.013677297839621938
7,mlp,557,5,5,3.4881787782354467e-07,7.189138331041773e-07,1.1359430388375602e-06,0.0006120460276256217,5.628107046578154e-06,0.9993528940245459,2.7228166032149517e-05
7,mlp,7824,6,6,7.060923146283646e-05,1.817812383324013e-05,4.682650204688055e-05,0.3100309403523094,0.0018292091926685496,0.001877715464229689,0.6861265211334494
7,mlp,8163,6,6,6.0147372540187655e-05,1.1701193945331358e-05,5.690794748420565e-05,0.08950117822741963,0.008860201428824375,0.000468620023603636,0.9010412438061826
7,mlp,6902,4,4,5.287082916202757e-07,3.039132467072955e-08,2.0243513111455945e-05,2.8640411484643565e-07,0.9999623609871194,3.821438782296583e-06,1.2728557255659148e-05
7,mlp,9648,6,6,0.0047022537452056975,1.5758221131455748e-05,0.0009437569929575768,0.00045534497295473837,0.041903982547803836,0.0008522763124530474,0.9511266272074937
7,mlp,1720,5,5,0.07741689413409163,0.00016277556492225433,1.2397601053571101e-05,0.0002991089441164415,0.0004273386230561091,0.9207104238586564,0.0009710612741035222
7,mlp,1066,5,5,6.8515104842287555e-06,3.7469821460513443e-06,1.1000332897985623e-05,0.0014723448114479028,2.5763048132362496e-05,0.9979519063681215,0.0005283869467698096
7,mlp,8911,6,6,0.0012536904312294317,1.3905848545675158e-05,0.00038099254165010007,0.0033668686807908446,0.0002590007524103867,0.005151690108877513,0.9895738516364961
7,mlp,8232,6,6,0.0004242365468224439,2.6888964921551776e-05,0.00019897603174425923,0.09203040689706035,0.0008875871424501268,0.013919292247598743,0.8925126121694025
7,mlp,2479,0,0,0.9902668551591192,0.0003160394663462575,1.4131710643840648e-06,2.1741284787013278e-08,6.02886644359442e-06,0.009409454235425977,1.8736031573675432e-07
7,mlp,7992,6,6,0.00017339650126741913,1.5234330340189968e-05,8.621743534647301e-05,0.08406103974105518,0.001517923091436907,0.003271325415026147,0.9108748634855278
7,mlp,12608,3,3,1.0207985238661552e-06,1.3627978400211188e-06,1.9412075968786723e-06,0.9634905209415757,0.0007145899930931066,0.000915711604436283,0.03487485265693392
7,mlp,12772,3,3,9.734356833151421e-06,6.7566097940268674e-06,1.1070454521447532e-05,0.9138837360560798,0.000589036517767693,0.04126547335631281,0.04423419264869128
7,mlp,13452,3,6,9.496673225391435e-05,1.2784715036693636e-05,3.5482944967040615e-05,0.06920863488525192,0.0018353562505950345,0.0003653701090684333,0.9284474043628269
7,mlp,9046,6,6,0.0010536186719730658,2.042582046926305e-05,0.0005621815054526853,0.004954383736981514,0.00025258250673536987,0.0021412410297035602,0.9910155667286844
7,mlp,10061,3,3,1.463688258435077e-10,2.4405733600324603e-09,5.482383110750739e-10,0.9999516370474852,4.013834352850176e-06,2.0965747590993315e-05,2.3380235390154583e-05
7,mlp,6283,4,4,7.485524989942572e-07,1.1140337211077913e-07,0.00023096413539607234,1.1670991867768773e-07,0.9990973112658235,2.6252329508109703e-06,0.0006681227000398379
7,mlp,13451,3,6,0.00012073681002382046,1.4883719131254418e-05,2.1232146874642927e-05,0.4044546729129917,0.009669757867495457,0.0016665211483942795,0.5840521953950888
7,mlp,1478,5,5,0.00016116347300039937,2.762092752577279e-05,0.00019247370034389412,0.0062871271438222215,0.0001910314111691287,0.9770525202774999,0.016088063066638767
7,mlp,12770,3,3,6.6002184592572965e-06,4.736232361845425e-06,7.237966975288961e-06,0.8822798576738473,0.0010175985789612674,0.002565500348246283,0.11411846898114879
7,mlp,1666,5,5,0.000886790609426259,5.2147901050033395e-05,2.7322841202795616e-05,0.00032415281261219517,9.375162999867401e-05,0.9974898334736569,0.0011260007320530732
7,mlp,10302,3,3,7.60852978377102e-11,1.356602922507852e-09,1.6213435346170912e-10,0.9999051609009078,5.0944241450782584e-05,1.9779291238407374e-06,4.191533369487635e-05
7,mlp,476,5,5,5.65758818442931e-07,1.8198672968869662e-06,3.174799653442913e-06,0.0034714036535836703,1.4745279161757254e-05,0.9963946882557196,0.00011360238576610478
7,mlp,13170,3,3,7.421058607699906e-06,3.1529176569980373e-06,4.806325704041458e-06,0.9347435237546126,0.0008880765462757354,0.0028945567305209714,0.06145846266662199
7,mlp,4359,2,2,0.016315009248016384,0.00026496457738475873,0.9820155694257688,1.0760537545110987e-07,0.0010823043177968258,0.00011537344722412478,0.00020667137843379503
7,mlp,10681,3,3,5.086153859367905e-10,4.9732955768045016e-09,7.583255876743991e-10,0.999776847604184,7.262311004892028e-05,5.768050729671126e-06,0.00014475499480112028
7,mlp,5157,2,2,0.01512895796098032,0.00030940619340732566,0.983497651124635,1.708535937923999e-09,0.0009955144447839172,6.77797313828618e-05,6.888362744977982e-07
7,mlp,1235,5,5,4.598483686438591e-06,4.853888075415747e-06,1.1324373805350358e-05,0.0011763043547689503,2.5292275314896922e-05,0.998353983816092,0.00042364280825697145
7,mlp,1644,5,5,5.848979502531008e-06,1.7855148397899116e-06,5.94822674780972e-07,1.134852644973688e-05,5.616204649184362e-06,0.9999619348950921,1.287105679181011e-05
7,mlp,2213,0,0,0.9282281407868985,0.0002467929670056719,0.05189358171233111,6.023136905105053e-06,0.0006562771828003219,0.006944776016518983,0.012024408197540281
7,mlp,12584,3,3,3.32746447551177e-06,3.087272760156378e-06,1.6954462447484675e-06,0.7786318581429192,0.006966636353479748,6.28044722697336e-05,0.2143305908478509
7,mlp,10821,3,3,3.0574159902266513e-09,1.8435834765879942e-08,2.2935765915722377e-09,0.9983834349151416,0.0006724053566468485,1.828224512312588e-06,0.0009423077168720488
7,mlp,2118,0,0,0.9878461492713414,0.000288544416230054,0.00012695505257098779,8.104032144900737e-06,9.948050728764154e-05,0.011235697590129498,0.00039506913029541406
7,mlp,6391,4,4,4.6213643098223796e-06,1.2883844196909054e-07,6.220921690010396e-05,1.7500762893182718e-06,0.9997539576559373,1.234208708954974e-05,0.00016499076103182383
7,mlp,1796,5,5,0.035907299870017624,0.00045277870552305863,0.00011031987178521135,0.00044583642921810487,0.0004489698890002109,0.955292281455156,0.007342513779299834
7,mlp,4875,2,2,0.006788465442010025,4.498665711704614e-05,0.9909697891744854,7.046332392854533e-09,0.002051565062653093,0.00011290449869908031,3.228211870277995e-05
7,mlp,11543,3,3,1.7262070144266624e-08,1.0047572395058289e-07,6.461148681159699e-08,0.9987460224013247,6.260288610245874e-05,0.00021594569164076587,0.0009752466716512135
7,mlp,4684,2,2,0.05297690665206579,0.0008059261688367623,0.9454615866149372,2.00793927916915e-08,0.0006448561206759985,9.358043095856244e-05,1.7123933133062375e-05
7,mlp,2714,0,0,0.9884194532338777,0.0002699830035410493,0.010967849781403975,3.2633119438072814e-08,2.570739694388052e-05,0.00030907542389782794,7.89852721627331e-06
7,mlp,4396,2,2,0.0009803380974610766,2.579993022603722e-05,0.9864640586952149,3.7374098197186424e-08,0.012391295070381529,4.7890147768370955e-05,9.05806848498881e-05
7,mlp,12607,3,3,3.4368644090287704e-06,3.5255943686517517e-06,6.8757739234033036e-06,0.9310507992206728,0.0004230214081055776,0.006672748255351833,0.061839592883168835
7,mlp,11789,3,3,2.6314617490713593e-07,6.305597924520738e-07,4.900066364390983e-07,0.9934753319066029,0.00011438705214734626,0.0010707060274089014,0.00533819130123703
7,mlp,10022,3,3,8.428850433048905e-12,2.3235039595505188e-10,9.625080429231813e-12,0.9992749764019334,0.0006852052365645845,2.1446805044775003e-08,3.979666429282718e-05
7,mlp,12009,3,3,3.883066989636029e-06,2.540627008389635e-06,1.3276823123388918e-06,0.9470237046501181,0.001095149497961143,0.0007964125633897092,0.05107698191222067
7,mlp,4996,2,2,0.3786744261228882,0.001489216053462569,0.6191232039482117,6.997825118553542e-09,0.00029385998406959056,0.00041574632185896704,3.5405716838888792e-06
7,mlp,447,5,5,5.034461773837183e-07,7.211983793113767e-07,6.667075223720266e-07,0.00035452924996245234,4.370978996915435e-06,0.9996157986267301,2.3409792231591214e-05
7,mlp,12654,3,3,1.7788276748771499e-06,6.903655487444906e-07,2.4145184783765313e-07,0.9450723147439756,0.010889201484917996,0.0001117946099245919,0.043923978516110254
7,mlp,12532,3,3,2.439270641431066e-06,1.5635413369439356e-06,1.0352540443775076e-06,0.954243106643299,0.0007382801742264653,0.0005996880943611557,0.04441388702209056
7,mlp,11478,3,3,1.1077363203606528e-07,2.4148638569113223e-07,5.012941865159377e-08,0.9846596046176609,0.0019953385494910327,1.4674845138791241e-05,0.013329979598273036
7,mlp,8520,6,6,0.009573879610097777,5.959936984792605e-05,0.0003141345814510703,0.01435666518118667,0.0033575851058671577,0.00418555418872299,0.9681525819628263
7,mlp,1684,5,5,0.00013347215772123883,1.9350112404978056e-05,8.798991558799905e-05,0.0008171193305004402,8.02430193659735e-05,0.994818304101898,0.004043521362521358
7,mlp,7835,6,6,5.7628329949129214e-05,8.949645912396433e-06,3.116570155370159e-05,0.03640775152649174,0.0012035402824266755,0.00011581238231787297,0.9621751521313484
7,mlp,11225,3,3,1.561265406694478e-08,9.705644279718389e-08,6.254965741078382e-08,0.9986024022082745,6.011150682356533e-05,0.00018320965345676273,0.0011541014126906519
7,mlp,267,5,5,4.9768314992285254e-08,1.1461738682478053e-07,6.227746305298729e-08,6.371269773894732e-05,9.360808336628059e-07,0.9999341960019892,9.285562733274304e-07
7,mlp,6976,4,4,0.003048685990374525,1.1439957025845987e-06,0.0004254187200521429,1.7383754930482487e-07,0.9962040230695773,0.00013799293599630108,0.0001825614507478816
7,mlp,5580,4,4,6.855464607962777e-08,7.05410220431602e-08,1.0660326721104271e-07,0.0002784159072999762,0.99916882280331,1.7115900324195724e-06,0.0005508040004221238
7,mlp,1253,5,5,8.519301020970328e-06,4.488849030930226e-06,4.682560241809045e-06,0.00031693139013773473,2.254519702453231e-05,0.9994487788407442,0.00019405386179989563
7,mlp,9851,6,6,0.005548338393553263,2.3587076368488112e-05,0.005701077243162576,0.00026625717689205314,0.0008680819584462864,0.0014016863613675373,0.9861909717902099
7,mlp,3546,1,1,6.722015864734732e-06,0.9999907836065787,2.493454654521518e-06,3.939614727468009e-20,6.907141794933669e-10,2.3218768578001917e-10,1.080951415924685e-21
7,mlp,6060,4,4,2.2864915097546886e-06,6.767824822992747e-08,1.417793750952118e-06,1.1621407290274438e-05,0.9995345964324281,1.1830579907686389e-05,0.0004381796168648289
7,mlp,6893,4,4,6.285147921900324e-08,5.5947940340870595e-09,2.231954359721317e-06,1.6860910002646964e-08,0.9999912762222624,4.267975621115812e-07,5.979718632458843e-06
7,mlp,9739,6,4,0.0008161766686360944,3.42035985218198e-05,0.009804916618245786,0.0008652107387184825,0.526883081670141,0.0010545876492998416,0.46054182305643704
7,mlp,8419,6,6,0.0003861162006927238,2.8094971530968856e-05,0.0001618379140845183,0.005523744525261624,0.0015520939166912308,0.00020454683782312864,0.9921435656339158
7,mlp,12902,3,3,3.348729682765314e-05,1.202938988039014e-05,2.02545001754854e-05,0.6174801989972452,0.0012275765841178508,0.006142231902982647,0.37508422132877056
7,mlp,1136,5,5,1.6726591745659402e-06,1.8212611090857772e-06,5.690395804696542e-06,0.0007446241182214117,1.188281639370608e-05,0.9991111781138688,0.00012313063542779883
7,mlp,686,5,5,5.979205674371247e-06,3.6291498438817712e-06,4.234969421310182e-06,0.001069533098288674,1.958713257012764e-05,0.9985201832528859,0.0003768531913156846
7,mlp,11148,3,3,3.264584478744905e-09,1.90288881995162e-08,4.0740840709638935e-09,0.9991071824521393,0.00023553610136002942,9.293048206180842e-06,0.000647962030737765
7,mlp,3839,1,1,7.044367382557494e-09,0.9999999915518049,1.403437801776958e-09,7.14368215512799e-27,3.7154201985738386e-13,1.8368764693758977e-14,3.522715342681435e-30
7,mlp,11008,3,3,9.763381217415484e-09,3.761269623559955e-08,6.8230052836396076e-09,0.9988355077070858,0.00014910453762878996,1.1106989499712024e-05,0.0010042265667031145
7,mlp,13490,3,6,0.0005115374393853782,3.4321497446115596e-05,0.00027687992786753525,0.043362923085083896,0.0008562660346524483,0.026248997892644708,0.9287090741229198
7,mlp,864,5,5,3.210661690037008e-08,3.294492116558276e-08,8.286322765463324e-10,3.307521831937625e-07,1.6525254369717759e-07,0.9999994242276764,1.3887426329998991e-08
7,mlp,10306,3,3,1.2704895471175443e-09,5.683037562197112e-09,2.6965912176344653e-10,0.9976976524696447,0.0009700640458467218,5.440165276150104e-07,0.0013317322447944492
7,mlp,10167,3,3,8.213996779244562e-10,9.175008832046825e-09,1.397372119948064e-09,0.9997856644968053,3.779867106439555e-05,6.403355734662073e-06,0.00017012208261499954
7,mlp,197,5,3,5.265657308358201e-06,6.256735592159479e-06,1.0912964773581777e-05,0.9160109818469331,0.0004794137371289418,0.044205907834101055,0.03928126122416289
7,mlp,6933,4,4,3.4942764811295524e-05,5.336796295388511e-07,0.00042508071171346864,5.853649765553137e-07,0.9987460253362515,2.6151261060042813e-05,0.0007666808815575228
7,mlp,2708,0,0,0.9999963250192311,2.197742683661142e-07,6.214957935643409e-08,4.020398672931671e-12,8.158848519488632e-08,3.3099992370107215e-06,1.465178612076511e-09
7,mlp,4779,2,2,0.007915972145067124,5.6553469566670464e-05,0.9908660787141114,5.435125926625386e-09,0.0011094842724077099,3.569670134412078e-05,1.6209262376783088e-05
7,mlp,1057,5,5,0.0011979838794446104,0.00011556717074261202,0.00021821929710757752,0.04292610104296462,0.0013914065824715553,0.8475679346193673,0.10658278740790185
7,mlp,10891,3,3,3.1745369221090885e-09,1.236993243031678e-08,1.3618845033463098e-09,0.9989477197791169,0.0005011892253516689,3.3801622544389608e-06,0.0005476939269233386
7,mlp,3242,0,0,0.9857094562774574,0.00024169555194636272,0.013927720355021116,7.745370089607646e-11,5.0309929910511484e-05,7.077247752406693e-05,4.5330686532595136e-08
7,mlp,13411,3,6,0.00020470796589541797,2.244666264658919e-05,4.96159802680523e-05,0.14379366517785358,0.0037448828175329183,0.001069474722668606,0.8511152066731348
7,mlp,5455,2,2,0.00014928068112190118,0.00011581759536301211,0.9985709711784265,2.2409117585633863e-12,0.0011631786191159408,7.488972605504368e-07,3.0264711805688166e-09
7,mlp,5468,2,2,0.0005359778117300186,0.0003284623116116136,0.9986662262678149,1.0811129858821344e-11,0.0004644943212641092,4.8347351922656535e-06,4.541575982169149e-09
7,mlp,4838,2,2,0.07866253677589731,0.0026911704749834112,0.917883932376635,7.32192765960687e-08,0.00024194938156366026,0.000478215358858745,4.212241278540266e-05
7,mlp,1427,5,5,1.7904526701775557e-05,5.400360008644013e-06,1.4189664582237596e-05,0.0005171758694601944,3.3194724780037474e-05,0.998961580443154,0.00045055441131306226
7,mlp,3271,0,0,0.9999920071877486,7.497849154397713e-06,1.438744199446158e-07,5.5031286032494855e-14,1.0466571646449e-08,3.406169396880413e-07,5.110545553272967e-12
7,mlp,7165,4,4,0.0010209686287479336,1.0148218437833992e-05,0.04161895197285176,1.6302285413903765e-06,0.9559382415160613,0.00031461309561143575,0.0010954463397482587
7,mlp,2016,5,6,0.0619909893756324,0.0005258422436256724,0.1349983502298074,0.0009450775405582764,0.00467754717749581,0.06552368623766718,0.7313385071952132
7,mlp,13487,3,6,0.00020570829258565384,2.5113013097950352e-05,8.199114904834614e-05,0.3363292184995557,0.004810986610786814,0.007400955854536234,0.6511460265803892
7,mlp,5323,2,2,0.0020865350287724944,0.00011171161804295528,0.9950111199695545,2.425055240905612e-10,0.002763498709491863,2.6954452151283984e-05,1.799794814051321e-07
7,mlp,6417,4,4,6.1096905296258e-06,1.0227841695019048e-07,5.218081762301824e-06,4.407822797642457e-06,0.9989973845973071,2.2145509914952106e-05,0.0009646320192714154
7,mlp,9620,6,6,0.014247410807807209,2.475942623523073e-05,0.002011825673461016,0.0003820449464580109,0.0004413560953798384,0.0029996699970870084,0.9798929330535716
7,mlp,9919,6,6,0.06570787030977625,3.830279675965725e-05,0.006480477152158416,0.0001955313475070085,0.007941707656423254,0.0031582995438755803,0.9164778111934997
7,mlp,7523,6,6,2.500274560306343e-05,8.386838296508384e-06,5.9897955584726656e-06,0.3604444949270286,0.026742198967628014,0.00010825950628066616,0.6126656672196047
7,mlp,8996,6,6,0.0016489804283360962,1.0164355403437192e-05,9.070386745783355e-05,0.007526580850178367,0.0427239753376798,0.0014446374269359054,0.9465549577340086
7,mlp,7657,6,6,0.01373558522735112,0.00041111825789394934,7.316855653673284e-05,0.4103455113817548,0.012042345825669801,0.011235777800223029,0.5521564929505706
7,mlp,7217,4,4,2.3971205021187935e-05,1.408365701331089e-06,0.040601377170850876,5.3708880199219445e-08,0.9592316069854349,1.6495918775036043e-05,0.0001250866453365526
7,mlp,10554,3,3,7.286299632311955e-09,6.62053709928152e-08,3.239421429675032e-08,0.9993276589813748,2.6263424578689276e-05,0.0001937798171761888,0.0004521918909856928
7,mlp,10453,3,3,8.516486466615008e-10,1.0390568558388616e-08,2.87923193470854e-09,0.9998093185383758,1.867575330832167e-05,1.5722428601464168e-05,0.00015626915826526507
7,mlp,6436,4,4,2.545732384724674e-07,2.476309396371454e-08,5.944841703681916e-05,1.1904794528616636e-08,0.9998465222919711,4.7021327434809385e-07,9.326783659082888e-05
7,mlp,1088,5,5,3.9451314122109166e-07,5.918548999361318e-07,1.0018250245255183e-06,0.00013954765143276443,3.6630762088443913e-06,0.9998375545838467,1.7246495445857582e-05
7,mlp,7421,6,3,1.56318828243382e-05,8.99970232097725e-06,7.558300313719299e-06,0.545474795954498,0.00545821852543085,0.00036127767492610076,0.4486735179596861
7,mlp,7244,4,4,0.000777115521936537,1.740567477353433e-05,0.246498560839157,3.116846317549536e-07,0.7517597875004939,0.0001623882504440697,0.0007844305285631849
7,mlp,2907,0,0,0.9999951987538801,8.34430606044003e-09,1.1710558392501643e-11,3.206913620408851e-14,3.511490140776975e-09,4.789370826143261e-06,7.755153878377937e-12
7,mlp,5464,2,2,0.0933677289913176,0.01091715598169528,0.8954390905661671,9.793831713356592e-11,0.00019127086564815776,8.47445864735494e-05,8.910759710875156e-09
7,mlp,6363,4,4,1.2092390993998016e-05,5.738370931240545e-07,6.499680840684013e-05,6.206477642038749e-06,0.993724559607702,2.4187079300525006e-05,0.006167383798861617
7,mlp,4616,2,2,0.0005015197310285988,2.0264415614273023e-05,0.9910053652836232,1.875129905300541e-08,0.008410916129601561,3.549108555114546e-05,2.642460328204465e-05
7,mlp,7769,6,6,9.52018216842449e-05,1.868136270172208e-05,5.8624689277847696e-05,0.13037263032343469,0.0012927571604103892,0.001482539715681972,0.8666795649268092
7,mlp,12198,3,3,1.2280526008284924e-06,2.0765832059404028e-06,1.8327941943675983e-06,0.9701858000098272,0.0003771337811267016,0.00041361253248764913,0.02901831624655709
7,mlp,6517,4,4,3.132059901615653e-07,7.669921625288758e-09,4.844089365588845e-07,5.5230213918132314e-08,0.9999661277268994,8.274941173359444e-07,3.2184263921021555e-05
7,mlp,7287,4,4,1.374388922801002e-06,8.515658125233204e-08,0.0005399342113644392,2.812838317592043e-09,0.9994151572687333,1.9712188118333784e-06,4.1474942748152625e-05
7,mlp,5921,4,4,1.303418552009829e-05,5.935940740260102e-07,5.119775771253186e-05,4.6484708149941346e-05,0.9977787669432366,3.109684781046485e-05,0.002078825963496376
7,mlp,8858,6,6,0.00042217186876971176,1.0126512564148075e-05,0.00021896731704550186,0.0021770271429081365,0.0005460628557747031,0.00017962111570648932,0.9964460231872313
7,mlp,6366,4,4,1.4539214793928548e-06,6.382059956049867e-08,5.512841936110747e-06,2.4314090578989686e-06,0.9995420591613209,9.399000485356332e-06,0.0004390798451207882
7,mlp,1926,5,5,4.2651368324249364e-05,1.2993200607393831e-05,5.800418209186275e-05,0.00010432284150705641,3.360047951495787e-05,0.9992897181642537,0.00045870976370067856
7,mlp,12975,3,3,1.336641952698522e-05,1.096790217114129e-05,1.752732931854814e-05,0.7357465193665705,0.0016995325694888347,0.0009927006178592336,0.2615193857950646
7,mlp,11756,3,3,9.250626542107964e-07,1.2749508486526368e-06,8.521689107789959e-07,0.9845583449044737,0.00021542525964013398,0.002465590181831167,0.012757587471641609
7,mlp,3500,1,1,0.0004178840435404458,0.9995820783934612,3.3365368797544054e-08,1.2240795392190728e-19,1.995419063804516e-10,3.998087646081305e-09,1.0574144067522644e-21
7,mlp,3228,0,0,0.9995809467029554,7.49978706694007e-05,0.0003326212383243826,1.4022699518447896e-11,1.4206393474237468e-06,1.001130836980976e-05,2.226310887087017e-09
7,mlp,2904,0,2,0.4255892255937763,0.004622109993057025,0.564586766939824,4.4989712521477227e-07,0.00032437935952279084,0.0047038149012093924,0.00017325331548513254
7,mlp,3465,1,1,4.435871549809741e-05,0.9998295058709791,0.0001261073349959055,1.2691098939715906e-18,2.5898256316616535e-08,2.180270594639333e-09,1.851537545674746e-19
7,mlp,554,5,5,1.8550517640814483e-05,2.3042918680481003e-05,5.1603815123078735e-05,0.14676783281800143,0.0003646906421387567,0.8394623393285892,0.013311939959826232
7,mlp,2501,0,0,0.9999766237443072,1.0406060972980044e-07,3.399959131502999e-09,1.4640487896979868e-11,5.498697148866817e-08,2.321265797683435e-05,1.1355351215726351e-09
7,mlp,7224,4,4,1.0534633204803291e-05,5.34856494905832e-07,0.01332744804270802,7.037538341516453e-09,0.986614243904709,5.7533976198963936e-06,4.147812772511595e-05
7,mlp,3211,0,0,0.9993824202491396,0.0004862748513810269,4.199791087360638e-05,1.469952230739484e-10,1.1232661712007785e-06,8.818140556265037e-05,2.16987631362762e-09
7,mlp,11921,3,3,8.902063340176927e-08,2.0569510741335614e-07,1.1833058814700765e-07,0.993708388910947,0.0005231857892642712,9.39678942359855e-05,0.005674044359223786
7,mlp,13370,3,3,2.5055512793444575e-05,1.126369322021309e-05,3.148004956623506e-05,0.6067870964253163,0.003945631204188152,0.0036138595092147486,0.38558561360570087
7,mlp,8499,6,6,0.0007331421640568359,1.8937988990132253e-05,0.00018519717019021607,0.033500354115331366,0.0009021981192222956,0.00689378609378216,0.9577663843484271
7,mlp,11531,3,3,7.560512464418921e-08,2.6137863156068397e-07,1.477271189946287e-07,0.9969814846799946,8.954875128459965e-05,0.00020143309020219095,0.0027270487676437395
7,mlp,9613,6,6,0.002871561938046005,4.1518983543232655e-05,0.0022319099306962573,0.003128033426048026,0.0011280472433428904,0.010006570207564769,0.9805923582707589
7,mlp,1850,5,5,2.5895907918859118e-05,9.481447818493592e-06,2.5121677072953336e-05,0.00013485690875446983,3.681872425484124e-05,0.9994452899361858,0.00032253539799475856
7,mlp,8506,6,6,0.0001887889058171476,1.018863784087174e-05,0.00011855676816644463,0.014354649799318301,0.0010980127489929857,0.0005893545451939497,0.9836404485946704
7,mlp,2214,0,0,0.8057892524516233,0.00016084970836841215,0.06692404139209138,2.122137628228637e-05,0.0026027624967952675,0.018696833060823235,0.10580503951401615
7,mlp,5131,2,2,0.0015005610811419307,7.960970051545488e-05,0.998118937016063,8.583527186820354e-10,0.0002928404017224899,6.762292777948202e-06,1.2886494265665132e-06
7,mlp,12366,3,3,3.589769323111654e-06,2.8827848026160067e-06,2.0393429254382373e-06,0.9375130245968211,0.0005692258437663911,0.0007658209950017185,0.06114341666735974
7,mlp,9961,6,6,0.08429094474052598,0.00010386704046473757,0.055569363787775904,0.0001423027240973457,0.014747598638993923,0.0031627974723506596,0.8419831255957914
7,mlp,10543,3,3,2.7996947737839907e-08,8.474418210899595e-08,8.283526345986689e-09,0.9985451415213306,0.00015650255095450252,1.624012749568239e-05,0.001281994775562955
7,mlp,1441,5,5,0.006452881769250861,0.00014417211535272092,0.00023695288239620316,0.005575601220124609,0.0006688928834060904,0.9530257944990859,0.03389570463038382
7,mlp,3272,0,0,0.9996766817541338,0.000165767806378224,0.00015448598471027195,5.3571936824752435e-12,5.047890310896809e-07,2.5591944505231085e-06,4.659388184581746e-10
7,mlp,6836,4,4,1.1843968026801159e-07,4.003178400352855e-09,4.6473935364986787e-07,2.6729546820797378e-08,0.9999918046301325,6.542597128163778e-07,6.927198395459177e-06
7,mlp,3114,0,0,0.9617968255680718,0.0032333451414418434,0.034713424197047045,6.960167005208271e-09,3.502851263774771e-05,0.00022012814147012944,1.2414791643511196e-06
7,mlp,2342,0,0,0.9004456884194354,0.0004566391393879222,0.09585788750373005,1.1757843795477718e-06,0.00027991036685759917,0.0017191511962859592,0.0012395475899233165
7,mlp,702,5,5,3.4729019026205344e-06,4.759153132961656e-06,1.104944498295444e-05,0.005059660132622977,3.258884057727796e-05,0.9943076813270181,0.0005807881997632213
7,mlp,1352,5,5,0.11668319026347419,2.4688509991015535e-05,6.327447301689923e-07,0.0007022490850084032,0.0007909797010443033,0.8795810498352813,0.0022172098604706933
7,mlp,9203,6,6,0.001997382807202811,1.3287944641493627e-05,0.0004930204726921278,0.0014161246390515488,0.004414255424057247,0.00033093239557940586,0.9913349963167754
7,mlp,8479,6,6,0.0009606175189217362,0.00012367738920582053,0.0015408862268123857,0.051227108987300485,0.00125203481303477,0.29251427151248915,0.6523814035522356
7,mlp,7332,4,2,0.040349598629320686,0.0002680778430253412,0.9529646073781234,7.698086665481048e-08,0.006051737384416102,0.0002085579786840998,0.00015734380556341223
7,mlp,11491,3,3,1.555498646481898e-07,4.5936664997066115e-07,4.997525850886401e-07,0.990284645397827,0.0001055963306019145,0.0036856970448188725,0.005922946557652455
7,mlp,10512,3,3,4.4797686399642495e-09,3.668960177584119e-08,1.3649931662727592e-08,0.9995123444228867,2.1771366388943187e-05,0.00014571193450313866,0.0003201174569189145
7,mlp,10866,3,3,5.781597661758303e-08,2.050167955130043e-07,1.0211976845448233e-07,0.9970991253131963,7.517413235034362e-05,0.0004422413014513988,0.00238309430046134
7,mlp,11,5,5,2.189656467953801e-08,1.6287989707835005e-07,4.310643658498476e-08,0.00030430411728706985,1.0630213337543953e-06,0.9996936382569612,7.667215195954795e-07
7,mlp,11161,3,3,5.508079966295688e-09,3.475187031987088e-08,9.156413431207085e-09,0.9984946289497042,0.0003482675794226128,8.157698792892742e-06,0.0011488963557166735
7,mlp,7854,6,6,8.273007339993155e-05,1.6968646110342994e-05,6.0187595904529726e-05,0.14087528797460874,0.001695817239444783,0.0011822713493626293,0.8560867371211691
7,mlp,10188,3,3,8.238815023486161e-10,1.7227177722198846e-08,6.8870219142532735e-09,0.9991135632603296,8.234630775783315e-06,0.0008203950155346697,5.778215527858853e-05
7,mlp,9196,6,6,0.0002982033888701735,9.642294621427193e-06,0.0002688700350689754,0.007959049867734201,0.0029534126062912064,0.0009684299333179441,0.9875423918740961
7,mlp,12977,3,3,4.376629940910608e-06,3.556555858428405e-06,5.900074112805611e-06,0.9527426875334677,0.000525971647817464,0.00644457212596797,0.04027293543283477
7,mlp,4692,2,2,0.003465816037165368,3.6401324947252854e-05,0.9955894772952083,1.1192388904117434e-08,0.000810580720025351,6.288742040300699e-05,3.4826009862031725e-05
7,mlp,5569,4,6,2.139525745753799e-06,2.5108945540021188e-06,3.1066389916179683e-05,0.017772178213164423,0.46527664536677465,5.655332824515471e-05,0.5168589062815999
7,mlp,8738,6,6,0.0018179200056393661,8.126916571649823e-05,0.0016469442400585492,0.01499808729690003,0.0006228707355184585,0.06483160815772245,0.9160013003984446
7,mlp,8126,6,6,0.0008419040123636996,3.563186315820506e-05,0.0002296115673555822,0.028953837207194202,0.0007423752035834638,0.004791921385791512,0.9644047187605532
7,mlp,8562,6,6,0.000510930784629278,2.2924250519134733e-05,0.0003738062863111129,0.029188748184024844,0.0004590815550006314,0.009613683256747841,0.9598308256827671
7,mlp,7787,6,6,0.00010484880195252035,1.3121459390985491e-05,3.0470039601869152e-05,0.05529987277020662,0.009739224415083507,0.00019206730628638013,0.9346203952074781
7,mlp,5446,2,2,0.009374874466563939,0.010152566432538004,0.9802853301137955,2.939536945788703e-10,0.00015247608617608303,3.471666157734241e-05,3.594539544948014e-08
7,mlp,3712,1,1,9.722135387120478e-07,0.9999980462386255,9.813511411083755e-07,2.7033189396406927e-22,1.4563164201554655e-10,5.106310057068501e-11,1.610406241779368e-24
7,mlp,4269,2,0,0.8092185873685949,0.0003936658553734253,0.18966408934990936,1.445850315081236e-07,0.00019409527590112332,0.00042734004109458364,0.00010207752409518148
7,mlp,5894,4,4,3.3086864065494925e-06,1.7178399057039168e-07,4.098865676234283e-06,3.477067981251225e-05,0.9992951289056695,1.6131789025377985e-05,0.0006463892894192807
7,mlp,10705,3,3,1.9622764286794988e-09,1.8806851756465726e-08,5.4968335104353154e-09,0.9994145407279162,0.00010560834330816076,1.5460845646843357e-05,0.00046436381716702055
7,mlp,7690,6,6,4.75055953570854e-05,1.6024445977649983e-05,3.4060408285523495e-05,0.46953586045308116,0.00354785332118502,0.0013438757927026325,0.525474819983411
7,mlp,4171,2,2,0.019269561119374164,4.93616404996023e-05,0.9759295968976696,1.911123139289772e-07,0.003411273761284193,0.0002522927586666218,0.001087722710192006
7,mlp,10793,3,3,3.4734168015206553e-09,2.6980718157439236e-08,4.6454894788551585e-09,0.9985149635298906,0.00027211462055585643,3.6277608850456234e-06,0.0012092589890441005
7,mlp,3687,1,1,1.4213415250821908e-06,0.999803129109925,0.00019544240233441276,3.119181629263537e-22,7.1396010682726984e-09,6.614540176067798e-12,6.825702639639397e-23
7,mlp,3749,1,1,9.063395898674916e-08,0.9999997392639104,1.7006348346395262e-07,2.133484088305486e-23,3.30031802010926e-11,5.644171295698439e-12,1.0715728234281144e-25
7,mlp,9107,6,6,0.00020153480749935272,5.373337665522414e-06,0.00031170079049139813,0.0013749040957674386,0.0008793035362198601,0.0002884061687932165,0.9969387772635632
7,mlp,4614,2,2,0.001915216489684456,7.244946463999904e-05,0.9975983994846856,1.9610995964370007e-08,0.0003522487000332264,2.239848266852634e-05,3.926776729226028e-05
7,mlp,4490,2,2,0.06686707425303728,0.0007553646098552671,0.9314182630866101,7.615445610891884e-08,0.0007315730684243329,0.00015433154389022491,7.331728372660328e-05
7,mlp,4131,2,2,0.2520958132769699,0.0007352336948024147,0.7434927646009287,1.2670060069051756e-07,0.002878858566981965,0.0005984776312556335,0.0001987255284606349
7,mlp,3002,0,0,0.9999967635438167,2.384305275359641e-06,3.380433822185817e-08,5.473570870963964e-13,2.2265451654445004e-08,7.960442907420209e-07,3.627987135479753e-11
7,mlp,8807,6,6,0.0027956867874247165,5.1100972639209024e-05,0.0011572084269751415,0.009661639506864486,0.0006554080483713015,0.027878053228973444,0.9578009030287516
7,mlp,12773,3,3,2.889679065545679e-06,3.332179121837623e-06,6.183231208231016e-06,0.9470668071141203,0.0005779250756244077,0.003738195203714227,0.04860466751714535
7,mlp,2776,0,0,0.998935327520135,0.00048611508712371093,0.00033755309316742813,8.147678569367955e-09,9.667826240069312e-06,0.00023047345236001902,8.548732952832764e-07
7,mlp,13398,3,3,0.00011491229505827913,2.8149831052993486e-05,7.499356877983354e-05,0.6839176609702045,0.0014971230543798111,0.03181085729393569,0.28255630298658896
7,mlp,3612,1,1,2.0841695344005637e-06,0.9999978649500948,5.0307525698585805e-08,4.748769195907845e-21,5.367295331030257e-11,5.191721241582182e-10,2.0311463606989246e-23
7,mlp,5865,4,4,7.531979405952051e-07,6.474098371527115e-08,9.944336596648825e-07,5.155519772516388e-06,0.9990300459373516,3.6450058014110943e-06,0.0009593411644905535
7,mlp,56,5,5,1.89629670346519e-06,9.972343560570037e-07,4.6818784695156616e-07,0.0022773705545249116,1.7320147113769856e-05,0.9975909999263868,0.00011094765306825973
7,mlp,13358,3,6,0.000143976706821418,2.6486476761690507e-05,7.457485201036155e-05,0.15509882952776977,0.0013806330189679186,0.001749269248612123,0.8415262301690567
7,mlp,4563,2,2,0.0027664321303569545,3.1341529143246516e-05,0.9963218302044095,1.805008148474435e-08,0.0007737012802559274,4.2435966069671094e-05,6.424083968319397e-05
7,mlp,6415,4,4,2.9092989352488864e-07,2.5440968549041673e-08,4.945122986547363e-06,1.3647271811263793e-06,0.9999713761081965,3.009083500926374e-06,1.89885872728216e-05
7,mlp,8723,6,6,0.0005391413260977573,1.3823455533778231e-05,0.00031505462491340195,0.0023750399883262943,0.006397227706318486,0.00016220129290925612,0.9901975116059011
7,mlp,5235,2,2,0.0009191169810490732,0.00016974116172019092,0.9981183938664516,9.49950091659629e-10,0.0007448374817534851,4.7602440248139785e-05,3.071188274103947e-07
7,mlp,6094,4,4,0.0004622022881028122,1.1940844658510428e-05,0.006543628681398214,0.00015569509954315358,0.8503948430562193,0.00025796663518130923,0.14217372339489673
7,mlp,12907,3,3,1.6066556526561385e-05,1.175633930333852e-05,2.70470825744454e-05,0.8622448275151555,0.0006975419266875479,0.016985213762736408,0.12001754681701615
7,mlp,9313,6,6,0.0008326443302141691,7.718089813392012e-06,0.00040633533630358987,0.0008167758721931683,0.0004054338386978516,0.0006206550414920626,0.9969104374912857
7,mlp,11587,3,3,4.6273992856679904e-08,1.6894308879626866e-07,1.0591623596768386e-07,0.9960788048166984,0.00022608209379391868,0.00010260539930455437,0.0035921865568856234
7,mlp,4653,2,0,0.9533873567103531,0.00015859247660979556,0.04547732005728171,6.7778763134034715e-09,0.0002253941290792743,0.0007424605127930868,8.869336006691122e-06
7,mlp,7493,6,6,3.1902701905735886e-05,1.0177120611521034e-05,1.646952711317282e-05,0.3753158405917803,0.0022552418883313983,0.0021264013387096072,0.6202439668315483
7,mlp,6168,4,4,2.658265128560121e-06,5.001395345191908e-07,6.893119736689788e-05,5.651140567377499e-06,0.998114453525932,8.800185651887356e-06,0.0017990055458184848
7,mlp,4365,2,2,0.007088476009249845,0.00017719050849957925,0.991798018031373,1.5105794810190132e-07,0.0004925885442054697,8.429965523626406e-05,0.00035927619348788105
7,mlp,4897,2,2,0.005562794260066104,0.0002186687304579993,0.9937991851985271,6.11325870045468e-09,0.0003667546789722289,4.6764924999450274e-05,5.826093718520323e-06
7,mlp,3846,1,1,1.1466924449160115e-09,0.9999999964422961,2.4103109735642333e-09,7.619667024152655e-27,6.73985594797327e-13,2.6366951747733843e-14,2.8353098693315725e-30
7,mlp,4817,2,2,0.0011251299467857372,3.153822735813021e-05,0.9954636953043838,1.6988638477785978e-09,0.0033608729092424595,1.408274156407347e-05,4.679171801750645e-06
7,mlp,837,5,5,4.9907660089173664e-05,3.0837980584637757e-05,8.336150890381978e-05,0.05904517116576743,0.0003710982661448755,0.9185583438200597,0.021861279598450196
7,mlp,8030,6,6,0.0001774345958785424,2.3853938377545173e-05,0.00011931448712388164,0.09729397858848161,0.0010938187256988665,0.002484579050881604,0.8988070206135579
7,mlp,2535,0,0,0.9999704896538688,4.60253563375695e-06,3.916776808599572e-06,2.830794859487888e-10,6.194127668225089e-07,2.032630393813179e-05,4.503390435959499e-08
7,mlp,6593,4,4,0.0029458778721472402,5.275562747031152e-06,0.0009125225170840937,2.0363397000506377e-05,0.9855004024691254,0.00043311261037833363,0.010182445571517405
7,mlp,2752,0,0,0.9999498029336763,4.679141127529612e-06,5.31001396378847e-06,1.3124575810195278e-10,5.222164945808775e-07,3.965584986604739e-05,2.9713626314765772e-08
7,mlp,3451,1,1,0.000129276453514611,0.9998689724425371,1.7471705573115552e-06,6.989510680893248e-19,1.8108975036335675e-09,2.122493479181455e-09,4.0317324525917205e-20
7,mlp,3663,1,1,2.4571532459475356e-06,0.9999885803717895,8.961019789785365e-06,9.380959903584944e-22,1.4281216586897389e-09,2.70528305094925e-11,2.3206847159041735e-23
7,mlp,13360,3,3,9.399786472730085e-05,1.4714727726302159e-05,2.418722337421514e-05,0.6671830828346648,0.0021667141521168587,0.007110717285914992,0.32340658591147564
7,mlp,11881,3,3,3.2547700324730134e-07,7.301500184615799e-07,4.741826752677019e-07,0.9885393968698283,0.00025972646408043527,0.00021388582787414907,0.010985461028520077
7,mlp,7652,6,3,3.253601942963822e-05,1.316395019521871e-05,2.7300312039309132e-05,0.733627096334493,0.0016834704862341001,0.003380162619853905,0.26123627027775503
7,mlp,7497,6,3,2.310861898151184e-05,1.2651441554501426e-05,1.9313410259472234e-05,0.7356254977845622,0.0014824244225069647,0.001552528717838137,0.2612844756042973
7,mlp,10519,3,3,1.0457768926370304e-09,1.08050166946786e-08,2.2841095565330685e-09,0.9995487516365483,0.0001328276575981231,3.5195096089868222e-06,0.00031488706134137444
7,mlp,5568,4,4,1.8126967524788179e-06,5.303403872221474e-07,3.423363532610022e-06,0.0025463790068898855,0.9865947936674,1.3893828853732125e-05,0.010839167096184179
7,mlp,4659,2,2,0.009984065236425041,9.838755998857498e-05,0.9840523313875665,1.1340931492211587e-09,0.005815960142416006,4.599501562844245e-05,3.2595238821930455e-06
7,mlp,6939,4,4,2.4333061720895026e-05,9.475010516510991e-07,0.00563162451009509,5.456427177301836e-07,0.993711640451359,2.4860053336902016e-05,0.0006060487797186953
7,mlp,9576,6,6,0.0021225043823632603,1.0180749157236425e-05,0.0008970169060346772,0.0002843651599729733,0.00013044351269663214,0.0007337249844241255,0.995821764305351
7,mlp,7310,4,4,0.00013563343738568656,1.634816882665902e-06,0.013317637723208415,8.626433644499884e-08,0.9864332728020245,7.086298304506277e-05,4.08719731173506e-05
7,mlp,12968,3,3,3.8839714436837e-06,2.6732165016695737e-06,3.0572245958500608e-06,0.9243353852649782,0.000945293550374429,0.0008302991169979158,0.0738794076551083
7,mlp,8332,6,6,0.0005133015343092819,8.781189646395524e-05,0.0009196166350444623,0.07106786341083748,0.0011291398226196121,0.2857654174871024,0.6405168492136228
7,mlp,10865,3,3,7.170789981644764e-09,4.257542719577151e-08,1.3479686391762125e-08,0.9977494085313938,0.00025395887335287926,1.3725453988059963e-05,0.0019828439153619054
7,mlp,7789,6,6,0.0001309674856193603,1.5915309453623045e-05,2.4976277462090378e-05,0.09679762701730608,0.0022425521294098007,0.0003982265566271096,0.900389735224122
7,mlp,10350,3,3,1.3134441955674764e-09,1.3923801542539866e-08,2.0939224554894043e-09,0.9992983190424656,0.00015539672484670048,1.2034131925720814e-06,0.0005450634883269756
7,mlp,5665,4,4,1.8346343590874885e-05,1.7985010332595979e-06,5.2098467355150716e-05,0.0010690881269366874,0.9686481160894373,5.2622406945019456e-05,0.030157930064701563
7,mlp,1496,5,5,1.7279168983751927e-05,7.943166389084168e-06,4.8307848523987846e-05,0.0020682999427594044,5.0723099330279884e-05,0.9966001775997665,0.0012072691742469764
7,mlp,3757,1,1,2.2285328054258194e-06,0.9999977540769107,1.736281286534102e-08,1.6972277931263507e-23,8.077516484239974e-12,1.9393476472117923e-11,4.704516686157424e-26
7,mlp,4895,2,2,0.00277640378656113,0.00012489650598451518,0.9960676545677332,2.5093864312888477e-09,0.0010083253502114792,1.9210302161037098e-05,3.5069779620867374e-06
7,mlp,1131,5,5,0.0006485443601670654,9.462209890660563e-05,0.0002470855628375824,0.04770546281996568,0.0010107589515805616,0.8600091641349622,0.09028436207158036
7,mlp,1226,5,5,5.027186237335248e-06,6.595355063748434e-07,4.012644138156444e-09,1.530801905974596e-06,1.6905766959167472e-06,0.9999908555164575,2.3237055273697033e-07
7,mlp,2486,0,0,0.9417907498527188,0.00013172157210256306,0.05507433290523482,1.6838249359618863e-07,0.001426348499990626,0.0011485299866202184,0.00042814880083914846
7,mlp,1772,5,5,2.1366518516998525e-05,5.779413888837045e-06,2.32285336418777e-05,0.00021609150466696516,2.3113585922432128e-05,0.9991295470229362,0.0005808734204266474
7,mlp,9401,6,6,0.002263187268193265,1.2694706603445342e-05,0.0009942335422354755,0.0003181205733021394,0.00011269613335486428,0.0003471190361684195,0.9959519487401424
7,mlp,8606,6,6,0.00026652258446943644,7.694103977075845e-06,6.388772053017617e-05,0.0038201811084379463,0.005598213739039808,0.0001829117819608039,0.9900605889615848
7,mlp,7763,6,6,3.76618291064754e-05,1.3489269414022722e-05,3.0187747867089763e-05,0.1969301120440522,0.012490412560293908,0.0002615616102202732,0.7902365749390461
7,mlp,91,5,5,1.9406250184612863e-07,1.044982853649634e-06,1.2466753326582271e-06,0.007512584033268559,1.1269655561559051e-05,0.9924306490007051,4.3011589776755725e-05
7,mlp,5549,4,4,8.437652396044176e-06,4.58814517009095e-06,1.5371265608121904e-05,0.04780305817450999,0.7846053728007469,6.96112167671475e-05,0.16749356074480168
7,mlp,12751,3,3,7.56134974962337e-06,5.775728560062284e-06,9.520153130205627e-06,0.927598838131556,0.00048151275084878134,0.0076693986890932105,0.06422739319706228
7,mlp,1691,5,5,7.77878621894416e-06,4.084869199885352e-06,1.2801389435453406e-05,0.00020272917435107466,1.811709154142684e-05,0.9994859805690894,0.0002685081201635773
7,mlp,3113,0,0,0.9999741785624771,9.512448668952805e-06,9.465714941526262e-06,4.931087644861387e-12,8.509966582572295e-07,5.988812091374129e-06,3.4602317398951504e-09
7,mlp,12118,3,3,7.230281025274147e-07,1.0137570549210585e-06,6.099209063283018e-07,0.962867914208392,0.0015734693831918674,0.00014586300267607693,0.035410406699675996
7,mlp,5892,4,4,1.9196594939660068e-05,1.1944175364866982e-06,0.00010429953575689409,0.0005616236532559283,0.9851410129472951,0.00013931498454016579,0.014033357866675875
7,mlp,11132,3,3,8.874193231296465e-09,6.413539360378463e-08,3.924441276766642e-08,0.9985380767560895,7.631809130568609e-05,8.639652724802497e-05,0.001299096371357152
7,mlp,4854,2,2,0.018245055047993227,0.0005907203311099932,0.980325937591871,3.458457643035913e-08,0.0004632470790119949,0.0003545845156430563,2.042084979440839e-05
7,mlp,4729,2,2,0.00441757382655347,4.9448187033699534e-05,0.9912496599915629,2.5910949810134016e-09,0.004251953593879749,2.697916794065963e-05,4.382641934486156e-06
7,mlp,5038,2,2,0.0016179668589079365,5.938623516125942e-05,0.9979664508569029,1.339515096123957e-09,0.0003460539966307086,8.443758946821965e-06,1.6969539353461956e-06
7,mlp,3170,0,0,0.9999398186560987,4.8456666952043315e-05,9.348961106471521e-07,6.6040406519617644e-12,1.1507053151912271e-07,1.0674394769639888e-05,3.0893334569730317e-10
7,mlp,5343,2,2,7.696551603877818e-05,1.997278435958188e-05,0.9981458611190772,5.053076792672465e-11,0.001754931729965893,2.0426920736582245e-06,2.2610795399842856e-07
7,mlp,5275,2,2,0.0029004674961975833,0.00040603954685061716,0.9964590171633975,7.816366551640207e-10,0.00021717138966523175,1.7003936798583988e-05,2.996854536508654e-07
7,mlp,11904,3,3,5.121489165126271e-08,2.2727800996262445e-07,1.7512823851778025e-07,0.9972560115476042,7.852455075732678e-05,0.0010039682232045842,0.0016610420572936416
7,mlp,2775,0,0,0.9983726078951747,7.886544957883195e-05,0.0013967961657779724,5.413040730354309e-09,7.381959312234023e-06,0.00014361023994264522,7.328771729133359e-07
7,mlp,10371,3,3,2.4709738054279536e-09,1.5669180835415666e-08,1.9642848225689564e-09,0.9995643232479481,7.923528006398372e-05,6.288753794997357e-06,0.0003501326137532951
7,mlp,5689,4,4,2.971239990501741e-07,1.1581722206476832e-07,4.26622638278489e-06,0.00017898090045694642,0.9992251946589893,5.739877167506815e-06,0.0005854053957823907
7,mlp,9764,6,6,0.005654939189447004,1.572439557021929e-05,0.0011361080620034046,0.000550878582654456,0.012324955159228528,0.0012174573199142124,0.9790999372911822
7,mlp,4857,2,2,0.3690399545536281,0.0003994929393552384,0.628068572424436,1.453973001886142e-08,0.0014661482145631249,0.0010052345315300498,2.058279675726144e-05
7,mlp,4558,2,2,0.0008022337291762697,2.1657015947319372e-05,0.9934176487675436,7.518531149633171e-09,0.0056781288878652155,2.7914147064428958e-05,5.2409933872027024e-05
7,mlp,6717,4,4,6.565238421557228e-06,4.20163648744046e-07,0.00037943373556732475,4.386181004667635e-07,0.9961706013359579,9.62426078646112e-06,0.003432916647517488
7,mlp,10253,3,3,2.6010765228861775e-10,4.155840129625268e-09,9.755583765995038e-10,0.9999117180802438,1.2568703874171312e-05,6.0315114145053355e-06,6.967631296132041e-05
7,mlp,4251,2,2,0.00421100389044221,3.7112927500203444e-05,0.9380729826692555,1.6886359883136958e-07,0.05708945361093835,0.00020271279661219536,0.00038656524165263514
7,mlp,4206,2,2,0.0004209182380174679,9.55144620223135e-06,0.9755208967424114,4.695273863969929e-09,0.02386458949967008,5.3071514056636485e-05,0.00013096786436819413
7,mlp,10736,3,3,5.5391638192929705e-09,3.6019525011775854e-08,6.337919089964074e-09,0.9978361477800209,0.0006510842114084522,5.154077106111983e-06,0.001507566034856603
7,mlp,1029,5,5,4.76984297993775e-07,6.717171819734946e-07,7.992971120095395e-07,0.0001179184533801788,4.008987099247545e-06,0.9998627495085614,1.3375052367091256e-05
7,mlp,10846,3,3,1.444957219826218e-08,3.9357417411212463e-08,3.94942225896501e-09,0.9976749823559603,0.0004808341047186645,5.59458233949404e-06,0.0018385312005696187
7,mlp,1179,5,5,3.1411908967502117e-06,2.5729320134270227e-06,7.507110619086247e-06,0.0008583601259994859,1.757256372683136e-05,0.9989126730389378,0.00019817303780676377
7,mlp,737,5,5,6.220624322500887e-05,3.2312019943533565e-05,7.916595773857077e-05,0.06131173663770202,0.0003789361579609674,0.9136905547086958,0.02444508827473418
7,mlp,5463,2,2,0.0005187038769493801,0.00015259085198714539,0.9989164124748908,7.30309914331422e-12,0.0004112054138373224,1.0784693897911922e-06,8.905642144518097e-09
7,mlp,4871,2,2,0.002736603939765429,0.00017905784229032764,0.9966111834469995,1.4371424691899703e-08,0.0004225967471386074,2.7226989649632317e-05,2.3316662731874308e-05
7,mlp,3921,2,4,0.005953933555641076,4.978771711411221e-06,0.002158234236935447,6.832392649718019e-06,0.9673271529348738,0.0008333191454415873,0.023715548962746923
7,mlp,12868,3,3,1.091669112874233e-05,6.4391945078307705e-06,9.882810221330651e-06,0.9279991091283912,0.0006735662988065841,0.004927790696866573,0.06637229518007778
7,mlp,1151,5,5,1.5398009870357015e-07,1.4138191738140565e-07,4.6461615190280237e-08,5.94493636628557e-06,9.387216521688547e-07,0.9999920767385148,6.977798355136833e-07
7,mlp,9302,6,6,0.0008291653451320885,1.084580879846252e-05,0.0005962274226522809,0.0012924143144395284,0.0037402814112783736,0.00026088694710570647,0.9932701787505936
7,mlp,8007,6,6,0.000196734099780228,1.2952710680230159e-05,5.4028366329533844e-05,0.075920304144559,0.004305971736180192,0.0014397090105764438,0.9180702999318944
7,mlp,4539,2,2,0.01785735913009585,0.0003742437415770841,0.9811279195736511,9.676529922861176e-08,0.00038307963887342214,9.738748321612295e-05,0.00015991366728693588
7,mlp,9225,6,6,0.0013135598608714437,1.1638334956789142e-05,0.0003040245921728012,0.0032470319333167234,0.0004805737317134811,0.0013888691050874332,0.9932543024418814
7,mlp,4663,2,2,0.05250734177069349,0.0012894283064659663,0.9453583233034436,9.523079363900394e-08,0.0003099762504735446,0.0004589805458561411,7.585459227349458e-05
7,mlp,12016,3,3,1.1203620951597413e-07,1.1018526864573124e-07,3.886734616995798e-08,0.9952155327463673,0.0005061028483994014,0.00013315790537811513,0.004144945411031098
7,mlp,5903,4,4,5.2022612515751794e-05,2.648756908713217e-06,0.00011603673278188928,7.965388854234173e-05,0.9642274900765082,5.666009461710285e-05,0.03546548783812588
7,mlp,1161,5,5,2.963872604428039e-06,2.3965382054772483e-06,6.041113676380083e-06,0.0006233395470597721,1.335706154259662e-05,0.999130772525633,0.00022112934127848518
7,mlp,13307,3,3,4.211527106275001e-05,1.484000647753666e-05,2.7111973421451387e-05,0.6100979928076276,0.0021823931953531303,0.0023992789396546444,0.38523626780640297
7,mlp,13364,3,3,7.762381045278706e-05,2.09646277053826e-05,5.2348129130887374e-05,0.7043895243312502,0.0012971423884140221,0.015335827942875425,0.27882656877017115
7,mlp,8625,6,6,0.00018073246710562495,5.701671482880827e-06,0.00011130609958977029,0.0022314471610802274,0.0010581399010711932,0.00017729163345904557,0.9962353810662112
7,mlp,830,5,5,6.423826416277348e-07,7.522065485052137e-07,6.218070026187474e-07,0.00012409302047994752,4.186386910071671e-06,0.9998551477904293,1.45564059879937e-05
7,mlp,4022,2,2,0.026640502785686457,9.230341046427267e-05,0.9522077087013736,1.5108056721864726e-06,0.014470039314541754,0.0005753843027458057,0.006012550679515817
7,mlp,2713,0,0,0.9978740066360968,0.00014623419803082806,0.0017000872713869956,8.491859888535931e-09,1.7717857662563545e-05,0.0002590420088635773,2.903536099198063e-06
7,mlp,3250,0,0,0.9995141040557612,0.00040273997630560997,7.326951496867752e-05,2.400073782540227e-11,6.931407989229088e-07,9.19174637268394e-06,1.5417920601770264e-09
7,mlp,2280,0,0,0.9994001498583469,1.6993712375015637e-05,2.1755214882226756e-05,3.013900216200339e-08,8.202329029923267e-06,0.0005486974638285317,4.171282535278966e-06
7,mlp,10487,3,3,1.0157022610847977e-06,2.987364585293837e-07,6.405044584356793e-09,0.9918979862313028,0.0012150448843827304,0.00019744918231471835,0.006688198858235684
7,mlp,6491,4,4,5.697272623583038e-05,2.388466821166752e-06,0.004745291213184626,7.330892807473152e-07,0.9845404055663958,3.277896198880161e-05,0.010621429976093135
7,mlp,10996,3,3,3.9955484224431726e-09,4.230010547253295e-08,2.103371914336632e-08,0.9995015352732134,3.26751964854458e-05,6.612165500482734e-05,0.00039960054592337975
7,mlp,11503,3,3,4.276031359349418e-08,1.5564262242138165e-07,7.798573527325046e-08,0.9978720598029475,9.179416077292313e-05,0.00010545476243387918,0.0019304148851745568
7,mlp,11887,3,3,9.755511595603228e-08,2.646618468927155e-07,1.0509564688712397e-07,0.9884074787287005,0.0007537372493854896,3.453746147460867e-05,0.01080377924782974
7,mlp,3955,2,2,0.007185843903955811,7.00416964386456e-05,0.9491968347227528,4.051226505087426e-06,0.027996639731917912,0.0005097400139210847,0.015036848704508653
7,mlp,2604,0,0,0.9998427361731986,1.621211198588336e-05,5.063014413402063e-05,1.5834575937785466e-09,1.9432783868387187e-06,8.821252323678342e-05,2.6418560012134293e-07
7,mlp,9463,6,6,0.11367997490543644,0.0001725176664013533,0.0023811474747724107,0.0013852302673272707,0.002564676347307316,0.005283528527315627,0.8745329248114395
7,mlp,5511,4,4,3.314531634425147e-09,2.176659548128152e-08,3.063306257401254e-08,0.00133877101333085,0.9983299722321186,2.4664245058014005e-07,0.0003309543979102099
7,mlp,8131,6,6,0.00012708657075139606,1.3420463644938277e-05,6.982246984436475e-05,0.01853257062650866,0.001080799788983999,0.0002553191854596364,0.979920980894807
7,mlp,3989,2,2,0.01477823835552209,8.649317450889299e-05,0.972999423392446,1.843793738752294e-06,0.005982172765168283,0.0003655566094581699,0.005786271909157586
7,mlp,7673,6,3,1.721650606702468e-05,1.162173465893618e-05,2.868148887098976e-05,0.6425324681639376,0.002844987149751491,0.0016130955770655405,0.3529519293796485
7,mlp,11677,3,3,1.274638071274518e-08,4.280501408569168e-08,1.5072830815722905e-08,0.9985904751138243,0.00016377903235494117,2.9042389439839047e-05,0.0012166328401554858
7,mlp,4423,2,2,0.036024708325363655,9.437240914719392e-05,0.9608159210117001,5.947725421818808e-08,0.0027967482245492285,0.00017525003346723314,9.294051851833015e-05
7,mlp,9742,6,6,0.006966546581156029,1.4606579361027742e-05,0.0019339905142129149,0.0001922809841781131,0.00031882148060088597,0.001220121377550648,0.9893536324829404
7,mlp,10074,3,3,3.7080617108156305e-11,7.399019416115682e-10,9.06461324186227e-11,0.9999652392948967,1.1399560477114119e-05,9.907807153520575e-07,2.236949628204829e-05
7,mlp,1382,5,5,1.1031361770862742e-06,9.908082423437952e-07,1.3975118994506004e-06,8.58822182246208e-05,5.225202820815359e-06,0.9998827864880253,2.261463461048809e-05
7,mlp,7397,6,3,1.7445980493123582e-06,1.7858526331102671e-06,1.524142424596528e-06,0.8756112353586788,0.0061649615223903715,0.00020125978179967534,0.11801748874402399
7,mlp,3373,1,1,0.002565662595871919,0.9967406154051464,0.0006933290096467992,4.526870964568419e-16,1.678419995935162e-07,2.25147334643692e-07,2.614252357024853e-16
7,mlp,6803,4,4,4.52366843671006e-05,3.3217612672021626e-07,9.205566538907023e-05,3.518795746419933e-07,0.9986199167776155,1.8671164987776843e-05,0.001223435651939228
7,mlp,6498,4,4,0.00019572991272917851,7.381532233679469e-06,0.0034323423576133115,3.2913926219868457e-05,0.9785792310057503,0.00016892103800226498,0.017583480227451407
7,mlp,7527,6,6,4.136766955512404e-05,1.4987102496211107e-05,1.9870219332038613e-05,0.39943055412642087,0.004466776109428514,0.0006447080427085999,0.5953817367300587
7,mlp,7805,6,6,0.0001043580374847817,3.312293074152469e-05,0.00016898859371932136,0.29053432689252406,0.0012079811380155553,0.0460600383484969,0.6618911840590178
7,mlp,6774,4,4,0.0033793595394797597,2.3807720223916253e-05,0.03279071996821982,6.2395740692212e-06,0.917445031272474,0.00037154167900564454,0.04598330024652763
7,mlp,8757,6,6,0.0011416338820455043,1.5429813915649953e-05,0.0002114460933610353,0.00903224127368578,0.001360751919614743,0.0010720853324738505,0.9871664116849035
7,mlp,10696,3,3,2.0488689219941822e-09,1.888051703225679e-08,6.12679676733538e-09,0.9993608804550645,8.706356030033705e-05,1.5987895488539808e-05,0.0005360410329639259
7,mlp,6241,4,4,4.569849451816801e-06,3.5828617145783247e-07,6.606414381978819e-05,1.836650552142966e-06,0.9960806954245723,7.341257465597654e-06,0.0038391343879668185
7,mlp,13113,3,3,1.2662384128007861e-05,6.094203428512345e-06,7.3981864714420905e-06,0.8127678348823014,0.003370184890939931,0.0006594807311391934,0.18317634472159133
7,mlp,7957,6,6,9.224382749345697e-05,1.280486337620853e-05,5.825302385340624e-05,0.06187292853965492,0.0014863318308467697,0.0005611502179850446,0.9359162876967903
7,mlp,11917,3,3,3.117145176794664e-07,6.881503007374806e-07,5.614748108776768e-07,0.9803945406448694,0.0004103722279518598,0.00023727376741399515,0.018956252020135272
7,mlp,8876,6,6,0.0005966608038918747,2.302928547921212e-05,0.0005573630404018727,0.009136973167783202,0.00047714984153923604,0.007812712437012578,0.981396111423892
7,mlp,5928,4,4,4.344721156899248e-07,2.62973686157392e-08,5.897419962677274e-07,5.8907228040232455e-06,0.9998301112898567,3.7308475315953156e-06,0.0001592166283270467
7,mlp,1674,5,5,2.3492525412919987e-06,1.5447964894517408e-06,2.3203531036260705e-06,4.76320462888571e-05,6.6541697413435625e-06,0.9999036642152554,3.583516657993198e-05
7,mlp,1376,5,5,8.869897619958437e-07,7.75034720263614e-07,9.670322767935663e-07,6.004968997130056e-05,3.923119084517523e-06,0.9999151508915447,1.8247242640427217e-05
7,mlp,9708,6,6,0.009147447347283707,2.0685064383223826e-05,0.0019429113984784042,0.0002870765911971098,0.0003861053327012411,0.0006128711086292936,0.987602903157327
7,mlp,466,5,5,1.1071863711420885e-06,1.6603603185485807e-06,2.5357652093665106e-06,0.0016743544265508947,1.183134070577888e-05,0.9982029612900601,0.00010554963078421085
7,mlp,910,5,5,2.3609230725666546e-08,4.9502070863771885e-08,1.7376322774348543e-08,4.341049963455742e-06,3.6808794094148215e-07,0.9999950257314286,1.746430425159313e-07
7,mlp,13165,3,3,4.4666652800219204e-05,2.068829386094359e-05,4.2197041233481184e-05,0.5768163123190575,0.0016349608269241164,0.0020927291733254046,0.41934844569279833
7,mlp,7935,6,6,0.0032328669780135374,9.660236038829483e-05,0.00018392098987232776,0.05091076424995215,0.0028557933035637975,0.005244508262141115,0.9374755438560687
7,mlp,3755,1,1,3.749378781597412e-07,0.9999993683747906,2.566295484532547e-07,3.711437592655402e-23,3.8672049709996146e-11,1.9110521921932616e-11,1.8414816197627016e-25
7,mlp,2910,0,0,0.9798367162898506,0.0001380729451667189,0.019779559695508483,3.735279801716035e-09,6.0857171445227905e-05,0.00018192014962430797,2.8700131250102856e-06
7,mlp,6960,4,4,0.0002504062103894413,1.8194236987870307e-06,0.0018240966148143276,2.65697333480385e-06,0.9937017797620868,0.00014143166769896417,0.0040778093479768365
7,mlp,3352,1,1,0.013809263963097437,0.9798135996325804,0.006373848065939994,1.6513127038360983e-14,1.3490588683688075e-06,1.9392794675769992e-06,2.967715312145565e-14
7,mlp,5255,2,2,0.004542789519121767,0.00017946927882012739,0.9918937194816417,5.929628416837417e-11,0.0033753846037234128,8.562508594240289e-06,7.454880253238495e-08
7,mlp,1462,5,5,8.814411100444697e-05,2.6495641314608504e-05,0.0001733417336895833,0.025196267666650063,0.00032619935760249313,0.9568616873701065,0.017327864119632243
7,mlp,6820,4,4,3.1996221062231525e-05,9.629113436271725e-07,0.0017827075862082377,4.258801885557239e-07,0.9965331897565515,1.7550929002349596e-05,0.0016331667156435196
7,mlp,3564,1,1,1.2162849861565768e-05,0.9999846448435841,3.190940366007087e-06,3.1538860973615476e-20,8.318474498545429e-10,5.34341087157053e-10,6.644050709712481e-22
7,mlp,11522,3,3,3.3837244940489665e-08,1.4447716015413628e-07,1.1801715598075079e-07,0.9970333449588974,0.00010094972948954619,0.00022016804410133453,0.0026452409359504995
7,mlp,1596,5,5,9.282032207986706e-05,2.9516287434755356e-05,0.0002059005147944577,0.005124433955279546,0.00014178087385449117,0.9815334711767019,0.012872076869854886
7,mlp,891,5,5,0.00017382326204877846,5.2674866315485925e-05,0.00016671966629806115,0.26706677160570175,0.0014007919751613035,0.47528353497167813,0.25585568365279654
7,mlp,2666,0,0,0.9817070557962455,0.0003058175286442838,0.01777499536787078,2.7251392779117316e-08,4.855799371940807e-05,0.00015240536084087139,1.1140701286460941e-05
7,mlp,3362,1,1,0.01222943796235695,0.9877619269929467,6.923168832251046e-06,1.1743799809751e-15,3.924938294169539e-08,1.6726264797731432e-06,1.147923404422694e-16
7,mlp,3131,0,0,0.9989490705544315,2.5723326157044282e-05,0.0009939028410751454,5.224416051170506e-11,6.571347409606667e-06,2.471823945810049e-05,1.3639224168007434e-08
7,mlp,8920,6,6,0.001810502526582919,1.2488250570412394e-05,0.00017656399581827858,0.004451962956556286,0.001495220229026863,0.0015912751683056624,0.9904619868731397
7,mlp,7414,6,3,3.4860136452910066e-06,2.9143285433690197e-06,1.8826049706319224e-06,0.8154515641090281,0.005535983297060565,0.00015870610813833167,0.17884546353861366
7,mlp,4970,2,2,0.0014612726755898757,1.483841762019017e-05,0.9379762052912815,1.5907467873131462e-09,0.060488408930578705,4.5474733211219324e-05,1.3798360971892895e-05
7,mlp,768,5,5,1.5663504268829722e-06,3.7493124212240905e-06,1.2387053358443459e-05,0.006838502299705352,3.59352702193605e-05,0.9927499533114269,0.0003579064024418895
7,mlp,3720,1,1,2.3423175395452565e-06,0.9999976122384919,4.541968203667572e-08,3.3082632226304696e-23,1.845070742612202e-11,5.83559700694466e-12,1.9049891676943894e-25
7,mlp,12452,3,3,3.5313382599076093e-06,3.3935614673135403e-06,2.30391642411298e-06,0.8878431672126108,0.0021448153764069967,0.0002420562793231581,0.10976073231550777
7,mlp,6115,4,4,0.00026375189104320797,1.1199665574990657e-05,0.0017530573638421772,0.00015599492445327612,0.9308081117111464,0.00025353692146554775,0.06675434752247436
7,mlp,2148,0,0,0.9840175007259944,5.730797513717014e-05,0.006885515710384219,6.9256833007405774e-06,0.0019334841736332287,0.0020147390953037026,0.005084526636246345
7,mlp,9222,6,6,0.0013425723306271656,1.710143606410928e-05,0.0008205515971267922,0.0013609240884285359,0.000134378227678229,0.0016049919205725137,0.9947194803995025
7,mlp,8074,6,6,0.0011383906572949452,9.55771269006614e-05,0.0007197840706955011,0.06607533405422793,0.0014975799209990097,0.2092701131620233,0.7212032210078586
7,mlp,5361,2,2,0.0027109020272202684,0.0011817106979889638,0.9958954430391743,4.561163240679469e-10,0.00019559587284464694,1.6212333456859855e-05,1.3557319876467704e-07
7,mlp,4822,2,2,0.0002466956377843594,1.1433934896975582e-05,0.9974372091507963,1.949685858501173e-09,0.002289640671910849,8.302034839899425e-06,6.716620085900432e-06
7,mlp,10485,3,3,2.2415813109753484e-08,1.0451012675374707e-07,4.275540011267261e-08,0.9976845721972905,4.718655786756384e-05,0.0010666534916709627,0.0012014180718308393
7,mlp,8099,6,6,0.0002829704553630087,1.142288254140319e-05,5.2880624968040225e-05,0.038862851518716365,0.016601392434353567,0.0005352471106623818,0.9436532349733953
7,mlp,665,5,5,1.0148022816140152e-05,2.357184828933776e-06,3.4955326794106223e-07,0.00017689811920332837,1.0491073508355168e-05,0.9997595137853292,4.024226104589628e-05
7,mlp,8470,6,6,0.00019435101462882812,2.0093685656114986e-05,0.00016545275677587318,0.028701765324110253,0.0024057533950024956,0.00022880030512646937,0.9682837835186999
7,mlp,2019,5,5,0.17915933768340153,0.0006531646398676195,0.08706191915007402,0.00023597046657469582,0.0016431150500421758,0.6693107868793674,0.061935706130672646
7,mlp,4355,2,2,0.0010552685552985557,3.2350928767891595e-05,0.9922059049593824,5.640825358776576e-08,0.006535605838073377,4.850354127261479e-05,0.00012230976895135615
7,mlp,270,5,5,2.3276627067486123e-07,6.828319308520596e-07,7.796986817486888e-07,0.0009812298810963497,4.907178715594488e-06,0.9989940142409722,1.8153402332521273e-05
7,mlp,11906,3,3,4.3923335635455475e-07,1.3330558079800886e-06,1.5377884883730501e-06,0.9814302111417793,0.00017830548633037416,0.011328211854155034,0.007059961440082482
7,mlp,3891,2,4,0.0006628111105255892,8.159997926700092e-06,0.042492709144606046,6.0962251715738175e-06,0.9162605075874422,0.00017828355840818991,0.0403914323759196
7,mlp,3920,2,2,0.01447263550774955,0.00014456556788758687,0.8346039721011214,4.3539575251570876e-05,0.04449368360854666,0.0021140390797092217,0.10412756455973397
7,mlp,5726,4,4,6.997063275797983e-10,1.0496308586636628e-09,3.1268138692110224e-07,4.064128727877039e-07,0.9999905499248054,8.917321446980436e-08,8.640058383320909e-06
7,mlp,5120,2,2,0.009120118615807636,0.0014041665867684289,0.9892405096653506,1.0175798148244889e-08,0.00017941221922753228,4.941749007164959e-05,6.365246975902981e-06
7,mlp,6835,4,4,1.5315111643309135e-06,8.356817726608691e-08,4.9463526568511536e-05,3.175645229600373e-07,0.9998619758637544,5.539803053734786e-06,8.108816275891697e-05
7,mlp,1216,5,5,0.00011357346749911972,6.807715480187813e-06,1.3134528736198596e-07,2.7052766878154276e-05,1.5729867204445747e-05,0.9998210784592456,1.5626378405170194e-05
7,mlp,995,5,5,1.0044715697472538e-05,2.854654717663687e-06,6.3087071559892964e-06,0.0008619268090066406,2.444035425337471e-05,0.9986428969279687,0.0004515278312000918
7,mlp,2364,0,0,0.9945395478325655,0.0002482233090378158,0.004084478411998768,3.6012032177827417e-07,3.362705016114636e-05,0.0009881710609684772,0.00010559221494643897
7,mlp,11419,3,3,5.995808904454016e-08,2.5311231526181894e-07,1.7639678422254806e-07,0.9970049216518546,7.661882816407257e-05,0.0005849979333717088,0.0023329721194208634
7,mlp,6830,4,4,0.00010845687623970968,1.6836288647804015e-06,0.0009678485161635843,1.5455256695385619e-06,0.9914233662361155,5.8376941056385315e-05,0.007438722275890329
7,mlp,5601,4,4,4.492817677407647e-05,1.0013150714758215e-05,3.4858043059516026e-05,0.06480124116474201,0.6304947056436757,0.0002717394254195429,0.3043425143956144
7,mlp,11673,3,3,7.961064434388367e-06,4.902490335186419e-06,1.6517989117765598e-06,0.9535894468896965,0.0008434233586286786,0.006016628771029815,0.03953598562696363
7,mlp,714,5,5,5.193050385364687e-07,1.0996445429249422e-06,2.9842017678994337e-06,0.0013682802731602578,1.0397002709540079e-05,0.9985499967995649,6.672277321582355e-05
7,mlp,11748,3,3,2.8934934253785277e-07,3.2663748671646325e-07,1.0081104837163202e-07,0.9896425928585874,0.0004564502550084559,0.00016091644865921993,0.00973932363986739
7,mlp,6595,4,4,0.0001302985550533077,6.232111863502794e-06,0.012902394692518013,1.2160528671149522e-06,0.9710339441383393,0.00022195969774150892,0.015703954751617354
7,mlp,10258,3,3,1.6917188048606743e-10,3.35360335660611e-09,6.495318766893421e-10,0.999824479317427,6.39397857208026e-05,2.8883905339958516e-06,0.00010868833401113498
7,mlp,7064,4,4,0.016655898225783176,0.00011697406565804218,0.3686253703535611,3.840938569226003e-05,0.5692698522358931,0.004211932618985671,0.04108156311442674
7,mlp,3548,1,1,2.429363321332479e-05,0.9999742654057041,1.440142262085246e-06,3.070698874356621e-20,4.728239607165308e-10,3.4599654176011155e-10,8.0004760687110345e-22
7,mlp,9341,6,6,0.0012576661912059662,1.709830621621051e-05,0.001333580661761079,0.0007117473672796689,0.014434320279298741,0.00021342211893335755,0.9820321650753051
7,mlp,13145,3,3,7.346617537529481e-06,4.391270379734051e-06,8.48275430047956e-06,0.7390865345482035,0.005407596536831011,0.0008084355211051053,0.25467721275164273
7,mlp,10080,3,3,9.873872012442134e-11,1.480501858710004e-09,1.3642990803420747e-10,0.9998895892421237,3.9605524376058266e-05,7.322585065468991e-07,7.007125932325974e-05
7,mlp,10183,3,3,8.939671753234408e-11,1.7233438582038877e-09,1.298385257767495e-10,0.9995616274037223,0.0003381789168772311,3.0012582520355215e-07,9.989161099628724e-05
7,mlp,4290,2,2,0.1250075570667445,0.00019091921985279033,0.87253957641802,1.5750954591258443e-07,0.0014566745002230967,0.000603033047102556,0.00020208223851097605
7,mlp,5640,4,4,1.2476433438922793e-07,4.414832615750091e-08,1.589786210185985e-06,3.857108614404309e-05,0.9996681863629565,1.5236394938739295e-06,0.0002899602125347272
7,mlp,10880,3,3,1.552791315558777e-09,1.2937877585081603e-08,3.1171052827830933e-09,0.9996808719525944,5.381652226653699e-05,1.0406057458160866e-05,0.00025488785990674675
7,mlp,5098,2,2,0.002332563875052783,4.7956214194333575e-05,0.9809679859678122,3.7075325410456604e-10,0.016628835588639715,2.0849424917963442e-05,1.8085586298098794e-06
7,mlp,1659,5,5,0.0003818278348695337,4.630614999109476e-05,0.0004784204376675049,0.005691565859222704,0.0002423219387762967,0.9620444742725105,0.031115083506962144
7,mlp,5332,2,2,0.021849398056913615,0.0024133092130536535,0.9755074725353534,9.349607148811367e-10,0.00016651628170388303,6.292811764109556e-05,3.748603738425379e-07
7,mlp,1356,5,5,0.00021974455462906253,2.5127482045944646e-05,4.1740860765782365e-05,0.0016368984947981778,0.00012184756234192356,0.9933702632314584,0.004584377813960838
7,mlp,10492,3,3,7.27712343602775e-10,6.7371032218497335e-09,9.397029647356517e-10,0.9996955596214591,7.861096475947758e-05,1.8247949464742404e-06,0.00022399621431665412
7,mlp,2064,0,5,0.30940369028309495,0.0010932211669433514,4.827340811985924e-05,5.6106508055933364e-05,0.00030807332758566515,0.6884555504977725,0.0006350848084277892
7,mlp,10082,3,3,2.5418583250019565e-10,2.608301154941386e-09,2.7581601885603086e-10,0.9999182714975823,1.7764450907818744e-05,4.536691314439976e-06,5.942422189247333e-05
7,mlp,157,5,5,2.7261017257674667e-06,9.864992406668566e-06,1.2417244395288724e-05,0.18789545820417328,0.00018875985367561903,0.8096151512463019,0.0022756223573214807
7,mlp,5230,2,2,0.0007367037022562728,3.314768385851496e-05,0.9958021155021074,3.167718485686061e-10,0.003417628790676662,8.99997985476901e-06,1.4040244745329937e-06
7,mlp,2411,0,0,0.9999113644486043,1.4636895748363977e-06,2.9946107474612706e-06,8.625078965493226e-10,2.2717512758037296e-06,8.150794392429739e-05,3.966933652477251e-07
7,mlp,9356,6,6,0.0017468604299428316,1.2861280275368099e-05,0.00033600956169213314,0.0016223551027803116,0.005878472133167684,0.0005080723056283739,0.9898953691865134
7,mlp,10656,3,3,8.353176291870811e-08,1.699008307066169e-07,1.5257675828542075e-08,0.9944473425547201,0.0006260647720697914,2.47896521890795e-05,0.004901534330751519
7,mlp,6614,4,4,0.0013948959697791285,1.3095682700675691e-05,0.004225473056604656,4.0677662037305955e-05,0.8967662621792541,0.000460788078722612,0.0970988073709015
7,mlp,11874,3,3,1.3236684108174116e-07,2.437432253049635e-07,1.1000910482156379e-07,0.9925152565875796,0.0007336913713041402,7.105763285269703e-05,0.0066795082890924035
7,mlp,783,5,5,6.223982249731079e-07,1.3785871691975655e-06,4.056765559174071e-06,0.0017208439157123739,1.2856470699045525e-05,0.9981950537651971,6.518809743824913e-05
7,mlp,13101,3,3,1.4942812841681991e-05,6.1061377139184994e-06,9.429272168936396e-06,0.8677221346062288,0.0010472379043030232,0.00357865819008212,0.12762149107666143
7,mlp,3651,1,1,1.9377622891642424e-06,0.9999973191097236,7.428431084615713e-07,1.76239147018262e-21,1.5731984620645904e-10,1.2755895200701197e-10,1.550245824260032e-23
7,mlp,11280,3,3,2.399010779577136e-08,1.5208548053231023e-07,8.802741464340665e-08,0.9985403713470838,5.697874366350905e-05,0.00019450420826678332,0.0012078815979827567
7,mlp,11988,3,3,1.8264346486589617e-06,3.4997852336040108e-06,6.122212982840298e-06,0.9491095547668851,0.0002713806273770115,0.036526986169275716,0.014080630003597138
7,mlp,810,5,5,1.692461981115441e-07,2.931314474285524e-07,6.221033602427033e-08,1.590661002767039e-05,1.4979134643648607e-06,0.9999809437888957,1.1270996306649443e-06
7,mlp,1986,5,5,0.0014502206794552509,9.918773097232455e-05,0.0022325762703911127,0.00037146984020384056,0.00020743770640592552,0.9845972547781742,0.011041852994397406
7,mlp,6457,4,6,0.001787384607685522,4.454098525376581e-05,0.08413382439620541,5.479379514864614e-05,0.4241186278304043,0.0012151926065771613,0.48864563577872516
7,mlp,729,5,5,8.047032656894896e-07,9.458139109127647e-07,1.1224053840933635e-06,0.00037891075114009423,7.4893109474618435e-06,0.9995800742039453,3.0652811406263736e-05
7,mlp,627,5,5,1.4431676161905187e-06,1.4975770803521209e-06,1.9578629988856493e-06,0.0008351100114815023,1.0824455338064564e-05,0.9990830291525393,6.613777294561292e-05
7,mlp,4455,2,2,0.038891642988438765,0.00012750059324646168,0.9579086204771684,1.1497711892269027e-08,0.0029567987479328876,9.604388285534946e-05,1.938181264613709e-05
7,mlp,11591,3,3,3.043344152536028e-08,1.0803891322569142e-07,5.5290573177684273e-08,0.9980148508051618,0.00010594265170558149,9.918931545770805e-05,0.0017798234647470469
7,mlp,3456,1,1,0.00023666236984977714,0.9997603991488985,2.929655405329592e-06,1.3949207879356175e-18,1.983849247455989e-09,6.84199730587331e-09,6.015811398421614e-20
7,mlp,10394,3,3,7.983239095434966e-10,7.960157270275065e-09,1.3947062793624224e-09,0.999783011986152,3.656618828716304e-05,5.197310388603991e-06,0.00017521436198473397
7,mlp,10446,3,3,6.368898638810565e-10,9.886661511434108e-09,3.113567201577773e-09,0.999851549471752,1.847805957686788e-05,1.351795938363029e-05,0.0001164408721688624
7,mlp,10155,3,3,2.557521053446173e-11,3.632180948949819e-10,1.4199890162006184e-11,0.9996302113251376,0.00033274837390665234,1.8035078964807245e-07,3.6859547172921265e-05
7,mlp,7568,6,6,8.867585834001739e-05,1.7961374617640382e-05,1.8487431950826555e-05,0.4335245188734284,0.002209648784426412,0.001558885920464629,0.562581821756772
7,mlp,4595,2,2,0.00047269011132497165,2.946276858988575e-05,0.9986234320377958,1.8710476223111416e-08,0.0008128026695400734,2.549600640140749e-05,3.609769587163725e-05
7,mlp,11352,3,3,4.7014243925864967e-07,7.460150516184195e-07,3.715828798743389e-07,0.9891933602704427,0.00018124174299693265,0.0007701841511747171,0.009853626095014894
7,mlp,11324,3,3,2.8268870668325097e-08,9.141181919020566e-08,3.27748848947469e-08,0.9956054332412569,0.0005945173003779047,3.990681351501756e-05,0.003759990189275457
7,mlp,2867,0,0,0.9980223989080254,7.490058198121836e-05,0.0017801649672087739,1.5545331808472237e-09,1.519142688287168e-05,0.00010655270474163939,7.898566268355416e-07
7,mlp,9503,6,6,0.0007075365734798657,1.437660436699507e-05,0.000695510981226859,0.004014182128493723,0.0026997827388410907,0.000916024305604981,0.9909525866679866
7,mlp,5477,2,2,0.00012423051562767578,0.0003041685942341594,0.9994312902958898,6.4762598642303435e-12,0.0001393009283661656,1.0077126663662728e-06,1.946739378348773e-09
7,mlp,5974,4,4,2.4346795928150418e-05,2.100955252057453e-06,0.0007845703947552316,2.328432937938531e-05,0.9397301201658744,2.728951791569304e-05,0.05940828784089511
7,mlp,3855,1,1,2.0817757180968938e-09,0.9999999978182033,9.995582923589551e-11,3.0249674662105295e-28,5.423461980787322e-14,1.103570017355762e-14,5.445390607723823e-32
7,mlp,9924,6,6,0.1388361593058265,0.00011120347162119799,0.031133476676816988,0.00017109406896089472,0.0013267882814497777,0.01080032398134408,0.8176209542139805
7,mlp,2858,0,0,0.9927607286173754,3.307262154578447e-05,0.007034160162878802,1.9999280140562553e-09,4.251716971657625e-05,0.00012857179651090526,9.476320443705032e-07
7,mlp,6638,4,4,3.4267902764260566e-05,8.197226584075439e-08,3.0723102088619585e-06,2.9074593308335894e-07,0.9998046730620503,9.921372564607856e-06,0.0001476926342128539
7,mlp,3430,1,1,0.0002729663461076445,0.9996785361365342,4.847011455045084e-05,5.627697818943856e-18,1.586284617540272e-08,1.1539961297449496e-08,6.65584511585938e-19
7,mlp,3247,0,0,0.9999942858708144,1.927432657578795e-06,2.7394625475971828e-06,1.6627555919115157e-13,1.3956877986811715e-07,9.076163762709689e-07,4.865768184216351e-11
7,mlp,12375,3,3,8.711293088754451e-07,9.416270716163173e-07,6.167069709648583e-07,0.975936554026902,0.0010742810305091294,0.0001906440436455401,0.022796091435591775
7,mlp,6109,4,4,4.104521474059795e-05,5.477134594277738e-07,3.0732371006113204e-05,1.0711769157564388e-05,0.9948182411574856,3.2473394143228145e-05,0.005066248380007439
7,mlp,7123,4,4,0.0006492332846460691,8.877722299873226e-07,0.0015669642416221233,2.713972523018253e-08,0.9977051687858285,5.777272146787114e-05,1.994605448020316e-05
7,mlp,10902,3,3,7.322294502043408e-08,1.9742100342361887e-07,6.58776501789553e-08,0.9943283495143229,0.00018548832454604099,8.861052230683521e-05,0.005397215117225582
7,mlp,1353,5,5,0.0003528904042405684,7.749485578444959e-05,0.0003939133777890618,0.06948962409854932,0.0008873518646158495,0.8475769528188672,0.08122177258015341
7,mlp,8720,6,6,0.00029821770583364764,1.0930385342834902e-05,0.00016150028474119977,0.011382226850637044,0.0035382599786057934,0.0002984109580742395,0.9843104538367652
7,mlp,261,5,5,3.279825635257487e-08,1.2508089793553244e-07,9.885355663022103e-08,0.00011407615918756245,1.0583971160058907e-06,0.9998835437064929,1.065004492723365e-06
7,mlp,4959,2,2,0.0007749333350922468,5.3818154632500996e-05,0.9911663729750708,6.253327800668413e-10,0.007985486728963237,1.6118467026508497e-05,3.2697138817335776e-06
7,mlp,9239,6,0,0.7828926101739498,0.0004091320316010675,0.001045596055875991,0.0016506841438552967,0.003815391589303416,0.021877746898302207,0.1883088391071123
7,mlp,4330,2,2,0.011375905760595826,7.497359520932545e-05,0.9848427714279494,2.1575446851701607e-08,0.0035772722457828275,7.812235936164708e-05,5.0933035654257055e-05
7,mlp,2114,0,0,0.5934176674642904,9.170098135551454e-05,0.007280341137327926,0.00012141386882648093,0.006275314778171606,0.009473672651201897,0.38333988911882594
7,mlp,7526,6,6,3.2629303416015723e-05,1.1973725965691323e-05,1.4234929593384134e-05,0.3036284431537755,0.006964124241912222,0.0004846723171753355,0.688863922328162
7,mlp,9220,6,6,0.0011124855133771163,1.8783267830377718e-05,0.0006612728394085045,0.0008711906267278441,0.0013899659754880367,0.00013796009583507343,0.9958083416813331
7,mlp,11088,3,3,1.610589218689365e-08,8.433144070184144e-08,3.042189882370279e-08,0.9990620055674081,5.478821477947925e-05,4.7698175210613673e-05,0.0008353771833700782
7,mlp,5985,4,4,6.327280446337802e-07,3.007946049750299e-08,7.745976500693236e-07,1.2451636804101765e-06,0.9995667396282105,2.514044460716276e-06,0.00042806375849317854
7,mlp,7701,6,6,6.432038927005187e-05,1.2296371024538243e-05,2.095483126045684e-05,0.22699484891381155,0.008317363531593366,0.0008582841571750425,0.7637319318058648
7,mlp,6256,4,4,1.0247353473011822e-06,1.7641662912846896e-08,5.089180760387106e-07,1.1822985351505613e-06,0.9998596157997578,4.2965880098701626e-06,0.00013335401861071288
7,mlp,12243,3,3,9.904415639558041e-08,1.868649750934729e-07,1.4265926324009144e-07,0.996059376425506,0.0001707303809712895,0.00023931451599015305,0.0035301501091379787
7,mlp,7202,4,4,0.0003789928410962413,2.0511980737568594e-05,0.1782716321126058,3.7592391359101476e-08,0.8196773482026186,0.0003759385815638274,0.001275538688986635
7,mlp,6911,4,4,3.0066820048817276e-05,1.1408897079664839e-07,2.244754702221724e-05,2.142868454853502e-07,0.9995536322113643,1.4919028827250502e-05,0.000378606016921174
7,mlp,13197,3,6,0.00010297578447483935,2.2407921453588227e-05,1.850958853836723e-05,0.07902515195851414,0.006450164386638009,0.000245170533456897,0.9141356198269242
7,mlp,3387,1,1,0.0026145198133736996,0.9963985329987578,0.0009865225431874,3.356379585313601e-16,1.6630803875542836e-07,2.5833664160483956e-07,1.2331374390927094e-16
7,mlp,6949,4,4,2.144099854599903e-05,3.1879004078035716e-07,0.0005830430823394994,7.310333927865093e-08,0.9993171014945034,1.3865172257261347e-05,6.415735897375302e-05
7,mlp,8207,6,6,0.0002782436377875852,8.212440496388504e-06,2.1748371051390764e-05,0.01849678449405904,0.0757906108647238,0.0004377379430794638,0.9049666622488024
7,mlp,3138,0,0,0.9987976536714994,0.00035845665611484594,0.0008141166462573891,3.6329477552793155e-10,2.627323815349168e-06,2.71111831951107e-05,3.4155823137104735e-08
7,mlp,1075,5,5,3.163947787531788e-06,3.5933340312749074e-06,4.738386885195395e-06,0.0006327506610208048,1.7080782172784633e-05,0.9991529322743395,0.00018574061376285317
7,mlp,10410,3,3,2.6020704916407787e-09,9.092422756735457e-09,4.213823471899376e-10,0.9979277849909874,0.000833590371661629,6.062647391382946e-07,0.0012380062567362094
7,mlp,3996,2,2,0.2483098042200061,0.00041585392688441405,0.7421299641227943,7.342160838960823e-07,0.006632609490378581,0.0009836836905253536,0.0015273503333275327
7,mlp,4507,2,2,0.013989668362679052,0.00011174331199516687,0.9853033630725944,4.635273698738241e-08,0.0004520240693794094,7.848727981634017e-05,6.466755079864212e-05
7,mlp,11831,3,3,2.1602406303902807e-07,5.361477899576463e-07,2.1635736318658773e-07,0.9452283037299298,0.007849407297439258,2.59400520291538e-05,0.04689538039138576
7,mlp,12271,3,3,2.0590831285185317e-06,2.6216534129655877e-06,1.5482473297975577e-06,0.932372594167037,0.001225589376342909,0.0001266746209209992,0.06626891285182784
7,mlp,3109,0,0,0.9996756011415392,0.00026939166097880387,1.2461669323601622e-05,1.6631283075169248e-10,6.697515837370541e-07,4.187127958217464e-05,4.330679903218605e-09
7,mlp,1810,5,5,0.00013163596975408108,2.1080737778177802e-05,0.0002831201704607914,0.00275035175113096,0.00014725955775159074,0.9904094473824773,0.0062571044306472005
7,mlp,11143,3,3,1.9626470987485662e-08,7.066348203466869e-08,1.18875660903694e-08,0.9894421715147933,0.0055253829367026466,7.040122290391295e-06,0.005025303248694573
7,mlp,5041,2,2,0.07144242744227627,0.0001349287241712114,0.9240435469171464,2.6778494177631673e-09,0.004194836213452816,0.00016995527306653833,1.4302752037559518e-05
7,mlp,6025,4,4,0.00010798721955702036,1.2215045112168856e-06,6.836954371900636e-05,7.143740202395165e-05,0.992609420264518,0.00010191451908979024,0.007039649546580903
7,mlp,8897,6,6,0.0009799516797169053,1.8678894455946386e-05,0.00039346926959015984,0.008590006305720592,0.0004264977248317101,0.002507046833947162,0.9870843492917374
7,mlp,11261,3,3,9.19888855442486e-09,4.3544562834756154e-08,1.2126843131668285e-08,0.9960258596699947,0.0014732178291473558,5.915015951645157e-06,0.002494942614611891
7,mlp,7852,6,6,0.00015082287595541538,2.8345373354805734e-05,6.922050200038198e-05,0.37434854687140817,0.0021834251823733995,0.003828033478724221,0.6193916057161836
7,mlp,2982,0,0,0.9979822861913457,0.00044093994636258004,0.0013865303262275506,2.9176335174897008e-09,8.95353849766641e-06,0.0001809865740249593,3.0050590819305767e-07
7,mlp,3614,1,1,5.242921124478648e-06,0.9999947262645337,3.069886736583135e-08,1.6782386779434198e-21,4.4916234995479254e-11,7.055806577475533e-11,9.810877142078041e-24
7,mlp,12705,3,3,4.064036161055929e-06,4.236166478307278e-06,6.0003686110804714e-06,0.9426205137539688,0.0005150614363135607,0.002161199739596451,0.05468892449887061
7,mlp,12917,3,3,7.74278877499745e-06,4.176784152022618e-06,3.99613844226459e-06,0.7961630501440625,0.006837460418404253,0.0003731632013919556,0.19661041052477204
7,mlp,175,5,5,6.880198257888313e-08,2.2126222904625623e-07,1.7513720654064334e-07,0.0002805691972921757,1.759779273809345e-06,0.9997144020709133,2.8037511025800787e-06
7,mlp,5078,2,2,0.005250893341922032,0.0001789675254357927,0.9941258141266591,1.0067657945331054e-09,0.0004317468554949347,1.149701284366894e-05,1.0801308788351855e-06
7,mlp,4029,2,2,0.007492779806107538,5.3374031770201095e-05,0.9848450717986023,1.1457507621681153e-06,0.002422018148635719,0.00022600034977285024,0.0049596101143492095
7,mlp,1695,5,5,4.195393303920633e-06,3.187548331896296e-06,1.7099258333668954e-05,0.0003777058127065088,1.8494299481460145e-05,0.9993470278547788,0.00023228983306377362
7,mlp,1263,5,5,8.787691267445088e-07,1.144036294608032e-06,3.589553556150205e-06,0.00038072167487530206,7.132108735358503e-06,0.9995322954830029,7.423837440896167e-05
7,mlp,2445,0,0,0.9992328016484859,1.4533379507847014e-05,0.0005558488880639017,7.32405007814945e-09,3.89942779762323e-05,0.00014961345189239147,8.201030023415723e-06
7,mlp,4446,2,2,0.0011866161217026095,1.8183512153613e-05,0.9977637685153945,7.606281013359702e-09,0.0009868365569322055,1.9647136685937278e-05,2.4940550850149266e-05
7,mlp,6469,4,4,0.0009782607303074982,1.3736098733045211e-05,0.003401366924257659,2.862050229434272e-05,0.8757757506812927,0.000309814057006118,0.11949245100610868
7,mlp,160,5,5,3.697578121306937e-08,1.4100256997006293e-07,9.367376664792128e-08,0.0001557869475507888,1.1332577592159284e-06,0.9998412911353011,1.5170072711876863e-06
7,mlp,13136,3,3,1.0585338147181725e-05,3.7273738551990144e-06,4.733296943342753e-06,0.866993191921698,0.005953285794952656,0.0009471418588854915,0.12608733441551825
7,mlp,10179,3,3,2.578700140120225e-10,3.556723554980134e-09,4.4863462718158884e-10,0.9998439838026784,5.420523888918e-05,7.840774946592127e-07,0.00010102261770962994
7,mlp,9154,6,6,0.0012179080929757306,1.2701576627503383e-05,0.0007550169337215867,0.0011286240327212978,0.0021523836650120605,0.000219257453996488,0.9945141082449452
7,mlp,931,5,5,5.814852187105399e-07,1.2113886605014989e-06,2.8846955838889457e-06,0.0007659697895139708,8.400489057632784e-06,0.9991596185486531,6.133360331231638e-05
7,mlp,10241,3,3,4.2024328244417426e-11,9.07839766374222e-10,8.25478252664419e-11,0.9998233754366161,0.00013890191284652916,6.467633353035892e-07,3.70748547903434e-05
7,mlp,6208,4,4,6.66439248961113e-06,2.619869074148657e-07,2.996196613347571e-05,2.4819854441240283e-06,0.9979463067976458,9.908421333713643e-06,0.0020044144500457103
7,mlp,12800,3,3,1.1020282067702198e-06,1.1081431487723287e-06,1.0023620739037601e-06,0.9633466417774046,0.0007789856562555365,0.0004819752390719163,0.035389184793838506
7,mlp,2848,0,0,0.9981133724402017,0.0005181976068345568,1.0236454875025433e-06,2.2631753684039036e-09,2.1497638856973596e-06,0.0013652411681062274,1.3112308854131944e-08
7,mlp,9770,6,6,0.004069397856808437,3.369198679459499e-05,0.0037025109185380594,0.0008618382122681509,0.0005910568823345842,0.00382651059147631,0.9869149935517799
7,mlp,13224,3,3,1.5721161721732818e-05,7.656231820451662e-06,1.0244955252932317e-05,0.6756981866366761,0.002846297515200184,0.0005278979775512506,0.3208939955217773
7,mlp,11569,3,3,9.668531037694723e-08,2.4217714196732186e-07,1.4328720231744764e-07,0.9919538797303035,0.000338498852136558,0.00012448190249919608,0.007582657365406258
7,mlp,5627,4,4,4.417846298233737e-07,9.657425064765264e-08,4.916297251342941e-07,6.603098104124752e-05,0.9989448463253767,3.3273960731971517e-06,0.0009847653089029849
7,mlp,7046,4,4,3.608102160779536e-05,2.3767072125827973e-07,0.00016305794585720255,1.6702718271792866e-07,0.9994282907829892,1.7286734516071616e-05,0.00035487881712572997
7,mlp,10,5,5,6.712949262348075e-08,3.182204356661116e-07,1.6989720927418014e-07,0.0016214875610245894,2.9436611632164336e-06,0.9983699483696062,5.06516106839928e-06
7,mlp,1929,5,5,0.0001142410412560821,1.7064381667533103e-05,0.0002827143474258276,0.0005691666989236175,8.274187461076867e-05,0.9959846241726452,0.002949447483470776
7,mlp,10352,3,3,4.94042297756391e-09,5.1824987197729e-08,2.360202252692384e-08,0.9979180465000178,1.8710226458287796e-05,0.0018286603431030897,0.00023450256298787286
7,mlp,8196,6,6,0.00018434228201732672,1.3310908583453201e-05,4.978137894912665e-05,0.02748975080143463,0.0031381343093453236,0.00019748421218844604,0.9689271961074817
7,mlp,7532,6,6,2.9344952285934514e-05,8.667234590737358e-06,7.4691620929403325e-06,0.46894208481995564,0.020679955831791618,0.0006740510473623563,0.5096584269519208
7,mlp,8695,6,6,0.0004765189321084695,1.0588161840857704e-05,0.00011839757993552701,0.01079321883600633,0.0026087700315492327,0.000693956373756175,0.9852985500848034
7,mlp,8497,6,6,0.0001559484911576745,6.812429462434234e-06,0.00010389068466804045,0.0027382915909643095,0.0015383624166573978,0.00013681760959555073,0.9953198767774947
7,mlp,2173,0,0,0.9955095581184128,4.0538581963419136e-05,0.0008644293569728313,1.098888772394309e-06,0.00010369746543875968,0.003140752878991724,0.000339924709448297
7,mlp,227,5,5,2.517015723187781e-07,6.790038379071071e-07,8.417428806326883e-07,0.0013684491902389122,6.163781547332082e-06,0.9985997827698473,2.3831810075666485e-05
7,mlp,3641,1,1,2.9811224711044337e-06,0.9999948386495995,2.1796627383989125e-06,2.946566663017581e-21,3.716639588213835e-10,1.935271309501716e-10,3.6200997131370826e-23
7,mlp,7112,4,4,9.418199292316453e-06,3.4557646416381833e-07,0.0008418742711915648,3.176303589217122e-08,0.9986004570408297,8.371628686726125e-06,0.0005395015204997599
7,mlp,8310,6,6,0.0005109464353569018,7.947571917192528e-05,0.0008637576684826491,0.07400710955355778,0.001113162019234346,0.1824430605283468,0.7409824880758495
7,mlp,2685,0,0,0.9994505100666393,0.00023206962104582607,1.6537404111095672e-05,4.902974494523943e-09,3.1474406495768287e-06,0.0002975407281437195,1.8983643588433895e-07
7,mlp,7321,4,4,7.025784370776202e-05,1.259127433541983e-06,0.01222539477402271,2.4520815400997493e-08,0.9876522350916038,3.3795848994322514e-05,1.7032793422439215e-05
7,mlp,13195,3,3,8.977574666295651e-05,5.938586217396508e-05,0.00018681322992796035,0.5321216332103947,0.0012929487024964945,0.34515627556039924,0.1210931676879446
7,mlp,965,5,5,1.9584291505297393e-06,2.137390789895814e-06,6.615262325472757e-06,0.001359973117614024,1.6153151749112072e-05,0.9984143275680286,0.00019883508034245016
7,mlp,4841,2,2,0.0020910714177652186,7.777184116336254e-05,0.997319811216007,7.536829705530187e-09,0.0004478497917837116,5.1692988771897264e-05,1.179520767926015e-05
7,mlp,1363,5,5,6.958610491478536e-08,6.861066029383192e-08,5.239747869628538e-09,6.232309999184178e-07,4.4099782759370667e-07,0.9999987458865686,4.6448090742930886e-08
7,mlp,4657,2,2,0.0032135870026800393,0.00010355743777535675,0.9962991283975415,2.159568835764231e-08,0.00031144038263910157,3.177448371996889e-05,4.0490699955685874e-05
7,mlp,4277,2,2,0.004366047244939702,3.781850067898989e-05,0.9446996289820905,1.9773238652420784e-07,0.04989200430380765,0.0004101560447910823,0.0005941471913054019
7,mlp,9311,6,6,0.0011809081946461252,1.4178587747485945e-05,0.0005086707250034221,0.004634600877961496,0.0030175452871643773,0.0010618373086611187,0.9895822590188159
7,mlp,8073,6,6,0.00027936931210823,2.4608668325530075e-05,0.00019650930538404621,0.049103098373546934,0.000738100057387244,0.011957372437887416,0.9377009418453606
7,mlp,6985,4,4,5.653592159365988e-07,1.1533100496682546e-08,2.0819934329457686e-06,4.792573789857036e-08,0.9999720417954053,2.1824711195735483e-06,2.3068921987736347e-05
7,mlp,11310,3,3,1.698409902867491e-08,9.639029151303219e-08,5.017557278667932e-08,0.9988523805904619,5.039359852799987e-05,0.00014869833278758837,0.0009483639282590753
7,mlp,8025,6,6,0.000123377430357877,1.2235977034643146e-05,5.674007616154601e-05,0.03189618111880191,0.004318623549332184,0.0001690154580500372,0.9634238263902618
7,mlp,3294,0,0,0.9934247653752174,0.0020416513688774076,0.004517234998194312,3.3313726992334225e-11,5.722518175687045e-06,1.062204240185113e-05,3.663819513636041e-09
7,mlp,7838,6,6,0.00041485079567028354,6.597495025845888e-05,9.475383322116591e-05,0.08539331060266694,0.0027464522200308325,0.0006150501640925534,0.9106696074340598
7,mlp,3355,1,1,0.0071039851456948435,0.9927735615703585,0.00012206927761043927,2.5453005135878787e-15,1.1106131603413447e-07,2.7294501568846583e-07,1.9514654069771e-15
7,mlp,1103,5,5,1.587126729043688e-06,1.503573852842687e-06,3.2229364263656708e-06,0.00040791846622282115,9.636797481850937e-06,0.9995068311172886,6.929998199835899e-05
7,mlp,1445,5,5,0.0006638310296159546,4.746601665979184e-05,0.00037116963648830577,0.018521850259634716,0.0005880489173861399,0.8884224310559646,0.09138520308425052
7,mlp,12045,3,3,2.116053553282183e-06,2.787232836509886e-06,8.568682626945651e-07,0.811225721764461,0.0055079360996969865,2.036958682253107e-05,0.18324021239436708
7,mlp,4727,2,2,0.00430073472099786,6.481883925644041e-05,0.995141483320815,1.2556118958759804e-08,0.00044138264173562464,3.2755935425457736e-05,1.8811985650655044e-05
7,mlp,87,5,5,3.6633671539302485e-06,2.4144081373954165e-06,1.5718100436251106e-06,0.006942894552656506,3.8775368457082255e-05,0.992682190660574,0.00032848983297755857
7,mlp,1105,5,5,4.58101493342531e-06,6.6876935787119606e-06,2.423707503078776e-05,0.005319047735975409,4.880551580892015e-05,0.9938207688932128,0.0007758720714597733
7,mlp,9661,6,6,0.02625133269928756,0.0001902970151216918,0.017959669388407845,0.0008675438205313853,0.0004616377536780648,0.037019100130140065,0.9172504191928335
7,mlp,1313,5,5,6.501812997472286e-06,5.9033735082321465e-06,2.3041059025753955e-05,0.0021646420775353,3.417487700084728e-05,0.9969154719151511,0.0008502648847814534
7,mlp,11328,3,3,7.516984198980362e-08,1.9674222045402947e-07,4.828617709760375e-08,0.988673001606847,0.0018697884278705622,2.0494442808017034e-05,0.00943639532423497
7,mlp,4204,2,2,0.007288321900126338,2.695697298726649e-05,0.7911307982213837,3.016167822899811e-07,0.198350017698669,0.0005271302335808259,0.0026764733564705345
7,mlp,10004,3,3,1.0991881213552284e-11,4.164284049718287e-10,6.51580287429618e-11,0.9999882759972434,2.8003249019835168e-06,3.3715614982436735e-06,5.551623777986717e-06
7,mlp,356,5,5,5.747909566610192e-07,1.924403906181424e-06,2.9877919839433718e-06,0.004182436303884185,1.5167631540533025e-05,0.995698580486148,9.832859158034333e-05
7,mlp,4762,2,2,0.0019750963504877902,4.370155536398993e-05,0.9972525714867799,2.540146391581232e-09,0.0007094294725786082,1.4092711724673654e-05,5.10588291870241e-06
7,mlp,7041,4,4,4.4590255857522314e-05,1.7637766566818765e-06,0.019900603637655216,2.2559728311467974e-07,0.9793723514969311,2.7381971462141075e-05,0.0006530832641542255
7,mlp,9059,6,6,0.0003386892543204043,1.8834541307265646e-05,0.0005211924611040066,0.0021408127350239677,0.027287108202366323,0.00029667008153838256,0.9693966927243397
7,mlp,994,5,5,2.2495821172453277e-06,1.9827029098991877e-06,5.209609596205541e-06,0.0010452576394558125,1.5529179997537786e-05,0.9987916000116855,0.0001381712742378545
7,mlp,3577,1,1,1.7025633518804e-05,0.9999770508917353,5.9205610320556185e-06,4.8652176280745726e-20,7.852011643178826e-10,2.1285126453500114e-09,1.2655282591878006e-21
7,mlp,5494,2,2,0.01331084223454928,0.04830698245220475,0.938283450418653,1.8384305492764127e-11,7.65182096140686e-05,2.22059749998419e-05,6.915947181938508e-10
7,mlp,5238,2,2,0.0001324773163883658,2.0784715551654475e-05,0.9994699774676691,1.52513235679819e-10,0.00037472669003626123,1.75102801877654e-06,2.8262982249097743e-07
7,mlp,7806,6,6,5.988450718754406e-05,8.553336391188436e-06,1.981277189807435e-05,0.025189462113643105,0.002858924838591415,8.379637984186877e-05,0.9717795660524469
7,mlp,6080,4,4,6.742378761027437e-05,3.4045999757164637e-06,0.0004621426173725731,3.070527211133684e-05,0.9601554065874398,5.363500522270625e-05,0.0392272821302678
7,mlp,6070,4,4,4.1189527717027183e-07,9.235802352750592e-08,1.0320813828194426e-05,1.0082369505119255e-06,0.9995990125649881,1.7303404708563275e-06,0.00038742379046188276
7,mlp,7088,4,4,0.02662083679567364,9.782389042748451e-05,0.30025538001609553,1.485910715229185e-07,0.6704393940136593,0.0013260581680320873,0.0012603585250406187
7,mlp,4885,2,2,0.019131755828255412,0.0001966961962861886,0.9793794137917945,1.2708258799368729e-08,0.0011746661454207813,8.357291261482385e-05,3.38824173696716e-05
7,mlp,2268,0,0,0.9994474883745238,9.806589860608866e-06,0.0002679233223952525,4.4684064949256006e-08,3.067409484297837e-05,0.00021907659847767366,2.4986335834634015e-05
7,mlp,13509,3,3,0.00012490205931193883,2.21766501998493e-05,5.898129434817634e-05,0.506599696035683,0.005478576393333213,0.008417830720923863,0.47929783684619987
7,mlp,10158,3,3,9.153523441792966e-10,1.0101432505697975e-08,1.3992656381806734e-09,0.9996983970514638,6.131707967692642e-05,1.0233589555609273e-05,0.00023003986325318703
7,mlp,8445,6,6,0.017676851681260704,0.00011776955133038814,0.0006127894071592429,0.025309562914825435,0.003520992543616478,0.026784201691644152,0.9259778322101635
7,mlp,8301,6,6,0.00023378855258913107,9.839243505282173e-06,5.602966092814092e-05,0.010798317668116014,0.0021923232636431615,0.00017006025834455913,0.9865396413528736
7,mlp,1152,5,5,5.2241771994528415e-06,6.6569917632283625e-06,1.2772815673493367e-05,0.0018951231843135448,3.865245023486904e-05,0.9973491402208682,0.0006924301599473807
7,mlp,13536,3,6,0.00013396801291923048,2.169649762117744e-05,9.460114885431586e-05,0.13711285198091125,0.0022440838564844307,0.0010297283802067436,0.8593630701230027
7,mlp,12237,3,3,4.749661812320267e-07,1.0402120710436606e-06,1.156311231974635e-06,0.9864296762944977,0.0002104225453065815,0.0008712735189827023,0.012485956151728806
7,mlp,9513,6,6,0.012541547141418197,2.2040580901615075e-05,0.0011340898926452527,0.0009493189089763597,0.0007193158862673619,0.00810195209542125,0.97653173549437
7,mlp,4101,2,2,0.12288073457087859,0.0008035848864195633,0.8702053436545134,2.4225900033663267e-06,0.00052010975778174,0.002068456550837954,0.0035193479895653888
7,mlp,9763,6,0,0.99390803812147,2.0882554908444052e-05,0.00010403327433993056,8.300516159301683e-06,0.0015486841354924747,0.0022257397349132292,0.0021843216627167347
7,mlp,1581,5,5,6.612448272114224e-05,1.5024696218967557e-05,3.887065349450477e-05,0.0006318011691586561,5.974486085181931e-05,0.9975696897239743,0.001618744413580558
7,mlp,6944,4,4,1.917744019455879e-05,5.901054451563804e-07,0.01276503494043512,1.5248836519823607e-08,0.9867347368457291,1.6806492537082217e-05,0.00046363892682243477
7,mlp,9231,6,6,0.0005304668419776777,6.8581183817109e-06,0.0004675067292530251,0.0006191540205633237,0.0006444662749905684,0.00015703203063569383,0.997574515984198
7,mlp,5605,4,4,4.603370758320612e-06,1.9126069482155855e-06,3.1917139893129817e-06,0.002405447099439412,0.9384388834285109,3.193954202424166e-05,0.0591140222383294
7,mlp,11573,3,3,5.410178806551199e-07,7.92277182842578e-07,4.5340956042639175e-07,0.9753381852752998,0.0003979609596662875,0.0002546018968579499,0.024007465163552
7,mlp,1808,5,5,8.409622245734992e-05,2.3232399269281225e-05,0.0001928787549825528,0.0010407600159624876,9.925714080232277e-05,0.993392264804908,0.00516751066161809
7,mlp,6268,4,4,4.030883493702364e-05,1.4944442713718293e-06,0.0003996827562249902,8.370097252841405e-06,0.9942724390003805,3.631347607062283e-05,0.005241391390862545
7,mlp,3913,2,2,0.027196110091897988,0.00015797721173767894,0.7532274875189132,3.883964518134997e-05,0.13069980262871742,0.0022232893177087376,0.08645649358584341
7,mlp,9975,6,4,0.11093002845132494,0.0002190280155890031,0.18597456051458747,5.825681485986657e-05,0.38665549405678806,0.002936510114779559,0.3132261220320711
7,mlp,4625,2,2,0.005271659955266411,3.59948224039295e-05,0.95229038116088,2.7472257278197442e-08,0.04216840046796119,0.00020183080128366644,3.170531994760571e-05
7,mlp,5198,2,2,1.9543183033801415e-05,4.381402841079422e-06,0.9949781218330545,9.929859704309559e-12,0.004996515839769296,1.3952535354956635e-06,4.247783615674128e-08
7,mlp,3450,1,1,7.236632072049026e-05,0.9999112633579089,1.635723868493899e-05,3.5347437830045636e-18,4.054029349186341e-09,9.02865637566804e-09,2.3220479958879856e-19
7,mlp,9295,6,6,0.0012599716109529095,9.317645789456254e-06,0.0006033444762018072,0.0004666627959441824,0.00010167891198658622,0.0004907814143120052,0.997068243144813
7,mlp,3283,0,0,0.9999904180906685,4.6634511610803255e-06,4.008290874131482e-06,7.712783833515334e-14,3.2020155423744196e-07,5.899383549725938e-07,2.730985059357804e-11
7,mlp,3268,0,0,0.9999885647721981,8.572567766287044e-06,2.271726462488798e-06,1.5041158533949706e-13,1.0056328786579489e-07,4.903357686160996e-07,3.436650142532418e-11
7,mlp,5289,2,2,0.003355271116205407,0.00019831273484254653,0.996063172483468,2.919090281410631e-10,0.00037574242738733877,7.076551974723702e-06,4.2439421294488837e-07
7,mlp,1942,5,5,9.284995857308144e-05,2.125657487049396e-05,0.00011972027542275662,0.00013878485558967116,5.499095877324735e-05,0.9987852593148022,0.000787138061968479
7,mlp,9881,6,6,0.008841324917471634,5.0402995110538475e-05,0.02643933256119189,0.00022233770660360426,0.0048975194918686035,0.0005168832958722466,0.9590321990318814
7,mlp,195,5,5,2.601952531280423e-07,1.1878731214547926e-06,1.3574081927966783e-06,0.00414753409317571,1.1538908739655693e-05,0.9957479892753648,9.01322461524599e-05
7,mlp,317,5,5,1.4818802419787012e-06,3.014400753569615e-06,5.197428259166404e-06,0.010232021254297452,3.293667188316973e-05,0.9894216385872084,0.0003037097773563092
7,mlp,4499,2,2,0.03827611977289227,0.000620218714319293,0.9601029521417714,1.8195384695301753e-07,0.0003340750975746717,0.00045973460252293123,0.00020671771707250598
7,mlp,9244,6,6,0.0014377606297370754,1.2455727500383769e-05,0.0005949888798734163,0.0012950270363834941,0.0002647516220195663,0.0008443260028527485,0.9955506901016333
7,mlp,410,5,5,3.0380145735529992e-06,5.8144059976117994e-06,1.0437223091514632e-05,0.01865203819689689,5.8619101203048805e-05,0.9803655040690117,0.0009045489892258655
7,mlp,2061,0,0,0.9667297583452616,0.00010296185774876156,0.0007399973517943088,0.00011799255005974876,0.0010929817405478457,0.011687057997299424,0.01952925015728843
7,mlp,3139,0,0,0.9998222928274153,2.897201763058402e-06,0.00013728365409576438,5.928494139178331e-12,2.1942314796780542e-05,1.5569004051837428e-05,1.49919486453587e-08
7,mlp,12227,3,3,3.55379653169474e-07,4.592650260092263e-07,1.9958909613903408e-07,0.9816396340160167,0.0006571382673451014,0.00010343310736537695,0.017598780375497412
7,mlp,3290,0,0,0.9999892282969604,5.739527853480521e-06,3.5681681372461303e-06,8.399335920563444e-14,1.9487585745892855e-07,1.269076392708354e-06,5.4714683685543685e-11
7,mlp,4383,2,2,0.022277014481430733,5.368630413244243e-05,0.9755618514874932,4.6151969172782944e-08,0.0017482830534732488,0.00019640285895077214,0.00016271566255024897
7,mlp,7799,6,3,4.572255755802626e-05,1.0859967808001138e-05,1.748164002217473e-05,0.6100080499375838,0.0028162482847096768,0.0024586569348147955,0.3846429806775034
7,mlp,631,5,5,2.6332349762730892e-06,7.7668537919546e-06,2.1249137727794758e-05,0.05116948858357392,0.00013575780580157078,0.9468364803036831,0.001826624080445396
7,mlp,2940,0,0,0.9981246757710922,0.00023529861599135,0.0015453267846964756,2.2435542521844875e-09,6.980526578627351e-06,8.734064171605176e-05,3.7541637124331204e-07
7,mlp,2149,0,0,0.9996076712079651,2.2372248514012683e-06,1.5562153104372216e-05,1.1553752274995385e-07,3.329757690453025e-05,0.0003156568244229974,2.5459475228488717e-05
7,mlp,8215,6,6,0.00020960793701084392,1.2491825723112858e-05,0.00013229742700262043,0.020608912510316733,0.0003821287277059627,0.0025395584729335564,0.9761150030993072
7,mlp,3237,0,0,0.9996685805950153,5.34477734384997e-05,0.0002686749975731061,6.375483580090897e-12,1.5294725594385969e-06,7.765290145636274e-06,1.864892809129619e-09
7,mlp,1904,5,5,0.05631736150046506,0.00030245014996349654,0.010731664512064242,0.0019622336423784146,0.0010838354933685476,0.6443158198985586,0.28528663480320166
7,mlp,355,5,5,1.7879381791907662e-07,4.806611857312262e-07,2.977984824620566e-07,0.00026431956827811906,3.2228838734725583e-06,0.9997239785330335,7.521761328920842e-06
7,mlp,4531,2,2,0.004745886091644732,0.00012195646225109127,0.9931356390625644,9.043128279344544e-08,0.0012879060542030918,0.0005861750937803366,0.0001223468042738073
7,mlp,13005,3,6,0.00018469861465785823,4.1942911642950785e-05,3.89703033098054e-05,0.4280609174241714,0.0026245567208734843,0.004736923382304383,0.5643119906430402
7,mlp,4188,2,2,0.07249401106974934,6.47488178466104e-05,0.9155780205583465,1.8587343056831724e-07,0.009801653999398858,0.0006758137770312611,0.0013855659041971963
7,mlp,3884,2,2,0.01926008683263337,0.00014861100212423874,0.522020598749025,7.803024475129482e-05,0.05316070735990237,0.0016351009580669147,0.4036968648534969
7,mlp,12494,3,3,2.467947407100155e-06,2.517178335464497e-06,1.954253904269655e-06,0.9266421227681031,0.0013505869561937739,0.0003816808985562274,0.0716186699975001
7,mlp,2320,0,0,0.999511699623043,1.1196483941163274e-05,0.00012520137275138374,2.2791499226036217e-08,1.9557637916097915e-05,0.00031700914921949623,1.5312941629815474e-05
7,mlp,1402,5,6,0.011187010214532394,0.00015467748792027199,0.0004597356902453428,0.06797513420837191,0.004078662489713239,0.044763646022852516,0.8713811338863643
7,mlp,11622,3,3,1.2313791364690212e-07,3.4093132106552774e-07,2.8617634628582933e-07,0.9929943728905688,0.0001379644015784649,0.0005609374682971144,0.0063059749939746645
7,mlp,2881,0,2,0.4915001497390512,0.003728015045466135,0.5023636780872377,3.6129928732869595e-07,0.0002465308297314306,0.0020187048249675097,0.0001425601742588322
7,mlp,1907,5,5,3.1883004747726334e-05,8.340471754156404e-06,3.486615033377454e-05,8.747693846412046e-05,2.5023456902709563e-05,0.9994915643744934,0.0003208456033041667
7,mlp,7330,4,4,1.8052541040243212e-05,4.387265019381194e-08,0.00014890562628745865,2.6264061826342437e-09,0.9998208278880141,6.554041195950891e-06,5.613404405669539e-06
7,mlp,13202,3,3,0.0006572542063208468,4.986613345244857e-05,2.218024036062294e-05,0.5134849833325669,0.009606967334176446,0.0035604962883384558,0.47261825246478445
7,mlp,6889,4,4,4.780452420934987e-05,9.526457638684948e-07,0.0016598455476824457,1.7739734694541186e-06,0.9976153269627325,5.637370445562022e-05,0.0006179226416867193
7,mlp,2667,0,0,0.9994921951336609,0.00013268506259383735,5.822518585475175e-06,3.2276896174157612e-09,1.7279150268331438e-06,0.00036748052697845284,8.561546477672036e-08
7,mlp,3872,2,5,0.00026049678730106764,1.335447124357654e-05,0.0001162449582946229,0.0004025257398964753,7.413290206271196e-05,0.993902714165542,0.005230530975659532
7,mlp,5537,4,3,4.681889989257063e-06,2.7623858868701365e-06,2.4600920625725407e-06,0.8663699387647188,0.010117763446289299,0.0002771600454001453,0.12322523337565307
7,mlp,2544,0,2,0.42191347545003216,0.0006494988170425771,0.5742015298604708,8.344698782338308e-07,0.00042964477265881537,0.0019506750015039378,0.0008543416284134583
7,mlp,526,5,5,1.1586445411431164e-07,3.818817444082685e-07,2.587062392330122e-07,0.00014786258612419588,2.6212498455311827e-06,0.9998449752051825,3.784506409948125e-06
7,mlp,3956,2,0,0.4838670158600966,0.0010245746707690177,0.23535424699685153,2.802006419769798e-05,0.0012978696393048514,0.2638362004004326,0.014592072368347876
7,mlp,6581,4,4,4.528133433310801e-05,4.7510177698923696e-07,9.216182556405741e-05,9.650212758429164e-07,0.99828831565512,2.3746455066212312e-05,0.0015490546068637318
7,mlp,4844,2,2,0.0008596161167164425,2.21172826725213e-05,0.983767045992298,9.560284913702281e-10,0.015331429048891631,1.6763250240296514e-05,3.0273531524495732e-06
7,mlp,11061,3,3,2.1061336737054448e-08,8.420390603937359e-08,2.408229956325518e-08,0.9936390598048147,0.0009609016705072472,1.716239226066422e-05,0.0053827467848752515
7,mlp,4667,2,2,0.026650915185020434,0.0002790640992641781,0.9671664984221499,4.864022788931802e-09,0.005821160805007813,7.500889320613878e-05,7.347731328946055e-06
7,mlp,1079,5,5,2.4803214448559438e-05,2.564899162239058e-05,9.828090623202395e-05,0.06068257109542026,0.000320270628743674,0.927255419870496,0.011593005293037112
7,mlp,1866,5,6,0.005471399985634128,0.00011112197083109806,0.0029679291345589436,0.01695912464805659,0.0012712328389027393,0.4763031885305036,0.49691600289151305
7,mlp,11256,3,3,7.774568849722603e-09,2.2360354834788927e-08,4.247709262540363e-09,0.9987592464098216,0.00028821856540423604,1.7217577783827745e-05,0.000935283064357509
7,mlp,2675,0,0,0.9992433953033538,0.00019878053551405329,0.0005070406976880882,3.809323685804213e-09,9.267120681853658e-06,4.1044216144050705e-05,4.683172941346625e-07
7,mlp,11020,3,3,2.894830843106647e-09,1.701649547280236e-08,2.7158668963251673e-09,0.9972463166185743,0.001801852315218384,4.073601286205911e-06,0.0009477348377276083
7,mlp,11159,3,3,4.8054356498539726e-08,1.8173282605922034e-07,8.087840716393315e-08,0.9969202758763857,0.00013371940543404912,0.00011145710865913326,0.002834236943931266
7,mlp,6443,4,4,4.318004032227608e-06,1.110407044083447e-07,8.041956562732498e-06,3.7482949362748927e-06,0.9990700961530753,1.8745803596541457e-05,0.0008949387470926037
7,mlp,11678,3,3,7.30642807592321e-07,1.0370140273052628e-06,6.527502242749425e-07,0.8959640776853743,0.0013211753133807857,3.2717872866452354e-05,0.10267960872131911
7,mlp,6537,4,4,1.5507789076109543e-05,4.1452678830356574e-07,8.610952637807328e-05,3.1883524514455222e-06,0.9989365976276664,2.3680924531955262e-05,0.000934501253107633
7,mlp,9290,6,6,0.0005784697190999365,1.4686412680751347e-05,0.0007259967713025053,0.001038226850295383,0.007385755771141305,0.0001889499730551806,0.9900679145024249
7,mlp,11711,3,3,1.4316221505080422e-07,3.5183890049639703e-07,3.1505317670465056e-07,0.9924351013248837,0.0001431806660923043,0.00033930839291746866,0.007081599561814276
7,mlp,4920,2,0,0.7924094728985613,0.0013713245770103223,0.20540318257803772,1.0787998208718325e-08,0.0001383734015946002,0.0006752400460579368,2.395710739938261e-06
7,mlp,5829,4,4,5.6463926790004474e-08,3.3624377969685444e-08,4.958402765652743e-07,4.951403586933023e-06,0.9997331393058922,1.1452756592018632e-06,0.00026017808628040086
7,mlp,11796,3,3,7.712782773333443e-08,3.609578332891549e-07,4.0151567000504956e-07,0.9947158615782035,9.095653174244549e-05,0.001396490343400294,0.0037958519453227786
7,mlp,5505,4,3,3.4089679983234886e-07,4.1553369527906027e-07,1.8912412031905458e-07,0.9773722567559786,0.0036696370931240357,0.00011244394513085504,0.018844716651151183
7,mlp,4011,2,2,0.02256985311307832,7.742778019250824e-05,0.9706086774494217,1.1038316114580154e-06,0.002123148129863257,0.0003775801615244591,0.004242209534308243
7,mlp,1129,5,5,1.7247723568583026e-06,2.021454821335889e-06,3.8093122871497765e-06,0.0004858960904196157,1.3345943264992897e-05,0.999417898416126,7.530401072382859e-05
7,mlp,13007,3,3,6.095570768586403e-06,2.8287997406914337e-06,1.5316352363929701e-06,0.6872797362781351,0.15296637553187464,0.00024691645715573787,0.15949651572708892
7,mlp,8735,6,6,0.001991965536524747,1.56145858344797e-05,0.00021656168818099078,0.002035851166656534,0.000756489784299553,0.00036840996181763155,0.994615107276686
7,mlp,11633,3,3,2.08346349685829e-07,5.596965372769183e-07,4.2751982723006597e-07,0.9940802053550146,0.0001016837906057408,0.0012989402956579375,0.004517974996007549
7,mlp,1339,5,5,4.534058387036218e-05,1.9900494582937175e-05,6.969008288251105e-05,0.004359251313760514,0.0001128300245495303,0.9886830048195762,0.006709982680777948
7,mlp,6992,4,4,1.3522776084149142e-07,1.7070098556517453e-08,3.1461208255202616e-05,3.4634469313269597e-09,0.9999473764385574,4.134259277201835e-07,2.0593165953394226e-05
7,mlp,4543,2,2,0.0006089029533733532,2.595982217699904e-05,0.997909170666461,4.299517715136396e-09,0.0014173379224393342,1.8252690425911756e-05,2.0371645605589627e-05
7,mlp,12548,3,3,2.9937463406850404e-05,9.415904427435331e-06,8.331597735360285e-06,0.884010165280415,0.0011369422938743248,0.01655963349596464,0.09824557396417655
7,mlp,6163,4,4,1.1819163018677485e-05,3.383694182373588e-07,1.7504553750963466e-05,8.906468645060339e-06,0.9957886922067277,2.3374325148708058e-05,0.004149364913290594
7,mlp,11534,3,3,1.4994541586663843e-08,4.3774864089569105e-08,1.1510822499323809e-08,0.9979078274340548,0.00045700141594512726,1.0068071790520937e-05,0.0016250327979814227
7,mlp,5920,4,4,8.391234866892992e-10,8.690559167914679e-10,1.1327702598582155e-06,1.128587911053856e-08,0.9999849401644963,2.1560228146783384e-08,1.389251095700159e-05
7,mlp,3750,1,1,1.4565627100211633e-07,0.9999996774892538,1.7681355655335343e-07,2.556608261927885e-23,3.6320221338763867e-11,4.598488005363403e-12,1.0096420579304609e-25
7,mlp,12173,3,3,1.4981026233362234e-06,1.5252559230786041e-06,1.3249205423138414e-06,0.9761907187114891,0.0002747345043566193,0.001975787472406701,0.021554411032658875
7,mlp,6531,4,4,9.865586334226456e-05,5.028930167416022e-06,0.0024518805324758,1.2754261520534888e-05,0.9708988971595444,8.69387347276421e-05,0.026445844518221958
7,mlp,9071,6,6,0.0003869290023397455,1.360334817438539e-05,0.00021451128869413123,0.011815506345302304,0.005986132666829643,0.0011965388269662568,0.9803867785216935
7,mlp,12357,3,3,5.743762963379557e-07,8.978537082325306e-07,1.171858704407805e-06,0.9690556558152815,0.0005436873019034735,0.000832944977019041,0.029565067817087103
7,mlp,10209,3,3,2.8988998020601442e-11,7.32525369326858e-10,1.0699341405743776e-10,0.9999575972566112,1.982254805322532e-05,1.0961769230254663e-06,2.1483149904946855e-05
7,mlp,6118,4,4,1.156104555280921e-05,1.1853815458293246e-06,8.935368833892722e-05,5.900047816272068e-05,0.9963375517745212,4.942530354292562e-05,0.003451922328335559
7,mlp,1476,5,5,1.0454616956899025e-05,4.87894800786231e-06,1.821867116474516e-05,0.0007300964116141086,2.5009674042806004e-05,0.9985686547999129,0.000642686878300688
7,mlp,12785,3,3,1.8745253491645458e-06,2.6180080748312388e-06,4.738090257543113e-06,0.9642145409987541,0.0005505609552537418,0.0042874174075590585,0.03093825001475162
7,mlp,3312,0,0,0.9998726462997338,0.00010615380318552133,1.6708461667363365e-05,4.532328494978949e-13,2.9002444399725437e-07,4.201345559664688e-06,6.495648357228774e-11
7,mlp,7614,6,6,4.697329374562771e-05,1.9736690822891776e-05,2.1898615313249e-05,0.17916402643131213,0.010088352021931467,0.0001611112264622781,0.8104979017204124
7,mlp,10049,3,3,6.345143717271898e-09,2.2348499384928068e-08,5.187272725144118e-10,0.9997630444968263,4.697982127235042e-05,7.0198159815106765e-06,0.00018292665354949027
7,mlp,12127,3,3,1.0383546115748096e-06,1.839777724399332e-06,1.4048192873810868e-06,0.9664415729590531,0.0004870693977940983,0.0003033446035661446,0.03276373008796349
7,mlp,7422,6,3,3.3052633862578117e-06,3.275728125568634e-06,3.477729887561443e-06,0.9198471150298877,0.0010787197211526575,0.0005514313777312048,0.07851267514982914
7,mlp,10663,3,3,3.2456740958896255e-08,1.57640367270566e-07,4.5414144168130665e-08,0.9972569123228905,0.00010818331559608974,1.746134823702532e-05,0.0026172075020240715
7,mlp,750,5,5,3.816659676317934e-05,3.0365850129539097e-05,9.07549306275713e-05,0.15278552797607198,0.00048427912123848285,0.8217952139413488,0.024775691583820352
7,mlp,11934,3,3,1.940452739565074e-06,1.9928029027144587e-06,1.0513655994173863e-06,0.9397872682033926,0.001275869776579969,0.00014870279212597073,0.05878317460665977
7,mlp,1637,5,5,3.692088286637818e-05,2.3195548173886882e-05,0.00015073222878458193,0.007747551358427529,0.00015323975583932063,0.9855127524344139,0.006375607791494357
7,mlp,7092,4,4,1.4886749529253844e-06,3.24638933884738e-08,1.4555991847213834e-05,3.7100036491964623e-08,0.9999232958798429,2.902507429675221e-06,5.768738199763254e-05
7,mlp,12834,3,6,8.321408820442896e-06,7.2274498914721805e-06,5.574702822017619e-06,0.4087019438557783,0.040414377294790665,0.00011929515502095236,0.5507432601328762
7,mlp,3772,1,1,5.6081222064131176e-08,0.9999991147572135,8.290503426169397e-07,1.9878210018325372e-23,1.0670970291903528e-10,4.512493907832236e-12,7.304927431788529e-26
7,mlp,5755,4,4,0.00033485928400133266,2.339566522720014e-06,5.138604481299576e-05,0.0002510320761417074,0.9881536663117163,0.00017293426794888204,0.011033782448856014
7,mlp,908,5,5,0.0018745737392792435,0.00017048303677096166,0.00015105724562449922,0.11069259337441285,0.0019814651808759357,0.7933732284916518,0.09175659893138474
7,mlp,10755,3,3,4.603134846490565e-09,2.4499715778646518e-08,3.229132893449156e-09,0.9986538161620663,0.0005379821187387437,4.588628504252975e-06,0.0008035807587073524
7,mlp,6472,4,4,2.4689138723547714e-06,1.2173014645626575e-07,4.8388170455286237e-05,5.757006711413111e-07,0.9998369027318789,5.740904909294897e-06,0.00010580184806668688
7,mlp,3329,0,0,0.9780389766017035,0.019601205977944965,0.002271949456687227,8.735500331328181e-11,5.568932561382979e-06,8.229733352801504e-05,1.6102196491890509e-09
7,mlp,8629,6,6,0.0008312382259429261,1.657414057879738e-05,0.0002539772039721361,0.0068510070854819255,0.00047625704762527135,0.0010321177682449801,0.9905388285281539
7,mlp,10191,3,3,1.6365261545763616e-09,2.516155224150988e-09,4.283076672304222e-11,0.9903472755110003,0.008188335981188533,3.5328411800856277e-07,0.0014640310281808688
7,mlp,11110,3,3,1.9347725857467957e-08,1.0652973791745025e-07,2.2039765581284703e-08,0.9902472123929479,0.0021045237633720657,3.2614212681342626e-06,0.00764485450518245
7,mlp,5050,2,2,0.026127714286142842,0.0010361335572076607,0.9724711995000277,7.536257177457138e-09,0.00022369497404059807,0.00013687751841321712,4.372627910883824e-06
7,mlp,6833,4,4,1.9743193948715187e-06,1.0725731171421452e-08,8.126336837486657e-07,7.797795754542166e-09,0.9999840413932124,1.2713847259010262e-06,1.1881745456373051e-05
7,mlp,11985,3,3,2.0651342796178834e-07,4.1841342935576315e-07,3.281203434091873e-07,0.9913422201995942,0.0003254601995502285,0.0002628287194226916,0.008068537834232174
7,mlp,138,5,5,7.506975487004105e-09,3.70822531016606e-08,8.28079816945589e-09,1.4441853558288848e-05,2.454291688234302e-07,0.9999851627714529,9.707579323727285e-08
7,mlp,13319,3,3,4.7552679984063354e-05,1.882601052715525e-05,5.087331971092957e-05,0.5127171283904269,0.0017264506732410938,0.004679010704547586,0.4807601582215622
7,mlp,13381,3,6,0.0001810313357739659,2.5374768746545667e-05,7.515100367129139e-05,0.21902387510968688,0.001637894859021021,0.0061300984273295785,0.7729265744957706
7,mlp,6763,4,4,5.409301064787428e-06,3.1207585575783426e-07,0.00018886133043537992,7.718051380423409e-07,0.9995335352629826,1.1356563321858098e-05,0.00025975366120140503
7,mlp,10657,3,3,5.173505543032256e-10,3.95722067259212e-09,4.4723796748459494e-10,0.9997295604892195,0.00013556412209717218,2.346822137663611e-06,0.00013252364473653776
7,mlp,6629,4,4,3.0312120297072515e-05,1.9356587317406844e-07,2.6963685271717774e-05,1.8652354994061263e-07,0.9996675651189615,1.2167624965823044e-05,0.0002626113610805693
7,mlp,6860,4,4,0.0017612870072623553,6.801689545677668e-06,0.005335247878911705,9.107677286009695e-06,0.9896839143631737,0.0004534578745618192,0.0027501835092588515
7,mlp,2686,0,0,0.9999839405503571,1.4897079339576396e-06,8.140289390295506e-07,5.158865420959152e-11,2.68435093945136e-07,1.3474709506730047e-05,1.2516580634260636e-08
7,mlp,2746,0,0,0.9853731338334689,0.00021011330568740993,0.014186122764507045,1.7275960453000786e-08,2.9352371316552327e-05,0.0001946902848239694,6.570164235379374e-06
7,mlp,9185,6,6,0.0010912396702521827,1.2022352788077713e-05,0.0003997208833006935,0.000670419658491633,0.0006443031532910201,0.0001633316461460907,0.9970189626357302
7,mlp,4963,2,2,0.0007325067555936651,3.2886966862734796e-05,0.9986873104530525,2.0888051853424833e-09,0.0005285500394457479,1.4769159778319055e-05,3.9745364619160744e-06
7,mlp,203,5,5,4.7003225703663626e-07,3.5070636994593956e-07,7.251594884314623e-08,8.469430741030184e-05,1.9681733589566333e-06,0.9999088094084514,3.6348562034584686e-06
7,mlp,6398,4,4,2.0927949925099313e-07,5.633939435367922e-08,2.3710341381581778e-05,2.2337284014644363e-07,0.9998649683603326,1.0925106481815065e-06,0.00010973979590381741
7,mlp,6821,4,4,2.589391300083309e-05,8.331429483974238e-07,0.0008479611998951945,1.0034066117967539e-06,0.9985406607527585,2.828915541487703e-05,0.0005553584293703126
7,mlp,9273,6,6,0.0008213099056530721,1.8259806191016115e-05,0.0004964190072796454,0.010343403527227912,0.028949833176392135,0.0019234267038515797,0.9574473478734047
7,mlp,11144,3,3,9.7790403223704e-09,7.681182413475332e-08,5.12997907330733e-08,0.9988100975574973,4.528005933800095e-05,0.00023876496925034397,0.0009057195232591979
7,mlp,4035,2,2,0.011115666947433616,6.893213331470232e-05,0.959063012541388,1.122205546070066e-06,0.026164721871985236,0.00040451336242041823,0.003182030937911976
7,mlp,9488,6,6,0.006573031983262492,1.4681730575334803e-05,0.0005683731198546582,0.0007045471003045877,0.011982249933176276,0.0007054076081458535,0.9794517085246808
7,mlp,1985,5,0,0.8512530880817517,0.00014466152483294048,0.000619830132074071,6.376124764424387e-05,0.0005136851789927614,0.14294194007312097,0.00446303376158321
7,mlp,470,5,5,9.52555921333398e-08,5.202155032762782e-07,8.801231287542668e-07,0.0008820096171786217,4.412947001739376e-06,0.9990989567199201,1.3125121675535287e-05
7,mlp,13204,3,3,0.0002084113880527415,3.699965649979356e-05,8.107010543675814e-05,0.5356783718664152,0.0019137283420047324,0.05733351338848976,0.40474790525310106
7,mlp,1688,5,5,1.0750434793967047e-05,5.279283864376779e-06,3.50086590840741e-05,0.0007536471173282946,3.180303055609392e-05,0.9985584817613381,0.000605029713035224
7,mlp,13322,3,6,6.311006572857374e-05,1.9643662071890724e-05,4.423141207615051e-05,0.24586447311143947,0.0024873249930111216,0.0005987644581212273,0.7509224522975515
7,mlp,11852,3,3,9.50381586275608e-08,1.7337009252415692e-07,4.1309319540508845e-08,0.9823440845518215,0.0053250600757719065,1.4250433021683285e-05,0.012316295221814422
7,mlp,5110,2,2,0.006702054951332525,9.049751095993873e-05,0.9919093869224638,1.1930844172501524e-09,0.0012706043843799494,2.4163470003479707e-05,3.2915677762403197e-06
7,mlp,6272,4,4,0.00013450493116541487,2.1106976007744123e-06,0.0002163492759444787,4.877074641056825e-05,0.9909947029605515,0.00014926657888950535,0.008454294809437888
7,mlp,11099,3,3,1.476343883806076e-09,1.455428081171805e-08,6.205987715148646e-09,0.9997137632413972,3.179931408365145e-05,3.8746694146980575e-05,0.00021566851375971142
7,mlp,12811,3,3,1.3281017220729924e-06,7.467273347289336e-07,4.718869542864456e-07,0.9746675221369756,0.001697534765894709,0.0006196601467302404,0.023012736234388438
7,mlp,8778,6,6,0.00028618617156259336,9.977045314548547e-06,0.00022951724925681963,0.008117511033292531,0.009287651526173024,0.00041356645635589305,0.9816555905180446
7,mlp,13461,3,6,2.826174461459066e-05,1.1173114172576805e-05,3.446946640458457e-05,0.2548905369561015,0.023073671346191135,0.0005323980633630782,0.7214294893091525
7,mlp,3446,1,1,0.00015050880539515973,0.999848633946675,8.491229748209827e-07,1.1787763443529395e-18,1.2896265702888383e-09,6.835328384215507e-09,4.5032291911606547e-20
7,mlp,1526,5,5,8.981188224800437e-06,4.417661414928195e-06,1.913354321681694e-05,0.0006315144780255218,2.743507542905954e-05,0.9989004391424507,0.00040807891123808
7,mlp,4254,2,2,0.48514675550777236,0.0017984728803671238,0.5069529963604184,1.1187136789616581e-06,0.000365717901517265,0.0049891408749716554,0.0007457977612742766
7,mlp,1310,5,5,1.5808506448277853e-06,1.251733098545883e-06,1.0085582878491456e-06,6.63520846507447e-05,6.0896702696645845e-06,0.99990550686176,1.8210241288389788e-05
7,mlp,10229,3,3,5.900483336658603e-10,1.3115957885247998e-08,5.0089256955255574e-09,0.9994860940755134,7.666924298302182e-06,0.0004488602254074989,5.7360059848926175e-05
7,mlp,5853,4,4,0.0007562718072669148,5.9802089114435045e-06,0.0002194959408055544,0.00035019402378943685,0.9699121157206155,0.00033507669561951405,0.02842086560299159
7,mlp,10270,3,3,7.630253873091578e-10,8.01639041729856e-09,1.682496868633035e-09,0.9998364235516191,1.7156491025466126e-05,1.8058827157699786e-05,0.00012835066828507718
7,mlp,6292,4,4,1.25096257542455e-06,3.7552255138056705e-08,2.4199086098842123e-06,1.8712132882599433e-06,0.9996246073385673,6.967997951171639e-06,0.000362845026752795
7,mlp,3152,0,0,0.9998130249752821,7.856717103201065e-05,9.693056617900173e-05,3.007665925388814e-11,1.873990388830598e-06,9.593538449344342e-06,9.728591709358044e-09
7,mlp,358,5,5,1.0290330426698797e-07,2.479961714042564e-07,1.1419446539089088e-07,0.00010009473794436647,1.888104785647447e-06,0.999895617569068,1.9344942609987605e-06
7,mlp,13062,3,3,2.5920881076817268e-05,9.086622960382021e-06,8.535793028438241e-06,0.6097902577327621,0.005552891347443659,0.0007077321077954102,0.3839055755149333
7,mlp,2419,0,0,0.9991759498050967,6.146813543677832e-05,1.8447757027512547e-05,1.3977992849589238e-08,5.427018268804615e-06,0.0007375502093017903,1.1430968755971514e-06
7,mlp,13183,3,3,1.7012997728734733e-05,7.340209734439563e-06,1.342015785342416e-05,0.8665783045804385,0.0012554281872353067,0.005226627438526485,0.12690186642848306
7,mlp,7261,4,4,8.930385510457627e-05,1.7760036794938949e-06,0.02582283162743837,1.659475525977557e-08,0.9738535651055727,2.2218546329929152e-05,0.000210288267119655
7,mlp,8058,6,6,5.2576341201581135e-05,1.1175466967754433e-05,2.979882141739229e-05,0.11918868160717724,0.008046554201787893,0.00030421095359198583,0.8723670026078563
7,mlp,13395,3,6,0.0003774082625188824,4.630961161610655e-05,0.00021681755791323583,0.1389898322734999,0.0012638891336384257,0.048759125787074434,0.810346617373739
7,mlp,11954,3,3,4.323212971263639e-08,1.4812546676980097e-07,1.1172014924477607e-07,0.9966184157245842,0.00018426802883908907,0.00017234196041200387,0.0030246712084189896
7,mlp,2613,0,0,0.9989834104051913,0.0002454505676532886,0.0003876337068797565,2.6671821350922085e-08,8.289764744837409e-06,0.00037294091520993685,2.247968499338401e-06
7,mlp,3783,1,1,1.3695695695940748e-07,0.9999998311190111,3.1914163077329747e-08,3.1571727777479708e-24,7.469048257711646e-12,2.399952051393854e-12,4.67590817690021e-27
7,mlp,6189,4,4,6.40049149964689e-08,2.8736527175163164e-08,4.745469265704559e-06,5.394857932936454e-07,0.9999764749732012,7.765841273208936e-07,1.7370746170349468e-05
7,mlp,13172,3,3,1.3009630853176276e-05,2.9028024840900583e-06,2.4277293420711317e-06,0.9089124756009155,0.004369297024660426,0.0010766907262843848,0.08562319648546048
7,mlp,7119,4,4,3.510392446663799e-05,1.1171816642297637e-06,0.007989896368283345,2.449999185128489e-07,0.99171734831928,2.847374172373693e-05,0.0002278154646635542
7,mlp,2035,0,6,0.005517393903273091,3.757158541810623e-05,0.000977481606640298,0.004913840829973187,0.0006830438498064326,0.009804513827818172,0.9780661543970707
7,mlp,11095,3,3,9.878520541204392e-09,6.771610469815021e-08,2.403827349510781e-08,0.9980095555547288,0.0002483604088877685,1.5229215562102606e-05,0.0017267531879226472
7,mlp,3156,0,0,0.9999953853856371,8.268051558236101e-07,1.685045238456207e-06,2.9332960723157394e-13,6.252161517885942e-07,1.4773289794891592e-06,2.1854388021583838e-10
7,mlp,6364,4,4,1.6068598734293187e-07,1.2642257823104785e-08,1.5215593621896296e-06,1.20832047191172e-07,0.9999585492047923,7.471351595473385e-07,3.888794039380552e-05
7,mlp,5259,2,2,0.0021032243235685998,0.00026090920092171674,0.9974937425665296,6.226746627307549e-10,0.0001352906511952628,6.34937224287103e-06,4.83262867140739e-07
7,mlp,11580,3,3,3.9178236291430815e-08,1.4960190150302383e-07,5.594400673880951e-08,0.9942474946176006,0.0006898707326073516,1.5116276634996278e-05,0.0050472736490125595
7,mlp,7550,6,6,5.281278801582907e-05,1.7709812464700734e-05,1.8934991060016214e-05,0.33207655995497404,0.005270908052593806,0.00034478493370059904,0.6622182894671911
7,mlp,11519,3,3,4.967198978926893e-07,1.091328748318042e-06,9.397941467329817e-07,0.9863678782515646,0.00016424172788090193,0.0050034920177160595,0.008461860160045484
7,mlp,8374,6,6,0.000588591836250459,3.075718061872847e-05,0.00022383443591287108,0.07816170089457818,0.0016898620826472043,0.005467292176382391,0.9138379613936101
7,mlp,2232,0,0,0.9992656026911625,8.452007421072449e-06,0.0002516345081102023,9.853895869174092e-08,3.6291156731923665e-05,0.00038427353722328574,5.364756039231815e-05
7,mlp,9559,6,6,0.0011693167469456441,1.6609594506687927e-05,0.0011835511339040523,0.0007000357531423753,0.012354193939617042,0.00045564873571722896,0.984120644096167
7,mlp,13404,3,5,0.0009444437880154304,0.0001264414723692922,0.0005033051126695702,0.13887951710786406,0.0020567345532799476,0.5671254873065646,0.290364070659237
7,mlp,5719,4,4,6.629965904517914e-09,3.0931577716996893e-10,1.0192948749727877e-08,5.133453106456228e-07,0.999996952079204,1.4897964726213363e-07,2.3684636077407935e-06
7,mlp,10926,3,3,6.848715814214067e-09,5.5417752581793104e-08,2.797702073349759e-08,0.9991809515519142,4.562600299001644e-05,8.368778617270948e-05,0.0006896444154340108
7,mlp,10100,3,3,2.673599873533297e-08,6.287156382192032e-09,2.32394672111489e-12,0.9997550138256246,3.510661105004812e-05,1.3062348237181185e-05,0.000196784189609069
7,mlp,12098,3,3,3.542466621685349e-07,7.121486935127077e-07,7.106136039542495e-07,0.9863867072438264,0.0002923169135338212,0.0004582570396181914,0.012860941794061895
7,mlp,3221,0,0,0.9999319379352918,4.378589059908336e-05,9.76577029640192e-06,6.303118035880993e-12,3.135876578762517e-07,1.4196357557021181e-05,4.522946475921782e-10
7,mlp,310,5,5,4.381158381302872e-06,8.393496468524449e-07,8.636267760581722e-08,9.999565894401443e-05,4.1866369807140375e-06,0.9998799785021467,1.0532331222854867e-05
7,mlp,9099,6,6,0.00171031417805855,6.002421689641526e-05,0.0010744275254345513,0.030287213558332755,0.0011384810635522375,0.056604304033407875,0.9091252354243177
7,mlp,5866,4,4,0.0008529149168181384,9.711890306300731e-06,0.0005769883360932152,0.0012293042819352474,0.8664524120505093,0.0006359791070006729,0.13024268941733702
7,mlp,2503,0,0,0.9998532193651869,3.0083515280811066e-06,6.808315838793125e-05,1.5904414542691612e-09,4.808895618269754e-06,6.976136677390703e-05,1.1172720634696633e-06
7,mlp,5857,4,6,0.001382308570082953,2.6621666276450598e-05,0.0017907056091165335,0.0016759757277670154,0.24507460148517862,0.0006477933689235325,0.7494019935726549
7,mlp,6003,4,4,3.8842917661962185e-05,1.1314263939827933e-06,6.628907763368086e-05,1.5114699569512318e-05,0.9788377512080502,3.3746620823961966e-05,0.021007124049866637
7,mlp,8750,6,6,0.00037837312695207065,1.5860455062971518e-05,0.00014408428486090382,0.0503328788643167,0.0032121607537785135,0.0027133130984682437,0.9432033294165606
7,mlp,2021,5,0,0.9851539563668898,6.666064166609754e-05,4.290997633921733e-06,3.7331756781651427e-07,1.430792670628913e-05,0.01475418831518121,6.222434354705818e-06
7,mlp,5555,4,4,1.2002030111354444e-06,8.333362347806866e-07,2.6073944423520093e-06,0.0045978918398406525,0.9835825236924998,1.2669657211664817e-05,0.011802273876759688
7,mlp,12099,3,3,1.9096271353326333e-07,3.8021854276948735e-07,2.1157877610985996e-07,0.9910786004141521,0.00042695569601842765,7.880595498225685e-05,0.008414855174814904
7,mlp,4714,2,2,0.0031263124746012646,3.715232068429085e-05,0.9935457400807632,1.4615179766881206e-09,0.0032664659250555513,1.980598662051078e-05,4.521750757382122e-06
7,mlp,9535,6,6,0.0026929993293397254,2.6444039898013715e-05,0.0013429971911947543,0.0007394842784711645,0.0011484392425170705,0.0002443790238017289,0.9938052568947776
7,mlp,5181,2,2,0.004679418859304718,9.635456605625195e-05,0.994600759676504,5.69138313119036e-10,0.0006109111338645892,1.1455567652082084e-05,1.099627480132597e-06
7,mlp,939,5,5,4.295818504238123e-05,2.1351098776924868e-05,6.186640005171786e-05,0.019291036697082434,0.00017705000467099636,0.9714495254918388,0.008956212122536871
7,mlp,6728,4,4,1.0851685463072917e-06,8.690037940261358e-08,2.8128212789037857e-05,1.4781836600258115e-06,0.9998752961681584,9.69009527769841e-06,8.423527118938284e-05
7,mlp,9520,6,6,0.010355749342567635,2.3218508395600118e-05,0.0012198925626391449,0.00037821327694595333,0.0007071655054852217,0.000492165649093746,0.9868235951548727
7,mlp,2234,0,0,0.9998147174878491,8.045738284434472e-07,2.2947180591478833e-06,4.3564580765025515e-09,2.0442368063706688e-05,0.00015896049037017907,2.776005371380349e-06
7,mlp,5451,2,2,0.039436308104434104,0.002258416271125277,0.9572455851731313,1.1247123596508029e-10,0.0009876176337879636,7.20101933288658e-05,6.251172128914807e-08
7,mlp,1974,5,5,0.0164986244989836,0.00014786884762269878,0.011414459459817353,0.0009374628060070302,0.0005234151524635365,0.8149622781273156,0.1555158911077902
7,mlp,3745,1,1,1.3448948971223188e-06,0.999998634483635,2.0614786004592207e-08,6.560729945926656e-24,5.6209672497163425e-12,1.0609727567513803e-12,2.8824178478745734e-26
7,mlp,2756,0,0,0.9999274400756415,2.9440723045148232e-05,4.3224570190560013e-07,1.146682172325504e-10,5.32147556768475e-07,4.2147273731544025e-05,7.419654979731785e-09
7,mlp,4671,2,2,0.022041889952651193,0.0001310399405696935,0.977032871054203,1.6623414525017185e-08,0.0007028686903932044,6.990144377783965e-05,2.1412294990380577e-05
7,mlp,1629,5,5,0.0004077669606244416,5.624548137164995e-05,0.0005817979562948983,0.011703529185387826,0.00038592010205099715,0.9465515374329042,0.040313202881365875
7,mlp,10772,3,3,1.7244522713808448e-09,1.4332576802917047e-08,3.8942889966679654e-09,0.9989876597970979,0.0002776941328906514,6.443236608295395e-06,0.000728182882085009
7,mlp,2024,5,0,0.5084198915566213,0.0011107287208073871,0.26199700900896755,0.00010670950423560399,0.0015677811627947077,0.1376230351634735,0.08917484488309999
7,mlp,9051,6,6,0.001202071705587252,2.086285222872667e-05,0.0003975695820203267,0.0010867116476003017,0.05193813930037781,0.00033826213311126125,0.9450163827790743
7,mlp,6702,4,0,0.6369176793098117,0.00033684113613124934,0.002033769243503373,5.679364364932919e-07,0.3381425833786293,0.021539627230378926,0.001028931765108841
7,mlp,4016,2,2,0.13552072277735167,0.00021450387144579758,0.8586711375077889,6.89098161752985e-07,0.0034903204535319766,0.0005325051141977082,0.001570121177522289
7,mlp,28,5,5,9.52829726490967e-07,2.7640338914063775e-06,2.1476076051599265e-06,0.03720509998218641,4.519991090606804e-05,0.9624680362210432,0.0002757994146411731
7,mlp,12097,3,3,4.209283155953074e-07,6.838877478502246e-07,3.6540678659417517e-07,0.9680662523682375,0.0020508753390548764,7.424344921209057e-05,0.029807158620645608
7,mlp,8346,6,6,0.0010039951272747874,9.59639880005647e-05,0.001031562019810697,0.05360701667545906,0.0010572386871528282,0.18565690917894048,0.7575473143233615
7,mlp,701,5,5,1.3296081321152526e-06,1.0394611733085674e-06,5.088020361330241e-07,0.00014983843911723778,6.4578042156167806e-06,0.999822167165397,1.865871992873921e-05
7,mlp,5715,4,4,2.676442649782253e-07,1.954669754009345e-07,2.5438767570594843e-06,4.778628489627179e-05,0.9992271713422054,3.383580298422084e-06,0.000718651804602656
7,mlp,5162,2,2,0.0005137870924452014,2.8314992211355253e-05,0.9959393588391078,1.4377179293967393e-10,0.0035135656339538397,4.721820835670545e-06,2.514776741094926e-07
7,mlp,2187,0,0,0.9989894319545609,8.405484706803166e-06,2.928632542043955e-06,5.502058946371202e-08,1.0796210943276357e-05,0.000981644431345297,6.73826531230524e-06
7,mlp,8143,6,6,0.0002347370346660993,2.711496685751693e-05,0.00016615352599060068,0.08907310970223195,0.000899702996142448,0.0027402020230304063,0.906858979751081
7,mlp,7693,6,6,5.260437771347859e-05,1.0932172710686134e-05,1.4856477886724025e-05,0.19317685669251491,0.003536180203768949,0.0006505319393445902,0.8025580381360606
7,mlp,1080,5,5,9.439226031172825e-08,1.519383478953773e-07,4.9433358172816014e-08,7.80367176185457e-06,8.453348269880086e-07,0.999990391950774,6.632786706725152e-07
7,mlp,474,5,5,7.07418021041605e-07,2.523844371117641e-06,4.630972525339637e-06,0.00703668337960332,2.4842713153325805e-05,0.9927427618989914,0.00018784977333458644
7,mlp,3091,0,0,0.9999311478213175,5.7407265100656414e-05,5.80484472806421e-06,1.4208897865778125e-11,4.3447428457711243e-07,5.203613568248021e-06,1.9667919831539418e-09
7,mlp,12603,3,3,2.809291997099263e-06,2.4371966216537604e-06,1.183100962658832e-06,0.7792119768592889,0.010439501544592862,0.00010812910070701092,0.21023396290582977
7,mlp,12590,3,3,1.5356986293503883e-05,5.012951582093625e-06,1.892005752652501e-06,0.7324764814387809,0.005770390167750104,0.00041297413144284953,0.26131789231839786
7,mlp,2821,0,0,0.9998849697989824,3.614477294127963e-05,5.340809486957539e-05,3.004463431404256e-10,1.8914644036590301e-06,2.3511035432961394e-05,7.453292392637216e-08
7,mlp,8418,6,4,1.626233155023692e-06,4.725561924031828e-07,3.797399953728484e-05,0.00030925000854298973,0.9831312444039777,1.5081230356574197e-05,0.01650435156823797
7,mlp,1045,5,5,2.8986564799593216e-06,1.7377802216048407e-06,1.4935666608015299e-06,0.00015919348070534306,8.015647102608245e-06,0.999775067140055,5.159372877448005e-05
7,mlp,5710,4,6,0.0001489630593155944,1.2616134852370916e-05,0.00014233921089771548,0.05977080262173879,0.4457620752060114,0.002128474558204816,0.4920347292089793
7,mlp,748,5,5,5.738433406544271e-05,3.5092729238771815e-05,9.629138781450339e-05,0.11068675372845303,0.0004860107317005064,0.854587370812821,0.03405109627590681
7,mlp,9377,6,6,0.0014661436306876606,2.8293033747866848e-05,0.0010655992011826547,0.0052740724356165605,0.002977558993127059,0.006789624455945093,0.9823987082496932
7,mlp,11441,3,3,8.695120883022402e-08,1.847590512290742e-07,5.066906112815408e-08,0.9941776713530257,0.000560512800967468,5.708809645624764e-05,0.0052044053702292176
7,mlp,3428,1,1,0.00048755662988508717,0.9995032482501981,9.167675764461006e-06,7.647163586261754e-18,5.112720073984829e-09,2.233143257420897e-08,5.302314201982595e-19
7,mlp,2955,0,0,0.999889323604423,2.4036560797399107e-05,7.529112096633484e-05,8.236489179445682e-11,1.0834576028414044e-06,1.0246121170011575e-05,1.9052675818577945e-08
7,mlp,6471,4,4,1.1657748437623557e-06,6.338982604080612e-08,5.929684059056757e-06,1.4847957189617075e-06,0.9995395442377816,7.788553867221635e-06,0.0004440235639033309
7,mlp,5877,4,4,2.067860449461606e-05,1.8887824600774048e-06,0.0001296878651987602,4.551024769061349e-05,0.9680033780918574,2.3691016066913063e-05,0.031775165392231484
7,mlp,12637,3,3,2.0434067953236152e-05,1.206583048766082e-05,2.0208294384423326e-05,0.8335720431403901,0.0008068503160297146,0.04669013248130843,0.11887826586944651
7,mlp,8804,6,6,0.00024843067496072105,1.667440672189728e-05,0.0003808823186447346,0.0027172869856305704,0.001614884520399473,9.587411624952328e-05,0.9949259669773931
7,mlp,389,5,5,4.1789076079365034e-06,2.233287671785985e-06,2.6583008489165237e-06,0.0022772094060250388,2.2332790664420992e-05,0.9974517375090793,0.00023964979810262667
7,mlp,3519,1,1,1.2699775852073259e-05,0.9996323237509253,0.0003549191298639461,1.1092315658554944e-19,5.665866800424119e-08,6.846904307337829e-10,2.356497628239849e-20
7,mlp,7157,4,4,3.578797912229678e-05,1.347548843574425e-07,0.0001803785196287677,4.328639032928701e-08,0.9997245448371955,1.2342985214787312e-05,4.6767637563992386e-05
7,mlp,7667,6,5,0.0002977826867140879,7.417223574151772e-05,0.00022049091214161698,0.14047733825633418,0.0012101645927100851,0.685904947788806,0.1718151035275526
7,mlp,8633,6,6,0.000659400053418684,5.230689108005438e-05,0.00047345575060206267,0.015747395101510533,0.020714562989263333,0.0007780780287667635,0.9615748011853585
7,mlp,5001,2,2,0.00021825359920140875,1.7796727984697782e-05,0.999224824496685,5.61098801125386e-10,0.0005337057797834935,3.711918183962296e-06,1.706917062368074e-06
7,mlp,6317,4,4,2.6721094827743057e-08,6.193781480022803e-09,4.670721821402023e-06,9.144815032914594e-08,0.9999898949814209,3.920240379708298e-07,4.917909693135742e-06
7,mlp,11398,3,3,4.490089073736219e-08,1.5261350099471542e-07,5.903292946893871e-08,0.9964799013261363,0.000276514664713092,5.263527420873118e-05,0.003190692187620574
7,mlp,6712,4,4,2.86930522446677e-05,1.6322227169184935e-07,2.0042319248397638e-05,2.6576994910546386e-07,0.9995909149011695,1.1925507585844128e-05,0.0003479952275308696
7,mlp,12035,3,3,5.606486960038519e-07,1.0678128964222895e-06,1.105039115608438e-06,0.9862358122469636,0.0001655913422502807,0.001821115198069637,0.011774747712008623
7,mlp,8413,6,6,0.0004870417831290646,2.0580688180208907e-05,0.00033229187854009546,0.01261956799142241,0.0003584454512577907,0.007543334622604001,0.9786387375848665
7,mlp,10575,3,3,2.6158712750714136e-10,3.89424225713629e-09,1.0389293163234774e-09,0.999730147999561,0.00011093148660178518,4.62363266217189e-06,0.00015429168641635396
7,mlp,10275,3,3,4.758433098244747e-10,3.801694785571143e-09,1.7949003970824612e-10,0.9990296924093551,0.0007281070445846044,6.782479002682292e-07,0.00024151784113195872
7,mlp,8701,6,6,0.00042094322043540535,1.3754299434487568e-05,0.00019324514191468816,0.017835844894637718,0.0014105161223618812,0.0016680783668557358,0.9784576179543601
7,mlp,3276,0,0,0.9980986948103461,0.0018056967519619587,1.1688661358367125e-05,4.939230730938361e-11,7.022445072325704e-07,8.321704636437443e-05,4.3606994162111127e-10
7,mlp,1932,5,5,2.646857629177635e-05,5.442612608878548e-06,1.7982220997980615e-05,3.464261769373717e-05,1.8254866855763865e-05,0.9998082229069776,8.898619857425112e-05
7,mlp,11050,3,3,4.2358753591832655e-09,4.064468404061996e-08,1.817106041452435e-08,0.9995275275207205,2.322723407758465e-05,0.00015853276427131889,0.00029064942931081636
7,mlp,1033,5,5,4.264826266770069e-05,2.7772553749630813e-05,0.00010886594981350158,0.042654425373854526,0.00028167396375288406,0.9382711491723893,0.018613464723772438
7,mlp,13309,3,3,5.9544837779074566e-05,2.3138367553410313e-05,6.093488443112337e-05,0.7458178131772886,0.0017560171262285325,0.023559859954423293,0.22872269165229603
7,mlp,5316,2,2,0.2226212867654494,0.0006285850565072699,0.7737305619520688,3.7778256712835036e-10,0.002890082808568024,0.00012898518170699968,4.978579169497418e-07
7,mlp,11945,3,3,2.7100939213362777e-07,3.788581448365056e-07,1.6172089781100958e-07,0.9734482274642625,0.0040258907988040965,6.516689775058463e-05,0.02245990325074786
7,mlp,6368,4,4,0.00011247260438559505,3.974606783125881e-06,0.0017324444828458335,1.4900010450081192e-05,0.984954141013867,7.673286770848907e-05,0.013105334413959908
7,mlp,13082,3,3,4.369672593626435e-05,2.8074826707348444e-05,7.842723636558039e-05,0.7433742163687936,0.0012014462585348067,0.0919563035884819,0.16331783499518038
7,mlp,3240,0,0,0.9999808728541271,1.7618368730742188e-05,5.762714533741396e-07,2.5794949270190964e-13,1.0891302517755408e-07,8.235357223326226e-07,5.6683131732079764e-11
7,mlp,7419,6,3,1.3618507499103662e-05,4.342818383038939e-06,1.7609101361031482e-06,0.6959148793105795,0.0060515900284326555,0.0003196833893987139,0.29769412503557086
7,mlp,12912,3,3,2.1734388260559254e-05,1.5971603799240946e-05,3.9019354250460773e-05,0.8190824849769986,0.0009432894175094148,0.056749262417867444,0.1231482378413142
7,mlp,10137,3,3,5.661467676795004e-11,1.532478137212617e-09,3.490609147297271e-10,0.9999450289394346,1.467444725205829e-05,4.09141440002493e-06,3.620326075970121e-05
7,mlp,11545,3,3,9.932519392311663e-08,3.5226719168841824e-07,2.8956937822971135e-07,0.9952581183658857,9.030694438046172e-05,0.0008603398013578746,0.003790493726612304
7,mlp,11048,3,3,8.854966756295788e-09,6.075353776672254e-08,2.3635478026179426e-08,0.9989902148086535,0.000109145250213178,2.868694873881526e-05,0.0008718597484121473
7,mlp,12668,3,3,1.4495130097800772e-06,1.5436162742211005e-06,1.7564939326663183e-06,0.9332449046307895,0.002316370275863099,0.0002673196750404264,0.06416665579509039
7,mlp,9035,6,6,0.0005147591353695602,1.5930656262949706e-05,0.0004051402317037882,0.001567653961922191,0.006819350960146152,0.0001252288935739619,0.9905519361610213
7,mlp,9547,6,6,0.005188790441682055,4.842586373341738e-05,0.004014763593046253,0.0008003668651943447,0.0002346728189074938,0.006278027814281391,0.9834349526031549
7,mlp,201,5,5,8.080845802361004e-06,7.322826036135491e-06,6.494742414743568e-06,0.02031241466013044,9.822180268078133e-05,0.9772335721634058,0.0023338929595297492
7,mlp,2243,0,0,0.9991385975717084,2.5969669463119365e-05,0.0002788821464550035,1.0587242129535412e-07,4.068591599102069e-05,0.000462657300094081,5.310152386703495e-05
7,mlp,993,5,5,1.8676030036911982e-05,1.4021653420622646e-05,4.4761472398979744e-05,0.013533450277808235,0.00010773855207938727,0.9821856677317461,0.0040956842825097045
7,mlp,1405,5,5,2.71591327743246e-07,2.782185515588225e-07,1.6377936049458252e-07,1.0298765235786027e-05,1.4317933289339912e-06,0.9999854836231471,2.0722290483924936e-06
7,mlp,1797,5,5,1.4736187408633784e-05,3.31273310450449e-06,1.01162247858482e-05,7.481802629697596e-05,1.6961468020250673e-05,0.9997082181991677,0.00017183716121612022
7,mlp,2956,0,0,0.9997085533885575,1.0376738350346853e-05,0.00024998791043681374,7.694154020681462e-11,1.1825163131742462e-05,1.9188858412228388e-05,6.786416994660366e-08
7,mlp,3315,0,0,0.9939349895963316,0.005778871321617292,0.0002704693248019631,2.8918484409875457e-11,1.6295389376497758e-06,1.4039423110857042e-05,7.662821672807628e-10
7,mlp,8453,6,6,0.0001907396524290085,1.0340827819323521e-05,7.33570925398744e-05,0.031608878426716495,0.007554001765534968,0.0006691584587822881,0.9598935237761781
7,mlp,10537,3,3,4.793267625007492e-08,1.3291640178868513e-07,1.8377522114767565e-08,0.9979236504536824,0.00011957962674893427,5.723434093068879e-05,0.0018993363520378446
7,mlp,11142,3,3,5.338743667840856e-09,2.6168454259339005e-08,7.2078949819475445e-09,0.99927294148574,0.00012357429866234572,2.6293439516535543e-05,0.0005771520609881834
7,mlp,10156,3,3,1.031526568074077e-10,2.1663970340925854e-09,3.474266600565417e-10,0.999911482473438,3.275547219628815e-05,9.420085765837107e-07,5.4817428812756835e-05
7,mlp,6694,4,4,7.68948862109525e-05,6.990892043862836e-07,0.00017565864246438793,2.682004544708738e-06,0.9945170920992588,5.5808745496225493e-05,0.0051711645328206
7,mlp,5996,4,4,6.789523428182148e-08,2.5748888828618638e-08,1.4557084079108795e-06,1.1394878659238643e-06,0.9999629190879206,8.20968425763011e-07,3.357110325679383e-05
7,mlp,6045,4,4,5.7386530762289075e-06,1.505583440705628e-07,4.9494024214093174e-06,3.867197869630303e-06,0.997976441298054,9.496754074063644e-06,0.0019993561361606074
7,mlp,10647,3,3,1.7352619029593377e-09,1.8968534294077312e-08,8.491297254965457e-09,0.9996096778458944,2.727025198901154e-05,5.9520545709962894e-05,0.000303502161313128
7,mlp,5612,4,4,3.3736904817011807e-06,8.730246600582262e-07,2.8106707146095693e-06,0.00047991294941115693,0.9861048995560102,1.3975376195477689e-05,0.013394154732526777
7,mlp,9093,6,6,0.015810574697273542,2.3294606801740197e-05,0.0003507334580924582,0.001548566705532257,0.002722384973729449,0.003341604099779083,0.9762028414587914
7,mlp,1900,5,0,0.6757785729998635,5.0533871766153954e-05,3.262168794108974e-06,4.978736645222793e-05,0.0002865258228740117,0.3232672931561136,0.0005640246141363672
7,mlp,11812,3,3,5.78500524019549e-06,3.7790898615267473e-06,1.0885414107656982e-06,0.9670654469869808,0.0006224142597475715,0.000700821310719796,0.031600664806039555
7,mlp,10616,3,3,3.6398987173890663e-09,2.8850409990642525e-08,5.49994178553928e-09,0.9993132186302885,0.00012954248653116495,1.1970998656742944e-05,0.0005452298942732493
7,mlp,13338,3,3,2.6986481229222184e-05,9.307533320371978e-06,1.8093238464772706e-05,0.767172009597766,0.0013463551621391088,0.0037876324719233784,0.22763961551515705
7,mlp,2344,0,2,0.23287066896022127,0.00018438300706130698,0.7437360254771413,4.106421578420125e-06,0.0014278788129690298,0.005410143804189886,0.016366793516838708
7,mlp,8937,6,6,0.0029575922914410963,2.8193957091364017e-05,0.000546113090234414,0.01376882753583094,0.0008854858877047288,0.0177933589468544,0.964020428290843
7,mlp,3055,0,0,0.9990193257223876,0.0002314841432100387,0.0007234251995003995,1.655162867652767e-10,1.0350326829574786e-05,1.5393935057351907e-05,2.0507498791710624e-08
7,mlp,2418,0,0,0.9928213815734457,0.000326391609105308,8.488751057775178e-05,1.2139575610141245e-07,2.4866235764937533e-05,0.006736678613877652,5.673061472582258e-06
7,mlp,498,5,5,1.841634525626096e-08,6.036585131626475e-08,2.4418735522476577e-08,1.8888674094480938e-05,6.070747041871007e-07,0.9999801391666997,2.618835694786384e-07
7,mlp,2246,0,0,0.9823974825894296,0.00012753405856149043,0.014740370505073467,1.1073473340980762e-06,0.00021715659099702173,0.0013928020778467478,0.0011235468307575459
7,mlp,10597,3,3,9.306845526490228e-10,9.746313148914234e-09,1.7041273546707613e-09,0.9996536248518842,0.00010162121221594352,3.071279749977544e-06,0.00024167027502473281
7,mlp,5559,4,4,2.700756728060157e-08,5.158007820224084e-08,2.5841682246869585e-07,7.104841489857803e-05,0.9979996269213659,5.994111853177068e-07,0.001928388248082237
7,mlp,11784,3,3,1.8761206739002445e-07,4.5907242603831427e-07,3.1484198427126704e-07,0.9946608005251312,0.00011066367042703438,0.0004027018419275132,0.0048248724360367996
7,mlp,2831,0,0,0.9998901371101181,3.915555591858466e-05,4.572041602977274e-05,2.8582654848524295e-10,2.4570155687774417e-06,2.244799277881075e-05,8.162375936691267e-08
7,mlp,2130,0,0,0.9634488655275075,0.0001217956132321601,0.01062346385068939,5.865936537383848e-06,0.019116255176535583,0.0020575712463392474,0.00462618264915883
7,mlp,10303,3,3,1.6255972921053459e-09,1.6989113789959064e-08,3.6400260410542607e-09,0.9997233484023552,3.4384254245022145e-05,1.5495585306222753e-05,0.00022674950335634366
7,mlp,10615,3,3,3.636758216589383e-10,2.3642644831448464e-09,1.476721426129571e-10,0.9987201982616499,0.0010473163418259534,7.132349864183505e-07,0.00023176928592506902
7,mlp,8160,6,6,0.00013409480134869115,2.1333597591083904e-05,8.584977147458262e-05,0.02282132508363331,0.002306925860222932,0.00020918078553293625,0.9744212901001964
7,mlp,11578,3,3,4.781501939750142e-08,1.1437762603187565e-07,4.3374965102351857e-08,0.9971415474028837,0.00022533626993930756,8.675631889265337e-05,0.0025461544406737836
7,mlp,6724,4,4,2.2377356969391695e-06,1.370244364853115e-07,0.0001106588099414241,4.732824645273779e-07,0.9997924713755333,6.73050507415775e-06,8.729126685295686e-05
7,mlp,11494,3,3,9.809120152637358e-09,6.358427680457165e-08,3.9716678930118615e-08,0.9990609782775877,5.399567811468195e-05,0.00010279931613298478,0.0007821136180886578
7,mlp,9361,6,6,0.0005014682314003167,8.539016330019018e-06,0.000477154172115297,0.0008385949848920782,0.000865034773982391,0.00048201150649366625,0.9968271973147862
7,mlp,12289,3,3,1.300116815176893e-07,1.6819626594075544e-07,3.96937228782683e-08,0.9734701503559974,0.011638645273976959,3.153138050980434e-05,0.014859335087845702
7,mlp,3793,1,1,2.578738035987965e-08,0.9999971962277744,2.777675652154814e-06,2.476959080828382e-24,3.086111701677935e-10,5.820037899232113e-13,2.0321634665568383e-26
7,mlp,3960,2,2,0.03819395298542692,0.00014887349181550187,0.9504383140438468,2.254360788614558e-06,0.0036155755729336864,0.0004883537167810579,0.00711267582840748
7,mlp,536,5,5,8.540598591068304e-06,9.543086019385794e-06,1.4966315075822114e-05,0.01535947345580771,8.553474904606528e-05,0.9830349757665005,0.0014869660289595081
7,mlp,8094,6,6,0.00020690858722837796,1.2604142348532567e-05,4.903368712190138e-05,0.009270750738500918,0.0010635193646440098,0.0001420772505670417,0.9892551062295892
7,mlp,8117,6,6,0.0005628834247388335,4.1098243291524986e-05,0.00026788097313744705,0.12318161290799345,0.0010589089533212617,0.025175691707159813,0.8497119237903576
7,mlp,7692,6,3,4.171284705962028e-05,1.5034786198946957e-05,2.7205263174897827e-05,0.5774910865737136,0.002430070301630377,0.002330308053851841,0.41766458217437075
7,mlp,6320,4,4,1.3367418637639807e-05,3.0743411480073014e-07,9.566924103750881e-05,1.4989090989260046e-05,0.9989953244391053,3.883362582785742e-05,0.0008415087502877602
7,mlp,6896,4,4,1.1208060953794098e-07,1.5390332075955804e-08,5.8461571917207604e-05,1.1887339736150873e-08,0.9999364887475108,5.99524451586702e-07,4.310797839034281e-06
7,mlp,6419,4,4,1.5829574432300267e-05,1.606332923170076e-06,0.0011068089467082983,4.364965323391337e-06,0.9873506957155804,2.3108267558929883e-05,0.011497586197473333
7,mlp,3179,0,0,0.9722447174069657,0.0025761917582521805,0.02503773606746281,1.6947884796992516e-09,2.8790670743790354e-05,0.00011218931344079995,3.7308834627553055e-07
7,mlp,2252,0,0,0.999227102510205,2.552721725538123e-05,0.0003816337786691441,7.541276195626378e-08,3.4819134629938e-05,0.0003024462946308228,2.839565184809945e-05
7,mlp,13533,3,6,0.00016418836442707246,8.208676911663093e-06,7.078226745878894e-05,0.016101107186926686,0.0006698778048174614,0.0009214119172249312,0.9820644237822335
7,mlp,395,5,5,6.502709980645605e-08,2.2559432352993193e-07,2.4447317377859934e-07,0.00020139909212252735,1.7685998951802364e-06,0.9997924023278176,3.894885567720888e-06
7,mlp,9153,6,6,0.0013849884076511628,8.936655619089407e-06,0.0001945235217526823,0.0013385994143214532,0.0014682631119982224,0.00033021641723611256,0.9952744724714213
7,mlp,12369,3,3,2.835490083371034e-07,4.784843019854749e-07,4.526535919065359e-07,0.9902345915771336,0.0002161268856016216,0.0004916631001729692,0.00905640375018951
7,mlp,1793,5,5,1.4202304897545666e-05,5.882490582180226e-06,1.2106015400456329e-05,0.0001058359752909427,1.9171541382514604e-05,0.9995910493997445,0.0002517522727018838
7,mlp,10627,3,3,3.958911970546138e-09,3.282747702289256e-08,1.3060343304782117e-08,0.9992005847920785,4.644571537020119e-05,4.449968797221686e-05,0.0007084199578468642
7,mlp,11238,3,3,2.0252913091626627e-07,8.547328919944124e-07,6.759535139327364e-07,0.9786878918949107,0.00011396762328402048,0.018311859869631703,0.002884547396636958
7,mlp,5245,2,0,0.9818104308140002,5.385986220694103e-05,0.017103824088119755,3.2432376887264685e-11,0.0009695940416107118,6.225581543011871e-05,3.5346200308048944e-08
7,mlp,3507,1,1,0.0003016869370966977,0.9996971949037129,1.1125316330903827e-06,2.5752826330677823e-19,7.233608617551121e-10,4.90419646415269e-09,6.5965020332788325e-21
7,mlp,9967,6,6,0.08756831173300007,7.091849016781201e-05,0.033253637090429534,0.00011676975006150777,0.007706117231517889,0.0026962092309778594,0.8685880364738453
7,mlp,8036,6,6,0.0001414325490863541,8.533575541345732e-06,2.856905938462875e-05,0.01932185146391507,0.0018827063907468945,0.0002802919672305755,0.9783366149940951
7,mlp,362,5,5,2.1445329431252166e-06,5.88437275846295e-06,9.626709698820683e-06,0.029542465826401843,7.198146075681574e-05,0.9695493780411498,0.0008185190562911112
7,mlp,12564,3,3,1.1025909369845398e-05,9.44368437983466e-06,1.0601810637573254e-05,0.8548099280259251,0.000932984466647092,0.0020490047535846197,0.14217701134945615
7,mlp,10882,3,3,1.372973054645334e-07,4.536725741770701e-07,1.6319225763954977e-07,0.9871792576226768,0.00025470064245628675,4.5746849957807667e-05,0.012519540722771895
7,mlp,3041,0,0,0.999015652946905,0.0007620575402452501,0.00013490971777654738,4.822826237645987e-10,7.586690116434523e-06,7.974309650493844e-05,4.9526169463700114e-08
7,mlp,9053,6,6,0.001888071543156181,2.7335666675548505e-05,0.0008321793035071059,0.004516569194157297,0.000644009475887711,0.006875852898576228,0.9852159819180399
7,mlp,12835,3,3,1.0999286783833325e-05,6.490137135277845e-06,1.0897422125486266e-05,0.9011869888045434,0.000550954682905568,0.008501128093082401,0.08973254157342422
7,mlp,1069,5,5,0.0004920406547859292,3.224147681377229e-05,5.318999150868106e-05,0.007450231147833313,0.00032144209123037684,0.9828907344120087,0.008760120225819179
7,mlp,10223,3,3,2.7679526527923696e-09,1.2658870782799472e-08,5.0507920046252e-10,0.9987651410946556,0.00034565999198923485,1.1744995644035545e-06,0.000888008481887947
7,mlp,8538,6,6,0.0002655451812546075,1.0720515569604074e-05,0.00014072716051661145,0.008385764019684272,0.0004928554263969543,0.0005863389451590561,0.990118048751419
7,mlp,6426,4,4,0.008163110087317696,7.731924131044005e-05,0.05181028270534505,0.00025047223713136935,0.560620064069257,0.001619605409800249,0.3774591462498382
7,mlp,8111,6,6,0.000759111235657889,4.919277825316778e-05,0.00037951742753472757,0.04774082623744587,0.0008054639591012839,0.027807206278649705,0.9224586820833575
7,mlp,6427,4,4,6.666461866286662e-05,1.2717041384430262e-06,0.0002204641917828915,3.3604897533718854e-06,0.985890184535897,3.962705975303109e-05,0.013778427400012488
7,mlp,8410,6,6,0.0003380210341597227,2.904495768447456e-05,0.0004012854279383497,0.04850718537880397,0.0006136533626558392,0.008549640732279245,0.9415611691064784
7,mlp,13162,3,3,9.000434039837172e-06,3.5190367551201636e-06,3.7683259179487903e-06,0.9041048382370133,0.004209493356481776,0.0012723618250445052,0.09039701878474761
7,mlp,12093,3,3,3.0407394087979236e-07,6.630185553045409e-07,3.7532404005695666e-07,0.914446118133096,0.02429841708590108,3.1149752251412084e-05,0.061222972612215376
7,mlp,5061,2,2,0.002611378942718636,0.0002216942778556919,0.9962236668487151,3.019439028754366e-10,0.0009262191924058865,1.625688031522304e-05,7.835560456106796e-07
7,mlp,2427,0,0,0.9998445795035745,8.537352945417236e-06,4.116498762318382e-05,2.784539872811041e-09,1.624097521202937e-05,8.684713661562913e-05,2.627259489438127e-06
7,mlp,5170,2,2,0.019175499767280675,0.0010106875196199392,0.9795945611507653,3.3805763297112365e-09,0.00016974953025069808,4.7433909153357454e-05,2.0647423537171084e-06
7,mlp,983,5,5,2.8333736551166865e-06,2.6733332861369654e-06,7.924210307927554e-06,0.0014981368474861509,1.874655308066501e-05,0.9982095612338264,0.00026012444835767605
7,mlp,1554,5,5,0.0003779032858605012,4.135518655989889e-05,0.00032280807583428905,0.006018589482292209,0.0002448843283023482,0.9621884553132978,0.03080600432785297
7,mlp,1957,5,5,0.0018165966855016335,7.974849058559551e-05,0.0009309694886587208,0.00030540558690318964,0.00024033230967123777,0.9891344448471456,0.007492502591534136
7,mlp,4401,2,2,0.006182949337391391,4.5719859156692446e-05,0.9805529792963252,1.5974281634061513e-08,0.013030811549347068,9.150971609706627e-05,9.601426740068581e-05
7,mlp,4220,2,2,0.11867612939441652,9.538591406834968e-05,0.7381020462114746,3.7118711636504415e-07,0.14043929377188627,0.0019346034643605299,0.0007521700566775842
7,mlp,8276,6,6,0.00026958680282137165,1.7083737552207848e-05,0.00014030213979801832,0.011567946729980419,0.01279006624782534,0.0001624013147079417,0.9750526130273147
7,mlp,11129,3,3,1.3874123212448863e-08,1.0090164193470576e-07,5.064506653763162e-08,0.9990434415553494,4.587115785504288e-05,0.00010898925984838681,0.0008015326061153274
7,mlp,7615,6,6,1.9958107663711477e-05,1.018207271445425e-05,1.329761380412169e-05,0.1436695037889884,0.0725473658973554,7.924418459539353e-05,0.7836604483348785
7,mlp,9270,6,6,0.0019862361953439764,1.1813660222042722e-05,0.0005336735399308081,0.0011870631264478161,0.004360406419177997,0.0007281089510277105,0.9911926981078497
7,mlp,7355,4,4,0.0014853224912867785,1.2257353171737965e-05,0.31827091426584786,9.4983022277938e-09,0.6800698159788306,0.0001216561577085603,4.0024254852115955e-05
7,mlp,7725,6,6,5.140748540194956e-05,1.2969831138591924e-05,2.624171635838264e-05,0.2463549049547085,0.005398122078092121,0.0009350922959714008,0.7472212616383291
7,mlp,8584,6,6,0.0015306078156531924,2.5534020767694364e-05,0.00025960145930200136,0.0036534833293715256,0.0007093437971729959,0.0012122333757956642,0.9926091962019368
7,mlp,7776,6,6,0.00013210963544889643,1.5157642752953247e-05,1.7354845509641223e-05,0.07666443369431637,0.008201750077792962,0.00022413618260640924,0.9147450579215728
7,mlp,343,5,5,7.174930432712473e-07,2.463616027998302e-06,4.639126190398787e-06,0.011934933571376127,3.056931531974946e-05,0.9878443092725652,0.00018236760547737536
7,mlp,10327,3,3,3.3669237611088422e-09,2.5536297162164223e-08,4.032877319544517e-09,0.999506810921987,7.521886312088455e-05,1.4723837879617638e-05,0.00040321344091433686
7,mlp,4157,2,2,0.005632354540199774,3.431929929163471e-05,0.9910059306825237,2.1300445993084312e-07,0.002271762465091641,0.000136840557129491,0.0009185794513037695
7,mlp,11992,3,3,1.0210483700545523e-06,2.8954911964929087e-06,3.747307697666539e-06,0.9618311236179865,0.00024052178580124688,0.028960599780704057,0.008960090968243828
7,mlp,70,5,5,1.9190096315852534e-08,5.522017637072649e-08,9.923980213167233e-09,1.9476022070106635e-05,3.209459181864536e-07,0.999979860368316,2.5832944298673843e-07
7,mlp,7031,4,4,0.012790442392331194,0.0005389554784347512,0.22184619012885606,1.0906747938938124e-06,0.754225065121615,0.004629529319716749,0.005968726884252317
7,mlp,4248,2,2,0.051579005767375924,0.00021922798725332985,0.9455247252059674,3.832275690627176e-07,0.0013144107016079757,0.0008786432482116256,0.00048360386201454686
7,mlp,6260,4,4,7.5602782081896846e-06,4.2121524250827743e-07,3.141829446805973e-05,5.045635598444207e-05,0.997251469925148,7.395007676958003e-05,0.0025847238541793923
7,mlp,9194,6,6,0.0021862327320147728,1.39469151695994e-05,0.0005735002734374001,0.001284239217782363,0.00023070261026870946,0.00136203206699484,0.9943493461843323
7,mlp,11535,3,3,6.304272266465128e-08,2.2074073344332962e-07,1.1222973379876065e-07,0.9960636947407117,0.00023905988866098764,5.189796823238435e-05,0.003644951389204807
7,mlp,535,5,5,5.592640468358746e-05,3.1408672476825705e-05,6.919801954448953e-05,0.2668035522375147,0.0007202468990964289,0.6830488840167244,0.049270783749959676
7,mlp,1692,5,5,7.357510085037292e-06,2.6969502480258135e-06,5.939888017182086e-06,8.473069892848793e-05,1.1925138821001745e-05,0.999754440057339,0.00013290975656122083
7,mlp,6135,4,4,0.0024056517405629204,1.1758922703652933e-05,0.0006547309605171187,9.328592919562614e-05,0.8790616839306923,0.0004263083072982838,0.11734658020903008
7,mlp,5972,4,4,6.323262707662116e-05,1.5466696093777383e-06,0.00011929201976584251,9.775635585039877e-05,0.9915636057282219,8.880539193595422e-05,0.008065761207540052
7,mlp,11991,3,3,2.3592172898188125e-06,5.083790267116668e-06,9.138870067430554e-06,0.9106738015556116,0.0003407027003644352,0.066280013864331,0.022688900002068562
7,mlp,12002,3,3,2.3481623444686383e-07,5.264061342841696e-07,4.63819281834206e-07,0.9909855350372868,0.00021702716702453234,0.00041022719378561395,0.00838598556025239
7,mlp,2179,0,5,0.28567120009498664,0.0006851148939352661,2.1039108077694403e-06,1.1234766011237766e-06,8.497655437821633e-05,0.7135535502311311,1.930838159884158e-06
7,mlp,789,5,5,3.478596423209198e-05,2.0404590528011707e-05,3.944292470836345e-05,0.018800060920329903,0.000185279051188252,0.9731287715229701,0.007791255026043238
7,mlp,13321,3,6,0.0001189347866137208,2.5751336207487053e-05,4.255311241199748e-05,0.12021931417334492,0.0037171072587696744,0.00048033778567112175,0.8753960015469812
7,mlp,3048,0,0,0.9999868388019006,4.526706026376477e-06,5.131351993477192e-06,5.985136976579054e-12,1.4891422120951793e-07,3.353106346030149e-06,1.1135270667544404e-09
7,mlp,11658,3,3,2.4234749578516885e-07,2.0182600556934308e-07,2.8780671374158708e-08,0.9743915412114398,0.004535712457248625,1.8435396993656667e-05,0.021053837980145356
7,mlp,8218,6,6,0.0003881959229444916,1.7069045338524983e-05,0.00012191298600572478,0.009924736538637844,0.0007555019455060309,0.0005217731727694831,0.9882708103887978
7,mlp,3165,0,0,0.9929499728695789,0.00023766826730145903,0.006760247102782017,2.538470859641822e-10,1.3687807454498014e-05,3.837750707371612e-05,4.619196222565248e-08
7,mlp,4574,2,2,0.053335873661726874,0.0003636919191000943,0.9451261196436639,6.121471844626753e-08,0.0006560120913065997,0.0004773153089145102,4.092616056947451e-05
7,mlp,12854,3,3,1.600396063154889e-05,6.338127350041925e-06,7.495752975202553e-06,0.8802160049552095,0.0008585365727027481,0.0031861936016485677,0.11570942702948257
7,mlp,826,5,5,1.866869777477914e-05,2.667609723527916e-05,8.222914759496751e-05,0.14679224332304533,0.00044332323164200963,0.8391392299325443,0.013497629570163233
7,mlp,2043,0,0,0.7876865381993762,0.00041089768957362934,0.0019390637094641695,0.0008379977315306013,0.0012991853218436765,0.02123006555620112,0.18659625179201067
7,mlp,13021,3,3,8.275956324028347e-05,4.2781671087204574e-05,0.00013658655569232932,0.4990187678642535,0.0012333539605713486,0.3180559163286461,0.1814298340565092
7,mlp,10640,3,3,2.933977982169697e-09,3.201334405231105e-08,1.5228689633455976e-08,0.9995056371425226,2.282357020138234e-05,0.00018051086451413621,0.0002909782467502536
7,mlp,12076,3,3,1.40553195325747e-07,3.2496780053336886e-07,3.4321270517791327e-07,0.9896585979897076,0.00033576160803804327,0.00032155382230895555,0.009683277846244053
7,mlp,6854,4,4,0.00218780247042138,3.371962452788303e-05,0.0745406202679835,2.3490529276026175e-05,0.878342024060101,0.0006078535778425856,0.0442644894698477
7,mlp,12740,3,3,8.14131720078834e-06,6.730870125749388e-06,1.1840420717843102e-05,0.8958415997022718,0.0006008984622660243,0.0038142383030582146,0.09971655092435969
7,mlp,3189,0,0,0.9999541940082445,1.4815140613557249e-05,2.6646528245683058e-05,1.3674541498268942e-12,2.090454531189075e-06,2.2530932693413807e-06,7.737284167296628e-10
7,mlp,2778,0,0,0.999685191448085,0.0002552246581742754,3.694454220361837e-06,8.427967986962118e-10,1.6048918630025393e-06,5.4265848100663126e-05,1.7856759913733247e-08
7,mlp,3326,0,0,0.9937278860786023,0.00202531506764359,0.004228638664576702,9.59107067904449e-12,5.299655754418048e-06,1.2859975526599074e-05,5.48305230181213e-10
7,mlp,7037,4,4,2.9561370316649853e-05,1.6256946450227094e-07,0.00010471492659453049,2.231212351410959e-07,0.9996269352495205,1.7592867236980054e-05,0.00022080989563176684
7,mlp,1585,5,5,7.85200942187468e-05,3.6314065618775365e-05,0.00023211606170758637,0.01201001673294886,0.00023521984455757508,0.9744315176008042,0.012976295600144424
7,mlp,2806,0,0,0.9999972867803909,1.0457717520771908e-07,7.789821780333507e-08,8.161306744360018e-13,9.91534276289851e-07,1.5383226252047928e-06,8.86498231425809e-10
7,mlp,9599,6,6,0.018914913200826656,4.57949754237858e-05,0.0034934217484475063,0.000964207098197292,0.0004601502643975709,0.017373198924906182,0.9587483137878009
7,mlp,5012,2,2,0.001180952308115582,5.451198910524041e-05,0.9881585756051119,4.8898589116664694e-11,0.01058624083475728,1.9497234445078924e-05,2.2197956599089712e-07
7,mlp,6750,4,4,1.1259950985938145e-06,7.804854963116204e-08,4.134917321725357e-05,5.41358452836534e-08,0.99949623668054,2.1442633119604133e-06,0.00045901170343747483
7,mlp,12942,3,3,1.6621087707279033e-05,7.586034343773198e-06,1.1139957795553277e-05,0.8333613538097058,0.0009524381515802803,0.0048374667127347466,0.16081339424613267
7,mlp,11998,3,3,4.4289742366003825e-06,6.088363823517049e-06,8.772603062125966e-06,0.9342900715708314,0.0005075735034307524,0.028167499696204565,0.037015565288411004
7,mlp,3571,1,1,2.3428681656745603e-05,0.9999765680564296,1.007311324035138e-09,6.641423829871389e-21,2.575336487271428e-11,2.2288488977013535e-09,8.178617955121595e-24
7,mlp,1148,5,5,3.035230074909588e-06,2.3513333756152897e-06,3.0426523655695026e-06,0.0003476711717485664,1.4969127618776976e-05,0.9995470904836068,8.184000120989427e-05
7,mlp,6184,4,4,1.669368847373938e-08,1.0865256218873686e-08,1.796284938712771e-06,9.520510826544402e-08,0.9999835150067364,2.232804076391552e-07,1.434266386422755e-05
7,mlp,8957,6,6,0.0038344047684737916,0.00012425927137253842,0.002778796055533579,0.018691556100505522,0.00100234351303031,0.1892979675617513,0.7842706727293329
7,mlp,6104,4,4,0.0002710550246030033,5.26116562285806e-06,0.0004407918154047408,5.217848286047253e-05,0.8770275538710002,0.00013793832441786255,0.12206522131609081
7,mlp,1167,5,5,9.46170507030569e-07,1.211640240223724e-06,3.6816720994154328e-06,0.00045924746069980467,8.572031660868057e-06,0.9994647738450061,6.156717978663029e-05
7,mlp,3153,0,0,0.9971999393145357,0.002412457951761034,0.0001054468242807584,1.3048098782766416e-09,3.5524174321991813e-06,0.0002785782642401197,2.3922940250566013e-08
7,mlp,10576,3,3,1.1417090224768285e-09,1.576067080200977e-08,5.579958875873331e-09,0.9998055721538852,1.4043027529865014e-05,4.4495236188705414e-05,0.00013586710005754704
7,mlp,5406,2,2,0.000525830097768099,0.0003230158041603427,0.9990223722584678,6.712691591274758e-11,0.00012401408365458885,4.740644522461328e-06,2.7044299582872074e-08
7,mlp,5762,4,4,3.9083687795354e-08,8.897354890246572e-09,2.582144276839993e-06,6.283663126761047e-07,0.9999516553132545,3.6221004082264766e-07,4.4723985072566003e-05
7,mlp,12580,3,3,1.6320844471277652e-06,2.003469563834288e-06,1.8691662693861504e-06,0.9312568543523174,0.0017477578510546592,0.0002826877636123283,0.06670719531273524
7,mlp,7110,4,4,7.925775649555988e-07,9.628689380985584e-09,1.0738346348390902e-05,7.715812043081564e-09,0.9999839477841795,1.2626592945583825e-06,3.241288111132481e-06
7,mlp,7535,6,3,3.821680121412281e-05,1.202989323692675e-05,2.057342852451363e-05,0.7267173820943342,0.001910123884081664,0.007234728703517097,0.26406694519509144
7,mlp,11549,3,3,1.3656656775712736e-07,2.1439456373084847e-07,4.798513962415618e-08,0.9880246373773752,0.0030887781684613576,4.1189881132078516e-05,0.00884499562676013
7,mlp,148,5,5,2.1034533810907185e-07,5.296641872175749e-07,5.190169678534875e-07,0.0009696241726106834,4.242595822202303e-06,0.9990082798471427,1.6594357931327068e-05
7,mlp,8953,6,6,0.0009084448031795821,3.102738707288446e-05,0.0008324805630691809,0.007301281724025148,0.000294643433162497,0.004744331202665405,0.9858877908868252
7,mlp,5953,4,4,4.885531976212744e-06,6.473631046405538e-07,4.664158208459971e-05,4.504501822466026e-05,0.9984250580455865,1.9962162470856447e-05,0.0014577602965524339
7,mlp,2999,0,0,0.9907372154228424,5.267119908516063e-05,0.009072868410657273,8.100222387996296e-10,5.604109513662712e-05,8.086015876088472e-05,3.4290349526512005e-07
7,mlp,2567,0,0,0.9998329895623027,3.229026652895904e-05,3.703953565873167e-05,2.051144431693894e-09,6.2785953201849525e-06,9.069453708027664e-05,7.054519649310643e-07
7,mlp,11414,3,3,1.6850537608073714e-07,4.814693615695022e-07,4.109842008735743e-07,0.992981105493331,9.070582261164985e-05,0.0021942689476465,0.004732858777472167
7,mlp,8251,6,6,0.0002715980117446548,1.89924186115334e-05,0.00011910487062902558,0.02336297752285537,0.0008238604283742755,0.0005393646015099607,0.9748641021462753
7,mlp,5079,2,2,0.00535099780605715,0.00013689582175010958,0.9836426018905562,4.619462642788212e-09,0.010491187105782432,0.0003761545236143863,2.1582327770556858e-06
7,mlp,1418,5,5,3.607408041489639e-09,1.0330358436368889e-08,3.1186461142249403e-10,4.051031853527868e-08,6.604564055170748e-08,0.9999998778283523,1.3660575452576091e-09
7,mlp,4933,2,2,0.0036457469800668376,0.00011818449336746901,0.9950634795711254,2.41919701606065e-09,0.0011504667165344446,1.7794753551664318e-05,4.325066157109045e-06
7,mlp,8592,6,6,0.003220083164314751,3.450015533786791e-05,0.00022714838945782083,0.00702196587746345,0.001977140195435231,0.0006098637704411252,0.9869092984475497
7,mlp,4458,2,2,0.0024339524364865453,4.09024749594843e-05,0.9967411976282767,9.193396828754943e-09,0.000730568147677428,2.4620649587215593e-05,2.8749469615919305e-05
7,mlp,11458,3,3,8.607892588552111e-08,2.2004220758770162e-07,4.4958806900118246e-08,0.9860334026000944,0.0012570179325220151,1.1263635535754559e-05,0.012697964751907344
7,mlp,9140,6,6,0.0006381339312482526,2.2326966082973286e-05,0.002419160131682329,0.0007739175105779472,0.139940160184086,0.0003531455435573926,0.8558531557327651
7,mlp,12588,3,3,2.355628806529134e-07,2.953252602148109e-07,2.4437830467416264e-07,0.9921193892729127,0.00033601711730829446,0.0003646667251178838,0.007179151618215633
7,mlp,12094,3,3,2.1416365110487228e-07,3.97635621899074e-07,2.1713986249110375e-07,0.9800994350384588,0.0019376734116414145,9.627065482217948e-05,0.017865791955941943
7,mlp,8452,6,6,0.00046435936042330054,2.9481087972892803e-05,0.0001799996734511006,0.010619177743606793,0.0008652676342791605,0.0002598740941009653,0.9875818404061657
7,mlp,943,5,5,4.341330619648711e-05,2.8740335202882313e-05,0.00010157320067136888,0.06300822921453361,0.00035561523709131223,0.9127059124161574,0.02375651629014704
7,mlp,13504,3,5,0.0004624939715996674,0.00011740385061710587,0.0007557577804448719,0.20642692942525065,0.0015922844272370355,0.42404523791829035,0.3665998926265604
7,mlp,6450,4,4,0.0004041418257810491,6.480228893061577e-06,0.004383023869861874,1.281991892059104e-05,0.9828886318666612,0.0001698157203887274,0.012135086569493352
7,mlp,11047,3,3,4.85930477209637e-09,2.767193269194104e-08,6.581393001448392e-09,0.9991906463929249,0.00013995660736141238,1.1284782485487112e-05,0.0006580731045976865
7,mlp,5419,2,2,0.00014529949027354091,8.529279242181597e-05,0.998983978995887,7.399059457394077e-12,0.0007844359729220654,9.818123356061046e-07,1.092876102689269e-08
7,mlp,3008,0,0,0.9966318932466619,0.0005166989399804612,0.002809715494543693,8.002081247522252e-10,1.3912277213170892e-05,2.768192089744033e-05,9.732049530408927e-08
7,mlp,8467,6,6,0.0001750418257294333,1.12393596589411e-05,9.389486663206629e-05,0.011634700457458938,0.00130846632863921,0.00023112717268409952,0.9865455299891973
7,mlp,6834,4,4,2.386566905501338e-05,5.057789920561883e-07,0.0005680580380968829,2.0855289117671282e-06,0.9989567094728108,4.182733479078107e-05,0.00040694817734285716
7,mlp,11301,3,3,1.1448579654081186e-07,4.3378656554158334e-07,4.4653767859391205e-07,0.9906055675943197,9.546710527791062e-05,0.0050754460887366985,0.004222524401624994
7,mlp,9857,6,6,0.009257635059846617,5.04995465414936e-05,0.016867488004846394,0.0002620915872427584,0.00039567638945355336,0.0005143531073839467,0.9726522563046853
7,mlp,8929,6,6,0.0011339382947436686,1.3391191816600846e-05,0.0004205863118723366,0.0019150857313948613,0.0025776401058938314,0.00022921224227154624,0.993710146122007
7,mlp,8496,6,6,0.000281713554383613,7.095443664891459e-06,3.661900243973946e-05,0.0030065189406111212,0.0036776080635021876,0.00016583635760552713,0.9928246086377929
7,mlp,7034,4,4,0.00027951650193025354,4.2340179020550796e-06,0.034470627278515756,3.447761841675799e-07,0.9638890577537051,7.463298931014747e-05,0.0012815866824524157
7,mlp,3882,2,5,0.07362437827528424,0.00018815791338556377,0.003460419535849085,7.34863943944949e-05,0.00044174464921729656,0.9164457423163174,0.005766070915551924
7,mlp,6254,4,4,2.080356139925857e-07,2.4837431778481033e-08,2.069879365810351e-06,2.0283939897233956e-07,0.9997610302035365,9.712547246218562e-07,0.00023549294992828213
7,mlp,12797,3,3,4.404489133081454e-06,3.6723136771881298e-06,3.0552763800331004e-06,0.836263848500649,0.003011249099780564,0.00011074484195221779,0.1606030254784278
7,mlp,8962,6,6,0.0014231608212685722,2.5817471337570075e-05,0.0005065049755273646,0.001686506044137582,0.00229161782571338,0.00019322506519415814,0.9938731677968212
7,mlp,10401,3,3,1.842152582073124e-10,3.352585647854214e-09,5.417219294513881e-10,0.9996632804866394,0.00020038217739026465,1.5791923982404195e-06,0.00013475406504917254
7,mlp,12657,3,3,7.477867120818578e-06,5.285221205091937e-06,4.626689509075766e-06,0.8744624473851742,0.001476451345799293,0.0005016863039997531,0.12354202518719157
7,mlp,10548,3,3,7.354811321086345e-09,5.980013447591047e-08,2.8070812417904073e-08,0.9992081456795285,2.3633656784389575e-05,0.0003421766760477079,0.0004259487618811365
7,mlp,12672,3,3,1.4621349187514745e-06,1.5271804298333367e-06,1.1689579892698443e-06,0.8830634879418123,0.013382634888530398,0.00018605437058598115,0.10336366452573353
7,mlp,6028,4,4,2.9357372605899944e-08,4.407826535934687e-09,2.08771644649636e-06,1.1069731753371631e-07,0.9999933840926829,3.9083652049516773e-07,3.992891833560486e-06
7,mlp,9167,6,6,0.0013219400302497274,1.4858780743871286e-05,0.0004846006804947837,0.0026008369770262494,0.00022020091615005332,0.0017610210176215917,0.9935965415977136
7,mlp,4173,2,2,0.00649829652357789,5.033030067646157e-05,0.9901970127067011,2.753704103173086e-07,0.00235535302670055,0.00017748817087794738,0.000721243901055831
7,mlp,10267,3,3,5.578284907406268e-10,6.22233780588884e-09,7.072064526130034e-10,0.9995382528518628,0.0002091423006621514,8.821303736360972e-07,0.00025171522972880885
7,mlp,1392,5,5,1.7801005520855156e-06,1.8979040428438713e-06,5.09426434402523e-06,0.0003204944515153696,1.2215699772552281e-05,0.9995837128610041,7.480471876895467e-05
7,mlp,857,5,5,1.3767403779638674e-05,8.807579126994165e-06,1.7514854367413827e-05,0.004328679043757519,5.435150600038759e-05,0.9942313803263276,0.0013454992866405624
7,mlp,8526,6,6,0.00014039334461157872,7.712671840532905e-06,5.839806836458793e-05,0.007188708904466013,0.0022765033911593922,0.00013107208930614045,0.9901972115302518
7,mlp,7386,6,3,5.153283674122349e-06,4.476108384481166e-06,5.316484249607799e-06,0.8942521989354667,0.0007125940058984194,0.001272491144035544,0.10374777003829129
7,mlp,12948,3,3,4.726255389614512e-06,7.6187825278649626e-06,1.027009922733855e-05,0.46514173813915494,0.16978445764525507,6.134912527690772e-05,0.36498983995316836
7,mlp,9034,6,6,0.001077045324145872,1.4398296418317256e-05,0.00042973866164936446,0.0012179889133068587,0.0002529073917794545,0.00023117692401375682,0.9967767444886865
7,mlp,10194,3,3,2.2625686391256256e-10,4.403077788626722e-09,1.2993283246980447e-09,0.999919200546227,8.677897618118643e-06,1.032564418061262e-05,6.17899833112695e-05
7,mlp,5225,2,2,0.000494537768025619,4.9240316990302194e-05,0.998107627060485,1.761258162422182e-10,0.0013436222380225765,4.472892247448284e-06,4.995481033670873e-07
7,mlp,7803,6,6,5.4345870313780545e-05,1.246195844114963e-05,3.55021508892859e-05,0.10064505435537861,0.059965547099729725,0.00017851763177768605,0.8391085709334698
7,mlp,9258,6,6,0.010818936151755222,2.9097687625672022e-05,0.0010210753745824917,0.002524528785843822,0.0007434002505236572,0.007128978669493746,0.9777339830801755
7,mlp,1318,5,5,1.3193981695542825e-05,1.0727764346515716e-05,4.904947582730565e-05,0.005127522169862736,6.873089759812236e-05,0.9927481545400842,0.001982621170585352
7,mlp,7921,6,6,0.0003642934157638179,1.6953236615157743e-05,1.878440985044859e-05,0.038486182452598654,0.0099893196679823,0.0003228126491442282,0.9508016541680454
7,mlp,11690,3,3,2.478051627018026e-07,4.3429767653462687e-07,1.974230575267902e-07,0.9906708271139345,0.00019990544051427217,0.00032424784097437174,0.008804140078680177
7,mlp,8382,6,6,0.00026362698724001,2.3213682285577146e-05,0.0002941886179576706,0.013085758217967031,0.2092310624127827,0.00025020422455294955,0.7768519458572141
7,mlp,5395,2,2,0.002467200368822145,0.00022745446705467917,0.9970312165592427,6.174252206571262e-11,0.0002703696646244377,3.6953242135817148e-06,6.355429970555266e-08
7,mlp,12049,3,3,1.4024141373931935e-07,2.349211817267092e-07,1.4777102446231224e-07,0.9948993492675031,0.00018118329487505289,0.0002749031955648846,0.004644041308436894
7,mlp,10430,3,3,9.503720261642651e-10,9.618883618506908e-09,1.1884492436035911e-09,0.9993302655574897,0.00032095280015410725,2.7252168473472704e-06,0.0003460446678040376
7,mlp,3407,1,1,0.0013728590022791818,0.9986004086376576,2.668619107022779e-05,1.1079327290443005e-17,1.949502794584389e-08,2.667396512308101e-08,2.145278376546507e-18
7,mlp,11388,3,3,1.1627036865347171e-07,2.168604819367319e-07,4.624104676042831e-08,0.9905972279922693,0.0005003701266841556,4.139870493063271e-05,0.008860623804218442
7,mlp,10759,3,3,1.6457890712808403e-09,1.394994279323743e-08,3.308593918837875e-09,0.9997098209159291,3.795097247346793e-05,1.9364404354810177e-05,0.00023284480291681158
7,mlp,3336,0,0,0.9999817207270846,1.7408400161715555e-05,6.284871310050698e-07,5.395718805588425e-15,1.440900480405745e-08,2.2797605325834104e-07,5.59397085424971e-13
7,mlp,2924,0,0,0.9936007691470325,4.9689672823272795e-05,0.006167609600863498,1.3076680373788946e-09,2.936697749984632e-05,0.00015202052225740697,5.42771855176728e-07
7,mlp,11910,3,3,6.142980738195709e-07,1.278843977390967e-06,1.0445515782721358e-06,0.9788092830942703,0.00029782823833341196,0.0004538296710126789,0.020436121302753955
7,mlp,1983,5,6,0.024082064261310297,7.671512076455337e-05,0.01061226672439759,0.0006226100581676027,0.0020783298325915524,0.0056373551374469715,0.9568906588653214
7,mlp,7619,6,6,0.0001136543783631099,2.886572613732172e-05,8.636233903886065e-05,0.3430224551152895,0.0012543245912382372,0.03130473354168976,0.6241896043082431
7,mlp,1815,5,5,1.1745742534237573e-05,3.593859619796426e-06,1.759623832815301e-05,0.00014503274075446457,1.743526923792688e-05,0.9995461666957921,0.0002584294537333224
7,mlp,2499,0,0,0.9997031833413571,4.7304807494373665e-06,8.063849250343323e-07,4.660893249985585e-10,7.939061368650202e-07,0.00029043528794395624,5.013279808797191e-08
7,mlp,12762,3,3,5.865676960549028e-06,5.903962269268687e-06,1.2898247276993612e-05,0.9143869882103918,0.0005414175669775481,0.005771108427715142,0.07927581790840874
7,mlp,3163,0,0,0.9999770089829253,1.5772171473608044e-06,1.5359617845859703e-05,1.810424497641517e-12,1.5903082178103171e-06,4.460746428912419e-06,3.1256242738498644e-09
7,mlp,12262,3,3,4.217380214861941e-06,3.3356940953528375e-06,2.4085074231795488e-06,0.9266202025220454,0.0008711353250716765,0.0009566255981498785,0.07154207497299944
7,mlp,1243,5,5,3.034160956850819e-05,6.803505835434191e-06,2.344614271676079e-05,0.0018844861828196315,6.91724600614648e-05,0.9961644533452018,0.001821296753796513
7,mlp,1020,5,5,1.4374373000525472e-06,2.711919507984114e-06,8.91165542392833e-06,0.0025042349976204465,2.1568432972824336e-05,0.9972391017999404,0.0002220337572343176
7,mlp,13023,3,3,9.21443112498546e-06,7.679585201839763e-06,1.535515442960862e-05,0.9188172858203788,0.0007681666684615973,0.013947171238418314,0.06643512710198492
7,mlp,9888,6,6,0.010578845832755698,2.382506633208484e-05,0.009983987257925032,0.00014166315004483643,0.0021627252961459727,0.0009869661001717387,0.9761219872966246
7,mlp,11538,3,3,8.242409085075636e-08,3.019710475883724e-07,1.8680151400281982e-07,0.9968552589117367,8.621045055116444e-05,0.0002612383131594358,0.0027967211279001933
7,mlp,4325,2,2,0.006524935589921456,7.443035307056855e-05,0.981063814559802,1.6502554855068754e-08,0.012070117797590665,0.00010465956973744096,0.0001620256273230478
7,mlp,7008,4,4,0.00023474935634509162,1.99362202216279e-05,0.18128481961580736,9.490026115545203e-07,0.7962485740807128,0.00047272864162552154,0.021738243082676068
7,mlp,8416,6,6,0.00029485320965358527,1.336027121671223e-05,0.00015098315838861073,0.010733001909791116,0.00043039303627269616,0.0006107679316946509,0.9877666404829827
7,mlp,13222,3,6,0.00010347676373069675,1.8980075487294897e-05,3.615150483901863e-05,0.32586885337885674,0.002840161343867735,0.0038556648915649707,0.6672767120416535
7,mlp,1901,5,5,0.0001258149043224111,2.151794689618403e-05,0.00018575153482069866,0.00036926513603050427,7.464908652707645e-05,0.9962638237884811,0.002959177602921865
7,mlp,3122,0,2,0.40721040108282874,0.000984343130251372,0.5908444626885938,6.470670418062008e-09,0.0005377249029138513,0.00041973815886244985,3.3235658793960457e-06
7,mlp,2053,0,0,0.8149994254613986,0.0001711924622158946,0.0016115394006819541,0.0005746341315631281,0.0075259631503985696,0.007017049590175412,0.16810019580356633
7,mlp,3150,0,0,0.8105995706559734,0.004446319874833123,0.18420676666054628,1.4253732422232222e-08,8.40005725264343e-05,0.0006611248241568152,2.2031582313804594e-06
7,mlp,7961,6,6,0.00157112827892046,9.571210737000654e-05,0.000560292642792955,0.08416386362202502,0.0020116035525113165,0.14723905295599723,0.764358346840383
7,mlp,4606,2,2,0.003456585855724857,5.0136748417415216e-05,0.9951965391703428,1.4897836550197581e-08,0.0012257491140879127,4.678033477174119e-05,2.4193878818775754e-05
7,mlp,7636,6,6,0.00021375344992726524,3.389326861159434e-05,3.825466318381882e-05,0.17210962256816656,0.0034248533299435667,0.0007972155699565967,0.8233824071502106
7,mlp,7506,6,3,6.944504637822497e-06,3.8111097351093715e-06,4.130899656929291e-06,0.8775968759573644,0.0012905834085150565,0.0009108879429394013,0.12018676617715135
7,mlp,1760,5,5,0.24206414260776718,0.003244311005507136,6.474557296038422e-06,0.0028298730358323654,0.0009741295333080641,0.7492791118296823,0.0016019574306069503
7,mlp,6920,4,0,0.6138003876248422,0.00020068986401291822,0.07907180676147973,1.3922965089544908e-05,0.26739469282463624,0.006362160772455968,0.0331563391874834
7,mlp,7663,6,6,9.502650953640669e-05,2.8648261257897837e-05,7.153273645027734e-05,0.39489593022315017,0.0013843639355141644,0.004406890520093783,0.5991176078139974
7,mlp,10202,3,3,1.1127761777595297e-10,1.7498605999473501e-09,2.6940783320724585e-10,0.9999355896198365,1.6450273392857927e-05,2.123030824616622e-06,4.5834945400043124e-05
7,mlp,5978,4,4,9.25337199449592e-07,3.030134243248344e-08,6.236242233893745e-07,1.4452316013024682e-06,0.9997953565957444,2.3373890110134203e-06,0.0001992815208781408
7,mlp,8326,6,6,0.0002990043027791557,4.7610996853975213e-05,0.00022923506356233402,0.3425200041506265,0.0030369422537650107,0.026031507447710253,0.6278356957847028
7,mlp,12990,3,3,1.0386785199755063e-05,7.4347593690714666e-06,1.2977099163861714e-05,0.8809098973055611,0.000825805445516677,0.0018091999652595117,0.11642429863992998
7,mlp,11431,3,3,4.921331527873378e-06,3.0094371068462554e-06,1.5692545095268268e-07,0.9772782570093143,0.0013656571220313077,7.565461179074101e-05,0.02127234356277795
7,mlp,3429,1,1,9.550944863240988e-05,0.9979757079158021,0.0019286011656520438,1.0399136546905517e-17,1.7588033136182603e-07,5.5895821676768785e-09,8.365604351662447e-18
7,mlp,9040,6,6,0.001133162784723415,9.133465340242861e-06,0.00013524262608769776,0.0016320685559895868,0.005939964155339571,0.00031318106395620133,0.9908372473485633
7,mlp,3616,1,1,1.3744488148816628e-06,0.9999983036683587,3.216053217370978e-07,6.054665932674432e-21,8.092907015089551e-11,1.9657556818818342e-10,5.956262655060301e-23
7,mlp,4175,2,2,0.03415054642327588,8.00615802960326e-05,0.9609752890879959,2.5540507351362596e-07,0.0036638194249795945,0.00047522757974783865,0.0006548004986313726
7,mlp,499,5,5,2.3265746505124598e-07,7.143438880193751e-07,9.749079880808804e-07,0.0007226113242063833,5.348961827627679e-06,0.9992466806040524,2.3437200572444652e-05
7,mlp,8635,6,6,0.06225971634080882,0.0001326531671718295,0.00017977239739741044,0.016315291180440773,0.06154111428152509,0.005061496221914777,0.8545099564107412
7,mlp,12346,3,3,2.3848277476029143e-07,4.771275343560758e-07,4.3864199967021785e-07,0.9906312370501172,0.00030359677111022407,0.00025025580325509716,0.008813756123208828
7,mlp,3812,1,1,9.209038350732162e-09,0.9999999900254545,7.647719071244063e-10,6.040378007048999e-26,5.922643263089903e-13,1.4293805203679496e-13,3.7754156263954425e-29
7,mlp,4087,2,2,0.09416866980597483,0.0003348907557287157,0.9006018885826351,4.942646877915366e-07,0.0032396608913823877,0.0004736683016399038,0.0011807273979512008
7,mlp,9629,6,6,0.002979148418044246,1.1952857164533452e-05,0.000982809824971385,0.0002637442242867904,0.0008247598484452128,0.00030758446743659205,0.9946300003596512
7,mlp,11476,3,3,3.6173633471470565e-08,1.5649022346579716e-07,1.0144010096122555e-07,0.997770926450828,9.657630918436625e-05,0.000177753123480908,0.0019544500125487528
7,mlp,547,5,5,0.001319164977926653,0.0001124943767010847,4.834504518231912e-05,0.0740168133373437,0.0012909203822600041,0.8987192773389315,0.024492984541654588
7,mlp,838,5,5,4.468956479938873e-06,6.274478367108273e-06,2.3616522968721492e-05,0.012575336795819823,6.861630880986999e-05,0.9861128115013804,0.001208875436173971
7,mlp,7707,6,6,0.0001006853514426526,9.433443708132803e-06,5.983026364472394e-06,0.48723825328866655,0.0221553781766672,0.0010915629397947148,0.4893987037733564
7,mlp,8088,6,6,0.00019654357535554392,1.2365253854498604e-05,4.9950669449427006e-05,0.040135164065650916,0.0043229663003797394,0.00036093805213137543,0.9549220720831784
7,mlp,7930,6,6,4.784029052181774e-05,1.8603451504650522e-05,6.181388867620433e-05,0.037968216518603944,0.0033879272818833936,7.129354978458862e-05,0.9584443050190254
7,mlp,8132,6,6,0.00014811182138225464,1.3663991661599633e-05,8.633859122198408e-05,0.008681904168454959,0.002603214576507307,0.00014545404884833512,0.9883213128019235
7,mlp,2188,0,0,0.9989410724191212,1.0255500324177558e-05,0.00015541334590492097,1.8655781943594089e-07,5.31366535541079e-05,0.000736767233295483,0.00010316828998060877
7,mlp,5542,4,4,6.800512740363218e-05,1.8137263205945182e-07,2.117520058379626e-08,0.0006328487727245477,0.9950434187964791,0.00022692409078744403,0.0040286006647727406
7,mlp,11943,3,3,1.6398918239397432e-07,3.4028544524149447e-07,1.8743650192879844e-07,0.9889514122399578,0.0007949796017228224,8.294485047947333e-05,0.01016997159671027
7,mlp,11193,3,3,6.983960044280418e-08,2.1168114958978712e-07,9.174524449611162e-08,0.9938148610055376,0.00024348085454644225,8.544918495152744e-05,0.0058558356889699
7,mlp,8084,6,6,0.0011816075930893277,0.00011614797271157205,0.0007998394777332117,0.09653777121836761,0.0016844798643684507,0.3924400538374853,0.5072401000362445
7,mlp,6077,4,4,0.17766705421573942,9.620416371664106e-07,2.6609068756370797e-07,3.2444899096240826e-06,0.8148618584759136,0.007286249920121475,0.00018036476599096195
7,mlp,798,5,5,9.56946136280115e-06,1.2887364363348741e-05,4.085897204412914e-05,0.03544995386099617,0.00015373694093433402,0.9606670761331235,0.0036659172671755875
7,mlp,6139,4,4,5.167069251759223e-07,7.612396941778572e-08,1.773792150659613e-05,8.639073710372948e-07,0.9998467187086185,1.910026960308325e-06,0.00013217660464877765
7,mlp,11548,3,3,1.1613582687618468e-07,2.659902929943896e-07,9.54639867507999e-08,0.9905825554155117,0.0007859238141613733,9.76465378875089e-05,0.008533396642332634
7,mlp,12228,3,3,2.3070154996788925e-07,4.4191206198490384e-07,3.368814446227679e-07,0.9900754635573029,0.00040542346141158003,0.0001840071722083825,0.009334096314020478
7,mlp,9804,6,6,0.01331787859394723,4.109294206787747e-05,0.009548477542149878,0.00017723543962594535,0.0003498919367953311,0.0013771437029786377,0.9751882798424351
7,mlp,385,5,5,3.391462035139508e-06,4.322243518592343e-06,5.8863454227096015e-06,0.008173273377887143,4.1363106643177304e-05,0.991379589404452,0.0003921740600411972
7,mlp,2592,0,0,0.9998580629353989,3.126935633939431e-05,4.989789965033858e-05,2.7062522463070614e-09,1.56852214786989e-06,5.894550454001445e-05,2.530756711371697e-07
7,mlp,13299,3,3,2.084033317908931e-05,7.826645556866236e-06,1.1200147698702272e-05,0.5318228112902271,0.03229270540472734,0.00040561770410270305,0.43543899847450807
7,mlp,2887,0,0,0.9989585791885036,0.0006314328600686299,0.00018733316215649575,5.769156527149942e-09,5.245273596750452e-06,0.0002170786015588874,3.2514495889536867e-07
7,mlp,2793,0,0,0.999938194860865,8.504577849166624e-06,4.222583126941778e-05,1.9709478767896938e-10,7.421206583992061e-07,1.0294906839434315e-05,3.750542387780843e-08
7,mlp,12609,3,3,3.576555017811591e-06,4.204043718424611e-06,5.937046640479653e-06,0.9607150117418621,0.00040900570522895156,0.0031527015230020184,0.03570956338453009
7,mlp,1566,5,5,0.0069379439245771495,0.0002510341888297097,0.0001963632995287591,0.014044140501718805,0.0017041344023470812,0.932889396167658,0.043976987515340654
7,mlp,4552,2,2,0.06174901024600196,0.0003842686422535964,0.9361052412292947,1.826879537041297e-08,0.0016212961900921813,0.00011300501867253408,2.7160404889610105e-05
7,mlp,224,5,5,3.8540628794380285e-07,1.2884177432835457e-06,1.6134812965259192e-06,0.0030054776284356376,9.859706995608592e-06,0.9969262223313309,5.515302790997059e-05
7,mlp,8762,6,6,0.00030267623502807734,2.069431697030081e-05,0.0003533925541924946,0.0019810298750959025,0.08150576187055499,0.00016332938258282643,0.9156731157655755
7,mlp,12665,3,3,8.831655477331227e-07,7.799072656841454e-07,3.790345205677831e-07,0.9435553152213156,0.00843890097791641,0.00010009064310139115,0.047903651050332785
7,mlp,6908,4,4,0.00012321547242307113,9.08730241360901e-07,0.00033453260534228597,1.0673359954450063e-06,0.9950476435688501,5.1317046176561974e-05,0.004441315240971062
7,mlp,1171,5,5,1.295896884777085e-06,1.6022089409490857e-06,5.134402174843359e-06,0.0006520775077260247,1.0971266333964344e-05,0.9992311876116523,9.773110628699852e-05
7,mlp,913,5,5,1.4897476225490179e-07,3.4228168583117775e-07,4.956205878776248e-07,0.00010718392328356816,2.4221803553460835e-06,0.9998832004088637,6.20661046148698e-06
7,mlp,2357,0,0,0.9997281752952433,6.774033000149132e-06,0.0001247003254626417,1.3231646086297653e-08,7.697089230417605e-06,0.0001279218004398505,4.7182249774407894e-06
7,mlp,10987,3,3,4.6120108209293995e-09,3.39417531845343e-08,9.919611674628636e-09,0.9988083007211669,0.0002421029108257523,1.0268486554334002e-05,0.0009392794080770541
7,mlp,2987,0,0,0.9999724009327511,1.687213459146475e-05,2.582015653589498e-06,2.6618440495661866e-11,1.3962457950399058e-07,8.003396772069443e-06,1.869034183070606e-09
7,mlp,9939,6,6,0.027592874983939548,2.3398305220446606e-05,0.004759602788506121,0.00017958305478593607,0.005967995719283534,0.005673232387999601,0.9558033127602649
7,mlp,7045,4,4,7.869639629521877e-05,4.139757254567278e-07,0.00017527831983294646,1.6563192953501496e-07,0.9986182795058244,2.4752765448336015e-05,0.001102413404944158
7,mlp,5441,2,2,0.011212252579359833,0.002294539460878843,0.9863004983950994,7.44549578512674e-11,0.00017153426814818997,2.1162373906651258e-05,1.2848152161471756e-08
7,mlp,1508,5,5,3.50874845903436e-05,2.531920469294644e-05,0.00015890286968425944,0.017412615417968486,0.0002098718758045293,0.9736676114640102,0.008490591683249291
7,mlp,3906,2,2,0.05340659108486791,0.00019153358418284633,0.7950247704275013,3.778854826294332e-05,0.014910793990138409,0.001987562771230351,0.1344409595938165
7,mlp,6674,4,4,9.394204123560693e-05,1.0174447204221225e-06,0.00020574683936858498,4.036408866237425e-06,0.9922425008719583,6.056940372466235e-05,0.007392186990126223
7,mlp,6210,4,4,2.729627312961292e-05,6.154865211412276e-07,5.4107212860190556e-05,3.3692239542694824e-06,0.9903264332833793,2.1563281301098802e-05,0.009566615238854295
7,mlp,9275,6,6,0.0015496958518887523,9.497050935628098e-06,0.0002595910415588232,0.0012366135251526105,0.0009538070981208534,0.0005541822577308611,0.9954366131746125
7,mlp,9988,6,2,0.24511162371356265,0.0010125201228103602,0.4249333620679202,0.00017685209382040586,0.0017536732993052558,0.07529012613372525,0.2517218425688558
7,mlp,8145,6,6,0.00015854530371932308,2.219537139151327e-05,9.700790118759761e-05,0.04232204963831194,0.0020575729241124638,0.00027844377465898845,0.9550641850866181
7,mlp,2279,0,0,0.9997983490302995,1.4203755624523957e-06,3.267389320506621e-05,6.9429966841337365e-09,4.652513896315932e-05,0.00011475185673906973,6.272762234072466e-06
7,mlp,12509,3,3,1.3929074687659431e-06,1.952368191844881e-06,1.7401156376203537e-06,0.9476103431063339,0.0006712234032321134,0.00042199150890313337,0.05129135659023247
7,mlp,13096,3,3,1.5702238726709753e-05,5.794540062647616e-06,7.126960370405668e-06,0.8412539944385906,0.0014787854504137504,0.0018699422196990572,0.15536865415213702
7,mlp,6492,4,4,0.00013696700369731155,1.8775026240307395e-06,0.010841646314183058,9.839752478931942e-07,0.9765657482336009,0.00013872057685461925,0.012314056393792195
7,mlp,9817,6,6,0.006279884434159367,1.9771520966583855e-05,0.0039794093984276396,0.00022213780412383622,0.0004061825418068379,0.0006328510636047641,0.988459763236911
7,mlp,3098,0,0,0.9999812390947564,1.4189053654133213e-06,1.0729014704633902e-05,1.8659666135998506e-12,2.2265246625661137e-06,4.38325824495785e-06,3.2003997604226215e-09
7,mlp,10217,3,3,3.1883464114276643e-11,7.389755127776506e-10,7.201697503311172e-11,0.9998636036832668,9.500185139480539e-05,3.8851186814721377e-07,4.100511059438597e-05
7,mlp,1347,5,5,5.578676226681865e-05,3.4965354911108235e-05,0.00019959794588167795,0.04364626668734846,0.00037236527882310956,0.9364132319335402,0.01927778603722867
7,mlp,8003,6,6,0.0006398438375718322,0.00010211181803562673,0.0005833728154678091,0.20055820297449403,0.0018265407212896608,0.20358958567237845,0.5927003421607625
7,mlp,1612,5,5,6.334172876566835e-05,1.0803570133284941e-05,6.817050699440647e-05,0.0009162958428564458,5.439248929404665e-05,0.9962596930015202,0.0026273028604359917
7,mlp,11293,3,3,1.3956087233345287e-08,5.014873020966094e-08,1.0812762794578325e-08,0.9943159695850199,0.002635180968474079,9.76972462415622e-06,0.0030390048043016176
7,mlp,11103,3,3,1.2805970398355454e-08,7.166420547273686e-08,2.6413020721791906e-08,0.9989113075678804,6.803438783208755e-05,5.938254026324438e-05,0.0009611646208272556
7,mlp,6046,4,4,1.9511437958952006e-05,7.689561694525779e-08,9.598203846719126e-07,1.45933905780735e-07,0.9998084196601588,1.0359639416949595e-05,0.00016052661255806146
7,mlp,5178,2,2,0.004272373663847947,0.00016236104644237433,0.9952822389495288,8.853251912335087e-10,0.0002700497352680301,1.1949828710595723e-05,1.0258908770553248e-06
7,mlp,12011,3,3,1.2282645253346165e-06,1.4802416433917474e-06,9.248110768204025e-07,0.9725859052167324,0.00033339693320963594,0.0008222838657258101,0.026254780667086506
7,mlp,8871,6,6,0.0007791714675469239,8.01107591165928e-06,0.00012716765995993156,0.0018261207280337516,0.0004193242274601488,0.00040635746070206237,0.9964338473803855
7,mlp,13457,3,6,8.621817952334822e-05,2.1427069975796035e-05,0.00011421578194832285,0.21074736674919992,0.001139346793691235,0.004097165720329123,0.7837942597053323
7,mlp,3219,0,0,0.9998539480462919,0.00014008219742960368,3.6300700103661677e-06,1.929718767508412e-12,3.003780295579318e-07,2.0392218292770354e-06,8.447952941775117e-11
7,mlp,1937,5,5,4.7995558092138174e-05,8.90315356647356e-06,1.4291670532784026e-05,2.346617189175604e-05,2.2161121329250015e-05,0.9998106689213366,7.251340325091804e-05
7,mlp,5707,4,4,3.639991960093052e-09,1.682443794461507e-09,1.5796352934997432e-08,5.803696046133904e-06,0.9999885350876139,2.825307698593379e-07,5.35756678135905e-06
7,mlp,6504,4,4,5.104298710941047e-07,1.279892037445231e-08,1.317961201737175e-06,1.4566887689535655e-07,0.9999560450356579,1.385561902830893e-06,4.058254356907141e-05
7,mlp,10268,3,3,1.2253427722679148e-09,1.5753441529983374e-08,5.85646049665294e-09,0.9997517501188478,1.2031499816296765e-05,9.161138660741226e-05,0.00014458415948357948
7,mlp,7913,6,6,0.0007844461814819158,9.482138005306757e-05,0.000500918115936632,0.13829323255506581,0.0018725763442468135,0.25700168247136407,0.6014523229518517
7,mlp,3598,1,1,1.2439332307280725e-05,0.9999873138111559,2.463816950484325e-07,6.641224943383264e-21,1.3240095737089453e-10,3.424407407073651e-10,6.665031428145252e-23
7,mlp,3520,1,1,9.087259770625644e-06,0.9999902385864435,6.720989570269106e-07,1.4795790059680112e-19,2.92187061206227e-10,1.7626420344645444e-09,2.2767581476387175e-21
7,mlp,8154,6,6,0.0001365861815887038,7.791205324651912e-06,6.115797858745004e-05,0.015056179139842083,0.0008770594007591313,0.0005176642033655605,0.9833435618905325
7,mlp,3229,0,0,0.9952907861887197,0.0005097809501839435,0.004168503566391082,7.145791234036312e-11,1.0405165382340477e-05,2.05123261436761e-05,1.1731721357857337e-08
7,mlp,11069,3,3,5.2838560210851084e-08,2.9822181855004934e-07,1.7245700096955888e-07,0.9969057410245633,5.4643763274507616e-05,0.001956695540972952,0.0010823961538095023
7,mlp,11424,3,3,2.128853473684961e-08,9.234463834793754e-08,4.6808066058952506e-08,0.9988508665168725,5.7189518022862843e-05,0.00011635182708636927,0.0009754316967789412
7,mlp,13385,3,6,0.00013952567733671841,1.8252751014638385e-05,5.1198018387478775e-05,0.0345231114798782,0.0014524865026216394,0.0005689268509418572,0.9632464987198196
7,mlp,10629,3,3,3.83224910379801e-10,3.6124581624487774e-09,6.595492868940907e-10,0.9998755342113015,3.542332867544161e-05,5.410574151325749e-06,8.362723063921009e-05
7,mlp,10938,3,3,3.7071109282934414e-09,3.1259428322776396e-08,9.458383326250364e-09,0.9992680866145056,0.00013765539087396046,9.316847306084187e-06,0.0005848967223917034
7,mlp,10353,3,3,1.2440315926565497e-10,2.321200726292152e-09,4.2794842606143885e-10,0.9999095098363769,3.2555204532998125e-05,2.1665782829585634e-06,5.576550725468832e-05
7,mlp,10591,3,3,2.216931608084369e-09,2.1214652707600194e-08,6.215519457541809e-09,0.9994956428446762,6.709047212051343e-05,1.3916295684498465e-05,0.0004233207404149938
7,mlp,4664,2,2,0.0014204130522863017,2.7484036905698827e-05,0.9901987148229391,2.277949786519433e-09,0.008318202601231752,2.4666782062853697e-05,1.0516426624453002e-05
7,mlp,9947,6,6,0.05523269811501425,0.00010050784698509726,0.03644507551282035,0.00038635692725233896,0.040607918051719004,0.006724543384414288,0.8605029001617945
7,mlp,9837,6,6,0.0058434604359626505,2.8136300804354755e-05,0.0060718680457115945,0.00016493125360013178,0.004953098944837152,0.000583344976727829,0.9823551600423562
7,mlp,1342,5,5,0.005281081603037654,0.00032333120320948553,0.0007790317934017049,0.07643047779353902,0.0031414772747197913,0.6192464193033125,0.29479818102877986
7,mlp,9602,6,6,0.02839269698507671,7.612247701164705e-05,0.0036707834767932173,0.0024833790748401184,0.0014756014266403164,0.08589024773072527,0.8780111688289128
7,mlp,9766,6,6,0.003622326847358182,1.971306423068972e-05,0.0032105543953493635,0.000296883159332735,0.0002654827983700577,0.0009993028416382115,0.9915857368937208
7,mlp,6171,4,4,4.069633264369376e-06,2.899394544966032e-07,0.0002278081571902241,9.738555684416892e-07,0.9984450127597094,5.402871049838539e-06,0.0013164427837630845
7,mlp,4814,2,2,0.0018518675032604096,6.764679021100658e-05,0.9975273249331976,3.1872228781435144e-09,0.0005325765335319677,1.5437738595361824e-05,5.143313980852827e-06
7,mlp,1965,5,5,0.0006918189739513447,5.797615551137988e-05,0.00034412651699685054,0.0001643037594773802,0.00012791435547508147,0.9963375981772818,0.002276262061306055
7,mlp,12490,3,3,1.3747334957530002e-06,1.5987142099951136e-06,1.884955287141782e-06,0.976930464014746,0.00024020636461249124,0.002281609665194471,0.020542861552453967
7,mlp,1587,5,5,0.00025030902855160926,3.756356736073444e-05,0.00018302315346211927,0.002674271526212252,0.000171597745490048,0.9814390767976983,0.015244158181225
7,mlp,4445,2,2,0.0004836988568481829,3.217079767221054e-05,0.9830399072204308,8.52208658656484e-09,0.01636338719132922,4.790694840577259e-05,3.292046322712837e-05
7,mlp,10447,3,3,7.576315118952763e-10,1.0197068037327222e-08,2.6474452082491316e-09,0.9998243255472874,2.69656527934982e-05,9.271689922400519e-06,0.00013942350785184932
7,mlp,7683,6,3,1.5338916974721572e-05,8.056025941634478e-06,1.6449254766553378e-05,0.691067665716236,0.0046844645672451425,0.0008635664765335033,0.3033444590423024
7,mlp,11900,3,3,1.411958364227436e-07,3.4253632593529056e-07,2.793141382332768e-07,0.9884666890750289,0.0003967985345971523,0.00011687959552068706,0.011018869748552566
7,mlp,8868,6,6,0.0008462889752153395,2.6960094016496177e-05,0.0006891620750017615,0.007897108352999003,0.0002788904491804877,0.006074060563123371,0.9841875294904634
7,mlp,12995,3,5,0.00013471399279594922,4.930496092514722e-05,0.00012627527583860176,0.35618892085092085,0.001215340118276178,0.4902223657514348,0.15206307904980854
7,mlp,3866,1,1,3.9306579009148957e-10,0.9999999995006519,1.0624126601017837e-10,6.708564231254889e-30,3.991801617656727e-14,1.2075041597857724e-15,9.235302103598625e-34
7,mlp,11639,3,3,3.4015508516938325e-08,1.5641388828956356e-07,1.0010767922162555e-07,0.9979812382684351,8.878116321603628e-05,0.00011123065636020468,0.0018184593749126206
7,mlp,8989,6,6,0.0003678178821107704,2.6675502004872836e-05,0.0010520528695982924,0.0030809175480432755,0.11955620320514539,0.0002148905947847593,0.8757014423983126
7,mlp,13433,3,6,0.00092907008950215,5.9418914552842134e-05,0.00022514385937960404,0.14554422241466788,0.002228958936977924,0.039512688184754355,0.8115004976001652
7,mlp,8648,6,6,0.0008351809510551474,1.339385028412355e-05,0.00012324206696087014,0.016414950449245784,0.0014311679268736962,0.004443528950401194,0.9767385358051791
7,mlp,7134,4,4,1.2836514145194476e-05,6.403264340910031e-07,0.0021841324044822455,2.4533716250526826e-07,0.9976618214493554,1.9979693855312544e-05,0.0001203442745653058
7,mlp,11473,3,3,2.8919876685859413e-08,1.4912030680356555e-07,1.4488212182735082e-07,0.9968070264468641,7.509240323708271e-05,0.0009669270706866497,0.002150631156907107
7,mlp,10887,3,3,2.879087113161982e-09,2.529483335906674e-08,7.386954705920057e-09,0.9990077546574805,0.00021832066946940844,7.917924681860853e-06,0.000765971187493215
7,mlp,10393,3,3,2.5274954136353615e-10,3.6632523207522556e-09,4.8938655789913e-10,0.9995954090991346,0.0002490124140291773,1.330896026866728e-06,0.00015424318542122046
7,mlp,3999,2,0,0.9063062555862811,9.33209542407547e-05,0.06839789937029069,7.193230446940317e-07,0.019552010471021026,0.003038076384288873,0.0026117179108328817
7,mlp,10936,3,3,5.080759244686385e-09,2.6150385605540462e-08,3.734494174805059e-09,0.9979142621472131,0.0004966331253567642,3.13183212265234e-06,0.001585937929668374
7,mlp,3044,0,0,0.9999342043602224,4.2140045650428804e-05,3.774576002556094e-06,5.244044520975499e-11,2.713466679149682e-07,1.960705771832493e-05,2.5612982500595898e-09
7,mlp,10458,3,3,2.2480543814099227e-09,1.6197878129002414e-08,2.4533186755610505e-09,0.9994219867819925,8.064216471050384e-05,2.3247630009556905e-06,0.0004950253910446443
7,mlp,10433,3,3,1.1991225325280044e-09,1.5465292973276624e-08,5.643943424729829e-09,0.9997664291917331,1.2906636621417986e-05,9.992191836193922e-05,0.00012071994492444795
7,mlp,1407,5,5,3.9861004696306615e-06,3.622506110386505e-06,1.4106381871839463e-05,0.0009620850135639449,2.2132610779608135e-05,0.9986611380806842,0.0003329293065202697
7,mlp,12143,3,3,2.296754789184457e-06,3.351138873407601e-06,5.478004856076202e-06,0.9513515540896049,0.00031146872277077137,0.01805513151150701,0.030270719777598584
7,mlp,11835,3,3,6.355586965715732e-07,9.543504893203728e-07,7.054673991281598e-07,0.9775996885103538,0.00033338721698687886,0.0003033406987467772,0.021761288197327564
7,mlp,10836,3,3,1.0284800172157539e-08,5.930488970197864e-08,1.3429911028458611e-08,0.9990758654232443,9.134336724631541e-05,2.4320985002758084e-05,0.0008083872049057843
7,mlp,7557,6,6,6.130791492116227e-05,1.077164388461277e-05,7.555182387735479e-06,0.44599074205880684,0.013207462064055321,0.0009557348263756897,0.5397664263095686
7,mlp,1920,5,5,0.00031767112792136003,1.5906175469766724e-05,0.00040328348369410527,0.00047927415770221567,0.0001002949366821755,0.9928908640284295,0.005792706090100874
7,mlp,9666,6,6,0.005184931367715351,9.23482989482392e-05,0.005028877698202979,0.0039744588791680935,0.002778395452128329,0.03208467720901553,0.9508563110948215
7,mlp,12798,3,3,2.480525088848759e-05,9.523197985481339e-06,9.732975327726591e-06,0.7882542164189277,0.002062941553090377,0.0015264103354332063,0.20811237026834706
7,mlp,302,5,5,3.335931881781522e-08,1.671104839559704e-07,2.1277157662058847e-07,0.0002535224318833944,1.3927022409362966e-06,0.9997419559366786,2.7156878176736295e-06
7,mlp,7011,4,4,0.011955916499387821,3.978054851982224e-05,0.2099654413761847,5.171541209674801e-07,0.7746310525625251,0.0008152369217265998,0.0025920549375350508
7,mlp,8824,6,6,0.0004703617012160312,8.127495201430872e-05,0.0005267276776200093,0.016355417298925003,0.005638159361847685,0.0006922752624497442,0.9762357837459272
7,mlp,4802,2,2,0.011116961470644835,0.00017730315820477772,0.9871065011378316,1.6578750565856816e-08,0.0013383694497064536,0.00025035628673038127,1.0491918131417807e-05
7,mlp,11733,3,3,8.74150161493485e-08,3.0221471139279516e-07,1.630924502609417e-07,0.9937474451277521,0.00024335278166547693,9.811437797614863e-05,0.005910534990428189
7,mlp,10150,3,3,7.617287619776757e-10,9.501330388921738e-10,1.693390652174251e-11,0.9974893788513012,0.0021336933466947383,4.205385756586024e-07,0.0003765055346326217
7,mlp,7442,6,3,1.8916968643060252e-05,1.0205518536083436e-05,2.0532041700462808e-05,0.8119623572533995,0.0007522377193080992,0.009384325538193529,0.17785142496021936
7,mlp,11466,3,3,9.225642278525564e-08,2.646489035654339e-07,1.302242698170763e-07,0.9917609818780689,0.0003870228364940576,6.29305628440438e-05,0.007788577592996881
7,mlp,8512,6,6,0.0004623369813073347,2.7353153552229065e-05,0.0004565320647878323,0.025092787606783656,0.0006938255436720543,0.003451019904415393,0.9698161447454814
7,mlp,9845,6,6,0.010373187421657767,3.2315442754017393e-05,0.004949080953572363,0.00034223312488336906,0.00038806280140165185,0.00403557525671058,0.9798795449990202
7,mlp,7843,6,6,8.659295699744444e-05,1.680795118801275e-05,5.594284674159143e-05,0.19774825619753844,0.0022705978850355146,0.0022458909841192847,0.7975759111783798
7,mlp,5868,4,4,0.000188647499670585,8.522136227157825e-06,0.0004626105611151254,0.00010613053278662607,0.8982186777338758,0.0001223338812316559,0.1008930776550932
7,mlp,9677,6,6,0.0028314334404665477,1.6263849580534155e-05,0.0010422990488085525,0.001011423324885466,0.00671889808777772,0.0011834483456243917,0.9871962339028568
7,mlp,12552,3,3,1.2395095139543862e-06,1.4188815011626098e-06,2.1547357436434723e-06,0.9505788023788821,0.0006711150887861964,0.0010413015338786847,0.04770396787169413
7,mlp,10115,3,3,7.419350682805115e-11,1.5713039807661544e-09,1.996847805748088e-10,0.9999296144873132,2.9225050857250816e-05,1.280759915229342e-06,3.987785673215429e-05
7,mlp,12500,3,3,2.8859330514077637e-06,2.6936642875159492e-06,2.0553925304114357e-06,0.903061024279204,0.0017692613550376682,0.0005514927489922396,0.0946105866268968
7,mlp,2490,0,0,0.9996464571259858,8.645552533035522e-05,0.00013542030436503787,1.1171046916127838e-08,5.828191259421186e-06,0.00012427554349173848,1.552138520643349e-06
7,mlp,7814,6,5,0.000277283111162494,6.031550461225967e-05,0.0002210703627707372,0.028798041681413585,0.000494770037566967,0.9247292820581284,0.04541923724434555
7,mlp,1077,5,5,1.7382155483071545e-06,1.0677518655313024e-06,6.056044805067777e-07,7.610924374536742e-05,5.776855823282201e-06,0.9998987600363864,1.5942292150449317e-05
7,mlp,4596,2,2,0.015710008498467952,3.6911081282823374e-05,0.9800276897502703,1.7199217529424997e-08,0.00399244555093529,0.00013858457507427222,9.434334475156741e-05
7,mlp,7603,6,6,5.621294201615967e-05,1.3792913101772896e-05,3.8948048180217954e-05,0.32065027132077173,0.0011205205698640794,0.004732912812433038,0.6733873413936329
7,mlp,8969,6,6,0.0003922105922849672,4.1867687424060184e-05,0.0007328666658105758,0.006746646079117333,0.002623999833172238,0.0004204399433946858,0.9890419691987961
7,mlp,2315,0,0,0.7869208978552005,0.0027154742907803384,0.19254808442680207,1.0781553295003825e-05,0.0004000781236180709,0.009023989125516075,0.008380694624787785
7,mlp,164,5,5,1.3314047039370313e-07,1.1067574446893016e-06,1.3699282399627472e-06,0.006405427629597518,1.1402169166085296e-05,0.9935471282016077,3.343217347365275e-05
7,mlp,4878,2,2,0.00034195920581757275,1.6147575729243962e-05,0.9983281905116437,1.7669217328643664e-09,0.0013009002903057823,7.38362765288183e-06,5.4170219291950024e-06
7,mlp,10380,3,3,7.033625283976839e-10,4.430239905492809e-09,2.83982696184802e-10,0.9994366490021742,0.00026975563926579947,8.143598308735447e-07,0.0002927755811439293
7,mlp,3659,1,1,1.019061023222913e-06,0.9999975844904909,1.3961471718075478e-06,7.644639177209587e-22,2.59098702178318e-10,4.221521757668271e-11,1.0455938666305363e-23
7,mlp,1533,5,5,9.629241934115132e-06,1.3464020617093838e-06,1.500993534325457e-07,7.6042581815499455e-06,4.117449097846081e-06,0.9999722686120768,4.883937294515378e-06
7,mlp,12742,3,3,3.887184536695193e-05,1.1032424491549716e-05,5.6573491137668585e-06,0.7455018554254322,0.006189297578003755,0.0004858113708693939,0.2477674740067222
7,mlp,6482,4,4,1.2717023858513173e-05,1.924386448037657e-07,2.1271922380976242e-05,2.6641090824506026e-06,0.9993036717281555,1.7877173349924122e-05,0.0006416056045277612
7,mlp,778,5,5,3.6031013483240728e-06,4.74843854134677e-06,1.3777931141342439e-05,0.005496113518154132,3.664358690620557e-05,0.9938838402322699,0.0005612731916385982
7,mlp,717,5,5,1.6573855053632786e-08,5.1603419087192824e-08,2.0559453687064705e-08,7.701957273663339e-06,3.676234047397298e-07,0.9999916550484137,1.86634180022375e-07
7,mlp,10898,3,3,1.5479963544200194e-09,1.3266262537102128e-08,2.986013655134081e-09,0.9992795656113694,0.00027794864638582895,5.285889137200721e-06,0.0004371820528352467
7,mlp,715,5,5,2.7644007249364334e-07,7.807591063300808e-07,1.147244967051949e-06,0.000471447768460235,5.629256380554069e-06,0.9995027811447665,1.793738624687017e-05
7,mlp,3434,1,1,0.00018675905580556597,0.9970430432851682,0.002769845421600326,1.530466769639491e-17,3.353867479676037e-07,1.6850677919492754e-08,5.1304989930224085e-18
7,mlp,2125,0,0,0.9826485781605796,0.00011458556050075077,0.004650793193781433,8.59834258363459e-06,0.00037725277082396283,0.006068049560920853,0.0061321424108099045
7,mlp,2306,0,0,0.8250127732515434,0.00025448139933273575,0.17059734367105323,1.1262819044470703e-06,0.001665546576564183,0.001028153032697279,0.0014405757869046347
7,mlp,2405,0,0,0.9983556355220407,8.601036117103593e-05,0.0007742609352154096,8.18716630652512e-08,1.7568562010048836e-05,0.0007548625775657692,1.1580170334165475e-05
7,mlp,7703,6,3,3.1917873055491284e-05,1.4158298893790007e-05,3.498969895172394e-05,0.7034204222229171,0.0015940508836452757,0.006424876379039842,0.2884795846434968
7,mlp,8819,6,6,0.0011764942460357637,0.00012569754187520147,0.001841033997757137,0.05187890044147866,0.0013041071799328862,0.27064197880214086,0.6730317877907794
7,mlp,599,5,5,1.8555732561585494e-06,6.09554087346676e-06,1.4204624823050485e-05,0.028361872222072437,8.21256097239727e-05,0.9706529085388175,0.0008809378904334256
7,mlp,10818,3,3,7.441381585357269e-09,5.328344201007583e-08,1.942389978202606e-08,0.9993724915457802,3.25557778190541e-05,0.00011644381591492264,0.00047842871176249576
7,mlp,11635,3,3,9.384830053921344e-08,3.263376008854551e-07,2.520243793841714e-07,0.9949498658949052,0.00013364477221443287,0.0001960152567761324,0.004719801865823375
7,mlp,6378,4,4,6.811596157426965e-07,2.8606675752606983e-08,1.7384448514661154e-06,4.694845622278271e-07,0.9998291724666135,2.768870583331835e-06,0.00016514096709799252
7,mlp,10457,3,3,4.863797202336114e-10,3.734711189777558e-09,2.802025146982638e-10,0.999539656799847,0.0002327549327937327,1.0029199606869631e-06,0.00022658084610520954
7,mlp,8423,6,6,0.0005014870562806822,2.4831280636225196e-05,0.0002193523685897296,0.00877139308281802,0.0006107537708952316,0.0004450392435810658,0.989427143197199
7,mlp,6929,4,4,7.1833638565449495e-06,3.060296219050494e-07,0.0009335153333567937,6.418628080524427e-08,0.9988573792517095,5.836546596567246e-06,0.0001957152885777473
7,mlp,8566,6,6,0.01071573748593051,5.901871330728399e-05,0.0002537592635452317,0.028422107578949897,0.06210396156770245,0.0018591458755318104,0.8965862695150328
7,mlp,10906,3,3,2.6947800842595298e-09,2.0914384904410613e-08,8.047726202028764e-09,0.9989847827912877,0.00015656026913232163,1.7452579509096846e-05,0.0008411727031795998
7,mlp,3791,1,1,4.007566778714773e-08,0.9999999275596384,3.235792747262223e-08,1.6036979447566314e-24,5.917856940237416e-12,8.481240007253955e-13,3.6664379639220294e-27
7,mlp,1164,5,5,0.00011077204740500234,5.900165417153879e-05,0.00024080898640824736,0.12538575681010478,0.0007605660622117179,0.8196577626271975,0.05378533181250115
7,mlp,3479,1,1,7.540435125294124e-05,0.999873128492017,5.145447823434711e-05,1.0921343930381544e-18,9.047834608578367e-09,3.630661018613448e-09,9.645648490386287e-20
7,mlp,4198,2,2,0.30339088857401675,0.00017318961304385415,0.6915520313398551,1.8867276804412294e-07,0.0035240836245347576,0.0007526154274657317,0.0006070027483157144
7,mlp,3936,2,4,0.00047735251713299756,5.511005201064362e-06,0.09505854909632741,2.537741280867474e-07,0.9028762191084291,9.762826429424897e-05,0.0014844862344873342
7,mlp,4165,2,2,0.03346332704238014,0.00012170552707606988,0.956748077162193,4.025867901112683e-08,0.009325769200184797,0.000213232490746612,0.00012784831874032516
7,mlp,5322,2,2,0.11437290744130174,0.005032325953040921,0.8803387899281365,1.3858139221794339e-09,0.00018582725660482423,6.977779505262171e-05,3.702400495322511e-07
7,mlp,2412,0,0,0.9993557457976405,4.0962263986317356e-05,0.00019839164561462883,2.1400606153136338e-08,1.3625132661242337e-05,0.0003852349975199773,6.018761971256126e-06
7,mlp,9955,6,6,0.15096045487361184,9.729816017337673e-05,0.027191404057905596,0.00018595667034273613,0.0028250601515602196,0.009981188236040389,0.808758637850366
7,mlp,519,5,5,2.545840676424254e-07,5.436296414860464e-07,6.128382938585128e-07,0.0003433799213217908,4.0054287998176195e-06,0.9996396188130274,1.1584784847994075e-05
7,mlp,8591,6,6,0.00035221295841599215,1.6016733631159644e-05,9.266934652327107e-05,0.06459908042174228,0.004585397777137188,0.007042333905706963,0.9233122888568431
7,mlp,3365,1,1,0.0036120135998914294,0.9962939849434517,9.28350523416414e-05,1.4048644899310237e-15,6.985855861116094e-08,1.0965457549771128e-06,3.0514180602179544e-16
7,mlp,8832,6,6,0.0023061589239481224,3.0431142581853324e-05,0.0005587369101942589,0.014553347370072215,0.0007613026584621053,0.018643667996732404,0.963146354998009
7,mlp,5161,2,2,7.232828018604429e-05,9.570135743626456e-06,0.9946142373694948,3.41369722600488e-10,0.005300002222966218,3.450243233590673e-06,4.1140700633582495e-07
7,mlp,9024,6,6,0.001819914815003968,5.91850431157373e-05,0.0018808594112486607,0.007066999011718567,0.00039611754962977434,0.038312701228138374,0.9504642229411449
7,mlp,13328,3,6,2.358079733182385e-05,1.026404329073121e-05,1.2900103762294526e-05,0.1681418738008005,0.015700494682414606,0.00010169731617164038,0.8160091892562283
7,mlp,10021,3,3,6.2011880931031945e-12,3.2644330945337467e-10,6.533638033772513e-11,0.9999915354481149,2.1158840077811944e-06,1.7567753040008515e-06,4.591494592426654e-06
7,mlp,3547,1,1,2.6111261581699397e-05,0.9971420845400334,0.0028317359821831024,5.25358353310078e-20,6.810239490703173e-08,1.1380666327328505e-10,7.944908110983362e-20
7,mlp,12447,3,3,5.029027803631334e-07,3.8572069428901724e-07,1.4077828372566174e-07,0.9724283121675094,0.005080143492498626,7.942156090866825e-05,0.02241109337732489
7,mlp,1532,5,5,2.862708147999777e-05,9.502700777965974e-06,4.634627503579592e-05,0.0013618948754908148,5.027364181781713e-05,0.9967861118568855,0.001717243568511951
7,mlp,9697,6,6,0.0017157213260360175,1.667388514035231e-05,0.0014444850184444713,0.0004349658883702315,0.009962895153310692,0.0005273657070605712,0.9858978930216378
7,mlp,8865,6,6,0.0013589475265222166,8.770285667990374e-05,0.0018338823314514997,0.02109537127490423,0.0006684320610424914,0.09747417887764162,0.877481485071758
7,mlp,5018,2,2,0.0026683574201042492,5.317727201620696e-05,0.987830158156839,8.651909271458387e-10,0.009421840520055569,2.290227662489932e-05,3.563489169007485e-06
7,mlp,7625,6,6,7.696712292482164e-05,2.306217381782179e-05,2.3749734741420577e-05,0.18715405382644318,0.007552832965144314,0.00020283549405738775,0.8049664986828711
7,mlp,6336,4,4,2.218765871620575e-05,1.1697261596638002e-06,0.0004141334685543537,3.0315664798968486e-06,0.993609953461901,2.0852187807657172e-05,0.005928671930381171
7,mlp,13093,3,3,3.100210032561683e-05,1.3019415889384255e-05,2.7199569878945203e-05,0.8443610940002644,0.0008613177395416155,0.01763243221497092,0.13707393495912903
7,mlp,12984,3,6,0.0001592845217598045,3.981620156535621e-05,4.306373293843122e-05,0.4417183000380307,0.0024406152873298406,0.009882594423188147,0.5457163257951877
7,mlp,5737,4,4,5.349325077557268e-08,9.507356772107116e-09,7.415684798354033e-08,6.243931053656821e-06,0.9999573843616382,9.567369158463581e-07,3.527781293677522e-05
7,mlp,1395,5,5,4.019103534413067e-06,2.137489620559563e-06,2.4745095332477617e-06,0.00010933887606212327,9.590555227199245e-06,0.9997984612845502,7.397818147208922e-05
7,mlp,7809,6,6,0.0001936995598355731,2.5315385256038897e-05,8.933854633625342e-05,0.21460719235875364,0.0015755651879282404,0.008331623275016927,0.7751772656868734
7,mlp,7318,4,2,0.000788025600589343,2.6007046884984166e-05,0.8112967243754048,1.5556692049373625e-07,0.18733954249230633,0.00013181155153265648,0.00041773336636120157
7,mlp,12563,3,3,1.6289171105142888e-06,1.8888823246096387e-06,2.2061537890543674e-06,0.979714907965661,0.0002985048320935923,0.00607350286339886,0.013907360385622462
7,mlp,6706,4,4,0.00023535104033510515,8.113119156459278e-06,0.05876838747993542,2.0048958151410003e-06,0.9011546041186586,0.00022668831364381533,0.03960485103245555
7,mlp,488,5,5,6.489100140316466e-06,1.7602353016233818e-05,4.1200318944808456e-05,0.4042249285920268,0.0005012179033996917,0.5851598252888552,0.010048736443616972
7,mlp,11897,3,3,3.94263960472628e-07,4.5025726669578075e-07,1.8988681050189154e-07,0.9905044866852767,0.0002933094467569459,0.0001881016779425655,0.00901306778198617
7,mlp,7589,6,6,1.3808716272920708e-05,5.928792910395986e-06,4.310014034302338e-06,0.48387440496304635,0.012781458812236987,0.00020475513548608417,0.5031153335660129
7,mlp,6089,4,4,1.2634563092385803e-07,1.9488868841051205e-08,5.777161884266842e-06,5.373692631551927e-07,0.9999694174411883,1.100036154962043e-06,2.3022157009566844e-05
7,mlp,13448,3,6,8.874207563732567e-05,2.7854646884573287e-05,0.00010873566927359509,0.32237411491546225,0.0015891566315016372,0.0027760122943512474,0.6730353837668893
7,mlp,9499,6,6,0.011864610323671754,2.289521189825851e-05,0.0011700548021579581,0.0010311842007939363,0.0005918529079510035,0.003266869950798261,0.982052532602729
7,mlp,5496,2,2,0.11434899388750258,0.047702872612274946,0.8375750833291473,6.836247899790041e-12,0.0003083209719097295,6.47286571953443e-05,5.351338756611793e-10
7,mlp,9944,6,4,0.003583261066143858,1.1099367141514139e-05,0.001524433497990031,0.00017117965756729384,0.8357927636756107,0.0014836359303447488,0.1574336268052019
7,mlp,7668,6,3,1.381667435796243e-05,7.361377642360919e-06,9.864176268770406e-06,0.6067299082555855,0.012605254250600648,0.000616405864271113,0.3800173894012735
7,mlp,6374,4,4,4.869484400065281e-06,2.6087484426804726e-07,8.520494787827879e-05,6.410891238112478e-06,0.999579561011274,1.7901347310678596e-05,0.0003057914430545735
7,mlp,10389,3,3,3.212810924633817e-07,1.3382933786434877e-07,2.1816998600334853e-09,0.9942445344140456,0.0021961842782282854,3.786169039260702e-05,0.0035209623252033164
7,mlp,513,5,5,4.1541077320934846e-07,1.591510615060009e-06,3.381403436716468e-06,0.003028251215129824,1.3581739440900474e-05,0.996890264196264,6.251452434017653e-05
7,mlp,9052,6,6,0.00568883464841904,0.00013902251024012908,0.004506391151789941,0.009293036207786359,0.0008439352644491799,0.3269385624018312,0.6525902178154841
7,mlp,6970,4,4,3.354446902796964e-05,3.082232939923259e-07,0.00029894657916084577,5.713618075926974e-07,0.9994825491231537,2.9541275142987126e-05,0.00015453896841295146
7,mlp,3046,0,0,0.9999455651254179,4.437627807955358e-06,4.019035839106103e-05,1.4519028052234724e-11,2.350098978599577e-06,7.4403695192188776e-06,1.6405366337562675e-08
7,mlp,8022,6,6,6.350814899021586e-05,1.3893766553771995e-05,5.587363983349356e-05,0.1598843214154876,0.002928041762693508,0.0007809179184972821,0.8362734433479441
7,mlp,6652,4,4,5.843616842398352e-06,7.330101237307757e-08,8.938999878114856e-06,3.1170235031558443e-07,0.9996041948750735,6.1823471219598554e-06,0.0003744551577214252
7,mlp,11113,3,3,1.0757062229243849e-08,1.1550622498131698e-07,7.29048236487506e-08,0.9989096618443154,4.074649775141838e-05,0.0002656381812648223,0.0007837543085574317
7,mlp,7773,6,6,0.00042724110539544755,7.344359001479713e-05,7.68186161051483e-05,0.13062723907054935,0.0029656082332619703,0.0007701660230631015,0.8650594833616102
7,mlp,1680,5,5,7.541050705479016e-05,2.386045901788215e-05,0.0002771500435470085,0.00610173386621885,0.00016716962789790804,0.9836096722009159,0.009745003295347759
7,mlp,12326,3,3,2.832308971060775e-07,5.527331370409966e-07,5.795026799527972e-07,0.9882906895120811,0.0003837188561983246,0.00035586795699980243,0.010968308208006967
7,mlp,10505,3,3,2.233206787297525e-10,4.070978286325286e-09,9.713386243995813e-10,0.9997595814074616,0.0001021075822050283,2.4439202002204446e-06,0.00013586182449541127
7,mlp,9031,6,6,0.0005581856611682214,7.212706328115407e-06,0.0002501607123714865,0.0012183533979170382,0.0004749253366704441,0.00024706977439698587,0.9972440924111476
7,mlp,572,5,5,2.1085496240890567e-07,5.929424818286017e-07,1.0019272451428624e-06,0.0005975472917266296,4.857787864364833e-06,0.9993786664351222,1.712276059722048e-05
7,mlp,7889,6,6,4.8004858183287606e-05,1.2778238988507685e-05,4.733374547976187e-05,0.29800025314018713,0.0036207564239895346,0.0013248441486076537,0.6969460294445641
7,mlp,5414,2,2,0.02314571211813433,0.008878316264443084,0.9676294959367508,1.2980463492653843e-10,0.00033271865130605517,1.3712624356222419e-05,4.427520477766396e-08
7,mlp,5706,4,4,9.264319645455036e-09,1.0241343047503044e-08,8.456491099407814e-08,1.2587287863335806e-06,0.9999014186570804,1.6820090835381426e-07,9.705034265117528e-05
7,mlp,2690,0,0,0.9986746821342662,0.0007495085493949097,2.6765327868113073e-05,1.0451417077860016e-08,8.113971152578616e-06,0.0005405942029406219,3.2536296044415865e-07
7,mlp,11213,3,3,2.2654847428649292e-08,1.447750792521412e-07,1.2427246297774053e-07,0.9971415361070657,6.007559699209569e-05,0.001293150779350951,0.0015049458142015243
7,mlp,2725,0,0,0.9994074916421798,8.22610643941127e-06,0.0004444604499787903,7.455348613490658e-10,5.188529054071821e-05,8.627307464035319e-05,1.6626906861310634e-06
7,mlp,5096,2,2,0.0009980315829027473,0.00011573399703700306,0.9981911771042392,2.18278577791819e-09,0.0006538213185013409,4.026583632187e-05,9.679782121268712e-07
7,mlp,8745,6,6,0.00036430851447258555,8.271105254403332e-06,0.00019761526224880912,0.0037854842581891857,0.0002770787076439669,0.0007537389089390825,0.9946135032432519
7,mlp,6439,4,4,3.305882039294624e-06,2.0527500486078136e-07,0.00010175285754489387,3.923419729163542e-06,0.9996487830376352,1.3496176059773496e-05,0.00022853335198695792
7,mlp,12465,3,3,1.1049814401336618e-06,1.3837373319079098e-06,1.3550556008009385e-06,0.9565603907853035,0.0011931013861415996,0.00038665739257880767,0.04185600666160321
7,mlp,12398,3,3,2.3750564959213675e-06,1.635469370871543e-06,1.446952547767983e-06,0.9727307591743836,0.00036669646756473537,0.0024624184602823405,0.024434668419354714
7,mlp,11472,3,3,9.285964468190717e-08,2.683556825448239e-07,1.9353493583324986e-07,0.9932357433292051,0.00015387165606131482,0.00032275131050078836,0.006287078953969372
7,mlp,13276,3,6,2.334456313852186e-05,1.1332429317295706e-05,1.581955872153587e-05,0.3555319149983818,0.0093073361727393,0.0004370571265985053,0.6346731951511031
7,mlp,7311,4,4,0.0013994112887773659,3.384532513256464e-06,0.012112627895635173,5.409500163434678e-09,0.9864135972285607,6.664720250146059e-05,4.326442511969339e-06
7,mlp,3630,1,1,4.2451197892163025e-06,0.999995384805513,3.6970297050370377e-07,3.3072758395370673e-21,1.0645806237192376e-10,2.6526908710540256e-10,3.87997623309284e-23
7,mlp,13372,3,6,2.903668624705975e-05,9.843657479790269e-06,1.0875418194162149e-05,0.2691170373554824,0.02591489201667907,0.00016016172638658904,0.7047581531395309
7,mlp,5173,2,2,0.006089561751776884,0.00014914139642237026,0.9933364711536908,7.122523839308053e-10,0.0004123398038655476,1.1452777642831156e-05,1.032404349230365e-06
7,mlp,9418,6,6,0.015154599822565633,5.330795976158623e-05,0.002080059062473876,0.0005863005891290089,0.0007448554245462948,0.0017472137058774121,0.9796336634356462
7,mlp,4489,2,2,0.0007069294922954991,2.5691031355199428e-05,0.9983547055783573,1.3257941197032886e-08,0.0008473011314891443,1.6907936627851984e-05,4.845157193407429e-05
7,mlp,1848,5,5,0.00015605161954132402,1.1251179585901003e-05,1.3919797889692332e-05,5.428576519454454e-05,4.241586628539093e-05,0.9994813148331012,0.0002407609384020008
7,mlp,5002,2,2,0.017879764246348722,0.000636238190511359,0.9772211509208776,6.676343694970339e-10,0.004210587500429321,5.1133187023539017e-05,1.1252871751887376e-06
7,mlp,11378,3,3,1.8196604723209066e-08,8.747257658774784e-08,4.397254401593171e-08,0.9986563792281579,9.280956110818774e-05,7.556536184868768e-05,0.0011750962071599435
7,mlp,11375,3,3,1.7729761012319698e-08,7.847369267306256e-08,3.083095035769296e-08,0.9968450540060557,0.00047458973786765985,2.7577808339608696e-05,0.002652651413332905
7,mlp,10969,3,3,3.393571911230655e-08,1.5131118009466026e-07,5.69399475273113e-08,0.998234818198346,8.038771364867674e-05,0.00011979675368568659,0.0015647551474727724
7,mlp,12877,3,6,0.00010557650233769976,3.504548271370878e-05,1.4249721517895494e-05,0.3965808481050664,0.006806504309993547,0.00037146005024678655,0.596086315828124
7,mlp,3870,1,1,8.147862941327418e-11,0.9999999999176699,8.515720749046359e-13,2.4594069968128873e-33,9.293564711047313e-17,1.7868190663779563e-18,2.5762891697731324e-37
7,mlp,12316,3,3,9.352113345120751e-07,4.5313123491914823e-07,1.15794873936146e-07,0.958370093967246,0.004683092715821406,7.304249390061944e-05,0.03687226668558861
7,mlp,3518,1,1,8.316073102099492e-06,0.9998442200397958,0.00014744532153330227,3.979745996220191e-19,1.699863505534485e-08,1.56693383371882e-09,2.4543488791625748e-20
7,mlp,8480,6,6,0.00010572070860642424,1.3882061449083667e-05,7.366526809908798e-05,0.132682640551763,0.013631010179192838,0.001686186112031933,0.8518068951188578
7,mlp,10879,3,3,1.1703422673960872e-08,5.9112248014561634e-08,1.347395820941498e-08,0.9981768372738932,0.00029671120883105045,2.237220630339928e-05,0.0015039950213433986
7,mlp,11188,3,3,1.0651073512696863e-08,7.020385905214089e-08,3.50699777141903e-08,0.9990038739697474,6.155738946796349e-05,8.525736889356968e-05,0.0008491953469808418
7,mlp,6751,4,4,0.15198623184868298,6.387977482615122e-07,3.931109815164809e-06,1.3892319273924884e-07,0.8467369289557387,0.0012120547071371645,6.007565768516783e-05
7,mlp,9215,6,6,0.0002188439541164486,1.6896974668590837e-05,0.001238004638475599,0.0008408762373383529,0.2292205943094293,0.00013373044081253712,0.7683310534451593
7,mlp,2589,0,0,0.9999216313427924,2.649201678441782e-05,4.236583352708261e-06,6.505992389044661e-10,1.0093775355949207e-06,4.6585320039435026e-05,4.470889608095073e-08
7,mlp,5151,2,0,0.6706151652049192,0.016657807410024778,0.3120989222384567,1.3677052620898744e-08,0.00014892863448393048,0.00047649104326005385,2.6717918028842936e-06
7,mlp,2273,0,0,0.9897287316151995,2.9010362079545222e-05,0.005815121831969236,4.616587563590155e-07,0.0018546955410310645,0.0015874367819700475,0.000984542208994366
7,mlp,4013,2,2,0.023564807482145338,9.149811904656191e-05,0.9513254374208722,1.965350620554061e-06,0.020172913567254515,0.0007988931363498486,0.004044484923711009
7,mlp,11844,3,3,1.5531458989719477e-07,6.356164488326807e-07,5.322586107880004e-07,0.9921997347925843,9.641107987173387e-05,0.005012585526314324,0.0026899454115802165
7,mlp,10029,3,3,8.81816502293604e-12,3.7464908945124494e-10,6.982162058202921e-11,0.9999805324323828,6.3752822163754106e-06,1.1092385501697325e-06,1.1982593561922562e-05
7,mlp,3889,2,0,0.7333361351239401,0.00014863469218612688,0.0328351509310458,6.742648447010272e-05,0.01074279873772323,0.008301039832361159,0.2145688141982734
7,mlp,6983,4,4,0.00021215671905081872,9.666581540139115e-09,8.098044810269173e-07,6.379483378283228e-10,0.9997738577446921,1.234917055495501e-05,8.162566912849998e-07
7,mlp,7679,6,3,3.6677901145886097e-05,2.3393696468651805e-05,7.928718302233272e-05,0.7359564450712851,0.001241856090665052,0.01126380599294205,0.25139853406447077
7,mlp,9675,6,6,0.004371098020121205,3.6662342867721596e-05,0.0036083323877532875,0.0006705643771552693,0.0001696558930173185,0.005470937095863002,0.9856727498832222
7,mlp,7555,6,6,0.0003133261615728096,5.7124834046210443e-05,1.7861030789083005e-05,0.4652053284305883,0.004207767751773352,0.0011014893213657326,0.5290971024698645
7,mlp,13445,3,6,0.0001700617108067118,3.150649443698152e-05,0.00010999011548623789,0.30008787853505847,0.0012130505776938904,0.009175170248332955,0.6892123423181847
7,mlp,3858,1,1,1.800938569771735e-10,0.9999999997739095,4.5970594654808876e-11,1.2934725135576976e-28,2.3997158876630086e-14,1.992358982072017e-15,1.5086485123540584e-32
7,mlp,448,5,5,1.5991799427643735e-06,2.4625100894858532e-06,2.7583265438502493e-06,0.0019308844339568766,1.4803931372711141e-05,0.9978997863556623,0.00014770526243195058
7,mlp,871,5,5,7.443321035319645e-06,6.925542854840361e-06,1.965430622369237e-05,0.0057000559219639,4.833317929534787e-05,0.9930786035962328,0.0011389841323939526
7,mlp,9818,6,6,0.003146630188521092,1.9390384265813456e-05,0.0060426846205081965,0.0004017109469408018,0.002372137867278579,0.0007612845638473436,0.9872561614286381
7,mlp,5279,2,2,0.06420320794082683,0.004451642974066123,0.9311150627796768,3.314405913823783e-09,0.0001553375412089439,7.367069676229358e-05,1.074753053285843e-06
7,mlp,5376,2,2,0.00841032014230419,0.0010112775830312996,0.9903751965844004,3.1610902111646287e-10,0.00017649075405333736,2.6630525480544668e-05,8.409462129461672e-08
7,mlp,412,5,3,2.355806910069967e-05,1.7738278617392475e-05,3.693369965194528e-05,0.7645502216118045,0.0008861391051201085,0.15218402134748568,0.08230138788821977
7,mlp,6508,4,4,4.5093634480460785e-06,2.0485569940010767e-07,3.074151174247066e-05,3.8051723381252434e-06,0.9990037296296065,2.035633495832424e-05,0.0009366531322072257
7,mlp,597,5,5,3.901671018971211e-07,5.6146071637918e-07,5.924412501104613e-07,0.0002399474785582343,4.0343847504562744e-06,0.9997419205601787,1.2553507444178818e-05
7,mlp,8365,6,6,0.000489555835202184,4.0078204891537125e-05,0.0004865398607670239,0.03548448344483712,0.0005885132779509316,0.023312706887599826,0.9395981224887514
7,mlp,5699,4,4,1.72841856025298e-08,1.8632210956556443e-08,6.216471148973385e-07,9.280512850434377e-07,0.9998010449036071,1.9234454198667614e-07,0.0001971771370543398
7,mlp,192,5,5,2.0559079155150145e-07,7.207665426152582e-07,7.206339335633932e-07,0.001317469062376087,5.241251833838621e-06,0.9986539378110861,2.1704883436106978e-05
7,mlp,9803,6,6,0.02070437020789843,8.520043954882846e-05,0.006224777004331105,0.0004898793061669256,0.0017099406465237216,0.0008931833405613468,0.9698926490549695
7,mlp,3845,1,1,1.0550695737884341e-08,0.9999999436694321,4.577419417964795e-08,4.4014808142257464e-27,5.660585924567623e-12,1.756879158308312e-14,1.1938098610677313e-29
7,mlp,6381,4,4,5.647182041557294e-05,1.2268086781042323e-06,0.00021422961741900245,6.606124251140004e-06,0.9879938171236501,4.42017910474171e-05,0.011683446714538786
7,mlp,5562,4,6,4.501005566921778e-05,1.5174376942508247e-05,2.3280978071723256e-05,0.06946913685615874,0.028115207667819917,9.341231467974447e-05,0.9022387777506581
7,mlp,1018,5,5,4.4944971867078813e-07,8.48447463710527e-07,2.3915555365346527e-07,3.768272744464901e-05,3.6175573826364433e-06,0.999950907700169,6.254962267607941e-06
7,mlp,218,5,5,4.005512075442266e-08,1.5529518256718728e-07,1.1388676231408583e-07,0.0001472414121764027,1.171672299967577e-06,0.9998496208524574,1.6568260007000787e-06
7,mlp,6891,4,4,0.0005672834890556073,1.9755046751669718e-05,0.035079547074545,3.3382159689571875e-05,0.9447751779939096,0.0006042265266645588,0.018920627709383804
7,mlp,11564,3,3,1.7268417473460842e-07,2.466675892137147e-07,6.461526217966863e-08,0.9921187741196085,0.0005866171736505393,6.786390515013469e-05,0.007226260834564869
7,mlp,594,5,5,3.867875167055874e-06,7.087524972100012e-06,2.5090295542180615e-05,0.055478462136206205,0.00014622426381150118,0.9420183876195879,0.0023208802847130483
7,mlp,12061,3,3,4.181396203356598e-07,5.67393015705754e-07,2.472464862971459e-07,0.9789642592170356,0.0016583216939042818,0.00011122569228831377,0.01926496061764928
7,mlp,12274,3,3,2.426970375267038e-07,5.549864455592792e-07,7.023768204778046e-07,0.9893954699026214,0.00026911843636316,0.0006625376585774854,0.009671373942134288
7,mlp,13196,3,3,5.5260057457556755e-05,1.929772209629147e-05,5.002808486847158e-05,0.49956004207965665,0.0014292795016283717,0.012502674176818478,0.48638341837747406
7,mlp,386,5,5,2.715290906490983e-07,5.007440230214519e-07,3.348229534729894e-07,0.00022236081829523808,3.114435865774161e-06,0.9997598190267368,1.3598623034875572e-05
7,mlp,11003,3,3,5.094917977633846e-09,2.7241941302358004e-08,6.6800519298456775e-09,0.9988068650066662,0.0003385707908100852,2.0444046352727093e-05,0.0008340811392597987
7,mlp,8580,6,6,0.000793466525702136,1.897702580103535e-05,0.000246666855133895,0.00559721702852598,0.0003722019704637427,0.0012824594533015067,0.9916890111410717
7,mlp,11584,3,3,5.470156706994753e-08,2.944030551686449e-07,2.521358405503254e-07,0.9967297283514777,7.327075999586136e-05,0.0009190505030752866,0.0022773491449881956
7,mlp,4810,2,2,0.03129387268941296,0.0010917201593306839,0.9670147797354035,5.6407940767236235e-08,0.0002563831153267683,0.0003013257745063779,4.186211807866451e-05
7,mlp,13531,3,5,0.00012051398488276641,6.573282386266745e-05,0.0003356213600992377,0.0968401979613231,0.0008245262420779414,0.8354365772246157,0.06637683040313859
7,mlp,11754,3,3,2.232520374438047e-07,5.920910913777745e-07,5.029214033614564e-07,0.9929599050869566,0.0001098825619042918,0.0011663697522049474,0.005762524334401903
7,mlp,7857,6,6,0.00016459223066842796,8.128154202218988e-06,7.2740475466624234e-06,0.0957699372772617,0.04353938881653358,0.0005625755464311438,0.8599481039273562
7,mlp,13253,3,3,0.0001585318402852426,4.0904864740933157e-05,0.00010889320248692302,0.5651701912746533,0.0014408972357478837,0.08235418688218683,0.3507263946998989
7,mlp,6691,4,4,4.3814245765107293e-07,1.2740754279970078e-07,5.649761358374624e-05,8.76902002321498e-07,0.9998771986003279,4.352763757564407e-06,6.050857032805696e-05
7,mlp,8118,6,6,0.0006220283963893747,2.7922845743082543e-05,0.0001510985686986476,0.09227067950251377,0.0012226938862523824,0.011630852477383977,0.8940747243230188
7,mlp,9880,6,6,0.006131099498694203,3.23987795294013e-05,0.0062519629358056845,0.0001672946430633692,0.028248520734817886,0.0005447036188332779,0.9586240197892562
7,mlp,1349,5,5,1.1116336458902761e-05,1.1396124053810583e-05,5.217404199083861e-05,0.006527986204402803,7.807310937790918e-05,0.9911064007027596,0.0022128534809562604
7,mlp,3363,1,1,0.0025808950394143235,0.993845593937303,0.0035726254884180836,2.4572804257733443e-15,5.238212032337682e-07,3.617136556549122e-07,3.0214351132406277e-15
7,mlp,10814,3,3,8.806639188355173e-09,7.947026539091491e-08,3.804633879945499e-08,0.9992107515689553,2.6846336944644004e-05,0.0002912864953702915,0.00047098927548645103
7,mlp,1232,5,5,1.8788191545745873e-06,2.5028768633818533e-06,6.319699528977801e-06,0.0006759379845138283,1.569189777247445e-05,0.9991646403805349,0.00013302834163175957
7,mlp,2827,0,0,0.9887324999150655,6.542201029734936e-05,0.010727456479235117,2.341814551839314e-09,0.0003635465891386601,0.00010961685493488758,1.4558095140823705e-06
7,mlp,6483,4,4,0.0003996993468200699,5.860461521212691e-06,0.002864355532817501,8.890719385352233e-05,0.9786113604308763,0.0004429405786684646,0.017586876455442935
7,mlp,4832,2,2,0.011427071331713966,0.00030020989921526124,0.9877917482805856,1.8755263778206143e-08,0.00030173035416577993,0.00015754941030070172,2.1671968754926426e-05
7,mlp,2635,0,0,0.9999079274461748,4.744508839423644e-06,4.366729217665187e-05,3.112593435028391e-10,1.2254531853657417e-05,3.0846531016662495e-05,5.593786794229251e-07
7,mlp,8830,6,6,0.0010278910134363301,1.4159438170452832e-05,0.00021966500286524175,0.009277406077720903,0.0007345658581737419,0.005293833775158632,0.9834324788344747
7,mlp,1448,5,5,2.1710293902464067e-06,9.173801729142434e-07,7.95156728950787e-07,3.3375617024027566e-05,5.714262044080269e-06,0.9999391812604257,1.7845294214244997e-05
7,mlp,11824,3,3,2.6820447947134452e-08,8.063837325744543e-08,2.5600108166828637e-08,0.9958873161605722,0.0006775688545045125,4.474909142288371e-05,0.0033902328345710234
7,mlp,11267,3,3,3.590815374008272e-08,1.2708539135267404e-07,6.683582966055733e-08,0.9921289262486367,0.00033550291333017603,5.027343075504173e-05,0.007485067577903379
7,mlp,4381,2,2,0.015785839467565198,0.00011284521906963599,0.9727589875487184,8.176810032176337e-09,0.011194102807839284,0.00010971112840931438,3.850565158837542e-05
7,mlp,10171,3,3,3.4401091737827944e-11,7.9340064778148e-10,5.285299011445598e-11,0.9974277544958572,0.0024952578880437053,2.1441855470592052e-07,7.677231688973794e-05
7,mlp,3072,0,0,0.8961859870046244,0.0005854837174473446,0.10225149521439474,6.464680511558235e-09,0.00023493115510043233,0.0007377848770861806,4.3115666664596665e-06
7,mlp,1725,5,5,0.11813816089077857,0.00020234036480364665,6.037471776306334e-05,0.00042762466053417183,0.0005609385598111475,0.8747638101424681,0.005846750663841336
7,mlp,1730,5,5,1.3799573074437329e-05,4.554071938314311e-06,4.799504763786986e-06,5.371549951885274e-05,1.7579606242793243e-05,0.9998152895237262,9.026222073566337e-05
7,mlp,1840,5,5,6.299378029613349e-05,1.820805332063452e-05,0.0001488434014982817,0.000692944097025999,7.637882484773774e-05,0.9957925137045273,0.0032081181384840136
7,mlp,4429,2,2,0.0025712292833081044,2.5613659270553033e-05,0.9959608024808337,3.3469923149514715e-08,0.0012681760542074872,4.633017453879617e-05,0.00012781487791794537
7,mlp,2659,0,2,0.12712247990383438,6.798300552474668e-05,0.8540903860983293,2.692536241931802e-07,0.014358504289370395,0.0022470276456844377,0.0021133498036324883
7,mlp,12838,3,3,2.7972369908974507e-06,2.2581156401804066e-06,2.185896604049959e-06,0.9275869455113452,0.0008149191420382874,0.000600959869616272,0.07098993422776514
7,mlp,7943,6,6,0.0003990979643967753,3.920142642101823e-05,0.00016052233770667213,0.09199887190584732,0.001089564930742136,0.006010674342966235,0.9003020670919198
7,mlp,8176,6,6,0.0002373016992149211,1.547739909423281e-05,8.829779317245251e-05,0.014187151678685768,0.0007296914868812854,0.00031883184420312564,0.9844232480987481
7,mlp,9118,6,6,0.00040429877435524695,1.025225398558247e-05,0.0004253284756396894,0.0029486810317088663,0.0003711115232113568,0.0014495736086559974,0.9943907543324434
7,mlp,2673,0,0,0.9983658348389484,1.8521366804828157e-05,0.0014065807302676824,3.1228773039303138e-09,2.2005085731969494e-05,0.0001842562567864098,2.798598583396561e-06
7,mlp,7825,6,6,3.5478520541101164e-05,8.51238276489676e-06,3.2875856937290245e-05,0.09010256705603746,0.01785206996525959,0.00023625800768952823,0.8917322382107702
7,mlp,12292,3,3,4.4121633848578767e-07,7.804267346077233e-07,8.308884372698103e-07,0.9785005860435392,0.0005334996692107391,0.0004645289176555871,0.02049933283808421
7,mlp,7986,6,6,0.00029726826053975064,8.7711161514071e-06,1.3372338232377964e-05,0.07727505009710674,0.05647607755244363,0.0011777462659182307,0.8647517143696078
7,mlp,11033,3,3,1.0180676836442087e-08,5.679967741117176e-08,1.7152687207772676e-08,0.998265221665499,0.00028684588176666113,1.622040117640816e-05,0.001431627918516477
7,mlp,4756,2,2,0.006156288626543019,0.00011284327945674605,0.9932258257080148,1.1367253416558053e-08,0.00043799914829020467,5.5270275062489805e-05,1.1761595379130274e-05
7,mlp,5595,4,4,5.240236032310089e-08,3.476448206494537e-08,4.312064462031135e-08,0.0002127099881025287,0.999456495518446,1.9941990413592145e-06,0.0003286700069231156
7,mlp,2193,0,0,0.6839691597908009,2.671537757133338e-05,0.0023900785782426815,5.2006670902209925e-06,0.3047387812370335,0.004649959071240363,0.004220105278021067
7,mlp,10480,3,3,7.744757502259775e-10,9.651691373530424e-09,1.9366516405717677e-09,0.9995442945490705,0.00014099195573165048,3.4542624076660303e-06,0.00031124686997148086
7,mlp,12206,3,3,2.3319119149426667e-06,3.031421994782059e-06,4.3792138437584094e-06,0.9596305038991899,0.0002893646649318529,0.011282839356350063,0.02878754953177482
7,mlp,5264,2,2,0.0007201197916646875,4.263784776012204e-05,0.9985874546556782,1.771971464389959e-10,0.0006456037242560108,3.815069060052311e-06,3.687343837382319e-07
7,mlp,12254,3,3,1.7968842947671886e-07,5.470667947895676e-07,7.541164415171245e-07,0.9915326947452504,0.0002341596164850375,0.001595443567897966,0.006636221198700616
7,mlp,8787,6,6,0.0004846133281675807,1.332963921303034e-05,9.95034852317745e-05,0.020566303304173156,0.004287474538229311,0.0020554723840296154,0.9724933033209556
7,mlp,9640,6,6,0.00226919877953958,1.3968571195659165e-05,0.0029149587231795952,0.00027279078566082093,0.0004594197882153934,0.000492625330613007,0.9935770380215959
7,mlp,252,5,5,1.0284958775153225e-06,6.014900814619115e-07,2.2056588715779367e-07,0.00017823438335753155,3.487933343912087e-06,0.9998005143487096,1.591278274270058e-05
7,mlp,440,5,5,3.590404262279827e-08,7.612558590085288e-08,3.1192003485575693e-09,3.2569053317349833e-06,3.970211775962797e-07,0.9999961717538851,5.917077660104534e-08
7,mlp,9906,6,6,0.01857300652314713,5.7131307414598144e-05,0.018283452408280148,0.00016665703414095473,0.02626993805029036,0.0008748086759105769,0.9357750060008163
7,mlp,4785,2,2,0.0025537689366473258,0.00010529077718925641,0.9968427271881131,5.860947437890864e-09,0.0004685141367659621,1.8585831408783497e-05,1.1107268928021754e-05
7,mlp,10197,3,3,3.6700807314199974e-10,4.5314666450662705e-09,5.771632461901909e-10,0.9998362336665955,4.5453774807718215e-05,1.8384198705393513e-06,0.00011646866308831288
7,mlp,4708,2,2,0.013435135937377808,6.995689098095506e-05,0.9840849563554511,1.2918814381354899e-08,0.002234547723267269,0.0001538404728397788,2.1549701268836427e-05
7,mlp,9789,6,6,0.008349737755004838,2.3353720190434295e-05,0.004516782913990619,0.00022788650723085173,0.002586354643868498,0.0006549571498352311,0.9836409273098796
7,mlp,9186,6,0,0.8087972652141401,0.00041145032765394705,0.0006426401468549221,0.0018141147188123652,0.007643192096742759,0.016099668538443117,0.16459166895735283
7,mlp,7639,6,6,0.000177715852591508,2.6615471065902694e-05,2.347982422270627e-05,0.15520236221232378,0.003907648292376775,0.0009392491375431457,0.8397229292098761
7,mlp,603,5,5,4.2669292547431415e-08,7.807564585495746e-08,8.55478745990426e-09,3.883730152448774e-06,4.65189889346348e-07,0.9999953710488725,1.5073135975166435e-07
7,mlp,3972,2,2,0.09618772195431885,0.0001784151555086604,0.796289783838889,7.011804946412235e-06,0.09128745588460088,0.002289251287804811,0.01376036007393135
7,mlp,7187,4,4,1.964720003015079e-05,9.544865719356138e-07,0.005643303036074227,1.716225709893904e-07,0.9941927877359025,2.1760589296450154e-05,0.00012137532955390601
7,mlp,13333,3,3,3.102835023215227e-05,1.0148698009459997e-05,1.757961771313276e-05,0.7869273700469461,0.0023426409791906934,0.0022236898098347306,0.20844754249807376
7,mlp,938,5,5,2.072459657904062e-06,3.6042030220853135e-06,1.1421459803074675e-05,0.0033817849584427922,2.7757040246543666e-05,0.9962799424626513,0.00029341741617650664
7,mlp,10439,3,3,1.2459115516086038e-09,1.4561850663772396e-08,3.6051487886330306e-09,0.9997225482716042,4.162213280321903e-05,1.7074043231027807e-05,0.00021873613945041484
7,mlp,5013,2,2,0.0007609647574247374,0.0001052785270182804,0.9984610870403394,1.9196450306078215e-09,0.0006597708250800549,1.0155980898310605e-05,2.740949594402911e-06
7,mlp,1417,5,5,7.863738411232865e-05,2.7315431749632975e-05,0.00020367095063979226,0.01636056667724396,0.0002434553233417063,0.9683413134450902,0.014745040787822369
7,mlp,13379,3,3,5.1242665584894615e-05,2.4224811621690917e-05,8.10194278461145e-05,0.6028697738244901,0.001485422282029758,0.012943889417768108,0.38254442757065915
7,mlp,1535,5,5,6.700340710715853e-06,4.507147701057981e-06,2.4551642310066106e-05,0.0011092287443677348,2.9103133036937443e-05,0.9983588185741372,0.00046709041773639764
7,mlp,3814,1,1,2.3738646189270837e-08,0.9999999719338203,4.32580747043974e-09,1.7477648441550002e-25,1.3925250293253996e-12,3.3379516711897304e-13,1.3844992115934133e-28
7,mlp,5261,2,2,0.027206938803560236,0.00015823298621048888,0.9509691710511136,6.093165820857596e-10,0.021588633114058342,7.669075550204684e-05,3.326802388144945e-07
7,mlp,11475,3,3,8.61281179469183e-08,4.5527111017011924e-07,3.6502976759246877e-07,0.9964334239766004,7.842137137725347e-05,0.001006849105597945,0.0024803991174287
7,mlp,5140,2,2,0.0001473450429416436,3.3524917249294815e-05,0.9941084288833735,1.3118536484456895e-09,0.005693316337486054,1.6787123921945554e-05,5.963831740175385e-07
7,mlp,10536,3,3,4.884019929834041e-09,2.8331147999909607e-08,5.049676785824656e-09,0.999468514615499,5.5646430782969736e-05,2.0447878419266507e-05,0.0004553528104537833
7,mlp,13217,3,3,3.159584957285359e-05,9.151901281537383e-06,9.946886489686816e-06,0.6063347113429173,0.0047044256330426425,0.0007784640008842238,0.3881317043858117
7,mlp,11032,3,3,8.80823533076071e-08,3.611350916744258e-07,2.1713113126234946e-07,0.9967096094795999,0.00010249732562395005,0.0002171329024105982,0.0029700939437894633
7,mlp,738,5,5,1.153283599938111e-06,1.8786655211208384e-06,2.9667882854000633e-06,0.0010278403345816232,1.1556686498660325e-05,0.9988283524013916,0.00012625184012166965
7,mlp,3265,0,0,0.9999585225048686,3.847854509445656e-05,1.7532779741507873e-06,1.0162229916316708e-12,3.541435934709686e-08,1.210208850232911e-06,4.783687296567267e-11
7,mlp,10517,3,3,6.203440721863223e-09,4.485445602565764e-08,1.1923742535127807e-08,0.9994386628975624,4.1075137767693326e-05,5.0612537253014025e-05,0.0004695864457773576
7,mlp,2583,0,0,0.9996092234487327,1.7161164355867912e-05,0.000323556781439931,2.89333399937626e-09,4.852001640488987e-06,4.4534957066325955e-05,6.687534306558926e-07
7,mlp,1446,5,5,2.8782461558146754e-05,6.489603837016691e-06,8.87875861988558e-06,0.00023656271969719374,2.6027389142921733e-05,0.9993211438400041,0.0003721152271407772
7,mlp,13027,3,3,6.1584158629083746e-06,2.669924314972085e-06,3.0715626908374377e-06,0.9362629852872567,0.0012231479483711591,0.0019208650313106998,0.06058110183019259
7,mlp,2822,0,2,0.05230993260637855,0.00013242423558519837,0.9458716966294248,5.065812421051327e-08,0.0012842644468993476,0.0003208898276286351,8.074159595903698e-05
7,mlp,7075,4,4,0.003732487653774876,5.919650681997151e-05,0.4662624262441546,8.164812485825697e-06,0.47429201486724104,0.0006038531517124914,0.055041856763811146
7,mlp,5929,4,4,3.45571652598205e-08,1.4371017851427016e-09,9.450403047346911e-09,3.156548953888406e-08,0.9999938193556701,1.8333274346926622e-07,5.920301426669175e-06
7,mlp,13426,3,3,0.00017875048060810814,3.888127122305311e-05,0.00012604752035827628,0.5407629918949031,0.0016348605622683546,0.08293165368896634,0.37432681458167283
7,mlp,8273,6,6,0.0002012705680924908,1.7570304008103704e-05,0.0001389547762870895,0.02969856226869288,0.0008031835062970067,0.0008696085534931971,0.9682708500231292
7,mlp,2536,0,0,0.6436161363676972,0.00020479194976294303,0.3531987791331898,3.150207377680885e-07,0.001886319593732123,0.0007715119286449039,0.0003221460062353395
7,mlp,2227,0,0,0.9889508016628599,4.628169405227454e-05,0.00807614027922114,4.831439585960938e-07,0.0016690423774737614,0.0007938017738818321,0.0004634490685524445
7,mlp,2529,0,0,0.9991331966924311,1.4895024981134732e-05,0.0007087376667532601,6.142538521649167e-09,1.3363245734278912e-05,0.00012690795939913858,2.8932681623532197e-06
7,mlp,10112,3,3,2.3089423896562986e-10,2.496349854105959e-09,2.921425905721809e-10,0.9999144451045316,1.9739349356074375e-05,1.987629906189677e-06,6.382489681954304e-05
7,mlp,5391,2,2,0.00762898214475866,0.0014369219362027207,0.9907972436628458,2.9338101607206097e-10,0.0001259757964215443,1.0786831351150554e-05,8.933503909952213e-08
7,mlp,11875,3,3,3.6426845189319975e-07,1.5524165541256087e-06,1.8096789186118043e-06,0.981462570823976,0.0001499366372650568,0.013849393584092455,0.004534372590741837
7,mlp,5784,4,4,1.6274778069910696e-05,1.4437611349775972e-06,8.461523230143364e-05,6.234549156363475e-05,0.9860612056232982,2.095397381081382e-05,0.013753161139820969
7,mlp,2803,0,0,0.999734381878904,3.2608633235354434e-06,9.617519750932188e-05,1.0029535124687163e-10,0.00010577557307143497,5.995087421217276e-05,4.5551268394764143e-07
7,mlp,9910,6,6,0.013087163513193428,1.9296165635731713e-05,0.005595277995098409,0.00017106268307852705,0.001102413122165132,0.0025903021774528892,0.9774344843433759
7,mlp,10628,3,3,5.341170838464007e-09,4.3173370472833793e-08,1.5577253252922462e-08,0.9992870276703483,4.360631753059245e-05,3.640910409069318e-05,0.0006328928162359219
7,mlp,12007,3,3,1.2497727863738125e-07,2.6329402260732654e-07,1.3132160290005785e-07,0.9929342951727661,0.0002845740484147867,8.977078849398646e-05,0.006690840397420949
7,mlp,10467,3,3,5.087442892229891e-09,2.2227159597255814e-08,2.1269318833902617e-09,0.9987281056147171,0.00020131288879014767,3.7307636777716896e-06,0.001066821291280517
7,mlp,10345,3,3,1.4143520060297124e-10,3.1522783804506422e-09,1.1640649647531584e-09,0.9999070161335232,1.5656447615082034e-05,1.4474104586182619e-05,6.284885649686602e-05
7,mlp,7263,4,4,2.2262362302259635e-08,1.3559787664225923e-09,1.0839180928225718e-06,4.719890444802566e-10,0.9999978675271253,1.497351519232493e-07,8.747292998583655e-07
7,mlp,4315,2,2,0.014394723855758356,0.00010526823613852895,0.984716697500976,9.34229063171306e-08,0.0004609775478195538,8.160577171146475e-05,0.00024063366468989484
7,mlp,2228,0,0,0.9972313211157372,5.739087733543814e-05,0.0004238226649792121,3.440431358467661e-07,3.489892410817716e-05,0.0022009322401784163,5.129013452577279e-05
7,mlp,13246,3,3,2.860382977192092e-05,7.699518502967956e-06,8.748072339171272e-06,0.7184054294780338,0.007356507198955086,0.0007070701078445674,0.2734859417945526
7,mlp,11086,3,3,2.4306432353548235e-09,1.3897652794284738e-08,2.8413002739742995e-09,0.9989397598562824,0.0005278584886523724,6.1357611661031675e-06,0.0005262267243028948
7,mlp,8101,6,6,0.00021635202873968433,1.5642439247454043e-05,0.00010631762991573349,0.020179009174267428,0.0005902875303740581,0.0010027621812212775,0.9778896290162343
7,mlp,971,5,5,5.307066220839481e-05,4.819512600436123e-05,0.0001583704625583238,0.2210903080505105,0.000814726181882235,0.7334739614357203,0.04436136808111583
7,mlp,7865,6,6,6.530461964507335e-05,1.7780992044930994e-05,5.429922453491369e-05,0.01945327668058677,0.05498118488047959,9.974436976230504e-05,0.9253284092329463
7,mlp,13250,3,6,0.0002129458219877004,3.181706379831492e-05,6.594906623354541e-05,0.49019155184618124,0.0024033322936312025,0.010724573304160727,0.4963698306040072
7,mlp,8636,6,6,0.00015746994380673432,5.6469223790255525e-06,0.00012964685168029917,0.006053205961898119,0.00038312207764235973,0.0006597626574034917,0.99261114558519
7,mlp,3491,1,1,2.003361529048606e-05,0.9996822025555182,0.00029773474609706533,1.4490595622804695e-18,2.6123762556974915e-08,2.9593318417412142e-09,1.77653801326686e-19
7,mlp,2984,0,0,0.9786420915880861,0.00011414217697959167,0.020728966967300404,2.382739096924368e-09,0.0003015109087089929,0.00020981807044359507,3.4679057421895644e-06
7,mlp,6564,4,4,9.558728445527192e-05,4.993563043520476e-06,0.0021381633162411294,1.7388747742464992e-05,0.9834591742083295,0.00010117334196582796,0.014183519538222314
7,mlp,6454,4,4,2.2068839279747328e-07,1.3347878937768596e-08,1.9843100330415682e-06,5.534788248964101e-08,0.99995110963433,6.922726401788073e-07,4.5924398842603146e-05
7,mlp,7341,4,4,1.3222842564149103e-05,6.343203694844085e-08,0.00028981832892049014,5.447475466629601e-09,0.9996706988051589,1.1409842924821113e-05,1.4781300919251534e-05
7,mlp,9978,6,6,0.03586949332811661,0.0005990516678292783,0.1726690877763089,0.0018824701696614338,0.07558260931319279,0.07970012379163459,0.6336971639532565
7,mlp,13168,3,6,4.760426326675178e-05,1.7771631803188576e-05,4.6129154783545625e-05,0.4802491922540155,0.0011468194971195303,0.006313631808616944,0.5121788513903944
7,mlp,4839,2,2,0.02157825542667065,0.00035699061332476804,0.9775882844937416,1.0607097152039062e-08,0.0004159312412491071,5.062591741844107e-05,9.901700498387266e-06
7,mlp,10177,3,3,1.8333133301991715e-10,2.580838042519507e-09,1.936416584799291e-10,0.9997562859077114,0.00014349905822725654,6.398439052955934e-07,9.957223234523982e-05
7,mlp,12238,3,3,2.573886341601643e-05,8.076857663618479e-06,1.7296444213538152e-06,0.9446770390896398,0.0015164522677265082,0.0010098893451921716,0.0527610739319406
7,mlp,4535,2,2,0.000344721984578612,1.6930721500121545e-05,0.9976429284913374,1.470054431179984e-08,0.0019403935992327965,1.5381056360802548e-05,3.962944644610075e-05
7,mlp,1694,5,5,0.22482815611727708,0.0007262629601874432,0.0005120412961471409,0.005383156281984976,0.0021195277093606396,0.7206147570096048,0.045816098625437895
7,mlp,12338,3,3,1.3536815609106272e-06,1.7252461180334112e-06,1.854093098448831e-06,0.9754959002946405,0.00029240509811413387,0.000976996429276201,0.023229765157191946
7,mlp,2981,0,0,0.9981997143676457,0.00012136779743505518,0.00163931587382457,3.5415851122820974e-10,1.616953940230008e-05,2.3329970573561648e-05,1.0209696020688935e-07
7,mlp,2184,0,0,0.9965242748345327,6.768194923054687e-05,0.002111910032486302,8.783544820709958e-07,4.648855218806992e-05,0.0008938800663044759,0.0003548862107754759
7,mlp,4161,2,2,0.01979195784773915,6.545924830261981e-05,0.9770654074531927,1.679782597231935e-07,0.0023235172770047587,0.00017736475635465003,0.000576125439146434
7,mlp,6359,4,4,0.0015736240786563469,1.812859248423474e-05,0.014129310804349265,0.00011564873190159554,0.86830004077922,0.000560580042768426,0.11530266697062017
7,mlp,12417,3,3,1.203246115248345e-06,1.4541475086945161e-06,1.2669682526104492e-06,0.9305365099788737,0.0023187883432265414,0.000282771277436927,0.0668580060385861
7,mlp,8916,6,6,0.0017889057944632674,7.070859970734344e-05,0.0007516177030483328,0.08834865729646138,0.0020685057465709773,0.06246863471578928,0.8445029701439595
7,mlp,5144,2,2,0.0020481626052328904,6.965642886600603e-05,0.9976104214552317,6.13230282579041e-10,0.00026380175899382745,6.803928301557741e-06,1.1532101438513235e-06
7,mlp,4947,2,2,0.007091768350067413,0.00011699899729073697,0.9901073620260903,4.5417123017063856e-10,0.002664010157778063,1.9116192382047766e-05,7.438222201485294e-07
7,mlp,8033,6,6,0.0003341112059834963,2.0474108667657684e-05,6.60580686885011e-05,0.047149826540698894,0.0022613517873794034,0.0006564404800366247,0.9495117378085454
7,mlp,10386,3,3,8.989363797896037e-10,6.446135244407914e-09,6.498279126181003e-10,0.9996989914336251,8.863949214029933e-05,2.157020957443651e-06,0.00021020405837753994
7,mlp,12963,3,3,2.2152002340954617e-05,1.1797018941749235e-05,1.577284491485377e-05,0.7582134063899488,0.0011898523955364622,0.001869359360933137,0.23867765998738408
7,mlp,5914,4,4,7.68144558542979e-10,1.3138389013112612e-10,1.1361063190313658e-09,5.8157137801440866e-08,0.9999995551113906,3.627666148218256e-08,3.484191752527594e-07
7,mlp,11821,3,3,4.294612432273947e-08,1.070439323520414e-07,3.88914083517951e-08,0.9930815183974151,0.0017357103817016812,2.8714979616077943e-05,0.005153867359801919
7,mlp,6333,4,4,4.353528992519194e-06,2.222671028119562e-07,3.214501730938542e-05,1.051789813822589e-05,0.9996340187685364,2.169142524765444e-05,0.0002970510946729524
7,mlp,6182,4,4,0.00022178412760822568,2.9784380393485864e-06,0.0008341786441319971,2.4964961051242067e-05,0.9908160313407682,0.00014432550584100675,0.007955736982559927
7,mlp,313,5,5,5.122204011856617e-07,3.2404196266183736e-06,5.2403841222030106e-06,0.021511404707011454,4.170603998464185e-05,0.9782479962841967,0.00018989994465714926
7,mlp,8617,6,6,0.00048218394480804643,3.117349679980667e-05,0.00041206068345251936,0.035117602008899386,0.001202367904313557,0.011959855919142757,0.950794756042584
7,mlp,1475,5,5,1.6517559936794767e-05,1.5089430911318716e-05,7.85160011145842e-05,0.008748598633973663,0.00011197386858857794,0.9875057028784261,0.0035236016270488745
7,mlp,12621,3,3,2.9495116007273485e-06,9.742796485269845e-07,4.762603491469105e-07,0.9708911462045914,0.0014886811077632653,0.00042409334470536484,0.027191679291341576
7,mlp,8451,6,6,0.0005286592352882511,2.1948100500650727e-05,0.00014813717852726123,0.011573280156720368,0.0014958860368171254,0.00020866104898526041,0.986023428243161
7,mlp,9330,6,6,0.00048647005842800687,6.7731005732913334e-06,0.0005823872988632708,0.0005851094781845594,0.0004298044490094934,0.00024288915915851301,0.9976665664557829
7,mlp,7239,4,4,1.0992616532371382e-05,2.038278108305902e-09,1.1494704931962914e-06,8.618323484796091e-11,0.9999862642490992,1.5007529953777233e-06,9.078641850229621e-08
7,mlp,34,5,5,5.684117450618888e-09,5.268458714439317e-08,3.054203099608918e-08,0.00014043051248116545,4.360654714737038e-07,0.9998587673451842,2.7716612766692793e-07
7,mlp,12013,3,3,4.7009266643100687e-07,7.386774827275871e-07,7.989459226512523e-07,0.9788081936037545,0.0002907844516787147,0.000690331648512301,0.020208682579982713
7,mlp,4324,2,2,0.004048403603164127,3.049776097561715e-05,0.9903607487783037,5.247065261341177e-08,0.0052114296895146945,8.814272125518487e-05,0.00026072497613396385
7,mlp,12117,3,3,5.143069430805002e-07,1.1019992031458016e-06,6.31616654782394e-07,0.9534530690205244,0.0016448223719253041,9.96064568968837e-05,0.04480025422785238
7,mlp,11840,3,3,9.660497666836359e-08,3.328875441531615e-07,2.946907090243045e-07,0.9955171319556709,0.00012869523837639833,0.0005749869900545884,0.0037784616326683503
7,mlp,4914,2,2,0.0006001613806389117,3.528217103339517e-05,0.998849363839703,2.7284055395417122e-09,0.0005023380795858937,8.424052509404954e-06,4.427748123946389e-06
7,mlp,4943,2,2,0.0010311334255671814,3.088573587983465e-05,0.9979636635966332,1.4393285260412225e-09,0.0009593962958287186,1.0051832709855126e-05,4.8676740525387785e-06
7,mlp,3071,0,0,0.9991653860353907,0.00017901022387659067,0.0005615884840756062,3.8780276750595644e-10,5.578916861016454e-06,8.83792436981681e-05,5.670829526490929e-08
7,mlp,1419,5,5,0.0001615255939519989,7.626939641179377e-05,0.0005333530230557441,0.20487013064458479,0.0012902276360993363,0.6722806972722976,0.1207877964335989
7,mlp,6675,4,4,0.018027199425858075,0.00014456544473667659,0.1770831311974915,0.00015153141254957246,0.427216480602383,0.0026810364763540993,0.37469605544062723
7,mlp,5833,4,4,1.006933068800672e-06,4.096544928129111e-08,1.2680104457210405e-06,2.229581126871355e-06,0.9998681489168829,2.9789350069828124e-06,0.00012432665801943176
7,mlp,12215,3,3,4.500259668306785e-07,7.120009139392842e-07,3.890924257568526e-07,0.9514419413175801,0.005110515078103137,6.375047013301697e-05,0.04338224201487724
7,mlp,4954,2,2,0.006570364897915902,0.00019054584991294593,0.9925454293871125,2.3804210330518446e-09,0.0006718148641110319,1.8689874177852776e-05,3.152746348715059e-06
7,mlp,10989,3,3,6.5286914158392805e-09,5.975030849568275e-08,2.979662965636127e-08,0.9993168553067531,3.994888330801635e-05,9.346516182000852e-05,0.0005496345724891661
7,mlp,8001,6,6,0.00011880939031812417,1.083128574119047e-05,3.418025506346273e-05,0.08728563805679092,0.016955094444112688,0.0009636062956051221,0.8946318402723685
7,mlp,5526,4,4,8.865030655451989e-08,1.2890720904408893e-07,4.1792786181033335e-08,0.03299130119446813,0.9614376706604729,1.0529093609276218e-05,0.00556023970114802
7,mlp,2923,0,0,0.9996626935576282,9.029048022271254e-05,6.746809033569117e-05,6.350745237988821e-10,3.4363668126535458e-06,0.0001760331617903958,7.770813598464114e-08
7,mlp,6207,4,4,9.29775102403178e-06,9.415361850961101e-07,0.00013744029944859397,6.5648585027920114e-06,0.9907464840066282,1.7345295830102566e-05,0.009081926252381203
7,mlp,3722,1,1,1.5315937702952712e-06,0.9999983875019542,8.087073021163353e-08,3.351183208039928e-23,2.79115360569798e-11,5.633575109937513e-12,2.3011167648273678e-25
7,mlp,5380,2,2,7.437261180679862e-05,1.3874482039705096e-05,0.9830831026526415,1.0042721465740106e-11,0.016826480203973267,2.132369548111741e-06,3.7669947923278465e-08
7,mlp,1225,5,5,4.423371643555965e-06,3.0982633726521003e-06,9.794617340758777e-06,0.0008805873536460406,1.8168485660456007e-05,0.9987465125806435,0.00033741532769296465
7,mlp,215,5,5,1.583804518856311e-06,3.9738483065708634e-06,5.104755445238402e-06,0.01813124336039986,4.4764015834539247e-05,0.9813119902334017,0.0005013399820934083
7,mlp,4387,2,2,0.020818696184048732,9.933575662968283e-05,0.9528938278800753,2.4622228521892632e-09,0.025990300966380393,0.00018459909370142552,1.3237656941648008e-05
7,mlp,10383,3,3,8.915688424827586e-09,4.370264795911373e-08,4.703229166022115e-09,0.9988883608773895,0.0002240697027491026,1.870943801030213e-05,0.0008688026602856459
7,mlp,3360,1,1,0.0008214348044845208,0.9789013031162368,0.02027508125246709,8.786040176105024e-15,1.7135950256388058e-06,4.672317559510694e-07,2.1417880420688346e-14
7,mlp,3623,1,1,5.041321152631379e-07,0.9999737397479677,2.5752790623166176e-05,2.712658205633191e-21,3.300810382758469e-09,2.848340650692907e-11,2.169222944317779e-22
7,mlp,7415,6,3,8.294563349000413e-07,7.375017714037938e-07,5.829343720237605e-07,0.9792248906589436,0.0013745709058791695,0.00037734892570996404,0.019021039616989147
7,mlp,1312,5,5,1.5752543296839797e-06,1.1587576228258044e-06,5.268585025527046e-07,3.270834662051869e-05,4.8342635491426e-06,0.9999474724446014,1.1724074773832205e-05
7,mlp,7049,4,4,8.417169460308363e-05,3.255267528054777e-06,0.03136207325074939,1.544208097317776e-07,0.9636566037698578,7.47654487565312e-05,0.004818976147695273
7,mlp,3449,1,1,0.0004521050626080633,0.9986928511339037,0.0008548174586743794,2.7357875708964257e-18,2.0603747519027318e-07,2.030733840233915e-08,2.1795730510469046e-18
7,mlp,3833,1,1,6.428689605213426e-09,0.9999999931251826,4.4578704831863904e-10,2.7231241101485893e-26,2.3994955042111303e-13,1.0087895029617146e-13,8.108977964970965e-30
7,mlp,4181,2,2,0.02094612429274259,9.184156691922965e-05,0.9765335961085102,2.9138092439816353e-07,0.0010449751919804728,0.00046510157987987225,0.0009180698790432544
7,mlp,10840,3,3,3.183557375364198e-09,2.2640326739861794e-08,5.104278886260681e-09,0.9995162736520843,6.138364689691184e-05,1.3856846420738461e-05,0.0004084549264353662
7,mlp,442,5,3,9.718226317285358e-06,1.6333535304848633e-05,3.366834797738228e-05,0.7552145088863333,0.0007331788712733229,0.21365079226506867,0.030341799867725217
7,mlp,8079,6,6,0.0013058135227945176,1.537201919554626e-05,2.4358549478520464e-05,0.015969746350024277,0.12842203968527827,0.0007551278815534956,0.8535075419916754
7,mlp,44,5,5,1.8787344351823635e-07,1.2451005337802608e-06,1.3466566064402294e-06,0.016125796788713113,1.609042182289496e-05,0.9837908205993144,6.451255956567516e-05
7,mlp,4003,2,0,0.6944158594843339,0.0002644554755322793,0.2844033287042454,1.2492992746590195e-06,0.017560855830951853,0.0018076790171607856,0.0015465721885011287
7,mlp,12232,3,3,1.0136928107716634e-06,1.1841321368844787e-06,5.67208942529377e-07,0.9354643992155648,0.005311660909945682,5.376112649242907e-05,0.059167413714106935
7,mlp,3851,1,1,5.1797282594962734e-09,0.999999984252226,1.0565692721309413e-08,2.623953710111241e-27,2.31324263402897e-12,3.960596416530195e-14,3.215428665789625e-30
7,mlp,868,5,5,7.614814748807415e-07,1.0874077316260517e-06,2.0267947797643575e-06,0.0004588786093688702,6.813377927579134e-06,0.9994715171209045,5.8915207812658026e-05
7,mlp,10325,3,3,1.957426622298102e-10,2.0153084639433386e-09,2.1192649898268012e-10,0.9998734514253557,4.6892578568827536e-05,1.6502080449009032e-06,7.800336505301506e-05
7,mlp,10491,3,3,7.619827615932281e-10,9.627944601606298e-09,2.0676018464279144e-09,0.9995512725268817,0.0001280884062553731,3.919716572673093e-06,0.00031670689276129717
7,mlp,9579,6,6,0.0016390855029827546,1.824196178312595e-05,0.000756871186285402,0.0027913970874976404,0.007346551057326103,0.0011837718580475784,0.9862640813460773
7,mlp,4475,2,2,0.004520692402926005,3.6944067855189516e-05,0.9891173370785407,3.4756840276055886e-08,0.006181685127155515,7.857640536091355e-05,6.473016132133242e-05
7,mlp,807,5,5,4.588383118175992e-06,7.438780130647244e-06,2.5683895057189204e-05,0.016065148604221837,7.979637687123701e-05,0.9824504525782374,0.0013668913823634693
7,mlp,7313,4,4,0.00025290945012195636,1.117091411360528e-06,0.005126947056719217,3.897466758830937e-08,0.9942615382915789,4.9203524122523055e-05,0.0003082456113785456
7,mlp,2041,0,0,0.8224563917625782,0.0006095455060424985,0.0008911071752636447,0.001525409098940987,0.00300220151845772,0.0650008138314646,0.10651453110725236
7,mlp,1967,5,5,0.010874985106845179,0.00028428245874352387,0.005310502344815562,0.0006312221937206297,0.0004908122723504302,0.9258496268710849,0.05655856875244004
7,mlp,12477,3,3,1.964536192346216e-06,2.234228418222065e-06,3.0553196370651307e-06,0.953176025299985,0.0005388065334018286,0.0027910522382584087,0.04348686184410728
7,mlp,877,5,5,7.587156468446537e-05,3.015120349575609e-05,7.7798475846681e-05,0.03468949801915474,0.0003127544132687886,0.9419863330046087,0.022827593318940895
7,mlp,3136,0,0,0.9995651056083567,0.00016661130009360675,0.0002578523014978856,4.596736636614253e-11,2.9706615757626806e-06,7.453225224483611e-06,6.857284087833226e-09
7,mlp,132,5,5,8.541250933095859e-07,1.8015629126453474e-06,2.940887210016403e-06,0.018676875151349692,3.52748052274525e-05,0.9809927574718061,0.00028949599640071624
7,mlp,961,5,5,0.00010670087163331136,3.724672707165828e-05,0.00014449445894773849,0.07587738450425734,0.0005470325753005211,0.872679709152843,0.050607431709946436
7,mlp,11586,3,3,1.1030347352701689e-07,2.9963925499233605e-07,1.3692974588233934e-07,0.9936619178124954,0.0002928643755596033,0.00010579820011739454,0.005938872739353001
7,mlp,11602,3,3,3.5806357238990896e-08,1.1691120482559066e-07,7.09285898677324e-08,0.9945128771830637,0.0004059459131380504,6.2154120172207e-05,0.005018799137474206
7,mlp,2729,0,0,0.9965172271286904,4.1266907330346104e-05,0.0032128964541357163,1.9206795687272726e-09,0.00013732120012650687,8.98530181540699e-05,1.4333708834537673e-06
7,mlp,5055,2,2,0.0015864017742978362,0.00014233066335076202,0.9979729662523923,2.1808649023559582e-09,0.0002718678713841772,2.4758815991403237e-05,1.6724417187344745e-06
7,mlp,7379,6,5,0.03286301375466163,7.516528775107782e-05,9.446943465104498e-07,0.22373755428318956,0.017308360276166904,0.663230653588376,0.06278430811550825
7,mlp,5318,2,2,0.14906068561929517,0.0015200124439556908,0.8471644523471662,2.4649123597331945e-10,0.002200155010755973,5.456450773896319e-05,1.2982459683117975e-07
7,mlp,3124,0,0,0.9999978472976782,1.5867285060555387e-06,1.9790527644944703e-07,1.6331121932321217e-13,5.4745826981657085e-08,3.132828806706563e-07,3.9668400525037414e-11
7,mlp,10645,3,3,7.692234423134252e-10,7.071410180212253e-09,1.0375967533605768e-09,0.9990981647667541,0.000553148450052944,2.471873197099402e-06,0.0003462060317655203
7,mlp,8048,6,6,0.00028560476619274956,5.2375701063823164e-05,0.0005151757962533747,0.14037245022330339,0.0010738570607324502,0.08877016837733341,0.7689303680751207
7,mlp,5265,2,2,0.000355140492800108,6.150581920391986e-05,0.9981182821285443,6.264393567296891e-11,0.0014615586795217988,3.3212633701771122e-06,1.9155391558304857e-07
7,mlp,12795,3,3,1.6456105095862214e-06,3.631620973194285e-06,6.2886851805089224e-06,0.9674639043657024,0.00046559781456725186,0.013815862162326038,0.01824306974074106
7,mlp,8262,6,6,0.0009714465572530594,3.437377127732191e-05,0.00016136622423434588,0.21690040711348466,0.0028085472647532924,0.029375059428473103,0.7497487996405242
7,mlp,7562,6,6,5.105968349863804e-05,1.2514881216813191e-05,2.2453856474814613e-05,0.2201248251972612,0.002588044437417081,0.0011392899231388249,0.7760618120209926
7,mlp,1561,5,5,3.1912506569951787e-05,4.0995872938984005e-06,5.090052528590661e-06,8.539299040283536e-05,2.2807984979607592e-05,0.9996882208135494,0.0001624760646757331
7,mlp,12155,3,3,7.299069933042823e-07,1.2486684193887145e-06,1.5256704753829595e-06,0.9805520107104079,0.00021802787108201623,0.0016589073930235022,0.01756754977959842
7,mlp,8330,6,6,0.00014849529002701573,1.0758789120843066e-05,8.701833847665583e-05,0.00938477688176887,0.002241047091510648,0.00016085168052379261,0.9879670519285721
7,mlp,7775,6,6,0.00010159567832114489,1.768626689261807e-05,3.254937473485334e-05,0.19418839165953022,0.00458630919251256,0.0008422134657193012,0.8002312543622893
7,mlp,10338,3,3,9.991806857966649e-09,4.936184896257579e-08,4.692686092602357e-09,0.996590233246963,0.0005781548699368918,3.820648688162702e-06,0.0028277271880700135
7,mlp,13142,3,3,4.426003132615778e-05,1.3445225572960341e-05,2.0579941207456422e-05,0.674052060966426,0.0023941969029658947,0.0032089974187924845,0.3202664595137092
7,mlp,4245,2,4,0.05166640455005266,4.088640971776209e-05,0.14269235104782702,9.502383191677024e-08,0.8043681607199822,0.001002327646280973,0.0002297746023075712
7,mlp,180,5,5,2.9512742762640506e-07,1.1116641858324018e-06,1.7550620247580503e-06,0.0051428013097354385,1.2346451787893558e-05,0.9947737615748421,6.792880999645818e-05
7,mlp,3321,0,0,0.9998813591502623,1.295178227208447e-05,9.988784642584643e-05,1.3936763589190984e-13,2.8806793624137617e-06,2.920350078016293e-06,1.91459853742747e-10
7,mlp,6022,4,4,9.345334358123518e-08,1.5627505817625115e-08,8.581561557875963e-07,5.322850060106078e-07,0.9999472310649521,6.934868412507882e-07,5.057592619548843e-05
7,mlp,1945,5,5,0.015521177367508748,0.00029950918560850095,0.00012008915823038223,0.00011635031649456432,0.0003232238110880979,0.9826107562582413,0.0010088939028284503
7,mlp,4827,2,2,0.05842491627553654,8.77116530447545e-05,0.8580602694685914,7.46926443244519e-09,0.0830236064613794,0.00036771482019092554,3.577385199285704e-05
7,mlp,269,5,5,1.8943962897516344e-07,1.1530086626468885e-06,1.6576993102743826e-06,0.0038547423136317135,1.027673426509651e-05,0.9961005956239395,3.138518056181487e-05
7,mlp,9010,6,6,0.00216146624994422,4.543234856996561e-05,0.0010079914919200702,0.015587096188580942,0.0006874449784308172,0.03518603697530977,0.9453245317672443
7,mlp,292,5,5,4.0722378290398874e-07,6.362419811677689e-07,3.0105613198065517e-07,0.0002479291781503522,3.812077020355808e-06,0.9997365966047522,1.0317618180907617e-05
7,mlp,2002,5,5,0.0029238128659144656,9.312801445572205e-05,0.001968526418463277,0.00010274477912135442,0.00020239871496038306,0.9920070329721633,0.002702356234921603
7,mlp,12153,3,3,3.7460173425964236e-07,4.438338271620169e-07,2.6091418497626975e-07,0.990057862064876,0.000263854819319135,0.00030641613860327106,0.009370787627455109
7,mlp,6514,4,4,1.0586546754910912e-06,2.326143009306531e-08,5.1896147982634645e-06,1.376254261240022e-07,0.999955383181143,2.2042356386862397e-06,3.60034268882573e-05
7,mlp,2519,0,0,0.9778591460936453,6.071156796880673e-05,0.02141379145152176,5.371173284854249e-08,0.00015685623569030866,0.00045157326702713866,5.786767241373262e-05
7,mlp,9840,6,6,0.1029145142010592,0.00018075360476934075,0.02371511224145132,0.00048005231670402636,0.0019593036156766675,0.011731287766163875,0.8590189762541756
7,mlp,12365,3,3,1.8650852552241516e-07,4.1208294119318423e-07,4.249337157482581e-07,0.9924473049133863,0.00023442666103150198,0.0002939326370197024,0.0070233122633802094
7,mlp,4929,2,2,0.0026321541947720017,0.00014434597272268583,0.9964665764562218,2.0436443365409086e-09,0.0007362665215139714,1.7730942176893237e-05,2.923868948402087e-06
7,mlp,12047,3,3,1.075087463276426e-06,1.3856626605071815e-06,1.7110284237516404e-06,0.9672600325594459,0.0002500342296577462,0.0023653314225717957,0.030120430009777037
7,mlp,5756,4,4,0.0014984264588475675,6.670882062619041e-06,8.267475627863583e-05,0.0003634776310733277,0.9714663310176527,0.0003806878666130144,0.0262017313874722
7,mlp,3086,0,0,0.9937016927661914,0.00013338366819628503,0.0060317478144269595,4.963380690495963e-10,2.241591223305302e-05,0.00011058868986968443,1.7065274460420981e-07
7,mlp,13485,3,6,0.00013937632583776918,1.4860761542779634e-05,2.6373612822517026e-05,0.2662222560734759,0.008801186626682582,0.0018650903280470186,0.7229308562715915
7,mlp,1035,5,6,0.0007654040625227125,7.607904283965027e-05,8.421502594441807e-05,0.41041667606105914,0.004543078876784756,0.02524727876981571,0.5588672681610336
7,mlp,2067,0,0,0.9979351168167432,1.625308843488128e-06,1.4271363882204964e-06,9.991625100878526e-07,0.000772155406894347,0.0011631451298512315,0.00012553103876927085
7,mlp,10538,3,3,1.6032150147117135e-09,1.4585325480038644e-08,2.2028733718740134e-09,0.9992674407545914,0.0002662113043643651,2.8165774977093743e-06,0.000463512972132609
7,mlp,4459,2,2,0.0005879722523510424,1.7993632609164507e-05,0.9979034061360091,9.124359246948503e-09,0.0014334413113249512,1.6521969399581485e-05,4.06555739468626e-05
7,mlp,9612,6,6,0.009267850263120998,5.870309933229504e-05,0.005884526264873438,0.0004171859740530426,0.00021205883196859105,0.0019994322641937036,0.9821602433024579
7,mlp,8848,6,6,0.0008879857265034206,1.077434005810702e-05,0.0003288323797093092,0.0014303227181021278,0.0001689429978105963,0.0006599619260861145,0.9965131799117304
7,mlp,23,5,3,3.2731473296490573e-06,4.15365937974232e-06,3.686232775859556e-06,0.8880443333610989,0.0003304794582625988,0.09860253240405778,0.013011541737095622
7,mlp,7942,6,6,5.904189084538768e-05,1.3511105927108024e-05,4.2348603551087514e-05,0.281964260151049,0.0025319743289383486,0.0020796839596244855,0.7133091799600646
7,mlp,202,5,5,4.142573142544952e-07,2.4702083758856586e-06,3.5033970031944275e-06,0.01869372367017332,3.2577796929864686e-05,0.9810951483195169,0.0001721623506866489
7,mlp,6158,4,4,1.9787987772333467e-06,9.363170611775396e-08,2.029441418107126e-05,3.0298153382820503e-06,0.9998227942915496,7.586889209751619e-06,0.00014422215923783787
7,mlp,6950,4,4,0.0014621642590405518,2.564694651196864e-05,0.07466553243510113,1.6731413239139908e-05,0.9073288847932417,0.0006170681666836953,0.015883971986181692
7,mlp,12311,3,3,6.510431988993187e-07,1.0622962982209865e-06,1.1005774473051476e-06,0.9822293448313387,0.0003026026151168467,0.000592320110679804,0.01687291852592023
7,mlp,4540,2,2,0.004027297012851115,7.197422508753777e-05,0.9949386217582263,1.6561389206956364e-08,0.0008968612849464369,3.264150578153677e-05,3.258765171768652e-05
7,mlp,11521,3,3,1.20755058042838e-07,4.585065798136089e-07,3.503349284835457e-07,0.9954703583973712,8.637877659358339e-05,0.000923965884798678,0.003518367344670123
7,mlp,6847,4,4,7.636097187690856e-06,8.679154426483701e-08,4.1771555786181594e-05,1.7165137108185343e-07,0.9997986834995295,7.053160255899451e-06,0.00014459724432532391
7,mlp,4231,2,2,0.020875067367211855,6.279889402039162e-05,0.9773327196421119,1.26170760079082e-07,0.0012047212139877563,0.00016418773304736773,0.00036037897886051815
7,mlp,8700,6,6,0.0002930299122411099,1.5273988031788032e-05,0.0004687528856914361,0.012597537826957798,0.0005289811283808731,0.002105589522450884,0.983990834736246
7,mlp,9530,6,6,0.0012861691878912308,1.696970659670775e-05,0.0016387132311358936,0.002069805147520532,0.0069421966099383935,0.0017775255402401773,0.9862686205766771
7,mlp,8384,6,6,0.006358604143797052,4.610148943498833e-05,6.111561080142023e-05,0.012618586056117305,0.29704825816212077,0.001529642375260099,0.6823376921624683
7,mlp,8886,6,6,0.0016637202803476065,1.1842191455895279e-05,0.00017705246621638272,0.0030771470689477604,0.0010283208439148099,0.0006118717377933369,0.9934300454113243
7,mlp,7488,6,3,4.337331071142172e-05,6.200506632110537e-06,2.5701653739127416e-06,0.5056208691352991,0.026888873133104542,0.0004923111048689057,0.4669458026440099
7,mlp,8477,6,6,0.0016131824117333652,2.5528227015459504e-05,0.00021502441304293153,0.0212474949211728,0.0012622594138846873,0.003066492446644793,0.972570018166506
7,mlp,10847,3,3,1.392583283134864e-08,8.033130335167403e-08,1.9283981621492098e-08,0.997983260951769,0.0002488000871041846,1.6902206995371065e-05,0.0017509232130135607
7,mlp,1009,5,5,5.259450261995662e-06,2.6665149880270893e-06,1.8540180614861873e-06,0.0002664164543404907,1.5153365148079418e-05,0.9996157798736085,9.287032359143639e-05
7,mlp,2424,0,0,0.9982337966873146,3.29109535724286e-05,0.0014039129346684158,3.817971172871289e-08,3.106365822397436e-05,0.0002721457181110081,2.6131868398174873e-05
7,mlp,9695,6,6,0.005655253227818879,2.2679609981767805e-05,0.0015660093328428175,0.0012366753976190668,0.0012868478102649116,0.0025226287264191838,0.9877099058950534
7,mlp,15,5,5,2.3350273486542245e-08,1.8439411606119268e-07,1.2541132850460385e-07,0.0010731941571460349,1.6130037582077716e-06,0.9989229987055595,1.8609778181075953e-06
7,mlp,1114,5,5,8.750423639039837e-05,2.1264297664425394e-05,7.127048118618236e-05,0.010627478535320836,0.00020659987500793933,0.9781754395874799,0.01081044298695042
7,mlp,12522,3,3,1.7631653644425178e-06,1.4331310090911734e-06,1.3814588039314484e-06,0.9719011062013865,0.00044619915567878837,0.001478119204377272,0.026169997683380058
7,mlp,9808,6,6,0.338143040078424,0.00025679973295868706,0.013497826997108,0.0003330148955859672,0.0013985508629880264,0.0076499944017147554,0.6387207730312207
7,mlp,7680,6,3,4.6076776154099125e-05,1.639058503453071e-05,3.7166135401816186e-05,0.707341763030985,0.001897996891769813,0.006476708581449519,0.2841838979992053
7,mlp,10557,3,3,1.292165585873319e-09,1.6860854944772404e-08,5.921160051732439e-09,0.9997922240662753,1.3877043883175474e-05,5.3281083800746934e-05,0.00014059373185999993
7,mlp,6969,4,4,0.00022816485924081787,2.534368938827526e-06,0.0030913834432436033,3.4864564828165435e-06,0.9950945764085852,0.0001403442605889103,0.0014395102029198
7,mlp,9877,6,6,0.03401535843833522,2.928622710720128e-05,0.0037281938368814533,0.00018472928710905066,0.004780235837479154,0.001613297045483457,0.9556488993276044
7,mlp,10250,3,3,2.154622631082959e-10,3.087307706958899e-09,2.607800443939674e-10,0.9997333431839334,0.00015645552634110634,1.2513696060626286e-06,0.00010894635656941688
7,mlp,6602,4,4,1.2003661172352409e-08,1.6650045500367011e-09,2.2516976043167046e-07,7.557164179868102e-09,0.9999957217504148,1.1789208414163157e-07,3.913961910562176e-06
7,mlp,12355,3,3,1.025438981721051e-06,1.6175362408556199e-06,1.9840445916248397e-06,0.9806094077914861,0.0002564490906650219,0.003563132601532225,0.015566383496502283
7,mlp,10577,3,3,5.608156560720564e-10,6.014214327078246e-09,1.312087008371495e-09,0.9998521326444819,2.694782883727262e-05,9.683072003669683e-06,0.00011122856756028177
7,mlp,872,5,5,4.020291772826769e-06,5.09504328136006e-06,1.647124882061413e-05,0.00509065949342528,3.878462411906429e-05,0.9940879426004978,0.0007570266980829002
7,mlp,8283,6,6,0.002211606821983219,2.324849486493638e-05,5.583578899613183e-05,0.06331939887970599,0.30018053053440663,0.0015568278887901808,0.632652551591253
7,mlp,1922,5,0,0.8010714291231021,0.0001307667107145119,8.939679976083446e-06,0.00014397741492225288,0.0003642354674565785,0.1976123973016318,0.0006682543021964571
7,mlp,6886,4,4,1.9410394881652893e-07,8.930571109251459e-09,0.0004701506189923915,3.5656107331756937e-10,0.9995115710452005,1.232973122777694e-06,1.6841971603221157e-05
7,mlp,4736,2,2,0.0006454138597712235,1.8041159858831087e-05,0.9891108629075461,6.116557912104945e-09,0.010190169988698409,2.290400807250655e-05,1.2601959494844327e-05
7,mlp,12448,3,3,1.5444282041124724e-06,2.691855161908704e-06,3.659723744688869e-06,0.9730037077869081,0.0002950673797399045,0.0076355997251402585,0.01905772910110112
7,mlp,2122,0,0,0.5045599398770625,0.0009357654411335161,0.18849847445905227,0.0001374631514977982,0.0007657855954493764,0.034645097278632304,0.2704574741971722
7,mlp,656,5,5,1.6008452418820714e-06,3.3233278099077648e-06,5.085526421054824e-06,0.002603792996156415,2.1776608209729284e-05,0.9970397198333203,0.00032470086284078117
7,mlp,12219,3,3,3.118900214314256e-07,5.537457291264136e-07,5.094805065406966e-07,0.9916576853883834,0.000170497686916527,0.0006013698993678795,0.007569071909074917
7,mlp,8240,6,6,0.00011775126102386408,1.286667300098858e-05,6.902943050918347e-05,0.00871657305414905,0.02907377466458065,0.00017548466899446058,0.9618345202477419
7,mlp,7946,6,6,5.687657437377309e-05,1.1588564435597934e-05,5.2436345207372085e-05,0.1136427921467099,0.002246690594217935,0.0007011845270620458,0.8832884312479934
7,mlp,5777,4,4,1.9762132873582495e-06,1.9676563669463756e-07,9.310686457126952e-06,4.0546818471727684e-05,0.9992256008788895,9.198825893183625e-06,0.0007131698113645791
7,mlp,4353,2,2,0.1366417894024961,0.00040113143867204036,0.8616851248417758,9.838132092175869e-08,0.0009211110708709256,0.0002312090420261115,0.00011953582283813284
7,mlp,4478,2,2,0.061120700745463684,0.00014836254409044634,0.9376315091219869,5.121301764320623e-08,0.0008270579584758931,0.00019660885568476436,7.570956128069498e-05
7,mlp,9450,6,6,0.0015525005546273283,1.1856660247037567e-05,0.0007083160522316545,0.0005376587888511569,0.00015178210741735476,0.00040602492745162483,0.9966318609091738
7,mlp,1569,5,5,7.277900558160069e-06,4.620015982763038e-06,2.0471076985696736e-05,0.0006983779366913491,2.4258026402181806e-05,0.998746081044047,0.0004989139993328498
7,mlp,3730,1,1,1.1213486662109846e-07,0.999999661396839,2.2639262561149383e-07,3.0639838392606663e-23,7.062738567777296e-11,5.040985518996837e-12,1.5653927302760978e-25
7,mlp,1089,5,5,2.469449752290136e-06,2.267508399678366e-06,6.2940533479127245e-06,0.000979052414407462,1.619177015411738e-05,0.9988325218768823,0.00016120292705621556
7,mlp,5048,2,0,0.6136264868628736,0.005074460969831618,0.3786521201064241,2.4852712234265204e-08,0.00018865785013097121,0.002453580704377687,4.6686536498889795e-06
7,mlp,5916,4,4,2.0919819730964884e-05,8.36295174789808e-07,0.00011127945310796077,2.6766377323705383e-05,0.995200950168668,2.7771526619250044e-05,0.004611476359375146
7,mlp,2674,0,0,0.9999469366267891,1.065350330086316e-06,3.190660580584684e-05,1.6538553349588807e-10,2.6238526586135098e-06,1.735176062597039e-05,1.1563840472430084e-07
7,mlp,7003,4,4,1.760024547535107e-07,5.1151815432717367e-08,7.808378629355234e-05,4.065317742848513e-08,0.999911108965518,1.0585252975287697e-06,9.480915443173415e-06
7,mlp,6088,4,4,1.2644927643793146e-07,1.1649451916492318e-08,8.459137324642259e-07,1.456276890933682e-07,0.9999444960382334,5.264677741019579e-07,5.384785384285931e-05
7,mlp,7940,6,6,0.00016067823778798162,1.3468415268200602e-05,5.8807696223215054e-05,0.016738326680918136,0.0011045058064330588,0.0004441929312074228,0.981480020232162
7,mlp,1583,5,5,0.001341221761129151,7.854621336956647e-05,0.0007903525643127504,0.06956784331595114,0.001452216754009318,0.5715623491284113,0.35520747026281674
7,mlp,2229,0,0,0.9968794833893133,7.09585494045762e-05,0.0012752745877079015,5.414926472228689e-07,5.795779090713855e-05,0.0015440785197481852,0.00017170567027171833
7,mlp,6608,4,4,7.622238717908297e-05,2.0281072114677881e-07,1.1562257362154097e-05,2.4821653832010876e-07,0.9996704821906757,1.614515543015273e-05,0.00022513698209362948
7,mlp,2905,0,0,0.9996975039799473,0.0001385713868767017,0.00014560941575124766,5.143023631247907e-10,2.3988748572199285e-06,1.5867743938992426e-05,4.808432626211127e-08
7,mlp,13298,3,3,6.115135229686799e-05,1.7478466407596414e-05,3.7149250948995457e-05,0.8214006594960034,0.0014318799740748083,0.04786190780673011,0.1291897736535382
7,mlp,7499,6,3,0.0001949888017090649,3.9929348054931105e-05,4.433011424750625e-05,0.6272955892642524,0.002658387728986427,0.01748329688947313,0.3522834778532765
7,mlp,6155,4,4,2.6220177607450253e-06,4.6263239806129675e-08,7.747089046589784e-06,2.4896974820810298e-06,0.9998748095062271,8.690181251953496e-06,0.00010359524499170925
7,mlp,7910,6,6,5.3893907112283245e-05,1.2836250581381544e-05,3.6662108784439914e-05,0.2948727457402689,0.005215251160781155,0.0016354222071101158,0.6981731886253617
7,mlp,4978,2,2,0.01454693423315728,0.00014450633004785748,0.9830503585060889,4.37846505290517e-09,0.0021876858803677826,5.700441421742758e-05,1.3506257655746125e-05
7,mlp,10986,3,3,1.4820108115752625e-08,7.527139441726742e-08,2.11707634879918e-08,0.9893735338275921,0.0018714377532315393,9.230675007780163e-06,0.008745686481902394
7,mlp,9061,6,6,0.0006559496665046126,7.793756930919634e-06,0.00018789468596225054,0.0016412712860536984,0.00047621892807185384,0.0004674519032558182,0.9965634197732207
7,mlp,7264,4,4,0.00024642158250035826,9.309471625327663e-07,0.0017954943220222647,4.2242337922323986e-08,0.9974914689585664,3.744850427972643e-05,0.00042819344313066497
7,mlp,3636,1,1,3.513327305112621e-06,0.999935520952894,6.096086162310005e-05,3.3411290474833148e-21,4.816010058288192e-09,4.216770967517387e-11,3.4216975337576185e-22
7,mlp,5557,4,6,1.711457469340077e-05,1.1214560497767067e-05,1.3125693066971955e-05,0.18594390881690043,0.31087319348239045,0.00021446421226966353,0.5029269786601814
7,mlp,11693,3,3,2.947541270586088e-07,6.346637868230147e-07,3.3610810641691414e-07,0.983417643516694,0.0005559886260305042,0.0001039101598836643,0.015921192171371445
7,mlp,3898,2,6,0.015862880073780696,6.681746671873582e-05,0.04823017239272333,0.00020607225587834427,0.05819083557566839,0.0025765068891728535,0.8748667153460576
7,mlp,82,5,5,3.0330676156009343e-07,3.724263240375533e-07,8.641127637918922e-08,0.0002387420574007808,2.7953849315917423e-06,0.999752787438917,4.912974388756171e-06
7,mlp,233,5,5,2.962660118886976e-07,5.636812150400795e-07,1.983475820952552e-07,0.00018988015411071133,3.039002590954321e-06,0.9997979532859236,8.069262565870344e-06
7,mlp,2296,0,0,0.9672228766215232,0.00016243003853498372,0.027373548207945884,1.267325694214279e-06,0.0012052662152682006,0.0016732230370185945,0.002361388554014938
7,mlp,12453,3,3,1.3381421188690669e-06,1.7346111216714139e-06,2.2810800148701245e-06,0.9747559014358068,0.000224202211881821,0.004586876315737363,0.020427666203318675
7,mlp,7893,6,6,0.00031325894717635505,2.2087386870183055e-05,3.411163485959609e-05,0.4349174320021526,0.0073899574123240394,0.005344521661417174,0.5519786309552001
7,mlp,12658,3,3,2.1121694336768956e-06,2.7727525959087525e-06,3.960131295948993e-06,0.9698069020438442,0.0002930445348007146,0.0053026140301650525,0.02458859433786443
7,mlp,6397,4,4,4.056822144607705e-06,1.8345855324842605e-07,2.317141689304961e-05,1.1213824199794297e-06,0.9978716974513642,7.972957792610686e-06,0.002091796510832331
7,mlp,2842,0,0,0.999834491293905,2.6072014314350992e-06,0.00011829519748772506,1.3618879168385242e-10,9.87849486199301e-06,3.4499276005938485e-05,2.2840011921599122e-07
7,mlp,12056,3,3,7.61122107846761e-08,2.16064530502826e-07,1.809581179411586e-07,0.9924688454764448,0.0005110759476122624,0.00013298179749266894,0.006886623643591323
7,mlp,4585,2,2,0.01053705138115094,9.8341537993934e-05,0.9838809819044975,1.523474353765566e-09,0.005422031651627246,5.675900035795242e-05,4.833000898129683e-06
7,mlp,5039,2,2,0.006990341066141819,0.00019433441040946292,0.9919642975664459,2.7989400537867256e-09,0.0007724079913148066,7.68884396509442e-05,1.7277270970838134e-06
7,mlp,921,5,5,4.3687338942514773e-07,1.2616629044898072e-06,3.155373796423837e-06,0.0010531055112931937,9.66558604767625e-06,0.998869729681384,6.264531118478933e-05
7,mlp,1993,5,5,0.0007109664691919645,5.8429497580743765e-05,0.0014332163922143976,0.00022704655293963967,0.00014943846264596196,0.9932505389362805,0.004170363689146637
7,mlp,9533,6,6,0.027252797933298545,0.00018008091946235198,0.012499399774409704,0.0019718347133109147,0.0008487788311022831,0.2681078943409091,0.6891392134875071
