seed,model_name,sample_id,true_label,predicted_label,class_0_probability,class_1_probability,class_2_probability,class_3_probability,class_4_probability,class_5_probability,class_6_probability
5,mlp,1223,5,5,1.935512124112911e-06,7.468629755876052e-08,4.9491068026886756e-06,0.00030749689982580505,5.764983402888509e-06,0.9995604048384694,0.00011937397307744196
5,mlp,11769,3,3,1.4312092954457136e-07,5.85151351963796e-06,8.976655977869219e-08,0.9967458401319839,0.0005020920344555163,5.316672351751189e-05,0.002692816709034424
5,mlp,12059,3,3,1.1957638222719049e-06,9.312766498641744e-06,9.92762212266239e-07,0.979563311564918,0.000386991809063995,0.0002717351122414011,0.01976646022124359
5,mlp,7126,4,4,7.487701866320109e-07,9.819924011587135e-09,0.0003491194956607322,1.8561970724884054e-08,0.9996035143466385,1.1386209658351556e-06,4.5450384653473665e-05
5,mlp,638,5,5,5.882168999286327e-07,1.7817194954130283e-07,7.141648031539731e-06,0.003995046032927564,1.623707477233631e-05,0.9954314876279793,0.0005493212274396923
5,mlp,13211,3,3,3.955987477442519e-05,7.582504012632678e-05,7.181958580855521e-05,0.7616543057474338,0.0025163859092513625,0.006087068716261298,0.22955503512634426
5,mlp,12549,3,3,3.640312696983032e-06,2.1163203833544302e-05,7.363201868074693e-06,0.9225255404118101,0.0010402508262228384,0.0014933209221696328,0.07490872112139886
5,mlp,10682,3,3,2.9788444152862175e-10,1.8506248600420794e-07,9.840950718804265e-10,0.9997844831519099,7.449917478844914e-05,5.918062322625416e-05,8.165070560962918e-05
5,mlp,2639,0,0,0.9999653731748178,2.85879330740502e-07,2.5466913335582735e-05,3.0257029230797843e-09,6.122636299545227e-06,2.736263445597704e-06,1.2107067976538265e-08
5,mlp,11764,3,3,1.4752549724301142e-07,4.262011560663102e-06,7.209198770255679e-08,0.996465825814377,0.0005714863462025789,4.393484088547845e-05,0.0029142713694892634
5,mlp,10311,3,3,4.172211610419529e-10,3.379603319113031e-07,2.1216458288994112e-10,0.999839326601917,0.00010855645362930728,1.8128599865177459e-06,4.996549474954376e-05
5,mlp,1606,5,5,2.8403954335145016e-06,3.851326142570021e-08,5.863124836830761e-06,5.767392626201603e-05,2.2492932026154634e-06,0.9999112076425039,2.0127104499617722e-05
5,mlp,10888,3,3,1.3119545289168065e-08,1.047077345772343e-06,5.702748652265192e-09,0.9991080365183267,0.00012637391668747904,8.908060196924536e-06,0.0007556156051492215
5,mlp,13206,3,3,7.124523501541353e-05,7.015599026772376e-05,3.911029682453006e-05,0.646022839160556,0.002491342447080324,0.0012585828581995542,0.3500467240120565
5,mlp,1755,5,5,2.4604213904096615e-05,2.5293616446341745e-06,0.00024769533274524366,0.0009400504717336916,8.701315189519831e-05,0.9943352993772306,0.004362808090846583
5,mlp,8677,6,6,0.004269783045587363,7.898771229426794e-06,0.0003023154266078672,0.004544145734128835,0.0008784332469376291,0.0011088204372301201,0.9888886033382787
5,mlp,6761,4,4,1.3658855289384038e-06,3.760815200574429e-09,2.2490634227027924e-05,3.089355447309536e-07,0.9980944459211678,4.987653847800947e-06,0.001876397208868546
5,mlp,10611,3,3,1.2765113662168346e-07,3.682215353339045e-09,6.118950243636534e-11,0.999858684248409,0.00010380370802827098,2.048591812843345e-05,1.6894730892853257e-05
5,mlp,13061,3,3,1.043424691672376e-06,1.2802514533049138e-05,1.2075353199109411e-06,0.9659604518064313,0.0011707986508763966,0.0011442051816100707,0.03170949088653772
5,mlp,9005,6,6,0.0025779981203590033,3.3608548356435496e-05,0.006810771092744967,0.006611616407749545,0.001142839380886412,0.2804773275172712,0.7023458389326324
5,mlp,10789,3,3,8.257844266026693e-09,1.1502158294410434e-06,1.984206777417743e-09,0.9995928088354646,0.00016023670541768974,3.4943571694971896e-06,0.0002422996440676129
5,mlp,7761,6,6,0.0001936613234092377,5.690597594295469e-05,0.0002394739629019607,0.08729066432906102,0.28538404254311484,0.00038692916802071057,0.6264483226975494
5,mlp,289,5,5,6.287681388670595e-06,7.299214459732203e-07,9.626522900776575e-06,0.04278827002727892,9.576118789975769e-05,0.9552108584979131,0.0018884661611728957
5,mlp,12370,3,3,9.895758822659687e-08,5.731731815069333e-06,8.202275624799301e-07,0.9769973076293869,0.0005813320812237576,0.01702290272992256,0.005391806642500957
5,mlp,6968,4,4,4.083160391951112e-05,1.8151474111946466e-07,0.010015176528567789,2.797847406163057e-07,0.987678977114075,3.047352039975462e-05,0.0022340799335564057
5,mlp,1721,5,5,2.967113675277674e-06,6.275484563401074e-07,4.556868700695849e-05,0.0003064692361581642,2.433834601571013e-05,0.998974679859179,0.0006453492095086219
5,mlp,6805,4,4,1.5478436264024963e-07,3.426670699369334e-08,0.00023330836884662926,7.166410013326347e-11,0.9997618415634002,6.590071874392381e-07,4.001937831769193e-06
5,mlp,1890,5,5,2.438997827581946e-06,3.6065120205706954e-07,5.225164500259342e-05,3.6695090079417985e-05,1.1120451830327313e-05,0.9997819794604916,0.00011515370356643069
5,mlp,3758,1,1,4.798517493276064e-10,0.999999998679818,7.566855113606162e-10,1.9461171978800253e-25,8.364456635045765e-11,3.234449059286056e-18,1.6206623646365627e-36
5,mlp,6354,4,4,9.742781315547673e-07,8.685186563052185e-08,6.32969590886811e-05,3.836471937097511e-06,0.9993572278098302,3.570658036936975e-06,0.000571006971109848
5,mlp,9741,6,6,0.009036843692266788,7.6203116199614125e-06,0.01712475381649601,0.00019517216622750978,0.021234593214378372,0.0010495546966128024,0.9513514621023985
5,mlp,5171,2,2,0.1103580849700518,5.5531666539888896e-05,0.8895051869319898,2.850458440488329e-11,8.017342490126731e-05,1.015611565990044e-06,7.36644669241429e-09
5,mlp,2726,0,0,0.9999885928787056,2.4763538578534218e-08,6.193097414814724e-06,2.388060016739429e-10,4.934103569554442e-06,2.5180787690277036e-07,3.1100887742348397e-09
5,mlp,50,5,5,2.0949430435610224e-08,7.520746667564162e-09,2.0514568562618935e-07,0.002543079634404861,2.4094807580997536e-06,0.9974306177799881,2.365948898633583e-05
5,mlp,7845,6,6,0.000515578928280346,7.097846975004738e-05,0.00030583635189965414,0.07535506805599333,0.001847427387655075,0.0004142828730223242,0.9214908279333993
5,mlp,2257,0,0,0.9462273619143752,3.226985843370876e-07,0.006359431585980535,1.191402086965283e-06,0.04688113642750028,3.3423300679742865e-05,0.0004971326707928438
5,mlp,11131,3,3,2.744409151800172e-09,2.4916005661648697e-07,1.4751002053454904e-08,0.9979233447625175,8.100732502741428e-05,0.0010923425560136445,0.0009030387009737096
5,mlp,4829,2,2,0.005280008619901117,7.258962949821431e-07,0.9919100512837864,2.564690145453716e-11,0.0028086843888217436,1.3475449537331115e-07,3.9503105358371377e-07
5,mlp,9577,6,6,0.005685118767961397,1.217459805449747e-05,0.012436726783248373,0.00042891831303502393,0.027257367780741497,0.0010703632773766667,0.9531093304795825
5,mlp,8329,6,6,0.0002839386678129705,1.629297340696984e-05,0.0004219740927749262,0.022184985001064583,0.07017318809825727,0.0005731314374489727,0.9063464897292344
5,mlp,6061,4,4,1.380613086541048e-06,1.644731357499905e-07,8.049635806909431e-05,9.351809593209942e-06,0.9986239568557713,2.826129385250554e-06,0.0012818237609588767
5,mlp,3405,1,1,6.109960330528475e-05,0.9999010201975065,3.775353497087915e-05,5.903024118143478e-19,1.2664561706764031e-07,1.8600403065068714e-11,2.907535973599977e-25
5,mlp,1795,5,5,1.2293688500302342e-05,4.879879517221522e-07,0.00011801441130236761,0.0001584258079507706,1.7962552281917473e-05,0.9987367520117166,0.0009560635402962106
5,mlp,6510,4,4,0.00010957572359984703,4.843603520800616e-07,0.001722434950823471,4.904373243292823e-06,0.9946633010575321,1.062625683261603e-05,0.0034886732776166947
5,mlp,2322,0,0,0.9999551174083501,2.9109147354340275e-10,7.949150811206543e-09,2.154173324774965e-09,2.0727449404032593e-06,4.279907625358144e-05,3.7604036921399227e-10
5,mlp,7750,6,6,5.439482669834861e-05,5.7821845889905905e-06,1.0764152171748129e-05,0.05712958191276073,0.0006357912381301522,0.0006530332219150245,0.941510652463735
5,mlp,6779,4,4,5.104317584615698e-07,1.9132301491539684e-09,1.0940355598820487e-05,1.343502051518734e-07,0.9990308527784969,1.7015995675650908e-06,0.0009558585711428099
5,mlp,8012,6,6,0.0002637526877075844,3.273034982664488e-05,0.00028790699675906644,0.029699300370766988,0.0016160997082762603,0.00030657248861584165,0.9677936373980477
5,mlp,1844,5,6,0.001210546314217617,3.3047492144444e-06,0.00013091555202469988,0.001002934642485823,0.00047653106083996445,0.0012950747422852493,0.9958806929389323
5,mlp,8476,6,6,0.0018448873071573722,6.848762681398527e-06,0.00016356870020154782,0.003291754639171271,0.0010919748315158348,0.0002799810209000183,0.9933209847383726
5,mlp,9209,6,6,0.0006365994235551076,4.443035503480045e-06,0.0005537032678656113,0.0010313583468337531,0.00138099158362595,0.0002935910455194078,0.9960993132970967
5,mlp,2008,5,0,0.6795869406390243,2.498556219259651e-05,0.07257513690484003,0.00018021623731928873,0.001798573189181054,0.019912326383725736,0.22592182108371706
5,mlp,3792,1,1,2.9519021079165186e-13,0.9999999999756684,2.3314728335561823e-11,1.6071944704842704e-27,7.219175063679217e-13,4.509185767478154e-20,8.41276623667804e-40
5,mlp,1169,5,5,1.234878656124549e-07,6.459609917077856e-08,2.8027198594636625e-06,0.0004662688621413307,5.938220818619819e-06,0.9994191901723539,0.00010561194086187047
5,mlp,13514,3,6,0.0003780821854545678,3.2692239535523217e-05,0.0003667569298920093,0.06721623045243551,0.003262458070259601,0.0008076557816170186,0.9279361243408059
5,mlp,6575,4,4,0.002358929788215577,2.646712018033177e-06,0.10580416840659553,6.712244763794392e-06,0.48583556992704224,0.00031029316305704785,0.4056816797583077
5,mlp,9409,6,6,0.002784027874174929,3.1885302455940754e-06,0.00026061111831077725,0.0009329727350288598,0.0008529753630236046,0.002097268484469331,0.993068955894747
5,mlp,4500,2,2,0.0005663807381293377,3.9887108002038377e-07,0.9993215150003959,1.1784517054290707e-11,0.00011064598004435948,3.4392780020084427e-07,7.154707657277595e-07
5,mlp,3558,1,1,8.77234365344277e-09,0.9999997744886064,2.156885857129878e-07,2.432296432854665e-22,1.0504616583632212e-09,2.491154668716557e-15,7.472943805310089e-31
5,mlp,5069,2,2,0.0008416707106723377,5.5193166464208605e-06,0.9990956935287723,2.3017335105722977e-12,5.676195251788383e-05,3.4243081629552236e-07,1.2058273192508979e-08
5,mlp,12381,3,3,6.43987616534299e-05,1.2737874712896987e-05,2.3473712059718975e-05,0.9121464170019289,0.0006870596913077363,0.005504558804343992,0.08156135415399353
5,mlp,11994,3,3,2.609669346666556e-06,1.3494737622956797e-05,1.414330493426993e-06,0.9593354024784116,0.0009383640861691594,0.0001238116159197101,0.03958490308203653
5,mlp,5312,2,2,0.0021809977308024386,1.4505710454321839e-05,0.9977482736971081,3.896961958804807e-14,5.6178275629093425e-05,4.4501432527647264e-08,8.45344592943401e-11
5,mlp,2736,0,0,0.987638221323686,9.668668086489006e-07,0.012108121567761108,8.6688334669941e-10,0.0002520103593120849,3.9267861187287125e-07,2.863369371308383e-07
5,mlp,3509,1,1,2.845501578838955e-08,0.9999999615586003,9.875074343565587e-09,4.442270497958271e-21,1.1122576329266158e-10,8.396879394018633e-14,3.782597329672216e-31
5,mlp,6516,4,4,8.990801876556315e-08,3.1180431432712353e-08,1.523673255924498e-05,9.308721321704978e-10,0.9998899203368828,4.66924996297399e-07,9.425398623932636e-05
5,mlp,2591,0,2,0.03077567949357551,1.5345679902817156e-06,0.9683747404963774,2.36839749752305e-10,0.000823533028430421,5.3245206083641655e-06,1.918765617808054e-05
5,mlp,5599,4,4,5.9014897149574304e-05,3.1037140493548206e-05,0.0001509634072943726,0.0409268359897103,0.6953418812988506,0.0002988794682763273,0.2631913877982253
5,mlp,3976,2,4,0.0022999953207877666,9.64501832960623e-08,0.16083299541679297,1.7965143354605187e-08,0.8350641921163691,3.555965715499876e-06,0.0017991467650081542
5,mlp,4781,2,2,0.04005865841224827,3.4647126678699604e-06,0.9592527076125122,3.938647789195936e-10,0.0006814000549942086,2.2753424897365353e-06,1.4934712228424854e-06
5,mlp,7684,6,6,0.00024611421303236206,5.266648812915808e-05,7.821461069376294e-05,0.44132276153987804,0.03274900414650594,0.0007834716530851627,0.5247677673486756
5,mlp,4534,2,2,0.07519007655897056,9.979544377015688e-07,0.9200404990690805,6.139553874301195e-11,0.004762158330793828,2.745862715036965e-06,3.5221626069011414e-06
5,mlp,112,5,5,8.767974015763087e-08,1.466756334032037e-09,9.689072572933804e-08,0.0003519275171163757,7.349206133880301e-07,0.9996458535040382,1.2980210098021823e-06
5,mlp,3984,2,2,0.015432326148273487,3.5783767785369958e-06,0.9710970609734103,3.540830983730544e-08,0.011070639555652977,4.151877529683464e-05,0.0023548407622782245
5,mlp,4000,2,2,0.047351796025893136,6.221182453085249e-07,0.9403808583830311,4.911433933487077e-09,0.011854170288965647,4.4681100326332355e-06,0.0004080801623983193
5,mlp,7209,4,4,0.018240866382733378,2.523588186771596e-07,0.008267051524163987,9.169113004232669e-07,0.9651035386107869,0.0003822497474923827,0.008005124464704154
5,mlp,6790,4,4,4.7286151737065014e-07,1.4759849371079152e-09,1.2123810142013703e-05,6.69142046923329e-08,0.9993472984567158,7.612741584198615e-07,0.000639275207276692
5,mlp,1276,5,5,0.0002528437298995304,4.965483324298813e-06,0.0003722011151783115,0.0134318163827022,0.00016428450724901433,0.9637958873204948,0.021978001461151923
5,mlp,3316,0,0,0.9999998539961241,2.1139410444255097e-09,4.252954582380631e-08,3.702432053523205e-14,1.0126788327291254e-07,9.246502202987334e-11,3.791789629795426e-15
5,mlp,12377,3,3,4.1168808114015746e-07,6.0301596623001e-06,5.923942598023034e-07,0.9890534593283328,0.00041606585284156356,0.0005840016032232368,0.009939438973599325
5,mlp,10403,3,3,1.2733220966326182e-09,9.959736833300223e-08,6.478431679056825e-10,0.999618542655073,3.0053406252572878e-05,6.654702531292143e-06,0.0003446477176096028
5,mlp,886,5,5,1.090566586725289e-07,7.493237431368066e-08,3.2410027853804027e-06,0.0007458150770823981,6.289213106208223e-06,0.9991205193543587,0.00012395136363432357
5,mlp,6246,4,4,3.82297730659034e-06,7.41040913131203e-07,0.0005622160766510099,0.0001540864540121051,0.9908905883118481,0.0005090416734342485,0.007879503465834835
5,mlp,13071,3,3,8.520869771556032e-06,1.4657699270334459e-05,8.932670331577215e-06,0.6895304483008208,0.0011077498339502902,0.0027693818966922834,0.30656030872916323
5,mlp,11246,3,3,6.6889027149379264e-09,5.350914803662675e-07,3.688976964629251e-08,0.9980620660156835,0.00010750302832920434,0.0008145050247848853,0.0010153472610497716
5,mlp,3103,0,0,0.999937811831132,8.706675347796894e-06,4.822610452163298e-05,5.055768673506473e-10,2.7351229142249387e-06,2.5196605535269783e-06,9.99538067996592e-11
5,mlp,12789,3,3,1.7141110667471234e-06,1.3874386094206424e-05,7.660647553911654e-06,0.9380520325870046,0.0009553258822801681,0.035429273812905795,0.025540118573094593
5,mlp,5647,4,4,3.1730676211589575e-08,5.0652257090906476e-08,6.408844291235605e-07,6.471044558831376e-05,0.9997751013466836,8.988595535319042e-07,0.00015856608081221322
5,mlp,4532,2,2,0.06935288168587889,2.9213580255591982e-06,0.9304742605266166,6.198355102050059e-11,0.0001684671216977004,9.491434227810328e-07,5.201023751210047e-07
5,mlp,228,5,5,6.606950613304782e-09,4.192255965114656e-08,3.815842047465541e-07,0.005237489179203501,9.35970094024394e-06,0.994678089156737,7.463184940430518e-05
5,mlp,11230,3,3,2.6606559062896515e-07,4.996884048405879e-06,1.124596131655599e-07,0.9936278897948791,0.0002460959557032518,2.1090070075968682e-05,0.006099548770089519
5,mlp,12610,3,3,6.243873670695704e-07,4.8753162000838716e-06,8.637809772104405e-08,0.9789108576803769,0.002233647796707952,0.00012753192804127153,0.01872237651320899
5,mlp,1812,5,5,0.0003132416044208241,2.4149530423337372e-05,0.0022046401348556873,0.01186983985823502,0.0016596137689250884,0.6164148380049653,0.36751367709817484
5,mlp,7267,4,4,0.0002826676040116101,1.0244973117481894e-07,0.01328368113100916,4.594041073399107e-08,0.9860110941560116,8.602395176221145e-06,0.00041380632364941897
5,mlp,6490,4,4,3.158384087713378e-06,1.5083946789354292e-08,5.677456007968752e-05,5.10790697436924e-07,0.9926600482573497,3.0958011248108273e-06,0.007276397122713858
5,mlp,3497,1,1,1.4064192856914552e-07,0.9999983112816165,1.5095990811775977e-06,2.800564975488559e-21,3.847736924042617e-08,4.771237890171017e-15,4.60533135141277e-29
5,mlp,10529,3,3,9.59973419773466e-10,1.2346796713786445e-07,4.805950859093493e-10,0.9996998264100236,3.749252438437788e-05,6.6267252800963456e-06,0.00025592943177619955
5,mlp,2832,0,0,0.9999839228603,1.0693879391620446e-07,3.231954225412132e-07,4.633517799871597e-10,1.8173938111808162e-06,1.3829118620329467e-05,2.970047079699708e-11
5,mlp,875,5,5,2.888119655239904e-07,1.7272014628936457e-08,2.1067880426723742e-06,0.00030276950816408334,2.1798359555686975e-06,0.9996092398786743,8.339790518317691e-05
5,mlp,8611,6,6,0.003759623077202866,3.554343460392983e-05,0.0023102103224832715,0.008256913093238376,0.03483762548660958,0.0004233785297130354,0.950376706056149
5,mlp,11553,3,3,1.750258438148218e-07,3.6654911125424774e-06,7.09997030977989e-08,0.996392629762703,0.00023215435441956286,3.8282863444923976e-05,0.003333021502773167
5,mlp,2303,0,0,0.9936979757639313,1.8322311122578403e-05,0.005273769593781218,1.4517559238733514e-06,0.0005537735054920831,0.00026455305621676887,0.00019015401353243496
5,mlp,5825,4,4,4.5356173194167445e-06,2.9053243913578003e-08,0.000170540905474594,5.069992944566587e-06,0.9959404482979367,6.169133873375381e-07,0.0038787592196933736
5,mlp,9570,6,6,0.0009472163883300242,2.3794829486465494e-06,0.0028452446601260764,0.0001571419693003585,0.1247101624606415,0.00020582871759936553,0.8711320263210539
5,mlp,10163,3,3,9.800492225781935e-11,1.470648701032789e-07,4.648646532034154e-11,0.9999088287050286,7.602791990208094e-05,7.976709717254457e-07,1.4198494735957702e-05
5,mlp,4732,2,2,0.00010277607974727089,3.6352120758057484e-06,0.9996507835775646,3.162671875880935e-13,0.00024271964756605722,7.529353614347107e-08,1.0189193832962699e-08
5,mlp,12784,3,3,2.8329982492409285e-06,1.3507962667078203e-05,1.3626882853036338e-06,0.9474056293631935,0.0014971509614659598,0.00045547147221345106,0.05062404455392533
5,mlp,3970,2,2,0.054136025563082,1.2488494461414164e-05,0.9029127434468802,1.5676315973392466e-06,0.007423668467051151,0.012953040929713529,0.022560465467214425
5,mlp,3821,1,1,1.0934733108881622e-13,0.9999999579284249,3.912145638926306e-08,1.4889678143774355e-29,2.9500094992536346e-09,2.059104022204086e-21,6.915568057162639e-39
5,mlp,8999,6,6,0.0004063274961960295,8.315710680357024e-06,0.0010732879411757524,0.0041554292493655096,0.0007366044874610172,0.012703104275477188,0.9809169308396442
5,mlp,5087,2,2,3.31493441827804e-05,4.069891589150162e-07,0.9976762211385061,2.286309945787013e-13,0.002290188068103447,2.109878732900222e-08,1.3361032790898414e-08
5,mlp,8917,6,5,0.007173618890339061,1.3232936252203272e-05,0.003885124461690623,0.003644908868846408,0.0004940448375691679,0.7758255370900883,0.2089635329152142
5,mlp,12089,3,3,1.2587901427187248e-06,3.7816615607621274e-05,1.0549474905370163e-06,0.9715310742829868,0.006012916656438183,4.355794362608292e-05,0.022372320763707893
5,mlp,2897,0,0,0.6407876089160436,8.903165224524918e-05,0.358868747761388,2.7194999538347278e-09,0.00024061721449355626,1.332373044251314e-05,6.680058871650276e-07
5,mlp,8019,6,6,0.004072360758140778,6.465036410510426e-05,0.0004822195138889839,0.13312988541126988,0.0031171858248438735,0.0031354120575221526,0.8559982860702292
5,mlp,4834,2,2,5.4187752279502704e-05,2.958866943508812e-07,0.9995638447692118,9.915593592200238e-13,0.00038150025831654627,1.1489133367730333e-07,5.6441172688062966e-08
5,mlp,11272,3,3,5.656362831751868e-08,3.0292206312163315e-06,2.8371334631748986e-08,0.998043896384328,0.00029339600454635805,1.9130728050872653e-05,0.0016404627274804156
5,mlp,8362,6,6,0.0005697739233278461,1.7686956161776013e-05,4.844374775054392e-05,0.06139028130377935,0.00638705387726365,0.0012320423208773685,0.9303547178708396
5,mlp,12012,3,3,6.608969644029523e-07,4.726060828521776e-06,1.5234981387687422e-06,0.9797074364325432,0.00029450915561532,0.0017503387022711704,0.0182408052536388
5,mlp,8605,6,6,0.0003162250462368232,1.938646673179703e-05,0.00038166259053897406,0.004576420732458451,0.0010270715609106296,0.0001954110571102704,0.9934838225460131
5,mlp,12760,3,3,4.751066863836883e-07,1.1177506911887286e-05,1.747410816319253e-06,0.9820323367058614,0.004762638419422987,0.0007461622432470956,0.0124454626070539
5,mlp,5011,2,2,0.0012317210376676737,1.615280854678408e-05,0.9986766343556157,1.5690403896877933e-11,6.886089733745528e-05,6.584626034533603e-06,4.6259107421287025e-08
5,mlp,12551,3,3,1.0900306334631225e-06,1.3072911375079416e-05,3.5090738493980215e-06,0.9776822958327811,0.0007206596800418132,0.0021772809728002503,0.01940209149851899
5,mlp,10109,3,3,6.734339421349479e-11,1.530774624191776e-08,1.708481450453139e-10,0.999941045400648,7.71115756611276e-06,3.0980073461933597e-05,2.0247822386315928e-05
5,mlp,2310,0,0,0.9440222039648338,7.858356760112517e-06,0.05520352234952214,6.947501490134522e-07,0.0001995240251794306,0.00022881374059293463,0.00033738281296261677
5,mlp,13491,3,6,0.0011581680864597614,2.027236800349304e-05,0.0001705482864921929,0.07476993858643544,0.0011238162422152961,0.0063031313993435365,0.9164541250310504
5,mlp,2790,0,2,0.04703023859469164,0.00018203975481543403,0.9520772498618391,1.144255899125954e-08,0.0006404428712180223,5.306689571264545e-05,1.6950579164130468e-05
5,mlp,2433,0,0,0.9999346809362629,2.1651101923317196e-07,4.65932121794216e-06,2.256245962378346e-08,1.4923559613703798e-05,4.547088256532025e-05,2.6226861441442737e-08
5,mlp,10036,3,3,2.9144668755922275e-11,3.153958081103082e-08,1.3497686278172422e-11,0.9999677880213537,2.05284551233907e-05,3.964983232965837e-07,1.1255442976608692e-05
5,mlp,6497,4,4,7.366479433749874e-07,2.6782456703818563e-08,5.162044439811779e-05,3.996892330008028e-07,0.9998561371464452,3.14632212016476e-07,9.076465731155812e-05
5,mlp,6191,4,4,0.00021347581636201352,1.1884392124598547e-07,0.00017902361729267945,3.308197339690585e-05,0.9492004528377178,4.668515606308178e-05,0.05032716175524635
5,mlp,12253,3,3,1.0604095722975246e-06,5.493196338623385e-06,1.6510843764535945e-07,0.9730908187100373,0.0011536523383938718,8.620264198397966e-05,0.025662607595236336
5,mlp,8690,6,6,0.000989848776905311,1.93405726948061e-05,0.0003327157425224282,0.00638039981140904,0.0005512545339249038,0.0035731113258770843,0.9881533292366663
5,mlp,8795,6,6,0.0002606167041666229,9.032866483736632e-06,0.0005343136241185979,0.0015225666442665888,0.0046126964246948985,0.0001170431354657588,0.9929437306008038
5,mlp,9949,6,6,0.003989686484815067,1.3803123530676192e-06,0.0034884887660597596,0.00019728213113664068,0.09838933477448882,0.020870363014471004,0.8730634645166756
5,mlp,10625,3,3,7.998870477254833e-10,1.8012155685783435e-07,3.514687963345245e-10,0.99975666610685,6.859446183169473e-05,5.223320196330371e-06,0.00016933483820918724
5,mlp,8144,6,6,0.0026405503234373565,4.512615376703965e-05,0.0006732153061343923,0.04547308497067831,0.002431189603108308,0.0009240221871812328,0.9478128114556933
5,mlp,5982,4,4,2.8329486217608708e-08,5.8582148158659884e-09,1.0950238003396408e-06,6.2526219794875855e-06,0.9997348682155356,1.3639121975459302e-06,0.0002563860387861489
5,mlp,12828,3,3,9.69514927552667e-07,1.8457652025474573e-05,5.252080243463315e-06,0.9738700846659925,0.0013395113442530027,0.004546426542677136,0.020219298199881053
5,mlp,6198,4,4,1.4122226726898708e-09,1.1288545115083791e-10,2.7842454523087888e-08,6.521657077082776e-07,0.9999555487826074,3.2572188434859523e-07,4.3443962237892146e-05
5,mlp,7633,6,6,7.268306838168921e-05,3.759290380123728e-05,2.011869842013579e-05,0.4384922801846031,0.005721345794440918,0.0007766428061978514,0.554879336544155
5,mlp,551,5,5,2.8213188275804717e-08,1.7241174013540134e-08,1.001284802447915e-06,0.0006113162522843519,2.525268560587802e-06,0.9993417778822552,4.333385773502337e-05
5,mlp,1658,5,5,4.5033792366479356e-05,2.5253302774036695e-06,0.00030022172206079124,0.0016093356197956607,7.64689461056204e-05,0.991435521285684,0.006530893303709862
5,mlp,2802,0,0,0.9923942200436766,7.391778344102588e-08,0.00686788239256469,2.551589886384448e-10,0.0007371689518781773,3.464322297124999e-07,3.0800670833126e-07
5,mlp,8760,6,6,0.0004840685496866594,1.3102425219340964e-05,0.0008383043443499436,0.004141606092170066,0.0006788184149857294,0.0015187864890947097,0.9923253136844935
5,mlp,10689,3,3,8.436751137209676e-09,1.454583886316428e-06,4.788078512853349e-09,0.999224971750386,0.0003102408596962944,3.382195853054958e-06,0.00045993738534861245
5,mlp,5571,4,4,1.1486231306168695e-06,9.983325613472377e-07,3.768174034434261e-07,0.053084129234394234,0.9216175806052235,6.105414599996349e-05,0.025234712241286972
5,mlp,12304,3,3,2.0359384279448743e-08,1.8510058912885676e-06,1.4971920581539805e-08,0.99814965755665,0.0005053970507562661,0.00011170696172778642,0.0012313520936696374
5,mlp,7923,6,6,0.00028814296735646486,1.675306785314104e-05,5.845349059722198e-05,0.08229139659724947,0.0009926042922389466,0.011559486448501142,0.9047931631362036
5,mlp,5197,2,2,0.006021908097376904,3.368987956300289e-05,0.9938970591907663,3.836220771615205e-12,4.718511907397044e-05,1.5580233427555978e-07,1.9070493469037916e-09
5,mlp,13409,3,6,0.00014058417643050545,5.795815738765317e-05,0.00019568718110284672,0.37592948978048735,0.0038278730532370266,0.004594828849132342,0.6152535788022223
5,mlp,12169,3,3,3.5870029551855566e-08,2.1636802521943713e-06,6.932284202256779e-08,0.9936847610908215,0.0002967644112139521,0.0003050045172966049,0.005711201107544261
5,mlp,6348,4,4,1.4441319654651833e-05,3.306707090199142e-08,3.65576658405395e-05,8.913456328554724e-06,0.993824721189967,1.285692213872373e-05,0.006102476378999771
5,mlp,3683,1,1,1.3546292865451765e-11,0.999999338447304,6.604154712840291e-07,1.6028574454489307e-26,1.123678306326374e-09,5.9659359442385504e-18,1.927046099101617e-34
5,mlp,9767,6,6,0.12513485435789853,3.584408336145578e-05,0.01825579790658113,0.0011729168079672669,0.0031418482380021913,0.09197959940587513,0.7602791392003143
5,mlp,5295,2,2,0.007430433235877968,1.777431632458667e-05,0.9906175162555975,7.407333414375862e-12,0.0019342170645349271,5.439416314689291e-08,4.726094396421613e-09
5,mlp,8782,6,6,0.0003217820947260423,1.032645198713548e-05,0.000603138753009535,0.0017683901943151027,0.002439199084621232,0.00011295429480190938,0.9947442091265392
5,mlp,5504,4,3,5.751118893067783e-06,3.479567748333191e-05,1.39068482727677e-06,0.9427883714863058,0.049824973018644116,1.54414329121283e-05,0.007329276580934279
5,mlp,11688,3,3,4.833346495925083e-07,1.1466293469001438e-05,2.1624726567362368e-07,0.9911381542003189,0.0012969285445570639,2.5572127375784113e-05,0.007527179252364022
5,mlp,13118,3,6,0.000186322596062315,4.122381033944226e-05,3.47542612728826e-05,0.28796981191758525,0.003142638413364656,0.0004258725991804563,0.708199376402195
5,mlp,4152,2,2,0.01238271766480136,1.434516349309188e-07,0.9395826378528349,2.1969134753956764e-10,0.04794558378887904,1.997596576697197e-06,8.691942558183175e-05
5,mlp,11042,3,3,4.4038013474676094e-08,7.03160541995622e-06,2.516527358751942e-08,0.9975922569773086,0.0008810729365027688,5.276754138663864e-06,0.0015142925233430583
5,mlp,1685,5,5,5.220749544959052e-06,1.4104707042779274e-07,1.5905970548187453e-05,0.0001306449278176851,6.2712712325320996e-06,0.9997519584847411,8.98575490450377e-05
5,mlp,9343,6,6,0.0038261663632147874,1.5245577273242558e-05,0.003738389807320504,0.002584282739514744,0.0008652893259930315,0.10829234095177856,0.8806782852349052
5,mlp,4140,2,2,0.012542416384334764,2.0564223252020143e-06,0.9868352423246392,1.6985695619005886e-10,0.0006065386281431462,1.2715721194858638e-06,1.2474498581160454e-05
5,mlp,7372,6,3,9.665327234528858e-07,6.754510680605497e-06,2.3709392628645423e-06,0.9815082790244367,0.00045816060163822675,0.0051337425522416805,0.012889725839016267
5,mlp,7595,6,3,1.8647675893716087e-05,5.864662647251962e-05,4.5159501319325786e-05,0.898512301086655,0.0023514954789054356,0.011143350935326278,0.08787039869542773
5,mlp,7588,6,6,0.0005225893982095108,8.097232369702155e-05,0.0002286161463642337,0.1977770090633776,0.025185988621265296,0.00027527159312823414,0.7759295528539581
5,mlp,5721,4,4,2.7563449091442862e-08,8.632137550029195e-09,1.7070265745103858e-07,1.9278322662074736e-05,0.9995750496752935,6.941507034601152e-07,0.0004047709530967998
5,mlp,4761,2,2,0.041303290026338535,1.1004296725635775e-06,0.958038717681832,3.6786458801448207e-11,0.000655919465647879,6.363660003020355e-07,3.3599372196566397e-07
5,mlp,8620,6,6,0.0013395143252569381,5.428806670934854e-06,0.00028267630178374035,0.0030923246924280897,0.00044473916584390554,0.0005160409304570109,0.9943192757775593
5,mlp,848,5,5,2.0657257659102804e-07,1.0510837071092806e-07,4.320480285681849e-06,0.001385263522056456,9.424789429267463e-06,0.9983903058297859,0.00021037369749531834
5,mlp,5979,4,4,2.1055504981335187e-06,8.758339067208056e-08,1.7457462446571497e-05,5.612653008376937e-05,0.9846843997562971,2.2110669353054947e-05,0.015217712447930666
5,mlp,8874,6,6,0.00047327177451347645,1.5493339080913686e-05,0.001581083965543588,0.0031890308425452,0.025374578148300988,0.00034198712940283456,0.9690245548006129
5,mlp,3437,1,1,5.491924233048656e-07,0.9999988159618118,6.315387881747791e-07,2.1605145565698515e-19,3.305530999092188e-09,1.4457228585438509e-12,1.4744106809455953e-27
5,mlp,11773,3,3,7.476710978015843e-08,3.9155859486894015e-06,4.622308248543002e-08,0.99697730883745,0.00042993120455888056,5.033056400524302e-05,0.0025383928178449515
5,mlp,12214,3,3,9.591148645404068e-08,3.224832409194233e-06,8.308922266222194e-07,0.9675744204664601,0.00043199104249103755,0.025188631185808545,0.0068008056691180735
5,mlp,8649,6,6,0.00014970593204663635,2.8657869466618742e-05,0.0005819173342061972,0.010545411580273733,0.01980143206044987,0.0003236324414298294,0.9685692427821272
5,mlp,6668,4,4,1.3506706578137392e-05,5.964320096061115e-07,0.002307569886420989,8.767329201566151e-06,0.9930447509611307,0.00017297432913805007,0.004451834355521015
5,mlp,2862,0,0,0.999998331196934,5.55256177288274e-09,1.0915433963901124e-07,2.4031089453988743e-10,1.4273177209953999e-06,1.2645325660424123e-07,8.487566995275883e-11
5,mlp,4590,2,2,0.1679979708537765,2.4540671901339647e-06,0.7955086134943754,1.5449912325971608e-08,0.03645713079718985,1.4199202912959266e-05,1.961613464279346e-05
5,mlp,433,5,5,1.5852973811328323e-09,6.201477005053428e-10,8.449673940234991e-08,3.380954961388313e-05,1.5558531977014747e-07,0.9999645023943783,1.4457685035858283e-06
5,mlp,13499,3,3,6.242172827574742e-05,9.089007768693544e-05,0.00020738378782184647,0.5385547916071765,0.005841768211427896,0.04006109102837774,0.4151816535592333
5,mlp,3563,1,1,7.73683674079941e-09,0.9999997771858234,2.131238784175089e-07,5.781450171145708e-23,1.953460531014797e-09,7.837192081209471e-16,1.8445194072852095e-31
5,mlp,10697,3,3,6.12452801380315e-08,8.285402216255366e-07,1.7877493836898092e-08,0.9989544804684438,6.225456755195533e-05,1.1557318658639197e-05,0.0009707999823501813
5,mlp,241,5,5,2.1101575809224206e-09,1.6291069827729797e-09,1.0837192776061138e-07,0.0001581092178872027,4.5185491520665e-07,0.999837575504422,3.7513115834423415e-06
5,mlp,9111,6,6,0.00044014831637544577,6.293890083241975e-06,0.0006689408309187863,0.004588477518710411,0.0008486044945816421,0.006752061182996818,0.9866954737663336
5,mlp,3771,1,1,3.95660589998434e-11,0.9999999789317957,1.2569186569946076e-08,8.136843872228767e-26,8.459451631142293e-09,3.6407114458113716e-19,1.2044389489068396e-35
5,mlp,788,5,5,0.0006656345720458834,1.9902004003041983e-09,6.618620344975983e-08,6.465554873970893e-05,5.016914125385856e-06,0.9992645782924977,4.649618744865447e-08
5,mlp,9385,6,6,0.0009911554483544058,4.965446220655241e-06,0.0009765291952640951,0.0007294374088477834,0.00044586248576694793,0.012037080242261463,0.9848149697732846
5,mlp,2918,0,0,0.5955907575948377,2.866499207703107e-05,0.4041027877533799,1.2748121654618868e-09,0.00016655003719868295,0.00011029728362116534,9.410640734538448e-07
5,mlp,2157,0,0,0.9991170952483698,1.4798063643254445e-07,0.0005496589642177975,7.967248742500715e-07,0.00011015638348775622,2.9157937929291863e-05,0.0001929867604846895
5,mlp,2573,0,2,0.16850122595213268,0.00019727966994893053,0.8278768150714209,2.455255258619971e-07,0.00039430498885888003,0.0028005604648512973,0.00022956832726167247
5,mlp,12497,3,3,1.0722863691692193e-06,1.2639008149022585e-05,4.50390714199192e-07,0.9765097105623081,0.0007261690837935076,0.00015892429255389104,0.022591034376112068
5,mlp,4787,2,2,0.0013011749218068025,7.341855508075777e-07,0.9944677657969191,2.6415668222248507e-11,0.004214345037448082,1.5023407920122446e-05,9.566239394587132e-07
5,mlp,7074,4,4,2.148932118327619e-06,1.161782125922734e-09,7.440117429416747e-05,4.792656898567392e-09,0.9999142460150613,2.2583238290919697e-08,9.175340848905537e-06
5,mlp,12321,3,3,2.68998945667276e-06,7.626722336586003e-06,7.947516683397283e-06,0.9403965722011765,0.0004837555101553663,0.011965300423214729,0.04713610763697691
5,mlp,5274,2,2,2.7685417473557118e-05,1.4082246840573568e-05,0.9998757963597684,1.493913681991969e-13,8.238352081176226e-05,5.173745941001248e-08,7.174967080935116e-10
5,mlp,12656,3,3,1.8903696031481872e-05,2.4739238158010292e-05,1.911234841722649e-05,0.7948476142842287,0.0009443304462164901,0.0013719636025642536,0.2027733363843839
5,mlp,6552,4,4,1.3260501386094755e-05,2.6519518162241793e-08,5.1617299920220214e-05,9.24863919211848e-06,0.976620005210747,0.00012970759763030295,0.023176134231605992
5,mlp,323,5,5,6.596677813346998e-10,1.0593013661872256e-10,1.2174086966408761e-08,8.462982472365696e-06,4.1233404145397823e-08,0.999991375434763,1.0740967570687473e-07
5,mlp,7455,6,6,9.637742401130076e-05,0.00014056168573392378,5.289621995746145e-05,0.43168954271934257,0.006203483485322368,0.0002216830444982523,0.5615954554211341
5,mlp,823,5,5,4.3751698463306994e-08,3.4845625049946e-09,6.654949638281894e-07,6.836038591488238e-05,5.32371171399145e-07,0.999920451454417,9.94305727179042e-06
5,mlp,12158,3,3,1.1823776087479561e-06,8.391727260593718e-06,1.169415872549948e-06,0.978577478290423,0.0004061258652114222,0.0004130603085186918,0.020592592015105163
5,mlp,8119,6,6,0.00018943923745575204,3.850986659829134e-06,3.742310542681412e-05,0.010501215122333804,0.001349819043584843,0.00021241715625740693,0.9877058353482815
5,mlp,4146,2,2,0.0048187853267378615,5.569159018439306e-07,0.9943246849101757,3.99751567000736e-10,0.0008143002323098649,2.1343121159676336e-06,3.953790300699956e-05
5,mlp,11600,3,3,1.3840680404049533e-07,2.541682432695701e-06,1.17416339680165e-07,0.9951366195963031,0.0002317333743339233,0.00011786594855159656,0.0045109835752348065
5,mlp,266,5,5,2.6032023509056745e-08,3.5776664052870184e-08,8.372307820388961e-07,0.0026020621194387853,6.062343067200069e-06,0.9973298174151762,6.115908284833917e-05
5,mlp,11911,3,3,1.4982073905692848e-07,3.800364366411519e-06,2.223200517580782e-07,0.9954863306392967,0.0003223950918484194,0.0002780783666896765,0.003909023397007968
5,mlp,8319,6,6,0.00015923275285462815,1.0623304450457002e-05,5.317406533133633e-05,0.11135140294442232,0.005179469644684269,0.008830467059145386,0.8744156302291116
5,mlp,9860,6,6,0.041626217423465235,1.6406594322054168e-05,0.003749343724944075,0.0003965083109707783,0.0024298323474651624,0.006100352527096577,0.9456813390717361
5,mlp,12176,3,3,5.068667553448647e-05,4.121624061426594e-05,1.508056425814834e-05,0.7029232116581496,0.002076075908449517,0.00012936750971530634,0.29476436144327867
5,mlp,12318,3,3,1.8169825234025433e-06,9.730254595316839e-06,2.5522777890165535e-06,0.9661557467575227,0.0005889909579061937,0.0007363641954457276,0.03250479857421761
5,mlp,550,5,5,1.23338933278704e-07,6.0360366526012435e-09,5.096515139244483e-07,0.0002439947148540613,1.2477786528644359e-06,0.9997425990488954,1.151943111383473e-05
5,mlp,8702,6,6,0.0008294169589132546,1.7780663890100378e-05,0.00161054699433407,0.003530934379109451,0.013723748536392579,0.000275449719048992,0.9800121227483116
5,mlp,4021,2,2,0.12331522082534262,5.349210714643425e-06,0.8499073281753591,3.142373132041578e-08,0.0246082084931272,9.383339180982563e-05,0.002070028479915218
5,mlp,12935,3,3,7.645750569012967e-05,4.124657566749782e-06,2.6120089982350783e-06,0.6338690452810308,0.05188389100431425,0.00037791458882963655,0.3137859549535701
5,mlp,7604,6,6,0.0004328995277792044,3.710505324591428e-05,0.0003258283097632885,0.23690173848944143,0.0015163787418504074,0.006508719155994172,0.7542773307219255
5,mlp,13412,3,5,5.4067016371287975e-05,2.7457023091782255e-05,0.00013062233404053907,0.3453924271707696,0.0014212586596068222,0.5449019662770815,0.10807220151903854
5,mlp,2496,0,0,0.9999765303451014,4.8947134974928224e-11,3.9932652461391916e-07,2.2371737766250093e-10,2.2851917629253215e-05,2.0923947647386156e-07,8.898603955798177e-09
5,mlp,11670,3,3,3.3979748657518096e-08,6.832268203705647e-07,2.6375683279148916e-07,0.9718694147708413,0.00017688853601745752,0.02041064051388574,0.0075420752158537226
5,mlp,1336,5,5,2.5981659745625235e-05,1.1226036655396647e-06,8.115011668036496e-05,0.003914466068863932,4.753518097682891e-05,0.992803245510181,0.00312649885988669
5,mlp,5411,2,2,0.019343530339085813,0.0006414138626813268,0.9798348544309178,7.276966774862408e-12,0.00017923684462088933,9.641035431610536e-07,4.1187406069749336e-10
5,mlp,11286,3,3,1.0188113942375608e-07,2.9136761541720187e-06,8.040443514123856e-08,0.9952860675960438,0.000245392336235899,4.278830763550232e-05,0.004422655798356017
5,mlp,13213,3,3,2.6299835374871464e-05,4.670418486918625e-05,0.00012660885664441066,0.538111498864747,0.0018343878816822218,0.40107684389909376,0.05877765647758836
5,mlp,1364,5,5,3.19886902956015e-06,4.6226649998492226e-07,2.862083595443519e-05,0.001519192688171131,2.3761412659098293e-05,0.9971163276643169,0.0013084362633690014
5,mlp,699,5,5,3.981412311817387e-08,2.6397541396649132e-09,3.064021619182246e-07,7.594719123404232e-05,5.191947019199753e-07,0.9999191052846724,4.079473352353241e-06
5,mlp,5880,4,4,2.8894312350177832e-05,1.0425074936059207e-06,0.00021178696372206054,0.00025724262375999995,0.9715784563235051,4.5682700979891856e-05,0.02787689456818906
5,mlp,6278,4,4,0.08860084676178279,1.8169737020345665e-05,0.013996010958885887,0.0006316477099548586,0.8199762863741467,0.0006246249585067693,0.07615241349970286
5,mlp,11064,3,3,6.713881016134387e-08,5.521031828912938e-07,1.950292000286093e-08,0.9946456203754432,0.00010751181522359467,2.874549529139297e-05,0.005217483569128534
5,mlp,9334,6,6,0.0014939636145937466,2.0993833193217327e-06,0.00013810703327504678,0.0005846879254465423,0.000587272380396763,0.0006716231734496626,0.996522246489519
5,mlp,7880,6,6,0.00028597358299079997,4.6177940240403766e-05,0.00024083111233356915,0.04471124639496873,0.0034466396214980167,0.00023917593044949905,0.9510299554175189
5,mlp,2577,0,0,0.9997189705844065,3.885320194787659e-06,8.605135420678968e-05,2.8395266727266812e-08,3.87095930544008e-05,0.00015227126635854,8.348651224247893e-08
5,mlp,12434,3,3,7.066409611168505e-07,6.932947472046053e-06,5.442269474354318e-07,0.9721391377607644,0.0004930118395322923,0.00041758991757723257,0.026942076666745633
5,mlp,13081,3,3,0.00010914660225216725,2.0939673802247434e-05,4.107414433302804e-05,0.5698531282486722,0.0015620397838824246,0.03001895531066601,0.3983947162363919
5,mlp,11805,3,3,8.766235881455745e-07,3.8002391399567917e-06,1.199180476295685e-07,0.9766121742697821,0.008299519812487725,3.029677554146018e-05,0.015053212361412743
5,mlp,10885,3,3,1.5244718314510581e-09,2.454783691330526e-07,2.629444288140742e-09,0.9996436661734097,7.134535292160774e-05,5.834744897577838e-05,0.00022639139240760356
5,mlp,10948,3,3,1.9814019947248655e-08,1.3913904210763846e-06,4.470982364375338e-09,0.9986531206571326,0.00017511239315855972,5.0973513377036265e-06,0.0011652539229477098
5,mlp,3713,1,1,3.3955988198829807e-10,0.9999999994892899,1.6939249096285723e-10,3.720854965864806e-24,1.7572001553973078e-12,3.9228258270862414e-16,2.188938055580746e-36
5,mlp,3273,0,0,0.9999836244038683,1.389207043011564e-05,4.221317371222405e-07,1.6141339012790528e-10,9.36763330296343e-07,1.1244690654934461e-06,1.5542956869218852e-13
5,mlp,12642,3,3,5.086050612497959e-07,5.0505243698716096e-06,1.7498611330265252e-06,0.951791919019557,0.0005973595404657046,0.02569710457192095,0.02190630787749225
5,mlp,11736,3,3,4.60555693941905e-07,1.1483044657781676e-05,6.552987665372712e-08,0.9888950263733053,0.001396633767890058,1.4683862396707535e-05,0.009681646866179358
5,mlp,822,5,5,1.0878362240596454e-08,2.4119552767454704e-09,1.7580055965966663e-07,4.29951106672845e-05,4.054910321790935e-07,0.9999540952050539,2.3151023696808985e-06
5,mlp,6775,4,4,3.0956911865935667e-07,3.4567071021832916e-09,1.9548243854416186e-05,1.1538359179041645e-07,0.999860286676162,7.039628879477929e-07,0.00011903270767787407
5,mlp,9171,6,6,0.00023480170724510772,8.633303053117239e-06,0.001519991951025556,0.00037459791827635893,0.008557968876291032,0.00011774153123308433,0.9891862647128759
5,mlp,1346,5,5,7.696543657602969e-06,1.2080295821354908e-05,8.982637089621107e-05,0.07676406735111291,0.0006455869556903217,0.8933651559856344,0.029115586497187144
5,mlp,9903,6,6,0.0022616528364848704,1.3059624775727591e-05,0.06376720628483358,0.00013859990184596641,0.39439778141026227,0.0036553245676252716,0.5357663753741723
5,mlp,3719,1,1,1.5879091172773108e-11,0.9999999863665601,1.337487957996735e-08,1.9165230095901515e-25,2.426811782110571e-10,3.019875328336974e-18,5.990727762976166e-35
5,mlp,3181,0,0,0.9794577305659994,1.5913680138791762e-06,0.020075962743883652,2.7020461617780796e-11,0.0004646890609884671,2.29829045788177e-08,3.251189741566132e-09
5,mlp,11410,3,3,8.732070843298903e-09,3.650037800063613e-07,2.8983254971434665e-08,0.9966392495316667,9.839343275127444e-05,0.000868671549893932,0.002393282766582196
5,mlp,9114,6,6,8.136014271431221e-06,4.815119694762498e-07,1.3554723836227294e-05,0.0017740693929457743,0.038968070384338804,0.000735768748233343,0.958499919224405
5,mlp,13039,3,3,4.2018001135518854e-05,2.42936898100549e-05,2.846351077818076e-05,0.6798683600174262,0.0019468619451598126,0.002300639132385741,0.31578936370330446
5,mlp,4462,2,4,0.0034472624051191656,0.00010403080859645386,0.09602952118907489,1.243297019432378e-10,0.8966666640296863,0.0037520071118793768,5.143313139509559e-07
5,mlp,1193,5,5,3.175444522889763e-05,5.847956671123649e-07,2.1433529427031176e-05,0.0021735410493409213,3.69517286984646e-05,0.997435217850028,0.0003005166016096583
5,mlp,600,5,5,3.025766320932388e-08,1.755432949867755e-08,1.3453068985165987e-06,0.0005117925388647405,2.282980969749599e-06,0.9994264243657203,5.8106995554049805e-05
5,mlp,3880,2,6,0.034715289968212354,5.523227953703479e-06,0.3370963755820171,9.168051285114045e-06,0.03146902583453585,0.0002901091530207917,0.5964145081829749
5,mlp,4879,2,2,0.0061302875156203415,1.0292763814290732e-06,0.9931247401196951,3.579617058882503e-11,0.0007434301605111567,2.3368299767619133e-07,2.7920899801364786e-07
5,mlp,2547,0,0,0.9999327916026071,8.270493909920207e-07,2.4343957233198123e-05,1.2603643263588054e-08,9.641266459975967e-06,3.2369992995153004e-05,1.3527670540108624e-08
5,mlp,1623,5,5,9.230401668862079e-06,3.5750239173325425e-06,0.00015984478289978233,0.002961145424188474,0.0001222062739147409,0.9924088101556694,0.004335187937741527
5,mlp,7441,6,3,4.5191666814714774e-05,3.608517741760884e-05,3.0617073158857914e-05,0.7951788629738227,0.0016201220295575878,0.0011391796508956646,0.20194994142833284
5,mlp,12503,3,3,1.4251516746448963e-05,1.823805393817853e-05,1.6539303892309407e-06,0.8951639053711774,0.0037351159606551615,0.00014400006026254255,0.10092283510683106
5,mlp,1876,5,5,0.21522706103728195,2.695020312572476e-05,0.00433416471899045,0.0023168111944780103,0.0012504371220498649,0.7648531786274212,0.01199139709665279
5,mlp,6669,4,4,1.1473992171955602e-06,8.189899507337645e-08,0.00021188382986523635,2.9480637017873596e-06,0.9992601795960262,2.418531357477731e-05,0.0004995738986196301
5,mlp,10365,3,3,3.5088853820807046e-09,3.6204293070133986e-07,1.471708016897147e-09,0.9997064185402983,4.479559192388898e-05,3.7467456596599113e-06,0.0002446720985940804
5,mlp,7906,6,3,8.202790377671332e-05,5.8273332461847544e-05,0.00019775828309891158,0.5034500297899649,0.019513922632689487,0.0029362358650899174,0.47376175219291833
5,mlp,3575,1,1,3.575030263952843e-09,0.9999999875481017,8.673158691510508e-09,2.821268804779326e-22,2.0370798545429435e-10,1.4303329825586376e-15,4.67750765080418e-32
5,mlp,6132,4,4,0.0006975634692537933,6.333886892228509e-07,0.004011116029514373,6.1471328192844274e-06,0.9811523505194619,9.44526183243207e-06,0.014122744198428874
5,mlp,2650,0,0,0.9999379253185827,3.927897996448757e-08,5.312267133487356e-05,1.1439623813329045e-09,8.75048068749191e-06,1.1453676342772029e-07,4.656968931817436e-08
5,mlp,6667,4,4,0.0022000178075761794,3.598430277191224e-06,0.04657865772780919,1.3410919948189421e-05,0.9054097559297458,0.0002766968605191045,0.04551786232412436
5,mlp,2372,0,0,0.8310236033612654,2.5049619208222057e-06,0.16340149810240834,3.3677610316943436e-07,0.0041758647360884416,0.0003092021637282546,0.0010869898984855158
5,mlp,2890,0,0,0.9999394628103937,1.2421669300253323e-08,5.909535691689195e-05,2.9256946386076385e-11,1.3916518450187369e-06,3.664329401287562e-08,1.0866241649303764e-09
5,mlp,6024,4,4,4.283126208590435e-07,1.4897620132199554e-07,1.9227657878618458e-05,4.399022318147132e-05,0.9993432777117287,4.6493809830757765e-06,0.0005882777374060153
5,mlp,9170,6,6,0.0008576119373908509,5.192092776322489e-06,0.0017459168683401558,0.002504674359233274,0.0005443439860449411,0.034176033367323555,0.9601662273888909
5,mlp,6568,4,4,3.645496253466847e-08,2.3822251089312594e-09,1.838798357154464e-05,3.709921931121586e-08,0.9998887034881864,1.851852743498499e-07,9.264740656083399e-05
5,mlp,11085,3,3,1.8229737974762808e-07,9.75596019736277e-06,1.0490031552433532e-07,0.992153693178053,0.0006051603837611574,1.0658368943164863e-05,0.007220444911350107
5,mlp,8002,6,6,7.024191616550858e-05,2.0297617472890905e-05,6.408443944279267e-05,0.3314413991593755,0.004089948670877185,0.012788541997492164,0.651525486199174
5,mlp,4026,2,2,0.002658999212006237,9.802153587709387e-07,0.9942515867480254,3.662248892049098e-09,0.0022651810434731997,3.1423212482366216e-05,0.0007918259064053952
5,mlp,11059,3,3,1.3849818775335024e-08,6.364634011922518e-07,8.429652046881018e-08,0.9948270441105167,0.00010967238876086096,0.004406504181740264,0.0006560447092417174
5,mlp,9573,6,6,0.003724800225678112,2.219088196941066e-06,0.0012146196228231107,0.00021690586368490285,0.004046299416078189,0.00034206912909434385,0.9904530866544443
5,mlp,7638,6,6,0.00023926371668696583,2.7668041640372235e-05,0.0002237600384652662,0.14510911752545683,0.0012140426279598584,0.0020579360435092372,0.8511282120062814
5,mlp,4721,2,2,0.0015771801409152548,3.3377378465683503e-06,0.9983704312424753,1.8265152728301324e-11,4.767595636599331e-05,1.1283677822718979e-06,2.4653634949185263e-07
5,mlp,9030,6,6,0.00016074732083154992,6.074373003731972e-06,0.0013111603579366161,0.0017507708579374613,0.0017741975976705438,0.0016443904315613265,0.9933526590610586
5,mlp,10516,3,3,2.205953320076088e-09,5.868974506689075e-07,1.1348387377750853e-09,0.9997979808499429,8.209209540790507e-05,4.498103721329172e-06,0.00011483871268500769
5,mlp,11120,3,3,1.0562018857433525e-07,1.76072836635911e-06,1.401821509497841e-08,0.9982304477516788,0.0013503143237161282,3.007784712391835e-06,0.0004143497731226303
5,mlp,2796,0,0,0.9999993785457054,2.6206630065762215e-10,2.2443998087706198e-07,2.938660749022368e-11,3.506070372914538e-07,4.601526128519721e-08,1.0056249090729196e-10
5,mlp,2161,0,6,0.37920354929745353,6.222171368246768e-06,0.02714794765003984,0.0001327289123866134,0.09762214645259455,0.014931079582322315,0.4809563259338349
5,mlp,83,5,5,1.798818595561758e-08,2.513382149276361e-08,3.710683078068074e-07,0.006470626154304314,6.784529959111343e-06,0.9934450849401998,7.709018522143126e-05
5,mlp,7742,6,6,0.00037670026727583075,0.00010263179113331314,0.00028684321641796596,0.28995364039710736,0.0025544680760825893,0.012988821650898933,0.693736894601084
5,mlp,1773,5,5,1.679476350535236e-06,6.846836235128278e-08,9.874117235356677e-06,3.0634955511061073e-05,2.9406265273340876e-06,0.9999046897233376,5.011263267561965e-05
5,mlp,10231,3,3,1.8075266178291983e-10,1.8973172285717944e-07,1.1355139447247414e-10,0.999904700233997,7.168499979429168e-05,1.9479288415187055e-06,2.147681134017101e-05
5,mlp,8006,6,6,0.0001277385122057545,0.00010333009057795307,0.0002516283657519591,0.29014475179682986,0.005827333658925899,0.00371252258146274,0.6998326949942458
5,mlp,652,5,5,1.2994164021109766e-08,1.8549466668500015e-09,1.4302174769533533e-07,4.8909409870015066e-05,3.617912587500194e-07,0.9999482107209611,2.360207051744854e-06
5,mlp,9336,6,6,0.0006499735945405188,7.1073960504208125e-06,0.0022023481503022323,0.0008176511042268142,0.0005029612357282332,0.025214840304820896,0.9706051182143308
5,mlp,5466,2,2,1.755546571633727e-06,1.6547362898290346e-05,0.9999777795845218,3.7090071463691747e-17,3.91700005410155e-06,5.059188211770253e-10,3.5497045298249245e-14
5,mlp,7144,4,2,0.027905269029134764,2.461811697296657e-06,0.5104850356719559,7.129192686549729e-07,0.4478723815754188,9.540671112011432e-05,0.013638732281404504
5,mlp,6762,4,4,0.0001938757866220108,3.5113248559991505e-08,0.0019500800005685394,1.2897881793532404e-07,0.9737675680367998,2.8143723592288e-06,0.024085497711583945
5,mlp,4234,2,2,7.146900501022866e-05,1.2220067975327434e-06,0.9996532757395923,5.470848884628255e-11,0.0002614700952335302,5.24347170810738e-06,7.319626949710944e-06
5,mlp,3697,1,1,7.365619276103463e-11,0.9999999987796337,1.023518045085173e-09,1.3710827802713964e-24,1.231922055682873e-10,4.342905313042243e-18,3.382403765886125e-35
5,mlp,11360,3,3,5.748384665017596e-08,2.9670491020542446e-06,2.418873221952808e-08,0.9981894420334381,0.0011083986418289051,6.394283269905857e-06,0.0006927163197820033
5,mlp,10869,3,3,1.019805637797653e-08,8.813221568965503e-07,3.616860766435051e-10,0.9977546413300671,0.00195389215427089,1.09582400533652e-06,0.00028947880975712477
5,mlp,11486,3,3,1.593445948650274e-07,3.301542061747884e-06,2.7483639789386374e-08,0.9974355629964278,0.0003826003968880698,1.641638352432535e-05,0.0021619318528634927
5,mlp,1309,5,5,2.8366302489503025e-06,1.616803925854444e-07,1.541655036670727e-05,0.00073195436888121,1.0172730652587895e-05,0.9987840464933113,0.000455411546146582
5,mlp,2619,0,2,0.007060344072145331,1.4213040079677926e-06,0.992645570410052,4.4572523323663554e-10,0.00026211703176237325,8.287993335252622e-06,2.2258742972205954e-05
5,mlp,3207,0,0,0.9999995049687868,1.1389209223472266e-12,1.6401874916288707e-09,9.198550457075568e-15,4.932246202411707e-07,1.6523890431040017e-10,1.8572703054078087e-14
5,mlp,5246,2,2,0.010039218283114933,3.0974323876041754e-05,0.9890215691389868,1.9616688820025423e-11,0.0009080338152795346,1.9043509473402977e-07,1.3984031421183103e-08
5,mlp,4845,2,2,4.3573881399899245e-05,2.238205276334974e-07,0.9993811230964333,8.327799334471656e-15,0.0005750694866901607,8.137307617319866e-09,1.577632714696851e-09
5,mlp,6632,4,4,0.00015060378103646157,6.776024416820514e-08,0.0002031832859433929,5.930213963766414e-06,0.9878719491047222,3.111714496605772e-05,0.011737148709124044
5,mlp,3395,1,1,1.2268570899259467e-06,0.9999920345212546,6.725755345886771e-06,2.430768625747193e-18,1.2860256437078516e-08,6.053056534160137e-12,2.7085203254998474e-25
5,mlp,8840,6,6,0.0013440773140541518,5.09491164318454e-06,0.001243485462732636,0.0031504479046767764,0.0003563047911810155,0.005408531736933459,0.9884920578787788
5,mlp,5731,4,4,1.405228190772538e-09,2.805072164002718e-10,8.696688515208683e-09,2.574028511050153e-06,0.9999805681954543,4.021556405338669e-08,1.6807178046665878e-05
5,mlp,1293,5,5,1.2834720363902492e-07,4.592546070882967e-09,5.320818317997378e-07,2.5167584042377355e-05,5.280438266099491e-07,0.9999707381736502,2.9011768991667414e-06
5,mlp,5200,2,2,0.0036462484858796563,1.8736375889252787e-05,0.9962978289998147,3.1616281739243425e-13,3.701189121198409e-05,1.7388507281872576e-07,3.6181544608821247e-10
5,mlp,3364,1,1,0.000421220911971665,0.9982754097945342,0.0013026034832536529,1.5651173743202123e-16,7.648675614910275e-07,9.426788326597383e-10,2.090280269125471e-21
5,mlp,6197,4,4,2.988256564391715e-08,1.0887038819846982e-09,4.0962226689934226e-07,9.210428566326736e-07,0.9998024283301344,3.4081658443986887e-07,0.0001958692168880382
5,mlp,5218,2,2,0.014566334553666198,2.6495227572712844e-05,0.9848550565155478,4.991280133553212e-11,0.0005505601185065295,1.5119788193099347e-06,4.155597449092843e-08
5,mlp,3485,1,1,1.2474615993697962e-08,0.9999876677086283,1.2291066770339213e-05,1.0400062180910976e-21,2.8749977171628974e-08,8.071681124342948e-15,1.8951696349765213e-28
5,mlp,6178,4,4,1.1628337174114261e-07,4.496390918973762e-09,1.752213845267209e-06,2.55003493517696e-06,0.9990546547449475,1.5646234567771085e-06,0.0009393576030526491
5,mlp,320,5,5,3.3257156177376324e-08,5.0907315014114385e-09,4.234605316610755e-07,0.0003934622071447427,1.107812184094492e-06,0.9995888713360311,1.6096836220754763e-05
5,mlp,7727,6,3,8.801141104622478e-05,0.00011261207876502747,6.54443368186628e-05,0.6069209015195026,0.005863740964789158,0.0011676484113194662,0.38578164127775877
5,mlp,4056,2,2,0.01661498296825352,2.483913055010391e-06,0.8798274229796944,4.574153475796019e-07,0.09699791915262608,0.0005326846157622933,0.006024048955261345
5,mlp,8116,6,5,0.0005926487890769335,5.596598628299619e-05,0.0011444885921959433,0.15900739174519712,0.0018223560436184975,0.5181334932611014,0.31924365558252704
5,mlp,1100,5,5,5.299253301753577e-09,1.387153885327956e-09,8.543942499451215e-08,1.379616875786703e-05,2.294643236892333e-07,0.9999854270484166,4.5519266951613384e-07
5,mlp,12185,3,3,9.52161281330483e-08,2.57066156118666e-06,8.848860599391308e-09,0.9925328298473132,0.003689972347497538,3.004368655936098e-05,0.003744479392079916
5,mlp,6656,4,4,3.433613933556158e-09,7.629414286705387e-11,6.672944983593422e-08,3.59823319932183e-08,0.9999885688413369,4.017240490603065e-08,1.12847645681289e-05
5,mlp,93,5,5,5.1528412258055144e-09,1.1858177421605603e-08,2.596804420658111e-07,0.0021136410835544406,2.922605421567826e-06,0.9978579441782354,2.5215441327777866e-05
5,mlp,2177,0,0,0.9325545209672569,2.272454357122623e-05,0.04661473999769868,1.560718631709545e-05,0.0012600402408640078,0.0018500650241885532,0.01768230204010365
5,mlp,5123,2,2,0.13578771113113644,0.0021725484006846468,0.860371382322268,1.5922948202768363e-09,0.0016464547211339836,2.177216578424655e-05,1.2966669792687653e-07
5,mlp,6738,4,4,3.600657044446403e-06,4.10195363811013e-09,1.9770864671467187e-05,5.809675799778631e-07,0.997690716114249,8.758579300247776e-06,0.002276568715201252
5,mlp,5590,4,4,1.0547934443468945e-07,2.837449605885248e-08,1.1437431193845297e-07,0.0006923489740438787,0.9967236224985037,3.2441625738949694e-06,0.0025805361367259943
5,mlp,7907,6,6,0.00033881005897132624,3.770352036875978e-05,0.0003115428119307506,0.09873528133495947,0.007130599582232514,0.0005230456542190816,0.8929230170373181
5,mlp,5651,4,4,1.451689251579368e-09,2.908953326578721e-09,1.0820867330269194e-08,1.69301323932168e-05,0.9997892743216481,1.8998042209192137e-07,0.00019359038402683753
5,mlp,874,5,5,2.9421848805720444e-07,6.7286402589705e-08,3.826082355650937e-06,0.0010564897040532455,6.909261219431065e-06,0.9987038471421661,0.00022856630531490992
5,mlp,6509,4,4,1.2224533746205184e-07,1.1134803879675962e-09,8.485521036720215e-07,9.069968130937054e-07,0.9994672972935686,3.174022119141726e-06,0.000527649776577595
5,mlp,1823,5,5,1.8635649412774143e-07,7.861429746676154e-09,3.5790977091370023e-07,3.996610223573265e-06,5.15277451628411e-07,0.9999947304162136,2.05568416469971e-07
5,mlp,2028,0,6,0.0002699319097071608,6.0215104817978155e-05,7.265518581291046e-05,0.44229586172457636,0.005486819771638442,0.005503510978237816,0.5463110053252094
5,mlp,10184,3,3,4.2995909986315917e-11,7.420067305437389e-08,1.4653091939248625e-11,0.9999085523010581,7.707009285814474e-05,5.988871899357408e-07,1.3704460571704733e-05
5,mlp,6463,4,4,2.177424852708993e-09,1.9525409403627688e-10,2.1215779275962338e-07,3.7124519903794874e-08,0.9999765214527848,4.7954794023002346e-08,2.3178937429617093e-05
5,mlp,8380,6,6,0.0001712894657234137,3.9431447972889736e-05,0.00029386185544452535,0.03533459802532585,0.0016916333536755315,0.0018946784595282567,0.9605745073923295
5,mlp,9757,6,6,0.011276438625391273,1.0066192168631864e-05,0.013244285166163348,0.0003729626743578522,0.00069989724697282,0.025051373018715392,0.9493449770762307
5,mlp,12406,3,3,6.749766735371912e-07,4.179665453586219e-06,1.0902383857902266e-06,0.9727612916099063,0.0003872290462468887,0.0015216358163037222,0.025323898647030045
5,mlp,7279,4,2,0.000248613242498404,3.37778331461565e-07,0.7930476429811381,2.5218288627006955e-09,0.206264214513946,1.6910142572900862e-05,0.0004222788196844462
5,mlp,6879,4,4,1.390999961010944e-07,8.900102611732488e-10,6.697298595519483e-06,1.395327018745853e-07,0.9991899635797938,1.1289548978811325e-05,0.0007917700499236735
5,mlp,5350,2,2,0.055095624760121614,0.0007205621782314904,0.943894185513338,3.718077327535085e-12,0.00028933958368223465,2.879131683360007e-07,4.7740258578394794e-11
5,mlp,10101,3,3,1.8473913389112286e-11,4.258336071653779e-08,9.027290641764486e-12,0.9999608933998045,3.395246184148775e-05,7.057626628606772e-07,4.40576482911387e-06
5,mlp,5519,4,4,1.6020991259239872e-07,1.324768948993259e-06,6.432604780775537e-07,0.010738087401777792,0.9886798404464676,1.6177527701294251e-06,0.0005783261596446837
5,mlp,10424,3,3,2.8383499791521584e-10,1.050368890336951e-07,2.0819416308942255e-10,0.9998533411618002,4.560374100358166e-05,5.32239119873325e-06,9.562717707937769e-05
5,mlp,6770,4,4,2.752659301858879e-08,2.889929021110483e-10,1.2334006832106736e-06,2.8034788743063254e-08,0.9999062467942078,1.8751893772041537e-07,9.227643579669446e-05
5,mlp,9200,6,6,0.004821957521465313,5.859827452611227e-06,0.0008577557035107796,0.0015151285128369124,0.0011581335382930234,0.0007516107022957605,0.9908895541941455
5,mlp,3022,0,0,0.998604535762893,6.109033315697976e-05,0.001298679632239318,3.279712013338812e-09,1.8526451489234723e-05,1.716024558388182e-05,4.294925555321191e-09
5,mlp,8183,6,6,0.0042239143942567475,7.733222879827447e-05,0.0008106165932861934,0.10740715368448682,0.003642545359391831,0.0030019160879338025,0.8808365216518463
5,mlp,301,5,5,1.48004350526965e-07,1.691203192213584e-08,1.3344380941542614e-06,0.0011431249919417095,2.761399249833475e-06,0.9987761208748018,7.649337952993268e-05
5,mlp,797,5,3,6.880099073387348e-06,1.5317277520716564e-05,3.0272816145402146e-05,0.6747426210771522,0.0011977100120522065,0.2602201867955747,0.06378701192248133
5,mlp,1853,5,5,1.9548235981750972e-05,3.397533128660148e-07,9.937313807299352e-05,7.297877089574411e-05,1.1075153294153736e-05,0.9992641008241047,0.0005325841243379175
5,mlp,3159,0,0,0.9904960852565888,9.022338908957974e-07,0.009491813108867585,1.2882186086677793e-11,1.1062923030814943e-05,1.3527907309838296e-07,1.1856666903165707e-09
5,mlp,10212,3,3,1.297936730890735e-10,5.936648313599484e-08,6.006777016641239e-11,0.9999446202134059,2.3072254991095444e-05,1.9377336206411956e-06,3.0310241637597782e-05
5,mlp,7368,6,3,1.3658223899299417e-05,3.741202460269595e-05,4.585013705598386e-06,0.9361663052429815,0.0009704864713110891,0.00011414425149335965,0.06269340877200663
5,mlp,3678,1,1,8.664509906968073e-11,0.9999993195013394,6.789153217672888e-07,3.1773299290464397e-26,1.4966936408930517e-09,6.314292822576896e-17,6.9252060733210055e-34
5,mlp,4904,2,2,0.010056301622623519,3.1784630958748235e-06,0.9880870294872086,2.991975681135419e-10,0.0018486940940265722,3.259235643085315e-06,1.5367982044883932e-06
5,mlp,5754,4,4,9.538772895560812e-08,9.78901809774901e-09,3.9928886857847866e-07,3.400801881617644e-05,0.9993750315638079,1.1899670675285965e-06,0.0005892659846926687
5,mlp,6692,4,4,9.136427052340626e-06,9.206394625176021e-08,0.0005606309022934737,5.126072183255255e-07,0.9989900029517932,2.4788314944856578e-06,0.0004371462162017391
5,mlp,7938,6,6,0.0006592517063380763,3.389970658366402e-05,0.0007949623837387364,0.09737444395504827,0.0011404752676529683,0.028494724029177656,0.8715022429514606
5,mlp,9254,6,6,0.0005386891484648612,1.6614617687641225e-06,0.0001644166476068747,0.0008963866470558903,0.0004714297261972343,0.0030644989887132655,0.9948629173801932
5,mlp,8943,6,6,0.0005487352683061413,2.7721247294354676e-06,0.0005675690041219168,0.00451942310999599,0.0005680017151201658,0.026057929979883255,0.9677355687978432
5,mlp,6304,4,4,2.5136297903518057e-08,6.236350663467849e-10,2.235282532773272e-06,2.6361471260776713e-08,0.999665990836031,1.9588674503434148e-08,0.00033170217135747494
5,mlp,274,5,5,2.2453435127977876e-08,4.9444860393672954e-08,8.238641901399965e-07,0.005827157353072071,9.970363073915982e-06,0.9939782834378988,0.0001836930834694674
5,mlp,13256,3,3,1.6909505818287815e-05,3.910299465765206e-05,2.1144490224541973e-05,0.7273973315680737,0.0055438337390527935,0.002122649006114961,0.2648590286960582
5,mlp,8906,6,6,0.0005016952690712122,5.785556338593659e-06,0.0005825891199315122,0.003428580428829964,0.0004975764363259242,0.0019657627346845534,0.9930180104548183
5,mlp,12339,3,3,3.9732190822334655e-07,1.2170841539084927e-05,1.915986263637664e-06,0.9880447164159962,0.0007070613369023059,0.0020215642940687984,0.009212173803321603
5,mlp,4557,2,2,0.050609731997549964,3.0085522281796554e-05,0.94621248626262,3.127039086408997e-09,0.00014105712110782677,0.0030018504818422366,4.7854875589892076e-06
5,mlp,11589,3,3,1.1933587679643284e-07,3.720398592531163e-06,1.317643050606252e-07,0.9958378199073349,0.00029737588729856124,0.00012467757575238022,0.0037361551308397224
5,mlp,1702,5,5,0.00024320848584371736,3.969194468172576e-06,0.0005694332362417492,0.0022349095095513865,0.00012577948102143489,0.9710581854988716,0.025764514594001878
5,mlp,9291,6,6,0.00018891285674999501,6.954977253470931e-06,0.002007597598273815,0.0028299662391680085,0.0020833904031263297,0.022195538656019958,0.9706876392694085
5,mlp,8549,6,6,0.0005369609488704322,3.69522821954519e-05,0.00063064941314186,0.07738881538242522,0.13059548221527256,0.0014202369754757053,0.7893909027826187
5,mlp,3043,0,0,0.9999123859446406,1.4892334251135255e-09,4.552300913632913e-05,7.495367841800769e-12,4.2083144674450774e-05,5.522670567926741e-09,8.821493751070123e-10
5,mlp,12691,3,3,1.5662736111763423e-06,8.817339897997837e-06,4.5861398326649663e-07,0.9769941300738022,0.00142274987783454,0.0002615000145353634,0.021310777806335463
5,mlp,3078,0,0,0.8703186492833083,4.031001281613298e-05,0.12937268058649945,1.383589068529645e-09,0.000265736383799347,2.4758853273557324e-06,1.4646466058848426e-07
5,mlp,8909,6,6,0.0023994730054161515,6.119992098634968e-06,0.0010110615407370076,0.0009484740246558011,0.00329590048787765,0.00021557090153617373,0.9921234000476786
5,mlp,12204,3,3,1.9911257077781624e-07,4.21330591225717e-06,5.738388313292715e-08,0.995420393651089,0.0004926827477708192,7.004840408256108e-05,0.0040124053946912425
5,mlp,6882,4,4,9.946055067799808e-11,5.326213580905981e-12,1.294738037417222e-08,2.4936016372148014e-09,0.9999980887398535,1.801190592381204e-08,1.8777024718276763e-06
5,mlp,12777,3,3,7.466388230895502e-05,3.765640866533521e-05,4.97637798385973e-05,0.7975331704258931,0.0013293890781445536,0.003071935363385482,0.19790342106176395
5,mlp,2040,0,6,0.06774219611549336,2.3787231259598854e-05,0.00604261061926475,0.002177803937383632,0.0011916756467162412,0.003338826843176517,0.9194830996067058
5,mlp,10427,3,3,3.166297221135613e-10,8.401455248573674e-08,1.4397470079222033e-10,0.9997521831590084,4.000520203816195e-05,3.3625287673483265e-06,0.00020436463502928064
5,mlp,1367,5,5,0.0005902320735681894,1.1123442074539376e-05,0.00025138937986347274,0.02354134999423291,0.000417591357735031,0.9564923490453828,0.01869596470714287
5,mlp,6731,4,4,1.1447507026067923e-05,5.9343099905082675e-08,0.0004255765106143888,7.371757973062224e-07,0.9984414066473606,4.973317892123409e-06,0.0011157994982097415
5,mlp,3278,0,0,0.9987696477514871,0.0011347170264309411,4.0945560855112293e-05,1.0395090729159056e-09,4.5768823290378504e-06,5.011173805209584e-05,1.3366220323163424e-12
5,mlp,5545,4,4,1.5022995595732765e-06,1.068782681232169e-05,2.6880680035245492e-05,0.08729011575913558,0.8677295102733295,0.00021472754960772994,0.04472657561152022
5,mlp,12383,3,3,2.6180298579212487e-06,1.0399447096758238e-05,1.750025529714894e-05,0.8169616522428105,0.0007529466869220659,0.16025563166524137,0.021999251672774407
5,mlp,4712,2,2,0.00040340460752618724,4.4848216285014326e-07,0.9965982602852939,6.213314310938679e-12,0.0029973284048509163,1.2309201609743114e-07,4.351219370605744e-07
5,mlp,2769,0,0,0.9964940076579905,1.7560822900814094e-08,0.0029699710160601737,1.3943642636640108e-10,0.0005357587811812198,9.131643389158025e-08,1.5352807526771895e-07
5,mlp,3649,1,1,1.256986469220329e-10,0.9999993411003252,6.560915666628472e-07,1.71985253084636e-24,2.682409313714702e-09,5.712386488367235e-17,2.6616642803009576e-32
5,mlp,10612,3,3,7.617013519753847e-08,2.2630257677794e-06,1.03127791322165e-08,0.999336690254026,0.0001197503103020844,2.052177517189111e-06,0.0005391577494725162
5,mlp,5452,2,0,0.7559440368701369,0.0031337506642441534,0.24054689204283058,2.964964024368857e-11,0.00037437616228511985,9.441852720219448e-07,4.558153822538546e-11
5,mlp,10970,3,3,1.5749555497033682e-08,1.025588505224343e-06,2.2225352889626954e-08,0.9989417567297899,0.0001072528311617321,5.912230415984079e-05,0.000890804571474896
5,mlp,12003,3,3,3.5931041731541843e-07,6.206000687379758e-06,7.420113124712422e-08,0.993346882565777,0.0006245046515318002,3.897024031024664e-05,0.005983003030144999
5,mlp,3039,0,2,0.461865962634466,0.00020582747975787962,0.5377804202157601,1.2397639290285076e-09,0.00013817086260395288,9.500127303361343e-06,1.1744034481348017e-07
5,mlp,11920,3,3,4.905817436515104e-07,6.027829153510422e-06,5.2591538694759787e-08,0.989029963315355,0.001005122608227484,2.4625564325990542e-05,0.009933717509655502
5,mlp,10925,3,3,2.170586105120964e-07,5.204806488452681e-06,1.5850113982061678e-08,0.9925700789955425,0.004215204094351051,2.44518744994897e-06,0.0032068340074435675
5,mlp,6044,4,4,4.9235402802867795e-09,5.546036450422855e-10,6.625253719858962e-08,1.0512125669103682e-06,0.999832538441469,2.6765939883608964e-07,0.00016607095588424547
5,mlp,7642,6,3,1.2666859170920583e-05,5.937031519548708e-05,9.331570039054641e-06,0.9218166161272442,0.0018424318972010854,0.0016240538920717542,0.07463552933907759
5,mlp,5027,2,2,0.0015575861464737566,5.814357663376028e-07,0.9953541192630803,7.843801315466213e-13,0.0030868785485942906,7.924035268532013e-07,4.2201774120169025e-08
5,mlp,6641,4,4,8.632852566249406e-09,1.293437747548907e-10,2.2415834592945012e-07,3.939239789726932e-08,0.9999626403979937,7.335761663520548e-08,3.701393144958327e-05
5,mlp,12075,3,3,1.959762739382859e-06,1.2399754022704112e-05,1.2476056035392356e-06,0.9754053470113907,0.0005838464279458712,0.00017809843855639345,0.02381710099974112
5,mlp,8184,6,6,0.0009561652530405749,3.3872866724698336e-05,0.0005361490492270841,0.010266745351672059,0.0015446120749796188,0.00016277221271127822,0.9864996831916446
5,mlp,7832,6,3,9.137858019067506e-05,6.44173519959083e-05,0.00031030050694409944,0.4880688884929776,0.004266529220644504,0.038627201279160736,0.46857128456808644
5,mlp,700,5,5,3.348416209002472e-08,5.965186959326249e-09,7.258377689224428e-07,0.0001418746411624527,8.788875328134262e-07,0.9998393103487808,1.717083540594731e-05
5,mlp,10471,3,3,2.7305052725853862e-09,5.049473245188641e-07,6.96209353068682e-10,0.9997425253049473,0.0001174428143567898,1.969914654712356e-06,0.00013755359200204217
5,mlp,12825,3,3,1.1825606222642994e-05,3.444454000198072e-05,8.910487502527199e-06,0.8861703423594015,0.0014467456313160725,0.0007876918302636019,0.1115400395452914
5,mlp,8730,6,6,0.00013282314895352338,1.1180267590873477e-05,0.0009892406937041624,0.008968860384293958,0.020551427598116415,0.0008891324372640151,0.9684573354700771
5,mlp,9276,6,6,0.0006811653242102262,6.22068067883723e-06,0.00212602697796484,0.0015633776647886463,0.0007005398036366014,0.01174402028361671,0.9831786492651042
5,mlp,9954,6,6,0.02989056887685927,1.0624157725414508e-05,0.10978645754640252,9.801667591116714e-05,0.00242516317679675,0.055195386714258624,0.8025937828520462
5,mlp,1176,5,5,1.817212732520248e-07,5.184354432036734e-08,1.2270997649742385e-06,0.0003997995592923811,4.75385157087122e-06,0.9995725665102274,2.1419414326795383e-05
5,mlp,7967,6,6,0.00038105783551042785,2.6333125350448646e-05,0.00022359338270303217,0.02818005822412409,0.0007987902578594335,0.00031049846768620826,0.9700796687067663
5,mlp,10496,3,3,5.42827561662402e-10,1.533303682764946e-07,1.8633941547709723e-10,0.9997745169313927,5.8462548166667796e-05,2.457636130759827e-06,0.00016440882477456893
5,mlp,5986,4,4,9.703894889553463e-06,7.098133666697675e-08,2.340503280752381e-05,0.00015984133473665897,0.935867330987219,0.00013023037163167607,0.06380941739737886
5,mlp,10208,3,3,1.979039951135118e-10,2.4772007270493375e-08,2.2220141338400524e-10,0.9998172107393125,1.3529372700923553e-05,1.258998192764365e-05,0.00015664471394629352
5,mlp,5117,2,2,8.285456755128733e-05,2.2234235434705418e-07,0.9998778185173787,6.7332927393514e-15,3.910078383226238e-05,3.50192084305475e-09,2.869557153397203e-10
5,mlp,8191,6,6,0.00017271804901457897,9.116983141134947e-06,5.888493921289001e-05,0.0479683345028324,0.013501469788500383,0.0005319577233941388,0.9377575180139045
5,mlp,9054,6,5,0.0013138584780408827,4.006266421617235e-05,0.002107754822791998,0.0193528904414146,0.0021009280090669904,0.579047747646468,0.39603675793800125
5,mlp,5467,2,2,4.73024803514761e-05,5.03601835188881e-05,0.9998727176935182,5.006273162597437e-15,2.9586222272277286e-05,3.341896451122801e-08,1.3695652690361868e-12
5,mlp,5882,4,4,0.060687949590523475,4.841959809095921e-10,2.9772370494848896e-06,9.974465771204853e-05,0.919077322571866,0.00446611931369068,0.015665886144962237
5,mlp,10677,3,3,9.8247006466595e-10,1.7615905858435607e-07,5.268241864822188e-10,0.9997180645393021,4.946519187234187e-05,7.536261787237475e-06,0.0002247563386856067
5,mlp,12652,3,3,1.8906017881505051e-06,9.956009901874777e-06,1.1867686779916276e-06,0.9434143735573676,0.0009873636749257908,0.00045891225003094903,0.055126317137307645
5,mlp,11346,3,3,4.361568565594181e-07,2.926613466849163e-05,1.899636144931507e-07,0.9836383697592997,0.004551597538532208,8.719374453860582e-06,0.01177142107257477
5,mlp,12649,3,3,1.933308466381315e-05,0.00010741389869463769,8.286733829645275e-06,0.8788168016395612,0.0179259402455727,0.00011110390595949462,0.10301112049171862
5,mlp,4622,2,2,0.011460536586200224,5.952017844927271e-06,0.9874470823330048,4.743616410560544e-10,0.0010779961178248845,2.6438393908318367e-06,5.788631372796941e-06
5,mlp,10323,3,3,3.3452595189069826e-11,4.942401051497701e-08,1.0047888892717732e-10,0.9999138646078622,4.0965406288738965e-05,1.9816637343910065e-05,2.5303790563075627e-05
5,mlp,705,5,5,1.63272517026978e-05,5.060058240769778e-09,6.549075366007402e-07,0.00016771858670009573,2.330632593931076e-06,0.9998108999049627,2.0636564456334965e-06
5,mlp,2824,0,0,0.8488826398611669,3.317408863590827e-05,0.15078599142408294,1.451507477920371e-08,0.00027011059279900617,2.384892856098434e-05,4.220589679385486e-06
5,mlp,7276,4,4,1.727616953756255e-05,2.809513161138625e-09,0.00075628825414742,2.044561546577883e-09,0.9991890056656874,3.664544546489565e-07,3.7058602098377764e-05
5,mlp,5252,2,2,0.001163945214539153,7.454299978732573e-06,0.99876798360851,2.8487955069662574e-12,5.853627025634763e-05,2.0752718633646608e-06,5.332003573690641e-09
5,mlp,4448,2,2,0.0002117913790501448,2.2430471212726206e-06,0.9995282878161528,3.3418272213085968e-12,0.00025720878784105057,2.542830922768548e-07,2.1468340080085166e-07
5,mlp,9905,6,6,0.0473781684256036,4.0410938669161455e-06,0.005620579586519504,0.00035111852152567376,0.03796115251721473,0.008450658446329825,0.9002342814089398
5,mlp,7870,6,6,0.00014517685634391297,5.7234868390652357e-05,0.0003203790570563104,0.3285457899561927,0.0030824189674895394,0.01765654828201425,0.6501924520125126
5,mlp,11096,3,3,2.8651837368424324e-08,2.022895893750593e-06,1.6311924196559987e-08,0.9985546728975856,0.0002376954072363053,1.7133655458882015e-05,0.0011884301800636724
5,mlp,3087,0,0,0.9993895033839312,0.00025106475476289103,0.0002853025326042181,1.7323051282108693e-08,3.620840683204167e-05,3.790179549951376e-05,1.803318719838037e-09
5,mlp,4391,2,2,0.0004269263060867676,1.127028701387576e-07,0.9981183487684487,1.3132305883251488e-12,0.0014535478240641764,1.740218475798106e-07,8.903753692279563e-07
5,mlp,2216,0,0,0.9999606102411456,2.4498326456533927e-12,5.1799664589879964e-09,1.456025958738929e-08,2.0786147048518612e-05,1.8573057019738828e-05,1.0812110066509723e-08
5,mlp,8668,6,6,6.531337063216277e-05,1.0619404141328509e-05,0.00039231225243742705,0.03799637241834423,0.0025885622308887803,0.11389848229104263,0.8450483380325134
5,mlp,12735,3,3,6.107300106102313e-06,2.605051482047158e-05,1.1021504817327467e-05,0.9237122323967201,0.001043956437910478,0.001887347248793713,0.07331328459683178
5,mlp,3052,0,0,0.9997408367712439,1.2721238075541447e-08,0.00023442499406950998,3.0945874525505874e-12,2.471878932951443e-05,6.083350936809555e-09,6.376735981615956e-10
5,mlp,74,5,5,6.755594562741274e-09,2.967436151343345e-08,2.9402028510521654e-07,0.007400933012049334,7.922114883997304e-06,0.9925375293223373,5.328510048828365e-05
5,mlp,1656,5,5,0.0004177348559883103,1.2082825853264753e-06,0.00042648179214801633,0.0007830168660998893,3.921708661966856e-05,0.9939684964231447,0.0043638446934141616
5,mlp,1343,5,5,8.468769555360922e-07,6.804754493896317e-08,5.2191841841910925e-06,0.00026547758819083666,4.591601960714575e-06,0.9996510357111028,7.276099006095477e-05
5,mlp,6685,4,4,9.639421052618658e-06,6.52747130158032e-08,0.0002165908633975061,7.442478820080441e-07,0.9994691037335778,8.849699065485919e-07,0.0003029714894706605
5,mlp,2170,0,0,0.9990657418552881,1.1250900795509368e-08,0.00012963676559172769,1.4737146635217745e-07,0.00046904268710267134,9.667171186853657e-05,0.00023874835778176724
5,mlp,8355,6,6,0.0026692594100842116,5.449868993721253e-05,0.0007120420366573685,0.07034526521401742,0.004330186826658262,0.0018534209762953414,0.9200353268463503
5,mlp,5961,4,4,5.553032220089166e-08,1.3891019677906256e-09,2.2211847559609775e-07,4.133737626592316e-06,0.9995824279516564,4.2148948607450924e-07,0.00041273778333130123
5,mlp,339,5,5,8.958256219260524e-08,8.87873193725556e-08,2.058832809082288e-06,0.006571973560092513,1.3349971891682871e-05,0.9930740567123,0.00033838255302516155
5,mlp,2669,0,0,0.9999974718845956,1.7043166522618242e-09,1.6897094222423968e-07,1.5272614852616475e-10,6.801270805996933e-07,1.6770593620566322e-06,1.009770311685461e-10
5,mlp,4163,2,2,0.23124162143394594,8.921027633614581e-07,0.7580011165645947,9.871446831020122e-10,0.010735695126475427,3.279404717160816e-06,1.739438035867242e-05
5,mlp,11694,3,3,1.9235386428711517e-07,2.864158629092254e-06,1.929519299055035e-07,0.9948131130883618,0.0002008788716061206,0.00018894884544119858,0.004793809730167486
5,mlp,688,5,5,1.1679973247339014e-06,1.282578821039288e-07,6.7858634784458675e-06,0.0027568551322968817,1.2224188961361612e-05,0.9968517227750601,0.0003711157849963409
5,mlp,11101,3,3,1.9119297012573204e-08,1.5141790663760637e-06,1.1068472267298957e-08,0.9990870422289273,0.00016274419010436745,2.0286765925298003e-05,0.0007283824482075277
5,mlp,11387,3,3,5.59141712955438e-07,6.4498134117004294e-06,8.371752352946928e-08,0.9967608447845608,0.0004501686944207089,1.31350175913781e-05,0.002768758830778761
5,mlp,5015,2,2,3.750971519043099e-06,5.343878745979668e-07,0.9998909285709822,9.139045885015347e-16,0.00010477368536705674,1.2056408593534927e-08,3.2784765439199584e-10
5,mlp,8557,6,6,0.00034598818843979776,5.1024667154092214e-06,8.620436286360672e-05,0.002953044885690138,0.000805182915310358,0.00020375207467361793,0.9956007251063071
5,mlp,467,5,5,9.92249502803603e-10,6.689241152559952e-11,2.9466007139831594e-09,3.7363114271869577e-06,3.4027864139307335e-08,0.9999962203698527,5.285113520364572e-09
5,mlp,4194,2,2,0.23523604657619748,1.128311801914655e-05,0.7490821247275269,2.017247738974428e-08,0.014767806577956554,0.0006100669827527331,0.00029265184506981377
5,mlp,13158,3,3,1.157453013023294e-06,5.852444203330665e-06,8.072398727651981e-07,0.9402848057278763,0.010025697422162767,0.001632588263052992,0.04804909144981857
5,mlp,8239,6,6,0.0004293816408761969,7.621270474416987e-06,6.785913936493341e-05,0.014954887586560413,0.0008527278758106274,0.0005774009281859159,0.9831101215587276
5,mlp,7770,6,6,0.0006637177073251417,2.895537963641627e-05,0.0003566815949593119,0.17660915547922917,0.001714918273031508,0.014764127319200774,0.8058624442466177
5,mlp,13351,3,3,0.0001243383707805195,7.40926307132554e-05,4.8180272329373234e-05,0.7371148120625642,0.0035750806842536503,0.0024811647552931216,0.2565823312240658
5,mlp,9316,6,6,0.001135859856708659,3.2584840987792364e-06,0.0007317378684881337,0.0023268214124665143,0.0006871868031274414,0.026804885933500073,0.9683102496416104
5,mlp,454,5,5,2.801313364836959e-09,8.738750252437338e-09,2.8801012157762333e-07,0.0004103410779191369,1.6040155075406563e-06,0.9995752388448695,1.25165115186981e-05
5,mlp,9732,6,6,0.017728761385211136,7.243065342767989e-06,0.009626106866604471,0.0005581215075772301,0.000650261494583101,0.03139310746535698,0.9400363982153244
5,mlp,2047,0,6,0.011073838888235356,2.939107861542186e-05,0.014933669064007473,0.002024126210984201,0.0008232330651561104,0.44898881372732796,0.5221269279656735
5,mlp,12892,3,3,7.747061051344976e-07,1.214188724477867e-05,8.291361905368303e-07,0.9687868493153174,0.0007756485889528901,0.0006737773694592495,0.029749978996730007
5,mlp,8901,6,6,0.00028272692560014527,1.7120296203930024e-05,0.00045707981789961673,0.007650701182337584,0.0018005680783534516,0.0009451921907986244,0.9888466115088066
5,mlp,13127,3,3,4.001198801346228e-06,1.8242138074059513e-05,1.1989644374696029e-05,0.8739964385328288,0.0012475856260647565,0.04787099634977175,0.07685074651008458
5,mlp,9426,6,6,0.015278198536231368,4.909556563517266e-06,0.0004480471567498897,0.0017990163262988589,0.0027363613149746636,0.003677049251314899,0.9760564178578668
5,mlp,5387,2,2,0.00010998892757537022,6.304936813230681e-06,0.9993018978604993,1.1559142403155324e-13,0.0005817851307337015,2.2955600615644274e-08,1.8866216979411353e-10
5,mlp,6587,4,4,2.8791790541305596e-07,4.1824392235871396e-08,6.441904482372525e-05,2.053684140798419e-06,0.9997497938634885,5.225215030247742e-06,0.00017817845021912346
5,mlp,4297,2,2,0.0021826953682620876,1.2535030983230165e-05,0.9977280274226469,3.6159396882923854e-10,6.54948400761082e-05,7.820856955298787e-06,3.426119482344127e-06
5,mlp,4842,2,2,0.09357359388208682,6.551543567285088e-05,0.9062576736130311,4.0100541233429926e-10,5.0075592228772496e-05,5.292305550083825e-05,2.1802047418207864e-07
5,mlp,6356,4,4,1.849956800340235e-07,3.799515436726595e-09,3.5408320515261993e-06,1.5706680847545712e-06,0.998714558344461,3.2456022282372056e-06,0.0012768957579791273
5,mlp,7541,6,6,1.4303356688947635e-05,1.3998860706731192e-05,6.02080080152725e-06,0.31856937052235357,0.0009954331521557225,0.0004473799834025153,0.679953493323891
5,mlp,11743,3,3,2.1585004583388245e-06,8.921770374810444e-06,7.371157419417686e-07,0.9833043812056691,0.00041891240441303276,8.199771200901423e-05,0.016182891291333667
5,mlp,2430,0,0,0.9987465971640336,3.490889013698127e-08,0.0008321797849639577,9.3845145866911e-09,0.0004145742407106234,1.4896683241969351e-06,5.11484856325358e-06
5,mlp,1726,5,5,0.09899417029484509,3.2144434310064853e-08,1.2496311183539335e-05,9.768193433089945e-05,0.00014881346693182174,0.9007375385576861,9.267290588184948e-06
5,mlp,2668,0,2,0.3909919434717735,1.78593391632178e-05,0.6082299942147578,1.3495741088830606e-08,0.00029005947027009696,0.00044643063270676805,2.3699375587572326e-05
5,mlp,325,5,5,2.617534884493788e-08,1.7728246020688377e-08,6.438149078143521e-07,0.0010459703212183078,3.0746029608195365e-06,0.9989207714379238,2.9495919394399084e-05
5,mlp,10976,3,3,1.1535372978179665e-09,2.6242152233895686e-07,1.8028696785658537e-09,0.9995655190961122,8.215691463724576e-05,4.967221444102594e-05,0.0003023863968802029
5,mlp,9977,6,4,0.08035929548272036,2.311464255050644e-06,0.013763312257096219,3.359433371063868e-05,0.6971880039222477,0.0004451116113816877,0.20820837092858852
5,mlp,12747,3,3,7.358493689148741e-05,2.5705926096064936e-05,6.496564813355201e-05,0.7581763954735657,0.0011589063625711512,0.00728108026674126,0.23321936138600083
5,mlp,11073,3,3,7.054935929481512e-10,1.484323572723697e-07,4.246540019566588e-09,0.9985596041238386,6.739742026855674e-05,0.0005747462031601145,0.0007980988683419075
5,mlp,1320,5,5,2.2835829151521004e-06,1.620922047380515e-07,1.631492901066526e-05,0.0006398057145444019,9.863290374905743e-06,0.9987834898639484,0.0005480805270017769
5,mlp,3199,0,0,0.9998549621324488,7.182377247318777e-08,0.0001367252207642536,7.220988732818118e-12,8.238261707992506e-06,2.483594738088873e-09,7.049046829472942e-11
5,mlp,13164,3,3,1.3103521461540868e-05,2.3473859992373572e-05,2.812128148361053e-05,0.7107166389019491,0.0014173014776472565,0.013994276747416396,0.2738070842100495
5,mlp,3065,0,2,0.41918152720033086,2.713923619567773e-07,0.5482126174905158,4.1526108118564825e-11,0.032605290967677523,1.0676187442244504e-07,1.8614571342361168e-07
5,mlp,2482,0,0,0.95326953886134,4.6618599076348424e-06,0.04661068150383902,3.0989177454922424e-08,5.9370772713082765e-05,4.745754154828957e-05,8.258471474421043e-06
5,mlp,3739,1,1,5.2609097690962166e-11,0.9999999974179812,2.4604813238565797e-09,9.025161113318596e-26,6.892845215223668e-11,2.5520315621874586e-18,3.823410840472595e-36
5,mlp,5188,2,2,7.649695195992679e-06,1.567510017744476e-07,0.9981634798777194,7.02335139346797e-14,0.00182868324241376,2.8528997908610763e-08,1.904601242420344e-09
5,mlp,2986,0,0,0.9994983069062676,1.1897844149870883e-10,1.686132740558678e-05,3.012973262983354e-12,0.00048482668962586455,4.217528190168567e-09,7.371815178392924e-10
5,mlp,11979,3,3,1.0741529928472318e-06,6.839486710834825e-06,4.253128206687478e-07,0.971640817540726,0.0005714593413739699,9.705705669410716e-05,0.02768232710868177
5,mlp,5946,4,4,9.639169145928933e-08,5.100911454662385e-08,1.5502118809575285e-05,4.044097875116134e-06,0.9996374992412203,9.230357722247901e-07,0.0003418841055168737
5,mlp,12472,3,3,2.3067567265296057e-06,9.244862705018886e-06,4.86712439493661e-06,0.9636003287444881,0.0005587231519714104,0.0032734648760393576,0.03255106448367457
5,mlp,4267,2,2,0.002357215244618948,2.2941526702676104e-06,0.9974433291244913,6.34444527341842e-10,0.0001548486605481184,1.8246740385256346e-05,2.4065442841519122e-05
5,mlp,400,5,5,1.3915946711873347e-05,1.0521370173712907e-06,3.0841411543988136e-05,0.0359847325418066,8.878738214474204e-05,0.9602651688531167,0.0036155017276587368
5,mlp,593,5,5,1.85542621460897e-07,1.1477882301793904e-07,4.78719729685663e-06,0.0034300467250112333,1.1772563468686525e-05,0.9960882586047073,0.0004648345880716759
5,mlp,3826,1,1,3.5970224546738194e-12,0.9999999999050262,5.7753195326973604e-11,4.056321695882015e-28,3.362344433875773e-11,5.0843308760969566e-21,3.4622265518856643e-40
5,mlp,3047,0,0,0.9999613086418397,1.1204758105982958e-07,3.421527460770941e-05,3.506351896203934e-11,4.323422571684588e-06,4.0345369157968174e-08,2.329672494220594e-10
5,mlp,11124,3,3,2.5786139139386346e-07,3.2381088637587243e-06,4.218057897523547e-08,0.9916829310370497,0.0003131067904098359,1.2100126361134814e-05,0.007988323895345055
5,mlp,9595,6,6,0.0008226740294754492,1.3233951800120298e-05,0.00955940164629854,0.00016884936660968653,0.0021355789043041697,0.0015911534118497309,0.9857091086896623
5,mlp,6926,4,4,4.376390245665453e-08,3.020390129379327e-10,2.3148153883545246e-06,1.6410642122695696e-08,0.9998743592770083,3.9382202903607494e-07,0.00012287160899075866
5,mlp,8594,6,6,0.0003557543343172838,4.28633473192117e-06,0.0005388928846770896,0.0017582208181108855,0.00047905860770070175,0.0002977170503073925,0.9965660699701546
5,mlp,11516,3,3,8.432500389633256e-09,7.865049645333447e-07,1.6146489533551381e-09,0.999233013612748,0.0002284978895387651,1.237127719820959e-05,0.0005253206684013252
5,mlp,11819,3,3,8.896494285207492e-08,7.0158635873731995e-06,4.0542050410188605e-08,0.9969447141602086,0.001182480671604675,2.2904034045425766e-05,0.001842755763560479
5,mlp,9546,6,6,0.013926887697840064,1.3043737538383756e-05,0.002482456699808341,0.0009271366887679782,0.001174298053551361,0.018820360950173816,0.9626558161723201
5,mlp,614,5,5,7.707210895418576e-06,5.19997063640421e-07,2.4765330712788444e-05,0.012722377627751984,4.3070458484486046e-05,0.9837779045666312,0.0034236548084604747
5,mlp,12597,3,5,5.736754765050373e-07,1.9003699460175752e-06,1.0697401473813606e-05,0.1190823180262269,0.00018686412385213256,0.8757413345223063,0.004976311880718317
5,mlp,5934,4,4,2.496718326078242e-08,1.4237243072850453e-09,1.0060566071084665e-07,5.8435373872829465e-06,0.9997983806061194,2.862045606791374e-07,0.00019536265536444425
5,mlp,10019,3,3,1.2811517658701865e-11,6.00156398358119e-08,8.174495608306079e-13,0.9998958393739392,9.67286006830546e-05,2.1198707215616653e-08,7.3507974016153e-06
5,mlp,11929,3,3,3.1477547642154973e-07,7.965430151963476e-06,4.750982497240191e-07,0.9849610031923202,0.0005173808806604682,0.0003087945515278416,0.01420406607161362
5,mlp,10644,3,3,1.3981437244427576e-10,1.0876866608804412e-07,1.6858966161559672e-10,0.9998360483870533,6.0654137078381156e-05,1.1678368992471422e-05,9.151002980566012e-05
5,mlp,12921,3,3,7.825590454276336e-06,2.2139449873626262e-05,1.4989195154764622e-05,0.9075560241780465,0.0012865864052981166,0.0037698382063974687,0.08734259697477544
5,mlp,6625,4,4,2.267754817077645e-06,1.0365738214986027e-08,2.099979700368437e-05,3.5111978726017918e-06,0.9950743043219027,4.419224323487924e-05,0.0048547143194306586
5,mlp,1778,5,5,0.0009972001753814149,4.1307914605577215e-06,0.0008096879510192254,0.001033385546210447,0.00011043581567257505,0.9845515885016803,0.012493571218575457
5,mlp,13073,3,3,1.1862047786344302e-05,5.4424335388767187e-05,7.120279380188985e-06,0.8872125818618788,0.002182650520052063,0.0006624517239987782,0.10986890923151534
5,mlp,966,5,5,1.0462737492533107e-08,6.07754892976894e-09,4.533490797125211e-07,6.5290217289268e-05,7.346833167609821e-07,0.9999277025966092,5.8026134186244525e-06
5,mlp,6362,4,4,5.301087839604923e-07,4.026294698774792e-09,2.6107449139113965e-06,2.7582788210315635e-06,0.9968472337244084,6.477662357669377e-06,0.003140385454420196
5,mlp,5899,4,4,8.41884629804124e-08,2.7894149478291086e-08,3.3217105526704554e-06,9.059758016711695e-06,0.9997459872602696,9.67917490192744e-07,0.00024055127105831634
5,mlp,10108,3,3,2.977326138282538e-12,4.119443455503991e-08,2.326308318969699e-13,0.9993372892568984,0.0006617614515176457,2.4104116757606864e-08,8.839898225934335e-07
5,mlp,691,5,5,2.5706826753707524e-07,1.0544512412313984e-07,4.753549633386579e-06,0.002191738457608463,1.028580387735755e-05,0.9973531148703907,0.00043974480509839994
5,mlp,2048,0,6,0.010571993916019921,7.797514655948617e-06,0.0024292982118683678,0.0006061836414316596,0.0005045135296701669,0.0008779157321646509,0.9850022974541893
5,mlp,2091,0,0,0.9918112165017706,1.4361147817505966e-06,0.0009850881042785913,3.232124250833842e-05,0.00031835498505698164,0.006160979055741808,0.0006906039958620923
5,mlp,9750,6,6,0.01075356499497052,1.2535831911874833e-05,0.010536730089735881,0.00022699330573127557,0.0006274398046427109,0.0054976123027808904,0.9723451236702269
5,mlp,4621,2,2,0.0011936058907202603,1.709888082843201e-07,0.9981486115305136,2.5354525248727833e-13,0.0006575321891281661,3.8644968094319576e-08,4.075560790709302e-08
5,mlp,322,5,5,4.1192655759805226e-08,4.966848085120927e-07,2.5166881140940616e-06,0.022951980425961284,5.408138470447766e-05,0.9766133712201959,0.0003775124035599667
5,mlp,6824,4,4,4.674095963468017e-06,1.3913763773245694e-08,0.00013001470281613119,4.6565162825443707e-07,0.9984478775011694,7.854061072932217e-06,0.0014091000735859899
5,mlp,2818,0,0,0.9999823535423688,1.0803155306975761e-07,1.2673486724469445e-05,4.2968565854254074e-10,3.794636527539754e-06,1.0678485714188568e-06,2.024569231089304e-09
5,mlp,6321,4,4,8.820848966232792e-05,1.3031746941908606e-07,0.00019994637143685239,2.4924071548109885e-05,0.9490137215438255,5.864354938494356e-05,0.050614425656673
5,mlp,13374,3,3,4.432386746229573e-05,8.048826759893596e-05,0.00010079245448645863,0.7425915238570399,0.003470685496670162,0.0169449155473323,0.23676727050941004
5,mlp,1767,5,5,3.386315767241206e-05,3.113235442685148e-07,5.357774224333346e-05,0.00015578731491670554,1.171188826761706e-05,0.9994286408330154,0.0003161077403401098
5,mlp,12000,3,3,3.166846268631046e-08,1.115167683608125e-06,1.2435488909639288e-07,0.9912816059936579,0.00022448049209130368,0.0036202841549471277,0.004872358168268317
5,mlp,9749,6,6,0.004229366922856781,1.9473518632579395e-06,0.0007459942126301831,0.0002588180208255873,0.0010817242807443252,0.0031779268110491967,0.9905042224000308
5,mlp,8657,6,6,0.004445399785527873,4.9091232565927984e-05,0.0027928410742172126,0.025754825308592254,0.001387186457545041,0.060592496612794956,0.9049781595287568
5,mlp,13523,3,3,9.76193239051853e-05,6.728777129439225e-05,0.0004963441894309634,0.43619780606306363,0.006416100654675026,0.13006916979616306,0.4266556722014677
5,mlp,9021,6,6,0.000599419931583047,8.535535559967915e-06,0.0017420244431694094,0.005519000063447335,0.008161347906109014,0.0015732162361820543,0.9823964558839492
5,mlp,13293,3,3,1.2928567437224203e-05,5.399211662396526e-05,3.650998870478716e-05,0.8589302043853618,0.002816478695593241,0.012364280983598243,0.12578560526268076
5,mlp,820,5,5,1.4277338300992039e-06,2.799166651244373e-08,4.636814814314446e-06,0.0004317236635700551,3.247792771406736e-06,0.9994316283035872,0.00012730769976051693
5,mlp,9814,6,6,0.0028970377944795545,5.834633390585911e-06,0.022610614262427588,7.71885738900884e-05,0.016406775665360893,0.0009856077249147833,0.9570169413455365
5,mlp,1648,5,5,5.3913061882853895e-06,3.1193909543308617e-07,2.260224066750161e-05,0.0003547322251334883,1.2990998126594938e-05,0.999352069036504,0.00025190225428454045
5,mlp,6604,4,4,1.0601323084142835e-07,7.584531547047614e-10,1.2442702273468077e-06,8.317636188425326e-07,0.9995255429096833,7.835964186338874e-06,0.0004644383206003114
5,mlp,5794,4,4,3.530821743796929e-08,2.8720640690074596e-08,1.0307682492529283e-06,2.0566419221020832e-05,0.9999227310672396,1.2844559165361957e-07,5.547927084022719e-05
5,mlp,4757,2,2,0.004863426911328048,3.7045184539078874e-06,0.9950511881080408,3.962159801029023e-11,8.035439252981837e-05,1.021074188437776e-06,3.0495583752061296e-07
5,mlp,10868,3,3,2.0262609914117227e-08,3.6379435347667035e-07,3.356986872351641e-08,0.9985583530570034,5.096007066548181e-05,0.00015991611839619762,0.0012303531271029675
5,mlp,11626,3,3,1.7456326075887358e-08,2.1807672941182734e-06,1.995209687986854e-07,0.9910515548191801,0.00030238398395426386,0.007898012173822903,0.0007456512784540292
5,mlp,4213,2,2,0.0002082716572810818,4.6026601260190126e-07,0.9696647255236106,1.2508216229302429e-09,0.029892779482570006,3.0186972894393166e-05,0.0002035748468100066
5,mlp,8123,6,6,0.00016516682664416765,7.751552634583051e-06,2.1555596513841763e-05,0.1160665269945891,0.010233495955671664,0.0013176345836293237,0.8721878684903174
5,mlp,3724,1,1,2.3098577836252361e-10,0.9999999995343871,2.313383953611233e-10,1.7685527495971742e-24,3.288602331323999e-12,5.976653495619277e-17,2.2354759837791423e-36
5,mlp,3827,1,1,6.167141653201542e-12,0.999999999985137,7.393236116275687e-12,2.7219665403856285e-27,1.3027018083007725e-12,1.5753448906321312e-19,2.455499165391235e-40
5,mlp,13542,3,6,0.0003917943189270037,4.1309773758384574e-05,0.0003705102062236867,0.17440467580598837,0.004312500561408597,0.003711499860202599,0.8167677094734913
5,mlp,461,5,5,1.1932403436590088e-09,5.317571543378561e-10,4.009936785848395e-08,2.8674275278837286e-05,1.5988872312884516e-07,0.9999705153345074,6.086771250700696e-07
5,mlp,2883,0,2,0.1418844245880325,0.0003467692931704672,0.8575588681329844,2.7245368490106304e-09,0.00017333530526925187,3.583935915421833e-05,7.605968521637418e-07
5,mlp,3374,1,1,1.5743669047249627e-06,0.7679737478798685,0.23193666422930925,3.1742771090090918e-21,8.80135080748643e-05,1.5842551230741136e-11,1.3047508910989298e-23
5,mlp,12933,3,3,2.5600369298970712e-05,3.58994617866806e-05,2.272973694295884e-05,0.8626877665372806,0.0015388467262224589,0.0015440300663884714,0.13414512710207968
5,mlp,2289,0,0,0.9613188652987167,3.856970432574366e-06,0.03610131663400134,4.5191180144780646e-07,0.001542781149861383,0.00017143896034039262,0.0008612890748462674
5,mlp,48,5,5,1.5337670369453368e-07,7.359947499191414e-09,2.777943740770327e-07,0.0024183817959747855,2.553939721830402e-06,0.99756987923037,8.746502908196436e-06
5,mlp,9050,6,6,0.0012423876364675308,6.0304503979092234e-06,0.0008425860595555121,0.0016935917469162026,0.0025806696389340526,0.0003647484209354317,0.9932699860467934
5,mlp,5751,4,4,3.781272182202487e-06,9.990861251758253e-07,2.742408066356745e-05,0.000763347236537969,0.9904731491394024,2.958466775138633e-05,0.00870171451733729
5,mlp,10039,3,3,2.8043710324020624e-11,6.01909992526588e-08,1.0178536184666222e-11,0.999972048600468,2.380834400953828e-05,2.799103512806995e-07,3.802915949957233e-06
5,mlp,3618,1,1,3.054952255297547e-09,0.9999999153325317,7.951240326852385e-08,8.811612800134179e-23,2.1001123685899934e-09,5.09271165365688e-16,1.8483849837461648e-31
5,mlp,4812,2,2,4.767493005452882e-05,1.2390381776004054e-07,0.9998858247502136,4.878108959015471e-14,6.635464783597368e-05,1.4213684906082469e-08,7.554344346648662e-09
5,mlp,7509,6,3,5.5471071676022205e-05,4.7130052406766526e-05,6.896562818657151e-05,0.6381421742396539,0.0016982422158408087,0.003111914936838594,0.35687610185539737
5,mlp,11846,3,3,4.1278802309474305e-08,2.0621474731858232e-06,1.7908911851510498e-07,0.9962935813581084,0.00023914782860451136,0.0013042878382677416,0.002160700459625116
5,mlp,1102,5,5,2.3315717556111216e-07,1.0291920718004931e-07,5.64428932687116e-06,0.0008462128804885158,7.994335649157075e-06,0.9989975913660244,0.00014222105212825253
5,mlp,3210,0,0,0.9880306657851835,0.001858414163246885,0.009990400577694515,2.119305626521894e-09,9.537392705293019e-05,2.514232136433144e-05,1.1061524193584947e-09
5,mlp,6052,4,4,3.2116516124650557e-06,1.2892586075791475e-07,0.0003178145835577697,3.9849161901307914e-06,0.9968322133401814,2.3260752761439864e-06,0.002840320507321519
5,mlp,7235,4,4,1.6926658963703538e-06,1.624084222163547e-09,0.00017029095212049282,3.845993837889848e-09,0.9997672936480954,6.022810435241354e-07,6.0114982766260164e-05
5,mlp,6582,4,4,1.7538661856781944e-06,1.4736102405533248e-08,0.0007726507572078518,4.2403148515424624e-08,0.9976700679286676,7.858304847323448e-07,0.0015546844782032092
5,mlp,8180,6,6,0.00036202375399240687,6.783209054749864e-05,0.0003325168608718868,0.15132596920641356,0.00380089503658167,0.002128888126231687,0.8419818749253614
5,mlp,6677,4,4,0.00016020666476915325,1.4536746249098894e-07,0.0017555965926555417,3.3720557953382204e-06,0.9648378625065506,4.068728315126187e-05,0.033202129529615695
5,mlp,10286,3,3,2.3138799251932608e-11,5.001301206882586e-08,9.177473737340613e-11,0.9999112097786468,4.4117613237808045e-05,2.4064790284259744e-05,2.0557689905462003e-05
5,mlp,9117,6,6,0.0017951294903690302,8.926534444877053e-06,0.0011236444949858312,0.002108941889943013,0.0005179216756872989,0.02928889632485185,0.9651565395897181
5,mlp,11079,3,3,6.653164414221531e-09,8.470255980259101e-07,7.410973763190518e-10,0.9985504859984066,0.0003680976642318492,3.7196154245216287e-06,0.0010768423020771404
5,mlp,4451,2,2,0.000223769939643444,9.054329583462662e-08,0.986030788922213,1.970748262879932e-11,0.013741758445695983,3.493846683134957e-07,3.242744775859491e-06
5,mlp,851,5,5,2.179051808724048e-06,1.115688931586141e-07,3.707840501041399e-06,0.0013970130350277495,1.4108749668796077e-05,0.9982238963500091,0.0003589834040914636
5,mlp,8076,6,6,0.002551634225269129,6.339431785926741e-05,0.0008924010874903594,0.07859059034164223,0.001845379769596924,0.00403537262063244,0.9120212276375097
5,mlp,154,5,5,2.419504626190615e-08,1.0316849172225795e-08,3.849186230238909e-07,0.0013353239910472374,2.3718943560651897e-06,0.998640696944077,2.1187740001059716e-05
5,mlp,12327,3,3,8.27796053015666e-09,1.5845402667509298e-06,5.379761665690925e-08,0.9968121850381466,0.0003221566727701561,0.001043226076106928,0.001820785597132686
5,mlp,2428,0,0,0.9999962807933286,4.5305528921802713e-10,1.5446994969515935e-06,1.0666764339859155e-09,1.7342666218931422e-06,4.2814145285781975e-07,1.0579368165596511e-08
5,mlp,10274,3,3,1.8809527961173245e-09,2.4917901420834033e-08,8.499062704952206e-10,0.9996177972083956,1.9330215191244313e-05,0.0002570611515380728,0.00010578377611467384
5,mlp,12456,3,3,9.890390078521872e-06,3.753820232819703e-05,7.309428581545781e-06,0.8865067197445252,0.0019334721972864314,0.00030771587288951785,0.11119735416431047
5,mlp,7626,6,3,2.3827272728092315e-05,0.00011393031364400216,5.199850529599424e-05,0.7891525885988142,0.007312950184073288,0.002719130360497308,0.20062557476494708
5,mlp,6921,4,4,6.907020015467263e-09,1.417601492220421e-11,7.659693692737566e-08,2.786829917004752e-09,0.9999968955961593,8.074440407834929e-09,3.010024437465819e-06
5,mlp,5192,2,2,0.0015258865778882184,4.49562380933927e-06,0.9983693997397407,3.896039400521122e-12,9.931600153671525e-05,8.91667607795434e-07,1.0385521084698124e-08
5,mlp,4168,2,2,0.002085123430797832,6.195936049170352e-07,0.99362184591935,6.011636547924322e-10,0.004174523524544049,1.2606191464990237e-05,0.00010528073907467644
5,mlp,2224,0,0,0.9981930351176984,3.0716471802252337e-07,0.00155501251221576,2.622538600124055e-07,0.0001758155916468583,1.3846008722987538e-05,6.172135113784814e-05
5,mlp,1209,5,5,5.022011134748353e-06,2.8291507931254097e-06,6.0243918317788266e-05,0.012097828696106955,0.00011947239470586189,0.9812177636666046,0.006496840162337022
5,mlp,13234,3,3,7.622497287032031e-05,5.541236770136884e-05,0.00010376182175446897,0.5860318588364611,0.001897571493313038,0.007394743481991723,0.40444042702590793
5,mlp,11177,3,3,5.801156194914658e-08,7.20153251921389e-07,5.832836534019739e-09,0.9977748597221697,0.0009305838955898528,9.772093647654707e-06,0.001284000290942484
5,mlp,22,5,5,1.5627289101556405e-06,1.3230530761751495e-08,2.235360075259428e-07,0.011244827740788919,1.0588367021962472e-05,0.9887276565050023,1.5127891738363697e-05
5,mlp,4789,2,2,0.23764067861152974,1.6998011478162776e-05,0.7619826747962859,1.5709222643516284e-09,0.00034634852886591033,1.1381606513005636e-05,1.9168744048043845e-06
5,mlp,8855,6,5,0.00013179431893804987,3.612290277656476e-05,0.0009264592602914255,0.020316167662321628,0.0017792460807090358,0.8374280483652302,0.13938216140973297
5,mlp,12148,3,3,3.9476507513784996e-07,4.033617991309795e-06,1.3878747553607735e-07,0.9852758189689598,0.00042690972332934434,0.00011221935520512466,0.01418048478196352
5,mlp,5308,2,2,0.015332653055209358,6.917769574615766e-05,0.984560357458309,3.0571674813155992e-12,3.578515815155482e-05,2.025606930780186e-06,1.0225958687648359e-09
5,mlp,11984,3,3,8.477309728443894e-08,3.352306900303782e-06,1.414731315798147e-07,0.9963029812708964,0.0002957379626746114,0.0003140162799199701,0.003083685933379762
5,mlp,9159,6,6,0.0015391755400922021,3.570307682380377e-06,0.0001657339495203471,0.0012892176643075235,0.0006541303156111617,0.0007436165910490017,0.9956045556317374
5,mlp,3192,0,0,0.9969273786573332,0.000562977964186679,0.002436694450817968,1.7962772002909766e-09,6.228829209921477e-05,1.0657990906390071e-05,8.483791513336633e-10
5,mlp,2511,0,0,0.9999498437885418,5.892756402515423e-12,1.5856217363399215e-07,1.3044009498429675e-10,4.9893667385397785e-05,9.947326304597524e-08,4.3723035185651906e-09
5,mlp,5248,2,2,0.0038703774505244753,1.301608786469504e-05,0.9960251272666272,1.4078794136231973e-12,7.428085276016145e-05,1.719426746841579e-05,4.073347195999301e-09
5,mlp,11121,3,3,2.79056537093777e-08,9.202128421314362e-07,1.9943297621788163e-08,0.9983247917339623,0.00010183252097948679,4.3430412906988477e-05,0.0015289772703578502
5,mlp,6194,4,4,1.1704187047487466e-07,5.993723421328625e-08,1.60871372587461e-05,1.444271096465976e-05,0.9997128058143037,4.712301139414417e-06,0.0002517750572287558
5,mlp,9148,6,6,0.002407836163892385,9.872541791048848e-06,0.0019794344483420353,0.005465096549490529,0.000837904687888739,0.020259910550529586,0.9690399450580656
5,mlp,9540,6,6,0.00019991399362588773,1.311527080320667e-06,0.0004915108969523411,0.0005949366314583967,0.00212335334345684,0.005583093307928391,0.9910058802994978
5,mlp,5697,4,4,6.287424208357432e-07,1.6700498949096297e-07,3.174515370469911e-06,0.0018478756784733295,0.9821590173607521,9.008368940223881e-05,0.015899053008591613
5,mlp,1729,5,5,2.2120721541001176e-06,1.04362808349911e-07,1.042213143197762e-05,7.370486928910371e-05,4.791127805890076e-06,0.9998472598090387,6.150562747201032e-05
5,mlp,712,5,5,0.0032134351161240897,2.165196948101039e-06,5.989145454069397e-05,0.07277444358180256,0.0004166519986069982,0.9176187432642773,0.005914669387700317
5,mlp,10221,3,3,8.376500862820352e-10,2.884909729498755e-07,3.859817637322381e-11,0.9991958499052884,0.0007842664830580785,1.1789451377697087e-07,1.9476349918667028e-05
5,mlp,9893,6,6,0.00021918419649141505,1.3352169199363579e-06,0.002323146435960934,3.09773021954822e-05,0.07508169822787371,0.00038964532820501475,0.9219540132923535
5,mlp,12820,3,3,6.870750459359186e-07,3.467501377328561e-06,2.55666069530314e-07,0.9615931664429166,0.002989663594133843,0.0005372633429212071,0.03487549637753551
5,mlp,1236,5,5,9.223514619882516e-06,4.166782659661783e-07,3.3899322000728004e-05,0.002088142330306747,2.3387875588658027e-05,0.9965870668675523,0.001257863411665962
5,mlp,7995,6,6,0.00167830611417751,6.606430061195407e-05,0.0009313977514426616,0.050768230230006754,0.46953385316951557,0.00047645137974463073,0.47654569705450106
5,mlp,12445,3,3,1.202906043202981e-06,1.565640353659607e-05,1.3317863031152955e-07,0.9616209319222001,0.0029255144438943316,6.0736980008320394e-05,0.035375824165687325
5,mlp,988,5,5,1.743090379084529e-05,6.596097985988421e-07,3.561436426763298e-05,0.005301742084999015,4.6461678337078804e-05,0.9918918432179896,0.0027062481408173297
5,mlp,4182,2,2,0.0020446489883300103,1.681613350619588e-06,0.9971599490160933,3.207082090805159e-11,0.0007902157695587265,6.351674289718625e-07,2.869413167653076e-06
5,mlp,6566,4,4,2.7188257851868393e-06,1.505886402861533e-08,5.5726418042217665e-05,6.148572380099975e-07,0.9923007045764534,5.0543522390284285e-06,0.00763516591137818
5,mlp,11623,3,3,2.1073725109556418e-08,1.5263092718798296e-06,5.497781469951785e-09,0.9986223066382903,0.0004348888673354688,2.003161036274025e-05,0.0009212200032329892
5,mlp,2672,0,0,0.9999962223949235,3.1480501385365933e-09,2.0882049634051673e-06,2.097070169605517e-10,1.5368663276856088e-06,1.473231955557824e-07,1.8528328827710006e-09
5,mlp,4983,2,2,0.0002919802195106381,2.106882007662464e-06,0.9996513971770504,1.2353368412472853e-12,5.438998069961434e-05,1.1198516539632884e-07,1.3754330900309524e-08
5,mlp,5100,2,2,0.0029331914077579363,8.984853922489223e-06,0.9964534299540201,3.691846774239404e-11,0.0006030783221495093,1.2081143446371596e-06,1.0731088672083564e-07
5,mlp,7702,6,3,4.221338239639741e-05,8.600743152469207e-05,7.394342414060519e-05,0.6690173240962284,0.0030669189946759324,0.004427402692950484,0.32328618997808356
5,mlp,5592,4,4,9.963334985246428e-06,1.2278523868243986e-05,2.3362340368949694e-05,0.03924013560128782,0.9477247653583052,4.468034710581993e-05,0.01294481449407859
5,mlp,376,5,5,3.6182642818654975e-06,1.0967111987854244e-06,1.626506469151582e-05,0.05317173697031875,0.0001009163627782014,0.9432750290631137,0.003431337563617052
5,mlp,10670,3,3,3.5506241916128878e-09,8.433670015157289e-07,2.003936925498028e-09,0.9996684185262875,0.00011548027821818703,6.1755106354755185e-06,0.00020907676329597565
5,mlp,2080,0,5,0.027495088048238452,5.422351230590373e-05,0.05049474481406405,0.0006071595901112737,0.0014414110297450127,0.583357092167095,0.33655028083844035
5,mlp,12466,3,3,9.303444332582287e-07,1.8627334124862794e-05,6.127127169240798e-07,0.9872851295271006,0.0008815282549332963,0.0001881210188027004,0.011625050807888391
5,mlp,11957,3,3,1.3306221610092786e-08,2.570162713576368e-06,8.259788736330582e-08,0.9980633299153728,0.0003820213834308968,0.0007452715472066556,0.0008067110871671658
5,mlp,8190,6,6,0.00023939778515494296,7.554966719335683e-06,7.497351975533244e-05,0.020703927194517822,0.0006350687254422329,0.0015231279208115245,0.9768159498875988
5,mlp,4902,2,2,5.412476101301633e-05,1.79373294876776e-06,0.9998060639201592,1.5763401773389051e-12,0.00013757304503946878,4.0078181115456787e-07,4.3757452065242975e-08
5,mlp,13494,3,6,0.0001947049179853096,4.777440070341774e-05,0.00023004260505870674,0.3433025655243369,0.006335976624098434,0.003542981008063237,0.646345954919754
5,mlp,10671,3,3,8.703581192279619e-09,1.1065959377956101e-06,4.109128001891535e-09,0.9994523116885621,0.000199351877532992,4.405286174405931e-06,0.0003428117390833934
5,mlp,3531,1,1,5.081164620740504e-08,0.9999994800333224,4.6826317562768076e-07,1.9259796880980696e-21,8.917443095331735e-10,1.1144217960071366e-13,1.1036893950287355e-29
5,mlp,10354,3,3,1.1182534757016421e-09,5.104212310602906e-08,2.0177986548455927e-08,0.8093189829304872,3.63648023566794e-05,0.1905835606834895,6.1019245303328505e-05
5,mlp,9191,6,6,0.00030903754617813187,6.954675846206161e-06,0.0018555632099046598,0.001965260642634249,0.0008719360222519564,0.012439618387709595,0.9825516295154751
5,mlp,7631,6,6,0.0002965629882807471,0.0001273560667868806,0.00013456529035337902,0.27939564578997894,0.0042576433077814715,0.0004967037394401267,0.7152915228173784
5,mlp,11102,3,3,4.030426403041293e-08,1.0088204788312967e-06,3.255372604897256e-08,0.9982896183478135,9.230384521082434e-05,6.44136669612897e-05,0.001552582461545437
5,mlp,8473,6,6,9.335299956056886e-05,7.584880222500178e-06,0.00016909616027902785,0.01072279725051955,0.0008608731618118499,0.0028968100936328273,0.9852494854539736
5,mlp,1640,5,5,3.183879276235866e-07,8.045435866307076e-09,4.3450174175498603e-07,9.90852045273808e-06,6.939956276471392e-07,0.999987961079388,6.754694263465165e-07
5,mlp,1699,5,6,0.022796875918303813,4.254833235700959e-05,0.006387122734122668,0.015492605240948615,0.0013487895506623339,0.07464195738326038,0.8792901008403452
5,mlp,11290,3,3,1.1376277255053058e-08,1.448376155144741e-06,1.3828024759016777e-08,0.999154361577398,0.00019409158526691276,6.441199483501556e-05,0.0005856612620429723
5,mlp,2012,5,5,0.00039752497224243257,6.423735849358019e-06,0.0017550228889556207,1.077241487222685e-05,6.25752601519354e-05,0.9973487685440592,0.00041891218386926613
5,mlp,996,5,5,4.95420863924534e-06,1.164588450111579e-07,7.572862464766819e-06,0.000929649999325537,1.1272077326865629e-05,0.9988159603222102,0.00023047407118839528
5,mlp,9720,6,6,0.002481439371464221,4.782735338001048e-06,0.008526632930010986,0.00010725218773594755,0.0024981802048216037,0.000909929644418566,0.9854717829262106
5,mlp,6695,4,4,5.791178911110502e-09,8.867075216703126e-11,5.799498174607254e-07,3.875894998201702e-09,0.9999835033735867,1.7249822792562953e-08,1.5889671028546178e-05
5,mlp,6693,4,4,0.0009095468807936015,1.9240706496537936e-07,0.001787512605632473,3.687477045283254e-06,0.9945422430227276,2.593669688565959e-05,0.0027308809098505245
5,mlp,10661,3,3,2.4392926139784794e-09,1.0023110290226871e-06,1.8209571251263798e-10,0.9992742233566471,0.0006030931577444976,7.272865475722481e-07,0.00012095126664350601
5,mlp,7452,6,4,6.950040709323831e-07,1.1454557019296902e-05,5.251847928665079e-06,0.0388668719869792,0.9221929340071867,1.0721922431743239e-05,0.03891207067438338
5,mlp,5228,2,2,6.764840172653413e-05,1.8098770049713213e-06,0.9997399982762778,1.771391812632815e-13,0.00019050983941261573,3.207552973939912e-08,1.5298714090213447e-09
5,mlp,12405,3,3,1.6783271213056958e-06,6.264463438641721e-06,4.281653365544916e-06,0.9545484092400685,0.0005842355969471603,0.029914326366187603,0.014940804352871184
5,mlp,529,5,5,4.044719958172189e-09,6.458104986521242e-10,6.64401145530732e-08,2.760784110922373e-05,1.6827384314193575e-07,0.9999713653297906,7.874246120542355e-07
5,mlp,1943,5,5,0.0001731161931129504,2.8476370919140274e-07,0.00010736460710746892,1.7319604818820218e-05,8.31479032454825e-06,0.9995492748343302,0.00014432520659699317
5,mlp,8378,6,6,0.0009090339321404296,1.364197762015238e-05,0.0006245516618808381,0.018776464374163228,0.001013085653316076,0.0019248737849893918,0.9767383486158898
5,mlp,9444,6,6,0.006048943297458206,7.2601925197049415e-06,0.0020611556478542224,0.00047231648447513554,0.0004456483998767253,0.000537192097737867,0.9904274838800781
5,mlp,11585,3,3,5.905692447399505e-07,5.764118503396483e-06,2.0732392167474638e-07,0.9928623586237246,0.00046381528836098084,3.695370031855697e-05,0.006630310375925848
5,mlp,6245,4,4,2.0935082597129203e-07,7.326306130466427e-09,9.822640061521815e-06,3.1657081945751435e-07,0.9999652214650038,5.562607277899341e-08,2.4367020910268416e-05
5,mlp,3666,1,1,1.3977426290409806e-10,0.9999983507935261,1.6429312313415178e-06,8.60372260666607e-27,6.135468414202348e-09,1.739793350435732e-17,3.116908181188316e-34
5,mlp,809,5,5,1.3998386044686936e-05,3.1656385709534376e-07,2.675444701215408e-05,0.0037022349594427904,2.50693242657405e-05,0.9947944929039377,0.0014371334154397735
5,mlp,7753,6,6,0.00014272802786061662,0.00010690752847845192,6.624510845155766e-05,0.46613325022288926,0.005434031528456126,0.0009414928512257546,0.5271753447326382
5,mlp,2256,0,0,0.9999702492305047,4.4956084512218395e-09,1.5862547288098184e-07,1.9150139430082416e-08,9.544163096996695e-06,2.0012634753054027e-05,1.1700424387143724e-08
5,mlp,8618,6,6,0.00032159187605130423,1.8516827353608127e-06,3.89558140995976e-05,0.0075957432204816116,0.019006012342056053,0.000410658045692889,0.9726251870188832
5,mlp,13484,3,6,0.0001877693178463328,7.266335265720999e-05,0.00034517279319402043,0.23276074358661208,0.00353022680268911,0.007127147420741716,0.7559762767262596
5,mlp,2710,0,0,0.7818349856936918,1.751921297219261e-05,0.21794576563967433,5.317075559580294e-09,0.0001507066865056464,4.758622650882576e-05,3.431223571690721e-06
5,mlp,4364,2,2,0.009579687030900159,5.090136748531825e-07,0.8731082588446152,1.4711689883076783e-09,0.11722362112512695,1.4376020354152228e-05,7.354649415953415e-05
5,mlp,4501,2,2,4.706625192713325e-05,3.7701049657669863e-07,0.9996532119387795,2.3058296393928806e-13,0.0002992225449856456,7.225718327397576e-08,4.999639700229188e-08
5,mlp,326,5,5,3.22623963458545e-07,1.1671378250014864e-07,3.4787935135338e-06,0.008318933972958914,1.582129389366606e-05,0.9911131456798805,0.000548180922007301
5,mlp,5807,4,4,9.312418464833891e-07,8.688010251603356e-08,1.3394585114679643e-05,2.0550034045702385e-05,0.9725420057917931,2.440565134385625e-06,0.02742059090196332
5,mlp,5057,2,2,0.0001318098870960412,1.9993314887222726e-07,0.9995529560086703,1.663562968711393e-14,0.0003149981849453805,3.343859299167414e-08,2.5475299281007152e-09
5,mlp,8975,6,4,0.0003640833040581109,2.544228586215336e-06,0.00010804801331828024,0.007051898814509861,0.6542837272744587,0.00036341300183403156,0.33782628536323467
5,mlp,12724,3,3,2.3606229204987953e-06,1.1125000954555732e-05,6.038927742577146e-07,0.9333163410417539,0.0019824167874488573,0.0002579452415679372,0.06442920741257996
5,mlp,7898,6,6,4.985607875271867e-05,3.5629842389878367e-05,6.262422312541398e-05,0.3633683506534038,0.002046625034652181,0.019401366828671263,0.6150355473390047
5,mlp,9269,6,6,0.00036276435082343466,1.0596347116973201e-05,0.004127429348346872,0.0016483669964323536,0.019908433966876287,0.0015998210595633466,0.9723425879308408
5,mlp,7481,6,3,5.17079166287211e-05,2.943842102203049e-05,3.7225718644963765e-05,0.5490830107825158,0.001116000237087092,0.0014689651735578547,0.44821365175054356
5,mlp,11749,3,3,4.182085723894761e-07,5.4891535069281385e-06,2.2548402630869364e-07,0.9912329985713686,0.0004166563882761977,7.55475104821988e-05,0.0082686646837674
5,mlp,13122,3,3,5.8227618431157176e-06,3.361009318575279e-05,1.53477782374542e-05,0.9115019626884301,0.002263359126073087,0.0040711184185625695,0.08210877913366811
5,mlp,12829,3,3,2.7415615714584684e-07,3.18331293235547e-06,1.199514012153813e-07,0.9873722642755772,0.0024429495871763113,0.0004220367741474426,0.00975917194260843
5,mlp,9132,6,6,0.005478127294037279,1.112644015410076e-05,0.0022972897102892763,0.0015610025425996665,0.00041812013757209495,0.0018277139642524226,0.988406619911095
5,mlp,6400,4,4,4.7305376094567145e-06,5.135402193817134e-08,0.00023558104010403411,8.849499194583376e-07,0.9991720012947968,1.052502801455103e-06,0.0005856983207469909
5,mlp,352,5,5,1.3240184577874959e-08,9.43730565188113e-09,5.00420207878837e-07,0.0005402316665490386,1.6976558990523323e-06,0.9994373355295967,2.021205025725704e-05
5,mlp,4360,2,2,0.001767610812705159,2.689343453091199e-06,0.9960307334011403,4.044657838735058e-09,0.001914904600778259,0.0001495233137507634,0.00013453448351475708
5,mlp,12604,3,3,1.9330267949832417e-06,1.6028894488469815e-05,1.8032090940802243e-06,0.972040023788226,0.0007936151014956108,0.0005266281963697263,0.026619967783531276
5,mlp,7628,6,5,0.00018293562056782847,1.6050354364204305e-05,0.00042213875427012874,0.1258984579379388,0.0005681835179209194,0.789472086097379,0.08344014771755927
5,mlp,4561,2,2,8.009327632529559e-05,1.4035582416224073e-07,0.9988950692070395,5.9442171588988444e-12,0.0010232130962416605,5.204409776007819e-07,9.63617647688448e-07
5,mlp,1315,5,5,6.859884063232548e-05,3.781997199676745e-05,0.0002674588706629891,0.1991125894196616,0.0013457736105939562,0.7328042765311241,0.06636348275532836
5,mlp,2537,0,0,0.9998721037044146,9.602478261191609e-08,2.999516820870123e-07,7.0516107245494625e-09,7.718037064408945e-06,0.00011977452625746925,7.04188004578825e-10
5,mlp,140,5,5,2.6903928424709023e-09,1.6321856075800407e-09,1.0707584541797226e-07,0.00025458079320230957,4.918411347958948e-07,0.9997401295149587,4.6864522803130825e-06
5,mlp,7054,4,4,8.716793870406241e-05,1.3327738596214872e-07,0.0037655036916657988,3.2362577992754256e-07,0.9955771680124115,1.1556101620730203e-05,0.000558147352432202
5,mlp,9636,6,6,0.008803747560334758,3.45745672007541e-06,0.0034114372570316362,0.0004281199579022716,0.0004338799893248809,0.004482267170356656,0.9824370906083296
5,mlp,11377,3,3,1.8977588224205473e-08,1.2641439400760238e-06,7.400523502048164e-09,0.999120138543293,0.00019155518282687435,2.102056679273353e-05,0.0006659951850354655
5,mlp,10943,3,3,9.326295197921831e-10,3.8257609108377774e-07,4.35443003320245e-09,0.9995930862124107,0.00010431166520822719,0.00016128055416987275,0.00014093370506037845
5,mlp,5072,2,2,0.007448718970689264,3.067320538071403e-06,0.9924529856787745,1.4341309843804834e-12,9.517442993024056e-05,4.862504258082886e-08,4.973591304780258e-09
5,mlp,8026,6,6,0.00026659034736129016,3.5662281000453915e-05,0.00011912810158636545,0.028610147517225397,0.0035074512245775852,0.0001816239928129676,0.9672793965354359
5,mlp,8646,6,6,0.0006755840062423956,3.2377719940680265e-05,0.0009434104358362434,0.03544595993281106,0.002051977348595643,0.00939919094542885,0.9514514996111451
5,mlp,7434,6,3,4.511070136932319e-05,6.452071486877233e-05,2.75156979893065e-05,0.5206678482147438,0.005992540414338168,0.0002580988793209859,0.47294436537736956
5,mlp,869,5,5,3.035873779464264e-06,1.917314246696754e-08,2.798936677556077e-06,0.0002833980262172683,3.28872258947271e-06,0.9996666569733891,4.080229420471964e-05
5,mlp,7340,4,2,0.26506907285152703,1.1271159024859037e-06,0.6631758589187196,7.524232601269666e-09,0.07170999587214885,3.304030630400564e-06,4.063368683911561e-05
5,mlp,13150,3,3,4.292340319571732e-06,1.189830386336802e-05,1.3313221977912054e-06,0.8748612228998716,0.006973147993507004,0.0009119294528055919,0.11723617768743516
5,mlp,9911,6,6,0.24917750447792297,1.5424352729002148e-05,0.10606654466016721,0.00012121142336412162,0.057000531163309484,0.0009981640435324315,0.5866206198789747
5,mlp,9951,6,6,0.14451877488692227,3.7968189562398106e-05,0.165791283934759,0.00015532984423166011,0.0025008445369564896,0.10297156946029729,0.5840242291472708
5,mlp,955,5,5,1.7164418704216648e-07,1.6918859959161484e-08,1.3098443698839185e-06,0.000224326828780928,2.092881276348411e-06,0.9997258562832368,4.622559928896323e-05
5,mlp,5525,4,3,4.010205620389765e-06,1.7390308872338586e-05,2.2744423911744917e-06,0.7429809714953627,0.22126606939557683,0.00020588900275275796,0.03552339514942369
5,mlp,12632,3,3,5.285971214665894e-06,1.1074027251018234e-05,2.2148068570113957e-06,0.8656696150364857,0.0011619151724868667,0.00046420686447364365,0.13268568812123124
5,mlp,4340,2,2,0.4992008595587922,3.099552241946583e-06,0.5000339138005685,1.0864845630960817e-08,0.0006943422985111643,4.440328344910551e-05,2.3370641591593145e-05
5,mlp,6073,4,4,4.62247032783642e-09,2.4954961254801686e-10,4.594413419494169e-08,4.6267033564271605e-07,0.9999034577241558,1.0340935874495646e-07,9.592537999567365e-05
5,mlp,6416,4,4,1.1673790948940159e-07,3.870280610029719e-09,5.264174426821228e-06,6.976929541677217e-07,0.9991838206145153,1.7827987360765876e-06,0.0008083141111777963
5,mlp,1150,5,5,7.309885186580603e-08,5.525060047031676e-08,3.4296000184008575e-06,0.00027586167937155486,4.108577084827574e-06,0.999662966922316,5.35048717568072e-05
5,mlp,10815,3,3,2.2244945225250883e-08,4.3731674203672543e-07,8.876002556569723e-10,0.9970632625417611,0.0021975992811324083,1.8365273189037697e-06,0.000736841200500056
5,mlp,10655,3,3,4.049261043427285e-09,3.338665570743849e-07,2.956824827895775e-10,0.9994825864308651,0.00026141848014841763,1.5541243448549625e-06,0.0002541027531411825
5,mlp,8289,6,6,0.0017980380648159192,3.573177209613627e-05,0.0003752071442619116,0.04096733660216073,0.001353418812607413,0.0024673698640080206,0.9530028977400499
5,mlp,10909,3,3,9.342081526792175e-09,5.631653389229757e-07,1.1207379376361258e-09,0.9988105929476866,0.00023586848765117793,3.854831537040275e-06,0.0009491101049667575
5,mlp,11461,3,3,5.067848825834104e-08,4.1297190484684695e-06,4.0440810249402894e-09,0.99624195296859,0.002477081405392012,4.6245449651169845e-06,0.0012721566394350654
5,mlp,5187,2,2,8.694075309452999e-05,7.658196139872619e-07,0.9998816327759505,6.68894205272729e-15,3.065679037600959e-05,3.752346586344133e-09,1.0861168609783297e-10
5,mlp,1013,5,5,3.50802038843973e-09,1.412788769718794e-09,2.132507367143153e-07,1.7362776316118364e-05,2.4221588995163926e-07,0.9999801269495218,2.049886726417071e-06
5,mlp,8798,6,6,0.0018219840444635158,1.4146733628986394e-05,0.0010535941542509628,0.001868853235418892,0.0006750420992908839,0.00020152325899758504,0.9943648564739492
5,mlp,7125,4,4,5.720777943258797e-07,9.87125407238879e-10,3.146362034104326e-05,6.39120222433994e-09,0.9996788765400925,1.088736095203708e-06,0.0002879916473493162
5,mlp,7505,6,3,0.0001515983253609759,8.268600628453079e-05,7.281227156797202e-05,0.5399357088598115,0.006175232191724525,0.0004924148493313666,0.4530895474959192
5,mlp,4906,2,2,0.015242202145933699,7.997386066292463e-06,0.9838304371735438,1.2216382630181074e-11,0.0009191412308608474,1.9545235145518878e-07,2.659902759517238e-08
5,mlp,1067,5,5,4.916735101997315e-05,1.736571033587539e-05,0.00012645431348718748,0.2078702029104664,0.0008423226414532353,0.7355110911712875,0.055583395901949745
5,mlp,9245,6,6,0.0026702962144039936,3.5531352617478007e-06,0.0007806824680986082,0.0016918381436062035,0.0016664958150373387,0.0013886263408253686,0.9917985078827668
5,mlp,7457,6,3,0.022574750558121207,2.5357020883018515e-05,0.00010096664620780363,0.873479553917035,0.004279770347573448,0.06040747798475555,0.03913212352542397
5,mlp,2464,0,0,0.9818999999805603,1.5725479082666236e-06,0.01788349913980267,4.7949277796601585e-08,0.0001789954884709178,6.397989541356862e-06,2.9486904438659917e-05
5,mlp,2978,0,0,0.9999698806229517,3.1174288037952754e-06,2.5489452555907536e-06,2.4217385357527597e-09,8.791770638667024e-06,1.56586619126384e-05,1.4869922496455492e-10
5,mlp,13396,3,6,0.003408094183590276,4.846535550776924e-05,0.00038486732285464954,0.2958382341112032,0.00367650408847209,0.012381576656250072,0.6842622582821221
5,mlp,12758,3,3,2.7038974683054266e-05,6.165179606715672e-05,3.175113484672601e-06,0.8333324693915263,0.01302203892503881,0.00011801893799485854,0.15343560686120516
5,mlp,7659,6,6,1.8506858323285793e-05,9.951595178424317e-06,1.8715346051784338e-05,0.2781146202440818,0.0012453292247430565,0.0038121712029426233,0.716780705528679
5,mlp,9199,6,6,0.0021502242118723023,2.869711510364371e-05,0.0028737709936094372,0.011825663734730466,0.0018757623308255332,0.09170561625173611,0.8895402653621225
5,mlp,5656,4,4,9.656916210733447e-09,6.496133500876521e-09,7.081550086501865e-08,3.226181982026328e-05,0.999881159447999,2.7900074241349045e-07,8.621276288770614e-05
5,mlp,8471,6,6,0.00018577875162730805,2.069652624903584e-05,0.0008038061229916398,0.0687348314363043,0.0027849481505869,0.08788453506376734,0.8395854039484736
5,mlp,7518,6,6,0.0005036715459491618,8.356654878971337e-05,0.00015769809565055237,0.31495645920503146,0.012392881245198602,0.00028296198761049103,0.67162276137177
5,mlp,9204,6,6,0.015920474483289378,8.275153723235902e-06,0.0031054741166184644,0.0012957974907870586,0.0005843030101762638,0.0020924947023974725,0.9769931810430081
5,mlp,375,5,5,4.1667776439175814e-06,2.5678797443148644e-06,2.0502692838694624e-05,0.24501771419287977,0.0002865654627624092,0.732718790536965,0.02194969245716587
5,mlp,414,5,5,3.845611910570833e-08,2.8681554507323685e-08,1.2645635999965024e-06,0.0014047229905347315,4.17149705890738e-06,0.9985053745548017,8.439925633096975e-05
5,mlp,9342,6,6,0.00588063636307676,4.808353725872577e-06,0.0025861289430670316,0.0007182285740330363,0.00034333320613241547,0.0022921917386188205,0.9881746728213461
5,mlp,9197,6,6,0.0008874230179878139,2.7563867779746878e-06,0.0012625067548715483,0.003116323690595766,0.0012398569648912688,0.007093408558669053,0.9863977246262066
5,mlp,1269,5,5,2.8586474909507536e-06,9.385490914522505e-07,3.666624955177422e-05,0.003777655742502954,4.3229507439180284e-05,0.9949051514406264,0.0012334998632971524
5,mlp,2983,0,0,0.9999925146197938,1.1193464755176267e-10,2.3436046795259473e-06,2.230331681865938e-12,5.14020183072543e-06,1.3518153705606029e-09,1.0771536039477271e-10
5,mlp,8392,6,6,0.00040399532696363253,1.557184860261867e-05,0.00013543037347098994,0.023191031276262777,0.0008797855530110042,0.0032781821233708397,0.972096003498318
5,mlp,2468,0,0,0.9987018695200605,2.0206030516236462e-05,0.0010408226214051043,1.1540281474886588e-07,3.70967038535367e-05,0.00019935649210495835,5.332292448206625e-07
5,mlp,9089,6,6,0.0008924744600216764,1.6165534100321372e-05,0.0033036503808651064,0.0010751470641153606,0.012407745538145718,0.00030898581679989536,0.9819958312059518
5,mlp,9162,6,6,0.0018053762554292618,1.4646577012095409e-05,0.0008784195033429992,0.002094873297531678,0.0005804274486206841,0.007533615858998616,0.9870926410590648
5,mlp,3157,0,0,0.9999994857939893,2.8099699298454077e-08,9.182098374451536e-08,1.614198474729641e-11,3.151751130843861e-07,7.909339180106204e-08,6.808283223518728e-13
5,mlp,4205,2,2,0.0026139466529848574,2.502142670322598e-06,0.7273735940110346,7.289165184178782e-09,0.2682346967648613,0.0011468689978961766,0.0006283841413875544
5,mlp,1386,5,5,9.531186053368633e-06,5.808566312080081e-07,3.875091073804451e-05,0.002249952451046148,2.940964907206521e-05,0.9958448586244882,0.0018269163219709018
5,mlp,9509,6,6,0.005085954842440837,6.419337262188529e-06,0.004007661188022433,0.0009259322072871889,0.0037292452014372614,0.0017132534493673618,0.9845315337741827
5,mlp,9309,6,6,0.00032930279418966484,1.8647867575972904e-06,0.000427874865499871,0.0020562523298009376,0.0007936757110856619,0.02908468906250952,0.9673063404501568
5,mlp,1963,5,5,0.0007461378855771861,1.7069492817484788e-06,0.0007361373858380671,6.179179571191302e-05,3.7972390378210425e-05,0.9973455093401552,0.0010707442530578054
5,mlp,10859,3,3,4.953681308022187e-09,3.1079512020150563e-07,3.2306267459945924e-09,0.9994692549429292,6.215971621279675e-05,2.2953349330223008e-05,0.0004453130120995445
5,mlp,3236,0,0,0.9999963473192234,6.732758172230458e-07,1.853867858352896e-06,3.485398909100864e-11,1.1059326100564738e-06,1.956744242411204e-08,2.1946753717248554e-12
5,mlp,9469,6,6,0.00048419160127769834,6.556265624293436e-07,0.00023649284668182484,0.0008943183536919646,0.0017978216356345986,0.005834594723963,0.9907519252121885
5,mlp,4686,2,2,0.09411683268607521,4.047376971788014e-05,0.9054586827743561,2.673867099948776e-09,0.0003347933878598446,4.436222637384684e-05,4.8524817499824975e-06
5,mlp,11672,3,3,3.107853531548195e-08,1.4111295075346412e-06,2.590756962414234e-08,0.9976703724188478,0.00018306996067054315,8.432984389009559e-05,0.0020607596609791366
5,mlp,9226,6,6,0.0003776667000528096,1.755884204076958e-06,0.0004960433238660277,0.001901064513144925,0.047384872907505836,0.0011979246358642098,0.9486406720353621
5,mlp,11211,3,3,2.3651567691764446e-07,3.2727228655316045e-06,6.389135590746985e-08,0.9972340506885949,0.00027165525436325863,1.4855863940003946e-05,0.002475865063203467
5,mlp,626,5,5,8.307432832434685e-08,8.070384827727782e-07,3.574293766952461e-06,0.024161178195071718,8.475503620803102e-05,0.9753249264737851,0.00042467588835714404
5,mlp,453,5,5,6.664675084802146e-08,1.2397464310760352e-08,9.348652460295568e-07,0.0006171702790156403,2.0752640323366226e-06,0.999329018566713,5.072198077777573e-05
5,mlp,9255,6,6,0.010362226863310708,1.1606449221693534e-05,0.0017207577652873756,0.0015807839467449293,0.0005960747806496387,0.0012131474840055257,0.9845154027107802
5,mlp,7063,4,4,0.00011024567700793833,1.5887798465733362e-07,0.007486014534079457,4.22102717832713e-07,0.9892727981666684,5.149637118391096e-05,0.003078864270357977
5,mlp,2020,5,5,0.0662022562223234,0.00020156250798902519,0.22443005096399907,0.00011725112986240165,0.0031309389968819743,0.5263176062123114,0.17960033396663264
5,mlp,8568,6,6,0.0006821369408664126,1.3811830789129083e-05,6.905213709909936e-05,0.03564464014224803,0.005566347357212798,0.001390785595925851,0.9566332259958586
5,mlp,4880,2,2,0.0006188996915279101,3.1590066213310107e-06,0.9993338310847361,1.121215286085307e-12,4.40321399512643e-05,6.450421554759823e-08,1.35718265202159e-08
5,mlp,4707,2,2,0.0015281502211051388,5.256872919060843e-07,0.9982459041351971,3.4572339137286044e-13,0.00022531412898493266,6.762397449465738e-08,3.8203100774774856e-08
5,mlp,10857,3,3,5.924334820535566e-08,3.336623099492564e-06,4.513570957267223e-09,0.9978076124756448,0.0015834543560397072,1.4614279788727725e-06,0.0006040713603181979
5,mlp,13519,3,6,0.0002141427165803253,6.591941267458912e-06,3.156977811816716e-05,0.023998020175184813,0.02085703341788629,0.0002164145027435878,0.9546762274682195
5,mlp,9223,6,6,0.004922875677752293,9.747270692090476e-06,0.002983436856675058,0.003526315463131755,0.010083770957188386,0.0016160252816157477,0.9768578284929447
5,mlp,12676,3,3,2.5976336910610565e-05,2.6995503564627586e-05,2.3892205992610228e-05,0.8333228498317921,0.0010048520229720434,0.0018570407087602232,0.16373839339000792
5,mlp,7955,6,6,0.0004066411086945107,6.7284832312236e-05,0.00012369135317518283,0.15959555216168497,0.005372693286228509,0.0006637752970007628,0.8337703619609038
5,mlp,5402,2,2,0.0006521020700833315,3.6760378641290096e-05,0.9991475897895808,9.748580371833156e-15,0.0001635442580602948,3.5013919429466068e-09,2.2328252137578194e-12
5,mlp,6993,4,4,7.703140328408519e-05,4.781210027354953e-07,0.011715831175999109,2.1876864371190998e-08,0.982976444210594,1.32246392670031e-05,0.005216968572988598
5,mlp,9006,6,6,0.00047807494229272246,7.2033578242961564e-06,0.0004769074575261871,0.0013583895461375913,0.0008379914336950319,0.00016943944996613666,0.996671993812558
5,mlp,1627,5,5,0.0003518446817062631,3.3729408733537314e-06,0.0006571611361656574,0.00291469962773193,9.719292763770373e-05,0.9782990705617518,0.017676658124133323
5,mlp,9583,6,6,0.0009646478024800901,1.8398094011705614e-06,0.00010693504522178279,0.0006634696787860369,0.0009593492609029706,0.0014280970083027816,0.9958756613949051
5,mlp,1651,5,6,0.0011135211765678974,3.940503351771387e-05,0.0037682972162657894,0.02815618897475477,0.0013965206248730737,0.4723782704970966,0.49314779647692425
5,mlp,6486,4,4,8.611693401766374e-07,1.880158271428399e-09,1.394680886112112e-06,1.0635951675693277e-06,0.999508301567977,1.4271253466701849e-06,0.00048694998112420014
5,mlp,5922,4,4,6.144865685642889e-08,6.395875033385651e-09,5.623803218310481e-07,8.091535329014381e-06,0.9992555848423746,1.0387729352098188e-06,0.0007346546245075594
5,mlp,9556,6,6,0.0008859795039963405,1.5703894351735589e-06,0.0003508590035744329,0.000916843836827703,0.0015414551069660326,0.0036332359081333847,0.9926700562510669
5,mlp,511,5,5,3.670230916567386e-08,1.613554649581155e-08,9.498089003713344e-07,0.0005700212935156205,2.3661805845602752e-06,0.9993925785453973,3.40313337462677e-05
5,mlp,4651,2,2,0.0011059677754123088,1.606101754719106e-07,0.9892421704150715,5.949331678189992e-12,0.009650546970606834,2.98631136586172e-07,8.555916478779632e-07
5,mlp,1558,5,5,2.1429495884777822e-08,3.4656222454294464e-09,2.3826839769813947e-07,6.751194979635773e-06,3.3633208954685406e-07,0.9999921198685535,5.294408614466987e-07
5,mlp,4368,2,2,0.0006790831048949017,1.0234016917158673e-06,0.9986764583862435,3.3064014303668757e-10,0.0006057547369444319,1.595506157813511e-05,2.1724978007183405e-05
5,mlp,7218,4,4,0.12647050002841095,3.041768052769834e-06,0.315826155040199,1.090892605639259e-06,0.5522750697283503,0.00011822347388120254,0.00530591906850005
5,mlp,8977,6,4,0.00011827758174627151,5.439582352253643e-06,0.0006967045439859763,0.0014407160019315455,0.7786931962194945,0.0001444927798503144,0.2189011732906391
5,mlp,7284,4,4,2.0579154788964433e-07,5.771195786233798e-10,0.00028530266242986885,7.831291396537585e-11,0.9996996580348225,9.495174434005063e-08,1.4737904022816392e-05
5,mlp,13474,3,3,8.513015994650521e-06,1.6791960995355506e-05,1.1803434309624446e-05,0.545239742177517,0.00944013224149628,0.016873267160393345,0.4284097500092937
5,mlp,13316,3,6,0.0013931622244762203,5.386732100991991e-05,0.000632262495175411,0.20193141771203718,0.0019066139899671169,0.009912722026491098,0.784169954230843
5,mlp,4374,2,2,0.002576099787933427,6.60224212605096e-07,0.9928895657457464,1.1330879832028997e-09,0.004487723276255187,7.731695623345341e-06,3.8218137141173335e-05
5,mlp,6599,4,4,0.14020882543230936,5.45404700275034e-07,0.04042404655972923,2.3850655846190844e-06,0.7893803721125136,2.7767132219615113e-05,0.029956058292943333
5,mlp,6745,4,4,0.0001286646146262585,1.3721494317288308e-08,0.008864528059293674,1.9719431258917816e-08,0.9903321060165452,2.8109741439456916e-07,0.0006743867711949709
5,mlp,9437,6,6,0.005992480961551533,3.917033766373117e-06,0.002297162074578678,0.0005172490399365528,0.0008109668316732351,0.0008331042798204652,0.9895451197786732
5,mlp,3382,1,1,8.963961583835097e-06,0.9999908667392027,1.6437543618095017e-07,7.705376732313593e-17,2.7115523743264514e-09,2.2122248563084585e-09,9.001544656388179e-26
5,mlp,11806,3,3,6.86275419769974e-08,2.2714106563448674e-06,2.9333250526241323e-08,0.9964408474405362,0.00025342927914428077,4.94122820680519e-05,0.003253941626802717
5,mlp,13440,3,6,0.0001485439270898066,4.8463120883177e-05,0.00017250724876815345,0.3632072993892862,0.0029491671716275173,0.005099828854065987,0.6283741902882792
5,mlp,12581,3,3,5.6501943858062224e-05,3.944587453864486e-05,2.5215774138728302e-05,0.6861310345985506,0.0019560861657986197,0.00040791847127876493,0.3113837971718365
5,mlp,3676,1,1,2.143695246802761e-09,0.9999998744664913,1.1754034328517222e-07,1.8038962545368368e-24,5.84947019840649e-09,2.0014746530589722e-17,2.8356997262944524e-33
5,mlp,9755,6,6,0.00047689219322573996,1.4888176332478481e-06,0.0005690690768703542,0.0007581454567552311,0.0029240737245616495,0.03730657137266466,0.9579637593582891
5,mlp,9457,6,6,0.002844245403804022,2.931109139426368e-06,0.0015661101353405217,0.0005223710756476927,0.0018468033298070002,0.0009085183402961224,0.9923090206059652
5,mlp,10114,3,3,2.3758363908111464e-08,1.3840493996332275e-09,2.1299994951217414e-10,0.9911853843559247,2.229060922616765e-05,0.008788472508470938,3.82717096490817e-06
5,mlp,12915,3,3,6.126816370037957e-05,2.0797271188673444e-05,5.322214580920099e-06,0.498050737003956,0.007972716537486959,0.00024374304485739844,0.4936454157642297
5,mlp,12955,3,3,9.850110315380171e-06,3.4390261771502425e-05,1.9887181990302116e-05,0.908989283163344,0.0015460842358036477,0.0036320676178052385,0.08576843742896985
5,mlp,8706,6,6,0.0006865611100938744,6.705119576986564e-06,0.0007685353045623344,0.0020336261924242312,0.0011077747022525983,0.00023314106378324637,0.9951636565073066
5,mlp,12746,3,3,2.1160835056589453e-05,6.170371614765505e-05,8.212336287192329e-06,0.7764281961770443,0.0033550043817758527,0.0002725302637529343,0.21985319228993544
5,mlp,6988,4,4,0.011122938795912007,1.549760814508375e-07,0.003821396744022376,1.770808865562075e-06,0.9819386772813586,8.816656947384595e-05,0.0030268948242861827
5,mlp,13301,3,3,3.072671050946065e-05,9.51740515192746e-05,6.780401707524022e-05,0.8204287960487887,0.003433702592521845,0.006887230355520892,0.16905656622406454
5,mlp,8021,6,6,0.0007488664974157906,3.609672163715343e-05,0.0004257412287053483,0.05066527292229253,0.0015094126143222386,0.0009793217962515608,0.9456352882193755
5,mlp,176,5,5,3.966825638117327e-07,1.3848516934426462e-07,1.7072699156190305e-06,0.020862293437145265,2.7958901090153064e-05,0.9786429558155403,0.00046454940857560887
5,mlp,8122,6,6,0.000655770528963945,1.662194422668973e-05,0.0002118721028153103,0.018378117625778127,0.0006077571011414862,0.00045977773029563866,0.9796700829667788
5,mlp,6116,4,4,1.1542383700814698e-07,4.1485493815598515e-08,1.1836838249190305e-05,1.0607366089860095e-05,0.9997893173173628,1.2627101411541833e-06,0.00018681885882628345
5,mlp,3869,1,1,7.857009536706243e-18,0.9999999999999993,4.799435336217852e-17,1.9860598092917184e-35,5.71110762313996e-16,1.0714008542496347e-27,2.3347316435237826e-53
5,mlp,7207,4,4,1.1264247079772787e-05,2.217643232460075e-08,0.009615449626653791,6.985750706437545e-09,0.990076259287698,2.3737613762996177e-06,0.0002946239150091552
5,mlp,13460,3,5,0.003937786230790329,4.499487797493345e-05,0.0016986648748371772,0.09130474410246844,0.0012292480347133553,0.7786277565239089,0.12315680535530674
5,mlp,9651,6,6,0.005026920393403082,7.274840401123366e-06,0.0006084176397610125,0.0003889633326582617,0.0011796476814528798,0.0035616657359278437,0.9892271103763959
5,mlp,7327,4,4,0.0014216462437390536,1.582154211192436e-07,0.052040176469342336,1.7010446026495847e-08,0.9462972280804273,5.1834360685512365e-06,0.0002355905445555604
5,mlp,7833,6,6,0.0002107263131673772,5.646430720758182e-05,5.3536415051396054e-05,0.124914029226522,0.00389597107042454,0.00041309366255786107,0.8704561790050692
5,mlp,5114,2,2,4.98965410399892e-05,1.0279774419906297e-05,0.9999012706969849,2.1926824794696938e-14,3.850782444738762e-05,4.499077707514489e-08,1.7230885133532673e-10
5,mlp,7815,6,6,6.187681287665907e-05,1.6301627444015515e-05,2.3930005941608502e-05,0.03391262786202663,0.005879456296329946,0.00010709779403318777,0.9599987096013479
5,mlp,2774,0,0,0.9933656647613156,2.1202665497032584e-06,0.0066167614638617395,1.9665248182146517e-09,1.0711745654819026e-05,4.649830654732695e-06,8.99654383944851e-08
5,mlp,183,5,5,3.065634290434693e-09,3.801831167114587e-10,3.4818893687869916e-08,5.777843566468636e-05,1.5309264580787699e-07,0.999941403228632,6.269783462782146e-07
5,mlp,12201,3,3,3.4488485850531978e-06,2.873233530781609e-05,2.3419841574407534e-06,0.9513579913329391,0.0023501256970729334,0.00012628803775645005,0.0461310717641814
5,mlp,4581,2,2,0.030427652514610208,6.720713672581113e-07,0.9670428878522909,1.0673337966629804e-10,0.0025264117197667762,8.601869498263912e-07,1.5155482816661927e-06
5,mlp,8121,6,6,7.7127233551551e-05,6.14068360728218e-05,0.00032117301088886485,0.20713503604487277,0.005498432006245305,0.014305218651613424,0.7726016062167553
5,mlp,2370,0,0,0.9999244394603726,4.2881758161063204e-08,5.417642482644633e-05,1.1494399756262213e-08,1.985923101590222e-05,7.172086571419115e-07,7.532989700175689e-07
5,mlp,5145,2,2,0.00044890462050307034,2.148985590351554e-06,0.9987716882191426,6.206003592447156e-13,0.0007772306655395991,2.0374344866080106e-08,7.134258899834433e-09
5,mlp,12957,3,3,2.45899336596153e-05,5.996457039659518e-05,2.147492670627482e-05,0.6289131366892173,0.15718085116924121,0.0003350653296133067,0.21346491738116552
5,mlp,9076,6,6,0.0012038329395320131,8.805328070274597e-06,0.0020008915504882287,0.0008536374047070278,0.004439603252380477,0.00017650344110912636,0.9913167260837128
5,mlp,4243,2,2,0.0042332618444248585,8.039805510209737e-07,0.9955173372749421,2.5425068055905943e-10,0.00023095179658350317,2.8942676616527747e-06,1.4750581586114184e-05
5,mlp,5396,2,2,1.8054224621118154e-06,3.6433939964409765e-07,0.9999902708255782,1.9085028101585974e-17,7.559120538876583e-06,2.9158825202555696e-10,4.328141917395316e-13
5,mlp,4400,2,2,0.0018150519977337691,3.04512120602013e-07,0.9665493774599903,6.020237650184087e-10,0.03158536533008104,2.3106538847165655e-06,4.7589444165611125e-05
5,mlp,12880,3,5,2.5723179963669587e-07,1.6532181641083994e-06,9.094551671917115e-06,0.04082524393356973,0.00013018817724495552,0.9576514061160171,0.0013821567715324612
5,mlp,8822,6,6,0.02742533424226728,1.995538998734584e-05,0.0030016653864613336,0.016605990279697495,0.0020337895938496416,0.17466746860213977,0.7762457965055972
5,mlp,2654,0,0,0.9999991335130501,1.4418218000098823e-10,3.327342878915586e-07,6.087353874497236e-11,4.571950582840537e-07,7.588125076270049e-08,4.71297495008079e-10
5,mlp,5135,2,2,2.3293087144154786e-05,2.197771627840513e-06,0.9997780094652696,1.5525967000369147e-13,0.00019644247252256363,5.3830994227651525e-08,3.3722864501766397e-09
5,mlp,2406,0,0,0.9999676829404955,3.4691894716292707e-12,5.288026296473079e-08,4.969925366674642e-10,3.194544679235789e-05,3.0964213801814703e-07,8.589849536764667e-09
5,mlp,7453,6,3,8.023976615917526e-05,4.242159973990574e-05,4.526701024159233e-05,0.5089240738135888,0.0020220822517291325,0.0007293689418642644,0.4881565466166772
5,mlp,5933,4,4,2.019495140755407e-06,7.578599778127713e-08,2.95729902427255e-05,1.6725541325189352e-05,0.9969398016110442,3.8749335464632545e-06,0.0030079296427031155
5,mlp,10798,3,3,1.3212908869992987e-08,1.13516634591017e-06,8.047657098301421e-09,0.9993240708925004,0.00010829559027708924,1.1747187852058207e-05,0.0005547299024583464
5,mlp,716,5,5,7.115654480129024e-07,8.248401973097357e-07,1.5458658274299304e-05,0.011689944374183008,5.562803697402036e-05,0.9871263018317257,0.0011111306931977562
5,mlp,12137,3,3,4.831724247761196e-07,5.323481874900171e-06,1.1333254271353066e-07,0.9823813450234803,0.0006104506725419388,7.096728447692956e-05,0.016931317032658544
5,mlp,889,5,5,6.62945984996144e-09,8.728125770290632e-10,4.449734801339433e-08,1.4386913477277717e-05,1.8222177202530775e-07,0.9999851522925911,2.2657253893360688e-07
5,mlp,12419,3,3,4.507043662072499e-07,8.382813034442216e-06,7.965990054796476e-07,0.9897614687780746,0.0007624024052828503,0.0006165704347347822,0.008849928265501827
5,mlp,9756,6,6,0.01248783241322998,8.368440473944296e-06,0.014486299047698426,0.0003086899644445096,0.0006107833960365835,0.022467509232987255,0.9496305175051293
5,mlp,2178,0,0,0.9995919441135485,8.314201077887361e-08,0.00014229331320238844,4.192613174399635e-07,3.587099437718136e-05,0.00022305205454734026,6.337120996115106e-06
5,mlp,9819,6,6,0.0022000952285716924,4.586010246516439e-06,0.00546192059390736,5.8798915434812916e-05,0.007223183845854688,0.0004826888359013586,0.9845687265700837
5,mlp,1763,5,5,0.0007218619665451698,7.506426300915741e-07,4.9950323543415374e-05,0.00027448352215931867,4.7312754977616045e-05,0.9986350822240153,0.00027055856612908036
5,mlp,6783,4,4,3.974832302819655e-06,1.0545403532380633e-08,0.0003102597282237185,6.336485382423623e-08,0.9994680908813016,3.938831737203631e-07,0.0002172067647407164
5,mlp,3184,0,0,0.9904137940354087,9.630111741810302e-08,0.008068456066604054,5.404319350442495e-11,0.0015176342274639235,1.2732919121062605e-08,6.582443421688521e-09
5,mlp,9467,6,6,0.008489124759276887,5.415851879961014e-06,0.00408500625473294,0.0003314035091218983,0.001941352622213963,0.0005175369567420536,0.9846301600460323
5,mlp,8610,6,6,0.00048368339361850335,2.407576566064229e-05,0.0003371583129350385,0.05478785308790269,0.00231899180380262,0.01141063448590761,0.930637603150173
5,mlp,4348,2,2,0.004057713122822159,3.243872613671819e-07,0.8707948566691206,1.5789244287568911e-09,0.12501137675055363,2.725207405688115e-06,0.00013300228391220788
5,mlp,11421,3,3,1.0176569250730877e-08,1.2191191906702507e-06,2.7351180010093743e-08,0.9989307883053975,0.00017171833596822637,0.00020904123608537546,0.0006871954756088519
5,mlp,133,5,5,7.3071244960125946e-09,1.611248436203153e-09,1.0080819838602551e-07,0.00036038795371996763,5.862785921775952e-07,0.999632815995916,6.100045200451227e-06
5,mlp,11702,3,3,1.028734241303773e-06,1.69347907114421e-05,4.584313835197811e-07,0.9835467565923183,0.0006955716730018012,3.432312698823793e-05,0.01570492665135548
5,mlp,446,5,5,3.792318803769633e-09,1.0416481822136008e-08,4.02487419281307e-07,0.0003829556392998319,1.6243236012659809e-06,0.9996007639610326,1.4239379846414864e-05
5,mlp,11621,3,3,5.3229438728498e-08,1.0511009452902692e-06,4.9844007263922276e-08,0.9967571563797849,0.00016304220071852642,0.00017393456979341887,0.00290471267531165
5,mlp,12221,3,3,4.032794966859578e-07,5.931798435569905e-06,1.8013543232194807e-06,0.9784835019291397,0.0004376548775027879,0.0067881667326216075,0.014282540028480424
5,mlp,11853,3,3,1.1526515494359654e-06,8.013816297107031e-06,6.786204811827161e-07,0.9794219446522997,0.0004118590488880757,0.0001265780132034948,0.020029773197281203
5,mlp,9674,6,6,0.0028905638598418636,2.2019740323341952e-06,0.0005328253226786594,0.0007703287141936196,0.0015189666134775364,0.01216342678221588,0.9821216867335602
5,mlp,6799,4,4,1.816169267485145e-05,6.562130569197405e-08,0.0007309426272400659,7.763615523690473e-07,0.9975435562440181,1.3085934355616482e-05,0.001693411518853219
5,mlp,5682,4,4,7.424385094661208e-06,1.934035576791832e-07,3.950121485060983e-06,0.001305102883886659,0.9834512103682981,2.0550361546516875e-05,0.015211568476131344
5,mlp,5194,2,2,0.0007605638306487157,6.689162940447428e-05,0.9984919306378872,3.231479261836119e-12,0.000680246506741181,3.6249488522123214e-07,4.897201644143365e-09
5,mlp,10870,3,3,1.179974521022689e-08,3.1742939552415357e-06,9.711094365416242e-09,0.9990290890215313,0.00039800998621726687,9.29427221267302e-06,0.0005604109152436974
5,mlp,11655,3,3,5.322530528735938e-09,6.928756026649286e-07,4.1760687411297986e-08,0.9968379829506774,0.0001554016953456141,0.001493366379549238,0.0015125090156072117
5,mlp,10716,3,3,3.1120556474008417e-09,5.688009788426242e-07,7.3469418191792885e-09,0.9995048076300359,8.681891952832158e-05,5.4732084752511436e-05,0.0003530621057070045
5,mlp,13091,3,3,4.817189242545003e-06,1.8372894578358567e-05,2.9949885803639148e-06,0.9443712089401476,0.00339992472714863,0.0008991926812361095,0.0513034885790664
5,mlp,7487,6,6,0.00012137889409431284,5.221330917147913e-05,1.5139377864393179e-05,0.3699471168416414,0.012075241378259431,0.0001873087661070365,0.617601601432862
5,mlp,6424,4,4,1.9499447263931713e-10,1.6590318026562534e-11,1.1372312569740284e-08,1.876226270910829e-08,0.9999922569140882,1.7740063967696336e-08,7.694999687850295e-06
5,mlp,7085,4,4,0.00011458835932586902,5.412365812645992e-08,0.0013345719499976998,1.458886399413665e-07,0.9983358978923431,2.4868206819903183e-06,0.0002122549653532894
5,mlp,1707,5,5,0.0022132503920140895,8.308201748448287e-06,0.0002827672680898558,0.003229591768083123,0.00026994940124905705,0.9911148370025966,0.002881295966218953
5,mlp,3524,1,1,1.307740895560821e-07,0.9999917887064174,7.847429872012718e-06,9.46638339875849e-22,2.3308961886936346e-07,2.3067860357309097e-15,8.1584549264252e-29
5,mlp,605,5,5,6.6583576290401315e-09,1.2949628091421826e-09,8.840035033718068e-08,4.4555221702625174e-05,3.101891763717343e-07,0.9999539224146231,1.1158208269380692e-06
5,mlp,7152,4,4,1.6151965590931038e-07,8.553600502691291e-11,3.0908387696232503e-06,1.4250762856940727e-09,0.9999647394558131,8.154575392792558e-08,3.19251293951704e-05
5,mlp,8564,6,6,0.0047839537285383794,3.168032789763379e-05,0.001199094081331771,0.03139089506059324,0.0020171707678253575,0.006104396498532947,0.9544728095352807
5,mlp,1670,5,5,2.086077677762995e-06,3.4160736390773764e-07,4.238993773213448e-05,0.00021055724703077252,1.1824984226958918e-05,0.9994839269173347,0.0002488732286339321
5,mlp,8051,6,6,0.003717471848147587,5.1759259112985907e-05,0.0006953558762038362,0.0511903225361349,0.0018212935256248879,0.001256884414719936,0.9412669125400558
5,mlp,12480,3,3,7.608721230295663e-07,7.889925667009092e-06,7.113279494366913e-07,0.9881767812317447,0.0006935062875388144,0.0003925656141805132,0.010727784740796617
5,mlp,2551,0,0,0.9662074186976333,3.3110396570464637e-07,0.03336051881706988,1.3349943109102367e-09,0.0004280580318804008,7.724330650243514e-07,2.899581391166727e-06
5,mlp,12233,3,3,5.644494425514093e-07,8.694686955297729e-06,7.751190723595627e-08,0.994376782493317,0.0007418196036205134,3.812520312391848e-05,0.004833936051633424
5,mlp,13488,3,6,0.00011369657032598132,3.9658976709633777e-05,5.586614457792093e-05,0.3346989449759505,0.004484009286921907,0.004354184680005597,0.6562536393655084
5,mlp,4174,2,2,0.001946953638608006,1.8633292156957446e-06,0.9978431712497702,7.57953493208466e-10,0.00014896136394881875,1.3934105572615919e-05,4.51155549312565e-05
5,mlp,7571,6,3,1.2745697011666436e-05,7.564544529371878e-05,3.936590859685596e-05,0.7043643534599684,0.004567835149347345,0.0041636069221200715,0.28677644741766195
5,mlp,3392,1,1,5.466854136164983e-07,0.999997051888685,2.3997337023078356e-06,3.477955077765812e-18,1.5608714805433476e-09,1.313277591438418e-10,6.799002160883105e-26
5,mlp,9027,6,6,0.0011102492174664906,7.649152871583841e-06,0.0008356554446826187,0.0012963315595870594,0.00036495848644598427,0.0005169155096445078,0.9958682406293017
5,mlp,3134,0,0,0.9999030721901209,9.495010820856808e-08,8.32522393088761e-05,2.7259586045480996e-11,1.3576919679161904e-05,3.3864280611282465e-09,2.8709513434887497e-10
5,mlp,11947,3,3,1.7521875870096144e-05,1.4918826780763463e-05,6.469313955532824e-07,0.9686474890314515,0.004610196022798857,4.606951371721233e-05,0.02666315779798609
5,mlp,12521,3,3,5.760317209752791e-07,1.4666012993187082e-05,1.2565949454785318e-06,0.9854373815158313,0.0015218245835878909,0.000683355852962057,0.012340939407959446
5,mlp,13327,3,3,2.8713983425460116e-05,1.8833928258227124e-05,1.102402376090068e-05,0.7669212181535595,0.005881422710297941,0.0021918601362705095,0.22494692706442734
5,mlp,10990,3,3,1.0617173030797248e-07,2.0411786675687537e-06,3.405148238935479e-08,0.9980236683746052,0.00015977590602137535,1.269279750998269e-05,0.0018016815199832874
5,mlp,6090,4,4,7.698810486187314e-08,1.483734524578284e-08,1.9708347584922902e-05,5.994159250262344e-07,0.9998355345717262,2.1088262947556151e-07,0.0001438549566844096
5,mlp,2493,0,0,0.9998435564812059,5.5919119251316437e-08,0.00014644467386297702,2.9516807874550654e-09,7.5984532714771825e-06,2.1767862078597652e-06,1.6473465181975028e-07
5,mlp,3083,0,0,0.7320401545016926,3.3491603723227174e-07,0.23509237970689756,9.654743130920002e-13,0.03286694419224109,1.7179186586052808e-07,1.4890300160850578e-08
5,mlp,10940,3,3,1.1078730531998635e-08,1.4957654881105525e-06,8.332280224627206e-09,0.9992324523960943,0.0001554381423138154,1.6368923696874234e-05,0.0005942253613960851
5,mlp,7323,4,4,0.0002628591393011344,2.08002071965526e-07,0.15014783952286329,1.885652354281132e-08,0.8490358855370553,8.364431773977705e-05,0.00046954462444495133
5,mlp,5782,4,4,2.6423949566926854e-07,2.9236542878807506e-07,9.565113024966027e-06,0.0001297128888030706,0.9991512179311011,4.4108925670622275e-06,0.0007045365695793104
5,mlp,4514,2,2,0.00012530520121656355,1.8359005518369024e-05,0.9518723146046547,1.7879967943940779e-12,0.04798078119434438,3.173062955586475e-06,6.692952225161331e-08
5,mlp,13418,3,3,0.00019387183165816367,6.840911858772711e-05,0.00020846528429364702,0.5462879471133897,0.0031307367944409955,0.013683471479084424,0.43642709837854526
5,mlp,3621,1,1,2.0052699210655183e-09,0.9999999493658166,4.6546340086794925e-08,8.676242476223699e-24,2.082573562983493e-09,4.449489110845236e-17,4.0763360854094914e-33
5,mlp,5115,2,2,2.2196569813246523e-06,1.210287266377063e-07,0.9998329325848639,5.2846010123253795e-15,0.00016471797047831274,7.995319816725867e-09,7.636247440758195e-10
5,mlp,3330,0,0,0.6815234625804326,0.0012869346913048684,0.3171308293772541,1.0160829507683843e-11,5.710052040829527e-05,1.6727977494645595e-06,2.2689980053114646e-11
5,mlp,6460,4,4,9.517669068752764e-09,2.3044136295131016e-10,2.589709014521882e-07,9.256357436586434e-08,0.9999454265779283,8.822375204954853e-08,5.412391573338136e-05
5,mlp,5585,4,4,8.529088036166033e-11,6.795263037889814e-10,6.116692598879286e-10,1.3976167914110243e-05,0.9999731606022646,2.9710585809401266e-08,1.2832142748887089e-05
5,mlp,4454,2,2,0.0587700301234692,6.5851996129956075e-06,0.940692824129621,3.5835704463093658e-09,0.0004870627315958602,1.7183624621144207e-05,2.6310607509643672e-05
5,mlp,1484,5,5,9.304171734725728e-07,1.1623463905887813e-07,8.613848743531084e-06,0.000290908719406985,6.474531387998709e-06,0.9995705215739834,0.00012243467466549875
5,mlp,8652,6,6,0.00044092572314399623,1.7680998471367618e-05,0.00038017892943165783,0.016009139668763505,0.0010490157623212263,0.0019588430103223524,0.980144215907546
5,mlp,5112,2,2,0.01365513569405598,9.735380931751394e-06,0.9858507707394056,3.792580347761414e-11,0.0004836580488968137,6.361214188132704e-07,6.397736517347385e-08
5,mlp,7131,4,4,0.0004138200273870025,6.507161291509753e-08,0.0022662495707455187,8.13499774771755e-07,0.9846769387266381,0.0003562757349641651,0.012285837368877511
5,mlp,5836,4,4,1.6056540326366602e-07,4.743996999166959e-09,1.669625423682479e-07,5.249575526573677e-05,0.9987770670314217,1.9408532462984994e-06,0.001168164088123614
5,mlp,2429,0,0,0.9999645864975488,9.802735315313414e-08,1.8871666499319107e-05,1.5991166957359194e-08,1.0231960203909706e-05,6.1296419585791635e-06,6.621526902694304e-08
5,mlp,6782,4,4,0.005473691436362241,1.2679431759108757e-06,0.14884102339783506,1.4776311134306849e-06,0.7750029068670042,6.316866764869108e-05,0.07061646405686053
5,mlp,1141,5,5,6.2612298513381705e-06,6.194656216763604e-08,1.0310751198752892e-05,0.0003968438583237579,5.697755376802387e-06,0.999404346849987,0.00017647760870016826
5,mlp,6411,4,4,7.227670507242729e-09,4.850703680330572e-10,1.3133415872751116e-06,4.1141221926149694e-08,0.9999750134139197,4.628537252164458e-08,2.3578105157674174e-05
5,mlp,314,5,5,9.751455981640548e-09,1.4751765892039633e-08,3.7820229202350785e-07,0.0010767262269998914,3.022775299185923e-06,0.9988858067959854,3.4041496201664794e-05
5,mlp,10973,3,3,6.437019516566465e-09,8.829256943660453e-07,6.115623460078459e-09,0.9993167615195704,0.00012568549655790824,2.7584094884094616e-05,0.0005290734106502971
5,mlp,8647,6,6,0.00047330023088674046,6.580283732102651e-06,0.0001314998709211108,0.010132004068560903,0.0011433159989462358,0.002011085028277275,0.9861022145186756
5,mlp,4953,2,2,0.00024787514586663387,2.8872301151585505e-07,0.9930288567150323,1.044542104267627e-13,0.006722741037139665,2.0817412753238234e-07,3.02047176678925e-08
5,mlp,804,5,5,1.2773422135661935e-08,8.609431668763167e-09,5.114442531090013e-07,0.00014694754375398327,1.2153296433083152e-06,0.9998392772366058,1.2027062889953108e-05
5,mlp,5800,4,4,6.973713181093542e-10,7.837935186258702e-10,5.282434648593272e-08,1.312183285449972e-06,0.9999696449462706,1.9620402574039495e-07,2.879236090704548e-05
5,mlp,6934,4,2,0.006789389680773442,1.188014410091936e-06,0.6175202978720863,2.7593821794174397e-08,0.37268057150748646,1.001174609889218e-05,0.0029985135853230673
5,mlp,10489,3,3,1.080230355814874e-09,8.624806973381005e-07,2.8030299910288714e-10,0.9996474520762174,0.00022702331577099968,9.432214819039104e-07,0.00012371754529900885
5,mlp,5479,2,2,0.004991494557338373,0.0036653327097498933,0.9913002115451744,2.570883722960365e-13,4.257112067628136e-05,3.9006532808750966e-07,1.4755392165552751e-12
5,mlp,465,5,5,3.010045612865296e-06,9.675015007085712e-08,8.680915173331436e-06,0.0029737084019827685,1.0586393056839851e-05,0.9965594536934644,0.0004444638005595787
5,mlp,4183,2,2,0.0016412912837723862,5.961196921268015e-07,0.9564543147168912,4.26578792045465e-09,0.04143316513943971,2.2526227375080136e-05,0.00044810224704153195
5,mlp,2233,0,0,0.9982039560877461,2.0047744137112403e-07,0.0015305917418871715,1.663867558397113e-07,0.0001938492884106704,6.325494263389204e-06,6.49105234955345e-05
5,mlp,248,5,5,1.5595715993363576e-07,1.0342014411836285e-08,7.734224641291261e-07,0.0008792864813317785,2.216790335402953e-06,0.9990846672721345,3.288973455976104e-05
5,mlp,13078,3,3,4.1248406768882875e-05,4.5036017065307074e-05,4.408079134638839e-05,0.8430146916387463,0.0016541274301809673,0.005273428522824394,0.14992738719306803
5,mlp,4215,2,2,0.027132381656732842,2.043745131005436e-06,0.9699453016205717,1.7031211493872294e-08,0.0026189388287823382,8.461332318496613e-05,0.00021670379438560726
5,mlp,13423,3,5,1.0648543437267126e-05,3.887714898557163e-05,8.454760251729036e-05,0.41372135666381493,0.002173234920543721,0.4979040285935305,0.08606730652717073
5,mlp,10416,3,3,1.0860017841350052e-09,1.8966929543415155e-06,4.2338974866733184e-10,0.9983419947715256,0.0016150914058642087,2.6994235628086375e-07,4.074567790802885e-05
5,mlp,10448,3,3,2.5937023469343013e-09,3.635271867376671e-07,4.540353778284403e-10,0.9997698105747994,5.594394831625617e-05,1.537447068373444e-06,0.00017234145489145836
5,mlp,6612,4,4,0.0005133932887800921,3.3705441194692537e-07,0.016658233245594158,1.6645544668761032e-06,0.950551770916076,2.4134305332375695e-05,0.03225046663533847
5,mlp,8751,6,6,0.00024692312057526073,5.494008811921496e-06,6.119726180685151e-05,0.00587152971303623,0.0021592744161390656,0.0002710652247235088,0.9913845162549071
5,mlp,10664,3,3,6.240507365324751e-09,1.288150328468978e-06,2.3372673225936573e-09,0.9994911173831509,0.0002464937052322882,3.0599871129446613e-06,0.00025803219640081916
5,mlp,9858,6,6,0.0062485527725686715,6.3905231150494084e-06,0.024102466037468184,7.09695264520735e-05,0.007556323157868397,0.0017552459632304677,0.9602600520192973
5,mlp,7190,4,4,0.0020476548495044116,7.53232574032528e-08,0.030570718235525353,2.7060614827880516e-08,0.9670771417415596,1.5673994466887504e-06,0.00030281539009186095
5,mlp,10133,3,3,1.9544765845615026e-11,3.1327993841553176e-08,1.8583195892263572e-11,0.9999593199099972,2.6537662387354815e-05,1.9303047248728236e-06,1.2180756768830092e-05
5,mlp,8860,6,6,0.028257338662558053,2.5601945413555206e-05,0.003772378356761542,0.006046357269088782,0.0009996835141256979,0.006457984644303336,0.954440655607749
5,mlp,6938,4,4,1.9351258586203376e-06,1.814300598225852e-08,0.00032690988156213255,4.199608367325735e-08,0.9943403559982625,1.4881987393180502e-05,0.005315856867833861
5,mlp,2139,0,0,0.992587448877753,1.2058940055998553e-06,0.003692906827756257,6.970861943608983e-06,0.0019017554350327654,6.286855178167671e-05,0.0017468435517271285
5,mlp,12435,3,3,1.9473339762083088e-07,5.90846220108153e-06,1.3808968468007238e-07,0.9910189871637554,0.00044944497542871254,0.00016875912632787103,0.008356567449204669
5,mlp,1428,5,5,1.8767770778964424e-06,1.9163608823700447e-06,3.225389284894011e-05,0.007866069061889087,0.00011191448191337258,0.988188016386473,0.0037979530389152037
5,mlp,5747,4,4,1.1464635423850718e-06,2.3021230229905383e-07,2.9188568195281917e-05,3.320229112342915e-05,0.999156386983823,1.7778530768332475e-06,0.000778067627936617
5,mlp,12599,3,3,1.5698284967698687e-06,1.1756491235746329e-05,3.478602081658894e-07,0.9852212804289602,0.0013453339992515827,0.0001384226802997425,0.013281288711547802
5,mlp,11108,3,3,1.7146804321834475e-08,1.8136896388031196e-06,2.195437575448286e-08,0.9989854596405998,0.0001714602562136783,5.2844871512309366e-05,0.0007883824408555124
5,mlp,1616,5,5,2.298152402795612e-07,1.0651580262507025e-08,1.2067534334944197e-06,1.6664568458532987e-05,7.928828088833021e-07,0.9999788060305305,2.2892979481283196e-06
5,mlp,5220,2,2,0.0036967673371879075,6.010361115960641e-06,0.9961693192190715,1.2654071450449669e-11,0.00012416072599489376,3.724516978201061e-06,1.7826997615949396e-08
5,mlp,7426,6,3,1.580846746565098e-05,1.5609621649700557e-05,2.059240842887106e-06,0.7831497383290467,0.003971570724608757,0.00027143565631351275,0.21257377796007274
5,mlp,4737,2,2,0.0009197276088779519,4.805882433715611e-07,0.9989533354530092,2.5222669957026778e-12,0.00012629991725342438,5.469354950837806e-08,1.017365443696081e-07
5,mlp,7828,6,3,0.0002549320085362934,5.52308495868073e-05,0.00022038310425894248,0.5342834874708209,0.0028196412199230064,0.0726834735491318,0.38968285179774237
5,mlp,682,5,5,2.662889407043203e-08,1.4289873077511623e-08,8.318336485600619e-07,0.00045448354394752596,2.249175311515493e-06,0.9994897172203301,5.267730799522191e-05
5,mlp,11479,3,3,1.7519416669087874e-07,2.920355117925498e-06,1.5346487101905516e-07,0.9930659351011946,0.00017789285401850435,9.693317231971763e-05,0.0066559898583114195
5,mlp,8259,6,6,0.0007775630576577823,2.6753945342606902e-05,0.0005170336094659347,0.014038214588305765,0.0013723788490511502,0.00029797895574855784,0.9829700769944282
5,mlp,10149,3,3,4.1107661047402033e-10,9.912583519104728e-08,1.9385395557621337e-10,0.9998764372749835,2.739415182499426e-05,1.5633378835838063e-06,9.450550454220283e-05
5,mlp,6554,4,4,0.05750146949385642,4.662448750324575e-06,0.03147569400251242,3.4544588594383614e-05,0.8784460819434505,0.0001055128564470768,0.032432034666388755
5,mlp,6705,4,4,0.00010300326276820207,2.942454832816742e-07,0.013645397724674945,7.8488562591932e-07,0.9648647089490779,2.857336256714251e-05,0.02135723756980257
5,mlp,10521,3,3,5.1986105369142176e-11,6.429256525911545e-08,2.2260964776171199e-10,0.9998575613776874,4.5265247950298295e-05,6.217458056693356e-05,3.493422663425537e-05
5,mlp,12371,3,3,5.010838496589023e-07,4.8942638891496975e-06,5.325062174397143e-07,0.9770553630493184,0.00040324911743920463,0.0005023046103581445,0.022033155368927828
5,mlp,8793,6,6,0.00231452049842819,2.6665914784154934e-05,0.0017300830893976532,0.02552203588054807,0.0015141682434107622,0.04633492416692889,0.9225576022065022
5,mlp,12913,3,3,1.126299282320304e-06,1.583497539709089e-05,1.7362389676516576e-06,0.9724420585459526,0.0007914973712739792,0.0013109867163936656,0.02543675985273291
5,mlp,12667,3,3,3.964792036794267e-07,4.796815120527091e-06,4.931215137374366e-08,0.987105528837819,0.00369320897525474,0.00011129729587692424,0.00908472228457373
5,mlp,1930,5,5,0.06216232056572488,1.652268853267888e-06,0.00014104966111210538,8.831579409055239e-05,0.00012803621364452472,0.9374577713231583,2.085417341631098e-05
5,mlp,11720,3,3,1.391234555494705e-07,1.9015299367092528e-06,2.3098936121865084e-06,0.6730715666605536,0.00030596494671159805,0.32386483485472284,0.0027532829910075097
5,mlp,10309,3,3,1.423081146550143e-10,9.157045947950524e-08,3.6904256664248317e-10,0.9999128391744118,3.569794421734405e-05,2.405494710162806e-05,2.731585245917171e-05
5,mlp,7446,6,3,4.203014495430057e-05,3.9599251109860354e-05,2.0710767636709985e-05,0.810069656651423,0.0016299050096944343,0.0012098845723132643,0.18698821360286824
5,mlp,2590,0,2,0.04934064414708722,3.5756515382825106e-06,0.9489338553124007,3.4456239048600574e-08,0.0009642684647197563,0.0004148251634881128,0.0003427968045268185
5,mlp,12891,3,3,1.915482004897269e-05,2.05962427436728e-05,4.0069867969401785e-06,0.8993555351361681,0.003236221150496755,0.0005030536551320677,0.09686143200861345
5,mlp,13397,3,5,7.220454743268055e-07,1.4672730428581394e-06,1.8298095871267302e-05,0.009960538306264302,9.589668217007236e-05,0.9865168704123121,0.00340620718486514
5,mlp,10006,3,3,3.0977099722658172e-12,3.447532939518544e-09,2.9223998623743288e-12,0.9999931802706978,3.6053522720670697e-06,9.110431040846677e-07,2.2998803731636566e-06
5,mlp,9176,6,6,0.0009536712369337069,3.103835886386154e-06,0.00116305668713129,0.0007932708929203875,0.0003525060528595035,0.0015454439040106637,0.9951889473902581
5,mlp,3653,1,1,4.4483913243756466e-11,0.9999977443874651,2.241400179299997e-06,2.3209443123575665e-26,1.4167871814728484e-08,5.463791768480193e-18,8.944389276011591e-34
5,mlp,12980,3,3,1.6421201493938054e-06,1.0984077480849926e-05,5.048488609133043e-06,0.9128324602499241,0.0009278413668974617,0.02853246802723794,0.05768955566970112
5,mlp,12780,3,3,1.0225090525410025e-05,9.589545577677158e-06,4.424509438311426e-05,0.5845312426190342,0.0007141244151405193,0.334624704287777,0.08006586894756205
5,mlp,4863,2,2,0.0012296139521185854,7.114805130123556e-07,0.9980474718495407,1.8270460615807146e-11,0.0007215606225425726,3.127113810667772e-07,3.293656336544752e-07
5,mlp,3536,1,1,8.480693719232032e-09,0.9999997224482176,2.653583887063306e-07,1.388319326117048e-21,3.712692949926148e-09,7.075077322389952e-15,1.3516013275420494e-29
5,mlp,12368,3,3,3.714241894768812e-06,2.337131909636988e-05,1.891437609883639e-06,0.9680098163214268,0.001997861869806593,0.00013832519594371252,0.02982501961422168
5,mlp,11313,3,3,1.8851283148220392e-08,1.963342696380662e-06,1.1543223500898736e-08,0.9984403467013263,0.0008206214537446786,1.4021369728215339e-05,0.0007230167379976832
5,mlp,6863,4,4,1.0878388334859063e-07,7.665780427099095e-10,9.629222513960449e-06,7.784553941531137e-09,0.9997240029421234,1.9722447496457803e-07,0.0002660532758723557
5,mlp,2627,0,0,0.9999623171559477,1.2976674773131912e-07,3.1184172578160684e-05,1.953127234561562e-09,3.1659750662508876e-06,3.1934818948197947e-06,7.494637895741652e-09
5,mlp,4112,2,2,0.08100972120243677,2.7670224767736445e-06,0.9056737264294581,6.40562605899311e-08,0.011974267659431607,4.979947490503694e-05,0.0012896541550309485
5,mlp,2515,0,0,0.99999696380752,7.687711331275359e-10,2.9365020534349657e-07,4.0867588250098764e-10,1.155584484515906e-06,1.5846228281085405e-06,1.1575149834171947e-09
5,mlp,6345,4,4,9.897485059046326e-09,1.8477881069682895e-09,1.3949732510287462e-06,2.7676230792400945e-07,0.9999655900628918,1.5372315064719185e-07,3.257273312541936e-05
5,mlp,8571,6,6,0.0016340476243923896,1.5593018637911846e-05,0.00043789329692829507,0.005338665914488249,0.0006455844037452857,0.00036255424911695044,0.9915656614926908
5,mlp,1980,5,5,0.00011885855802502588,1.6920824591531883e-06,0.0005471985322364793,2.8360379975507523e-05,3.1482392527022694e-05,0.9988370158319085,0.00043539222286819975
5,mlp,11235,3,3,8.64053996350914e-09,5.138023669475795e-07,7.299766323204435e-09,0.9986221485688981,0.00010315958039804057,5.179500659948053e-05,0.0012223671014311422
5,mlp,5416,2,2,0.025861132687082965,0.0038478734645388435,0.9698284259196769,9.545421743551527e-12,0.00046227729472530653,2.905661083670701e-07,5.83224101638404e-11
5,mlp,12515,3,3,4.692931075775033e-07,9.07449494475579e-06,1.0904186005570691e-06,0.9869785019292732,0.000660568988248926,0.0010205840735421222,0.011329710802282844
5,mlp,5066,2,2,0.21376553565594178,3.988641976385609e-06,0.7784435235437748,5.948223691207967e-11,0.007786839310433248,7.427164921543923e-08,3.851674233451535e-08
5,mlp,588,5,5,3.1492803599787765e-07,1.366915211397256e-07,4.159756945564185e-06,0.0035587896105982683,1.4502787322279362e-05,0.9960012298415524,0.00042086638402429277
5,mlp,1175,5,5,4.829849085314827e-05,1.1074245599078948e-06,7.977389379221775e-05,0.005456129030901494,5.706854254840628e-05,0.9916846081414282,0.002673014475916416
5,mlp,11719,3,3,6.09714246065862e-08,2.4845451360747434e-06,1.0107981824922694e-07,0.9973340587876498,0.0002773631799413515,0.00020302415323742484,0.0021829072827922982
5,mlp,1880,5,5,8.054231527171618e-05,5.54292636421654e-07,0.00015912309304546375,9.514417486628714e-05,1.675505283729498e-05,0.9988636933258018,0.0007841877455408417
5,mlp,127,5,5,2.2514765035783447e-09,1.4105910619589259e-08,2.23828870739599e-07,0.0020577728930613343,3.3014495408879747e-06,0.9979182127283233,2.047274281667234e-05
5,mlp,8931,6,6,0.0001354731735276459,6.961916507622439e-06,0.00028039262601338113,0.027310135811183623,0.0034664926634798104,0.03831484423256864,0.9304856995767193
5,mlp,4178,2,0,0.6847436877654601,1.4549705878749126e-06,0.2858999863599578,1.1185544291064946e-08,0.02930605989153589,2.121139842440306e-06,4.667868707174929e-05
5,mlp,2898,0,0,0.9999971325667943,8.260005505537677e-09,1.6498520128300091e-07,8.426568675012503e-11,2.5243965172433304e-06,1.6963572548693593e-07,7.149042624966881e-11
5,mlp,10578,3,3,5.641682757231002e-09,1.4744497314919343e-08,3.2078739688554864e-11,0.9999253489318879,6.454131167311342e-05,6.26945415983751e-07,9.462392764071705e-06
5,mlp,4698,2,2,4.702657062509462e-05,2.2404212191551125e-07,0.9998322411393094,1.9829495240140176e-13,0.00012044950002176318,2.925639347717081e-08,2.9491330064554686e-08
5,mlp,4068,2,2,0.002023619184822187,5.171930345536278e-07,0.9525806223448666,2.195337466626489e-09,0.04459619862430004,1.8364642873620124e-05,0.0007806758147654862
5,mlp,13087,3,3,1.085863462531634e-06,1.1160891740580805e-05,1.317251074451852e-06,0.9666490841841896,0.0011754539629158312,0.0015387245442696111,0.030623173302347532
5,mlp,5516,4,3,1.3151540875097096e-05,3.495162846043801e-05,1.994403511263181e-06,0.643608477688568,0.02068644264581514,9.512620196593957e-05,0.3355598558908042
5,mlp,2414,0,0,0.9999434059032618,1.817239310684873e-07,2.669654332323572e-05,2.4841604584531446e-08,1.0291121032233672e-05,1.9335308332626135e-05,6.455851440229437e-08
5,mlp,480,5,5,6.373858509707311e-07,2.8033422870724484e-08,2.145133610694761e-06,0.0013683752841578676,4.996225514773518e-06,0.9984418800482788,0.00018193788916413145
5,mlp,5053,2,2,0.0023138128928490535,4.4195817361657015e-06,0.9971412603979665,1.9796097787130348e-11,0.0005399953453807662,4.2585075308745625e-07,8.591151843832303e-08
5,mlp,12533,3,3,2.560207598907135e-06,2.0597056302771337e-05,1.6800354346236627e-06,0.9753136030609239,0.002356225320173249,0.0001789772900370588,0.022126357029529496
5,mlp,3173,0,0,0.999987942178034,3.923287457112998e-11,9.18996881725317e-09,2.068972000551555e-12,1.2048489137358488e-05,9.97566319923146e-11,1.801414119650206e-12
5,mlp,604,5,5,4.6682324450183894e-05,2.2410177065812936e-06,3.0608080770558226e-05,0.04522531789433194,0.00019765425888130443,0.9511544534924419,0.0033430429314174654
5,mlp,557,5,5,1.3926853262819369e-08,4.450403987884377e-09,4.1867711048880857e-07,0.0001660294197340055,8.207116615193903e-07,0.9998167291844561,1.5983629780768133e-05
5,mlp,7824,6,6,5.4387145385779085e-05,5.545947471290763e-05,2.457143514603821e-05,0.43565587873100525,0.00465690966401454,0.0012990536987879065,0.5582537398509476
5,mlp,8163,6,6,8.959223536540035e-05,3.43371309904243e-05,0.0003178717740331577,0.0595524157477502,0.008112214665786266,0.001049674800713477,0.9308438936453611
5,mlp,6902,4,4,9.247636476464182e-08,6.214687232223002e-09,3.187797172178686e-05,8.210027716010842e-08,0.9999428758921928,5.724061675849777e-07,2.4492938588560015e-05
5,mlp,9648,6,6,0.0010715934861621733,1.030312175534094e-06,0.0003759528985190903,0.0004630571488243116,0.04559691987590058,0.0010516048319723266,0.9514398414464459
5,mlp,1720,5,5,0.056636752132365284,4.55845730888989e-07,6.668880246017884e-05,0.0002463349572954414,0.00011609636325145949,0.9428795287657411,5.4143133155417126e-05
5,mlp,1066,5,5,7.041257151469767e-07,5.226591415958413e-08,7.431634760546975e-06,0.0005381754258262283,4.344188301687562e-06,0.9990093270609426,0.0004399652985398316
5,mlp,8911,6,6,0.0003101421487394658,3.3276899030966505e-06,0.00017205628765513804,0.0028880317732395675,0.00043197946352021215,0.0029326418042871154,0.9932618208326555
5,mlp,8232,6,6,0.00014830373473753017,3.264733873047492e-05,0.00011757276727298791,0.13937283241414622,0.002333586978342579,0.008182277707022638,0.8498127790597475
5,mlp,2479,0,0,0.9926829661380862,1.7741437995945365e-06,3.1075679269085098e-06,6.322822649104501e-08,4.371326164638991e-05,0.007268370504928387,5.15538589076233e-09
5,mlp,7992,6,6,0.00037915770010836855,3.395859605801038e-05,0.000397859063956199,0.13246684617712048,0.0019597755117990623,0.005761340730594871,0.8590010622203631
5,mlp,12608,3,3,1.032463152155657e-06,1.522556954046619e-05,2.4754030371194227e-06,0.9783836904155864,0.0009825626351684087,0.0012566511586523659,0.019358362354863132
5,mlp,12772,3,3,1.2339682104179663e-06,8.085735045273262e-06,5.23180372535813e-06,0.9393118582349207,0.000746928588426845,0.022195181784536236,0.03773147988513513
5,mlp,13452,3,6,0.00028679150324621575,4.832035285952927e-05,7.083127249752933e-05,0.10799670137944696,0.004421555418752733,0.00040305350013768697,0.8867727465730594
5,mlp,9046,6,6,0.0007515122143489227,1.1671277424612527e-05,0.000552728037339429,0.005702705273037442,0.0007930936876121386,0.0026061772003918614,0.9895821123098456
5,mlp,10061,3,3,7.126648977991567e-12,4.5928196101894595e-09,7.973423225368383e-12,0.9999823263305108,6.036953554402269e-06,3.239666574293621e-06,8.392441440916746e-06
5,mlp,6283,4,4,2.3462748040382398e-07,6.878880761510647e-09,4.605192968819955e-05,1.1637800929261396e-08,0.9996309079467959,3.8242683624001326e-08,0.00032274873667015064
5,mlp,13451,3,3,0.00016713875431755755,5.22863011490638e-05,5.930839359715343e-05,0.5017048789651907,0.008427209676777545,0.0020566098677811317,0.48753256804118683
5,mlp,1478,5,5,5.7395582248040094e-05,1.8308711205529662e-06,0.00018397935470227013,0.00382489517166579,6.0240017606517324e-05,0.9852219922761903,0.010649666726466528
5,mlp,12770,3,3,9.318687192199291e-06,2.2116704943527417e-05,1.3992304823496173e-05,0.9000903801134263,0.001057667342687822,0.001967358121446622,0.09683916672548007
5,mlp,1666,5,5,0.001258530952176634,9.554466088671774e-07,8.537777355513755e-05,0.00047912863752364694,5.1810990362426365e-05,0.9979407097420281,0.0001834864577451879
5,mlp,10302,3,3,5.024034914891367e-11,7.933597285953431e-08,2.1523957018312202e-11,0.9998966340954117,8.413195992180787e-05,1.4933601754868295e-06,1.7661176753813475e-05
5,mlp,476,5,5,2.9290392374418684e-08,3.2195269363980706e-08,1.2904422879919806e-06,0.0012311014901893933,4.3141499755243986e-06,0.9987000131036297,6.321932825559728e-05
5,mlp,13170,3,3,9.59918369233309e-07,1.245282320517058e-05,1.1756809682823131e-06,0.9688787538527941,0.0016192501963378106,0.0017247863829179585,0.0277626211454075
5,mlp,4359,2,2,0.0011613795568140774,2.213426454984437e-06,0.9987872958543931,1.8467380412784544e-11,4.741915960336345e-05,8.025497841931444e-07,8.894344827529395e-07
5,mlp,10681,3,3,2.0350187659267115e-10,1.298980390348954e-07,8.465647440866424e-11,0.9998095731365536,9.637011946190392e-05,4.181430953399894e-06,8.974512683384871e-05
5,mlp,5157,2,2,0.0065121085371569205,3.8574750156574285e-06,0.9898869334267437,3.5222001622001635e-11,0.0035968622596994895,1.5560975178459407e-07,8.265641044481541e-08
5,mlp,1235,5,5,1.0744385126089402e-06,2.2992681064925535e-07,1.101097357915118e-05,0.0010530158734662306,1.3646945269924538e-05,0.9986145648332957,0.0003064570090658142
5,mlp,1644,5,5,1.5699568146904863e-06,1.3501379074760526e-08,1.4643968547522797e-06,1.9769846545890303e-05,1.0371799078449017e-06,0.9999742894806581,1.855637839550646e-06
5,mlp,2213,0,0,0.9790906778887463,1.1304752654913833e-05,0.01862975995340214,2.6973336115853528e-06,0.0005760576275545535,0.0004981183087419159,0.001191384135288628
5,mlp,12584,3,3,2.192352582480605e-05,5.816733764201956e-05,2.786309362751941e-06,0.8166532223182588,0.012077056311460613,8.802852009912903e-05,0.17109881567735202
5,mlp,10821,3,3,9.181798093994587e-09,1.9705683465715884e-06,9.91665508038096e-10,0.9991260471138012,0.0006197280032903111,1.435543831559631e-06,0.00025080859726679477
5,mlp,2118,0,0,0.9749167481202495,1.6668158503300127e-06,0.00031433512674701046,1.3056036729686314e-05,0.0003260128249357632,0.024318744858587375,0.00010943621690025816
5,mlp,6391,4,4,1.2514938718292386e-06,3.094841415633127e-08,3.7687445192718e-05,8.861382563141434e-07,0.9998547006492597,2.3984589129094697e-07,0.00010520347911412151
5,mlp,1796,5,5,0.06975003491284756,2.0703872719906414e-05,0.0013347569317716818,0.0029699156707376825,0.0007669553867061934,0.9201613754000173,0.004996257825199815
5,mlp,4875,2,2,0.0086893953490645,5.888242551122097e-06,0.9909314505973015,1.7407274402928528e-11,0.000347525876253444,2.552543282526297e-05,2.144845971127928e-07
5,mlp,11543,3,3,5.2886562445866876e-09,9.704147884068385e-07,1.7828908761877953e-08,0.9990821992725233,0.00017339708967878699,0.00024890759338442204,0.0004945025120601302
5,mlp,4684,2,2,0.00268562167134836,9.897098753766619e-06,0.9971284695746908,1.8988822620263165e-11,0.00017453455325362068,1.3710359295509211e-06,1.0604703504875853e-07
5,mlp,2714,0,0,0.9905755658333918,5.053842568316222e-06,0.009374280554776291,8.9652780027501e-09,4.143347159715585e-05,3.107536636314742e-06,5.4979575198475e-07
5,mlp,4396,2,2,0.0001463129290104217,1.9955038754167893e-07,0.9938603034775846,7.50067901076397e-11,0.005979676726703338,2.043030274078049e-06,1.1464211033217759e-05
5,mlp,12607,3,3,1.4373926214479847e-06,1.5344907094844653e-05,4.198283429061635e-06,0.9733969173278554,0.0007479753784961959,0.0027796494790176198,0.023054477231485408
5,mlp,11789,3,3,5.4975605202560894e-08,1.0950207025348708e-06,7.014012969337636e-08,0.9949152236034866,0.00017785595251581404,0.0003001707989304191,0.004605529508629754
5,mlp,10022,3,3,5.358999789652279e-12,1.9492786306590881e-07,5.882966892628928e-13,0.9995598751916485,0.0004395209922537793,5.933672768035654e-09,4.029486145770566e-07
5,mlp,12009,3,3,6.742090888855374e-06,1.0141040440303843e-05,2.9616243995729736e-06,0.9752100499061886,0.00042589815277343547,0.0003270540651925,0.024017153120116565
5,mlp,4996,2,2,0.24587773546595537,2.0232770148551058e-05,0.7539915058777222,1.1339670750307721e-10,0.00010868992071701431,1.7635966571404876e-06,7.225540289972492e-08
5,mlp,447,5,5,4.130586162709455e-08,4.199387229257448e-09,4.4500924620978534e-07,0.00021384919076627905,8.195617346636582e-07,0.9997728213097048,1.2019423299184541e-05
5,mlp,12654,3,3,3.973270328542034e-06,1.2488400150571594e-05,4.304036019211475e-07,0.9575190562082848,0.012838721132496058,9.918433285929952e-05,0.029526146252278746
5,mlp,12532,3,3,1.9403048433451873e-06,7.97419308029081e-06,7.109107833089738e-07,0.9439320284651985,0.0010396997127297665,0.0002786197520667641,0.05473902666129801
5,mlp,11478,3,3,7.984327549678158e-07,9.170897722923693e-06,1.0520768788351745e-07,0.9916815705446295,0.0011876982630519798,1.3696408817333828e-05,0.007106960245335281
5,mlp,8520,6,6,0.014782379186560874,2.74786637972307e-05,0.001553975958937681,0.02123333694401363,0.002203803593863037,0.0051674097462193,0.9550316159066082
5,mlp,1684,5,5,0.0001429656129666182,1.0841337841628417e-06,0.00021615930776503275,0.00070520833753784,3.351152883307038e-05,0.9966080835957789,0.002292987483334338
5,mlp,7835,6,6,5.122956543725046e-05,1.7467762436858257e-05,9.069871100613677e-06,0.08331462157485282,0.003452282863407649,0.00027205256705614656,0.9128832757957086
5,mlp,11225,3,3,1.2570583461130427e-08,1.006710746337977e-06,2.95391455524886e-08,0.9988507594919745,0.00014180846196140866,0.00018058327473580957,0.0008257999508527691
5,mlp,267,5,5,1.2561402148300547e-09,1.5879457984196284e-10,2.284219137928579e-08,1.853614114031588e-05,6.727156543818538e-08,0.9999810600314768,3.1229869103950787e-07
5,mlp,6976,4,4,0.0013018462984841594,1.662299521177121e-08,0.0006800859727719106,2.3085647192439384e-07,0.9976919530069372,4.589836542225579e-06,0.0003212774057973762
5,mlp,5580,4,4,1.8632115453755452e-08,3.5362949321345266e-08,2.9378658668446964e-08,0.0008501846779009772,0.9985649172229445,1.237016621070723e-06,0.0005835777088102222
5,mlp,1253,5,5,2.349519170588404e-06,7.858829289747772e-08,5.870357185317238e-06,0.0003132050760217044,5.865794981637924e-06,0.9995698346680807,0.00010279599626720358
5,mlp,9851,6,6,0.004606690480735414,3.895491018603758e-06,0.012302210023446275,0.0001571355359455555,0.0015702155139277604,0.010544881641131132,0.9708149713137952
5,mlp,3546,1,1,9.184651352595097e-10,0.999999774061229,2.245643675960194e-07,1.4950844072204456e-22,4.559367381019546e-10,1.4504134772374418e-15,5.85761959872658e-31
5,mlp,6060,4,4,4.267644782501785e-07,1.4463156845502076e-08,1.9053349685391737e-06,2.2693485108163876e-05,0.998820439147817,5.8336153873573034e-06,0.0011486871890836925
5,mlp,6893,4,4,4.915764917868534e-09,2.1827386844219757e-10,1.8042613786256356e-06,5.9280255321634185e-09,0.9999894812649185,5.250267867011826e-08,8.650908959899929e-06
5,mlp,9739,6,4,7.405748251936973e-05,4.452232240534404e-06,0.012394972835701606,0.00014525466159110245,0.5503650666823773,0.00268375213358052,0.43433244397198956
5,mlp,8419,6,6,0.0005527955314196066,6.157937149733034e-06,0.00011379500138685388,0.004153630939039019,0.000708508007788755,0.00023577167670001895,0.9942293409065159
5,mlp,12902,3,3,0.00010094005921890717,3.9496226093804834e-05,8.6558742547229e-05,0.6222147977228222,0.0014469141426399833,0.003961251619872401,0.3721500414868055
5,mlp,1136,5,5,1.0116659964749377e-07,2.3913217246997286e-08,2.943287514514564e-06,0.00017636175982333412,2.1711611541137065e-06,0.9997614239897481,5.697472194317583e-05
5,mlp,686,5,5,1.0598737618718845e-06,3.370134912002174e-08,5.389463044801891e-06,0.0006488116232573926,3.7587263061769655e-06,0.9990803589546787,0.00026058765760195846
5,mlp,11148,3,3,2.7491325663875187e-09,7.096104209499728e-07,8.131279835497017e-10,0.9994459183802213,0.00025461222496803415,7.547235443777047e-06,0.0002912089866852588
5,mlp,3839,1,1,1.9946224234618335e-14,0.9999999999960048,2.2052736231816927e-12,9.955842202146855e-30,1.7698105151074732e-12,1.242293492961043e-22,4.279948490450952e-43
5,mlp,11008,3,3,1.2993577378425278e-08,8.107018838500739e-07,1.458354883689845e-09,0.9991594237221272,0.00021055099479165202,3.885915441540241e-06,0.0006253142138234307
5,mlp,13490,3,6,0.002040719198725226,3.7673894077447816e-05,0.0010248313408649488,0.07806562349530471,0.001364088758268933,0.013562615811238644,0.90390444750152
5,mlp,864,5,5,2.004276000098464e-09,6.079898438010227e-11,2.3554464281659183e-09,1.1843855829049624e-06,2.632087032752074e-08,0.9999987838607993,1.012226142360913e-09
5,mlp,10306,3,3,2.3337722489072772e-09,3.550403582447501e-07,7.592806615098896e-11,0.9985268564920281,0.0012388612823180198,2.3621533886380114e-07,0.0002336885602564701
5,mlp,10167,3,3,4.6499559864235993e-10,8.283823136195213e-08,1.786645541651892e-10,0.9998802060457478,2.1750863167713422e-05,1.6707651954396205e-06,9.628884399745889e-05
5,mlp,197,5,3,4.954883621928266e-06,1.0278001158343789e-05,1.1989843368081075e-05,0.9403990969997535,0.0006458960183886625,0.028359546514744927,0.03056823773896459
5,mlp,6933,4,4,7.870808228182283e-06,1.8014500346902835e-08,0.00042575172565082706,1.3664507239697206e-07,0.9989449016603887,3.855293279135749e-06,0.000617465852880223
5,mlp,2708,0,0,0.9999982431475029,1.7308044455729845e-10,1.4760483929815627e-08,8.088570201484774e-11,1.713510580974984e-06,2.826642152482708e-08,6.104469101081217e-11
5,mlp,4779,2,2,0.0009696619560813949,4.672366965694588e-07,0.9989509438543149,2.5396177423569904e-12,7.876407145285824e-05,9.014677306264946e-08,7.273214145430943e-08
5,mlp,1057,5,5,0.001765083240764726,1.0584876868645732e-05,0.0007210160411618642,0.05174272707097448,0.00047793095271468514,0.8801894852514434,0.06509317256607224
5,mlp,10891,3,3,6.272236825056714e-09,8.212087254970888e-07,5.762821345203945e-10,0.9993987486525653,0.0004260557832353582,2.0572953530669793e-06,0.0001723102116018926
5,mlp,3242,0,0,0.9913558578971099,1.1664435915186656e-06,0.008604008613532338,3.74879248724976e-12,3.894358696159228e-05,2.3274306405649755e-08,1.807496957124903e-10
5,mlp,13411,3,6,0.0010042026419106505,8.7603413907251e-05,0.00034570186680150884,0.19766985503005985,0.0035656249212104325,0.0010438801252830674,0.7962831320008272
5,mlp,5455,2,2,1.0623744686455616e-06,7.35792321474154e-07,0.9999836842739771,6.814804615926789e-19,1.4517477523317883e-05,8.1696639457861e-11,1.2929351764417681e-14
5,mlp,5468,2,2,9.335031118042011e-05,1.93222300272935e-05,0.9997878775510372,4.718079267100171e-15,9.943440265775772e-05,1.550342893956377e-08,1.6635462325673087e-12
5,mlp,4838,2,2,0.025332607917677292,0.0004043990736431271,0.9740311220102918,1.0415048145887577e-09,0.00018182103210051274,4.969024176428052e-05,3.5868301827151506e-07
5,mlp,1427,5,5,3.964284773192116e-06,7.890562711367358e-08,1.193124207900186e-05,0.00022778120732818214,4.986393169755086e-06,0.9995723089276416,0.0001789490393811712
5,mlp,3271,0,0,0.9999997369613508,3.852890068724842e-09,7.627626961599474e-09,1.009726657304031e-12,2.499845909989089e-07,1.5725072232411424e-09,2.425395447671104e-14
5,mlp,7165,4,4,0.0004637255447519572,1.923702744986775e-07,0.017982980506698207,1.0739473652226655e-07,0.9805615041602205,8.489340402361412e-06,0.0009830006829161465
5,mlp,2016,5,6,0.015442007535561093,1.2863854260982035e-05,0.06555422479840844,0.00017012460437905143,0.004054677684944117,0.22580863486718483,0.6889574666552615
5,mlp,13487,3,6,0.00028635390580633894,5.971286611437056e-05,0.0002783034217558772,0.4454501255743068,0.0049951783131706095,0.011544991710616874,0.5373853342082292
5,mlp,5323,2,2,0.0003084374478143816,1.099350218096858e-06,0.9992359118745605,2.204483593594489e-13,0.0004545052500762071,4.5218560737061245e-08,8.585495195087241e-10
5,mlp,6417,4,4,8.381644498318816e-07,4.467660872526024e-09,3.1422055416193685e-06,5.928034554120265e-06,0.9972355411900992,3.0491792524167064e-05,0.002724054145170306
5,mlp,9620,6,6,0.010291854047910508,4.573252735667967e-06,0.0007019355549055394,0.0005656870070935827,0.001159712038638324,0.003474545886934924,0.9838016922117814
5,mlp,9919,6,6,0.07109582699395314,4.634326399745602e-06,0.007135864625365177,0.00028277113916039335,0.015417854341126039,0.00806869795697244,0.897994350617023
5,mlp,7523,6,6,0.00038112478541141206,0.00012922437089719755,0.00013827510797896804,0.36724312483313093,0.059416085867690614,0.0003043507892258267,0.5723878142456651
5,mlp,8996,6,6,0.000232248236848341,1.10195067221593e-06,8.128540190327712e-05,0.005203734986643457,0.011833104290885866,0.002083704785810751,0.9805648203472361
5,mlp,7657,6,3,0.08675784657355376,0.00014932518357907703,0.000687414689141977,0.6056318601522631,0.015629752170240877,0.012569926008008065,0.27857387522321314
5,mlp,7217,4,4,5.573549144061209e-06,1.0132536649017037e-08,0.02386952379380449,7.684725643918322e-10,0.975885549019257,9.11028322274432e-07,0.00023843170846303633
5,mlp,10554,3,3,6.904286275459312e-10,8.361755174024431e-08,9.429067636274774e-10,0.9996800676670725,3.011594656382857e-05,3.701882952800511e-05,0.0002527123059486302
5,mlp,10453,3,3,2.0089555266068954e-10,7.220863388728255e-08,1.503383298647296e-10,0.9998451760844468,3.670245687680139e-05,6.113763776902035e-06,0.00011193513503155914
5,mlp,6436,4,4,6.566103868231098e-08,6.266816480827388e-10,2.3458571676704884e-05,5.2053370722041606e-09,0.9998782499815425,1.8013978298180606e-08,9.8201939745198e-05
5,mlp,1088,5,5,1.4525878583408638e-08,5.352410353160133e-09,6.102913740547383e-07,4.344569657598854e-05,6.23224330760163e-07,0.9999488855365442,6.415372886079089e-06
5,mlp,7421,6,6,0.00010552718676439644,6.399280294485498e-05,4.86748305888231e-05,0.42953806096120845,0.002862379543372379,0.00026193387761783653,0.5671194307975033
5,mlp,7244,4,4,0.0004080394081135401,1.5366937227564154e-07,0.2676141433258803,7.764678559100982e-09,0.7312271250129344,5.808972732525218e-06,0.0007447218462885222
5,mlp,2907,0,0,0.9999993677951695,6.662673533577289e-13,1.9687469025550627e-12,8.867099937350384e-13,1.4012678231535325e-07,4.920745190616863e-07,7.363934184064617e-15
5,mlp,5464,2,2,0.04295911835092631,0.000588186020942941,0.9560579699041349,2.412939209458035e-12,0.00039456196019365644,1.6372975144248233e-07,3.163755330691043e-11
5,mlp,6363,4,4,6.523468948899364e-07,7.556429361572092e-09,6.491343611538132e-06,2.5685988489550545e-06,0.992193243751448,9.849984084555174e-06,0.007787186418682826
5,mlp,4616,2,2,0.0001321069351175381,3.4908588617305933e-07,0.9863727511171125,1.0223415148293996e-10,0.01348264059624224,4.626856574819987e-06,7.525306832754296e-06
5,mlp,7769,6,6,0.00022544429964733772,8.37437912865727e-05,0.00018417222609383078,0.16505900271161084,0.002250921738965443,0.0007581036659042307,0.8314386115664918
5,mlp,12198,3,3,4.0786120349114557e-07,6.454168662402733e-06,1.7577343535495618e-07,0.9840639993537156,0.00048177181695534856,0.00010973502547004313,0.015337456000557656
5,mlp,6517,4,4,1.3236391791805091e-08,1.5636493609576146e-10,1.305603267177831e-07,1.0886498913842063e-07,0.9999383058208793,1.2863620004887856e-07,6.131272484810078e-05
5,mlp,7287,4,4,3.1410252053412484e-08,2.9819903154054354e-10,4.353087945349692e-05,3.6539270981420635e-11,0.9999504288989209,1.1021245274639386e-07,5.8982641822409315e-06
5,mlp,5921,4,4,1.937124146367876e-06,3.555358177685854e-07,3.6455769408503404e-05,5.116377801068097e-05,0.9987121531193544,3.399545118502755e-06,0.0011945351281438623
5,mlp,8858,6,6,0.0008517502947879748,1.0584807714575527e-05,0.0007482677038873223,0.0027924354320430387,0.0012048164619048473,0.0003009067669709249,0.9940912385326912
5,mlp,6366,4,4,3.156212450829545e-07,7.238921335824835e-09,1.4468214550052139e-05,3.91211511622778e-06,0.9981766949549922,1.655746990031639e-05,0.0017880443852746532
5,mlp,1926,5,5,1.2109682792347653e-05,5.697711343995285e-07,7.536410601096537e-05,4.057334518177861e-05,1.4961812840131086e-05,0.9997082173242223,0.00014820395781810843
5,mlp,12975,3,3,1.0812870237037006e-05,5.0873556110672607e-05,5.131666515312743e-06,0.8281769352509315,0.002644996353374856,0.0004488340557449288,0.1686624162470857
5,mlp,11756,3,3,1.533836384074524e-07,1.2892866807887453e-06,2.1766561515562236e-07,0.9887368026047976,0.00018378120498849094,0.0006243509993405716,0.010453404854939239
5,mlp,3500,1,1,9.628992812163953e-07,0.9999990355084357,1.1971057703130651e-09,5.780125930473722e-20,3.950314935333999e-10,1.4583948322714992e-13,2.6598324058704517e-31
5,mlp,3228,0,0,0.9999247935351017,3.334290092412702e-07,6.187250329135971e-05,1.3813249764457353e-11,1.299803972194943e-05,2.436035954407022e-09,4.302637462274979e-11
5,mlp,2904,0,2,0.2755141363632048,0.0006644757182568859,0.7230797662149439,1.8574244606949002e-08,0.00012813680126688132,0.0006117380523931918,1.7282756897390344e-06
5,mlp,3465,1,1,2.950254737976047e-08,0.999968085038263,3.183199505413563e-05,4.220692588567052e-21,5.3464108334881003e-08,2.7398594098006485e-14,2.513232533983545e-27
5,mlp,554,5,5,4.969530139319344e-06,3.0794752345328105e-06,3.174412404067749e-05,0.10420244137019545,0.00023279820838638152,0.8849575713549932,0.010567395937010345
5,mlp,2501,0,0,0.9999966310429441,5.295618554182864e-12,5.144279313958033e-10,7.69517364658615e-11,4.6139499658892226e-07,2.9069534743794744e-06,1.1909766756249114e-11
5,mlp,7224,4,4,6.470585506621211e-06,6.242276229752462e-09,0.018633903899692224,2.0023493899787446e-10,0.9813080686596762,2.0296610055368578e-07,5.134744651318305e-05
5,mlp,3211,0,0,0.9998792234333717,5.7108857617859734e-05,5.8423875217129855e-05,5.946005673749243e-10,2.7271900534809984e-06,2.5160371229624318e-06,1.201643956966744e-11
5,mlp,11921,3,3,1.8317183942280827e-07,4.285434296265792e-06,1.1783850017031244e-07,0.9960930213479157,0.0004229275935190842,9.107764089146057e-05,0.003388386973038134
5,mlp,13370,3,3,3.5652985341999796e-05,5.999068628766249e-05,0.00014053818864198948,0.6305566298431659,0.005444123617918723,0.01539122961275038,0.3483718350658934
5,mlp,8499,6,6,0.0002594300103661809,1.4903643676355773e-05,0.00022442395002033742,0.04597265190122146,0.0017475504193214413,0.009066394201870012,0.9427146458735242
5,mlp,11531,3,3,1.8228044842976126e-08,8.458912183957398e-07,1.3036937883365907e-08,0.997374967291566,0.00015319750838114322,6.402075951545702e-05,0.002406937284336398
5,mlp,9613,6,6,0.0009231726658913474,4.53809185509362e-06,0.003103115169405982,0.0010940418930954995,0.0012208799691640242,0.03890439551173149,0.9547498566988565
5,mlp,1850,5,5,3.98401296231866e-06,2.6758834442563464e-07,2.2914309838876667e-05,5.159417276492676e-05,7.629490715227224e-06,0.9997659799892349,0.00014763043613937415
5,mlp,8506,6,6,0.00024516437286566936,1.4610602972888556e-05,0.00040460409989573673,0.015102141915237408,0.001361282366958781,0.0010967754264484435,0.981775421215621
5,mlp,2214,0,0,0.9246185054754187,1.0371703182818122e-05,0.04180654392806903,1.2316078509428036e-05,0.004724610538455494,0.012704233050378958,0.01612341922598563
5,mlp,5131,2,2,7.356350996489406e-05,2.1067420693587355e-06,0.9999037363062963,6.431398897544597e-14,2.0575014730798797e-05,1.7803021294413923e-08,6.238530177693838e-10
5,mlp,12366,3,3,1.4756161275674929e-06,6.621726748196374e-06,4.914933181616402e-07,0.9499970179159161,0.0007076679161282638,0.00020836732698485352,0.049078358004776994
5,mlp,9961,6,6,0.058631504484840065,5.846102981627074e-06,0.031617638871325474,5.8736518162336905e-05,0.018300860568761457,0.0027256483357545463,0.8886597651181743
5,mlp,10543,3,3,1.9201462614305807e-08,5.144611953058778e-07,4.064553223630553e-09,0.9994328597885678,5.659586439323205e-05,5.010928010716978e-06,0.0005049956918172183
5,mlp,1441,5,5,0.005943089278796882,3.624186709262494e-06,0.0006503347324239773,0.004854262483935304,0.0001763428437274686,0.981241977320908,0.007130369153499044
5,mlp,3272,0,0,0.9999623065589424,6.55484285977337e-07,2.4437277283121716e-05,6.518132905307705e-12,1.2598620501211954e-05,2.0492436882228524e-09,3.225598500817836e-12
5,mlp,6836,4,4,1.140812447229471e-08,9.705210103780687e-11,2.074727160299616e-07,3.356666051019113e-08,0.9999748723860801,2.519944277325154e-07,2.4623074939159443e-05
5,mlp,3114,0,0,0.9371437595480356,0.0003248176824374584,0.062222421621591174,2.697571240054798e-09,0.0003050750645127739,3.895364733100389e-06,2.8021118373808872e-08
5,mlp,2342,0,0,0.8982474649152887,1.3335954821283803e-05,0.1011673782521516,3.0683484389086806e-07,0.000296193022041271,7.63719449028475e-05,0.00019894907595044404
5,mlp,702,5,5,4.4403250992630055e-07,1.2311545605411248e-07,6.655841321981156e-06,0.0025579479230137874,1.1199094815305764e-05,0.9970428428388223,0.00038078715406061555
5,mlp,1352,5,5,0.0416406290717256,4.199998369137383e-08,6.687628719911371e-06,0.0009182921777681497,0.00037286456751465093,0.957022618621612,3.8865932675992564e-05
5,mlp,9203,6,6,0.0031032603387731125,6.784588364311827e-06,0.0016215661941173763,0.001521345812622708,0.005351221335821755,0.0005225628292291217,0.9878732589010716
5,mlp,8479,6,6,0.0023454504326235396,8.671120484918578e-05,0.003075619704405378,0.05767804385695389,0.0022120174373402453,0.2070485974953428,0.727553559868485
5,mlp,7332,4,2,0.013592805948355966,8.289357028385433e-07,0.9858344772276155,4.4358588251892454e-11,0.0005680101807327533,5.179124770389957e-07,3.359750757267868e-06
5,mlp,11491,3,3,7.482282054233405e-08,1.8017234563015207e-06,2.5736428028744956e-07,0.9959722237070059,0.0001740690834691528,0.0017202383408981914,0.002131334958069616
5,mlp,10512,3,3,4.648964232681017e-10,4.9818157808628576e-08,7.220622251353061e-10,0.9995960413696721,2.7450074896267414e-05,3.174559710366793e-05,0.00034471195321162957
5,mlp,10866,3,3,2.8413630538968718e-09,1.0450211272210344e-07,3.1321838686695196e-09,0.9964187974699881,5.087518428313562e-05,4.817554987892995e-05,0.003482041320190291
5,mlp,11,5,5,6.096225615485274e-10,3.861204972016766e-10,8.19140628674293e-09,0.0002937105553031629,2.3972066558128124e-07,0.9997057817524297,2.5878445218133207e-07
5,mlp,11161,3,3,1.1859162323601806e-08,2.4805456552313577e-06,3.5986269391674378e-09,0.9988430909260376,0.0004817816486204108,6.4248723793580205e-06,0.0006662065495181839
5,mlp,7854,6,6,0.00020067747128638943,9.73111737245459e-05,0.0001784413448233785,0.17254349743378938,0.0031065928814835854,0.0008146870186787783,0.823058792676214
5,mlp,10188,3,3,2.2153226348176667e-11,1.9243214275246567e-08,2.662903829468714e-10,0.9996532560488612,1.5382968186492417e-05,0.0003116151672354182,1.972628405909298e-05
5,mlp,9196,6,6,0.00013452373059435292,4.592325740203259e-06,0.0013578316490606935,0.0031293394647729416,0.0027802267266703777,0.007773019803504311,0.9848204662996571
5,mlp,12977,3,3,4.0742081545796866e-07,1.1324578252876887e-05,1.3518353937659072e-06,0.9803578518727596,0.0009287801585228856,0.00373655486163395,0.01496372927262139
5,mlp,4692,2,2,0.0009279319156345299,1.046265404504902e-06,0.9989910515489048,1.363166259775871e-11,7.584771383015385e-05,3.746614463329802e-06,3.759281308145644e-07
5,mlp,5569,4,4,1.8168226003321919e-06,1.3812449786523137e-05,4.1519887016957694e-05,0.005274702930748182,0.7463124254526559,1.7753116260996935e-05,0.24833796934093114
5,mlp,8738,6,6,0.004859409804653498,4.021586748075762e-05,0.0034955980479932313,0.014120289918011814,0.0010694493327589206,0.047953081548885015,0.9284619554802167
5,mlp,8126,6,6,0.008655317194245218,5.200584920868707e-05,0.0012908011094101553,0.04359347998743368,0.0015802806068140696,0.005009141635400641,0.9398189736174875
5,mlp,8562,6,6,0.00020883611051089292,2.7690792157524544e-05,0.00021880971786454457,0.04357547467805673,0.0014904881253450112,0.00865150149603332,0.9458271990800321
5,mlp,7787,6,6,0.0009235779778520367,6.966773568684737e-05,0.00039468368207408927,0.07149368236476539,0.01154225853839121,0.00025767720151766767,0.9153184524997127
5,mlp,5446,2,2,0.00033619843383956774,0.0009467119959214691,0.9984041803487902,8.177139803009825e-13,0.0003125358060650364,3.733123735145482e-07,1.0219229090722454e-10
5,mlp,3712,1,1,4.3382971875095297e-10,0.9999999957979597,3.6720816323195125e-09,2.616295821763931e-24,9.612888032703856e-11,7.075378656217313e-17,1.8717749477957045e-34
5,mlp,4269,2,0,0.7192504747290178,9.75944521710317e-06,0.2804263862955268,1.1017394971843444e-08,0.00029942758603523906,5.738610661924003e-06,8.202316146292795e-06
5,mlp,5894,4,4,7.123677130563519e-07,1.5971940208347444e-07,7.14196521467998e-06,7.267003145199225e-05,0.9992259677244507,2.765135394892152e-06,0.0006905830563729032
5,mlp,10705,3,3,4.298518738615433e-09,6.982306074047895e-07,3.960093959471581e-09,0.9995709687733719,0.00012291374556383714,1.5167359409794946e-05,0.0002902436324344532
5,mlp,7690,6,3,0.00013703418513448821,9.168857250921733e-05,0.0001007314777387364,0.5356891101888915,0.003945866249808438,0.0014389911292101729,0.4585965781967075
5,mlp,4171,2,2,0.016928796339425893,3.398539674625975e-06,0.9819342878514786,1.2989998621353574e-09,0.0010577621974641209,2.5666302732766713e-05,5.008747022440469e-05
5,mlp,10793,3,3,4.359191290648618e-09,1.2463532358433874e-06,5.543457697352133e-10,0.9983859593471587,0.0006628860279896177,1.4577821812508906e-06,0.0009484455758974108
5,mlp,3687,1,1,2.5518791008856777e-11,0.9999872884686197,1.2655305683575344e-05,3.083057044654598e-27,5.62001776847055e-08,1.333806480140748e-18,5.327082330150995e-34
5,mlp,3749,1,1,2.498629873714633e-11,0.9999999985410233,1.4260041270893006e-09,3.7980409078910663e-26,7.986328144721822e-12,1.546419791508554e-17,1.4263309909095631e-36
5,mlp,9107,6,6,8.649850150550157e-05,7.987656621882728e-06,0.001005783075503156,0.0010489378757966665,0.0024670361075389566,0.0006654886148056351,0.9947182681682281
5,mlp,4614,2,2,0.0001096437551515461,2.7764069200303055e-06,0.9997517541943165,1.0389769398824593e-11,0.00013455067899102954,7.807683598305134e-07,4.941858711561254e-07
5,mlp,4490,2,2,0.0045827749361324055,7.8728794141119e-06,0.9953013573703444,5.599116715255778e-11,0.000105337337276336,2.1814026932118564e-06,4.7601814822989846e-07
5,mlp,4131,2,2,0.07588132368884104,1.0769561060167124e-06,0.9224001163871188,1.313302657526211e-09,0.0016753901208781197,1.1937817966934504e-05,3.0153715786628412e-05
5,mlp,3002,0,0,0.9999988842886163,7.604710518465533e-10,1.8067919747030293e-09,1.1955272711147766e-11,1.0644206704391776e-06,4.871004509440889e-08,1.4496743851343133e-12
5,mlp,8807,6,6,0.0021749923603699138,1.1778992037915292e-05,0.0020068324860737625,0.009410512230930024,0.0007372919616923777,0.033858470242808386,0.9518001217260875
5,mlp,12773,3,3,1.4476551433871802e-06,1.9507494303611766e-05,4.838417713817795e-06,0.9744536851265299,0.001003887577031576,0.0029634676941049354,0.02155316603517313
5,mlp,2776,0,0,0.9995582656537161,2.2588653787717067e-05,0.00033023635101181003,2.7863119747750132e-08,6.511885241672116e-05,2.368841236247691e-05,7.421358567432762e-08
5,mlp,13398,3,3,3.24261308505217e-05,5.032164570571954e-05,3.9819437977374236e-05,0.7883678789906864,0.002501907061791309,0.012671011810895895,0.1963366349220928
5,mlp,3612,1,1,1.3490741050950397e-09,0.9999999967173392,1.9280401790125894e-09,5.378399870164589e-23,5.52609807335729e-12,2.0374652561011734e-14,6.138289248603431e-34
5,mlp,5865,4,4,7.048510863000032e-08,3.0785761797544124e-09,2.3320813646727713e-07,1.2123680813682273e-05,0.9989300171789836,1.414455419133783e-06,0.001056137912962151
5,mlp,56,5,5,1.6976115427793537e-07,5.015288640788233e-09,3.2495831735960615e-07,0.0020702364501785724,2.1551053578049818e-06,0.9979105270607393,1.6581648963914433e-05
5,mlp,13358,3,6,0.0005030662544675536,8.566314296419473e-05,0.00023185606839072568,0.17151444879699768,0.001926781371212221,0.0008849693807457961,0.8248532149852219
5,mlp,4563,2,2,0.0005392596340813836,1.1324735182018692e-06,0.9993924520777913,1.0910938472364891e-11,6.478915433591265e-05,1.9661244938225765e-06,4.005248684613205e-07
5,mlp,6415,4,4,5.5050120268376055e-08,1.3425636549039069e-08,8.002129969175534e-06,1.1932418819238712e-06,0.9999344244423223,5.365986242504501e-07,5.577511144565884e-05
5,mlp,8723,6,6,0.0007405462332006676,1.1429262426279578e-05,0.0009471759499196926,0.0021201822197786557,0.007165431279239907,0.00017397271189729537,0.9888412623435375
5,mlp,5235,2,2,0.00017367153405748112,1.8818663636546963e-06,0.999206998349836,5.911401709190338e-12,0.0006152197752521456,2.1984656482594632e-06,3.0002931264323926e-08
5,mlp,6094,4,4,7.125014423234851e-05,1.8485483535801478e-06,0.006153605905715871,2.716632022782726e-05,0.9160762582692381,8.569804710240152e-05,0.07758417276512991
5,mlp,12907,3,3,7.452337388992171e-06,2.273111965657818e-05,1.3147355823566522e-05,0.9159798653689244,0.0009955604533337628,0.009060269773580393,0.07392097359129234
5,mlp,9313,6,6,0.0009192186099408703,2.3684726776224093e-06,0.0014647384166031256,0.0006604521222423612,0.0005165305671780614,0.001959644559077302,0.9944770472522806
5,mlp,11587,3,3,7.894022424618703e-08,3.3599353268705494e-06,7.96242568352455e-08,0.9972846961904397,0.0002939717737638285,9.707112206639251e-05,0.002320742413922336
5,mlp,4653,2,0,0.8900791241022872,2.8975337766887025e-06,0.10986540266518632,3.0649510268557303e-10,4.161363031939616e-05,1.0797869494018223e-05,1.6389244121445832e-07
5,mlp,7493,6,6,0.00013458742210578444,3.706410008177076e-05,0.00010610126549391955,0.3240885320200276,0.0015503161351976332,0.0013059214603366694,0.6727774775967567
5,mlp,6168,4,4,1.8661635754825338e-07,2.033305104031343e-08,1.686603230925335e-05,1.981419099115417e-06,0.9984414452088023,2.3055769857634755e-06,0.0015371948133949662
5,mlp,4365,2,2,0.0004044818237480603,1.067786314757036e-05,0.9995289830740746,7.788480317054199e-11,5.153397013737249e-05,3.236885670801363e-06,1.08630533687516e-06
5,mlp,4897,2,2,0.0005727627738489962,5.096725645860372e-06,0.9990388034562694,1.8665154429501044e-11,0.0003820919948265023,1.0083780293915454e-06,2.3665271492528825e-07
5,mlp,3846,1,1,6.419063775103658e-15,0.9999999999955493,3.899082910210199e-12,7.832024544290299e-30,5.45164330720649e-13,2.508278504449121e-22,9.078627038074963e-43
5,mlp,4817,2,2,5.693307667674243e-05,9.916487754157277e-08,0.999808661653211,1.1259853380043394e-13,0.0001342722280914743,1.9452914791385762e-08,1.4424115637122484e-08
5,mlp,837,5,5,2.818040008078111e-05,4.809775101044598e-06,9.894730566847392e-05,0.05367566806080783,0.0002377032359398525,0.927261801271417,0.018692889950985142
5,mlp,8030,6,6,0.00023971290164095206,6.46840145720693e-05,0.00021230487787693238,0.1447764515770394,0.002129238015357917,0.0018607295357683168,0.8507168790777445
5,mlp,2535,0,0,0.9999937379370331,7.930759345436117e-09,6.229322864055748e-07,1.4233131480641454e-09,5.431801585545198e-06,1.9345059440516475e-07,4.524428092833936e-09
5,mlp,6593,4,4,0.0014632871423976132,6.055193744392271e-07,0.002269512931116997,1.6222618513103918e-05,0.9845991365223389,7.049113626601583e-05,0.01158074412999292
5,mlp,2752,0,0,0.9999969380938064,7.27594931618322e-09,1.7272590229307969e-06,1.9703899941843239e-10,7.822953679394925e-07,5.44565104518966e-07,3.1371002682527184e-10
5,mlp,3451,1,1,8.358697568288787e-08,0.9999996006891325,3.119279131705929e-07,2.7820380072898195e-20,3.795911613611047e-09,6.69612659245127e-14,1.8509139765338698e-28
5,mlp,3663,1,1,4.903072872229585e-10,0.9999997386839111,2.5247380604389814e-07,1.1720902881173101e-24,8.351975611831768e-09,1.2874277757621457e-17,4.0518717336901675e-33
5,mlp,13360,3,3,4.476590539969973e-05,4.062976474594776e-05,2.082841068231889e-05,0.7876323283923802,0.0036334940185969024,0.0034801575823316887,0.20514779592586335
5,mlp,11881,3,3,1.864288780185479e-07,4.007504332034488e-06,9.380088041772872e-08,0.9926776067420756,0.0003042126287621294,7.375371664087396e-05,0.006940139178430793
5,mlp,7652,6,3,1.9653381175166802e-05,5.015633399097073e-05,2.1050797080147728e-05,0.8385044138789602,0.00232708828642787,0.0023065700890682124,0.15677106723329737
5,mlp,7497,6,3,3.314324536679629e-05,6.218328810868086e-05,1.8388381119981942e-05,0.8085091804387883,0.0020638628792802715,0.0007629919191807245,0.18855024984815522
5,mlp,10519,3,3,3.9662237209679465e-09,8.746262698730597e-07,1.4102182779202658e-09,0.9997107817202548,0.00013687779466654482,2.6327077040655483e-06,0.00014882777466270383
5,mlp,5568,4,4,1.8264767661284775e-06,2.920486105942415e-06,1.754085860754478e-05,0.0024878073515271957,0.9932184778983595,1.1101976418596084e-05,0.00426032495221509
5,mlp,4659,2,2,0.001024762893088855,1.2938084643433288e-07,0.9976814928169138,2.9012983650214266e-13,0.001293561991199915,2.1024169882132895e-08,3.1893491257122947e-08
5,mlp,6939,4,4,4.558862737435922e-06,2.156024946591997e-08,0.0029258061512175506,2.6555716006624812e-08,0.9964003236749003,1.616934157983853e-06,0.0006676462610212883
5,mlp,9576,6,6,0.0011796756633711072,1.976041428789882e-06,0.000563841981239354,0.00029947106866563106,0.0003829837211586459,0.001540200240979439,0.9960318512831572
5,mlp,7310,4,4,5.133975106426366e-05,2.4000715601631405e-08,0.006942780960449775,4.532618932318949e-09,0.9929418441584925,1.0706152173086973e-06,6.293598144161519e-05
5,mlp,12968,3,3,1.4190380511040596e-06,1.4101670077688666e-05,5.275857281479584e-07,0.9666840605687084,0.0018223579712601733,0.0003848653348686049,0.031092667831306018
5,mlp,8332,6,6,0.0004413708515277151,9.243681858182844e-05,0.0021543939182747888,0.09648396866860989,0.0029890414039918036,0.22497668670871115,0.6728621016303028
5,mlp,10865,3,3,2.145608934760509e-08,5.105688861265022e-06,1.955151297447415e-08,0.9985036053939208,0.00042015779516982093,8.645839618758965e-06,0.00106244427482717
5,mlp,7789,6,6,0.0003204353017941989,3.278129757395992e-05,4.386849888866665e-05,0.12435345794063495,0.0044644794949502955,0.0003621863673276413,0.8704227910988304
5,mlp,10350,3,3,8.894815157314573e-10,6.561602931261817e-07,1.1677291816774976e-10,0.9996787435373231,0.00019809952661723628,4.3037698819944984e-07,0.00012206939252371497
5,mlp,5665,4,4,5.835174590487328e-06,3.2617029367445522e-06,8.806054950091566e-05,0.001000784698077213,0.9906386447094196,2.5120101079968055e-05,0.00823829306439512
5,mlp,1496,5,5,2.3988633992842714e-06,3.545949830119977e-07,2.797570340181129e-05,0.0008237635714816245,1.7565402290861626e-05,0.9985141300553207,0.0006138118091226086
5,mlp,3757,1,1,5.54316255387691e-10,0.9999999993801949,6.139779245517507e-11,6.043191864234395e-25,4.09113314661322e-12,1.6548816003490532e-17,1.3426224042790202e-37
5,mlp,4895,2,2,0.0001680693268471715,4.983436804745633e-06,0.9993405669277111,5.067418472853243e-13,0.00048628790408588755,8.134540705813163e-08,1.1058637116315085e-08
5,mlp,1131,5,5,0.0011863511277508787,1.7029849910851406e-05,0.0004547570494338637,0.0694517622121029,0.0007123175823319601,0.8827950933962677,0.0453826887822019
5,mlp,1226,5,5,1.5540081336754662e-06,2.2656574821608064e-09,1.89569571395706e-08,1.3159336746136229e-05,1.104285478757266e-06,0.9999841551038837,6.043143003657912e-09
5,mlp,2486,0,0,0.9505943444545651,1.207579741051052e-06,0.04869626493812385,6.133026062686328e-09,0.0006824228555918331,6.59437356705155e-06,1.915966538509229e-05
5,mlp,1772,5,5,6.241584662403494e-06,3.0786563388473317e-07,4.462615918676652e-05,0.0001323517988794124,1.0818395572100035e-05,0.999555635103773,0.00025001909229228355
5,mlp,9401,6,6,0.004073960748168155,4.935418008746502e-06,0.00235848423650749,0.00035788296653849064,0.0004115814750222548,0.0005129432232189502,0.992280211932536
5,mlp,8606,6,6,0.0001728541255873412,3.450555397560051e-06,5.3432176504776255e-05,0.006552640012645582,0.01004233840796105,0.0002445032908664227,0.9829307814310373
5,mlp,7763,6,6,0.00023270970291450866,0.00012943498413521938,0.00021139502615432002,0.1841874466309367,0.016421037024474457,0.00038833429758828024,0.7984296423337965
5,mlp,91,5,5,6.163012023492929e-09,9.920147805390481e-09,1.802100481165343e-07,0.002701754881901999,3.137828775709132e-06,0.9972669712532473,2.7939742867053392e-05
5,mlp,5549,4,4,2.253892102113685e-05,2.963550118046515e-05,6.665161655946654e-05,0.03520477342825086,0.9173189074898578,4.6629261235323186e-05,0.04731086378189494
5,mlp,12751,3,3,2.2366839860762874e-06,1.0943205613536683e-05,3.5443938832936467e-06,0.9558177555321166,0.0006607203714448129,0.0028623132090529048,0.04064248660390291
5,mlp,1691,5,5,8.365489400163143e-07,1.4297518581452489e-07,1.270097424041459e-05,9.344767532775884e-05,5.835592015931859e-06,0.9997949083430472,9.212789124291678e-05
5,mlp,3113,0,0,0.9999988774857341,2.4695440947055947e-09,6.507131742924387e-07,1.970674123381191e-12,4.650347024858809e-07,4.2867739016228875e-09,8.100489036398077e-12
5,mlp,12118,3,3,4.008628636839201e-06,1.674104482581074e-05,1.6236567314480102e-06,0.9649913937390929,0.0010293828285602932,0.00012227405787180163,0.033834576044280855
5,mlp,5892,4,4,3.085056682206462e-06,1.3638855899611453e-06,0.00014748417133767303,0.0005998742608462767,0.9916121396038943,6.913994611629572e-05,0.007566913075533311
5,mlp,11132,3,3,6.677119482963219e-09,1.7408882066381166e-06,1.1304868292237268e-08,0.9990559394442956,0.00024679663988766214,6.083528717711241e-05,0.0006346697584451104
5,mlp,4854,2,2,0.004162821020849067,5.794817854945406e-06,0.9953337246179726,4.052559452749561e-10,0.00045294021253760984,4.229739988736202e-05,2.4215256423173473e-06
5,mlp,4729,2,2,0.001001934792022436,2.785573628649745e-07,0.9948335891950251,4.929988687051289e-12,0.004163866786805532,5.4831364824839433e-08,2.758324893074618e-07
5,mlp,5038,2,2,0.00015977683165443107,1.471713305766749e-06,0.9995576498602794,8.931437256731515e-13,0.00028102401784404216,6.072203210812592e-08,1.6853991189638372e-08
5,mlp,3170,0,0,0.9999982230219977,2.0635380121626076e-07,1.3160007180574762e-07,4.677890731200927e-11,7.37200455072945e-07,7.017762539203612e-07,6.412692050683608e-13
5,mlp,5343,2,2,5.676591088644493e-06,1.4631424126337417e-06,0.999916521997069,2.0928529476682714e-16,7.63277597180027e-05,1.0503544612787994e-08,6.166455093259265e-12
5,mlp,5275,2,2,0.0003432726033554722,1.2583117515990079e-05,0.9987726538867763,2.8557535181833425e-12,0.0008713385577162509,1.433798091646187e-07,8.45197122767156e-09
5,mlp,11904,3,3,2.4569986468161567e-09,9.395863611573314e-07,1.8061247301076347e-08,0.998481238267506,0.00021334113430304165,0.000694286026462963,0.0006101744671210464
5,mlp,2775,0,0,0.9989931721570943,8.030884116481431e-07,0.0009953553477283664,2.265913230949533e-09,1.0077882426195212e-05,5.407241193454159e-07,4.8534307009810665e-08
5,mlp,10371,3,3,2.3520790750342975e-09,2.227914728214964e-07,4.573517001994285e-10,0.9997267139942223,4.9231803551601726e-05,1.7566825658638055e-06,0.00022207191875649594
5,mlp,5689,4,4,5.6706860223249186e-08,2.4072867124555147e-07,4.849161926432095e-06,0.0001935299728037278,0.9992314664560584,3.752484819096924e-06,0.0005661044888609428
5,mlp,9764,6,6,0.0013441378083354097,8.593310312391205e-07,0.000266071520327107,0.0004128551894416912,0.01601622386976378,0.003481218308389461,0.9784786339727113
5,mlp,4857,2,2,0.18302824404720486,5.235018994698621e-06,0.8168071331667025,1.5566588226649927e-10,0.0001438709409853552,1.517798616165144e-05,3.38684285065585e-07
5,mlp,4558,2,2,0.00012247491031591905,6.724673764714503e-07,0.9987531745267108,1.2828448924330311e-12,0.0011226752920178557,6.810372374420256e-07,3.217650586811778e-07
5,mlp,6717,4,4,1.1180779180347356e-07,3.3788344860725596e-09,2.0275929493071586e-05,3.916351920638386e-08,0.9990805535959667,6.719465335144298e-07,0.0008983441778613422
5,mlp,10253,3,3,5.82230742895241e-11,4.387914546079202e-08,2.906350944368317e-11,0.9999363611026012,2.8128405072697077e-05,1.7158093903575234e-06,3.3750716503520754e-05
5,mlp,4251,2,2,0.002685597601729659,4.981192213642304e-07,0.9252869714770126,3.887873515525372e-09,0.07177833421571422,1.0996618988904667e-05,0.0002375980794597547
5,mlp,4206,2,2,3.665961013956288e-05,1.0704287180595997e-06,0.9919851482877318,2.0758992236310775e-12,0.007975702811642758,5.211370691887334e-07,8.977226227901546e-07
5,mlp,10736,3,3,1.97494887687142e-08,2.212277001096377e-06,8.90496047078946e-09,0.9990252789824263,0.00025503022572655155,3.8890025557850306e-06,0.0007135608578407983
5,mlp,1029,5,5,2.5464079018955513e-08,4.753619013837911e-09,4.805308591362031e-07,5.05585739470608e-05,6.293556690242822e-07,0.999943268415587,5.032906239754157e-06
5,mlp,10846,3,3,3.7188979395081895e-08,1.123242959800473e-06,2.5534539628380823e-09,0.9986254491921664,0.00035972172771326976,2.745086816867122e-06,0.0010109210079102431
5,mlp,1179,5,5,2.692323470876702e-07,3.4495374841810584e-08,3.933321166601128e-06,0.00024095702769518998,3.034100400154508e-06,0.999660803953673,9.096786934305596e-05
5,mlp,737,5,5,2.416609825694992e-05,3.0329927338631014e-06,8.528946525089134e-05,0.049933713677623094,0.0001733016000502492,0.9287385245694083,0.02104197159667672
5,mlp,5463,2,2,2.057805430035749e-05,2.9479473483245754e-06,0.999945987531856,9.82462579035274e-17,3.0485968751054395e-05,4.975316904806914e-10,2.125018732938121e-13
5,mlp,4871,2,2,0.00019941011710903066,2.7845902617507618e-05,0.9997454269428051,1.879737705119148e-12,2.6843107442837437e-05,4.685993736751009e-07,5.3287722696627485e-09
5,mlp,3921,2,4,0.002975227000608775,2.7292835327665055e-07,0.0037271636159010566,6.5128817154881355e-06,0.978088231686078,0.0006231391991221436,0.014579452688221394
5,mlp,12868,3,3,4.452347844209781e-06,2.330720301163718e-05,4.0544428521380525e-06,0.9722179269060968,0.000892163454172669,0.0012520859884052134,0.025606009657617692
5,mlp,1151,5,5,7.399523707437696e-09,3.8193819728350803e-10,5.40057743796586e-08,3.597481537024808e-06,7.481152757525819e-08,0.9999961460219549,1.1989774438325517e-07
5,mlp,9302,6,6,0.0006218998837468739,4.740382679507054e-06,0.0014107634391213424,0.0009519409148715128,0.005974031931171888,0.0006533450211765977,0.9903832784272323
5,mlp,8007,6,6,0.0005369462572965983,3.269387605925335e-05,0.0003955033350273377,0.11371277417099769,0.003388836158800271,0.002177610434536146,0.8797556357672828
5,mlp,4539,2,2,0.0012436822597357196,1.6700257335108957e-05,0.9987118571861799,5.4758903949004154e-11,2.560553054481922e-05,1.911418426089562e-06,2.432930197215002e-07
5,mlp,9225,6,6,0.0003510759987759699,3.56068257224193e-06,0.00011533301476985822,0.0028267678972351074,0.001391744922266363,0.00256874623327577,0.9927427712511048
5,mlp,4663,2,2,0.010706924894202104,3.179271725998081e-05,0.9889126623410185,1.1478687652645047e-09,0.0002970081291925335,4.749646501177287e-05,4.114305446113797e-06
5,mlp,12016,3,3,3.715147050001272e-08,1.1147250710012673e-06,1.5799174611664402e-08,0.9966794429050534,0.000427640415341654,8.977252478944682e-05,0.0028019764790992775
5,mlp,5903,4,4,5.848713146767428e-06,2.124321570612045e-07,3.978728219802277e-05,9.625352839228101e-05,0.975585475888078,1.9543402728659424e-05,0.02425287875329915
5,mlp,1161,5,5,2.972320137154992e-07,4.218798147045048e-08,5.897493892844733e-06,0.0002629525231827151,3.1871692630198627e-06,0.9995875264942452,0.00014009689942097396
5,mlp,13307,3,3,3.1451546383089944e-05,5.204201201479067e-05,2.5243913547623985e-05,0.7241741611199488,0.0028911003155332586,0.001839616397710643,0.2709863846948618
5,mlp,13364,3,3,2.272778066282569e-05,4.7950248916853465e-05,2.5740254649722286e-05,0.8241017054332644,0.00234922178434723,0.00643152752189212,0.16702112697626703
5,mlp,8625,6,6,0.00019569481234207384,7.2314392504206575e-06,0.0005485842419897857,0.0015701632294914827,0.0011824445863787068,0.00016241984665643796,0.9963334618438912
5,mlp,830,5,5,5.441743972619618e-08,4.446184872657407e-09,4.858096833709331e-07,8.041950396531504e-05,6.840596066788267e-07,0.9999117300414507,6.6217216694191375e-06
5,mlp,4022,2,2,0.007833283443784386,1.240974855199121e-06,0.9856717991225928,1.0865723971753065e-08,0.004653220014498297,4.579767275808699e-05,0.0017946479057871889
5,mlp,2713,0,0,0.9992184010529621,2.0655618034352227e-06,0.0007637905331142262,3.573018315590705e-09,9.674283772147876e-06,6.0066297022484294e-06,5.836562767147105e-08
5,mlp,3250,0,0,0.9999709344676229,5.731827094454979e-06,2.013428018517738e-05,4.527242875727491e-11,3.123447448140214e-06,7.592809563703113e-08,4.281357520182778e-12
5,mlp,2280,0,0,0.9999289531737502,3.7082447278669586e-08,1.959836891824569e-05,3.8920724505508806e-08,1.1010107770275122e-05,4.012405721866827e-05,2.382891707141127e-07
5,mlp,10487,3,3,4.254100715626541e-08,3.264829732215852e-08,1.134942588814893e-09,0.9995568852821904,7.355120087366829e-05,1.4518004279984105e-05,0.0003549691884088524
5,mlp,6491,4,4,2.8466270111545843e-05,6.189461645352597e-08,0.001988086395106572,1.2080821286065346e-07,0.9868070788755768,1.0919489141263018e-06,0.011175093807461666
5,mlp,10996,3,3,1.2445391586751486e-09,5.13229437601409e-07,2.0133789396702086e-09,0.9996826861050765,0.0001243265069164753,4.620059127261579e-05,0.0001462703093787401
5,mlp,11503,3,3,2.7952787624305975e-08,1.2939558949005162e-06,1.7120922890202186e-08,0.9983015330758074,0.00016548615890395833,4.9175406631007426e-05,0.0014824663290521867
5,mlp,11887,3,3,1.6006467814900773e-07,6.739475632367027e-06,2.0066700259159088e-08,0.9913953259035739,0.0014522717404454372,1.733038434125371e-05,0.007128152364628628
5,mlp,3955,2,2,0.0038467035494671696,3.0025528799663724e-06,0.9427599154154049,1.200649482511713e-07,0.041821867232512376,0.00025708492887971325,0.011311306255907561
5,mlp,2604,0,0,0.9999748932169781,5.393543232802581e-08,2.09106429242942e-05,2.0294211976312295e-09,3.157784365528952e-06,9.713380484121447e-07,1.1052830281585812e-08
5,mlp,9463,6,6,0.10884672116778692,1.3888699164555281e-05,0.0022009846177462127,0.0022178130900586987,0.0031181998995724295,0.004639988697981653,0.8789624038276896
5,mlp,5511,4,4,4.498731021869295e-09,1.7607290415486808e-07,2.5630704125544396e-08,0.0015427688603912631,0.9983413582427634,3.206090924540933e-07,0.00011534608541360963
5,mlp,8131,6,6,0.0002943834882487829,3.041995234752861e-05,0.00030013077067805546,0.012314556611728106,0.0016989540249960507,0.00019165462696094245,0.9851699005250406
5,mlp,3989,2,2,0.006334140646472241,1.4764717211575917e-06,0.9862553527540107,2.425035800791204e-08,0.004361510626918901,5.1322110677086535e-05,0.0029961731398417666
5,mlp,7673,6,3,1.3833624116489143e-05,9.980579603271985e-05,3.2260130094491074e-05,0.6845021172374308,0.006730789184795863,0.0033159674718846394,0.3053052265556449
5,mlp,11677,3,3,4.821932858418628e-09,1.014972314584753e-06,1.5274456468827932e-09,0.9992965530392374,0.0002993548425497933,1.7522758662412412e-05,0.0003855480378571424
5,mlp,4423,2,2,0.0357537972344041,1.65586457283649e-06,0.954621685850072,2.676616551519134e-09,0.0095752527407318,3.716576056955226e-06,4.388905754582785e-05
5,mlp,9742,6,6,0.0053966569911459905,2.666602093610003e-06,0.0004942765566071761,0.00025889340171994236,0.0009958211500721667,0.002098037151341809,0.9907536481470193
5,mlp,10074,3,3,1.7103283968577858e-11,3.049185315463934e-08,4.1957599343018825e-12,0.9999618224640773,2.923150903368865e-05,2.544278673117122e-07,8.661085869844896e-06
5,mlp,1382,5,5,8.328906550021902e-08,1.0291845846061052e-08,1.1100022032131768e-06,3.846378678629775e-05,9.550087978754706e-07,0.9999529805690143,6.39705228682312e-06
5,mlp,7397,6,3,1.1753765819558153e-05,3.5463495763238055e-05,8.994106154182045e-06,0.8627916139958532,0.0037824442463487568,0.00027382148571480523,0.13309590890434625
5,mlp,3373,1,1,2.6487751396347357e-05,0.9997177224744606,0.00025562480437435253,1.3368997649541312e-17,1.6489408811750435e-07,7.56808106925604e-11,4.916719980413169e-23
5,mlp,6803,4,4,8.141618940486007e-06,4.221011071147304e-09,6.170842541126444e-05,1.8804776096539995e-07,0.9983733266563924,2.087444004705417e-06,0.0015545435864788397
5,mlp,6498,4,4,3.3485397554525496e-05,5.082162963303333e-07,0.00288757458856286,5.246593266966039e-06,0.9855318458388753,5.459474674612037e-05,0.011486744618697822
5,mlp,7527,6,6,0.0002584982677930413,8.871542056431462e-05,0.0001157787289704056,0.38162301334632864,0.003188001196372722,0.0005313369406968948,0.614194656099274
5,mlp,7805,6,6,0.00012137339640847278,0.00012372801647515057,0.00038694662165729665,0.46999659528659227,0.003915412989961322,0.02759051279764545,0.49786543089126006
5,mlp,6774,4,4,0.0023667380252558276,4.3978863751283083e-07,0.04186807431433542,1.215262487057198e-06,0.8806977565305455,4.844907192025911e-05,0.07501732700681848
5,mlp,8757,6,6,0.002090188153484689,2.172952134651993e-05,0.000909700057445607,0.019287585221822036,0.0021080032825631922,0.002601418985362762,0.9729813747779753
5,mlp,10696,3,3,4.426420163310505e-09,1.0559919042047029e-06,4.322223664108675e-09,0.9995459554282722,0.00015774903252895771,1.1870290815465296e-05,0.00028336050783534785
5,mlp,6241,4,4,2.3196214732052936e-07,6.967706720332281e-09,7.624894966447688e-06,6.956791166947814e-07,0.9989973761442265,9.073966799730103e-07,0.0009931569551563854
5,mlp,13113,3,3,2.2775730976477744e-05,5.251090230113255e-05,9.481398241409376e-06,0.8887851276594004,0.004061040342104483,0.0005964430223368105,0.10647262094463934
5,mlp,7957,6,6,0.000277231215225786,8.114805707500857e-05,0.00026201440478581145,0.08139719454648686,0.002851074444929561,0.0005065233614846177,0.9146248139700124
5,mlp,11917,3,3,3.6777295009923454e-07,1.0171393056369995e-05,2.7804432526671187e-07,0.9889582458345094,0.000577552601850544,0.00010542356026664033,0.010347960793041648
5,mlp,8876,6,6,0.00029752021300949065,1.1988633264816836e-05,0.0011571890489536284,0.007264357606420713,0.0011127995839694499,0.017845097220691476,0.9723110476936904
5,mlp,5928,4,4,1.4705580497194232e-07,2.8490468068451504e-08,4.1872519677842115e-06,2.17267365886287e-05,0.9995471675165797,1.6733393146147446e-06,0.0004250696092761957
5,mlp,1674,5,5,2.112890678731124e-07,2.6359129449935662e-08,2.7598127989858907e-06,2.617930733407955e-05,1.5651585112730561e-06,0.9999578850743341,1.1372998824045599e-05
5,mlp,1376,5,5,7.28481110597495e-08,9.591169747051152e-09,1.0155911302921972e-06,3.7332006043092575e-05,8.736292740127822e-07,0.9999554698977619,5.226436510057837e-06
5,mlp,9708,6,6,0.006038197233976619,2.43022426316235e-06,0.0006452244126270519,0.00032243705994994314,0.0006479698613245374,0.001298894031929063,0.9910448471759296
5,mlp,466,5,5,8.262038573933794e-08,1.260860167546723e-08,1.0954214174992444e-06,0.000628632949509102,2.0643267141276585e-06,0.999292718235491,7.539383788068782e-05
5,mlp,910,5,5,3.387124704197125e-10,8.741005276606068e-11,1.244283092626495e-08,1.7566775634377484e-06,2.6378957663371925e-08,0.9999981644691648,3.9605360717153374e-08
5,mlp,13165,3,3,6.174681993671243e-05,9.495050874362515e-05,3.705409042416571e-05,0.688181973526361,0.0028015071883380586,0.0009614860048517211,0.30786128186134454
5,mlp,7935,6,6,0.03098552280592596,9.936127316531022e-05,0.0016285113112867121,0.09989907434721965,0.003980991717245328,0.0061857470803564595,0.8572207914648007
5,mlp,3755,1,1,2.0302144113702525e-10,0.9999999990782587,7.11563334956339e-10,1.8079107993110832e-25,7.156813834336885e-12,4.739734478981864e-17,9.739808342621976e-37
5,mlp,2910,0,0,0.982596392337801,1.0199462725793897e-06,0.01735990698534569,3.1340620884334723e-10,4.2240903958336335e-05,3.561323478206858e-07,8.338086846020856e-08
5,mlp,6960,4,4,6.379478289942432e-05,1.2536917950359442e-07,0.005015522775584002,8.977317396380182e-07,0.9902459610368701,0.00012284880285271118,0.004550849500874458
5,mlp,3352,1,1,0.0003633767092719709,0.9954246549225203,0.004210387532194644,5.98259047228278e-16,1.5787522917029961e-06,2.0837206831086763e-09,4.064002513538598e-20
5,mlp,5255,2,2,0.00013428357064379406,1.9315042918242424e-07,0.9995468910722729,1.4906252101258038e-15,0.0003186312599782658,9.050441930093097e-10,4.163001515348912e-11
5,mlp,1462,5,5,1.009682202256809e-05,5.9393210975214155e-06,9.76953037604865e-05,0.02728710103937978,0.00032374980770481413,0.9527167822651176,0.019558635440917394
5,mlp,6820,4,4,1.3436462922779098e-05,1.869900867537036e-08,0.002137401853968743,7.014515990725755e-08,0.996202817742106,1.9697756383173177e-06,0.0016442853211957069
5,mlp,3564,1,1,7.160383202698067e-09,0.9999999026638325,8.870431060484107e-08,6.722802405184497e-22,1.4714705097820378e-09,3.0887222418052362e-15,1.6041472914734767e-30
5,mlp,11522,3,3,3.151533911955725e-08,2.6408835364950823e-06,6.824212892002207e-08,0.9982369035060655,0.0002549474278778129,0.00020336572997920493,0.0013020426950728654
5,mlp,1596,5,5,4.398634512424545e-05,3.461466326245241e-06,0.00030241938797708845,0.0028263780973815738,0.00010025994462058986,0.9887303699313015,0.007993124827268949
5,mlp,891,5,3,0.00027328536323821274,3.5919695184101236e-05,0.000521439610612441,0.3995356033024484,0.001376914541122978,0.3716112963655598,0.22664554112183397
5,mlp,2666,0,0,0.9882492471699879,1.4787858756689596e-06,0.011633418357167052,3.1606716417724717e-09,0.00011445339460259486,8.104664491814065e-07,5.886652460752134e-07
5,mlp,3362,1,1,0.00017201668345660383,0.9998260321387945,1.925203517587345e-06,3.2159153121990006e-16,2.348629547036504e-08,2.4879357849463525e-09,4.181335925718784e-24
5,mlp,3131,0,0,0.999443874366938,1.387570909580712e-07,0.000339366087403705,1.4299447110489818e-10,0.00021660918432155426,8.729037777591967e-09,2.732213558508794e-09
5,mlp,8920,6,6,0.0004943397363928218,2.498169480487094e-06,0.00017093916247380887,0.003959667827529408,0.0009532635207863534,0.0024372176103006583,0.9919820739730364
5,mlp,7414,6,3,2.2879008203936766e-05,5.0911537703907164e-05,4.936788426688051e-06,0.7911389332468829,0.007319668554098396,0.0001676634511361562,0.20129500741354797
5,mlp,4970,2,2,0.0012754624912295824,4.779330462883257e-07,0.9743581877208259,3.134546640251093e-12,0.024363445638522142,2.235045112111768e-06,1.911681295832106e-07
5,mlp,768,5,5,3.895540009662984e-08,8.890064094619724e-08,1.886031083841772e-06,0.002111016884649419,1.1038793739629379e-05,0.9976506762190707,0.0002252542154152918
5,mlp,3720,1,1,2.617621797084337e-10,0.9999999993903712,2.722371892179133e-10,4.1875831822596905e-25,7.562960123983126e-11,1.4694386076410692e-18,1.2627988078304112e-36
5,mlp,12452,3,3,1.3594210109956352e-05,3.931052329729944e-05,4.3248830129478244e-06,0.9042657780105922,0.0020306835069207048,0.00016618282927239372,0.09348012603679438
5,mlp,6115,4,4,5.296643484981002e-05,1.3289080492874893e-06,0.0019508110523730375,6.770619860639867e-05,0.9487953185029421,0.00012265947297664717,0.04900920943020265
5,mlp,2148,0,0,0.9839622858749645,1.992419056501367e-06,0.0042022991915808385,1.2171363897156695e-05,0.007796532470366336,7.728577573610978e-05,0.00394743290439883
5,mlp,9222,6,6,0.0010862818865604825,5.828891735682986e-06,0.0010067711556489647,0.0012062129978654143,0.00036969102230672034,0.0020566164150474823,0.9942685976308352
5,mlp,8074,6,6,0.0036723726197394647,6.323479552604268e-05,0.002480426522849532,0.12202110025324304,0.0020714999224068003,0.1415082586165971,0.7281831072696381
5,mlp,5361,2,2,8.281683359167404e-05,6.440469001755311e-05,0.9995066659295582,5.848680882713914e-13,0.0003459749605085463,1.3688166253225294e-07,7.040768573929802e-10
5,mlp,4822,2,2,9.868477715144038e-06,8.002698107596265e-08,0.99975671193774,2.179739819333039e-13,0.00023316876329662118,1.2854284241216533e-07,4.225120673758899e-08
5,mlp,10485,3,3,3.6207431064912368e-09,1.373421584702641e-07,9.866611567207128e-09,0.9994549166450687,2.5566248860382333e-05,0.00026213134391915696,0.0002572349326387083
5,mlp,8099,6,6,0.0014418865755645258,8.585447824654712e-05,0.0006206285654347142,0.14996479999926696,0.03163129501042298,0.0006327598399793017,0.815622775531085
5,mlp,665,5,5,3.180505224079731e-06,1.7345903379829873e-08,7.828933240387153e-07,0.0003841751750057241,4.673125475605057e-06,0.9996002566166313,6.914338435853926e-06
5,mlp,8470,6,6,0.00030443720765909496,5.725060148774544e-05,0.0004764060122416624,0.033754012103135084,0.006129480643753655,0.0004893825346827006,0.95878903089704
5,mlp,2019,5,5,0.16885944020304838,0.0002215125815460704,0.16832109094847442,0.00011972396637565642,0.0026379446099148653,0.6257125380575217,0.0341277496331189
5,mlp,4355,2,2,0.00019029408569026218,3.5967412383497593e-07,0.9943895434742028,1.1711374003676604e-10,0.00539808801672151,3.5534779003362914e-06,1.8161154247541505e-05
5,mlp,270,5,5,1.0424742085204541e-08,3.290054500412823e-09,2.2196543504934828e-07,0.0003097920524197061,8.240597686232964e-07,0.9996805997949044,8.548412675702294e-06
5,mlp,11906,3,3,2.1222373064556683e-07,3.5059648845788726e-06,7.721186980771648e-07,0.9898505988063132,0.000351239832514291,0.006630075313634123,0.003163595740224818
5,mlp,3891,2,4,0.00015550336189230899,2.8684867238056645e-07,0.05498840274103445,4.840912887698669e-07,0.901058553026062,2.41129610182894e-05,0.04377265697003192
5,mlp,3920,2,2,0.0028715174820145893,5.023587139835542e-06,0.7724940079536372,3.577634289799451e-06,0.06190296101693837,0.004249223941897373,0.1584736883840829
5,mlp,5726,4,4,3.526913182523029e-10,1.8991390298213797e-10,6.935096269344384e-07,1.8181863967626238e-07,0.9999659973932365,1.1366622616055193e-09,3.312559922945827e-05
5,mlp,5120,2,2,0.00040716074649275037,0.00030297661727892355,0.9992700425105432,6.895863932557622e-12,1.864337399854904e-05,1.1752677911741031e-06,1.4769994102634118e-09
5,mlp,6835,4,4,1.8356528676418325e-07,7.529142498533222e-09,8.111456753350081e-05,8.769753222207791e-08,0.9998335509753031,1.7170818695146875e-06,8.333858333221179e-05
5,mlp,1216,5,5,6.202307674131133e-05,3.578196462138451e-08,5.084478699864454e-07,0.0001415777911155052,1.1910302365998553e-05,0.9997830112974113,9.333025311829445e-07
5,mlp,995,5,5,1.8038054074923953e-06,3.634839976338968e-08,6.3451126753652135e-06,0.0004168584824599155,3.860860390842072e-06,0.9992977082895119,0.00027338710115479894
5,mlp,2364,0,0,0.9981940415536729,2.2076503695880237e-06,0.0016471906903196452,2.687963273360745e-07,9.838870413274792e-05,3.065021801213827e-05,2.7252387165633428e-05
5,mlp,11419,3,3,3.4564716691157326e-08,1.0548492277000217e-06,7.126213493895506e-08,0.9978465698792383,0.00013838905633656705,0.00030696768360097563,0.0017069127047451066
5,mlp,6830,4,4,1.9734243060127317e-05,2.373656148836468e-08,0.0005420874743361353,3.849706585459553e-07,0.9930866969646805,1.0823516243617254e-05,0.006340249094459791
5,mlp,5601,4,4,7.86851773704827e-05,3.918988497212622e-05,0.00021914584624520373,0.07811616263687036,0.6848522374005983,0.00045386193012765535,0.23624071712381586
5,mlp,11673,3,3,7.143630963896657e-06,3.421865991482164e-06,3.954644614354485e-06,0.9830281566985856,0.0002356254236087465,0.0034174839874783498,0.013304213748757437
5,mlp,714,5,5,1.4625465262525479e-08,1.1435779829102532e-08,7.028517558836502e-07,0.0002745246665111144,1.7169004962214757e-06,0.9996768990785821,4.6130441409491824e-05
5,mlp,11748,3,3,2.9180266279743893e-07,2.398267428749123e-06,9.241546738186457e-08,0.9852521108865055,0.00042293157737582356,6.713269410403203e-05,0.014255042356455805
5,mlp,6595,4,4,0.00013423595855416399,1.5957448876544883e-06,0.0037245761377024456,5.1774722344602314e-08,0.9938225065673489,1.5351246941331864e-05,0.0023016825698432336
5,mlp,10258,3,3,3.2243409539319036e-10,4.1045193015208e-07,2.886011481010051e-10,0.9998184783085573,0.00013085141321310216,2.459357246978641e-06,4.779985801725691e-05
5,mlp,7064,4,4,0.0036102086590914266,3.656858628036791e-06,0.2945444414011598,5.017877495889103e-06,0.6437107929424601,0.001730653278183499,0.05639522898298126
5,mlp,3548,1,1,8.493810904285475e-09,0.9999999451649505,4.591697551640287e-08,3.720704349263966e-22,4.2426156385922124e-10,1.5818997015356286e-15,2.2591708247584587e-31
5,mlp,9341,6,6,0.001174926665929711,5.718070692041816e-06,0.00288440332456059,0.0006727083075369368,0.024808767012216168,0.00047935838565217305,0.9699741182334124
5,mlp,13145,3,3,1.6704502334744915e-05,5.364128709961577e-05,4.070825913685352e-05,0.7545081193680827,0.00605223218870873,0.002671762669997315,0.23665683172464008
5,mlp,10080,3,3,7.766985307616596e-11,6.017930743693607e-08,1.0020028507903564e-11,0.9999123708247221,4.938227037273881e-05,1.9997422430109994e-07,3.798666368360451e-05
5,mlp,10183,3,3,1.1838164946405096e-10,4.140328420801226e-07,3.497288883002308e-11,0.9997293980452538,0.0002541195330570015,1.8974047746594545e-07,1.5878495014826956e-05
5,mlp,4290,2,2,0.0658568076501178,2.92177575466895e-06,0.9319187192141214,1.027064984238306e-08,0.0021011798659383287,1.4759036405653456e-05,0.00010560218701236715
5,mlp,5640,4,4,2.7475044507510316e-08,9.280473992028396e-08,2.2978519741031243e-06,3.333346195497079e-05,0.999773365225213,8.082604047796099e-07,0.00019007492066859066
5,mlp,10880,3,3,1.0028152160068065e-09,3.514186708794748e-07,3.486486601319258e-10,0.9997288385637348,0.00012053739474180804,5.234307180207567e-06,0.00014503696420848088
5,mlp,5098,2,2,0.00022209189638956416,9.16908327494407e-08,0.9988265066368418,1.8994226795273877e-14,0.0009512914663754894,1.5740711989285287e-08,2.5688294078773447e-09
5,mlp,1659,5,5,0.0003061684319408619,7.862752855804531e-06,0.0009733984394448031,0.005958457247746318,0.00022384561682333373,0.9578695679683216,0.034660699542867254
5,mlp,5332,2,2,0.008401215048421404,0.00022092900668196664,0.99133884720863,1.3744580092710729e-12,3.796699864311847e-05,1.041520929146267e-06,2.1531994943941158e-10
5,mlp,1356,5,5,0.00018330081340447866,7.983404507596911e-07,9.377881792022148e-05,0.0019970342248650497,4.2892793319237615e-05,0.99633155179005,0.001350643219990229
5,mlp,10492,3,3,7.4206036386396e-10,4.5168117362217603e-07,7.610662991328202e-11,0.9997012506095346,0.00020723503163274488,5.952977596842326e-07,9.046656173220774e-05
5,mlp,2064,0,5,0.337361490738862,1.2268556291917196e-05,0.0004104192647748025,0.0003959904091822256,0.0007096382296896467,0.6609997601235206,0.00011043267767894378
5,mlp,10082,3,3,5.555319053802006e-11,1.6162579927173923e-08,2.1100450456466856e-11,0.9999540668779905,1.078438693084318e-05,9.471515319161665e-07,3.418534431317944e-05
5,mlp,157,5,5,2.74106304930048e-07,6.526175934067446e-07,3.355050720833163e-06,0.11535746931498278,0.00010999431687199918,0.8823577162348634,0.002170538358662681
5,mlp,5230,2,2,9.942476477192466e-05,3.9783410466586993e-07,0.9997835847890119,7.854757019735206e-15,0.00011655413010905798,3.8058936262394697e-08,4.23058350204362e-10
5,mlp,2411,0,0,0.9999949183635699,1.1303420498991345e-09,1.6618346315015922e-06,1.5704172529623217e-09,2.5270553459679287e-06,8.768085965530924e-07,1.3237096743952827e-08
5,mlp,9356,6,6,0.00033703907327637045,1.1146173422404906e-06,6.544547323636567e-05,0.0013301817086860451,0.006987377021798442,0.0008957986364837742,0.9903830434691768
5,mlp,10656,3,3,8.013677889693182e-08,1.3965106633288488e-06,1.153361535501284e-08,0.9994036812482695,7.814031960998944e-05,3.333581350957568e-06,0.0005133566697119596
5,mlp,6614,4,4,0.00028227767968728686,3.7606652713470673e-07,0.00360046560011083,1.2476740551917876e-05,0.8516362066739271,0.00019881839825952024,0.14426937884093619
5,mlp,11874,3,3,4.3609094875638786e-07,6.236626981648037e-06,1.656839916372886e-07,0.9946768621293536,0.0005147338681149784,5.553342425142428e-05,0.004746032176357794
5,mlp,783,5,5,2.566304090795513e-08,1.893541159384904e-08,7.964964033772579e-07,0.0005127975156887442,3.012191245571149e-06,0.9994308477605617,5.2501437648112375e-05
5,mlp,13101,3,3,3.935533082691872e-06,2.086363459453956e-05,4.6358628660755356e-06,0.9243164495445257,0.0013308403194062031,0.0016224252773063997,0.07270084982821817
5,mlp,3651,1,1,7.834516331435996e-10,0.9999999872319448,1.19108303598265e-08,1.9002523138072046e-23,7.377202316860011e-11,8.068017119062857e-16,4.360262692327086e-33
5,mlp,11280,3,3,5.971512557815949e-09,5.731746692965314e-07,8.733877087669372e-09,0.9989903974834621,0.00011732950307462872,9.175934073503929e-05,0.0007999257926691052
5,mlp,11988,3,3,3.4363362626774075e-07,2.3774875634670065e-06,1.2147102291338114e-06,0.9566318136156625,0.00033209252589168873,0.02452734027949901,0.018504817747527918
5,mlp,810,5,5,1.7379294172554595e-08,1.4697738430428167e-09,7.73295479669434e-08,2.4886282398799263e-05,2.867628290042464e-07,0.9999743601970887,3.705790675329454e-07
5,mlp,1986,5,5,0.0009431835571692726,7.267052444019456e-06,0.003349371106071852,7.502692077737295e-05,0.00012539796102993114,0.9912951762677139,0.004204577134793626
5,mlp,6457,4,4,0.0006741315024395579,4.847231197870362e-05,0.07609198470661978,2.0038961216017612e-06,0.7897998582108805,0.0003809553620854186,0.13300259400987446
5,mlp,729,5,5,8.292736894175779e-08,6.682442720449773e-09,6.455095267194176e-07,0.00016643965321739407,1.1235999207412642e-06,0.9998116432618064,2.0058365717039812e-05
5,mlp,627,5,5,2.0887525320859416e-07,1.1625998117845118e-08,1.0931272591516586e-06,0.0004006735599829691,1.9662664634492745e-06,0.9995574243140448,3.8622230998182385e-05
5,mlp,4455,2,2,0.007950329057331078,5.674819472492828e-07,0.9875884474858714,5.0991431585779514e-11,0.004458896642590896,1.894632657319945e-07,1.5698180022787963e-06
5,mlp,11591,3,3,1.5242151845558462e-08,1.157693054458991e-06,1.3951924453301335e-08,0.9985977870196712,0.0001740875269238868,6.51706386872939e-05,0.001161767927586632
5,mlp,3456,1,1,4.329915509713207e-07,0.9999993045987092,2.59417042034202e-07,8.440332646444222e-20,2.992380669308732e-09,3.170666123910597e-13,2.5159934830540494e-28
5,mlp,10394,3,3,4.951049645188421e-10,1.5406449432992896e-07,1.4026914892579646e-10,0.9998360865433324,5.578721359186168e-05,1.5837307859737522e-06,0.00010638781242146185
5,mlp,10446,3,3,2.550026667674817e-10,1.3538612679086767e-07,2.0374236520364975e-10,0.999885642050606,5.136854923684992e-05,5.907520010911752e-06,5.694603527447077e-05
5,mlp,10155,3,3,1.3837149678589071e-11,5.379932526353064e-08,2.361063104797661e-12,0.9997891271699273,0.0002075558323249305,1.1598284519868391e-07,3.1471993790271284e-06
5,mlp,7568,6,6,0.00010474713364642297,3.2778205139584576e-05,1.6631408627059334e-05,0.47625764600368825,0.0038397825820699265,0.0006029307117116667,0.5191454839551171
5,mlp,4595,2,2,6.16495641439061e-05,7.316829147101297e-07,0.9993520959290053,2.9661407985663386e-11,0.0005729553601290222,1.0258102033179785e-05,2.3093321124440423e-06
5,mlp,11352,3,3,1.851533043802376e-07,1.293759242878283e-06,1.6081782395668994e-07,0.9967491389861438,0.00010838450736366669,0.00021942194519862968,0.0029214148309225805
5,mlp,11324,3,3,1.0655567702016781e-07,2.4450964496196624e-06,6.023354992061303e-08,0.9972515730045778,0.00029551865975593135,3.309455296014842e-05,0.0024172018970296575
5,mlp,2867,0,0,0.9993345627078033,4.828677621579862e-07,0.00065778198510685,2.9183832069962917e-10,6.737452037948958e-06,4.2592434749353686e-07,8.771103774426909e-09
5,mlp,9503,6,6,0.00014936691932851797,3.3877045856301953e-06,0.00040490847879135313,0.0017958282232984004,0.004421351859636739,0.007764955722188807,0.9854602010921706
5,mlp,5477,2,2,6.921920184433223e-06,2.9982029792875603e-05,0.9999093631675,9.199871406237063e-16,5.37298641707387e-05,3.018031232053077e-09,3.1990665514658856e-13
5,mlp,5974,4,4,1.3718715473594382e-05,2.3823551429944619e-07,0.0006695201570086133,9.970429983027468e-06,0.9371012059225323,5.51601840060171e-06,0.062199830521087726
5,mlp,3855,1,1,5.4364938275979266e-14,0.9999999999998872,2.931374101661082e-14,2.2557789118894726e-30,2.908196636610298e-14,7.79720664322485e-23,9.841958493065711e-46
5,mlp,9924,6,6,0.2594028314774771,1.8835101899153075e-05,0.029120585491091762,0.0002966149653559456,0.004148357798808724,0.016659005932896494,0.6903537692324707
5,mlp,2858,0,0,0.996374463238136,1.8442642315937326e-07,0.003382527344885247,1.42196562649297e-09,0.00024245686442953067,1.0605070041495044e-07,2.606534601585487e-07
5,mlp,6638,4,4,2.3516454467079446e-06,1.9778806669961417e-09,3.845648171871672e-06,4.844468988555764e-07,0.9997310228643909,8.156162242393058e-07,0.00026147780098685934
5,mlp,3430,1,1,6.52610557592209e-07,0.9999921149505948,7.17961365796783e-06,2.0968291145551734e-19,5.282483891471491e-08,3.5070165427044033e-13,3.362287728263258e-26
5,mlp,3247,0,0,0.9999950163848723,1.5497115134908278e-09,2.688086936346144e-07,1.7678457085607934e-12,4.7131647802921634e-06,8.824818773452612e-11,1.9262125590658914e-12
5,mlp,12375,3,3,1.6113580722662658e-06,1.4240877357433521e-05,5.9304433968783e-07,0.9864138206178859,0.0009202794389564768,0.00011923624989560918,0.012530218413492729
5,mlp,6109,4,4,9.395843251401947e-06,6.927957662525446e-08,3.747595786132178e-05,1.929862838472089e-05,0.9950172536628012,8.048941263247415e-06,0.004908457686861439
5,mlp,7123,4,4,0.00039238478992946344,5.857101854679843e-09,0.0007733516547308965,1.5598118226893266e-08,0.9988036115521702,1.8165330748715522e-07,3.044889464184202e-05
5,mlp,10902,3,3,5.882634271613822e-08,1.2734009877204757e-06,2.345427899486538e-08,0.9987293335637968,7.895755188120826e-05,1.663224250997889e-05,0.001173720960202633
5,mlp,1353,5,5,0.0003043686250261226,2.606021771536352e-05,0.0005161178136412323,0.07974425620668073,0.000709078707168466,0.8711933816001622,0.04750673682960589
5,mlp,8720,6,6,0.0007569132332323402,2.3632233616400357e-05,0.0007733988115283887,0.014104252740256937,0.006916329337365674,0.0006145292507647582,0.9768109443932355
5,mlp,261,5,5,5.481446464532297e-10,2.7546135096132363e-10,2.202219075886446e-08,2.998648860582743e-05,1.099783510820403e-07,0.9999694936720314,3.870152150651708e-07
5,mlp,4959,2,2,0.00010024716109110586,6.654907068797337e-07,0.9995677847337571,7.55480821276761e-15,0.000331271938075776,2.861838099463197e-08,2.0579806714826144e-09
5,mlp,9239,6,0,0.7387078561262067,1.1407517574746626e-05,0.003756972430611071,0.0030772616896766894,0.004124482727638634,0.01832900920940798,0.2319930102988842
5,mlp,4330,2,2,0.003188284945217951,6.136081015583329e-07,0.9925751639908502,7.585479914914131e-11,0.004229787786062865,5.043446612156386e-07,5.6452492512993065e-06
5,mlp,2114,0,0,0.7810480853539604,7.380432845438657e-06,0.008048569104052173,0.00027596319419557515,0.01354441697278827,0.011363956528881858,0.18571162841327618
5,mlp,7526,6,6,0.00025684398276597573,6.797575614964202e-05,0.00013266229309467301,0.22980464587165203,0.0032444801215656066,0.00035383575183411877,0.766139556222938
5,mlp,9220,6,6,0.0008417077306432386,3.465266211761632e-06,0.0006027588971857405,0.000528928547446773,0.001380726984602826,0.0002281848672092064,0.9964142277067005
5,mlp,11088,3,3,8.999073118546108e-09,5.73196390263018e-07,3.893112690883732e-09,0.999242547237414,9.760622949415981e-05,1.858127781789434e-05,0.0006406791666980579
5,mlp,5985,4,4,5.139594104379543e-08,1.960030435612958e-09,5.0060488741863e-07,5.598481927284334e-06,0.9992580488905306,1.463863636001258e-06,0.0007343348030471783
5,mlp,7701,6,6,0.00024136124920345263,4.39841792900871e-05,0.00018533903981251417,0.2107467792381117,0.004265232815477562,0.0007710890563349965,0.7837462144217696
5,mlp,6256,4,4,1.7426667818044616e-07,1.7349253563424358e-09,6.601150847574385e-07,3.432885164601455e-06,0.9994838413758855,2.661492323640433e-06,0.0005092281299379966
5,mlp,12243,3,3,1.6836612490180123e-08,2.087086116775813e-06,2.2130220000045337e-08,0.998201498874732,0.0003311109364047944,0.00016401432880773205,0.0013012498071059556
5,mlp,7202,4,4,0.0001313836482783023,2.2622889723082033e-06,0.10145018105315864,2.194359784019895e-10,0.8983371270604262,4.769663440456722e-05,3.134909532403371e-05
5,mlp,6911,4,4,4.643515769569343e-06,2.7630001652612885e-09,1.8662535230946964e-05,2.1302921936620696e-07,0.9995204273078614,3.5017243001356637e-06,0.00045254912461851023
5,mlp,13197,3,6,0.0005599180711277598,3.723867488176965e-05,5.0338882908922166e-05,0.10503628078365812,0.005739140560141837,0.00027532426537295643,0.8883017587619085
5,mlp,3387,1,1,6.503258774352541e-05,0.9997155728585253,0.00021906694209799718,1.724275612489707e-17,3.2754148529977154e-07,7.014789455234834e-11,5.660266191369619e-23
5,mlp,6949,4,4,2.0358065777993357e-05,9.785584238295311e-09,0.0006829788412990329,2.320240110906248e-08,0.9992126462615802,2.2806147055724908e-07,8.37557818867894e-05
5,mlp,8207,6,6,0.00019888395013410346,6.561219288379755e-06,4.560603952643952e-05,0.043293117368462,0.09653997717357198,0.0004014902211348811,0.8595143640278823
5,mlp,3138,0,0,0.9996882342190248,5.479708332209584e-06,0.00028596588679674276,2.7047360102275724e-10,2.02445340403123e-05,7.49767646985079e-08,4.0456775720893744e-10
5,mlp,1075,5,5,7.385675706874952e-07,1.0608814177126168e-07,5.1629165758580035e-06,0.0008179038062173823,8.171258387038894e-06,0.9990186191994552,0.00014929816365198443
5,mlp,10410,3,3,7.003188510065961e-09,8.36402632413143e-07,2.9225202549197e-10,0.9992106261613782,0.0006836977297329201,3.4727808416259603e-07,0.00010448513273165686
5,mlp,3996,2,2,0.11848469516793735,1.2644091928898414e-06,0.877861373277806,6.097628803047763e-09,0.003303581876715736,8.700309856313848e-06,0.0003403788608629332
5,mlp,4507,2,2,0.006146185430553174,2.6272250056443964e-06,0.9927495766233628,4.917765282133703e-10,0.0010849795742477754,3.106704932289199e-06,1.3523950121743821e-05
5,mlp,11831,3,3,1.4205278902142563e-06,3.962526637709508e-05,1.0403191188492743e-06,0.960746419256152,0.005455545906492549,2.4657955763567453e-05,0.03373129076820546
5,mlp,12271,3,3,2.3332425813642984e-06,2.1907789284245382e-05,4.136845849244695e-07,0.9742620870600427,0.0015450790175656798,5.574650866060437e-05,0.02411243269728044
5,mlp,3109,0,0,0.999979833038282,7.200946081893142e-06,4.179014427686912e-06,2.228740472898442e-09,7.065810698674712e-06,1.7188727558095747e-06,8.901381758412779e-11
5,mlp,1810,5,5,3.416448563136163e-05,4.8027888624252415e-06,0.0003096959408314517,0.0014406812365746191,0.00016567927835907568,0.9930371100791595,0.005007866190581648
5,mlp,11143,3,3,6.928430829450674e-08,3.4832853374580795e-06,2.7714539146615523e-08,0.9976722159866945,0.0012534396841027554,5.1941837451564495e-06,0.0010655698612724123
5,mlp,5041,2,2,0.07103261508093987,3.7281953736702413e-06,0.9286171139972649,3.59885052552577e-12,0.00034439387512841133,2.112759359610904e-06,3.6088334643338e-08
5,mlp,6025,4,4,3.643217974691293e-05,7.834402508643507e-07,0.00015193739652988162,0.00010130079064146336,0.9949733966934359,1.4335113377520569e-05,0.0047218143860173764
5,mlp,8897,6,6,0.0009579546616327799,1.4813614160299193e-05,0.000184086443266309,0.00957521975957212,0.001127984429260195,0.002026777793053299,0.986113163299055
5,mlp,11261,3,3,3.74243397023445e-08,4.831550584468664e-06,1.9320692052016233e-08,0.9981255558783175,0.0009101721831832583,7.439192118091559e-06,0.0009519444507648945
5,mlp,7852,6,3,0.00018188486944644943,9.927433461708397e-05,0.00012314356081070363,0.5221551716419155,0.0034767178692122103,0.0025695956029697445,0.4713942121210284
5,mlp,2982,0,0,0.9986820165411503,1.4315942154151168e-05,0.0012901660221536564,1.5734972672691e-09,1.0660209294351216e-05,2.8356946019293277e-06,4.017148179493017e-09
5,mlp,3614,1,1,9.926773676851671e-10,0.9999999977769825,1.1593199020285213e-09,6.907886330385412e-23,7.102012826872781e-11,2.5747350167002217e-16,1.6155001965843866e-33
5,mlp,12705,3,3,3.9489338733500403e-07,5.617177680086188e-06,3.287905376849167e-07,0.9598760375095433,0.0006297369584727608,0.0005009630316317532,0.038986921638746924
5,mlp,12917,3,3,3.8169372185375665e-05,5.368441227166629e-05,2.25821377246336e-05,0.804307563637636,0.004629193538092402,0.0005366173727715197,0.1904121895293185
5,mlp,175,5,5,2.0714083956043716e-09,5.297310901931242e-10,4.3565326708727334e-08,8.786048589215843e-05,2.1383089791296266e-07,0.9999107213773307,1.1581394128796954e-06
5,mlp,5078,2,2,0.0002859584384893031,1.9511737053890264e-06,0.9996247360433418,1.472972013726661e-13,8.733922366582391e-05,1.3711731278288009e-08,1.408918935176597e-09
5,mlp,4029,2,2,0.001871775736924609,3.030292899140465e-06,0.9959599494958414,6.78479943540601e-09,0.0014294317173333287,0.00014051651441309584,0.0005952894577888
5,mlp,1695,5,5,1.1231685496883525e-07,1.0165774844386538e-07,6.112941962877752e-06,5.062982521856289e-05,4.173375198525807e-06,0.9999040435665515,3.482631646518623e-05
5,mlp,1263,5,5,3.278449185927622e-08,2.7414259364705897e-08,2.117237442541328e-06,9.583368117628618e-05,2.0163043090750466e-06,0.9998831519529078,1.6820625412901946e-05
5,mlp,2445,0,0,0.9997986397732762,8.6709053212519e-09,0.0001840830575171131,1.1265278470193407e-09,1.657120199151136e-05,3.606526242962831e-07,3.355171576344718e-07
5,mlp,4446,2,2,0.00015993351734971357,3.3156866433642674e-07,0.9990275996143327,9.903663048654373e-12,0.0008101701486329029,2.894463365463323e-07,1.675694780058184e-06
5,mlp,6469,4,4,0.0002916129296483492,3.020750618217653e-07,0.0016330939278805664,9.260820232717765e-06,0.9172650231451552,6.000125187647175e-05,0.0807407058501448
5,mlp,160,5,5,6.065187437727221e-10,2.471023423425594e-10,2.4053017132181023e-08,4.084408030402213e-05,1.0493910012610453e-07,0.9999582965595056,7.295144519862762e-07
5,mlp,13136,3,3,1.3347146435965419e-05,2.956137922068709e-05,1.3032458793074898e-05,0.9124404388475402,0.0033549680812755816,0.0013254732546272802,0.08282317883210703
5,mlp,10179,3,3,3.404831719475076e-10,2.8585331579760184e-07,5.0536738170226214e-11,0.999900920570113,7.562471781577196e-05,2.771221832573788e-07,2.28913455523125e-05
5,mlp,9154,6,6,0.004868902591692801,1.1017151751849264e-05,0.002974787931726858,0.0010609758501856183,0.0048001721918992666,0.00037322391582300977,0.9859109203669205
5,mlp,931,5,5,2.6768708609776444e-08,2.2281519062747297e-08,1.3607039270192104e-06,0.00019975114875886614,2.1154884872656674e-06,0.9997762743016835,2.044930691571939e-05
5,mlp,10241,3,3,5.757159005104476e-11,1.3508734756114023e-07,2.7887032403207932e-11,0.9998357328986255,0.000153875810714131,7.837299023638384e-07,9.472387951853085e-06
5,mlp,6208,4,4,1.002985985430583e-06,1.7008369122367363e-08,2.143014973301181e-05,2.1638377297154547e-06,0.9989461041257949,1.6907445156405634e-06,0.0010275911478721017
5,mlp,12800,3,3,4.034703104088564e-07,7.564415097884218e-06,2.442761934988201e-07,0.9789023677521203,0.0013216910411187088,0.0003668827228132287,0.019400846322345896
5,mlp,2848,0,0,0.999449488561817,6.395720077762459e-06,1.8379690985676494e-06,1.0927166883245779e-08,2.4599481827349276e-05,0.0005176669999983259,3.4001420412925366e-10
5,mlp,9770,6,6,0.002304329548137618,4.459935101510236e-06,0.005305748150588104,0.00039156347542254334,0.001115793104378178,0.018692839739721412,0.9721852660466508
5,mlp,13224,3,3,1.6554585823598295e-05,4.8718892635770296e-05,2.194359988035131e-06,0.8393099062014665,0.00914446007058949,0.0003937691430938823,0.15108439674640278
5,mlp,11569,3,3,2.425715605293424e-07,4.622235265643294e-06,2.0939672003632688e-07,0.9937351532959676,0.0003152574936888605,8.794374441983207e-05,0.005856571262377614
5,mlp,5627,4,4,2.981905963766203e-07,1.4698955337347127e-07,2.3721982026595883e-06,0.00022567689213380844,0.9988460733073744,2.882793266940508e-06,0.0009225496288724285
5,mlp,7046,4,4,8.093114044359717e-06,5.383656364161578e-09,0.00014220727955027815,5.987795792194028e-08,0.9994679492250762,1.549541205251571e-06,0.00038013557850970556
5,mlp,10,5,5,2.4700520675269278e-09,9.026505957933215e-10,2.812185264133621e-08,0.0008061446888882294,5.147579367737306e-07,0.9991914505906486,1.8584679711115397e-06
5,mlp,1929,5,5,2.516180830261204e-05,1.2502648364079085e-06,0.0003310373347864204,5.825608346068796e-05,3.310993332120194e-05,0.9989314290772093,0.0006197554980833265
5,mlp,10352,3,3,3.6911848499345037e-10,5.9156953154198344e-08,3.7452050591550686e-09,0.9991339576115771,2.236791518331326e-05,0.0007238662900191365,0.00011974491194356986
5,mlp,8196,6,6,0.0006283064484727774,3.4995673373407184e-05,0.00027383566460390695,0.031670500280239995,0.00512684378470992,0.0003165683278574422,0.9619489498207426
5,mlp,7532,6,6,0.00016274157550665976,4.616303655958082e-05,9.624857528522517e-05,0.43314125836982803,0.0075747754083974415,0.0005480865633016878,0.5584307264711214
5,mlp,8695,6,6,0.0006574926509402142,1.5090975775854853e-05,0.0007611346719014714,0.017424882459421538,0.0029939878796962738,0.0015090752372249124,0.9766383361250396
5,mlp,8497,6,6,5.296956767844666e-05,3.012156934975601e-06,2.4141192165157584e-05,0.004058740042035519,0.0021908907023894648,0.00016697631216672608,0.9935032700266296
5,mlp,2173,0,0,0.9984930111449362,6.389027328686635e-07,0.0010896850396801964,1.418177460427282e-06,8.681322457117185e-05,0.0002810766014056657,4.7356909213384295e-05
5,mlp,227,5,5,1.400646899123787e-08,4.134208988331381e-09,2.289311732689843e-07,0.0004893140270112007,1.1209684236580547e-06,0.9994913430531103,1.7974879603627698e-05
5,mlp,3641,1,1,2.3241557470720766e-09,0.9999999711140286,2.641891101853879e-08,2.3879609067067723e-23,1.429034769864798e-10,1.2803668949563185e-15,9.138531213228541e-33
5,mlp,7112,4,4,4.868830678879369e-07,1.1213341765177436e-09,8.322139400368559e-05,1.0225597597457216e-09,0.9996993678566253,1.919943749543958e-07,0.00021672972803429374
5,mlp,8310,6,6,0.0005617943306889557,9.92493304334832e-05,0.0018420311449809576,0.10717049263762465,0.002900161603366248,0.14175022395283177,0.7456760470000738
5,mlp,2685,0,0,0.9998758602000588,4.5136648014053554e-06,1.2465857576795774e-05,2.3867460432139903e-08,2.57214163128049e-05,8.140815092930542e-05,6.842860562014472e-09
5,mlp,7321,4,4,3.531456603063255e-05,1.231171120115367e-08,0.007676208080301455,1.0944099025984979e-09,0.99226506466832,2.6053795402850797e-07,2.3138741272876307e-05
5,mlp,13195,3,3,3.453875429604692e-05,2.5185361968044144e-05,8.42248436116633e-05,0.5545558907566268,0.0013789054519918666,0.3396587205104935,0.10426253432101186
5,mlp,965,5,5,1.0311109711008539e-07,2.7767511590944395e-08,2.655686045554778e-06,0.0003683062807772645,2.9329534663875554e-06,0.9994810564438882,0.0001449177572138334
5,mlp,4841,2,2,0.0003207477646395325,3.0575434212743326e-06,0.9996092280012042,1.1266922280883739e-11,6.020020959981586e-05,6.63014752096523e-06,1.363223473169897e-07
5,mlp,1363,5,5,6.136046776072255e-09,1.6681697924134056e-10,8.350880101732819e-09,1.0224704830712655e-06,4.312277173820872e-08,0.9999989157852671,3.96773424859271e-09
5,mlp,4657,2,2,0.0002571581730732711,3.094135529214236e-06,0.9996709244111939,1.3266062673912512e-11,6.757636312602817e-05,9.46860105701391e-07,3.000437060246844e-07
5,mlp,4277,2,2,0.0009925377243402956,9.57186863520171e-07,0.9781195838571453,5.389293920324307e-09,0.020484893121589267,0.00019140641237861292,0.00021061630838915338
5,mlp,9311,6,6,0.0016456217981453377,1.013535089573485e-05,0.002031135308699787,0.0036594065218098137,0.004043850848326303,0.0023825242560572618,0.9862273259160658
5,mlp,8073,6,6,0.0005128694470878669,2.5829071307684102e-05,0.0006525303372011722,0.06271119399156028,0.0010614630367856363,0.010744673661335257,0.9242914404547221
5,mlp,6985,4,4,5.987332349016479e-08,1.7499863200490756e-10,6.183108533228029e-07,4.2524359602290675e-08,0.9999228707000457,1.4808644450668027e-06,7.492755197408854e-05
5,mlp,11310,3,3,2.9323834023765784e-09,4.0480313981540164e-07,3.936136103077704e-09,0.9990832861227438,0.00010632082522266621,6.258062293918918e-05,0.0007474007574348493
5,mlp,8025,6,6,0.0006455811274160473,5.464480411885933e-05,0.0004099370281092401,0.04266364408454514,0.0061153697579881035,0.00026052083612374867,0.9498503023616989
5,mlp,3294,0,0,0.9956733610663379,4.544775168548512e-05,0.004199544213548819,8.291565135924874e-12,8.162669273971136e-05,2.026131428863993e-08,6.082512110494789e-12
5,mlp,7838,6,6,0.0010860107707954887,4.7106004292428805e-05,0.000232091711622447,0.06247332408154751,0.001619602878216391,0.0005007705027240808,0.9340410940508017
5,mlp,3355,1,1,3.884497581154113e-05,0.9999141604673959,4.682792758391701e-05,1.8170845515710353e-16,1.6626044810366933e-07,3.6876022682958723e-10,2.5264130846975457e-22
5,mlp,1103,5,5,1.101702384428143e-07,1.2177969332219737e-08,1.7318695327809442e-06,0.00011573949606138665,1.3597661645123228e-06,0.9998542907650837,2.6755754949833185e-05
5,mlp,1445,5,5,0.00029500681053539396,5.904712143160164e-06,0.000456812442871867,0.013883693495282953,0.0002484337603428878,0.9096983583036786,0.07541179047514508
5,mlp,12045,3,3,4.384424793025284e-06,4.0836630942031246e-05,2.203655777932063e-06,0.9111101450782958,0.005646751352074101,3.92405503489851e-05,0.08315643830776817
5,mlp,4727,2,2,0.0013619609114323007,1.4258372532177363e-06,0.9981070207728587,4.676146233747918e-11,0.0005273794662090328,9.61585358224277e-07,1.2513801272351213e-06
5,mlp,87,5,5,5.478990988067915e-07,2.3957494915395146e-08,8.563570240698257e-07,0.005071148398088508,6.472701779987019e-06,0.9948764060627558,4.454462375795467e-05
5,mlp,1105,5,5,4.6172105113174124e-07,2.672626916436556e-07,8.921559660454195e-06,0.0020565791860459653,1.8635759363554323e-05,0.9975460739968435,0.00036906051434378164
5,mlp,9661,6,6,0.015009734314598453,1.0265853948816113e-05,0.012493826452602816,0.0004830788350991249,0.0005671571483770896,0.020690371699445154,0.9507455656959285
5,mlp,1313,5,5,7.074351268865388e-07,2.3099016918330625e-07,1.7127013166380696e-05,0.0006359034539128337,1.1467015520530684e-05,0.9990110879801428,0.0003234761119613599
5,mlp,11328,3,3,4.71244623488113e-07,6.152333647023938e-06,1.3104021444618545e-07,0.9950164198146455,0.0005652321441673423,1.466654816810413e-05,0.004396926874534095
5,mlp,4204,2,2,0.004815479477110605,1.2104418697906932e-06,0.7608119471672149,1.1602919624840835e-08,0.23319970886778355,0.0005078149017790002,0.0006638275413226283
5,mlp,10004,3,3,1.5914254699846566e-12,3.4093312675867993e-09,2.228961410232871e-12,0.9999918419661826,4.974792117179142e-06,1.0244599391748125e-06,2.1553686093321755e-06
5,mlp,356,5,5,2.8974095883872722e-08,2.2469550905559097e-08,9.680773915993319e-07,0.0015066598568377716,3.7377807283083822e-06,0.9984085121323131,8.007070908236575e-05
5,mlp,4762,2,2,0.000171790802483078,7.227239999332427e-07,0.9994212520702489,1.2225881660387113e-12,0.0004060897154436805,6.504425674486019e-08,7.964234507345521e-08
5,mlp,7041,4,4,9.814216225717574e-06,2.2841192835219452e-08,0.010520347443952078,1.045931301752835e-08,0.9881263456112332,1.94828635455224e-06,0.0013415111417284565
5,mlp,9059,6,6,2.87573055165383e-05,1.1589073078100423e-06,4.406569823021176e-05,0.0011751374797830136,0.021059337091645064,0.00031876301318513816,0.9773727805043322
5,mlp,994,5,5,1.8894067951805745e-07,2.4012414875985324e-08,2.309098113070457e-06,0.0003238810182941154,2.685642113882335e-06,0.9995926036436236,7.830764476108553e-05
5,mlp,3577,1,1,2.5748086489227305e-08,0.9999998832588309,9.085812802000176e-08,3.9945840062750678e-22,1.3480129501950515e-10,1.5353047833180788e-13,2.013673042172222e-31
5,mlp,5494,2,2,0.003649313345741286,0.013693905581656278,0.9823839253756815,2.44548259756398e-13,0.000272613251673639,2.424443689696588e-07,6.33846073192034e-13
5,mlp,5238,2,2,4.629798480260359e-06,1.2456290880476744e-06,0.9999191695627914,8.439702402742666e-15,7.49391695553814e-05,1.5659521160383695e-08,1.8055525547567696e-10
5,mlp,7806,6,6,0.000158212651344752,2.916429680082275e-05,2.673473607077193e-05,0.06257889126778433,0.009127953083469073,0.00017705818902587117,0.9279019857755044
5,mlp,6080,4,4,1.2607715605429341e-05,1.8185713013747308e-07,0.00022624752432468177,1.3814149053906592e-05,0.9846498373011975,1.4126509057921511e-05,0.015083184943630366
5,mlp,6070,4,4,3.162142290945116e-08,4.51279404327603e-09,2.440247852292802e-06,5.33279918039497e-07,0.9998444210889607,2.773684036260099e-07,0.00015229188064838086
5,mlp,7088,4,4,0.00743653850019742,4.1077906976889113e-07,0.19661990180880143,3.266527768714872e-09,0.7957531806391039,5.405876202499596e-06,0.00018455913009709932
5,mlp,4885,2,2,0.007532585018188391,6.212373008323046e-06,0.9923905775724101,3.0427984729105533e-12,6.943275722055829e-05,1.163354751686879e-06,2.892137782158365e-08
5,mlp,2268,0,0,0.999808018315943,3.1098404077993114e-08,0.00014513511124086487,3.939674042277146e-08,4.081410332134159e-05,1.2542730797972501e-06,4.70770127056042e-06
5,mlp,13509,3,6,7.287009933283258e-05,4.536851427617594e-05,0.0002247741784178653,0.46480440263505846,0.005700257084593858,0.031090911045614972,0.49806141644270596
5,mlp,10158,3,3,7.100874656351433e-10,1.0368830335425887e-07,3.4839016654369887e-10,0.9998844431588975,2.1017974671143096e-05,2.1525766759495304e-06,9.22815429744563e-05
5,mlp,8445,6,6,0.01720649059342401,1.9850559378371187e-05,0.0017008141491934121,0.024127142178502203,0.0017554797788312947,0.016866392250953755,0.9383238304897169
5,mlp,8301,6,6,0.0007430236960416804,2.3540335787569027e-05,0.00046572890510026486,0.01596256344377548,0.0035247346738758105,0.00028710070084031497,0.9789933082445788
5,mlp,1152,5,5,6.564821212606445e-07,2.1507654662626208e-07,8.117963361534466e-06,0.0013187332333583187,1.3889845669028516e-05,0.9980300812950089,0.0006283061039343666
5,mlp,13536,3,6,0.00025805188528721623,9.498224162522203e-05,0.0002218189685304945,0.19770187466104938,0.004866505058280367,0.001418768013942989,0.7954379991712844
5,mlp,12237,3,3,5.179846005839728e-08,2.736316680379349e-06,7.47298768139145e-08,0.9924582600820665,0.0003214238411740605,0.0002747433238025037,0.006942709907939723
5,mlp,9513,6,6,0.002823044402209134,2.356921718409051e-06,0.0008653613431459217,0.001291981461595319,0.0010818498626096957,0.021258289603678798,0.9726771164050427
5,mlp,4101,2,2,0.07861258097660276,2.523223080878578e-05,0.9186620805038377,1.236341293063316e-07,0.0007222643915370433,0.0010428520365846415,0.0009348662265000204
5,mlp,9763,6,0,0.97674210784884,5.052790180095379e-07,0.00019461913983049488,0.00021199233052156304,0.01968615445155712,0.0003847259334751522,0.0027798950167576657
5,mlp,1581,5,5,6.166351602543454e-05,6.316546788888239e-07,7.637802260327433e-05,0.0007346631121734237,2.4672413508741232e-05,0.9983503436184791,0.0007516476625312372
5,mlp,6944,4,4,5.788880348603467e-06,5.15623980534018e-08,0.00514307553826356,2.6625330906891226e-10,0.994797570072166,1.5720092977049088e-07,5.335647964089231e-05
5,mlp,9231,6,6,0.0007794558712959556,7.640031261999264e-06,0.002187615706465586,0.0005789375181478612,0.002348610350701465,0.0004587909356475198,0.9936389495864796
5,mlp,5605,4,4,1.28527984585937e-06,2.785311522710296e-07,5.638069030322842e-07,0.004578843935284392,0.9602498111593049,1.7028221574900057e-05,0.03515218906593457
5,mlp,11573,3,3,6.033439374286729e-07,5.1954757501292835e-06,2.77791216809068e-07,0.9919357543666939,0.00021507099295589853,6.553120199014886e-05,0.007777566827455545
5,mlp,1808,5,5,2.7001186829467842e-05,1.8117247067507867e-06,0.00019819957449615765,0.00041012293695018634,5.362127403972995e-05,0.9965281298760229,0.002781113426954949
5,mlp,6268,4,4,1.1295663927474172e-05,1.4049181447490935e-07,0.00036733808661570645,4.350530986250819e-06,0.9968155054083628,5.33182352663011e-06,0.002796037994766626
5,mlp,3913,2,2,0.01059492578905002,5.703134483598593e-06,0.6669340259093334,4.25801578101257e-06,0.17132295031361303,0.0009353249010955497,0.15020281193664348
5,mlp,9975,6,6,0.14292735949310548,4.860121732877545e-06,0.2533651877610681,1.1433784369144314e-05,0.26043788230405124,0.00026854305484059115,0.34298473348083247
5,mlp,4625,2,2,0.002235696671005498,4.33210548232027e-07,0.9533145727052947,7.487931176818182e-10,0.044429568581902563,3.5508948913483046e-06,1.6177187564335677e-05
5,mlp,5198,2,2,3.414243090565323e-07,4.677116411457816e-08,0.9995999735639437,9.740477579213314e-17,0.0003996375321770467,6.825742822836252e-10,2.583194364016298e-11
5,mlp,3450,1,1,9.394607835715648e-08,0.9999985036619786,1.3981116703317714e-06,7.694494971088982e-20,4.279378129443176e-09,8.944155621887145e-13,3.452991180512651e-27
5,mlp,9295,6,6,0.0021559322002359326,4.439862820468035e-06,0.0017225522718494239,0.0005296702163558724,0.0003603232201185812,0.0007334584303944294,0.9944936237982253
5,mlp,3283,0,0,0.9999838950900226,1.5996362460754775e-09,3.0131381311097154e-07,5.945614325784647e-13,1.5801945003849387e-05,5.023656924384898e-11,6.930303143179897e-13
5,mlp,3268,0,0,0.9999994999988759,1.1168181856070912e-09,8.503530389073403e-08,1.6884694360947912e-13,4.135896924652383e-07,2.590637396157565e-10,7.734685096100043e-14
5,mlp,5289,2,2,0.0002366190815633048,2.2734392131427093e-06,0.9997400095932631,9.214216876073212e-15,2.109032692257027e-05,7.512003153416686e-09,4.7025276502507025e-11
5,mlp,1942,5,5,3.5403741255763326e-05,8.032299357073586e-07,0.00014225746876841923,3.775165564757114e-05,1.8877363912794643e-05,0.9994975022393424,0.0002674043011373663
5,mlp,9881,6,6,0.005028877944584258,4.579531296552743e-06,0.0303470971447591,3.257597609788602e-05,0.006225099022659032,0.0007552703550692768,0.9576065000255339
5,mlp,195,5,5,7.607290106152766e-09,2.1601341721534834e-08,4.4811785463172677e-07,0.0017850231144728695,3.928692993411294e-06,0.9981778178346671,3.2753031380102194e-05
5,mlp,317,5,5,1.2643176502754405e-07,5.2707781346031485e-08,1.4867305483604362e-06,0.004491185379456037,9.010201143874089e-06,0.9952547218904157,0.00024341665888966932
5,mlp,4499,2,2,0.016021660794457583,5.1602859249068515e-05,0.9837536598032414,1.535795575017986e-09,0.00010380216063521431,6.616682421899818e-05,3.106022402033164e-06
5,mlp,9244,6,6,0.003134135732048208,8.038290106727403e-06,0.0016109089997283109,0.0019858041369844666,0.0007830569346660578,0.0016096484598993202,0.9908684074465668
5,mlp,410,5,5,3.3575632936372284e-07,1.672366567488618e-07,4.763563981785419e-06,0.008364615306108934,1.9352000906783943e-05,0.990985285563189,0.000625480572827337
5,mlp,2061,0,0,0.9817851505675523,2.9288139247258267e-06,0.0016515368899166283,0.0002542005530461412,0.001045819953356609,0.004447527360645144,0.010812835861558815
5,mlp,3139,0,0,0.9999154844406392,1.2428480213328413e-09,5.1426864124923484e-05,1.3302116167541792e-12,3.3085554774787916e-05,1.757166439721753e-09,1.3911657082705295e-10
5,mlp,12227,3,3,4.418216158117995e-07,4.8892194053318545e-06,5.077508180366044e-08,0.9873685261242421,0.0011818675142540864,4.785746802775209e-05,0.011396367077373314
5,mlp,3290,0,0,0.9999996056495003,2.648563552805802e-09,1.712803522794542e-07,8.009983090705556e-14,2.20265130439485e-07,1.563271290067732e-10,4.596673000919936e-14
5,mlp,4383,2,2,0.005667184328046705,9.0196567014258e-07,0.9940485360853513,3.358829343758375e-10,0.0002688599536539564,5.2975148715239525e-06,9.219816523454779e-06
5,mlp,7799,6,3,1.8308651863856325e-05,2.8447295303004327e-05,6.164462563888938e-06,0.7163385232057069,0.0075717857583375864,0.0020048330931027028,0.2740319375331222
5,mlp,631,5,5,7.140850570834944e-08,7.055110092729374e-07,4.10377177642839e-06,0.015199694547392402,6.178385489668024e-05,0.9842618039336559,0.0004718369727635798
5,mlp,2940,0,0,0.9995658342436491,1.7327127843899216e-06,0.00041783431964774313,9.003205344208817e-10,1.4324886278978904e-05,2.6499206248633504e-07,7.945256928188545e-09
5,mlp,2149,0,0,0.9997408178488991,1.5165451722103554e-08,9.927354470480453e-06,9.568196615322231e-07,0.00022405282150785494,1.1317574622373183e-05,1.2912415386912356e-05
5,mlp,8215,6,6,0.00045286995773364706,3.670969854323715e-05,0.0005146368037078421,0.0343279079836636,0.0011784464394937872,0.0019047538320387284,0.9615846752848192
5,mlp,3237,0,0,0.999941088940738,1.572101803530409e-07,5.234441207119177e-05,3.88898969320461e-12,6.408013397655966e-06,1.4052536965200905e-09,1.4470131699855561e-11
5,mlp,1904,5,6,0.07959466395694059,3.923535866742783e-05,0.030356656217762783,0.0033446272595975034,0.0014237942972940524,0.4044044240609282,0.48083659884880947
5,mlp,355,5,5,1.3432484483585165e-08,3.481372516204248e-09,1.6410718744193046e-07,0.00021640196355898357,8.00519811530477e-07,0.9997782099246517,4.406570933380505e-06
5,mlp,4531,2,2,0.0007204979639729015,2.3016865114979523e-06,0.9988064460282469,5.783723594297108e-10,0.00011761695702351438,0.0003467075534860924,6.429232386697059e-06
5,mlp,13005,3,6,0.0003695676026347033,4.3097507289891854e-05,0.00010816029256615076,0.4464652584418017,0.0017402944039167387,0.0020981808409322065,0.5491754409108587
5,mlp,4188,2,2,0.10053091547666468,3.5790255458639187e-06,0.8934136697010756,3.784787783409272e-09,0.005904514468637172,4.1015623119796856e-05,0.00010630192016933518
5,mlp,3884,2,2,0.007241462144756723,1.1518523919537832e-05,0.480907785365392,4.135089588514277e-06,0.08618784708024828,0.0005238654551799708,0.425123386340915
5,mlp,12494,3,3,5.9545292165162924e-06,2.2495332462830714e-05,2.842765016032703e-06,0.9367168195071593,0.001270556704834368,0.00026848361931842995,0.06171284754199237
5,mlp,2320,0,0,0.9999170032962447,1.8856646056272334e-08,6.841886777156668e-05,1.5081393899187493e-08,1.046663037168954e-05,3.413797761328544e-06,6.634698105537746e-07
5,mlp,1402,5,6,0.06291030534687797,7.588545403635003e-05,0.004049228261773626,0.10426742920884687,0.0036755147450726494,0.04411409956180641,0.7809075374215861
5,mlp,11622,3,3,1.1200753939930961e-07,2.2813875174847335e-06,2.3585181381579283e-07,0.9948521103890965,0.00020122939157414462,0.00039756263355012394,0.004546468338908534
5,mlp,2881,0,2,0.40086524349416713,0.0003671165942812892,0.5982756836012151,2.2306061294270963e-08,0.0002561548439297418,0.0002317689142469708,4.0102460985362035e-06
5,mlp,1907,5,5,8.469135785286989e-06,2.9262083466317083e-07,5.3130562619952696e-05,2.8887038698340847e-05,8.506970159799728e-06,0.9998025643233353,9.81493485667987e-05
5,mlp,7330,4,4,6.186093569519051e-06,9.414687335652775e-10,0.00017279515158967514,1.1906474972301928e-09,0.9998100979590165,9.38445474005529e-07,9.9802182338734e-06
5,mlp,13202,3,6,0.001152639724139623,3.304383181706198e-05,9.114876400653714e-05,0.32795525446683954,0.004791318090632167,0.0015911074508108958,0.6643854876717541
5,mlp,6889,4,4,1.5190758615849958e-05,5.202662970098959e-08,0.0007988859782775029,1.8292780718725034e-07,0.9988161377866532,1.3140570011036834e-06,0.0003682364650155867
5,mlp,2667,0,0,0.9998721132139972,1.3975168433617607e-06,3.4768257193755576e-06,1.3047355277681673e-08,1.158336610911177e-05,0.00011141490487373231,1.1251018940097749e-09
5,mlp,3872,2,5,0.00012035111331770042,5.684147857598561e-07,0.0002940731530935732,0.00017541064415144947,1.8293992241921323e-05,0.9964480893511205,0.0029432133312891746
5,mlp,5537,4,3,1.1005131968541139e-05,4.510165448184774e-05,8.983700455372189e-06,0.8935506373141104,0.011689964907474305,0.0005909297772737072,0.09410337751423577
5,mlp,2544,0,2,0.2885180753375348,2.6972961688775785e-05,0.7110882074619118,4.240032898738041e-08,0.00018603283047615552,0.0001188747472998138,6.179426075972205e-05
5,mlp,526,5,5,5.851576164914054e-09,2.510627355397878e-09,1.1366096732817152e-07,9.58259235465384e-05,5.520734977829697e-07,0.9999013765119894,2.1234677954383923e-06
5,mlp,3956,2,2,0.18340405323898626,6.262209555564757e-05,0.7602318699663724,2.454015473536957e-06,0.00029577232075726176,0.05452903860269193,0.0014741897601630403
5,mlp,6581,4,4,1.2078365347464218e-05,1.877792576726778e-08,0.00012498937293087988,9.114932120629809e-07,0.9979153460646487,3.438876499645555e-06,0.0019432170494355166
5,mlp,4844,2,2,6.326642559964262e-05,3.433486802355261e-08,0.9991029886035735,1.5518274568608041e-13,0.0008336745442130872,1.21963534699244e-08,2.389523704241172e-08
5,mlp,11061,3,3,8.799777649619865e-08,5.664260637971457e-06,6.327031386024797e-08,0.9961718561731117,0.0004992241927908885,1.2706053885433926e-05,0.003310398051483625
5,mlp,4667,2,2,0.004110718950657358,5.487076317461589e-07,0.9948364825670793,1.3542039425730618e-12,0.0010521254863276757,5.198134673795341e-08,7.230560288405157e-08
5,mlp,1079,5,5,3.060673676154825e-06,3.5654522589822933e-06,3.565484953809485e-05,0.038409195585499725,0.00021024979793508362,0.9552811792544833,0.006057094386608565
5,mlp,1866,5,6,0.0007551457745516242,2.8328418886792132e-05,0.002039794974412339,0.014028467315491426,0.002244449290084891,0.4151357935974628,0.5657680206291101
5,mlp,11256,3,3,4.694340891029478e-09,4.944463306977099e-07,1.003818973440694e-09,0.999312495745491,0.0002340465618797659,1.0598420442263813e-05,0.0004423591276964602
5,mlp,2675,0,0,0.9998648587466634,1.6897338365543743e-07,0.00011263536796293112,1.2787585721041157e-09,2.1761317426580633e-05,5.368706056512511e-07,3.744519921507677e-08
5,mlp,11020,3,3,5.463933246980607e-09,1.330241469252856e-06,3.662011397825799e-09,0.9990422104573604,0.0007080605759395575,5.359555936874059e-06,0.00024303004334914644
5,mlp,11159,3,3,5.8768148556700845e-08,1.5074888315081679e-06,4.394225966029102e-08,0.9979070227079828,0.00011516458809499807,5.0858487040413784e-05,0.0019253440176419893
5,mlp,6443,4,4,4.890771853873667e-07,4.691642182459665e-09,5.4728953023175694e-06,4.336529838834176e-06,0.996863074687656,2.855597720694311e-05,0.0030980661411685105
5,mlp,11678,3,3,5.780371615247058e-07,1.9975537942424195e-05,4.096745475949166e-07,0.9815311134759934,0.0010588419886143434,2.9444226551194838e-05,0.017359637059189637
5,mlp,6537,4,4,3.748220801597901e-06,4.27418307599428e-08,0.0001079574941675919,1.6262811814604433e-06,0.9989634604876813,4.226183689851729e-06,0.000918938590647308
5,mlp,9290,6,6,0.00012955602979446815,1.9128435314117924e-06,0.00020352844447143591,0.0006783428707419075,0.009497625484522413,0.00036086215482687684,0.9891281721721115
5,mlp,11711,3,3,1.711048147338446e-07,3.49528997512517e-06,1.8790851078965919e-07,0.9957895498021933,0.0002337651056320529,0.00018554339370347432,0.003787287395170679
5,mlp,4920,2,0,0.6563748110355008,1.5755910434101543e-05,0.343462895603355,7.718741278587599e-10,0.00014206297863190274,4.257271578052533e-06,2.1642862587720392e-07
5,mlp,5829,4,4,5.866830835058398e-09,1.2757346519023205e-09,7.284361929426583e-08,6.869460279093693e-06,0.999516679964919,1.4035601728720422e-06,0.0004749670284443308
5,mlp,11796,3,3,7.528082380375718e-09,2.0772488691158567e-06,6.458853251124073e-08,0.9973545708224867,0.00028273394416771175,0.0012744810390490956,0.001086064828812733
5,mlp,5505,4,3,8.482154559305767e-07,7.195710059773955e-06,6.878602862512442e-07,0.9840889240309161,0.0012984942691900302,0.0001605346943290276,0.014443315219762814
5,mlp,4011,2,2,0.0115104127195331,5.005554981893698e-06,0.9872249299363289,1.057128378877719e-08,0.0007959330720868524,6.452819634375869e-05,0.00039917994944163365
5,mlp,1129,5,5,1.4148894319506743e-07,2.1203918412141618e-08,1.7618324241999264e-06,0.00015794560995494524,2.1152367960926533e-06,0.9998003649787535,3.764964920954216e-05
5,mlp,13007,3,3,1.957845495346906e-05,3.150453767179694e-05,2.496045772349582e-05,0.6977718127000643,0.13657892773363678,0.0006999727351076433,0.16487324338084264
5,mlp,8735,6,6,0.01612689811195574,2.4391640154289773e-05,0.0018446914051263607,0.0033681166941953423,0.0028828091137972217,0.0003458285202484387,0.9754072645145225
5,mlp,11633,3,3,3.475844468584874e-08,7.521782766500402e-07,6.282554164673484e-08,0.9942905811835686,0.00014336940147470864,0.00042187749319280905,0.005143322159500984
5,mlp,1339,5,5,2.0918576661682485e-05,1.5486526794382422e-06,9.079946836231911e-05,0.0047372005937028495,5.902381434090235e-05,0.9878909252929557,0.00719958360129718
5,mlp,6992,4,4,6.314740246824744e-09,7.163263841399321e-11,3.3906671103527476e-06,3.6553084612897164e-10,0.9999838019771922,1.2293113641137086e-08,1.2788310680101429e-05
5,mlp,4543,2,2,2.12973179726017e-05,9.634086684035382e-07,0.9998824091309397,2.333656836918782e-13,9.52256274951563e-05,7.483469091577354e-08,2.9679999893822853e-08
5,mlp,12548,3,3,1.3880827572044866e-05,1.00716702526263e-05,1.0744470951612048e-05,0.9171284947506464,0.0007311878722350973,0.0064111743010067165,0.07569444610733554
5,mlp,6163,4,4,1.0097526339905602e-06,1.2599580965327968e-08,5.599798647900857e-06,9.989806526333743e-06,0.9942480553683937,1.0130185733190173e-05,0.005725202488483948
5,mlp,11534,3,3,3.124074966121017e-08,2.985995500013037e-06,3.2741923711786218e-09,0.9988643018548006,0.0006971589743511371,5.950388780093556e-06,0.0004295682716260655
5,mlp,5920,4,4,7.432391225824805e-11,9.245485517418292e-11,1.9510639612258674e-07,3.935449159753505e-09,0.9999884794480974,8.615684958894084e-10,1.132048171002284e-05
5,mlp,3750,1,1,1.3529112472655994e-11,0.9999999984178833,1.550237294318613e-09,4.971684115520247e-26,1.835010180215147e-11,2.2101141638860973e-18,1.3389009744806192e-36
5,mlp,12173,3,3,4.446460758497938e-07,3.574254825253619e-06,5.670889345597998e-07,0.9828469928705559,0.00031259020975688625,0.0005874816596200498,0.016248349270231544
5,mlp,6531,4,4,1.0287576567149745e-05,1.0808481356652057e-07,0.0007765977158141612,1.8978255022674492e-06,0.9811149109166096,2.4314623622024454e-05,0.018071883257071392
5,mlp,9071,6,6,9.31751044438136e-05,2.733353053454455e-06,0.0005247055204686581,0.0034443307316325304,0.0021738359417632054,0.005158079316746053,0.9886031400318923
5,mlp,12357,3,3,5.996258912973736e-07,1.1609551193730403e-05,1.8033787169169695e-06,0.9788106103481532,0.0008186582612537846,0.0011704170293935637,0.019186301805397574
5,mlp,10209,3,3,1.4026907280329051e-11,5.8310364451785544e-08,4.542715981900281e-12,0.9999111727694705,7.926081457519149e-05,5.711592029798046e-07,8.936927817215678e-06
5,mlp,6118,4,4,1.9271418728994147e-06,2.2243227310324085e-07,0.00011967447284697443,3.245430638082016e-05,0.9942007502586916,3.168444182586663e-05,0.005613286946108682
5,mlp,1476,5,5,1.914052924243823e-06,1.4596602611826527e-07,2.280753142438018e-05,0.0003189589486980375,7.278520111847526e-06,0.9992926674532335,0.00035622752758167396
5,mlp,12785,3,3,7.808821733411264e-07,1.5265194897245885e-05,3.7267329235644263e-06,0.9805529601652119,0.0010394406821967364,0.004717386228525133,0.013670440114072356
5,mlp,3312,0,0,0.999997833745407,3.6004516904161785e-07,1.394448517217429e-06,6.379178528903233e-13,4.078250353694887e-07,3.935206000969043e-09,2.7229955990467818e-14
5,mlp,7614,6,6,0.000274585450240435,6.63671385401153e-05,0.0001368833573781036,0.09393132758426526,0.00749277948943339,0.0001578306759548259,0.8979402263041878
5,mlp,10049,3,3,7.055843918489173e-10,2.7486814826951216e-08,1.0680559559525119e-10,0.9999736096290622,7.808284757072372e-06,7.528318849081312e-07,1.780095509111461e-05
5,mlp,12127,3,3,4.425124798092652e-07,7.282953006103458e-06,1.971402126223533e-07,0.9815867863314283,0.0005076811587530177,9.285412521475481e-05,0.017804755778905428
5,mlp,7422,6,3,2.8032873769746476e-06,2.2013079140722503e-05,1.415315401666424e-06,0.9516732326800138,0.00128081191768927,0.00028707052539725207,0.04673265319498046
5,mlp,10663,3,3,7.037803860806743e-09,4.6373104276136637e-07,2.0287494194517376e-09,0.9989041039779883,7.505032025103081e-05,5.469367135203099e-06,0.0010149035370294209
5,mlp,750,5,5,7.960343798797599e-06,3.6105995945262974e-06,4.1651131512590394e-05,0.10874134797585892,0.00027614440340777987,0.8694186836911484,0.02151060185467893
5,mlp,11934,3,3,4.900713117678571e-06,2.2570941674508758e-05,1.620176408355027e-06,0.9717471709324077,0.0006451676946171236,7.266657047683388e-05,0.027505902971297812
5,mlp,1637,5,5,3.905539543854592e-06,3.998545255338035e-06,0.00013946462599924163,0.002786671243634059,0.0001446132325299004,0.9942362677933944,0.0026850790196433017
5,mlp,7092,4,4,1.2730486030652268e-07,3.660616951009544e-10,4.958976861759362e-06,1.0299597519551152e-08,0.9999256631322715,4.921632178432157e-07,6.87477571291643e-05
5,mlp,12834,3,6,5.12736053272593e-05,8.80197907563939e-05,4.6320878095756186e-05,0.35907458050526486,0.037347165525589504,0.00015201551389692726,0.6032406241810693
5,mlp,3772,1,1,5.8120550582564445e-12,0.9999999970919362,2.819037353238911e-09,2.522869031986655e-26,8.321427715180224e-11,1.1513240529607695e-18,2.3214114608479936e-36
5,mlp,5755,4,4,8.574854360123496e-05,1.7560982578571193e-06,0.00011845251988161979,0.0006877941691800607,0.9937002113108233,1.3161629052366025e-05,0.0053928757292038085
5,mlp,908,5,5,0.002852312283076142,9.769971207324084e-06,0.0004447593794888959,0.06608093202004703,0.0004968636697031914,0.908281497262852,0.021833865413625246
5,mlp,10755,3,3,1.9029521077782018e-08,1.180518913542582e-06,4.356788443414531e-09,0.9994764832761962,0.0002033025280981543,3.77350167706943e-06,0.00031523678880560725
5,mlp,6472,4,4,6.054423414000435e-07,1.9148396921825233e-08,5.188405027825964e-05,2.987211044573163e-07,0.9998696870922823,2.1840082965101852e-07,7.728714476694872e-05
5,mlp,3329,0,0,0.9889648293426467,0.007020854964829697,0.003950289598002824,1.3908822975910746e-10,6.26449466643936e-05,1.3810065875127212e-06,2.1806444870595324e-12
5,mlp,8629,6,6,0.00226534910972333,1.7719700384628756e-05,0.0010023431932090652,0.01075290229959793,0.0008668073654948017,0.001954320326501761,0.9831405580050884
5,mlp,10191,3,3,7.828269361974546e-10,1.588576328210722e-07,5.465560704403341e-11,0.9962219952286979,0.003755574290907872,1.366587047168803e-07,2.213412657409867e-05
5,mlp,11110,3,3,7.322802819619622e-08,9.309520144149642e-06,1.3108822266948557e-08,0.9934551595307942,0.003156864246568894,3.3988605829449137e-06,0.0033751815050593274
5,mlp,5050,2,2,0.008612204334336652,2.6602621000750067e-05,0.9912039592871257,6.264952261566086e-11,0.00015238220825953901,4.736980847187e-06,1.1450578074454731e-07
5,mlp,6833,4,4,1.0837950616531986e-07,8.269679196745735e-11,7.884248899670793e-07,1.2162273933146545e-08,0.9999749977007992,4.6811825135897096e-08,2.4046438008862917e-05
5,mlp,11985,3,3,2.913773470309231e-07,4.557507804863331e-06,3.109206158952048e-07,0.9934941589801328,0.0003477235213050402,0.0002444147005104519,0.005908542992283892
5,mlp,138,5,5,9.31937515135738e-11,5.111441318228728e-11,3.331194635990867e-09,1.0129140265026672e-05,3.04263897916437e-08,0.9999898077164037,2.9241438862973268e-08
5,mlp,13319,3,3,4.6127944124951234e-05,7.088713864624183e-05,7.33694658686114e-05,0.6082473437623117,0.002780911426841193,0.004059630076756639,0.38472173018545053
5,mlp,13381,3,6,0.00045532166421218147,5.6509296002277875e-05,0.00036098939130758663,0.25376407965202075,0.002087723579987261,0.006266606669486597,0.7370087697469833
5,mlp,6763,4,4,8.207088986575111e-07,1.7116321754162937e-08,0.00016032451551483253,1.5490068833888713e-07,0.9996151838199517,1.7970789389167532e-06,0.0002217018596856888
5,mlp,10657,3,3,6.04229636033945e-10,3.0941172119934075e-07,7.75623036524906e-11,0.9997099366469359,0.000244571429139728,1.3742218756340736e-06,4.380760853573866e-05
5,mlp,6629,4,4,7.834529674797041e-06,5.439415337287621e-09,7.61988993830656e-05,2.804162873682143e-07,0.999224200233693,1.1223440909895976e-06,0.0006903581374554971
5,mlp,6860,4,4,0.0011713423691905587,5.455611227446499e-07,0.005303992003326701,2.281828517366266e-06,0.9906093742493151,1.3067700786653222e-05,0.0028993962877409
5,mlp,2686,0,0,0.999999047708739,3.8986547414113374e-10,1.3987537088126554e-07,9.209769631370606e-11,5.570323536770863e-07,2.5473135472042825e-07,1.7021830880906046e-10
5,mlp,2746,0,0,0.9844322099414022,3.085876148071386e-06,0.015504372027686342,3.677554070044321e-09,5.8685991083733194e-05,1.188949587273998e-06,4.5353653844823333e-07
5,mlp,9185,6,6,0.0004645974953611183,2.5465529432253556e-06,9.477897476618009e-05,0.000669204218937581,0.0009839627015252547,0.00019241029319759406,0.9975924997632689
5,mlp,4963,2,2,0.00018135267832531375,2.7833615941791866e-06,0.9997623520369755,7.664791078903085e-13,5.28523347899554e-05,6.487862463860161e-07,1.0801301964987085e-08
5,mlp,203,5,5,5.374772305588297e-08,6.429053967533078e-10,7.764371032819494e-08,8.470049353387411e-05,2.952602190978374e-07,0.9999142715737609,6.006381473358675e-07
5,mlp,6398,4,4,1.188590208083825e-08,1.7229034419895217e-09,5.084514195947329e-06,5.11376300191188e-08,0.9999118631183733,1.1412985384816089e-07,8.287349114138547e-05
5,mlp,6821,4,4,7.464385307406223e-06,4.2773072588535656e-08,0.0006461865563136624,1.3399331792712914e-07,0.9991051071845886,1.3238749050099072e-06,0.00023974123249483796
5,mlp,9273,6,6,0.0003247982306123559,5.9343621956790626e-06,0.0021279620697935903,0.0038775907580898563,0.013521753270886741,0.0041051096948623795,0.9760368516135594
5,mlp,11144,3,3,4.478587886599254e-09,8.642732783197921e-07,1.47409211044237e-08,0.9992456026419219,0.00015211934903458713,0.00020166283291104265,0.00039973168334522666
5,mlp,4035,2,2,0.007426013638793379,1.0615477474116383e-06,0.9621268318930771,2.773497133218891e-08,0.027801582428460838,3.816487137215262e-05,0.0026063178855777447
5,mlp,9488,6,6,0.0014987529254795848,1.3594678479611992e-06,0.0002454384606526777,0.0008517411986848219,0.01283304856053634,0.0008834080634215698,0.9836862513233771
5,mlp,1985,5,0,0.8306610121040071,7.406351772101955e-06,0.0038661811159382,9.860644768698255e-05,0.0008326553243346834,0.16260466796491876,0.0019294706913420363
5,mlp,470,5,5,9.417373219524686e-10,3.5015039902961486e-09,1.613932791742515e-07,0.00011757940061412844,6.285291842293685e-07,0.9998786034581106,3.022775570498613e-06
5,mlp,13204,3,3,0.00034157267533501854,5.473036037264713e-05,0.0003345617502378742,0.5531878172989033,0.0021713433236239697,0.04725534033208153,0.39665463425944564
5,mlp,1688,5,5,1.1712207735448876e-06,1.993108427597993e-07,2.1757799373089977e-05,0.0001302272093377308,8.244742936458096e-06,0.9996971822704627,0.00014121744627387242
5,mlp,13322,3,6,0.00024343025358586695,0.00018399466164325683,0.00014499012775258193,0.3163609415655871,0.005554499504986314,0.0005630387997766346,0.6769491050866682
5,mlp,11852,3,3,6.002842753391661e-07,1.0583201371504078e-05,1.1585026732057219e-07,0.9889435188579293,0.004743422209458091,1.9783062396288562e-05,0.006281976534302185
5,mlp,5110,2,2,0.001000871410584603,7.475837352792135e-07,0.9989392009590264,1.2266840417023884e-13,5.91363300289243e-05,4.1689943523782824e-08,2.0265584890546035e-09
5,mlp,6272,4,4,4.7273572990561424e-05,4.109387442720453e-07,0.0003249792112355835,3.291593879232327e-05,0.9913160249763043,3.129255759615575e-05,0.00824710280433685
5,mlp,11099,3,3,2.2349841729489125e-10,2.4210794192588127e-07,7.321075393590672e-10,0.9997165541597152,0.0001170449446264682,6.554869835895823e-05,0.00010060913375141549
5,mlp,12811,3,3,3.8399361681360667e-07,3.936701191673322e-06,5.816514613619675e-07,0.9765390368430108,0.001145746378971966,0.001143720254417008,0.02116659417733036
5,mlp,8778,6,6,0.0005355386980203787,2.2688788027224095e-05,0.0013016115799497857,0.014627550545311358,0.018477250177535244,0.0009737852133054266,0.9640615749978505
5,mlp,13461,3,6,5.690592729025313e-05,6.209581318145569e-05,0.00028205010929733296,0.17123625632397244,0.02295909255382907,0.0016389634153668473,0.8037646358570626
5,mlp,3446,1,1,1.7028606444281476e-07,0.999999720895195,1.0788391849512845e-07,6.112150221879626e-20,9.340875572602206e-10,7.34459256491274e-13,7.632970589113858e-29
5,mlp,1526,5,5,9.572370927686881e-07,7.698483792883795e-08,1.0564563610349656e-05,0.00014198600491703513,4.50917377718801e-06,0.9996985499209026,0.00014335611486217422
5,mlp,4254,2,2,0.2577195737084374,3.0731298274807815e-05,0.7406122186644887,7.857549207621267e-08,0.00026139970897834093,0.0012598873861454133,0.00011611065818319225
5,mlp,1310,5,5,1.969451016636835e-07,9.98560722506935e-09,9.421084545044263e-07,4.5254525535339256e-05,1.015575412261151e-06,0.9999477983084776,4.782551411559749e-06
5,mlp,10229,3,3,2.841393241643572e-11,3.092493517056546e-08,2.8601631103359714e-10,0.9997436943285424,2.120538089538381e-05,0.00022046946259145198,1.459958860566129e-05
5,mlp,5853,4,4,0.0002896707992506285,4.1886779140940905e-06,0.0005650734691012466,0.0006348455951848946,0.9797447254015025,4.286547264441868e-05,0.01871863058440214
5,mlp,10270,3,3,1.4743104784048027e-10,3.2553325669828395e-08,1.226938146342354e-10,0.9998591843793444,1.921963821278543e-05,5.546667338106592e-06,0.00011601649165414075
5,mlp,6292,4,4,2.794347122054377e-07,5.0799282768851725e-09,6.761917252291841e-06,4.705383262452926e-06,0.9986190681831888,1.117045149266812e-05,0.001358009550163171
5,mlp,3152,0,0,0.9999882277496287,8.541207349015729e-08,1.0137904864055068e-05,8.788277791061774e-12,1.5278047243356307e-06,2.1099241416777694e-08,2.0679692823043882e-11
5,mlp,358,5,5,6.432398244817334e-09,7.401387243889253e-10,5.6189199369522724e-08,5.753517991540144e-05,2.393956406004917e-07,0.9999410913340777,1.0707286300473873e-06
5,mlp,13062,3,3,0.00012181427714705702,6.053360888843993e-05,5.442859708711619e-05,0.5484776584564104,0.003974932475060675,0.0007415752607674116,0.446569057324639
5,mlp,2419,0,0,0.9998894686669414,5.455753887309e-07,1.6991088764967792e-05,3.028241051968867e-08,1.8882104745524242e-05,7.403562151902912e-05,4.666022955973912e-08
5,mlp,13183,3,3,6.310723951497098e-06,2.5635653375322573e-05,1.2040790951257733e-05,0.9038678576144895,0.0017674581206439356,0.004888821910473837,0.08943187518611459
5,mlp,7261,4,4,2.1087277625739973e-05,1.8379519448772103e-08,0.010414610302396465,2.0799134974082153e-10,0.9894824297866728,4.959734446028739e-07,8.135807234983778e-05
5,mlp,8058,6,6,5.5580010489555554e-05,3.060100630113827e-05,1.647587636673587e-05,0.17088672225221793,0.026337378054914033,0.0007055550951661028,0.8019676877045445
5,mlp,13395,3,6,0.001200831878811409,6.44521893672003e-05,0.0007772607388174102,0.20810869688613368,0.0019077981644675653,0.03173756610918752,0.7562033940332153
5,mlp,11954,3,3,1.518238754381666e-08,2.2000660257066015e-06,4.237450152438143e-08,0.9980408932353654,0.00031849691033637695,0.00029639548937515354,0.0013419567420085488
5,mlp,2613,0,0,0.999675786629689,7.205298976707871e-06,0.0002764876199754149,4.1849890422094655e-08,1.7184244393750605e-05,2.3202110096262506e-05,9.224697827280317e-08
5,mlp,3783,1,1,1.1835281153474137e-11,0.9999999999394831,4.52403477274526e-11,2.442116496117123e-26,3.441371691977203e-12,3.5199565049491485e-19,1.4962725633291348e-38
5,mlp,6189,4,4,6.435854579589334e-09,5.692537700823732e-09,5.832841022140227e-06,2.599946226865891e-07,0.9999604696966604,2.3578586329955614e-07,3.3189553439222365e-05
5,mlp,13172,3,3,6.258547531822899e-06,1.4787151806944025e-05,1.2544976021590933e-06,0.9516588948742015,0.00470023286799508,0.0006820368806971159,0.04293653518016539
5,mlp,7119,4,4,1.2072782503450446e-05,1.744892304763929e-08,0.0034249967561299907,1.0528518505450204e-08,0.9963766714947407,6.509675205646599e-07,0.00018558002166374198
5,mlp,2035,0,6,0.0076161118401494865,1.4813455134978332e-05,0.0023588389437128017,0.0067090244772877285,0.0007941548190173683,0.012710071635791364,0.9697969848289062
5,mlp,11095,3,3,2.1242118228369447e-08,4.786061617891445e-06,1.2753291480228256e-08,0.9983739500718759,0.0005033282613209124,9.66767263869524e-06,0.0011082339371369441
5,mlp,3156,0,0,0.9999654588807759,6.54365354583794e-10,3.8432328101598286e-07,6.418076631054144e-12,3.4155744840149405e-05,3.6960847979697165e-10,2.0711342653181388e-11
5,mlp,6364,4,4,1.1689421394547798e-08,1.0621383284479732e-09,1.2607647501773006e-06,1.3253474318371283e-07,0.999962586505707,9.610033979633038e-08,3.591134289984535e-05
5,mlp,5259,2,2,4.324464635183458e-05,1.551826114444333e-05,0.9998925601175495,8.803253678780356e-14,4.864928569819588e-05,2.7341987889444893e-08,3.4718016998041926e-10
5,mlp,11580,3,3,8.228552580550309e-08,9.282347327431256e-06,1.8225923838848123e-08,0.9968767336516469,0.00107020395875643,8.113031161026628e-06,0.002035566499658632
5,mlp,7550,6,6,0.0003513687310778013,9.939418398560991e-05,0.0001304370248004785,0.3036974348512688,0.004206237613646497,0.0004110833324665228,0.6911040442627544
5,mlp,11519,3,3,4.6251234818933883e-08,6.911062883501867e-07,1.64856556420434e-07,0.9873321650849859,0.00012125538197683069,0.0013252901867841776,0.011220387132173538
5,mlp,8374,6,6,0.0010524017801452903,5.755738250520652e-05,0.0006927862182361725,0.12851243370162832,0.003355965770385459,0.009681715357677504,0.8566471397894221
5,mlp,2232,0,0,0.9997524798917551,7.42729862716665e-08,0.00018214447321091934,1.198553149147043e-07,5.3569532052367057e-05,4.063782033631473e-06,7.548192646687032e-06
5,mlp,9559,6,6,0.0002536754284889569,1.0398142877241262e-06,0.00029502680022163466,0.00038504687688253436,0.015206444654069805,0.0009197749698030001,0.9829389914562463
5,mlp,13404,3,5,0.0017181767548178919,5.490214177737829e-05,0.0008015010228184867,0.16086143521307955,0.0016353853030774883,0.6438508110154986,0.19107778854893073
5,mlp,5719,4,4,2.601284734475586e-09,4.445697990694964e-09,1.0979989824936338e-07,7.383273739231554e-06,0.9999838392251792,2.0379104976229903e-08,8.640275095770757e-06
5,mlp,10926,3,3,5.165717749679293e-09,6.456503705536763e-07,7.625643472001925e-09,0.9994801468952618,9.325667547713635e-05,5.2590126607380324e-05,0.000373347860921929
5,mlp,10100,3,3,1.6101281574667853e-11,4.298167827223035e-11,6.0974087589203816e-15,0.9999875333281116,1.2411247390894205e-05,1.9603861752729987e-08,3.5761546556216494e-08
5,mlp,12098,3,3,3.435742910124246e-07,6.572556601203002e-06,4.5744158440339677e-07,0.9914437021323859,0.0004099717926341862,0.0003448092316009471,0.007794143270902244
5,mlp,3221,0,0,0.9999974969773314,2.439555448651624e-07,1.8709517390702937e-06,1.4791210895922196e-11,3.5945115023324084e-07,2.8648081721631968e-08,1.36154224929843e-12
5,mlp,310,5,5,4.849647859492546e-07,1.2209935087791092e-09,1.4542167676697074e-07,0.0001217522940676867,6.174393163530477e-07,0.9998763501975771,6.484615824330686e-07
5,mlp,9099,6,6,0.00012900725872012176,1.3755343446680807e-05,0.0007515323036945924,0.01465092184242744,0.0026671991526940764,0.1133861409722149,0.8684014431268022
5,mlp,5866,4,4,0.00044778697452665977,8.828489070491795e-06,0.0007878450883787478,0.0015915382559950745,0.9532934564509938,0.00012692560591856045,0.04374361913511656
5,mlp,2503,0,0,0.9999639256845532,5.0245447936654145e-09,3.187587539071144e-05,1.0605056755762808e-09,3.955539904715333e-06,1.888217397861374e-07,4.799336141248736e-08
5,mlp,5857,4,6,0.0009969061963434336,1.2753863584410631e-05,0.004062160360183182,0.0015425971433711335,0.4211742115937691,0.0006129787250480299,0.5715983921177007
5,mlp,6003,4,4,3.527728357883539e-06,4.924073878541786e-08,1.697298572706367e-05,2.00904840845061e-05,0.9914600772198884,6.485148566749041e-06,0.008492797192636582
5,mlp,8750,6,6,0.00011678836768787512,1.2591240695110109e-05,0.00018019302544137602,0.04098086480569352,0.004170828489629674,0.009741505257576945,0.9447972288132754
5,mlp,2021,5,0,0.9803236420133976,5.438529001266468e-07,2.4569538543998314e-05,2.2949972580117543e-06,9.662041431403285e-05,0.019551305889073174,1.0232945130635718e-06
5,mlp,5555,4,4,1.7236840834314164e-06,2.7596530863667995e-06,9.799123269070555e-06,0.003761190865180053,0.9899880218998865,1.540777652495306e-05,0.006221096997969443
5,mlp,12099,3,3,2.0731639651254605e-07,7.268727707562767e-06,4.1424906010449454e-08,0.9967638476488375,0.0006184955878711501,2.8819950572894842e-05,0.0025813193437082696
5,mlp,4714,2,2,0.0002744038225043152,6.823281348274886e-08,0.9990715522057643,6.157667300639771e-13,0.0006538764877001666,1.863206931699677e-08,8.061853274311878e-08
5,mlp,9535,6,6,0.0012508689793588948,2.4387127673674445e-06,0.0002413746014528881,0.00034079435113937333,0.0006359845135097034,0.0003931779452250422,0.9971353608965469
5,mlp,5181,2,2,0.00045703558470572937,1.361703560921207e-06,0.9994944927207501,1.1820959189705058e-13,4.709503172855365e-05,1.4014220763841728e-08,9.449157039902074e-10
5,mlp,939,5,5,1.2065761762259824e-05,1.0369417512869124e-06,5.079085795029409e-05,0.01226129633610583,6.02401382439156e-05,0.980598905399887,0.007015664564299395
5,mlp,6728,4,4,1.4949904520052913e-07,1.5025946680389982e-08,6.975414533304468e-05,4.844875637982266e-07,0.9997576859922601,8.553791331055771e-06,0.0001633570585201729
5,mlp,9520,6,6,0.007630138240959471,3.700978974385779e-06,0.0008154846555236258,0.0006749830273271531,0.0012600568839896624,0.0011186836110529301,0.9884969526021729
5,mlp,2234,0,0,0.9998588554896506,3.5977980567863064e-10,1.1292639370576576e-06,4.726426088499625e-08,0.00013596585229658245,3.282097342298729e-06,7.196727325234771e-07
5,mlp,5451,2,2,0.02223782711333829,7.304913603335947e-05,0.9776185710449256,3.989759160798862e-14,7.015737201442455e-05,3.953237091019512e-07,9.939466844078055e-12
5,mlp,1974,5,5,0.010356212121408012,2.512089183633547e-05,0.019562434542263835,0.0004852797107744661,0.0007596155370780459,0.8264129480987606,0.14239838909787847
5,mlp,3745,1,1,1.7429969028318357e-11,0.9999999997094848,1.985998681157911e-10,2.8309430239065343e-26,7.448523754916088e-11,1.3178704637575039e-19,6.285358726198488e-38
5,mlp,2756,0,0,0.999976775360062,2.1803618216132906e-08,1.1290325625171128e-07,2.5039919330494244e-10,2.3710625590222603e-06,2.0718564000613072e-05,5.610476335327526e-11
5,mlp,4671,2,2,0.01272645170572617,2.3310329852681413e-06,0.9851375486560678,2.3835563772422783e-10,0.002129793851073025,9.246437257329409e-07,2.949872066439367e-06
5,mlp,1629,5,5,0.0002231717537813111,1.0094696743470243e-05,0.0006020540980408186,0.010741047947368756,0.00028570950133822266,0.9571897825280569,0.030948139474670483
5,mlp,10772,3,3,6.3538712340693076e-09,1.9559748800301975e-06,5.296018274230697e-09,0.9992700034254924,0.00035992376397972015,7.855894319749272e-06,0.0003602492914387171
5,mlp,2024,5,2,0.2841268229355629,2.1987116934919624e-05,0.5314724823485669,2.71118465368869e-05,0.0010678214094358817,0.1063236783094276,0.0769600960335347
5,mlp,9051,6,6,0.000362033003368726,1.772768812978901e-06,0.00013311001286605927,0.0014675080171278956,0.05807092235690808,0.00024014333492735138,0.939724510505989
5,mlp,6702,4,4,0.25154868643505784,1.7982393741185445e-09,6.785003109274959e-05,1.0208573033546575e-07,0.7477678599634965,9.655650291770671e-05,0.0005189431834654771
5,mlp,4016,2,2,0.09900238760075868,1.4398615850564425e-06,0.8982097570662397,9.524720535108741e-09,0.002329388156468361,9.028202492060228e-06,0.00044798958773558983
5,mlp,28,5,5,1.2070767157046443e-07,6.409497007850104e-08,5.936420418489441e-07,0.024155031110058275,1.7052614659005062e-05,0.975729432802042,9.770502855734121e-05
5,mlp,12097,3,3,2.5657290718128763e-06,1.8784316118258237e-05,9.219036185472559e-07,0.9750508800675545,0.0013648573999098046,7.250000358334148e-05,0.02348949058014366
5,mlp,8346,6,6,0.0013065776586301569,5.2278851629581203e-05,0.002172767660743932,0.0681444668298601,0.0017062175255786935,0.13774910430741005,0.7888685871661475
5,mlp,701,5,5,3.0938446462095575e-07,7.719880415223658e-09,6.061912833349773e-07,0.0001613391118221118,1.4678378263330512e-06,0.9998281109563525,8.158798370713019e-06
5,mlp,5715,4,4,6.424482322030613e-08,5.335504630984283e-08,1.468385196949101e-06,4.3142965069021436e-05,0.9993964968522373,2.4853630105857472e-06,0.000556288834616616
5,mlp,5162,2,2,2.7260039803267866e-05,1.2822572423699765e-07,0.9993657455710246,1.6966722678534554e-14,0.0006068628922523004,2.4202530829745293e-09,8.509254020881003e-10
5,mlp,2187,0,0,0.9997621719229022,1.2540623764189987e-08,4.26180241996201e-06,1.0923975450523117e-07,2.1120441416317968e-05,0.00021185640404816554,4.676488350753328e-07
5,mlp,8143,6,6,0.00039735298291476706,0.0001032375339680805,0.00029673996923366123,0.1704794495030627,0.0029821169623221256,0.002071019848556216,0.8236700831999425
5,mlp,7693,6,6,0.00010084412572933127,2.26002412795407e-05,1.832559689698315e-05,0.20611600277859807,0.00411983693911419,0.000497418445388815,0.7891249718729931
5,mlp,1080,5,5,4.4467466550042594e-09,7.018103015802996e-10,5.2632292680242576e-08,7.336213599808235e-06,1.2689762973128736e-07,0.9999923593959172,1.197120035200979e-07
5,mlp,474,5,5,3.1619565338073817e-08,5.845995345534425e-08,1.4440448001075759e-06,0.0021088921374655552,7.3454826758491405e-06,0.99779797110499,8.425715054975962e-05
5,mlp,3091,0,0,0.9999982691087509,2.7496792598599075e-08,4.4273278396730695e-07,1.9493235363001645e-11,1.1395851787128935e-06,1.2105072570616366e-07,6.2747359560480515e-12
5,mlp,12603,3,3,1.4326457821517155e-05,2.8677780869333997e-05,1.566411998728895e-06,0.7328913539351241,0.0123650720137846,0.00010278850822520809,0.2545962148921765
5,mlp,12590,3,3,6.571286360041421e-05,1.764886489304824e-05,7.304886618309671e-06,0.5683806690982053,0.004081542737949893,0.0002381833337476072,0.4272089382149854
5,mlp,2821,0,0,0.999988406305184,3.280770467409014e-08,8.56412322757009e-06,2.1786529233461122e-10,2.882148469859982e-06,1.1267785265605639e-07,1.719695885717581e-09
5,mlp,8418,6,4,6.241477483083614e-07,3.615375772409858e-07,3.119997510899184e-05,0.00013498159748170195,0.9879295430788725,2.617253440630022e-06,0.011900672409770526
5,mlp,1045,5,5,5.695638687302649e-07,1.4116945820531423e-08,1.8762528071478195e-06,0.00015029661346395532,1.6048353925199558e-06,0.9998233313681412,2.230724938064936e-05
5,mlp,5710,4,6,6.881479245024092e-05,2.718237100346627e-05,0.0013271783551988196,0.08276091612117363,0.30861882078997876,0.004588402497897398,0.6026086850722977
5,mlp,748,5,5,2.646278911464942e-05,5.523628105301615e-06,0.00010168755842313448,0.09223107136700122,0.0002844909640662522,0.8801436283998435,0.02720713529344594
5,mlp,9377,6,6,0.0008379247172859486,5.3537411113700634e-06,0.00265644028635478,0.0023858902872094696,0.0020934959714387904,0.016265666081281712,0.975755228915318
5,mlp,11441,3,3,2.48589526075012e-07,3.2073608242072937e-06,9.150491549963287e-08,0.9950722881868682,0.00026690763101814695,3.65049046036806e-05,0.004620751822244099
5,mlp,3428,1,1,1.309055228648088e-06,0.9999976834224908,9.997799965719607e-07,5.044518526595233e-19,7.740126104914936e-09,2.1577566469888856e-12,6.255979476005536e-27
5,mlp,2955,0,0,0.999991293533479,1.3740446989896572e-08,6.2485255072989085e-06,5.904124910216563e-11,2.4363817928046166e-06,7.096514687295333e-09,6.632179744096622e-10
5,mlp,6471,4,4,8.446783036818176e-08,1.6808125565841028e-09,2.3860755505057307e-06,1.520381516942306e-06,0.9983872898638586,1.1066208712758069e-05,0.0015976513217182888
5,mlp,5877,4,4,1.4765776801609192e-06,1.6512927160183231e-07,3.134989225905371e-05,4.1247414597001384e-05,0.9914751049138438,6.3595688935458735e-06,0.008444296503454754
5,mlp,12637,3,3,2.1251957699057635e-05,1.5687578169831538e-05,4.1224141210008805e-05,0.8681168408073643,0.0008217994213338887,0.03816653163995214,0.09281666445427104
5,mlp,8804,6,6,5.1648588384290296e-05,1.1752393714318604e-05,0.00010529500235804997,0.002741798164880962,0.0027611162869892406,0.00013018105249071622,0.9941982085111825
5,mlp,389,5,5,8.054931350354575e-07,2.2101776198286055e-08,2.0607475689284068e-06,0.0012511368876838595,4.225001363894014e-06,0.9986154253155949,0.00012632445287720373
5,mlp,3519,1,1,2.334440775210045e-08,0.9998858794729752,0.00011395493923156985,5.447242708452047e-23,1.4224337458779287e-07,1.0903890755754735e-14,1.4022313290266128e-28
5,mlp,7157,4,4,1.36728385344869e-05,4.541159649530147e-09,0.00032223825562815225,1.540950000125632e-08,0.9995501208839036,5.684228408939384e-07,0.00011337964843328305
5,mlp,7667,6,5,0.000578550722410338,3.928757440369027e-05,0.0006683444932493855,0.226196425126144,0.0012584869201329749,0.6587472822228122,0.11251162294084753
5,mlp,8633,6,6,0.0004303454464701809,4.069815507507279e-06,0.0008532005812267005,0.004877692750684991,0.01787758297285876,0.0004333167242633702,0.9755237917089885
5,mlp,5001,2,2,5.043758531643523e-06,3.7449215037990643e-07,0.999956614348515,1.6448541157153625e-14,3.7947504118278976e-05,1.832681315576452e-08,1.569855244025601e-09
5,mlp,6317,4,4,1.5348482886498106e-09,8.787667681567437e-10,1.649118910550326e-06,3.093729053156549e-08,0.9999909554868877,1.3464093944745403e-08,7.348579202488564e-06
5,mlp,11398,3,3,1.0398546137620899e-07,2.7409488247571856e-06,4.596687315032666e-08,0.9975843964065417,0.00020678297284236122,3.160780598705982e-05,0.0021743219134694094
5,mlp,6712,4,4,3.86315210285754e-06,3.350975691193324e-09,2.1356912219841067e-05,2.69078697060682e-07,0.9993974819290156,1.0958426539758256e-06,0.0005759297343349406
5,mlp,12035,3,3,7.453284756911344e-08,1.6130725279351725e-06,1.6825576317355653e-07,0.9893906372809553,0.0002164318387282684,0.0006461744104158903,0.009744900608761861
5,mlp,8413,6,6,0.0013294291476187276,2.5096465757436547e-05,0.0010234008733422,0.01986319805746667,0.0008418111040936941,0.004505244217895311,0.972411820133826
5,mlp,10575,3,3,5.027074491491051e-10,5.205232936814521e-07,6.794981157455781e-10,0.9997027961720236,0.00023055627388881894,1.0719729987433653e-05,5.54061186008757e-05
5,mlp,10275,3,3,8.052324892703916e-10,2.953833624261672e-07,1.0547173690661521e-10,0.9997252802954688,0.00023905273792636475,3.6693162655100927e-07,3.500374091167786e-05
5,mlp,8701,6,6,0.0006322305868042675,2.198736871627591e-05,0.000774355126114394,0.02710524056240107,0.002477805322679591,0.0046318503017475305,0.9643565307315368
5,mlp,3276,0,0,0.9998716089597416,0.00011404687839346417,6.401948102901388e-06,8.478434417315577e-10,4.547319876240349e-06,3.394044081167953e-06,1.9611956955349846e-12
5,mlp,1932,5,5,3.0124983519688062e-06,8.634438768507519e-08,2.0482341569143536e-05,4.987570616630586e-06,2.3484404728842966e-06,0.9999517798476897,1.7302956911974916e-05
5,mlp,11050,3,3,2.8591019777887376e-10,1.6325745854428935e-07,1.0437587978872783e-09,0.9996800246266551,7.536615667798689e-05,9.355578763490925e-05,0.00015088884190449017
5,mlp,1033,5,5,9.43164248415547e-06,3.04061661845161e-06,8.825930579925466e-05,0.027089209873978122,0.00014046779178344057,0.9592546163714435,0.013414974397892946
5,mlp,13309,3,3,5.104241242884659e-05,5.9782049640966235e-05,0.00010320896523080714,0.7669682372898441,0.00286806133144259,0.020171804225396724,0.209777863726016
5,mlp,5316,2,2,0.067909327735941,4.312991345359408e-06,0.9315199299080038,7.78796325028637e-13,0.0005663722442003527,5.642718988892287e-08,6.925408692450773e-10
5,mlp,11945,3,3,1.550818139818803e-06,1.057421774448356e-05,5.316331344257871e-07,0.9873874206928508,0.0013883938062046414,4.631835412424782e-05,0.011165210477801705
5,mlp,6368,4,4,2.7137839214337943e-05,2.706095730976402e-07,0.0012330616845308501,4.184779473551223e-06,0.9925152958411736,1.0820881584879602e-05,0.006209228364449687
5,mlp,13082,3,3,3.379443272949291e-05,4.690742941761062e-05,8.101893569950653e-05,0.8414589346497809,0.0017321326758116104,0.059985959807462075,0.09666125206909872
5,mlp,3240,0,0,0.9999996397695489,1.6459687048698185e-09,1.8825873539573426e-08,3.8896560778725705e-13,3.346727501046874e-07,5.085405645476209e-09,6.403648107824929e-14
5,mlp,7419,6,3,5.8287360642171575e-05,2.051740823497475e-05,4.625684462955939e-06,0.6212563662391749,0.006794280959987201,0.0002032454110730402,0.37166267693642485
5,mlp,12912,3,3,1.5586245524195714e-05,3.2281627053386874e-05,4.881149044993114e-05,0.8845886271342261,0.0013924244075727676,0.03680750209499121,0.07711476700018231
5,mlp,10137,3,3,4.994434061237005e-11,1.134232476060822e-07,7.328625760832331e-11,0.9999334578919193,5.217073808671479e-05,3.1877337132293056e-06,1.107008980224414e-05
5,mlp,11545,3,3,4.896581670365402e-08,1.3529296716166113e-06,1.1501597848079083e-07,0.9969254088653748,0.00016157123846118271,0.00045098818282512444,0.0024605148018720054
5,mlp,11048,3,3,1.5279790347464285e-08,1.5694637995570064e-06,7.84246302745758e-09,0.9993230297178093,0.00016335515512982233,1.3697303209585977e-05,0.0004983252377984698
5,mlp,12668,3,3,4.6162460513701486e-06,3.0308601702823358e-05,3.1224540505562933e-06,0.9609910963878084,0.0020591386673372092,0.0003025490280678636,0.03660916861498173
5,mlp,9035,6,6,0.00030439359831813405,3.391617156080497e-06,0.0002696008530005783,0.0010477560699397267,0.0072552714188173035,0.00021863944411781562,0.9909009469986504
5,mlp,9547,6,6,0.00397301432693,5.305867917538087e-06,0.003739380231317062,0.0005584390641408842,0.00044529848427357833,0.007499418416808535,0.9837791436086124
5,mlp,201,5,5,2.3295909428832166e-06,2.823507631389701e-07,8.159198629176933e-06,0.021301836603408616,3.3783408869720434e-05,0.9777783999206032,0.0008752089267831568
5,mlp,2243,0,0,0.9998110312850148,4.243629222252375e-08,0.00015363719494771095,5.539649983913424e-08,2.392743575137174e-05,7.141212881545841e-06,4.165038612201128e-06
5,mlp,993,5,5,5.174877778457763e-06,9.437376538730837e-07,3.770955378728037e-05,0.008465786087841374,5.211156538592837e-05,0.9891088843676236,0.002329389809929596
5,mlp,1405,5,5,1.1912383332988402e-08,1.5429224440969342e-09,1.6756033157917033e-07,6.100015603033735e-06,1.9509180577957103e-07,0.9999931783350007,3.455419530797649e-07
5,mlp,1797,5,5,1.7474537356766531e-06,4.900802652268023e-08,1.0265627921447173e-05,2.0839629806082752e-05,2.2556623506683703e-06,0.9999217806894999,4.3061928659888395e-05
5,mlp,2956,0,0,0.9998898560710177,7.210080541214381e-09,6.905946534998373e-05,5.0595963373793814e-11,4.106800459922752e-05,3.73478402175806e-09,5.463572607624888e-09
5,mlp,3315,0,0,0.9985610587501411,0.0010403638121084069,0.0003641306350369026,1.2089763211481036e-10,3.39087348507855e-05,5.379446937579781e-07,2.271364320542708e-12
5,mlp,8453,6,6,0.00021867999651116961,2.0136416297917645e-05,0.0005521856188526278,0.04242251839574534,0.006977131156715261,0.001398907794875975,0.9484104406210018
5,mlp,10537,3,3,2.0311835805777096e-08,3.8502073549532465e-07,7.579901858902316e-09,0.9995355142523975,3.785059915686755e-05,1.1569586779700264e-05,0.0004146526491928592
5,mlp,11142,3,3,3.369922444560971e-09,4.916397436443894e-07,1.8022126981735587e-09,0.9995272960829369,0.00013463970531643526,1.771510499521255e-05,0.0003198522948725991
5,mlp,10156,3,3,1.6536881429562207e-10,2.667905351502294e-07,3.8947969728772986e-11,0.9999007824686729,8.600419582100215e-05,3.365777299871941e-07,1.2609762924425706e-05
5,mlp,6694,4,4,1.2237709236972455e-05,2.5577759319354177e-08,0.00017413366155170944,2.172822041458207e-06,0.9923562460900958,3.294395334285395e-05,0.007422240185971783
5,mlp,5996,4,4,1.0532031903320892e-08,7.0440193520025774e-09,2.270441124084544e-06,1.1352409725461625e-06,0.9999381243504518,3.2658396405279624e-07,5.812580743635556e-05
5,mlp,6045,4,4,3.7073959357297994e-07,6.044771395864292e-09,1.4974043164755447e-06,8.101520590678006e-06,0.9977163505441433,2.620994594046682e-06,0.002271052751990442
5,mlp,10647,3,3,1.5580849648879195e-09,3.535077483351067e-07,4.196915906264423e-09,0.9997085477543939,7.433460120035684e-05,6.395779647809074e-05,0.00015280058517837006
5,mlp,5612,4,4,2.091612822521429e-06,2.72092691597525e-07,2.352196655519355e-06,0.0011362282774304959,0.9905779722019724,8.71272334165176e-06,0.008272370895085927
5,mlp,9093,6,6,0.005155160084904809,3.4799447085199303e-06,0.0003528330170975563,0.003822860254856096,0.002235821475536462,0.0066432121646081005,0.9817866330582885
5,mlp,1900,5,0,0.6823645608157649,1.7368800627401908e-07,5.196018995392251e-05,5.0599139164329e-05,0.00022445611371329222,0.31728123675452913,2.701329886822245e-05
5,mlp,11812,3,3,1.763793098345758e-06,3.2640991492987837e-06,5.770370322354992e-07,0.9848156775554632,0.00022660971505996318,0.00018822082524969688,0.01476388697494746
5,mlp,10616,3,3,8.692069873997255e-09,6.732012165926366e-07,3.3725212780534622e-09,0.9995263577441273,8.058161334839339e-05,5.9525650245044705e-06,0.00038642281169215835
5,mlp,13338,3,3,5.502010024064603e-06,2.744584745994926e-05,3.24208361723548e-06,0.8869296999375934,0.0033279017363575503,0.0016470337154133588,0.10805917466953453
5,mlp,2344,0,2,0.4939287880043879,4.706208965681435e-05,0.5002300316982475,8.474197357597587e-07,0.0014143338982120293,0.002622318778425696,0.0017566181113343527
5,mlp,8937,6,6,0.0005123514448233302,8.169070319161798e-06,0.0002500339876431521,0.014720034849472527,0.0016528922156889912,0.016806553148428344,0.9660499652836245
5,mlp,3055,0,0,0.999293945601047,5.383950628386533e-07,0.00028128612690134187,1.5643599829971388e-10,0.0004241915642798418,3.3721940898548694e-08,4.434332182880213e-09
5,mlp,2418,0,0,0.9985974301869807,1.039455423988741e-05,0.00017210604369029825,1.3784085900719868e-07,5.531208630994437e-05,0.0011644112583946143,2.0802952533097584e-07
5,mlp,498,5,5,2.895330821705546e-10,1.1174474818907952e-10,1.0124637268620586e-08,5.3918102281949015e-06,4.060155945430749e-08,0.9999944386885355,1.183737616670466e-07
5,mlp,2246,0,0,0.9881613209209807,1.4417120375103262e-06,0.011352664058296174,3.579542062609423e-07,0.00020692679896841567,3.174580778658721e-05,0.0002455427477242769
5,mlp,10597,3,3,1.9870501059438656e-09,6.50958072980853e-07,4.106851340822792e-10,0.999741042152551,0.00015511981305254928,1.7519915481386565e-06,0.00010143268704011256
5,mlp,5559,4,4,3.058418905106197e-09,8.36019341590936e-09,5.3293812478938675e-09,0.00012033572854440496,0.9994693255369802,1.520044817645118e-07,0.000410169982000067
5,mlp,11784,3,3,5.1575958957119495e-08,1.374174676459981e-06,4.032591950161146e-08,0.995981007824856,0.00020056315494348332,0.00012840210643532592,0.003688560837210302
5,mlp,2831,0,0,0.9999890839646202,3.022536027107296e-08,7.663397762534206e-06,1.770561942211041e-10,3.0780202562336653e-06,1.4277557704169637e-07,1.4393673030318071e-09
5,mlp,2130,0,0,0.9152538566761051,1.4436207392810703e-06,0.015470876163652373,6.402181998193427e-06,0.06264251674676392,2.9064805323330992e-05,0.006595839805417751
5,mlp,10303,3,3,8.33048298798573e-10,1.1847672895491906e-07,4.5189776373583665e-10,0.9998342716713647,2.7060777156091964e-05,4.562320520125434e-06,0.00013398546928421968
5,mlp,10615,3,3,2.9618128028005913e-10,2.386158339886761e-07,3.257111533212604e-11,0.999092487197604,0.0008755620579858724,5.579845956117464e-07,3.1153815227978105e-05
5,mlp,8160,6,6,0.00015314926897084334,2.1152333281873958e-05,0.00022309852088778408,0.00991296282133636,0.001435311778035295,0.0001464149176814202,0.9881079103598065
5,mlp,11578,3,3,3.5017220057092276e-08,1.2900202681992816e-06,2.0326694228613943e-08,0.9979131582011488,0.00018680607793440017,5.1699059849191894e-05,0.0018469912968848937
5,mlp,6724,4,4,2.824833469268541e-07,1.0594458803513242e-08,5.416362732944538e-05,7.065265795418494e-08,0.9999066227260813,2.337819268331167e-07,3.861613419858199e-05
5,mlp,11494,3,3,2.5509545584623773e-09,8.6213254609221e-07,6.094441642262684e-09,0.9993690220351423,0.00018248454076938244,0.0001156278027353022,0.0003319948434108217
5,mlp,9361,6,6,0.00010217632212639837,8.001418551890422e-07,9.646199978268615e-05,0.0004483473869352784,0.0009411361774642258,0.0012932693352205923,0.9971178086366156
5,mlp,12289,3,3,8.439382812891068e-08,2.103853021683802e-06,1.6429656057792104e-08,0.9835684406636448,0.010514498075064764,5.996159704923477e-05,0.005854894987735326
5,mlp,3793,1,1,3.6465679606816306e-13,0.9999999664901049,3.198987496814009e-08,2.488142773048676e-28,1.5196554649891623e-09,1.9063382324746933e-20,1.4770843930026695e-37
5,mlp,3960,2,2,0.013920559344473279,2.205706870791066e-06,0.984084762844673,9.757640320599825e-09,0.0007074296107563465,1.611461235233903e-05,0.0012689181232341253
5,mlp,536,5,5,2.324302889942251e-06,3.150151289697566e-07,8.921103357523738e-06,0.009457237564468663,3.109440085244379e-05,0.9896942760491747,0.0008058315641276289
5,mlp,8094,6,6,0.00040692915080654693,1.601591935111224e-05,6.747805038260341e-05,0.018975716607472926,0.002232300453549129,0.0001953632811150089,0.9781061965373227
5,mlp,8117,6,6,0.0006472023162525374,7.319273092808715e-05,0.0004069711552511184,0.21598611546724236,0.0026631045323491347,0.019658014349605027,0.7605653994483719
5,mlp,7692,6,3,3.7584157109133914e-05,4.824543742162695e-05,3.578540553405554e-05,0.6552525201498389,0.0028132573673450016,0.002256749471235934,0.3395558580115154
5,mlp,6320,4,4,2.128429286120454e-06,1.5209221489604264e-07,8.815878529367439e-05,9.216507474325142e-06,0.9992539398073095,3.955254414962604e-06,0.0006424491240066776
5,mlp,6896,4,4,1.692991255641784e-08,4.80279656317013e-10,4.020790163669026e-05,8.881550107264008e-10,0.9999544648640907,1.4493798017640018e-08,5.294442127348597e-06
5,mlp,6419,4,4,4.060496113476965e-07,2.8699923720421702e-08,8.906721390503936e-05,5.627524833910303e-07,0.990495779761371,5.41212522268951e-06,0.009408743397482754
5,mlp,3179,0,0,0.9588498459318898,0.00014765869161084547,0.0409088767002955,3.5958230888670606e-10,9.260674907073787e-05,1.0088475657390469e-06,2.719984783886748e-09
5,mlp,2252,0,0,0.9998854923919142,1.2867888883661498e-08,9.339114057606388e-05,2.42705888139514e-08,1.3693461402794987e-05,4.077153926556791e-06,3.3087137026849995e-06
5,mlp,13533,3,6,0.0005251857088449975,1.8650793304595103e-05,0.00043245647403188016,0.029873549532164142,0.0009307371758822034,0.001492716409617391,0.9667267039061547
5,mlp,395,5,5,1.4244077429761418e-09,1.2102875012273354e-09,7.557494780267719e-08,7.078577101241499e-05,3.091448045654199e-07,0.9999273270524868,1.4998220530628385e-06
5,mlp,9153,6,6,0.0008671379510440403,2.07701770787384e-06,0.0001449418744742994,0.0016757836150252652,0.0019203275711197328,0.0006202424158341559,0.9947694895547947
5,mlp,12369,3,3,5.360898534704166e-08,3.220272266365506e-06,8.372097052425971e-08,0.9946425261556566,0.000375948243620849,0.0003053124281551129,0.004672855570345113
5,mlp,1793,5,5,4.167021667707901e-06,2.746099938852344e-07,2.5284857951386768e-05,0.00011302860729757096,1.0041066887244337e-05,0.9996930627058861,0.00015414113031599468
5,mlp,10627,3,3,3.300749251986312e-09,5.400114095099752e-07,3.447334825345517e-09,0.9996656814477098,6.783107176505551e-05,1.6370516576401942e-05,0.00024957020445532453
5,mlp,11238,3,3,5.893243669283493e-08,8.753561075544926e-07,3.011654857693105e-07,0.9881535151579429,0.0001308824617740235,0.009788256074752545,0.0019261108515007239
5,mlp,5245,2,0,0.9638733656273298,3.0583033734356317e-07,0.011337633367666442,3.863559234566876e-11,0.0247886833102988,7.239614994568954e-09,4.5861168968042346e-09
5,mlp,3507,1,1,5.469187850714484e-07,0.9999994143628758,3.7466465623666586e-08,2.7664563215180364e-20,1.2517458201597788e-09,1.278961758588044e-13,6.2814260077227774e-30
5,mlp,9967,6,6,0.12387550264614597,1.2530823264358168e-05,0.02014005957487688,0.00010429224363954248,0.02616895013693147,0.004427768137631669,0.8252708964375101
5,mlp,8036,6,6,0.00034719431805015457,1.6494945940054963e-05,0.00013333077573248373,0.030127340230751882,0.0021303482418153085,0.0003573297017772604,0.966887961785933
5,mlp,362,5,5,2.492145755094259e-07,2.469188504087667e-07,4.209357013890722e-06,0.013302578823819943,2.922518849893116e-05,0.9861257665174028,0.0005377239798384338
5,mlp,12564,3,3,2.500251291701143e-06,9.010446171557838e-06,1.496681974867495e-06,0.8754082289552413,0.000704908749941177,0.00047108383074133143,0.12340277108463811
5,mlp,10882,3,3,2.749243753174155e-08,7.705342022661792e-07,7.382198248172667e-09,0.9962869076791931,0.00013105305952638242,1.1532813263791655e-05,0.003569701039178553
5,mlp,3041,0,0,0.9999151827980522,1.0161118804016615e-05,5.037582024517885e-05,7.238663363603979e-10,2.0170572223291918e-05,4.108259930708495e-06,7.068783041780493e-10
5,mlp,9053,6,6,0.0014543213729188182,5.971388410926286e-06,0.0015219768747012621,0.003910916958333978,0.0006527399156978264,0.011906412611688563,0.9805476608782487
5,mlp,12835,3,3,2.6427357750577642e-06,1.108681619060951e-05,4.183601709902339e-06,0.9326332341615339,0.0007100320030347256,0.0030321755614735797,0.06360664512028213
5,mlp,1069,5,5,0.0002544537287596532,8.068537736882726e-07,7.651108058103119e-05,0.006273534225039761,6.80358280940149e-05,0.9907251899363319,0.0026014683474198906
5,mlp,10223,3,3,3.5980371945735203e-09,4.033504464397172e-07,2.604061909691091e-10,0.9995755387810702,0.0001643308320759947,3.4432924935487244e-07,0.00025937884871441813
5,mlp,8538,6,6,0.000494832015325173,2.0141553296704283e-05,0.00048692525846593825,0.011900699998909718,0.0010730847114112881,0.0007431202167989133,0.9852811962457922
5,mlp,6426,4,4,0.005587272718881055,7.969266233405221e-06,0.060926146909866925,4.70558987501948e-05,0.7081095579946122,0.0005588560938441068,0.22476314111781226
5,mlp,8111,6,6,0.0011406836163813476,3.33545263159234e-05,0.0010195119314699813,0.057289517983178107,0.0011073191391243501,0.026021814726773403,0.9133877980767569
5,mlp,6427,4,4,9.465641525186275e-06,1.9623154864305093e-08,6.825118207144126e-05,1.4615046921800896e-06,0.993011161634579,5.136919324587403e-06,0.006904503494652683
5,mlp,8410,6,6,0.0003121623317559685,6.0386558336798156e-05,0.0003866681379082598,0.06265394889700901,0.002096021180315912,0.005490263382344714,0.9290005495123294
5,mlp,13162,3,3,5.466553194278557e-06,1.6755075513211408e-05,7.375420777022334e-06,0.9181180832726101,0.002441872440452938,0.0023417816986294683,0.07706866553882294
5,mlp,12093,3,3,1.7168386672259617e-06,4.14275816522656e-05,1.8231081194054839e-06,0.9579024615056138,0.012985581066751675,3.569569772480235e-05,0.029031294201470874
5,mlp,5061,2,2,6.471109164076872e-05,2.995964439592842e-06,0.9998516323790115,1.6281750695342526e-14,8.058015454022266e-05,7.98805519664831e-08,5.2979970002989e-10
5,mlp,2427,0,0,0.9999807369964575,1.879893174923443e-09,1.072490083526021e-05,1.0826163414702076e-09,8.009819560086136e-06,4.329967524238532e-07,9.23238854475706e-08
5,mlp,5170,2,2,0.0029523904598456187,4.0835061445517475e-05,0.996980055574043,3.2787234869406268e-12,2.6412372712304508e-05,3.048387673616629e-07,1.689907516473908e-09
5,mlp,983,5,5,2.0429060042036632e-07,3.745174313460145e-08,3.716886031159491e-06,0.0004574922856898836,3.591978749563654e-06,0.9993675944446228,0.00016736266256309844
5,mlp,1554,5,5,0.00021573421320938445,3.712518803923159e-06,0.0006092875544728313,0.004603985061470042,0.0001043133424567631,0.9700791267477015,0.024383840561885434
5,mlp,1957,5,5,0.0018986978271473861,3.350333493640156e-06,0.001398285955144744,0.00010505785405192112,7.958439747412759e-05,0.9919782472466855,0.004536776386002582
5,mlp,4401,2,2,0.0012745963446162793,1.6980206557144715e-07,0.997102195001216,1.0160979494977537e-11,0.0016195533435024697,4.641784775897676e-07,3.0213199610849363e-06
5,mlp,4220,2,2,0.051292423645192424,2.0638628970106695e-06,0.8494066175096713,5.516631398837618e-08,0.09890052098370432,3.633625348926131e-05,0.0003619825787317475
5,mlp,8276,6,6,0.0008000039767491174,2.453739119063068e-05,0.0006232639186014066,0.007718454239107711,0.011922892378098578,0.00015814775536974505,0.9787527003408828
5,mlp,11129,3,3,5.562214322621629e-09,5.95011848593536e-07,5.646446725561802e-09,0.9994393660135469,0.00010810091502449087,5.3104110152972456e-05,0.00039882274076598144
5,mlp,7615,6,6,4.801419190798635e-05,2.5581533311418723e-05,1.9812713861892395e-05,0.15461506532910826,0.15212905180102634,0.00022052984259708313,0.692941944588187
5,mlp,9270,6,6,0.0037521511891052397,6.240098880902916e-06,0.003084914698916644,0.00174118369115544,0.004814033880312274,0.001364322254229006,0.9852371541874005
5,mlp,7355,4,4,0.001093399967089146,1.8883201659243878e-07,0.46915144935364617,3.3211870614876844e-10,0.5297399487264953,2.6777196351397884e-06,1.2335068998791596e-05
5,mlp,7725,6,6,0.00013713418127003115,3.8955162445138926e-05,0.00015534417260433138,0.19236775395686173,0.0030663241746016127,0.0011358930227480012,0.803098595329469
5,mlp,8584,6,6,0.001293596484850684,4.6445673063822035e-06,0.00010208308996951624,0.004204400568852554,0.0006945500827443374,0.00058744196019265,0.9931132832460839
5,mlp,7776,6,6,0.0010261205818576642,5.024108193166222e-05,0.00017254617463839263,0.08624327217709969,0.011700452885145981,0.0003638023836479862,0.9004435647156787
5,mlp,343,5,5,2.932212732769132e-08,4.2752208537375196e-08,8.097945716945569e-07,0.004693570107387175,8.99107279938424e-06,0.9950961919732435,0.00020036497766223
5,mlp,10327,3,3,3.3836891723973586e-09,2.3314675089443064e-07,1.3539308682085256e-09,0.999722613747488,3.272571442014581e-05,4.267773181825764e-06,0.00024015488053920136
5,mlp,4157,2,2,0.0012368418777067892,9.690704796826113e-07,0.9979021530720044,8.172206756356645e-10,0.0007602442503982891,2.717438476439345e-05,7.261652742586172e-05
5,mlp,11992,3,3,2.7831381008803596e-07,2.7790921426475193e-06,1.2928221716972093e-06,0.9687252369008197,0.0003476791072600346,0.022551273877081265,0.008371459886714661
5,mlp,70,5,5,4.301675603382965e-10,5.0709133239373554e-11,6.104905512567354e-09,1.5695791693128028e-05,2.969864330661354e-08,0.9999841970289882,7.089489316572407e-08
5,mlp,7031,4,4,0.005605215976451357,1.5694134014632232e-05,0.050384988450527024,4.119901413168751e-08,0.9408816359862299,0.002540164537314332,0.0005722597164486248
5,mlp,4248,2,2,0.024686086119685417,4.839243852229125e-06,0.9742833247990257,8.714882545897694e-09,0.0007634553538091624,0.00011357744357529704,0.0001487083251694984
5,mlp,6260,4,4,2.5034461945731983e-06,1.362651092667019e-07,0.00021812021212042675,5.535385149707849e-05,0.988404499404158,0.0004211473543086326,0.010898239466612083
5,mlp,9194,6,6,0.0016778763044711605,3.560420112257816e-06,0.0010414463513275067,0.001234250357163887,0.0003324821876982868,0.0028237609124503803,0.9928866234667766
5,mlp,11535,3,3,1.1383769275226646e-07,5.237470442609249e-06,4.336225489989994e-08,0.9977239630242701,0.00032971024067037684,2.1420571781988695e-05,0.0019195114928871608
5,mlp,535,5,5,1.8623709112787916e-05,5.0289867194877295e-06,6.248702775951346e-05,0.19963322256201027,0.0003755534830701963,0.7571391574007256,0.04276592683060221
5,mlp,1692,5,5,1.179346975532947e-06,6.139498668717496e-08,8.596573567992569e-06,5.702988462216186e-05,3.1576124049511017e-06,0.9998771042482719,5.287093917071589e-05
5,mlp,6135,4,4,0.0006348537632768113,6.630812824103204e-07,0.000711135330339575,0.00012917802661267824,0.8697915034994105,0.00014711720513870715,0.1285855490939392
5,mlp,5972,4,4,1.85354096841355e-05,1.0031341025492969e-06,0.00016845290531003143,0.00011139176302027518,0.9959487619027553,1.3063876452075561e-05,0.003738791008675719
5,mlp,11991,3,3,4.18912138350845e-07,3.3473048997738127e-06,2.3662989892207577e-06,0.9404812602041337,0.00033098825108936533,0.04553997863862984,0.013641640390119706
5,mlp,12002,3,3,1.9966698541526622e-07,4.301417454452118e-06,2.8257224883073675e-07,0.9937806850203925,0.00031897850161054665,0.0003305075333864564,0.005565045287921824
5,mlp,2179,0,5,0.30125480861282566,3.1107553219995878e-06,1.678909803164956e-05,4.722662024809146e-06,0.0001628575138121995,0.6985574943852852,2.16972698323269e-07
5,mlp,789,5,5,1.6075492272286863e-05,1.314922909614318e-06,4.790727295684376e-05,0.01337349291210464,7.956439369133387e-05,0.9815399782273769,0.004941666778688319
5,mlp,13321,3,6,0.0006743119780355994,6.347464361009927e-05,0.0002637985164811836,0.07891784193178249,0.0020823822774379388,0.00028880417169292424,0.9177093864809597
5,mlp,3048,0,0,0.9999985237601997,3.292829354822868e-09,3.8261913654033477e-07,2.0377202424710036e-11,1.0878521907456766e-06,2.4050035294325715e-09,5.026290982323939e-11
5,mlp,11658,3,3,1.3340445684996352e-06,4.985490162251952e-06,5.618175852447721e-08,0.9818252642728018,0.0045264653214304364,1.4910738096551607e-05,0.013626983951182094
5,mlp,8218,6,6,0.0016052300465635282,2.3559808458835098e-05,0.0005909678481817572,0.009440930332633027,0.000742886084377506,0.00032592161356635296,0.9872705042662189
5,mlp,3165,0,0,0.9970849245475846,1.922608981234323e-06,0.0025828782293098452,1.77232032161524e-10,0.00033024884901558185,2.244966846499199e-08,3.138208412300492e-09
5,mlp,4574,2,2,0.020155802717318507,3.4989312289524922e-06,0.9789625683896851,1.795651923786076e-09,0.0008452752894622281,1.9078362217056228e-05,1.377451443602802e-05
5,mlp,12854,3,3,6.017943569815011e-06,1.9920091914754598e-05,4.014876978704966e-06,0.9250823354614618,0.0010675051956404974,0.0008312020063318594,0.07298900442410274
5,mlp,826,5,5,2.098613335056265e-06,4.250469483538963e-06,2.2183833349333206e-05,0.10428782249081169,0.0003313534122624436,0.8868707952494727,0.008481495931285138
5,mlp,2043,0,0,0.9331053724297005,1.0249922325761638e-05,0.0017591376716304073,0.0012368708125308214,0.0021604328151328027,0.005025895898874148,0.05670204044980569
5,mlp,13021,3,3,5.9832298897440496e-05,3.0024232080963347e-05,0.00018024820676795485,0.5427643705704994,0.001185723858128264,0.27287815413107197,0.1829016467025541
5,mlp,10640,3,3,1.1531359565445829e-09,1.755287758011847e-07,4.934950210703083e-09,0.9995720057663096,5.085682775601439e-05,0.00015555247297933424,0.00022140331609313865
5,mlp,12076,3,3,1.6044696105781e-07,6.3390336813399316e-06,3.9914730616302646e-07,0.9943595632406248,0.0005332029642849442,0.0005022189028945823,0.004598116264247096
5,mlp,6854,4,4,0.0005508550842752212,1.1552451036831609e-06,0.05454810422678285,2.0329347029373e-06,0.9091102300755078,0.00024329435733754876,0.0355443280762898
5,mlp,12740,3,3,3.0994253533846714e-06,1.6524614438950375e-05,4.0738021680923114e-06,0.9461791993676018,0.0007265655063204056,0.001301959532915476,0.05176857775120209
5,mlp,3189,0,0,0.999990455823477,7.214247808406781e-10,2.053185355663996e-06,3.573969636229575e-13,7.48969188069232e-06,5.7284119388189e-10,4.663205053955149e-12
5,mlp,2778,0,0,0.9999173576930329,2.0736291070551496e-06,1.9811746260332167e-06,1.7925067817745236e-08,4.353777718572507e-05,3.5027110404026194e-05,4.690576319133081e-09
5,mlp,3326,0,0,0.9979099323889706,5.1722390485088895e-05,0.0018238147490522813,8.15239557839109e-12,0.00021452614378627747,4.316087812083256e-09,3.465503672615858e-12
5,mlp,7037,4,4,7.542371853268004e-06,7.431639733235163e-09,0.00013051476946709858,9.832321399068851e-08,0.9995433497420518,2.423010006037282e-06,0.00031606435176801203
5,mlp,1585,5,5,2.0693022592612338e-05,7.93741852324477e-06,0.00026081473213413375,0.008421665246528497,0.0002504228221483362,0.9827399404067763,0.008298526351297134
5,mlp,2806,0,0,0.9997338809476733,1.8108705425659234e-10,1.0317630433011565e-07,2.636191760494432e-10,0.00026600801999936147,6.9339372667949545e-09,4.77379422885962e-10
5,mlp,9599,6,6,0.00796960478300011,5.7837792242609535e-06,0.0018836687374457507,0.0010423471397291576,0.0008989647263891468,0.02220060916409169,0.9659990216701199
5,mlp,5012,2,2,0.00017856462384900832,1.171655966371511e-06,0.9933086038369302,7.166074542189145e-15,0.006511648523475195,1.104858485676855e-08,3.1118729925884804e-10
5,mlp,6750,4,4,3.916897219164751e-08,3.207404858106608e-10,2.1768330306962177e-06,9.796986397230406e-09,0.99988782195991,8.608700927885419e-08,0.0001098658333510684
5,mlp,12942,3,3,7.659556612770963e-06,2.097153445996631e-05,1.005593017806686e-05,0.860295328683094,0.0011651705959306346,0.002211169334832869,0.13628964436489188
5,mlp,11998,3,3,1.184622164785489e-06,5.0613126430206485e-06,2.380233132162375e-06,0.9747593318775062,0.00034613284218997957,0.009105273630843602,0.015780635481520238
5,mlp,3571,1,1,5.070136453015119e-08,0.9999999492113564,6.270113404113507e-11,4.496899785239838e-21,2.4503065730576636e-11,7.475361394332075e-14,1.0523869648011283e-33
5,mlp,1148,5,5,4.900620568233761e-07,2.4698181553409352e-08,2.1851266272147756e-06,0.0001734905082171315,2.3730753358707395e-06,0.9997778056613309,4.3630868250480147e-05
5,mlp,6184,4,4,1.0866639253864818e-09,4.908722455521676e-10,4.0259199819381136e-07,3.642906634389761e-08,0.9999868388410971,3.450695956533936e-08,1.2686053342537207e-05
5,mlp,8957,6,6,0.0013820936073549205,2.2684315635302093e-05,0.0024373575217102065,0.011992652132140588,0.0012528072948253977,0.138100113186245,0.8448122919420886
5,mlp,6104,4,4,2.211138396172992e-05,1.377918950004511e-07,8.108199057922899e-05,3.79960529743935e-05,0.9278545213926658,4.057661516762742e-05,0.07196357477275611
5,mlp,1167,5,5,3.150719735899643e-08,1.0785758024019004e-08,1.4102283946537645e-06,6.8065563543037e-05,1.1097103650298217e-06,0.9999080370725697,2.1335132172382653e-05
5,mlp,3153,0,0,0.9995204577824351,0.00028518346358042464,0.00013034084903691147,1.2576898590984024e-08,2.8308016673324875e-05,3.5696817386991844e-05,4.939884419419436e-10
5,mlp,10576,3,3,1.273287907738067e-10,7.200382381972865e-08,2.0017219793917046e-10,0.9998614136532018,4.4527105719623806e-05,1.9562290965636286e-05,7.442461878822956e-05
5,mlp,5406,2,2,5.75893084399107e-05,2.9753646942759473e-05,0.9998157272650227,5.693562544280158e-14,9.687481858730712e-05,5.491008796007247e-08,5.08626378258392e-11
5,mlp,5762,4,4,3.959370268994141e-09,4.260063570381635e-09,1.2521625432587601e-06,4.428645808440875e-07,0.999965494049351,5.093581090160029e-08,3.275176828025753e-05
5,mlp,12580,3,3,3.9207832125261204e-06,2.777813428758441e-05,2.196394274048206e-06,0.9496985094112965,0.0017209299389340925,0.0002239061226671234,0.04832275921532813
5,mlp,7110,4,4,2.622654164498159e-07,4.533963579308209e-10,1.8562006260702703e-05,3.752987306823919e-09,0.9999683454132894,2.5083389464216058e-08,1.2801025260301563e-05
5,mlp,7535,6,3,6.448787200124897e-05,3.3930253203206234e-05,7.979419893340755e-05,0.6900965290985519,0.0018065406062633515,0.007091200923223423,0.3008275170478235
5,mlp,11549,3,3,5.34527187644948e-07,4.845599729338107e-06,1.6562309973231611e-07,0.9948696557499732,0.0007204256142277746,2.478363517041967e-05,0.004379589250611993
5,mlp,148,5,5,8.629068596123647e-09,1.6845358239835352e-09,1.553509474686623e-07,0.0003005733755801496,5.20499222297823e-07,0.9996884985042757,1.0241956370030449e-05
5,mlp,8953,6,6,0.0017817108827205205,3.294918329305178e-05,0.0011223663616616775,0.008770637084793498,0.0010652233189677109,0.002697064001857152,0.9845300491667065
5,mlp,5953,4,4,6.187723940685648e-07,2.2222985218597338e-07,2.9450124843808012e-05,2.591371114260762e-05,0.9988752644069269,3.5981573054778326e-06,0.0010649325975351591
5,mlp,2999,0,0,0.9942818227298386,2.9335283139751623e-07,0.0051527523262702634,6.669592800578068e-10,0.0005650079285052276,4.608591280541302e-08,7.690968252747095e-08
5,mlp,2567,0,0,0.9999760410676575,6.104521891366872e-08,1.5888153904770734e-05,1.652638949092902e-09,5.416160969091486e-06,2.5758399925540732e-06,1.607961831940696e-08
5,mlp,11414,3,3,5.664260905628956e-08,1.0086304194801964e-06,1.6765930631603046e-07,0.9955904210016363,0.0001183073309986773,0.0009121544929765992,0.003377884242053305
5,mlp,8251,6,6,0.0008155474726090298,4.8294802655031594e-05,0.0004231158544755565,0.037099833047485535,0.0017438416524545343,0.0006077323221162827,0.959261634848204
5,mlp,5079,2,2,0.0005766928324174405,6.418928539460772e-07,0.9974990438597766,5.5483759232029975e-11,0.0019128739099587594,1.0456731402318992e-05,2.907181072588039e-07
5,mlp,1418,5,5,1.9779479050207514e-10,3.1897327852330434e-11,1.059680088428451e-09,2.0028538350432636e-07,9.829419959470353e-09,0.9999997884219133,1.739109621032924e-10
5,mlp,4933,2,2,0.0001946545669731937,5.02357509364063e-07,0.9997773375156981,6.94863642742866e-14,2.7487305950130285e-05,1.52606833666508e-08,2.9931164179486718e-09
5,mlp,8592,6,6,0.015713388772585834,3.0324235241294207e-05,0.0017990288207273913,0.009441870416326258,0.0024035036013879303,0.001042049269752131,0.9695698348839792
5,mlp,4458,2,2,0.00012354645203928525,3.3696465185205093e-07,0.9997845480062507,1.9435455685614273e-12,9.120229038468189e-05,1.0008169307345558e-07,2.6620303678389526e-07
5,mlp,11458,3,3,2.535834337366167e-07,6.066649333189258e-06,1.8225032851890062e-08,0.9909150030440863,0.0017248812689676359,7.064043843667255e-06,0.00734671318530237
5,mlp,9140,6,6,0.0002783912831638509,8.7871351837997e-06,0.002084628802599604,0.00037336277650753885,0.2019267174485345,0.00010319272560589175,0.7952249198284049
5,mlp,12588,3,3,2.5620645633544306e-08,2.6670894032870036e-06,3.778085765524472e-08,0.9964442474235096,0.0005773686748008527,0.0003316851107408932,0.002643968300042223
5,mlp,12094,3,3,8.256246314813096e-07,8.906087695364783e-06,5.462444383458176e-07,0.9851845110024555,0.0010519594590623724,0.00011901954350954055,0.013634232038207347
5,mlp,8452,6,6,0.0006813305432716436,1.5882433545692166e-05,0.00023201269251582144,0.007666128291016713,0.0008586297096534948,0.00024904880566867753,0.990296967524328
5,mlp,943,5,5,1.5908293039409054e-05,5.075914867381403e-06,0.00011929680515709188,0.04864965978677049,0.00022673514926041516,0.9336186709560784,0.01736465309482696
5,mlp,13504,3,6,0.00015457805214228574,4.5364157826537756e-05,0.0004283471543255749,0.22780754189823452,0.0018754658326048542,0.38325434494980426,0.38643435795506204
5,mlp,6450,4,4,0.00027157468420340266,4.92804818967683e-07,0.0036565440794481302,3.4519565370400256e-06,0.9917181772049892,9.899176120276869e-06,0.0043398600938831
5,mlp,11047,3,3,7.78622867380124e-09,9.75124800196137e-07,1.9334027439915854e-09,0.9994497535039598,0.0001895730857309326,6.156496766130244e-06,0.00035353206911140707
5,mlp,5419,2,2,9.730985440385238e-07,1.0871363389542782e-06,0.9999897323136163,3.679171206419513e-18,8.207260524200072e-06,1.9091811625903285e-10,5.807152041540177e-14
5,mlp,3008,0,0,0.998508151320887,2.0441651513772974e-06,0.0012012326991689096,2.9582184906546017e-10,0.00028837212552031637,1.9279940822214384e-07,6.594042264378085e-09
5,mlp,8467,6,6,0.00021600110526001046,1.552603367140515e-05,0.00015240473034798782,0.012195327136302267,0.0023317844619557713,0.0002520405489908925,0.9848369159834716
5,mlp,6834,4,4,5.1328955248259646e-06,5.411824428047699e-08,0.00035044547830931377,3.29299977613715e-07,0.9994272412002266,1.8372516117228442e-06,0.00021495975610550083
5,mlp,11301,3,3,3.114851239357511e-08,1.058288469670247e-06,1.7172591489926472e-07,0.9956311680059818,0.0001328454096365724,0.0024732786171786326,0.0017614468043059047
5,mlp,9857,6,6,0.005324379657250974,4.713402950617392e-06,0.010118598659111069,7.712271806521415e-05,0.001067822974898693,0.0015979122360221293,0.9818094503517013
5,mlp,8929,6,6,0.005196532843550591,1.3554241072951108e-05,0.002053871660281462,0.002205790221439242,0.004661832130622036,0.0003545140079535965,0.9855139048950801
5,mlp,8496,6,6,0.00013423107720002936,1.7198288271134348e-06,1.3528911478283876e-05,0.006399875653372825,0.006040129050310378,0.00019021538677710934,0.9872203000920343
5,mlp,7034,4,4,0.0002382022557064333,6.064421446008759e-08,0.042237237258089345,3.125965035612045e-08,0.95484166521212,3.4691203649855065e-06,0.0026793342498543597
5,mlp,3882,2,5,0.05159211044616953,1.2381071454679144e-05,0.013643703045547016,4.2069453405297336e-05,0.000281855259966304,0.9309139363082246,0.0035139444152326445
5,mlp,6254,4,4,4.6543272720576064e-09,2.5847817849696545e-10,9.387683767806985e-08,1.5243978737929074e-07,0.9999013442728353,1.069645144952788e-07,9.829753321994407e-05
5,mlp,12797,3,3,7.581454193010062e-06,5.7152042508992634e-05,1.161490725656048e-06,0.9235904918990663,0.007757158401789798,9.490102297182807e-05,0.0684915536887444
5,mlp,8962,6,6,0.0031316818802225757,5.8045954857237125e-06,0.0011304591854042706,0.0008765110561224866,0.0018862914840790492,0.0002412592854522755,0.9927279925132335
5,mlp,10401,3,3,3.849767848094745e-10,5.60243353963624e-07,3.405343746916421e-10,0.9996728205129549,0.00026534652477462546,2.4621290103781495e-06,5.880986439511072e-05
5,mlp,12657,3,3,1.6738998787713276e-05,4.0562495303922675e-05,5.037276788572071e-06,0.9144434597632305,0.0017129430787275978,0.0002479107085005788,0.08353334767866094
5,mlp,10548,3,3,1.1764148287172508e-09,1.017908584145261e-07,3.026415944195419e-09,0.9995851057816404,2.932955129051187e-05,0.00010942743670273461,0.00027603123667717237
5,mlp,12672,3,3,4.878927553117758e-06,2.4107701643181044e-05,6.431387698632728e-06,0.9150752172015221,0.006115754135972111,0.0003428238126811383,0.07843078683292971
5,mlp,6028,4,4,3.2952059828234442e-09,1.4651039731509151e-09,7.093110164481432e-07,1.2448990703378794e-07,0.9999952653080306,1.0483943085420733e-08,3.885646792831472e-06
5,mlp,9167,6,6,0.0005775924571663684,4.685486120935301e-06,0.00034642750364389824,0.0023090990570005026,0.0005382274662644629,0.0022130029013291666,0.9940109651284748
5,mlp,4173,2,2,0.0027366498040482727,1.2466630990688987e-06,0.9941693708339756,4.0017115166434644e-09,0.0027264723290182143,4.120585431677483e-05,0.0003250505138307156
5,mlp,10267,3,3,2.1278992708486893e-09,7.493606009200877e-07,4.01842296667729e-10,0.9998134248906839,0.0001272068309416569,5.730063156568258e-07,5.804338171630726e-05
5,mlp,1392,5,5,7.992721420332256e-08,1.9717472225294696e-08,2.0337648657321785e-06,5.991955262791879e-05,1.5898808791092918e-06,0.9999073974825655,2.895967437529559e-05
5,mlp,857,5,5,3.7212736582647742e-06,2.0514590613222018e-07,1.5302748824899143e-05,0.0026955297760862503,1.5674130439657142e-05,0.9964384048940665,0.0008311620310180912
5,mlp,8526,6,6,7.214718809096549e-05,6.1056606109157975e-06,2.178234612272923e-05,0.013937815945884308,0.006399471812133579,0.0002706723004536404,0.9792920047467037
5,mlp,7386,6,3,6.370200863558623e-06,1.957694138321705e-05,4.964719744260738e-06,0.9273958733098753,0.0007283781562291551,0.0005845160619955195,0.0712603206099089
5,mlp,12948,3,3,1.1052011601204806e-05,9.614229486983402e-05,1.1565705773281154e-05,0.4239390140912389,0.3302510037468943,0.00012440480885474032,0.2455668173407678
5,mlp,9034,6,6,0.0022389172294523694,8.818934577924577e-06,0.0014177306262955843,0.0010879261773902645,0.0005945985641685601,0.00028159337654734676,0.9943704150915681
5,mlp,10194,3,3,7.57897375488771e-11,5.935959817044663e-08,7.353299082899778e-11,0.9999591101123625,2.2458553359573045e-05,4.174870304873884e-06,1.4196955052287388e-05
5,mlp,5225,2,2,1.5903962258415862e-05,3.319255723143756e-07,0.9999622974170091,7.241231240487355e-16,2.146270463781793e-05,3.95595483008678e-09,3.4566927912288353e-11
5,mlp,7803,6,6,0.00023805453219600178,8.36004100792701e-05,0.0002817146437667906,0.09690654586942742,0.10398803425250452,0.0003689186482769674,0.7981331316437491
5,mlp,9258,6,6,0.004601311285799611,6.262284148684889e-06,0.0009101138362166896,0.004123442328548346,0.001396155109528432,0.016100983132679544,0.9728617320230788
5,mlp,1318,5,5,1.788986953720483e-06,6.102269188743644e-07,2.9847564896904784e-05,0.002060844011167087,2.8826732281614142e-05,0.9969465301991493,0.0009315522786325706
5,mlp,7921,6,6,0.0005976660484470485,1.4790778715278382e-05,4.9375778944881545e-05,0.058828671780794387,0.012443553551949002,0.0003643901482594334,0.9277015519128899
5,mlp,11690,3,3,6.54331781814952e-08,1.0283469672161e-06,4.391770440436933e-08,0.9857977878097098,0.00020855992784230834,0.00010685426980881201,0.013885660294789147
5,mlp,8382,6,6,0.0006428170850020382,2.4082414682813184e-05,0.0014316780353568752,0.009130455470928521,0.2549684710981715,0.0002727545199503301,0.7335297413759079
5,mlp,5395,2,2,0.00018317348711339117,4.148377251689765e-06,0.9997562264807137,1.1205885406442052e-14,5.644901713921731e-05,2.6225306021142553e-09,1.5240308246711662e-11
5,mlp,12049,3,3,3.2934600946115104e-08,1.5956746709144757e-06,3.5478815406172164e-08,0.996237121292111,0.00024977382588342736,0.00015243211586089256,0.0033590086780575386
5,mlp,10430,3,3,2.9044866611602848e-09,5.730061164630738e-07,1.1325974201004608e-09,0.9997381880642187,0.00014150526441634767,2.100553032415696e-06,0.00011762907513202274
5,mlp,3407,1,1,7.232301847551487e-06,0.9999863558249998,6.374106654898986e-06,7.109886668981147e-19,3.77642569524958e-08,2.240816091565591e-12,5.876957239159653e-26
5,mlp,11388,3,3,2.1103727591354897e-07,2.2383509222286804e-06,2.792302212478481e-08,0.9882954397839092,0.0005431027095771567,1.6233226969766775e-05,0.011142746968323451
5,mlp,10759,3,3,6.985141801949829e-10,1.726875445657085e-07,5.112118727840387e-10,0.9997175754976673,6.759711359989189e-05,1.147381733658239e-05,0.00020317967412572646
5,mlp,3336,0,0,0.9999997029418696,2.0690502564314568e-08,1.7625593628470178e-08,7.692912042034134e-14,2.58696985858449e-07,4.4970835276686646e-11,8.22234621466141e-16
5,mlp,2924,0,0,0.9915477595600952,5.27624903001408e-07,0.008131359965231929,1.7964931842728895e-09,0.0003198401461795806,3.8523449580750204e-07,1.256726012777587e-07
5,mlp,11910,3,3,2.0265458401332228e-07,4.093064200599848e-06,1.4334129898574736e-07,0.9879722110012853,0.00031451653088219225,0.00012226476648327393,0.011586568641265881
5,mlp,1983,5,6,0.03111575079931818,5.584622262604322e-06,0.010730479406929675,0.0003095774131895839,0.001900414497742848,0.00537893609271284,0.9505592571678443
5,mlp,7619,6,6,0.00025599916948321715,4.080981118288792e-05,0.0003077032655262546,0.3697337136960778,0.0015739397919768573,0.017802501328213,0.6102853329375401
5,mlp,1815,5,5,1.2761843555338794e-06,9.049200122413059e-08,1.5570115279931233e-05,3.100038009076597e-05,3.850742344774253e-06,0.9998910853543742,5.712673155349897e-05
5,mlp,2499,0,0,0.9999781966014712,1.1357889335866523e-08,5.94960314405148e-07,1.482818790286545e-09,2.3054139218343783e-06,1.888942826945186e-05,7.553149704557125e-10
5,mlp,12762,3,3,1.5973780703767715e-06,1.531700217475402e-05,2.3406986165969286e-06,0.9645677566773885,0.0007460748018618946,0.0016441588014519811,0.033022754640435796
5,mlp,3163,0,0,0.9999968638580845,4.676973845180189e-10,2.1434883881874023e-06,2.9610100457576967e-13,9.91695217843662e-07,4.840252146454441e-10,6.290799403432183e-12
5,mlp,12262,3,3,7.50751055847818e-06,1.5263532396813568e-05,5.218955876448759e-06,0.9360205177861185,0.000617702765712118,0.0005265025384347856,0.06280728691090275
5,mlp,1243,5,5,6.890890320138486e-06,2.0965876234191935e-07,1.9662632023842576e-05,0.0009732298797995726,1.3888312075715924e-05,0.9979038962388419,0.0010822223881764767
5,mlp,1020,5,5,4.3176435298656365e-08,6.221761779769374e-08,2.7638528885502264e-06,0.0005139242846875029,5.258309516980642e-06,0.9994104811625708,6.746699628299841e-05
5,mlp,13023,3,3,2.1248741350773693e-06,2.166458800706195e-05,8.929950682053276e-06,0.9496675383721,0.0013962192898579774,0.012993232127361976,0.03591029079785593
5,mlp,9888,6,6,0.012965688286497646,8.382313981512335e-06,0.002712262915206096,0.00015895103206276897,0.011874374261348306,0.002845989570250796,0.9694343516206528
5,mlp,11538,3,3,2.145475902635716e-08,8.710176288509146e-07,1.8136023017923444e-08,0.9974812610417625,0.00015063888268958498,9.014159077450256e-05,0.002277047876362463
5,mlp,4325,2,2,0.0006305500701438605,4.318955361686487e-07,0.9979810038703408,4.166294493269016e-12,0.0013846122062461975,7.239037581856754e-07,2.6780498083713556e-06
5,mlp,7008,4,4,2.8848014669441435e-05,4.125890652814316e-05,0.12087491013689865,6.632009389998942e-09,0.8781422556345623,0.00032310585479849,0.0005896148205336406
5,mlp,8416,6,6,0.0007994284345248947,3.330212205169855e-05,0.000545943335990563,0.01539407341161268,0.0010978608938135188,0.000518716123371645,0.9816106756786351
5,mlp,13222,3,6,0.0003738054936350413,4.3875168849417625e-05,0.0002510434560193652,0.2911965481217039,0.001938858351936257,0.003670098392142596,0.7025257710157135
5,mlp,1901,5,5,6.1074840416138e-05,1.160265309248214e-06,0.00030389982273426147,0.00010798832154416072,3.283069586691322e-05,0.9981522704850578,0.001340775569071597
5,mlp,3122,0,2,0.18399768071950814,9.745137293351396e-06,0.8157146370022859,1.0472581794744651e-10,0.0002771130255374073,7.424624403059958e-07,8.154820890197322e-08
5,mlp,2053,0,0,0.9545108260189681,8.927847871358424e-06,0.002126382695589277,0.0008290246356115765,0.006328179036864125,0.001285432796882767,0.034911226968212784
5,mlp,3150,0,0,0.7301277649394773,0.00014753794447513031,0.269494838958957,1.3619034020998355e-09,0.00021590634588766622,1.3852520617041933e-05,9.792868271174416e-08
5,mlp,7961,6,6,0.006823974895623015,6.239894408648467e-05,0.0031078622261446706,0.11060006925443219,0.001953608500321993,0.15388316948377737,0.7235689166956143
5,mlp,4606,2,2,0.0006588539111820744,9.948269907570533e-07,0.9980533664638778,7.36544849733579e-11,0.0012829187526357804,1.1975909663394754e-06,2.668380692727475e-06
5,mlp,7636,6,6,0.0017161550623312435,9.941438205086823e-05,0.00033156236615134674,0.16843110461325497,0.002723588516789052,0.0005515143138388289,0.8261466607455836
5,mlp,7506,6,3,3.752571088275675e-06,1.7869552507646996e-05,1.0172315129388318e-06,0.9324696354578588,0.0026369521689538354,0.00042915609552401614,0.06444161692255454
5,mlp,1760,5,5,0.1256267550858382,8.195895361337518e-06,4.3550496695934485e-05,0.0046417772123095655,0.001170954412137425,0.8682965654082426,0.00021220148941494986
5,mlp,6920,4,0,0.47594511647424687,4.373926009161108e-06,0.16658205404236182,9.395652966991192e-06,0.3152958352808047,0.00036974144837640895,0.04179348317523388
5,mlp,7663,6,3,0.0001385400326361505,9.493009376341827e-05,0.0001027553619087244,0.529880888012226,0.0023422822796457963,0.002063859314909753,0.46537674490491027
5,mlp,10202,3,3,5.490778983304693e-11,6.939770984146508e-08,1.6671844283277604e-11,0.999927232658103,5.023249621026135e-05,6.053276841504428e-07,2.1860048713113808e-05
5,mlp,5978,4,4,4.452813315360575e-08,4.022327222507497e-09,3.831026447660051e-07,5.595872370895475e-06,0.9997723860390848,3.764455201689162e-07,0.0002212099899189558
5,mlp,8326,6,6,0.00013184676695147035,6.441505093098108e-05,0.0004901308336074157,0.25708894034010704,0.006554783257400122,0.06496597237688265,0.6707039113741202
5,mlp,12990,3,3,5.117241051797051e-06,3.639028013354724e-05,3.6855408726050493e-06,0.9590972631341615,0.0012854382346013957,0.0006923768386983982,0.038879728730480574
5,mlp,11431,3,3,2.6556964208555405e-06,7.250741847161197e-06,2.0669273355812859e-07,0.9969882253088009,0.00033426043702981865,1.7477294825207286e-05,0.0026499238283426265
5,mlp,3429,1,1,1.5418233029189648e-07,0.9995275208159087,0.00047209438544887453,3.593309531595574e-21,2.306159405866499e-07,3.715920239965799e-13,3.7219255652959903e-26
5,mlp,9040,6,6,0.0003059816299025753,1.1766488593843215e-06,4.6630093693227756e-05,0.0019395048787531543,0.006948460947887576,0.00034836211136269056,0.9904098836895414
5,mlp,3616,1,1,4.204696946652065e-10,0.9999999888057048,1.0758762989160913e-08,3.7310390410730835e-23,1.5056359260938234e-11,6.077502491324492e-15,4.897380334628296e-33
5,mlp,4175,2,2,0.017781957400798874,1.911458814509144e-06,0.9790112324882346,9.812392778207604e-09,0.0028804360329771697,3.106017362352279e-05,0.0002933926331586297
5,mlp,499,5,5,1.1484324535187322e-08,8.350054469814353e-09,3.8548028251330916e-07,0.00031108613724011936,1.4347763986795143e-06,0.999675681485047,1.1392286652512825e-05
5,mlp,8635,6,6,0.026492856933181437,6.314190003835117e-06,0.0003342985516324997,0.01475565677690002,0.02579412125846764,0.002012329381687652,0.930604422908127
5,mlp,12346,3,3,9.83597446566947e-08,5.446355728177591e-06,1.0285326990794765e-07,0.9957626554727714,0.0004791560003394769,0.00019441300645386573,0.003558127951692388
5,mlp,3812,1,1,2.63398930600424e-13,0.9999999999930416,6.382401884356773e-12,3.4066500751823277e-28,3.1264957159378125e-13,2.3931139081639045e-20,5.543081554563558e-41
5,mlp,4087,2,2,0.027738685286025258,1.4538350133008509e-06,0.9718538138205403,7.083650451850319e-10,0.00035648269766935976,5.0464745882396295e-06,4.451717779861522e-05
5,mlp,9629,6,6,0.001844825787026016,1.7436086470966164e-06,0.0005188554858417054,0.00034140375294813174,0.002032101632441806,0.0009380650771622075,0.9943230046559332
5,mlp,11476,3,3,3.98467376940887e-08,1.6832723720746462e-06,5.920877503202033e-08,0.9982464514119753,0.00017805289622361328,0.00016293343835427392,0.001410779925562003
5,mlp,547,5,5,0.0010324127375988526,2.34357274004195e-06,6.13545767506256e-05,0.08152704691687059,0.00032608877378065304,0.9118385197986595,0.005212233623599674
5,mlp,838,5,5,3.220085148109259e-07,2.539134523200284e-07,5.594816252835606e-06,0.006107848472676502,2.720409798625676e-05,0.9925083663219443,0.0013504103691729587
5,mlp,7707,6,3,0.0001645347868279445,2.848761725713847e-05,9.97595621126913e-06,0.565587494031061,0.020451670577657316,0.0006098992368550627,0.41314793779413017
5,mlp,8088,6,6,0.000991261347262712,6.564243504828577e-05,0.00045990797835784495,0.07712766775180165,0.006662287593834017,0.00046899528909059016,0.9142242376046049
5,mlp,7930,6,6,1.5744893449913717e-05,1.2714754942062873e-05,1.4742187857659676e-05,0.04353437135149899,0.0021620269263145863,0.00018594201917259244,0.9540744578667643
5,mlp,8132,6,6,0.0003163858961984472,2.4680902143772365e-05,0.0002607218603210577,0.006466980398005825,0.0031492072320589387,0.00011011174534884562,0.9896719119659232
5,mlp,2188,0,0,0.9998576928954614,3.3984422933840924e-08,8.327368751843692e-05,2.265808588969037e-07,3.7711121843517025e-05,1.2094529885884995e-05,8.967200008854897e-06
5,mlp,5542,4,4,1.3103683266961421e-06,1.9561668106092027e-09,1.1044773869587472e-08,0.00272288980746376,0.996790888042325,2.1749405137550524e-06,0.00048272384043016617
5,mlp,11943,3,3,5.486113387116332e-07,7.936154816054294e-06,2.3655858003976675e-07,0.9925418451430678,0.0005989759786554259,6.51535426324486e-05,0.006785304010909636
5,mlp,11193,3,3,1.0791078377354436e-07,2.7119183311389087e-06,6.025401481822089e-08,0.9967470099215177,0.00016352926529218689,2.874040597930236e-05,0.0030578403240811096
5,mlp,8084,6,6,0.0013588830069958765,5.0141181377458e-05,0.001962471029139616,0.11550929445973382,0.0015943162168823273,0.390122709749119,0.48940218435675187
5,mlp,6077,4,4,0.0010994541093912909,9.683119718636027e-12,1.2349058208661879e-08,3.46440232478743e-06,0.9988892150594734,1.693281320754669e-06,6.16078874864262e-06
5,mlp,798,5,5,1.1968864811766258e-06,8.783744181971972e-07,1.306075857981103e-05,0.01932557774920364,7.545303886881543e-05,0.977776679072106,0.0028071541203424084
5,mlp,6139,4,4,4.5923088609268776e-08,1.1590330484187512e-08,9.101429480518196e-06,6.655068786260509e-07,0.9999052971831228,1.7271723719956455e-07,8.470564986161202e-05
5,mlp,11548,3,3,4.3001493405000155e-07,3.813567268467154e-06,2.889738906659318e-07,0.9891372932792312,0.00034449422783567425,8.939477217642869e-05,0.010424285164663503
5,mlp,12228,3,3,2.1216677326402914e-07,5.638476280731221e-06,1.3968333832299902e-07,0.9949959250078511,0.000451172768732147,0.0001308668723452554,0.004416045024679216
5,mlp,9804,6,6,0.01676735307907796,6.961002783459303e-06,0.011880153160269294,0.00012997117682628316,0.0009011134234072491,0.002135461890420265,0.9681789862672154
5,mlp,385,5,5,7.617220561183078e-07,8.844766830276608e-08,2.6099971066096688e-06,0.004851208028194657,1.3610471421124236e-05,0.9949191102186423,0.00021261111491073913
5,mlp,2592,0,0,0.9999794254799796,9.163489119730592e-08,1.3503676929901198e-05,5.532400687001904e-09,5.329743853436067e-06,1.6277884306522284e-06,1.6143514551382644e-08
5,mlp,13299,3,3,9.799526041269266e-05,9.879071419088934e-05,9.820541584978207e-05,0.5697056780592549,0.04021776791179218,0.0007639214987215497,0.3890176411397782
5,mlp,2887,0,0,0.9997691094972636,3.229572249124308e-05,0.0001451935431926269,2.7434006637200186e-08,2.648880655580759e-05,2.6873318565009412e-05,1.1677925139705379e-08
5,mlp,2793,0,0,0.9999913297796499,6.24820670141628e-09,4.29292336960651e-06,2.8193973498533974e-10,4.352860170344547e-06,1.3763618666194893e-08,4.1430450009839e-09
5,mlp,12609,3,3,5.518437087829904e-07,6.146236798479833e-06,5.709042855512287e-07,0.9744176071208227,0.0005101153337642605,0.0007206970905188245,0.024344311470101444
5,mlp,1566,5,5,0.011122420834285609,7.150222126287323e-06,0.0002522276400442639,0.007082981823000478,0.0004999753323549197,0.9718022658456031,0.009232978302585248
5,mlp,4552,2,2,0.01115327169684506,7.191233580080725e-07,0.9886097767371139,9.448766385860684e-12,0.00023579681198366645,2.2589531571017313e-07,2.0972593468296e-07
5,mlp,224,5,5,1.9811761473694006e-08,1.0886097810229804e-08,4.630070829704969e-07,0.0011083512514786216,2.3070099781912724e-06,0.9988591657548361,2.968227876469154e-05
5,mlp,8762,6,6,5.528055548107729e-05,2.6906896286936255e-06,6.803001656494962e-05,0.002234824581013558,0.0892293255792598,0.00014200677262419912,0.9082678418054277
5,mlp,12665,3,3,1.715160424808255e-06,1.4079435067979251e-05,7.233176686774845e-07,0.9598609962117386,0.008466954539748495,0.00018882718467060338,0.031466704150680785
5,mlp,6908,4,4,1.9163035537884317e-05,1.139708604316434e-08,0.0001725084028109865,3.376964242656019e-07,0.9950722846685194,1.1078043251856305e-05,0.004724616756369508
5,mlp,1171,5,5,5.405440371756863e-08,1.8574909092617454e-08,2.1605208956197414e-06,0.0001112535929066572,1.7103734767909658e-06,0.9998485475960103,3.625528739773562e-05
5,mlp,913,5,5,2.7484451342008264e-09,1.9568256207364506e-09,1.8764454428358673e-07,2.358233139909807e-05,3.018992906382522e-07,0.9999739029602482,2.0204592469984546e-06
5,mlp,2357,0,0,0.9999288784265639,1.9074036107936238e-08,5.741244161095445e-05,1.31257044041871e-08,1.2338418635931022e-05,7.509146400212983e-07,5.875988086722363e-07
5,mlp,10987,3,3,1.3896652449371582e-08,2.2419041476048302e-06,7.0062082793643925e-09,0.9990693443426855,0.0003105823170100845,9.008138914312498e-06,0.0006088023943819508
5,mlp,2987,0,0,0.9999982426392776,3.4137957378061186e-08,3.991017965684407e-07,1.6453651479000293e-10,9.776608879277273e-07,3.4627400827536546e-07,2.1535948230708374e-11
5,mlp,9939,6,6,0.026215808974270872,2.7358098982338834e-06,0.0038799704092619324,0.00031843945904862437,0.018604978125247546,0.04089299358153841,0.9100850736407343
5,mlp,7045,4,4,1.3687509705872391e-05,2.79599121868693e-09,6.176336594804027e-05,5.348443904482801e-08,0.9989669787839468,2.462268559176187e-06,0.0009550517914098457
5,mlp,5441,2,2,0.0047283343272164335,0.00013983528226289084,0.9943644747442189,1.2988955110863987e-12,0.0007672928781111096,6.263941099597689e-08,1.2748075404376702e-10
5,mlp,1508,5,5,2.5289711017951525e-06,3.776972212114814e-06,7.334376701751582e-05,0.005983994623873333,0.00015044037776528252,0.990530309477934,0.003255605810095933
5,mlp,3906,2,2,0.03175153166966747,9.829239715036416e-06,0.8086233416021023,3.340156102483958e-06,0.016460891274885217,0.0011111849243321467,0.1420398811331954
5,mlp,6674,4,4,1.1114883209505525e-05,2.1394464802260736e-08,0.00010484336055203694,2.0235538473955876e-06,0.987875989644067,2.565430749799543e-05,0.011980352856361093
5,mlp,6210,4,4,2.163113418857696e-06,1.1613294142301359e-08,1.0728702562551773e-05,3.040396603566272e-06,0.9958719353314252,2.7784366644856052e-06,0.004109342406031242
5,mlp,9275,6,6,0.0005248969020124161,1.40112756548719e-06,7.627812577600749e-05,0.0012610387478469887,0.001258759240064538,0.0010673364007696157,0.9958102894559651
5,mlp,9988,6,2,0.180431679623236,3.5436953548044037e-05,0.5231152093267397,3.537924890682583e-05,0.001885133626974791,0.11093333151985107,0.1835638297007434
5,mlp,8145,6,6,0.0003436070629816988,6.01519084523226e-05,0.00024726272687917246,0.041650051244245104,0.003372184880544894,0.0002971705901707203,0.954029571586726
5,mlp,2279,0,0,0.9990443747294391,1.722995751839224e-08,5.9431606265033985e-05,9.476221156616145e-08,0.000890538160721839,9.40905250806061e-07,4.602606154023914e-06
5,mlp,12509,3,3,4.908162355462644e-07,7.799573868567635e-06,1.5954491086927498e-07,0.9597787175159473,0.0011855209477458736,0.00013960436610430032,0.03888770723518758
5,mlp,13096,3,3,8.314137846098679e-06,2.3823103754531437e-05,3.97421626338421e-06,0.8961760691416836,0.002219300702483031,0.0009184615922133834,0.10065005710575596
5,mlp,6492,4,4,2.671795368045863e-05,1.9731542289461948e-07,0.004118035690581572,7.221053142197883e-08,0.9939525252245157,1.337018690319963e-06,0.001901114586577663
5,mlp,9817,6,6,0.00635478212254214,4.732673850578071e-06,0.0068064529241958155,0.00019818640637847996,0.0013886438657626367,0.0031426034315319286,0.9821045985757384
5,mlp,3098,0,0,0.9999972271537028,9.056657763029997e-11,1.4123020415595397e-06,2.052181830210272e-13,1.3596129968000823e-06,8.326711917975684e-10,7.815953118655849e-12
5,mlp,10217,3,3,1.6804934393536435e-11,9.97714122163569e-08,3.2110100510443754e-12,0.9997854665605893,0.0001988579650006114,2.0893708687280875e-07,1.5366745895248264e-05
5,mlp,1347,5,5,6.167055321729651e-06,5.476679572726647e-06,6.874076497128788e-05,0.027487038879202286,0.00026819385770025057,0.9607386203363055,0.011425762426926113
5,mlp,8003,6,6,0.0009533531592710111,9.561859313769986e-05,0.001207163997159777,0.28944742182824684,0.002725948759470588,0.1837817791190421,0.5217887145436719
5,mlp,1612,5,5,1.7840817007396238e-05,4.218808909419737e-07,9.710392787384182e-05,0.00042628817101947726,1.5066827196422509e-05,0.9980279180387545,0.0014153603372572482
5,mlp,11293,3,3,3.985157119683136e-08,2.500393127303341e-06,2.0510387382968355e-08,0.9984852111032554,0.0007331152540733477,9.205555842965226e-06,0.0007699073317423134
5,mlp,11103,3,3,8.432059340428005e-09,5.756022025573263e-07,6.159093444629728e-09,0.9989177924333108,0.00010490939901695611,3.2600255201607615e-05,0.0009441077191152153
5,mlp,6046,4,4,9.169176547900438e-07,1.337446230514526e-10,3.3931993301778554e-07,3.9832102751547217e-07,0.9999000617783009,1.0891989126338742e-07,9.817460944781932e-05
5,mlp,5178,2,2,0.0005121858885403317,3.6503465180015344e-06,0.9994321347043557,3.9223469957851025e-13,5.1996659165455544e-05,3.076527183581931e-08,1.6357564158988037e-09
5,mlp,12011,3,3,2.5870304539373997e-07,2.1535448800095215e-06,1.9182443263600466e-07,0.9677131802311038,0.0003004709820790428,0.00022857352020263152,0.03175517119425668
5,mlp,8871,6,6,0.00043381788526180204,2.0456722298659448e-06,4.422614862821319e-05,0.0021573168144472916,0.0008818247979802409,0.0004688766586478625,0.9960118920228046
5,mlp,13457,3,6,6.494791969696914e-05,9.719045901428734e-05,0.00013103276192565842,0.2592437425868946,0.0037920445856989074,0.0036240679099533804,0.7330469737768162
5,mlp,3219,0,0,0.999994489675648,1.4195172685655824e-07,3.874539084719432e-07,8.922126822352375e-12,4.971953345788493e-06,8.953726568364098e-09,2.7219251434670943e-12
5,mlp,1937,5,5,1.4763015151137546e-05,1.3031113300088535e-07,2.657795272275452e-05,1.0064075645876547e-05,4.069910908435458e-06,0.9999105464200796,3.3848314359208896e-05
5,mlp,5707,4,4,1.2174391022830131e-09,9.226930867454078e-09,1.639150944844232e-07,4.376435258475665e-05,0.9999158926735098,5.411116279668234e-07,3.962750281290235e-05
5,mlp,6504,4,4,6.08765481077877e-08,1.367939503287128e-09,1.8827442681336883e-06,2.0590273512960536e-07,0.9999262540968628,2.079839187380471e-07,7.138702772771834e-05
5,mlp,10268,3,3,1.481357769066649e-10,3.8772654191863386e-08,3.1889874885535204e-10,0.9998901708301282,1.8330183991018505e-05,2.4760749027612924e-05,6.669899716430274e-05
5,mlp,7913,6,6,0.001837472392205871,6.649579867941735e-05,0.0018809651930002168,0.19454849671379568,0.0020468243675574173,0.21307975608506996,0.5865399894496914
5,mlp,3598,1,1,6.875947622616647e-09,0.9999999842661984,8.781998033434174e-09,1.794738565110574e-22,7.58516976652962e-11,4.107325665025303e-15,1.1912176526639781e-32
5,mlp,3520,1,1,4.519288467117821e-09,0.9999999534795688,4.194674421775346e-08,1.4310326302126503e-21,5.428295027543403e-11,1.1555903052359816e-13,5.58827985231243e-31
5,mlp,8154,6,6,0.0003089444456766165,1.641506521363984e-05,0.0003368521958463464,0.017644192231940567,0.000910501593560612,0.0005434567779695441,0.9802396376897926
5,mlp,3229,0,0,0.9978246000613796,4.963114065133286e-06,0.0016577832762245312,6.508085921064137e-11,0.0005126419342252455,1.1009486167460985e-08,5.395384424571594e-10
5,mlp,11069,3,3,1.0363893755862771e-08,3.4665072062599056e-07,2.7150056835038653e-08,0.9982351078937173,7.973302815361154e-05,0.0008501049862143072,0.0008346699272435377
5,mlp,11424,3,3,7.094649809663725e-09,7.222640975675279e-07,6.8166259778459805e-09,0.9991399389630787,0.0001335250500824965,5.392375398059375e-05,0.0006718760574846615
5,mlp,13385,3,6,0.0005774613973389868,4.3697568807677275e-05,0.00023852397137626234,0.045133158635241664,0.0013841245989266984,0.0003123446498280429,0.9523106891784807
5,mlp,10629,3,3,1.4075246134208817e-10,1.261125106821917e-07,4.4034533532345914e-11,0.9998730893395739,9.010129490009479e-05,2.6183896577062966e-06,3.4064678570512685e-05
5,mlp,10938,3,3,8.972349832296976e-09,1.951415428160433e-06,3.517156393869849e-09,0.9994264244779021,0.0002565883576546464,5.764756054355583e-06,0.0003092585034545736
5,mlp,10353,3,3,1.0940765044058834e-10,1.680857899727562e-07,3.9764659962172755e-11,0.999879463711515,9.838156064341131e-05,1.262542547964452e-06,2.0723950331272092e-05
5,mlp,10591,3,3,4.169518931994702e-09,8.474543590183577e-07,2.498142839756762e-09,0.9996915172508583,0.00010597833183032446,6.06469698178893e-06,0.00019558559830912633
5,mlp,4664,2,2,9.449324948201502e-05,4.979311722735084e-08,0.9995052835577392,2.58136197829056e-13,0.00040005812536140714,4.094802829332464e-08,7.4326013606048e-08
5,mlp,9947,6,6,0.03489769544575552,9.137095203081832e-06,0.07059703334672864,0.00014208875763700225,0.03693356546481236,0.008788731941235358,0.8486317479486281
5,mlp,9837,6,6,0.00302731759083709,1.8756087371007731e-06,0.001373189217137047,0.0001021092279661016,0.01063893499009875,0.000803358916388731,0.9840532144488351
5,mlp,1342,5,5,0.014441637579144457,5.225444300881393e-05,0.0013957660815837605,0.09840905404215398,0.0018330652098612374,0.7398193905646726,0.14404883207957517
5,mlp,9602,6,6,0.002459647546468674,3.5060785557004166e-06,0.0015224038580627754,0.002019294203574612,0.001697995995346744,0.09425067031710481,0.8980464820008867
5,mlp,9766,6,6,0.0036821455600945297,4.408052310189241e-06,0.005779909495168603,0.00023150982348371763,0.0009279258253602088,0.004491770359267789,0.984882330884315
5,mlp,6171,4,4,1.0195245967726842e-06,2.2973895326774654e-08,0.00016621889341870277,3.5819382994735873e-07,0.9988498081509819,4.91889698210616e-07,0.0009820803735791004
5,mlp,4814,2,2,9.605760155678497e-05,2.6089312085168932e-06,0.9995953472944904,8.896055907848401e-13,0.0003058421226778582,1.1025155141781989e-07,3.379762526204387e-08
5,mlp,1965,5,5,0.0008373245301260567,2.0158770962395443e-06,0.0007768238108801665,7.184625830084297e-05,4.743417610089431e-05,0.995963796657336,0.0023007586901599175
5,mlp,12490,3,3,1.4452809568350647e-07,3.404629101424207e-06,2.3275509668837473e-07,0.9880284342248723,0.00035523525876062184,0.000585150106219036,0.011027398497854312
5,mlp,1587,5,5,0.0003041369655470374,3.200522829717214e-06,0.00045571635182227753,0.002708848016570373,9.820513781152166e-05,0.983077322356857,0.013352570648562032
5,mlp,4445,2,2,0.0001589791319073239,2.8513930289851625e-06,0.9565921161789198,9.37635841891365e-12,0.043244243013258694,9.75178712642296e-07,8.350947961054718e-07
5,mlp,10447,3,3,4.686028921282508e-10,1.968316812811979e-07,2.3455005900208945e-10,0.9998724415448873,5.8234571761174944e-05,3.2565668051335835e-06,6.586978171201797e-05
5,mlp,7683,6,3,2.741737953610295e-05,8.727543701426135e-05,3.979913144677325e-05,0.7770914994965827,0.00735577688899114,0.0020697289168454,0.21332850274958365
5,mlp,11900,3,3,2.616357770864259e-07,1.3216715156300707e-05,2.1274861995408064e-07,0.9944065172936364,0.000758802459927485,7.344026037934223e-05,0.004747548886503543
5,mlp,8868,6,6,0.0008162913336570868,1.8845653458855792e-05,0.000809450403828049,0.008103277967291418,0.0008002530872804802,0.00445382560818525,0.984998055946299
5,mlp,12995,3,5,7.344106206582732e-05,1.5116369960928196e-05,0.00018292231307766928,0.3280554694153192,0.0007778203001646853,0.5332407499217496,0.137654480617662
5,mlp,3866,1,1,2.707965548027249e-15,0.9999999999998852,6.796588104317822e-15,2.206061137759015e-32,1.0517108406531e-13,2.9140051894765273e-25,3.227476670548461e-48
5,mlp,11639,3,3,1.1935339943736505e-08,1.636976949033241e-06,1.0024258564433954e-08,0.9988907597602994,0.00021259236436636575,5.048442091963972e-05,0.0008445045178671376
5,mlp,8989,6,6,0.00035628587331889417,4.460557771336168e-06,0.0016262446364553429,0.0008693369311623955,0.07168012390375578,0.00013104105018552005,0.9253325070473507
5,mlp,13433,3,6,0.002324489578489143,4.6752333397589195e-05,0.001294349191166229,0.12925447773382387,0.0017305318238555305,0.03125883014841009,0.8340905691908576
5,mlp,8648,6,6,0.00013386443859551955,3.2502626111487644e-06,6.42418244924457e-05,0.014099039807716858,0.0016789983932236708,0.0053454836104509474,0.9786751216629095
5,mlp,7134,4,4,2.397459243796191e-06,1.2364418186881945e-08,0.0007683174175907726,1.1122555558223118e-08,0.999161871597508,7.88760676130703e-07,6.660127800763302e-05
5,mlp,11473,3,3,1.3172126991950887e-08,1.7952109301557372e-06,8.342015245660613e-08,0.9983110427256854,0.0002282986215076688,0.0007433551788200529,0.0007154116707773414
5,mlp,10887,3,3,9.321111958808836e-09,2.4939170596705525e-06,5.776931864829884e-09,0.9991523232709357,0.00036608763226226817,7.621391318395846e-06,0.0004714586903799729
5,mlp,10393,3,3,6.63361817563536e-10,5.059958530438543e-07,3.4667180184356825e-10,0.9997346477990321,0.00021524789915802924,1.454354100225528e-06,4.8142941823116506e-05
5,mlp,3999,2,0,0.8771725770167994,1.2122297266929617e-06,0.09224275898591358,2.478246408676493e-07,0.02907136566003803,7.469874694853266e-05,0.0014371395359331469
5,mlp,10936,3,3,8.671649205670597e-09,1.5362836258252646e-06,6.166082828732528e-10,0.9978592974300586,0.001130280235687557,1.593161117738795e-06,0.0010072836012526467
5,mlp,3044,0,0,0.999996229103771,4.659126045225186e-07,9.572342601246618e-07,4.3702780966427567e-10,1.8089091438601846e-06,5.383693164880977e-07,3.387607769398705e-11
5,mlp,10458,3,3,9.237326305993867e-10,2.956326409125356e-07,7.93980705917106e-11,0.9997706156297514,9.943552716657909e-05,6.42420514234302e-07,0.00012900978679589723
5,mlp,10433,3,3,1.4495341012636623e-10,4.147302387411573e-08,4.3413149087609e-10,0.9997908012179243,3.0091890962879216e-05,5.382669177373311e-05,0.00012523814723051178
5,mlp,1407,5,5,3.110942169627036e-07,8.914586051572131e-08,7.675101966906671e-06,0.00022547247378586468,5.383988820931645e-06,0.999641141446481,0.00011992674886789828
5,mlp,12143,3,3,9.34995249880867e-07,4.726726669042461e-06,3.3393851928231926e-06,0.9587143176801013,0.0003850076137501332,0.012558069942879363,0.028333603656157225
5,mlp,11835,3,3,8.639242832597879e-07,7.360210508740562e-06,4.654528641264527e-07,0.988700313497039,0.0002970644210534088,0.00011535179354408353,0.010878580700707366
5,mlp,10836,3,3,7.700224928730934e-09,5.107753130647445e-07,2.811589977836284e-09,0.9992590155459071,7.853122740877218e-05,8.24285534151374e-06,0.0006536890842148386
5,mlp,7557,6,6,0.0002432916898311033,3.879889193618245e-05,8.143179029466035e-05,0.3344806652016095,0.005250597559545705,0.0008179757365729561,0.6590872391302098
5,mlp,1920,5,5,0.00013661410291774463,1.5651806451935852e-06,0.0006747304652030772,9.760633312523076e-05,4.15689513719269e-05,0.9969848145767316,0.0020631003900052312
5,mlp,9666,6,6,0.0017113817843292121,4.038060711993321e-06,0.005593719203666761,0.0008810045763695349,0.001469978473169637,0.06900603325079632,0.9213338446509566
5,mlp,12798,3,3,7.12526453910439e-05,4.7848799141397506e-05,3.280528639115334e-05,0.8041621393984681,0.0016617074308125594,0.0009683706984378153,0.193055875741358
5,mlp,302,5,5,4.1628836706437395e-10,7.855574010691391e-10,4.722390189549877e-08,6.0134799046704465e-05,2.2816686488744544e-07,0.9999386648946635,9.237136770457153e-07
5,mlp,7011,4,4,0.016270879192655616,3.616909650469986e-07,0.16448427075002287,2.619634886982388e-08,0.818393484136148,3.0164996277863687e-06,0.0008479615342317524
5,mlp,8824,6,6,0.00026784933860498776,9.015786113859068e-07,8.497258643419889e-05,0.0018597195042730254,0.0004671380207858015,0.0014120453988140465,0.9959073735724765
5,mlp,4802,2,2,0.0022478287676925526,1.563231173836198e-06,0.9968292255880464,2.952788706116689e-10,0.0009076004583783545,1.1478838546368757e-05,2.3028208838685847e-06
5,mlp,11733,3,3,3.695090796195129e-08,2.543209422840672e-06,1.7939469387065397e-08,0.9954998293603131,0.000305451671744592,3.56457268597379e-05,0.004156475141282358
5,mlp,10150,3,3,5.045050641695026e-10,8.843176973370571e-08,1.641895339307891e-11,0.9992015340964925,0.0007884357008019821,7.536115373982132e-08,9.865888858204472e-06
5,mlp,7442,6,3,2.092320204270642e-05,2.7453057562699622e-05,2.386470508633625e-05,0.8847390040900603,0.0009835971398182714,0.004559079243806247,0.10964607856162338
5,mlp,11466,3,3,2.0154999066906954e-07,7.320552033644682e-06,1.0784987979382415e-07,0.9953089415402812,0.0003840477152002947,2.5351071270621103e-05,0.004274029721343625
5,mlp,8512,6,6,0.0003069553739178237,3.226404692423539e-05,0.00012855528213224094,0.029144569334603916,0.0016386578523893555,0.0027575260945383435,0.9659914720154941
5,mlp,9845,6,6,0.004970106273988018,4.161954523764808e-06,0.0034022637573206094,0.00026230050083177745,0.0011486162192288277,0.015198778315037388,0.9750137729790697
5,mlp,7843,6,6,0.0001321402085203771,4.12969131582079e-05,0.00017092331299586741,0.2211804765008516,0.0021920772021532765,0.002989551428971526,0.7732935344333491
5,mlp,5868,4,4,4.909506938408723e-05,6.959809152573579e-07,0.0002188488652285738,0.0001333926276980726,0.9490283264658229,3.170939608395328e-05,0.050537931594867164
5,mlp,9677,6,6,0.0006125103580361471,9.440071509821476e-07,0.0003927200823842013,0.0004682312003751971,0.005498332267807384,0.0032997300761391443,0.9897275320081068
5,mlp,12552,3,3,1.578238157732616e-06,1.8645886280503497e-05,3.3598136577604487e-06,0.975317416062786,0.0009773971452861567,0.0011419724208452317,0.02253963043298663
5,mlp,10115,3,3,1.1699999909013435e-10,1.0027999996721981e-07,4.105828573061913e-11,0.9999450632780051,3.961504732426146e-05,6.592589602549987e-07,1.4561977651954017e-05
5,mlp,12500,3,3,1.0152138106718448e-05,1.814831560913245e-05,7.595231568048089e-06,0.8670213618583978,0.00120895280620916,0.0006375581280146754,0.13109623152209413
5,mlp,2490,0,0,0.9999509105072469,1.6516397903090335e-07,3.469341370932087e-05,8.635983394857651e-09,9.278655123086522e-06,4.875164279169934e-06,6.845967898491138e-08
5,mlp,7814,6,5,0.00021836204519226952,7.1420122193098615e-06,0.0003068401333793496,0.024979382214154473,0.0002548279579670983,0.9482208335148903,0.0260126121221973
5,mlp,1077,5,5,3.660867533095802e-07,7.199758962075016e-09,7.472964018915926e-07,6.905637494082109e-05,1.0248700025701073e-06,0.9999243086702928,4.489501849677014e-06
5,mlp,4596,2,2,0.005254335305205178,8.691283003764279e-07,0.9941390520142213,4.670080734000656e-11,0.0006002533409670417,3.8072027349634162e-06,1.68296187024857e-06
5,mlp,7603,6,6,0.00016925103800559797,7.413485839405056e-05,0.00016860621620827854,0.4310993278721822,0.002259342896852371,0.0031288364525497736,0.5631005006658077
5,mlp,8969,6,6,0.0002800453400596318,4.9958377554220676e-06,0.0008076063170010913,0.0011407975222105986,0.0010290070997622915,0.0006578977502383136,0.9960796501329726
5,mlp,2315,0,0,0.754011735149021,0.0001351036697731947,0.21884388916521402,8.505118541267813e-06,0.005180703931191508,0.005314985188337846,0.016505077777921165
5,mlp,164,5,5,2.3387898698570777e-09,1.3306925704778018e-08,1.940947141969865e-07,0.0016342754361488886,3.1462579419889153e-06,0.9983493659941671,1.3002571312205774e-05
5,mlp,4878,2,2,1.4025276521685524e-05,1.843995732998699e-07,0.9999028614919654,1.1437495083849391e-13,8.283328331992439e-05,8.410589823748905e-08,1.1442607057223715e-08
5,mlp,10380,3,3,1.321365372207545e-09,3.245695145656129e-07,7.328711228806584e-11,0.999595978726252,0.0003071291598387343,4.4030122886471757e-07,9.612584851333202e-05
5,mlp,3659,1,1,4.1209555870268056e-10,0.9999999732234144,2.6227111157963045e-08,1.76109471871651e-24,1.3737876143893597e-10,1.5242151407926992e-16,9.496184811601788e-34
5,mlp,1533,5,5,3.0283029665108835e-06,6.1038005846830575e-09,4.6986138391442573e-07,1.220970381937849e-05,9.345233084680841e-07,0.999983110119852,2.4138486921812887e-07
5,mlp,12742,3,3,0.00028362668801921277,7.056722509960264e-05,3.970446134392229e-05,0.7798521158739709,0.0031678203274750133,0.00041153951861097664,0.2161746259054805
5,mlp,6482,4,4,2.749020212082114e-06,1.988112854747593e-08,2.6855716197363828e-05,2.1313325838299686e-06,0.9989798661442624,3.344042615209859e-06,0.0009850338630006212
5,mlp,778,5,5,3.739105719797653e-07,1.192194482868424e-07,5.1022125351617955e-06,0.002484846817237695,1.2051727273685052e-05,0.9970263528348049,0.00047115327812834645
5,mlp,717,5,5,2.3303006500883274e-10,1.085719984119625e-10,1.1418329687327614e-08,3.274860352944951e-06,3.510928791338152e-08,0.9999966356517699,4.26186575748846e-08
5,mlp,10898,3,3,4.6863880223568715e-09,1.0997632205306376e-06,2.3820323274093536e-09,0.9994698305460834,0.00030980410277190275,7.281827636575205e-06,0.00021197669186726195
5,mlp,715,5,5,1.2673172895043404e-08,7.286074052015379e-09,4.0661393805214743e-07,0.00016804678781261423,1.1755466838450541e-06,0.9998216106763661,8.740415952472675e-06
5,mlp,3434,1,1,2.7457838613758876e-06,0.999166401448065,0.0008296050950420564,7.97426816933942e-20,1.2476724690813966e-06,5.624309999130444e-13,7.171936709693964e-25
5,mlp,2125,0,0,0.9913270145688126,4.408778014619817e-06,0.006201809722515554,1.127973921207231e-05,0.00047039075163782273,0.000716098311137926,0.0012689981286695274
5,mlp,2306,0,0,0.918515135445451,6.626194327952595e-07,0.07942735587094572,7.943885713622884e-08,0.0014780222114430313,1.3139714757932332e-05,0.0005656046991123438
5,mlp,2405,0,0,0.9992974198629009,1.2439799183423505e-06,0.0006354387931035262,7.702219261994842e-08,1.9162801976086086e-05,4.583102426182814e-05,8.265156469786018e-07
5,mlp,7703,6,3,1.974418277258541e-05,5.231880937951553e-05,4.983454803834615e-05,0.7698258316178832,0.0030353646201681894,0.010198155790945688,0.21681875043081247
5,mlp,8819,6,6,0.00018704580194689143,4.484440316396079e-05,0.002461688586943434,0.0271932285186273,0.0034114923496404216,0.46694521857261756,0.49975648176706045
5,mlp,599,5,5,5.335113175181979e-08,3.4655269861079894e-07,3.1283103418119047e-06,0.00862048319629958,3.407597727026275e-05,0.9910923355627868,0.00024957704947129063
5,mlp,10818,3,3,1.5628493390602345e-09,1.3046186265670083e-07,2.016191247320231e-09,0.9992324955027948,5.178352805285392e-05,4.600824188620336e-05,0.0006695786863628045
5,mlp,11635,3,3,5.4550329007170436e-08,2.802409478818554e-06,4.020465263015199e-08,0.9975224776910885,0.0002337071624340629,7.148379045976011e-05,0.002169434191557268
5,mlp,6378,4,4,4.337566537244125e-08,8.205175945254551e-10,6.873903221042989e-07,7.399389757889746e-07,0.999576591400508,1.3166302508070437e-06,0.000420620443760162
5,mlp,10457,3,3,5.795909491235347e-10,2.7428767024072747e-07,4.5768183163754715e-11,0.9995102653687891,0.0003865687239308818,5.205884594441631e-07,0.00010237040579147655
5,mlp,8423,6,6,0.0013530154349336097,2.23042644191031e-05,0.0006018136046550147,0.007049039235655275,0.0006968806225095797,0.0002970126280251652,0.9899799342098022
5,mlp,6929,4,4,2.112524260818865e-06,4.839292098793356e-09,0.0008449533034374228,8.637628871509622e-09,0.9989027593188575,3.9565715566739085e-07,0.00024976571936750127
5,mlp,8566,6,6,0.03668371226601098,0.00011621710342674189,0.002634252350703334,0.05872017390519397,0.11059827059650623,0.0017292597798745071,0.7895181139982843
5,mlp,10906,3,3,6.6985947647449e-09,1.7633254327117866e-06,7.731419603481568e-09,0.9992370869934135,0.00029645572516097065,2.130717662817081e-05,0.00044337234935040037
5,mlp,3791,1,1,4.171374465365308e-12,0.9999999999418132,5.189791879741469e-11,2.0740423927183566e-27,2.1177438530501405e-12,2.197757811159053e-19,2.234346140782793e-39
5,mlp,1164,5,5,2.8564353069475572e-05,1.248157819246438e-05,0.00014411934099769667,0.12203781209519976,0.0005843965529444729,0.8295811071831884,0.04761151889640766
5,mlp,3479,1,1,1.340609851324414e-07,0.9999956143450771,4.244522152048188e-06,8.002920754747234e-21,7.071703718961745e-09,8.190830855373886e-14,4.496287582522906e-28
5,mlp,4198,2,2,0.13848960916679676,2.0315209463764146e-06,0.8605679407152997,2.345141871930331e-09,0.0008996222410219895,6.3829590814491145e-06,3.4411051712088035e-05
5,mlp,3936,2,4,0.00048701135132288813,8.634784437264895e-08,0.13285048579775288,1.319045881460363e-08,0.8644987024483065,3.1679376719555922e-06,0.0021605329266426196
5,mlp,4165,2,2,0.009342038578912845,3.340031436685623e-07,0.9868340208752561,8.259628622059116e-11,0.0038137603007447835,5.107670750618622e-07,9.335392271322936e-06
5,mlp,5322,2,2,0.02536492287984601,0.00022234793982080892,0.9742124771826869,9.446152904955414e-12,0.00020004866650643834,2.025548346450932e-07,7.668588428422008e-10
5,mlp,2412,0,0,0.9998488735443813,1.9222446188812958e-07,0.00012847021984856434,1.4446514006214486e-08,1.3674172068632102e-05,8.463600410012198e-06,3.117923155184655e-07
5,mlp,9955,6,6,0.17814803639321358,9.124860610332367e-06,0.019461453909410297,0.000229922766401481,0.006239924377407635,0.02190777345992318,0.7740037642330335
5,mlp,519,5,5,1.2524189851249144e-08,2.807859416327535e-09,2.3124135256007817e-07,0.0001261487701718657,6.119217851337334e-07,0.9998670807801228,5.911954518325043e-06
5,mlp,8591,6,6,4.2049908981974614e-05,3.1926611106121678e-06,6.587812744969118e-05,0.03159472301011641,0.0027982014581104243,0.016952811611796906,0.948543143222434
5,mlp,3365,1,1,2.0973995759683626e-05,0.9999558251766827,2.3179294178502924e-05,4.926440522877216e-17,2.0713820711531857e-08,8.195583188670834e-10,7.810040917324744e-24
5,mlp,8832,6,6,0.0005072587172503837,8.588589504245396e-06,0.00048668829150983346,0.014362012965399228,0.0010334390821344543,0.019013799298447633,0.9645882130557542
5,mlp,5161,2,2,7.851485584252464e-06,1.3307014101338147e-07,0.995766845480702,1.9217125928439323e-13,0.0042251087475289025,5.0156904237563314e-08,1.1058947448413812e-08
5,mlp,9024,6,6,0.001114686969700297,2.0342444237847144e-05,0.0026996702503373857,0.005709058262192752,0.0010040682450716126,0.0476596207157001,0.94179255311276
5,mlp,13328,3,6,1.9727971676524767e-05,3.6993923830992537e-05,4.608264653205701e-06,0.2595959276503802,0.04704860390841383,0.00020608658680960608,0.6930880516942356
5,mlp,10021,3,3,7.546463756175732e-13,5.701882697962571e-09,8.300700503196596e-13,0.9999877837316027,1.0607961316710036e-05,6.530961391610226e-07,9.495074739428921e-07
5,mlp,3547,1,1,2.5233292052702543e-09,0.9994551343903693,0.000544240394251436,3.9234281264523473e-25,6.22692049344161e-07,7.407839133603901e-16,2.475644676806024e-30
5,mlp,12447,3,3,7.376161306269197e-07,6.898283527765702e-06,1.7532620858320284e-07,0.9833121849626311,0.004324028940242535,0.00010032701092715355,0.012255647860332378
5,mlp,1532,5,5,7.343318252627178e-06,3.4820869621137194e-07,4.8253730955414774e-05,0.0006103898361356226,1.4854885632084938e-05,0.9984637261913827,0.0008550838289453369
5,mlp,9697,6,6,0.0003431601953282999,6.737909162081094e-07,0.0001842809689397435,0.000250361540155627,0.015161845041631124,0.0011987000983485914,0.9828609783646803
5,mlp,8865,6,6,0.000595636646137595,3.9890160329018446e-05,0.0027824174638649,0.014623340947632775,0.001919027315394576,0.11361518517940485,0.8664245022872363
5,mlp,5018,2,2,0.0002920638978899234,1.3340122078032907e-07,0.9993456400812225,3.5876826400753045e-14,0.0003621353315280123,2.2292569519379518e-08,4.995533558535317e-09
5,mlp,7625,6,6,0.0004491079991236024,6.484240642512068e-05,0.0001736831582732972,0.08946071384828912,0.00479182599276487,0.00020055600466568769,0.9048592705904582
5,mlp,6336,4,4,4.414034776871298e-06,3.929543174527513e-08,0.00021516247601049854,9.830537585183102e-07,0.996801612151062,2.981567802984959e-06,0.002974807421157432
5,mlp,13093,3,3,9.914181080558494e-06,2.4755845498041703e-05,1.2634603022240984e-05,0.9033988393909093,0.0012187056362252115,0.006176570502997141,0.08915857984026748
5,mlp,12984,3,6,4.791840464559246e-05,1.3165802740930215e-05,2.2807253342235117e-05,0.3820393100688228,0.001060041692972007,0.0013728865910259327,0.6154438701864504
5,mlp,5737,4,4,1.4693439862731173e-08,1.4770041011697574e-08,2.3483078370701303e-07,2.6264143115940575e-05,0.999902771192157,4.277527225578979e-07,7.027261773999817e-05
5,mlp,1395,5,5,6.083294022118058e-07,2.450824115041339e-08,3.324003705156375e-06,9.233456481361943e-05,1.8736539020395327e-06,0.9998696613463884,3.217359354747911e-05
5,mlp,7809,6,6,0.0004691760921904096,5.352263583620809e-05,0.0004161902455420006,0.2493549674257596,0.0021097753561647252,0.009325910677611998,0.738270457566895
5,mlp,7318,4,2,0.00022391437519403374,2.4623883200550266e-07,0.7562195558217345,1.443089308628973e-09,0.24331347483542298,1.1175930740802313e-05,0.00023163135498628445
5,mlp,12563,3,3,1.5181944115744275e-07,4.652483142529253e-06,4.5625676232205415e-07,0.9912024104931852,0.0004819191039034296,0.002030379821996281,0.006280030021568799
5,mlp,6706,4,4,3.917621324991449e-05,3.916553943823063e-06,0.0312708779962852,2.8922483534199153e-08,0.9651760485320748,1.5770534299661684e-05,0.0034941812476631784
5,mlp,488,5,5,3.752797260496768e-07,3.847221379636673e-06,6.3768161208998375e-06,0.29280712793933394,0.00046082029187003554,0.6999459670494095,0.006775485402160071
5,mlp,11897,3,3,2.5469737215384084e-07,3.0856778413295394e-06,6.967863813135802e-08,0.9918667485592759,0.0003672899179772029,5.787696575370362e-05,0.007704674503141558
5,mlp,7589,6,3,3.001377956194956e-05,3.125401192516498e-05,2.2828213286318466e-06,0.6729036509573497,0.030043852438970474,0.00028548605246603287,0.29670345993839814
5,mlp,6089,4,4,1.1048099153865926e-08,6.0342355258701906e-09,2.5967378693092425e-06,3.674687444529224e-07,0.999979722475337,5.177665835910264e-08,1.724445905609523e-05
5,mlp,13448,3,6,8.650153898377019e-05,0.00012540063178266168,7.185370577103962e-05,0.43750180125218374,0.004250153756256294,0.0017987444106637087,0.5561655447043587
5,mlp,9499,6,6,0.003772763019226159,3.1799024934295947e-06,0.0007001492234419494,0.0012965291814318353,0.0010286580888655326,0.007386490684329458,0.9858122299002117
5,mlp,5496,2,2,0.04547911938288994,0.0023003613674287392,0.952048119956396,2.114558932513741e-14,0.00017230699150084735,9.230170622807754e-08,5.703887740499017e-14
5,mlp,9944,6,4,0.0011380535038662267,6.012164218718471e-07,0.0013873693446714195,0.00010146924047448657,0.7391045148132811,0.001777341384039242,0.2564906504972455
5,mlp,7668,6,3,2.3434364395650054e-05,4.09919026332053e-05,3.485213335035734e-05,0.593120545386657,0.010658643569119448,0.0018088460996910421,0.3943126865441533
5,mlp,6374,4,4,6.926433425792125e-07,5.7531048603640746e-08,4.7438924347837966e-05,1.9430741874354628e-06,0.9996759754024536,1.3004118426106841e-06,0.0002725920127773375
5,mlp,10389,3,3,4.680139900869167e-08,1.7461001163236712e-07,1.1095021782125782e-09,0.9998346837460272,0.00010642241802126557,1.9500750768733642e-06,5.672123996210598e-05
5,mlp,513,5,5,9.619068360128141e-09,1.6750951665137333e-08,5.584169002696605e-07,0.0009407796960031457,3.0914358008210443e-06,0.999008623915447,4.692016582874141e-05
5,mlp,9052,6,6,0.006803624527576836,3.848446302919281e-05,0.0051941824888190645,0.008417634799485785,0.0011823519032090498,0.30509623673764236,0.6732674850802377
5,mlp,6970,4,4,1.4350817660642314e-05,3.3551555484152567e-08,0.00038391944199756223,1.4866816018404974e-07,0.9994346220352067,8.599987237846821e-07,0.00016606548669585527
5,mlp,3046,0,0,0.9999951465519801,1.238799509368017e-09,3.6552932915399016e-06,2.519369968420128e-12,1.1950869657493684e-06,1.7519381657845625e-09,7.45058454796177e-11
5,mlp,8022,6,6,4.6087822732052714e-05,4.008441691527712e-05,2.7867936575990864e-05,0.1827400248039694,0.007871533874247433,0.001102893950432904,0.808171507195127
5,mlp,6652,4,4,5.025340005773225e-07,1.5885430052596667e-09,3.6450578328873496e-06,3.1695636197724286e-07,0.9994780587295057,1.188290533087914e-06,0.0005162868432227626
5,mlp,11113,3,3,5.481609349998693e-10,2.3067673187539897e-07,1.4291478188696111e-09,0.9994007356221233,9.34397641481494e-05,8.889082066500103e-05,0.0004167011390229781
5,mlp,7773,6,6,0.0008274527493627016,4.035203538850113e-05,0.00012448232828910635,0.09791964152667688,0.0018608531633318764,0.0007650621018446626,0.8984621560951062
5,mlp,1680,5,5,1.0356411029877962e-05,2.7941185760744183e-06,0.00015180010476930977,0.0015816904158678377,0.00010776299362649815,0.992878788381973,0.005266807574157236
5,mlp,12326,3,3,2.4996570007500284e-07,7.304642762981106e-06,4.061186546899349e-07,0.9935582137381072,0.0005702869073106848,0.0004338672326745552,0.005429671394789853
5,mlp,10505,3,3,5.356245528502923e-10,7.511020413552743e-07,4.404272316407512e-10,0.9996401447964042,0.0002907602325811864,4.21027641856247e-06,6.413261650309842e-05
5,mlp,9031,6,6,0.0016954803009081134,5.9060445215246775e-06,0.0010974004986307405,0.0015796029649784366,0.0009850005564707987,0.00044601323812473834,0.9941905963963656
5,mlp,572,5,5,6.354672250746273e-09,3.690243949748249e-09,2.9431615026613475e-07,0.000133973393351558,7.140994651776327e-07,0.9998560575019022,8.950644214674499e-06
5,mlp,7889,6,6,9.890070737401768e-05,0.00010669026844798676,0.00018963875899751472,0.388230110204932,0.007065687638755378,0.003303096532175873,0.6010058758893172
5,mlp,5414,2,2,0.00011815516488954865,0.0003387936419415362,0.9994738983421471,6.5311739191439716e-15,6.903207546333447e-05,1.207743290157116e-07,1.2229549908608536e-12
5,mlp,5706,4,4,4.761744584104814e-10,3.0449632676545256e-10,3.0022708914235276e-09,2.205826748084807e-06,0.9999652823696444,4.849748572125693e-08,3.24595231801852e-05
5,mlp,2690,0,0,0.9996393867163929,2.020389833243879e-05,1.7753074209868052e-05,8.924078970547079e-08,0.00010318864882571188,0.0002193491940922239,2.9227357087611088e-08
5,mlp,11213,3,3,6.866173276124428e-09,9.584409440773816e-07,5.0417284677452476e-08,0.9983265084334189,0.00014937264086398915,0.0009159143617303237,0.0006071888395847709
5,mlp,2725,0,0,0.9998101061266709,6.349935620291125e-09,0.00015577461800836518,8.21853829577066e-11,3.404228983977355e-05,4.5342080699223636e-08,2.5191279647362013e-08
5,mlp,5096,2,2,0.0002745555446397715,1.7144298045322274e-06,0.998538484311491,1.8833860303076844e-11,0.0011828349177549038,2.2468317349072057e-06,1.6394574119566068e-07
5,mlp,8745,6,6,0.000655504763447002,1.4588957956344481e-05,0.000814682011643497,0.006667560196209141,0.0008984733060245732,0.00147609508203131,0.9894730956826882
5,mlp,6439,4,4,3.379354625803212e-07,3.998870256054199e-08,5.151554032194292e-05,8.815998701600924e-07,0.9997944397695662,1.1112558912131154e-06,0.0001516739101854293
5,mlp,12465,3,3,2.63842591941065e-06,1.5085865783680736e-05,2.1337471796315937e-06,0.9653886202870765,0.0009787004010437194,0.0003951880815053205,0.03321763319149172
5,mlp,12398,3,3,3.968031914502121e-07,3.970811271082374e-06,4.92198808099159e-07,0.9801146674447444,0.00037587663066591275,0.000578961719267952,0.018925634392051072
5,mlp,11472,3,3,9.432585698060636e-08,2.3465872870886427e-06,1.4251275057732428e-07,0.9957187824694212,0.00018424629987748677,0.0001793827542214486,0.003915005050585141
5,mlp,13276,3,6,7.65149272506766e-05,5.253835810018842e-05,5.573051353335742e-05,0.24015195539270176,0.007977626686056805,0.0005130593777308288,0.7511725747446263
5,mlp,7311,4,4,0.000665064108818858,3.4415623851540244e-09,0.004339585062199437,8.35628879717421e-10,0.9949891976169722,3.794670139389725e-08,6.110988116698473e-06
5,mlp,3630,1,1,3.135118288163372e-09,0.9999999904399538,6.404945826894832e-09,3.4715802688911455e-23,1.9973564944367677e-11,8.394593299045317e-15,1.2963519574888e-33
5,mlp,13372,3,6,5.7286193377707334e-05,4.702654385321886e-05,1.664353387175481e-05,0.33058826031806265,0.06228340590982623,0.000419051115255772,0.6065883263857528
5,mlp,5173,2,2,0.0006240415499665159,2.6086206063394018e-06,0.9993266771502531,2.1752836556242144e-13,4.665554027586486e-05,1.6077022467072773e-08,1.061658165910012e-09
5,mlp,9418,6,6,0.018669420971937665,9.63757641681204e-06,0.0011403994036534421,0.000954520751253736,0.0011092850580590795,0.0012847381613898569,0.9768319980772894
5,mlp,4489,2,2,3.183739938220312e-05,6.038491119457367e-07,0.9998264373190959,2.1673219336557023e-12,0.0001403489163166467,4.6097945396834354e-07,3.1153447205842966e-07
5,mlp,1848,5,5,9.188243429632175e-05,1.2968455993530056e-07,2.1104559638090508e-05,3.268566919549035e-05,6.6220992766982465e-06,0.9998192546095659,2.8320943467551785e-05
5,mlp,5002,2,2,0.0025743669377840347,1.6703527367006318e-06,0.9967060627325269,7.256825499027151e-14,0.0007177637934296516,1.3341077037392245e-07,2.7726796554695505e-09
5,mlp,11378,3,3,1.9117075406616607e-08,1.3029683704895847e-06,1.5471402635516825e-08,0.999063045819781,0.00016191051372819158,5.398151996499015e-05,0.0007197245896772472
5,mlp,11375,3,3,5.903030258087247e-08,3.5867717580038857e-06,3.804727280434089e-08,0.9974904937713952,0.0004366645684877514,2.9560613453774098e-05,0.002039597197330109
5,mlp,10969,3,3,2.4666125640449924e-08,6.307139428078264e-07,2.119549588781001e-08,0.9985187791190644,7.532027771759292e-05,5.327594886626326e-05,0.0013519480787875387
5,mlp,12877,3,3,0.0004223679286661169,9.409626306217205e-05,7.178070029889412e-05,0.49987540836127764,0.003998332939292987,0.0003904044193920048,0.4951476093880103
5,mlp,3870,1,1,6.038119621103016e-18,0.9999999999999867,7.199250085177704e-17,7.537896267443664e-37,1.3335722826594745e-14,3.1217301018670476e-29,1.2304492541543126e-54
5,mlp,12316,3,3,2.4163783209840464e-06,6.769561016659576e-06,1.1350258320752486e-07,0.9684789749873071,0.006419415367817826,4.344066952651627e-05,0.02504886953342777
5,mlp,3518,1,1,7.481305484293429e-09,0.9999911193236233,8.804632548675522e-06,2.1471309160138057e-21,6.85624996676287e-08,2.283773611491386e-14,1.2586181751661097e-27
5,mlp,8480,6,6,3.298744638592264e-05,1.9753821556958283e-05,0.00025978041413140894,0.08871149037692946,0.010722761417930389,0.010900849192042622,0.8893523773310232
5,mlp,10879,3,3,3.330280951401444e-08,1.2268998837485556e-06,1.5409550611654326e-08,0.9986879815132321,0.00012031281727909211,1.319003734413286e-05,0.001177240019900738
5,mlp,11188,3,3,8.219736624333649e-09,8.328403897813454e-07,1.1784127767230606e-08,0.9991620783556849,0.00013272722160973658,7.555755452609467e-05,0.0006287840239251317
5,mlp,6751,4,4,0.004781578358620829,1.4424843850290615e-10,6.207959625053654e-07,3.3131012285771656e-07,0.9952110251220079,1.3673652974831445e-06,5.076903739982164e-06
5,mlp,9215,6,6,4.9932573663631805e-05,3.978078987372056e-06,0.0005898446180315079,0.0006748775011645545,0.34281466373766994,0.00015484854115675192,0.6557118549493263
5,mlp,2589,0,0,0.9999891798730743,6.970945107061673e-08,1.2527716203788362e-06,2.6025031845269876e-09,6.966268956371721e-06,2.5250736394697276e-06,3.700755270526081e-09
5,mlp,5151,2,2,0.2575758720754573,0.005034083157970462,0.7369826264788482,1.2319145367674118e-09,0.0003921430100703027,1.5261770215053803e-05,1.2275524121075656e-08
5,mlp,2273,0,0,0.9834242729913997,5.815713806554716e-07,0.012088662371620415,5.700629020237517e-07,0.003822644660933615,4.897667619246966e-05,0.000614291665571208
5,mlp,4013,2,2,0.014481148689961358,2.0853645239462422e-06,0.9347758833837181,1.6933385456220753e-07,0.044132390105331924,0.0001549747253023024,0.006453348397307777
5,mlp,11844,3,3,8.84467481909054e-09,8.740422599352346e-07,6.400287392063907e-08,0.9949835871803406,0.00020237490194982682,0.0033064550984818744,0.0015066359294188482
5,mlp,10029,3,3,5.718501216007242e-12,4.723837607031932e-08,5.914079383437561e-12,0.9999667466931872,3.068613227182447e-05,5.178587930388828e-07,2.002065739323666e-06
5,mlp,3889,2,0,0.7597744116650482,9.532224293486907e-06,0.06301350143910629,6.226235267243254e-05,0.01401147742722353,0.0026167620397815864,0.16051205285187434
5,mlp,6983,4,4,2.030638197988421e-05,1.0046658794774211e-11,2.3036415787324586e-07,3.6663238883024066e-09,0.9999792008386551,4.761800793952257e-08,2.1112082878089049e-07
5,mlp,7679,6,3,3.877323506189356e-06,4.229020528315594e-05,8.074007141031941e-06,0.8618733975558315,0.0020049248276131897,0.005324183933774748,0.13074325214685015
5,mlp,9675,6,6,0.00206727908619434,5.104502059670133e-06,0.003315777719673877,0.00037408547013234486,0.0005480628747056847,0.013271260576825756,0.9804184297704084
5,mlp,7555,6,6,0.00044089906589635843,1.8115964754715215e-05,2.5362379903938747e-05,0.33386510608887215,0.003619946518383815,0.0014045321322048393,0.6606260378499842
5,mlp,13445,3,6,0.00012737134161014036,7.481045282215238e-05,0.00012678355801902576,0.4436013962935733,0.0028167568307767444,0.006255043842276903,0.5469978376809217
5,mlp,3858,1,1,5.802523090125925e-16,0.9999999999998952,8.925936693435839e-14,1.7423397910908714e-31,1.486451092559395e-14,1.0626228491395162e-23,3.980423658759114e-46
5,mlp,448,5,5,2.2436071647986673e-07,2.6452186523914667e-08,1.8688292142096458e-06,0.0011654358890327266,3.768070383492094e-06,0.9987474605588091,8.121583965726685e-05
5,mlp,871,5,5,1.155036832674437e-06,2.080513759194776e-07,1.1823460057782646e-05,0.002878876131779579,1.6047589727516648e-05,0.9962960893724561,0.0007958003577705336
5,mlp,9818,6,6,0.004763227460299297,7.329039441993212e-06,0.01874740166055266,0.00020487593565233518,0.00793455966692156,0.004523742426161649,0.9638188638109706
5,mlp,5279,2,2,0.009590181177409146,0.00038978281297381503,0.9899753719226904,7.420980318797488e-12,4.409568007465194e-05,5.68012985285199e-07,3.864456339435636e-10
5,mlp,5376,2,2,0.002526314663046865,4.401728485522413e-05,0.9970797187417731,2.155630575792431e-12,0.00034981456356466374,1.3388633572731591e-07,8.582686137421667e-10
5,mlp,412,5,3,3.0245080848660685e-05,1.966324949324287e-05,6.20869092159047e-05,0.807286432130792,0.0009986083704359538,0.1282067366221993,0.06339622763701484
5,mlp,6508,4,4,9.861363250267702e-07,2.025339642595388e-08,8.363007200092173e-05,2.872067932043039e-06,0.9972316525404593,2.9744672193522326e-05,0.00265109425769258
5,mlp,597,5,5,2.6298910607616763e-08,2.6282359063840343e-09,2.923770674136768e-07,9.843577060595687e-05,5.481918612892353e-07,0.999894766201957,5.928531361774053e-06
5,mlp,8365,6,6,0.0012742887699985165,5.801669773391663e-05,0.0011659848292839997,0.05919472354497051,0.0017681153515986983,0.011905765492194275,0.92463310531422
5,mlp,5699,4,4,9.955483526678643e-10,1.0689495929961224e-09,2.0885513960082993e-08,1.0536698086969924e-06,0.9999436036145073,2.8307806169890393e-08,5.5291457866006065e-05
5,mlp,192,5,5,1.138605365454875e-08,4.8863648111477985e-09,2.3495183654084505e-07,0.0005488117041841258,1.2285741430003791e-06,0.9994398858573158,9.822640102036898e-06
5,mlp,9803,6,6,0.021453917026031145,5.118113002399334e-06,0.0025204805931738614,0.00025381832071942075,0.0012637001999615852,0.0013155679718708298,0.9731873977752407
5,mlp,3845,1,1,5.50891445581458e-14,0.9999999997945119,8.819311429883687e-11,8.963551397215784e-31,1.1724009375569217e-10,4.1037730241335643e-23,1.0992881612989735e-42
5,mlp,6381,4,4,7.816214788891001e-06,4.201994025680418e-08,0.00011167384648734436,3.2795652965882303e-06,0.9927556087799503,8.177721890645258e-06,0.0071134018516460125
5,mlp,5562,4,6,9.308537220015325e-05,2.3014496673563544e-05,2.945204339473758e-05,0.05780861316722322,0.03313017179597533,0.00013943887340422747,0.9087762242511287
5,mlp,1018,5,5,8.32772345628458e-08,1.1879381272292625e-08,3.94186845443051e-07,0.00013673381539873174,1.4386550005793215e-06,0.9998557538691746,5.584316964845846e-06
5,mlp,218,5,5,8.621974047328452e-10,5.429913508349903e-10,3.126797417511955e-08,6.20043389046108e-05,1.935227061342127e-07,0.9999371876896909,5.817755356621845e-07
5,mlp,6891,4,4,6.274059318004022e-05,8.653787458179957e-07,0.040249550554117525,2.749881482479266e-06,0.933764219286339,0.0012295355606924065,0.02469033874544269
5,mlp,11564,3,3,3.473321547887193e-07,3.5583484573045136e-06,8.093770237030128e-08,0.9937356363028378,0.00036361023369265013,3.146121190131429e-05,0.005865305633253856
5,mlp,594,5,5,1.9574201176548895e-07,4.5598661788125345e-07,3.390902459991395e-06,0.02116476206960486,5.8296935735805226e-05,0.9765049851077081,0.0022679132558617253
5,mlp,12061,3,3,1.850615994984722e-06,1.1394077455109961e-05,7.694875064118778e-07,0.9807900992708978,0.0009812793121285106,0.00010882553884782875,0.01810578169716942
5,mlp,12274,3,3,1.5675716079500088e-07,7.087680556942342e-06,4.6324167243453096e-07,0.9948954688937539,0.000544432628262913,0.00074913058093444,0.003803260217658434
5,mlp,13196,3,3,0.00014146962736614511,5.320521303630929e-05,0.00017885161767842132,0.5274117353235857,0.0020239460474793455,0.009248067755663721,0.46094272441519035
5,mlp,386,5,5,2.1117788091479975e-08,4.103644631234526e-09,2.7750071490713606e-07,0.00022180366399947204,8.233662500671468e-07,0.9997691764171972,7.893830405664157e-06
5,mlp,11003,3,3,9.787002259565158e-09,7.15975649414905e-07,7.428857691915157e-09,0.9992993406703811,0.0001820686751933692,2.4917269808613936e-05,0.0004929401931076985
5,mlp,8580,6,6,0.0015282544666245673,1.373184634169482e-05,0.00036661671437347634,0.008355394316262154,0.0006932759002691926,0.0009083020044058606,0.988134424751723
5,mlp,11584,3,3,6.330581196657426e-09,1.0352990689789387e-06,3.815822396678214e-08,0.9980244139927844,0.00018059897960096756,0.0007608870416152864,0.0010330201981252145
5,mlp,4810,2,2,0.010180654644733502,0.00018539082808640103,0.9895375422374153,3.302302158969908e-10,6.550083574618922e-05,3.074302399290807e-05,1.680997953206141e-07
5,mlp,13531,3,5,3.55767158546064e-05,3.901334737289873e-05,0.0004259619782362808,0.07966765420658169,0.0012893891592721462,0.878984080916957,0.03955832367572537
5,mlp,11754,3,3,4.4454958646864996e-08,1.0997444398945358e-06,9.915971675468734e-08,0.9947165482533117,0.00016444849699034746,0.00048422735435008156,0.004633532536232632
5,mlp,7857,6,6,0.00020371528138645438,1.1251129307494192e-05,2.133452550768198e-05,0.1690598497369268,0.03718027670850059,0.00047743016094490496,0.7930461424574261
5,mlp,13253,3,3,8.911925453926147e-05,4.0458198015136926e-05,0.00012266251153196856,0.6439446281362168,0.001819419799794975,0.06405883491333664,0.2899248771865653
5,mlp,6691,4,4,2.7524907158437126e-08,1.0215862619260465e-08,9.826239031090732e-05,1.724702156764504e-07,0.9997545027342146,6.513681617970246e-06,0.00014051098287098753
5,mlp,8118,6,6,0.0005196930868885253,4.568031127048722e-05,0.00024477756824994683,0.19190075225676625,0.0030097031466041436,0.010626739075555877,0.7936526545546647
5,mlp,9880,6,6,0.0009911966017449047,8.352761193470317e-07,0.0013811953205126303,5.6255287657940344e-05,0.026115578581822736,0.00038707869862061677,0.9710678602335218
5,mlp,1349,5,5,1.1829485220610412e-06,9.332576302579811e-07,2.9699426637579162e-05,0.002159184134492384,3.830942474251122e-05,0.9969991698491295,0.0007715209588456134
5,mlp,3363,1,1,1.9240963327789705e-05,0.9987182194170935,0.0012622424054925827,2.137066864641672e-17,2.9703306156824073e-07,1.8102472680898754e-10,4.853722149083094e-22
5,mlp,10814,3,3,1.0680106386041768e-09,1.2943650383622506e-07,2.5620286369054204e-09,0.9994313077699613,5.2788638139146685e-05,0.00012370994687239264,0.000392060578484232
5,mlp,1232,5,5,1.1880027985289051e-07,4.1827058369106584e-08,2.995456625519132e-06,0.0002004706045121322,3.3758818663484594e-06,0.9997243686025744,6.862882708353e-05
5,mlp,2827,0,0,0.9892304604890058,7.691444599139862e-08,0.005077705341964445,1.7877494223984764e-09,0.005690876370790408,8.034250583376007e-08,7.987535382997878e-07
5,mlp,6483,4,4,8.420290644144391e-05,1.1497406573718144e-06,0.002440458133687903,2.251317241896597e-05,0.9881665775221935,9.747459931328312e-05,0.009187623925287677
5,mlp,4832,2,2,0.005819153304603111,2.697270609717899e-05,0.9940983935518117,5.005186465780183e-11,4.249878993730521e-05,1.286294729837141e-05,1.1865020013535032e-07
5,mlp,2635,0,0,0.999967878698895,1.6882723399059484e-09,1.5814585215370573e-05,2.572774097259694e-10,1.6234925955199262e-05,4.21708022064175e-08,2.767358225465181e-08
5,mlp,8830,6,6,0.0001867289694068508,2.5086717889150416e-06,0.0002478624517085879,0.005201313450527568,0.0005608511247210142,0.007988210136963193,0.9858125251948837
5,mlp,1448,5,5,2.2231912862008903e-07,6.080135355780209e-09,8.630824489595444e-07,1.8506494417384572e-05,5.61213348361725e-07,0.9999758693709182,3.97143960305761e-06
5,mlp,11824,3,3,1.495102129286414e-08,1.179793237868955e-06,1.1368182952985534e-08,0.9976112918070368,0.0004337120814117337,6.508364041451303e-05,0.0018887063586946942
5,mlp,11267,3,3,7.864026731906935e-08,1.0107457937799583e-05,9.601911684535074e-08,0.9959270788165254,0.0006470043163873226,2.8772271558255695e-05,0.0033868624782068027
5,mlp,4381,2,2,0.003973659498075614,1.869044251968459e-07,0.9940928003353257,3.4231395066500588e-12,0.00193219332113771,2.0007250501369618e-07,9.598651076898396e-07
5,mlp,10171,3,3,1.8855505518944094e-11,1.6342038931158589e-07,1.850406565626467e-11,0.9996102526536214,0.0003871809349477223,1.118235598931619e-07,2.291130122090213e-06
5,mlp,3072,0,0,0.8644787506924487,1.185311505389194e-05,0.1354546025308967,1.3442553603188657e-10,4.8107898438457324e-05,6.654409136142074e-06,3.121960036820774e-08
5,mlp,1725,5,5,0.05398596366758336,1.4805468651143176e-06,0.0005508465186275884,0.00046596490876564057,0.00015255464413489966,0.9443193429143476,0.0005238467996758319
5,mlp,1730,5,5,3.818171394982429e-06,5.76578733294599e-08,6.145907936511716e-06,4.14846376546554e-05,2.8802239214204322e-06,0.9999227838984939,2.2829502725251945e-05
5,mlp,1840,5,5,1.374205758043559e-05,1.2148270745984416e-06,0.0001281240453410928,0.00021582589275332935,3.587305082471381e-05,0.9984166952342663,0.0011885248921593562
5,mlp,4429,2,2,0.0004306174459302303,4.825834690165967e-07,0.9992777875692247,4.281742210461136e-11,0.00028523874815115555,2.4090427368722438e-06,3.464567670556085e-06
5,mlp,2659,0,2,0.11387751951922535,5.529234462133397e-06,0.8769091032050862,1.6919352397817064e-08,0.008277372185451347,0.0007241671461357268,0.00020629179028722056
5,mlp,12838,3,3,1.0730986647875354e-06,1.0690340653153409e-05,2.4864481109082365e-07,0.9572566943720385,0.002006651733295765,0.00021285338694784252,0.04051178842358894
5,mlp,7943,6,6,0.0008127221135772321,5.544137384860806e-05,0.0003131309031344072,0.12166556168408527,0.0017326466002266622,0.0032276924546054127,0.8721928048705224
5,mlp,8176,6,6,0.0005644888203534634,2.6459688948381524e-05,0.00017391269375909796,0.02188364872585057,0.001448355742962845,0.0002764396661225501,0.9756266946620031
5,mlp,9118,6,6,0.0002949449362297544,8.514366115228624e-06,0.0011659549642171216,0.002416669736072312,0.0009839903442919059,0.004699770463990408,0.9904301551890833
5,mlp,2673,0,0,0.9990422954732635,1.0878677352639268e-07,0.0009493895380520799,6.006601562791388e-10,7.73945705296946e-06,3.9449489382395775e-07,7.164930393387591e-08
5,mlp,7825,6,6,0.00015469311038209183,6.190926125070631e-05,0.0003343508212739397,0.08868064474670491,0.023862319167947333,0.0004040665950695975,0.8865020162973715
5,mlp,12292,3,3,5.292206383668364e-07,9.487225092881772e-06,9.162548537016654e-07,0.9849285030555556,0.0006617239207315079,0.0005510321571250644,0.013847808166002815
5,mlp,7986,6,6,0.0002708851518315231,1.4978567793634256e-05,0.00014230841623353186,0.14034479179810913,0.024870278345165205,0.0012518078724060272,0.833104949848461
5,mlp,11033,3,3,3.381999116494669e-08,2.1504441666216304e-06,1.3671995714246717e-08,0.9988539857712603,0.00021261535971767056,1.0365987562602958e-05,0.0009208349453057921
5,mlp,4756,2,2,0.0015067258758750886,2.264366633845407e-06,0.9976510118830129,8.85376780454981e-11,0.0008372114612337417,1.2431199450669434e-06,1.5432047619801301e-06
5,mlp,5595,4,4,1.1800311268801869e-08,1.7898203275761268e-08,2.2415316995370304e-08,0.0005033547676797238,0.9991690694333255,1.2407898302090581e-06,0.00032628289533293713
5,mlp,2193,0,4,0.4371044200648489,8.639846037658201e-07,0.008647709318058213,1.2689103843378517e-05,0.5501696805413381,0.00032778082331653686,0.003736856163991029
5,mlp,10480,3,3,2.567469539100471e-09,1.0358605370943118e-06,1.3592653768670854e-09,0.9996365418744946,0.00019250378248149256,2.8283373956500507e-06,0.0001670862183561035
5,mlp,12206,3,3,1.4501006010438346e-06,5.6852019777777356e-06,3.3832976302258943e-06,0.9687949982767965,0.00041456251271557615,0.00690798010880197,0.023871940501476847
5,mlp,5264,2,2,4.1615442885935595e-05,6.87456600281053e-07,0.999928488117355,6.768871157280964e-15,2.9204355085161765e-05,4.5546175747444775e-09,7.344940394253554e-11
5,mlp,12254,3,3,5.6036598923493485e-08,5.00770981103315e-06,4.6029627330204194e-07,0.9948873447007351,0.0005082085980011959,0.0020319825347043115,0.002566940123875971
5,mlp,8787,6,6,8.093129644075351e-05,2.310850594950555e-06,3.795893122273813e-05,0.012066934020636785,0.0029970086666761464,0.0037728625074381445,0.9810419937269904
5,mlp,9640,6,6,0.001186510917099109,4.736787239303444e-06,0.0006401820568797845,0.00018453138416850426,0.0013095159076506263,0.0011076131098650252,0.9955669098370975
5,mlp,252,5,5,1.4388986780023916e-07,1.6172465245028195e-09,2.758844780197865e-07,0.00015233371559205384,5.098563772113558e-07,0.999843729472902,3.0055635364039055e-06
5,mlp,440,5,5,2.9904494060620584e-09,2.6329492377040646e-10,5.108227959549824e-09,1.2220782086751506e-05,1.216222210308127e-07,0.9999876361415658,1.3092153990696285e-08
5,mlp,9906,6,6,0.004824156938276141,1.35686895957978e-06,0.006635326320020737,3.720579348237394e-05,0.014302530061629163,0.00042727710950630636,0.9737721469081256
5,mlp,4785,2,2,4.926577919227003e-05,9.616146591957395e-07,0.9999371474356886,1.546781096440624e-13,1.257762766605891e-05,4.0563885312932145e-08,6.9787536973809725e-09
5,mlp,10197,3,3,4.2429091370181316e-10,1.5505232949683547e-07,7.131242174935998e-11,0.9998971598541921,5.184035280419262e-05,5.258330612465463e-07,5.03184120096375e-05
5,mlp,4708,2,2,0.004975399966645852,1.0704157150677233e-06,0.9943575743707016,1.0632216511659868e-10,0.0006627018321800786,1.7290041619139016e-06,1.5243042730956363e-06
5,mlp,9789,6,6,0.009461653958664338,4.734395874634618e-06,0.01043779340501986,0.00016365198170821936,0.004368467629778908,0.0012357478765359067,0.9743279507524182
5,mlp,9186,6,0,0.87770776134538,4.1194329951363836e-06,0.001094844977212622,0.0030105730820122797,0.008753663688560022,0.008175952783016235,0.10125308469082392
5,mlp,7639,6,6,0.0003209014549806679,1.9116717819295074e-05,3.438486218154533e-05,0.12145288515013843,0.0031500738210615492,0.0003668549326242613,0.8746557830611943
5,mlp,603,5,5,2.99641666334017e-09,2.0676827710054578e-10,1.2027811084437428e-08,7.131234256644282e-06,6.74259266963197e-08,0.9999927532409486,3.286787202282994e-08
5,mlp,3972,2,2,0.09935132134189495,3.398187869644862e-06,0.7328366800379165,8.214500555945128e-07,0.14542617357128704,0.00014034073154531383,0.02224126467943076
5,mlp,7187,4,4,4.139682654598925e-06,1.1653854960679011e-08,0.0016300682392412357,5.894831166419608e-09,0.9982978182106702,6.11001502495372e-07,6.734531724533956e-05
5,mlp,13333,3,3,1.490463573863172e-05,4.119697556123321e-05,1.1677798409272803e-05,0.8827396582166538,0.0029371342439741205,0.0017993415594277672,0.1124560865702352
5,mlp,938,5,5,1.4624942410881115e-07,8.86706695275106e-08,3.5047616255751327e-06,0.0012356287832543454,8.579459837452614e-06,0.9985781983437831,0.0001738537314058489
5,mlp,10439,3,3,1.5626369232137127e-09,2.6897051706683935e-07,1.4288986372540065e-09,0.9997874945216991,5.334258802654097e-05,1.0209890289066993e-05,0.0001486810379326393
5,mlp,5013,2,2,3.158586460391279e-05,1.3913794164882252e-05,0.999713622507739,2.2026896599874694e-13,0.00024073728009429098,1.3782939793385938e-07,2.723779708435336e-09
5,mlp,1417,5,5,1.3491616130258814e-05,2.9234134145144205e-06,8.91845889637097e-05,0.013268419404067732,0.00014441840084669197,0.9730017130084605,0.013479849568116571
5,mlp,13379,3,3,3.061513876478832e-05,9.410681397024313e-05,0.0001003178846468819,0.7166606139677871,0.004233382695311874,0.01596941151444454,0.26291155198507443
5,mlp,1535,5,5,5.359931519432059e-07,1.2654136194968136e-07,1.1941326494927527e-05,0.00020276243755910342,6.713611571286495e-06,0.999643890616718,0.00013402947314274585
5,mlp,3814,1,1,1.1793116260042674e-12,0.9999999999907241,7.487551566635134e-12,8.173790231567936e-28,6.089637294422509e-13,2.6579215894375523e-20,9.673925581832664e-41
5,mlp,5261,2,2,0.004205471140940247,5.908480777883138e-07,0.9862787240333066,1.96770928024791e-12,0.009515201433723334,8.478394991037521e-09,4.0635894050847246e-09
5,mlp,11475,3,3,8.65654054603139e-09,5.255429532190563e-07,1.9673636935557708e-08,0.997512066421636,0.00012171395233200631,0.0003892075612747313,0.001976458191626219
5,mlp,5140,2,2,3.139323814142881e-05,4.822558268943013e-07,0.9864613741488263,7.31120570206127e-12,0.013505640362201726,9.733301289660916e-07,1.3665756331550236e-07
5,mlp,10536,3,3,2.2179753234536156e-09,1.6794788875319952e-07,9.333087496047532e-10,0.999556749192814,4.172793890775744e-05,6.227917696726118e-06,0.00039512385140854544
5,mlp,13217,3,3,8.770676360687293e-05,5.766252422860766e-05,1.7821374379202543e-05,0.6961248191005498,0.006683108959488166,0.0006875634101474653,0.2963413178675999
5,mlp,11032,3,3,6.173393001239674e-09,2.8749374260939733e-07,5.5150405671043305e-09,0.9970022095065755,7.122221731628422e-05,5.1356532282483654e-05,0.0028749125616496923
5,mlp,738,5,5,1.3496798927467882e-07,4.283772701897865e-08,2.2023635051415845e-06,0.0007668498320209722,4.6743228469551494e-06,0.999153109441519,7.298623439142395e-05
5,mlp,3265,0,0,0.9999983765605817,3.132982511130389e-07,1.865268091325324e-07,2.0348973498480283e-11,1.1135725918098203e-06,1.0021091818283302e-08,3.253248522752276e-13
5,mlp,10517,3,3,2.7249637419204257e-09,1.6096209210406525e-07,2.2858271899599982e-09,0.9995337021117934,3.5054121562728464e-05,1.7892029443071903e-05,0.00041318576431793446
5,mlp,2583,0,0,0.9999221488153478,2.4382430927610584e-08,5.1983891973576076e-05,2.6483013912816814e-09,2.5636907059334818e-05,5.7070690043936574e-08,1.4628419680053964e-07
5,mlp,1446,5,5,1.2508158434151328e-05,1.0399251663799543e-07,1.592971169435386e-05,0.0002554522682648724,6.4437922066030704e-06,0.9996026787939343,0.00010688328294909468
5,mlp,13027,3,3,1.7124497094009106e-06,1.1499840188233303e-05,1.9805362551673075e-06,0.9550598315733339,0.0012626825091891026,0.0014061333546468802,0.0422561597366771
5,mlp,2822,0,2,0.02580582039752992,1.9782375422222695e-06,0.9735401512258836,9.778269427736858e-10,0.0006359320054958999,4.605567552286835e-06,1.1511588169337921e-05
5,mlp,7075,4,4,0.0010426967280512118,3.2737490621036256e-06,0.30215070979255654,1.9122817863921223e-07,0.6683071518689561,0.0003029834514113131,0.02819299318178417
5,mlp,5929,4,4,7.07123119296033e-10,4.896635624916303e-11,7.923188188218519e-09,1.945953211990487e-07,0.9999917134528843,8.706959579854422e-09,8.074565557265481e-06
5,mlp,13426,3,3,3.105760924152894e-05,3.8832805126895814e-05,6.505136865669307e-05,0.5798905369802302,0.0026336615464598945,0.03795919138867509,0.3793816683016096
5,mlp,8273,6,6,0.00017997038095288716,3.227085015575155e-05,0.00017613926590530604,0.036455662939572885,0.0013869598903739925,0.0006551087661951018,0.9611138879068442
5,mlp,2536,0,0,0.8065434214383278,1.7575116197639007e-06,0.18372903217332598,5.5617085382993714e-08,0.009495720842643251,8.852460442908072e-06,0.00022115995655470138
5,mlp,2227,0,0,0.9898991369737392,2.6098277194398936e-07,0.005540616289077426,5.518985340189418e-07,0.00400966717331526,8.985564678769504e-06,0.0005407811178833019
5,mlp,2529,0,0,0.9997129518783557,3.884697238203378e-08,0.0002776189073757961,2.3354412911650687e-09,8.946535592323066e-06,1.9188875629055996e-07,2.4960750609374053e-07
5,mlp,10112,3,3,1.0007563394215918e-10,3.4824793843513346e-08,1.1448678061950607e-11,0.9999536897833112,2.1819388647976163e-05,3.429625760753743e-07,2.411292914664335e-05
5,mlp,5391,2,2,0.0006165160140063068,5.757136142125801e-05,0.9992235838638569,2.7082328340207634e-13,0.00010230363852741401,2.5008424149379816e-08,1.1349314680208021e-10
5,mlp,11875,3,3,2.0723520656012343e-08,9.565293599410334e-07,1.57595399107173e-07,0.9845626922326534,0.00021858911207728624,0.011136213710422881,0.004081370096566937
5,mlp,5784,4,4,4.455840927144297e-06,4.965339588439386e-07,0.00010680698157861926,7.836271040421193e-05,0.9953359987691475,8.199428032115095e-06,0.004465679735951624
5,mlp,2803,0,0,0.999601540522927,1.294802251780383e-09,7.110723317480658e-05,6.9594708692704e-11,0.00032729915795705496,3.31172858332649e-08,1.8604258211914682e-08
5,mlp,9910,6,6,0.010243514260096544,3.824685240466161e-06,0.002327511933841288,0.00022053288653727245,0.005738527947664428,0.015991953066442736,0.9654741352201773
5,mlp,10628,3,3,3.7780171273882425e-09,4.2882195729045284e-07,2.515976704594723e-09,0.9996979222536753,5.262614397182244e-05,1.2258897638079916e-05,0.00023675758876386468
5,mlp,12007,3,3,6.900019446768801e-08,2.9911685404830765e-06,1.5221548888225202e-08,0.9958748539762222,0.000494637463974758,3.310148278144163e-05,0.003594331686737571
5,mlp,10467,3,3,6.149552572147551e-09,3.7445180359947724e-07,4.891813428736659e-10,0.9990708192150373,0.0001389921229254519,1.2886549720309529e-06,0.0007885189165276586
5,mlp,10345,3,3,1.0632412216477912e-10,1.6911037885647914e-07,3.9429317801580866e-10,0.9998573860216918,8.636380396843402e-05,3.117198755174567e-05,2.4908575791811497e-05
5,mlp,7263,4,4,8.448704067593132e-10,8.428760799507004e-12,1.8181802961245063e-07,1.11826868986927e-10,0.9999989241374156,1.7052746763934868e-08,8.760266820599289e-07
5,mlp,4315,2,2,0.0030715210261903756,1.707273325473772e-06,0.9967733553603064,2.0082391068816594e-10,0.00014132023017423276,2.1350047622440073e-06,9.960904417534917e-06
5,mlp,2228,0,0,0.9992146739164545,5.07885806361412e-07,0.0005224838664328527,3.701582625792577e-07,4.620090813771817e-05,0.00020946319224427327,6.300072661747803e-06
5,mlp,13246,3,3,8.100720226142798e-05,7.66998582829532e-05,2.927665302362998e-05,0.7828307262345403,0.008515484520279604,0.0008095376396224832,0.2076572678919896
5,mlp,11086,3,3,4.5947743469385045e-09,1.00304746459153e-06,2.3248861589618284e-09,0.9994238697884344,0.00039407649760284737,8.766478015278714e-06,0.00017227726882247825
5,mlp,8101,6,6,0.0005187749220963158,2.614604974587711e-05,0.00033568525594827165,0.018616951807409642,0.0007513078543943477,0.0004357997867846189,0.9793153343236208
5,mlp,971,5,5,1.7989555767133862e-05,1.689298529087251e-05,9.726879505129797e-05,0.20648529802241714,0.0008100620017195496,0.7659933312646858,0.02657915737506831
5,mlp,7865,6,6,6.174416648968605e-05,1.3369270603367197e-05,2.939155124709948e-05,0.017788449729613267,0.06957116352571051,0.00010277092599926596,0.9124331108303367
5,mlp,13250,3,3,0.0011303673165232327,9.895616764127362e-05,0.0003838579477098312,0.5126515382327334,0.0030392824958672855,0.008945612918450377,0.4737503849210746
5,mlp,8636,6,6,0.0002313553979066917,2.7297603423732615e-05,0.0006832567414826907,0.00942703744043693,0.0019698694513546186,0.0011635491216579323,0.9864976342437373
5,mlp,3491,1,1,3.8642904087505e-08,0.9999823800902213,1.7568147334744802e-05,2.104745428183309e-21,1.311943938061886e-08,1.0059468106447171e-13,7.006490662833864e-28
5,mlp,2984,0,0,0.9621500710675575,5.950896180242651e-07,0.03777164355113038,3.116928955113679e-11,7.735386433392656e-05,3.090961037801005e-07,2.730008694201916e-08
5,mlp,6564,4,4,1.4719699744344954e-05,2.0120037007106958e-07,0.0021521401723462483,3.142035873026666e-06,0.9806406907633137,5.8342131453920846e-05,0.01713076399689855
5,mlp,6454,4,4,1.9526982272083226e-08,5.087294153311473e-10,1.3744830342932665e-06,5.77032635117633e-08,0.9999622917926163,6.091173375224853e-08,3.619507364055344e-05
5,mlp,7341,4,4,4.289000534636305e-06,1.4497965706545988e-09,0.00020490417548715676,1.984856852293861e-09,0.9997494030238927,2.3478874830605958e-05,1.792149060159559e-05
5,mlp,9978,6,6,0.004786301006888536,6.814623825535863e-06,0.11159864569729487,0.00012664822688408344,0.020965502424210827,0.16020551484524062,0.7023105731756556
5,mlp,13168,3,3,5.232306566907348e-05,5.577465800619576e-05,6.949252566233307e-05,0.5928437097116943,0.0019006618814193011,0.0034165848048393335,0.40166145335270936
5,mlp,4839,2,2,0.003442232322524283,1.0291376441526775e-05,0.9950511013872286,4.8734974526070266e-11,0.0014953506425892348,6.109951056390029e-07,4.1322737579784877e-07
5,mlp,10177,3,3,4.670021215488724e-10,2.7698248411938103e-07,7.507378598771557e-11,0.9998720014723378,0.00010506895020966452,3.609049876129095e-07,2.2291147904876993e-05
5,mlp,12238,3,3,2.939754007556515e-05,1.0611395086998081e-05,5.1658175551877e-06,0.9596895966273474,0.0006545101308839065,0.0005300388506716074,0.039080679638379495
5,mlp,4535,2,2,3.2026106781322453e-05,2.4105846849498283e-07,0.9988550805155502,9.427524431795594e-12,0.0011087993111130834,1.9897978765745885e-06,1.863200782996371e-06
5,mlp,1694,5,5,0.17979667934057034,1.0635172764659303e-05,0.0014716955693555767,0.00430344413797606,0.000812270283582158,0.8078658022611277,0.005739473234623565
5,mlp,12338,3,3,5.905379497605975e-07,7.0785811295394515e-06,5.261506337964295e-07,0.9860460389850382,0.0004384064025253115,0.0003570042032243481,0.013150355139498818
5,mlp,2981,0,0,0.9991462739426142,2.0627920492779065e-07,0.0006759569686723652,1.5130179345003033e-10,0.00017753491450438904,1.951278242669905e-08,8.230920004591281e-09
5,mlp,2184,0,0,0.998865741294827,5.69013663398783e-07,0.0007345031481364374,1.3881075041327733e-06,0.0001562064897404215,2.999742303602967e-05,0.00021159452309281348
5,mlp,4161,2,2,0.007716002418915658,8.335491904768128e-07,0.9914139738066524,1.0257249098689543e-09,0.0007880851233036723,3.6679959681937428e-06,7.743608024476561e-05
5,mlp,6359,4,4,0.000763847915593085,2.155896240608729e-06,0.011707555169918418,1.9598469483850682e-05,0.9510426891410566,5.766401265091403e-05,0.03640648939505654
5,mlp,12417,3,3,5.397123549589947e-06,2.1153788742619424e-05,3.890356219564244e-06,0.9264211243569551,0.0015651877817953156,0.0003096758030567182,0.07167357078968109
5,mlp,8916,6,6,0.00017308218915943488,2.7513081435516095e-05,0.0005786039567658086,0.060011602839411544,0.004892666893861351,0.09671467461177563,0.8376018564275908
5,mlp,5144,2,2,0.00018929156275020547,1.0563864762263766e-06,0.9997716450360657,9.619978397650801e-14,3.799429129165862e-05,1.1596840237011966e-08,1.1264796959327297e-09
5,mlp,4947,2,2,0.00048471419004623056,2.3837527566799322e-07,0.9986821879305859,8.559802216304476e-14,0.0008328471660054754,8.14722678595435e-09,4.190774538616132e-09
5,mlp,8033,6,6,0.0013736398684932771,4.6053053170550185e-05,0.00033227626786321414,0.06067307396355428,0.002504665118607886,0.0006359642214162852,0.9344343275068946
5,mlp,10386,3,3,1.6324215494554578e-09,2.593226013443895e-07,1.4901892489313047e-10,0.9997982764127351,9.664929399097779e-05,7.824072131687471e-07,0.0001040307820191161
5,mlp,12963,3,3,7.1036479438464705e-06,2.0358110921788123e-05,1.964065310288144e-06,0.8336651423121452,0.001862209551415911,0.00048178671466773807,0.1639614355975953
5,mlp,5914,4,4,5.3367328820676887e-11,8.225765797633926e-11,2.640021774322515e-09,4.582820335598514e-07,0.9999973503284654,1.6078687131488006e-08,2.1725351673723457e-06
5,mlp,11821,3,3,9.564256059299666e-08,4.0541782454578084e-06,6.665167834461504e-08,0.9968948081062127,0.0008409301302146769,4.280317648442151e-05,0.0022172421146040987
5,mlp,6333,4,4,9.253235323483066e-07,9.157930877601595e-08,4.764647415765346e-05,7.615279976676617e-06,0.9994656038168394,4.878856293046189e-06,0.00047323866989218264
5,mlp,6182,4,4,0.0001608556485070002,6.306764356937169e-07,0.000784188279452517,1.712294755686279e-05,0.9962390428840037,7.332345865349403e-06,0.0027908272181790587
5,mlp,313,5,5,9.678037224619923e-09,6.637213482671256e-08,5.58152477446858e-07,0.006428484906516927,1.3315226019655373e-05,0.9934741250072429,8.344065757112501e-05
5,mlp,8617,6,6,0.0002840893221331222,2.326935500538949e-05,0.0010165939343251393,0.0321981881068617,0.0022298023592255798,0.029100177257990398,0.9351478796644587
5,mlp,1475,5,5,1.2060169632260411e-06,2.2702042984557486e-06,5.070129643929939e-05,0.003738493599815509,8.878076538076666e-05,0.9948689505131504,0.0012495976039523474
5,mlp,12621,3,3,2.6081805112782956e-06,7.80275623770308e-06,3.274528036996333e-07,0.9809427141293988,0.0016457581025546104,0.00015389030377333256,0.017246899074720524
5,mlp,8451,6,6,0.0009560595915189768,1.0767926410678273e-05,0.0006300180526053233,0.0048299050887651,0.001506722913599209,0.00015477643525998105,0.9919117499918407
5,mlp,9330,6,6,0.0003472468677470776,6.6786349529138686e-06,0.001891616318644218,0.0005726279326297134,0.0017391862507923632,0.0008048380924742655,0.9946378059027593
5,mlp,7239,4,4,2.0466630773156447e-06,1.1413510042022828e-11,8.982776315418709e-07,2.693474609581945e-10,0.9999969731474906,9.236726797012435e-09,7.239431289367364e-08
5,mlp,34,5,5,4.170818512829095e-11,7.227497563131066e-11,3.660172175215645e-09,3.881768127687637e-05,5.661481592859568e-08,0.9999610233590671,9.85706847093734e-08
5,mlp,12013,3,3,6.437866858180482e-07,7.649020375467509e-06,9.421866900351064e-07,0.9863553036766578,0.00040918394747763663,0.00046306213675000133,0.012763215245363453
5,mlp,4324,2,2,0.0011601311509790283,6.80210532832148e-07,0.9977328734706108,7.090030074205531e-11,0.0010953017343125573,4.0960026464831865e-06,6.917360017915485e-06
5,mlp,12117,3,3,1.4500488369816568e-06,2.1041045464236682e-05,5.353214751038142e-07,0.9461446524952954,0.0021330629724039176,6.412424449841211e-05,0.05163513387202599
5,mlp,11840,3,3,5.632716524456034e-08,2.663627013543649e-06,1.657622380400053e-07,0.9970638744053167,0.0002639846200939577,0.0005177542373195503,0.0021515010208530885
5,mlp,4914,2,2,4.406379786745443e-05,1.2072151651930794e-06,0.9995504906614667,1.5120211659403469e-12,0.00040386816823657885,2.992050189092374e-07,7.095073303089159e-08
5,mlp,4943,2,2,6.454352227293494e-05,2.224327456567874e-07,0.999904872131097,6.454528846489222e-14,3.0332803811492705e-05,2.549584013506601e-08,3.6141682156961066e-09
5,mlp,3071,0,0,0.9997328638812936,1.9834809143787446e-06,0.00026159662508704154,1.367329050721614e-10,3.0308509049628684e-06,5.247115204195147e-07,3.1354675623706793e-10
5,mlp,1419,5,5,1.4899223706336878e-05,3.770941713891557e-05,0.0001443345663004645,0.13650128803036618,0.0017783986011882654,0.7897318695881954,0.07179150057310428
5,mlp,6675,4,4,0.007183289097455515,8.574774993541663e-06,0.21716300932859456,2.5603923108792766e-05,0.4437464937225122,0.0017118541591445093,0.3301611749941908
5,mlp,5833,4,4,2.28084054534608e-07,3.7747603656064854e-08,5.268650015094258e-06,1.0786826496078646e-05,0.9998111942705277,3.6019441446030806e-07,0.00017212422688853073
5,mlp,12215,3,3,3.778350287218571e-06,2.7407772518662603e-05,1.9175440059518314e-06,0.9593123071265136,0.003065754006535479,8.11064890430061e-05,0.03750772871109629
5,mlp,4954,2,2,0.00038781538883023777,1.2769421943322747e-06,0.9995587303615673,2.0431397578345766e-13,5.21520994285611e-05,2.1699528344052575e-08,3.508247126086505e-09
5,mlp,10989,3,3,2.440079233928553e-09,3.914278642242533e-07,4.428909457556022e-09,0.9993837423206611,9.429982678452675e-05,6.884049242704222e-05,0.0004527190632744868
5,mlp,8001,6,6,0.00018813145727277056,2.3393859294579086e-05,0.0003644212145753824,0.12021515283839321,0.008932967827534201,0.0012966510131822951,0.8689792817897476
5,mlp,5526,4,4,5.506287396732138e-08,2.887132301685627e-07,5.445525907265871e-08,0.05690733206293296,0.9385523014271552,2.6521357935815494e-05,0.004513446920612682
5,mlp,2923,0,0,0.9999634542654364,1.1361342722240756e-06,3.0026351917609444e-05,5.999950148700715e-10,2.493721679610442e-06,2.8882002133713862e-06,7.264857571090467e-10
5,mlp,6207,4,4,3.321963978338756e-07,1.1469001648932948e-08,6.616040043818818e-06,2.5420994896715365e-06,0.9933765849518512,4.701290963206097e-06,0.006609211952252771
5,mlp,3722,1,1,1.8569255592166696e-10,0.9999999990566064,6.647785093965073e-10,2.332739226224687e-25,9.292266776576779e-11,1.774624366595034e-18,2.0345857628229655e-36
5,mlp,5380,2,2,2.1794592716384572e-06,3.44685408250866e-08,0.9994900051267336,6.949020581340103e-17,0.0005077801935299841,7.451327946071327e-10,6.791373386229631e-12
5,mlp,1225,5,5,4.358643549923941e-07,5.3743554647509755e-08,8.016242805802932e-06,0.00028994441884672335,3.8460562792324544e-06,0.9995062375194449,0.00019146615471359952
5,mlp,215,5,5,1.759955187709691e-07,1.0015545850619207e-07,2.157486582325572e-06,0.00869081242021906,1.500807829743721e-05,0.9910168366199849,0.0002749092439389716
5,mlp,4387,2,2,0.007623069057057658,3.3483805294889917e-07,0.9676265713191844,3.848227327933604e-12,0.02474948694760636,1.35773010053054e-07,4.0206124018411266e-07
5,mlp,10383,3,3,1.083223722147546e-08,3.7194008062464297e-07,3.6257556867566556e-09,0.999580225982283,3.9868692298973145e-05,4.946023718704103e-06,0.0003745729036255892
5,mlp,3360,1,1,6.1924865578851815e-06,0.9984236515147249,0.0015698630007607891,3.874487214876721e-18,2.9220253533220417e-07,7.954210947065444e-10,2.9733663770922855e-22
5,mlp,3623,1,1,2.6162505701854822e-11,0.9999944763825479,5.5207143679378675e-06,2.9362242530081745e-25,2.876921649647613e-09,6.954629457686287e-17,4.4728839541292737e-32
5,mlp,7415,6,3,4.4647933711284495e-07,6.879963915837155e-06,4.998611051836886e-07,0.987962540947442,0.0009899372919743958,0.0005232716912466221,0.010516423764978855
5,mlp,1312,5,5,3.011275669741077e-07,1.0354368166847802e-08,8.05942530070655e-07,4.7087135558341426e-05,1.0379515216000653e-06,0.9999475567944629,3.200693992143111e-06
5,mlp,7049,4,4,2.614575639919675e-05,9.894349825133143e-07,0.01575072155221607,9.441498330322621e-10,0.9838307816315858,3.7363203580283774e-06,0.0003876243603087267
5,mlp,3449,1,1,2.5895911130239926e-05,0.9998496419965666,0.00012393780354164678,1.2635408774780582e-20,5.242849660116336e-07,3.795478131045623e-12,2.608637376486695e-26
5,mlp,3833,1,1,1.8398540836143557e-13,0.9999999999983031,1.4328247224574068e-12,1.990444423379215e-28,7.998480316307276e-14,8.530410975428602e-21,4.024053551616223e-42
5,mlp,4181,2,2,0.0056353920975687945,3.4695038435051387e-06,0.9939467013477268,3.3286947916354954e-09,0.00022179361505579603,0.00012652052698982176,6.611958012025341e-05
5,mlp,10840,3,3,2.460029946505471e-09,4.1160304783691863e-07,8.573617749085419e-10,0.9995930693970188,9.943602038751157e-05,5.050476965739825e-06,0.0003020291851884143
5,mlp,442,5,3,3.1898212745925227e-06,1.49913585455608e-05,2.4307143159955078e-05,0.7251119705674928,0.0010227959814537537,0.253766346297534,0.020056398830539463
5,mlp,8079,6,6,0.0007702696218089428,1.3896261975269401e-05,0.00012601515902868447,0.0586705459546727,0.1775352382716664,0.0006432910886745324,0.7622407436421734
5,mlp,44,5,5,4.818233895102641e-09,1.3013193861826344e-08,1.9416500179268196e-07,0.005849015790918455,4.4844178408402306e-06,0.9940864025232236,5.9885271587583884e-05
5,mlp,4003,2,0,0.7926116646193061,1.5198647090728123e-06,0.16645365768354592,2.6835275708519234e-07,0.039751020534969886,1.4021834863201791e-05,0.00116784710984885
5,mlp,12232,3,3,1.0746842239576437e-05,3.7823975087753387e-05,2.4958070920831954e-06,0.9570058207889943,0.0033324210554484305,6.90040582385863e-05,0.039541687472899316
5,mlp,3851,1,1,2.7644333943460495e-13,0.9999999999923019,3.555185617141971e-12,2.94653836450818e-30,3.8664997740171576e-12,1.2988648933868382e-22,1.5559184433954019e-43
5,mlp,868,5,5,4.742158817594956e-08,1.3757049266735565e-08,1.4009342704633355e-06,0.00019063845307392926,1.548343048856886e-06,0.9997756752322513,3.067585871788182e-05
5,mlp,10325,3,3,1.6545385084079341e-10,9.904659789950234e-08,2.044981209597578e-11,0.9998612622541962,0.00010078369828795497,6.587856517819072e-07,3.719602936247804e-05
5,mlp,10491,3,3,2.3740932778653233e-09,1.1355068447478573e-06,1.472865638011126e-09,0.9996168906582495,0.0002113782421260545,3.1997953701938877e-06,0.00016739195045055598
5,mlp,9579,6,6,0.00026479115303049014,1.2097140925974817e-06,0.00015802025672653612,0.0010421123364294455,0.006727877531041977,0.004097625383421253,0.9877083636252577
5,mlp,4475,2,2,0.002063113232621083,5.288672222710221e-07,0.9891335652961465,4.487244198948547e-10,0.008777965514637028,2.326125578612014e-06,2.250051507002375e-05
5,mlp,807,5,5,3.141048898761746e-07,3.1899595901758334e-07,5.83825852355902e-06,0.007392473942254912,3.2390940912668864e-05,0.9914253563554821,0.0011433074019777576
5,mlp,7313,4,4,4.731699126500925e-05,1.5451460770537857e-08,0.0028390566815319498,4.628795283366372e-09,0.9969142212681025,1.9930361581461547e-05,0.00017945461726302694
5,mlp,2041,0,0,0.7289998040618388,9.148416092112859e-06,0.002638124362173315,0.0041638634687679345,0.004435516189270473,0.058453288954192405,0.2013002545476648
5,mlp,1967,5,5,0.02339416037415769,2.266223454189775e-05,0.013924263735826028,0.0006938384513165453,0.00063696893190163,0.8569574104505557,0.10437069582170032
5,mlp,12477,3,3,1.928381749893874e-06,1.0662421516075754e-05,5.504717048668355e-06,0.9574446623187199,0.0006710977556814898,0.002766019197703296,0.03910012520758081
5,mlp,877,5,5,4.627459253955558e-05,3.1769286689315264e-06,0.0001288754475638396,0.031327684199866666,0.00014833355663570314,0.9546373360373533,0.013708319237371924
5,mlp,3136,0,0,0.9999482939267009,1.2325298622477888e-07,4.008127817296339e-05,1.4580414963750286e-11,1.1493583448458084e-05,7.839494998943827e-09,1.0461594047669354e-10
5,mlp,132,5,5,5.487867178857193e-08,3.0384143494998344e-08,6.820925493203622e-07,0.00753155637919969,7.706079020028495e-06,0.9921259010273739,0.00033406915904170276
5,mlp,961,5,5,2.5415629293258687e-05,4.079611904941444e-06,0.00011303995521235955,0.05591724117067204,0.0002269795222093203,0.8754879471584973,0.06822529695221076
5,mlp,11586,3,3,1.6719025247354003e-07,3.4765158115277277e-06,9.355671430146074e-08,0.9947185909607613,0.00025601327494987014,5.6429126898806314e-05,0.004965229374611725
5,mlp,11602,3,3,9.889975810949254e-08,5.827526315401438e-06,9.991279362771099e-08,0.9964273343607675,0.0005274321819715021,6.858565274200515e-05,0.002970621465651681
5,mlp,2729,0,0,0.9980421836835234,1.8866751560242947e-08,0.0014335719788630041,5.786618205973987e-10,0.0005238032949435692,4.879630488090393e-08,3.728009520972472e-07
5,mlp,5055,2,2,0.00030894498677218123,4.3472737851074935e-06,0.9992172421940773,9.540488909989797e-12,0.00046838250121361455,1.002352937956221e-06,8.068167380026409e-08
5,mlp,7379,6,3,0.0050950901425479275,3.1082453213861694e-07,2.1429856831933703e-06,0.8192898146341488,0.005799462954380867,0.16754839835899896,0.0022647800997080405
5,mlp,5318,2,2,0.04654887973445377,1.9678716337846747e-05,0.947276659427643,2.5489945417632382e-12,0.006154765398418941,1.5914751337425855e-08,8.058460360075975e-10
5,mlp,3124,0,0,0.9999986012719209,8.333821831492776e-11,9.696153551286833e-09,1.0940481191397142e-12,1.388111185178312e-06,8.351709297953836e-10,1.1373090295373671e-12
5,mlp,10645,3,3,1.7140619697023641e-09,5.692774563924324e-07,1.0141486041301077e-09,0.9996456893846075,0.00026579186368610975,2.89117673844995e-06,8.505556930106242e-05
5,mlp,8048,6,6,0.0001904191614114053,8.947056043627392e-05,0.000628446732692842,0.18254619267575617,0.002875832583426521,0.08907618203770155,0.7245934562485753
5,mlp,5265,2,2,6.201271229767495e-06,2.779744507074706e-07,0.9999702970331057,1.0599690066976273e-16,2.322189908494844e-05,1.8097057666329042e-09,1.2423274803247724e-11
5,mlp,12795,3,3,1.815730831862191e-07,1.4478432004607935e-05,2.351134529422706e-06,0.9744350841307998,0.0011534972971301355,0.0191846099323558,0.005209797500097189
5,mlp,8262,6,6,0.0002658449341442769,3.387057913281027e-05,0.0001259171874488478,0.3008972376629714,0.005672198256134721,0.024859932220513605,0.6681449991596543
5,mlp,7562,6,6,0.0002260015646789361,4.358786233558247e-05,0.00015119981297319725,0.1969129490198783,0.0016695606404732732,0.0007690732567406435,0.80022762784292
5,mlp,1561,5,5,1.145170552271734e-05,4.5505754206204055e-08,6.789466327121438e-06,6.731863441103578e-05,3.513722460081701e-06,0.9998863162268071,2.456473871769456e-05
5,mlp,12155,3,3,3.5044205312185156e-07,4.974689512439111e-06,6.607195530687422e-07,0.9896953924559991,0.00033938043237042236,0.000754485659768115,0.009204755600743906
5,mlp,8330,6,6,0.0002815498141620637,2.0252135388837987e-05,0.0003571886443873689,0.006549841600611574,0.0023301155079491044,0.00012486620217542913,0.9903361860953256
5,mlp,7775,6,6,0.00035695392155817696,6.0995890248029715e-05,0.00022895928825330628,0.17631589537481923,0.003304391364171993,0.0008494088042227957,0.8188833953567264
5,mlp,10338,3,3,1.4221942676949886e-08,1.2536995627665342e-06,1.95607205855007e-09,0.9996287383515113,0.00010132609338227018,7.73151111699741e-07,0.00026789252641709724
5,mlp,13142,3,3,7.547503522945484e-05,5.148390305451714e-05,6.504913151274508e-05,0.6899563058269905,0.002181437652147106,0.002379119365958213,0.3052911290851074
5,mlp,4245,2,4,0.05133835798374161,2.7498832833549903e-07,0.19978009055274526,1.3262837228501015e-08,0.7486784601766544,7.793519227476544e-06,0.00019500951646571715
5,mlp,180,5,5,1.1504321016547652e-08,1.2265324611464924e-08,3.435345307664006e-07,0.001697530253945519,2.999973873290784e-06,0.9982399304822511,5.917198575367509e-05
5,mlp,3321,0,0,0.9999798819276441,1.6365804341793394e-08,1.2151165906569181e-05,3.9026151395837033e-14,7.950441980108283e-06,9.846198661823206e-11,1.6418067726042097e-13
5,mlp,6022,4,4,7.489704896646992e-09,2.3648775164597806e-09,6.475156520079974e-07,6.640698498109909e-07,0.9999492670003362,1.5651863736201408e-07,4.925504094239156e-05
5,mlp,1945,5,5,0.020798726276378486,5.805434731238536e-06,0.00027074661666834257,0.00020615183186129858,0.0002241832554347811,0.9783050734673933,0.00018931311753245548
5,mlp,4827,2,2,0.03094364162036271,6.58226593939422e-07,0.9380945372392213,5.0266543770444946e-11,0.030958475498155977,1.553984231533336e-06,1.1333811678992726e-06
5,mlp,269,5,5,4.957024623434803e-09,1.1881228316249769e-08,2.725470408600195e-07,0.0012276107419527129,2.7443224415849323e-06,0.9987489766552929,2.0378895018859184e-05
5,mlp,9010,6,6,0.00029957930709456886,1.0925864924521916e-05,0.0005670789651904533,0.011678665731776467,0.0012911330315051911,0.03191417500264567,0.9542384420968631
5,mlp,292,5,5,4.6444173511236656e-08,2.5052914734570226e-09,2.2873303875861549e-07,0.00019427979486187,6.74866086787102e-07,0.9997990128803506,5.754776197032308e-06
5,mlp,2002,5,5,0.0015269864214660725,6.507704458399621e-06,0.0029851798649506733,2.4276823252745064e-05,7.59975206152455e-05,0.9944261067726018,0.0009549448926549767
5,mlp,12153,3,3,1.5158077605535325e-07,2.8550232212364645e-06,8.160274055641736e-08,0.990418722550616,0.0003770444897382226,0.00012621507749798166,0.009074929675410128
5,mlp,6514,4,4,2.9913169804417703e-07,4.539842573566567e-09,1.4915010178813515e-05,1.8751137336086544e-07,0.9999156401725025,1.8155602877451013e-07,6.877207837594598e-05
5,mlp,2519,0,0,0.9733353072760821,8.146898753477327e-07,0.026510934028626393,1.0710079611111716e-08,0.00014003173265976927,2.8468579001539304e-06,1.005470477677689e-05
5,mlp,9840,6,6,0.10297384500256222,7.306304297812585e-06,0.02359823987532725,0.00027919641919301364,0.0014929525330201392,0.009614921936302614,0.862033537929297
5,mlp,12365,3,3,5.4015659072321975e-08,5.0125989810821805e-06,8.128593247864467e-08,0.9968610691862572,0.00048783141456470747,0.00025607213936866823,0.002389879359236761
5,mlp,4929,2,2,7.820429757846942e-05,5.142625452420317e-06,0.9997766600270508,1.512486702969206e-13,0.00013994114895781105,4.893310103860986e-08,2.9677082860005556e-09
5,mlp,12047,3,3,7.109987397611425e-07,4.835438234126438e-06,1.2901588083665082e-06,0.9810484331672548,0.0002947859448183423,0.0009151420554286221,0.017734802236715773
5,mlp,5756,4,4,0.0005403815653514998,3.0096361916677703e-06,0.00034365741063373755,0.0013207384168246422,0.9757113710210553,5.7570782566668496e-05,0.022023271167376467
5,mlp,3086,0,0,0.9945498600041413,6.451910750984171e-07,0.005438546524285383,3.9545013034505114e-11,1.0852822618378682e-05,9.277336102582636e-08,2.644973728973347e-09
5,mlp,13485,3,6,9.683038075477537e-05,2.175425264197013e-05,2.674863021446487e-05,0.3061581111540731,0.008506400585443384,0.0023198765810304375,0.6828702784158419
5,mlp,1035,5,6,0.0005527956067075372,2.249309217972104e-05,8.977875382342812e-05,0.34923732955434766,0.002440493826717206,0.0070057600490873485,0.640651349117137
5,mlp,2067,0,0,0.8373267496525304,2.1101069731265952e-07,2.2901967697058556e-05,0.0009674625454010525,0.15935511271742095,0.0017049491498217601,0.0006226129564313042
5,mlp,10538,3,3,6.917678664804586e-09,1.0559605323525553e-06,2.1787603577800114e-09,0.9996178354488947,0.00015992851594253177,2.4227114908126583e-06,0.0002187482667006632
5,mlp,4459,2,2,2.829593477126618e-05,2.4900868322048656e-07,0.9998464439754671,7.642929685648628e-13,0.00012458607083973904,2.1620532822683595e-07,2.088041459666867e-07
5,mlp,9612,6,6,0.009059013837516347,1.1609434110260372e-05,0.004219443156990882,0.0003338394598934249,0.0005055446076058653,0.0013098274838886847,0.9845607220199946
5,mlp,8848,6,6,0.003488584798744475,7.715798814865905e-06,0.0012799371794345144,0.001708094118439847,0.00035129296350197293,0.0007260726227597825,0.9924383025183044
5,mlp,23,5,3,1.2641876271407631e-06,1.795653754286072e-06,3.013887092708749e-06,0.8787348782713078,0.0002804637202341403,0.11431999600780042,0.006658588272183539
5,mlp,7942,6,6,1.8875294767645962e-05,2.85705074776324e-05,1.6389116565976332e-05,0.3525120575268394,0.006595119772835543,0.002528838333432072,0.6383001494480817
5,mlp,202,5,5,1.2838810719002467e-08,6.466220510348234e-08,7.436047007066425e-07,0.005368214486507757,1.0737873415727993e-05,0.9945596760315665,6.055050279344395e-05
5,mlp,6158,4,4,2.941493547825029e-07,3.442367622212714e-08,1.3336664064320601e-05,2.6883332573623637e-06,0.9998408566428953,3.483076505127634e-07,0.00014244147910154618
5,mlp,6950,4,4,0.0002928285523812312,8.527641402953742e-07,0.04184585576676181,1.4709169217893484e-06,0.9461511331933925,0.00018053192723104913,0.011527326879171369
5,mlp,12311,3,3,3.4909927363733933e-07,6.749865834582593e-06,3.703547370624633e-07,0.9895901602776863,0.00042602414806170905,0.0003177181417037406,0.009658628112702948
5,mlp,4540,2,2,0.0004457864929112265,7.901335797632543e-07,0.9993157016642268,9.162424090229928e-12,0.00023669151507175416,2.867238172343173e-07,7.434612305391117e-07
5,mlp,11521,3,3,1.5766821054548105e-08,5.686568896787502e-07,3.398464672274497e-08,0.9959148481280591,0.00012166887863271944,0.0003632832965320269,0.003599581288418832
5,mlp,6847,4,4,1.9805463170745356e-06,5.650463087488041e-09,7.092938131039889e-05,9.848252922063315e-08,0.9997153751648036,8.07159428426443e-07,0.00021080361514820236
5,mlp,4231,2,2,0.009454759581417609,1.269355005684153e-06,0.9892965944553384,2.1235545314857362e-09,0.001147730931879308,6.642221974122533e-06,9.30013308306284e-05
5,mlp,8700,6,6,9.691211868240477e-05,1.8297342277343015e-05,9.4525370997365e-05,0.009241372839799939,0.0017815626848287764,0.0029819057511241347,0.98578542389229
5,mlp,9530,6,6,0.0007553180906629247,6.163726825124695e-06,0.006307908145984112,0.00110776849226672,0.008613576177158447,0.006145780546575494,0.9770634848205272
5,mlp,8384,6,6,0.0012124359663454637,4.357435800505201e-06,0.00012143552133945174,0.018394756207201133,0.17984767890918707,0.00046499622587707607,0.7999543397342492
5,mlp,8886,6,6,0.0013652281034467945,4.878143884305878e-06,0.00021887999706997116,0.004004686993758797,0.0011842130874776065,0.0009685785270254382,0.9922535351473369
5,mlp,7488,6,6,0.00030138672317726666,3.6006119175617536e-05,2.9391765536533582e-05,0.4535635790163527,0.01591380038918812,0.0003977514036097353,0.52975808458296
5,mlp,8477,6,6,0.0020524550943749756,2.2995913027861184e-05,0.0002591837970703577,0.036188567233286645,0.002713978950472839,0.00290334675856271,0.9558594722532047
5,mlp,10847,3,3,3.347578022005094e-08,2.032037161013765e-06,1.292059690131276e-08,0.9986229496273539,0.0001533587862907089,7.089630116403621e-06,0.0012145235227009037
5,mlp,1009,5,5,1.683805295134805e-06,3.5520536156178173e-08,2.6375145015881417e-06,0.0002916348283007105,4.10858766260876e-06,0.999660988146932,3.891159677172818e-05
5,mlp,2424,0,0,0.9990494020284584,1.6207980055099204e-07,0.0009248286687940955,1.0155968393731184e-08,2.0920686091900323e-05,3.0385146165821737e-06,1.637866270265336e-06
5,mlp,9695,6,6,0.0021242911539809993,2.709764503667913e-06,0.0013530216864217704,0.000676389535713181,0.0011669576329755163,0.006893276335952787,0.9877833538904521
5,mlp,15,5,5,4.751871323388869e-10,4.952792574893641e-10,1.2256074247017387e-08,0.0003820592021887592,3.3860882363897974e-07,0.9996167358904552,8.530719916863175e-07
5,mlp,1114,5,5,3.677304298067724e-05,1.3256188248237704e-06,7.944227004998508e-05,0.007911576313512256,7.344582562192122e-05,0.9827493190117823,0.009148117917228204
5,mlp,12522,3,3,6.355543685172219e-07,6.207074597516569e-06,8.644093762342172e-07,0.9773261580490735,0.00047699994098842816,0.0007056295446314063,0.02148350542696439
5,mlp,9808,6,0,0.49212420431733345,3.596500893353973e-05,0.031751877606078706,0.0006233210450375152,0.0035137231381205795,0.004874093992041185,0.4670768148924551
5,mlp,7680,6,3,3.900169573689972e-05,5.68649854942359e-05,5.260496913468622e-05,0.7804538802629786,0.0025448945367985473,0.005229384133305537,0.2116233694165515
5,mlp,10557,3,3,1.760925577839758e-10,6.799663660662504e-08,2.946602749197915e-10,0.9998476039693681,4.014613816367598e-05,2.5096406451597244e-05,8.708501862738572e-05
5,mlp,6969,4,4,7.811802865301056e-05,1.715670806522037e-07,0.003068935853647019,6.00183377782631e-07,0.9955802171555876,1.618665398384007e-05,0.0012557705576701393
5,mlp,9877,6,6,0.01812442067362268,2.3702203844842945e-06,0.0014812983126628436,0.00028119128258491844,0.009295687094774569,0.003664118122854192,0.9671509142931163
5,mlp,10250,3,3,3.952846357306352e-10,2.5013516878814667e-07,1.2575837838411972e-10,0.9998378035385246,0.0001147929957693536,8.558138688981562e-07,4.629699562527928e-05
5,mlp,6602,4,4,3.523856303823007e-10,3.758234273148907e-11,7.070234851145076e-08,7.930563080183302e-09,0.9999950426908775,1.106578456700756e-08,4.867220458553692e-06
5,mlp,12355,3,3,3.244528643359564e-07,5.939664484375914e-06,9.764054637221639e-07,0.9894263579375789,0.0004485360326221053,0.0019519824070921162,0.008165883099894328
5,mlp,10577,3,3,2.328140478293077e-10,1.1924884559337435e-07,1.2807318034046982e-10,0.9998633756779306,6.277958052908187e-05,5.170837259075011e-06,6.855429454836752e-05
5,mlp,872,5,5,3.621211709726641e-07,1.4625515753173583e-07,7.323599957026271e-06,0.0020890754186013356,1.2250890010232201e-05,0.9972606514531993,0.0006301902619036909
5,mlp,8283,6,4,0.0025785171898489506,9.854223426469502e-05,0.0004914374020303307,0.17978920845330915,0.44282738277889494,0.0008244016875825545,0.37339051025406944
5,mlp,1922,5,0,0.8019062292488058,8.661169243678481e-08,2.1756816580425893e-05,6.860366850073085e-05,0.0002086864167773802,0.19775837784758682,3.625939005625202e-05
5,mlp,6886,4,4,4.709778146642341e-09,2.047845398989972e-09,0.00010101898079945523,6.638760809596196e-12,0.9998984976079176,2.3106956658971815e-09,4.743363248938697e-07
5,mlp,4736,2,2,0.00012843078627871842,1.6096422184180844e-07,0.9946437555463606,1.2261321167299663e-11,0.00522616733836233,4.0735107596447733e-07,1.078001439245489e-06
5,mlp,12448,3,3,4.4991437865290076e-07,8.379826319202765e-06,1.7497004997726962e-06,0.9862241715783768,0.0005944351158259934,0.0048926953315163195,0.00827811853308319
5,mlp,2122,0,0,0.47457551606257387,3.325002948275716e-05,0.17890360743017847,8.071875448754119e-05,0.0018538195179355445,0.021390833861258795,0.3231622543440831
5,mlp,656,5,5,1.6393657771097483e-07,1.0384807067642439e-07,3.058840524629744e-06,0.0017543426998515084,9.40256148755824e-06,0.998046905016147,0.00018602309734092076
5,mlp,12219,3,3,6.416241007781035e-08,2.875315535831619e-06,8.418697204047779e-08,0.9954553409904796,0.0003066569341394055,0.00024469714316664357,0.00399028126729635
5,mlp,8240,6,6,5.671176401190082e-05,4.297349067617167e-06,2.782538669729481e-05,0.009813123168052834,0.03216188403796925,0.00017179218734279694,0.9577643661068583
5,mlp,7946,6,6,0.0001371851349376469,0.00012652332299584195,0.00023809806439939072,0.12429216676975792,0.006096920439288906,0.0009230466768262756,0.8681860595917941
5,mlp,5777,4,4,2.958548743983486e-07,2.1950138966092952e-07,7.860778398472932e-06,5.9047052428633794e-05,0.9995389262161618,1.3529836549931684e-06,0.0003922976130919364
5,mlp,4353,2,2,0.05969563232311288,2.9307037980503317e-06,0.9398579233477654,4.129781903298513e-10,0.0004382823129954681,1.2295482292096269e-06,4.0013511205695975e-06
5,mlp,4478,2,2,0.03625484733748463,2.4579908830966804e-06,0.9626027348079723,1.0465207473022779e-09,0.0011252980086286658,2.5694156909376806e-06,1.2091392819579802e-05
5,mlp,9450,6,6,0.0016945081464533691,4.083328950339225e-06,0.0011422207324491426,0.0006536222612012004,0.0004953954687245304,0.0010970584316174086,0.994913111630604
5,mlp,1569,5,5,9.561667896356745e-07,1.86885274174136e-07,1.781617979162191e-05,0.00021047987436439666,8.101080080685665e-06,0.9996038919614808,0.00015856785221883186
5,mlp,3730,1,1,5.531590201323049e-12,0.9999999917275325,8.183372139469529e-09,7.443526112420584e-26,8.356375537808598e-11,3.286714533876707e-18,1.8828512664233567e-35
5,mlp,1089,5,5,2.0599737417549154e-07,2.985019121098833e-08,2.9519162517597193e-06,0.00028850186896235035,2.9412133161558713e-06,0.9996290358743039,7.63332796003321e-05
5,mlp,5048,2,2,0.33821175825861194,9.676571401809805e-05,0.6615313023036643,8.392971513685415e-10,5.67229724442657e-05,0.00010336551250418331,8.439945988214609e-08
5,mlp,5916,4,4,3.8939102921473225e-06,3.4297403989480533e-07,8.59428776041129e-05,3.135502487966151e-05,0.9984189420419572,2.547440508224829e-06,0.001456975730718551
5,mlp,2674,0,0,0.9999830553989717,9.755992912190903e-10,1.1180247969414497e-05,2.2274671054579774e-10,5.736417810013685e-06,1.4999160409761723e-08,1.1737742484719024e-08
5,mlp,7003,4,4,1.4311799867123784e-08,1.2243184726969012e-09,4.492249602411071e-05,2.9461865213307727e-09,0.9999443051900476,1.5607520356293973e-07,1.0597756419786166e-05
5,mlp,6088,4,4,1.086073137309112e-08,1.3093042553234434e-09,8.479674144673266e-07,2.8660570876852236e-07,0.9999613345645463,7.700343921943582e-08,3.744168885572303e-05
5,mlp,7940,6,6,0.0004430505941375623,2.6871489107494832e-05,0.00027765696608125355,0.018083956872367326,0.0009188819324987694,0.00021467179811257328,0.9800349103476951
5,mlp,1583,5,6,0.00041952202150148204,3.603839142022296e-05,0.0006539094898074796,0.09660119298774478,0.0018357822277497188,0.4479808407250999,0.45247271415667656
5,mlp,2229,0,0,0.9984704297295578,7.035309579889755e-07,0.0013141242456909496,4.622037571166809e-07,6.123920802217724e-05,0.00013132755262184272,2.1713529392011755e-05
5,mlp,6608,4,4,9.904195852776724e-06,3.336063359869418e-09,2.522172886896762e-05,4.257562396615088e-07,0.9993603511557022,1.0010124318215518e-06,0.0006030928148411304
5,mlp,2905,0,0,0.9999585308710391,2.795319615545727e-07,2.432613429202749e-05,5.40572016349669e-10,1.6704503352647115e-05,1.5524612666337192e-07,3.1726557028406623e-09
5,mlp,13298,3,3,8.316577420714861e-06,2.5152077922819695e-05,1.8794251658516603e-05,0.8851295300262427,0.001972169658130484,0.022769119601825063,0.09007691780679963
5,mlp,7499,6,3,0.00022143576323607918,3.072983165752581e-05,6.993733868089133e-05,0.6384222585530495,0.0017426647837099042,0.006370471899924978,0.35314250182974116
5,mlp,6155,4,4,7.752267720668099e-07,4.987122850264484e-08,1.4743493684640715e-05,4.983354309284778e-06,0.9998788490606544,3.969383862199423e-07,0.00010020205496492772
5,mlp,7910,6,6,5.744741990736673e-05,3.174311819737474e-05,0.00014265236847837016,0.2917119716009571,0.0036780099658993417,0.005370657315772709,0.6990075182107878
5,mlp,4978,2,2,0.00392777255847868,1.215080093086072e-06,0.9960003846706446,4.905277998964533e-13,7.041526941914464e-05,1.9990770289408975e-07,1.2513171052680247e-08
5,mlp,10986,3,3,6.166381859034832e-08,1.3974114401057362e-05,8.87300377988892e-08,0.9914136278869221,0.0018081784031890112,8.877780084540433e-06,0.006755191421546996
5,mlp,9061,6,6,0.0004560828701487475,2.3329582469071387e-06,0.00045860950277776616,0.0013773449278272818,0.00040349287203243875,0.0010274759799856973,0.9962746608889812
5,mlp,7264,4,4,6.238886440441659e-05,5.460515034576191e-09,0.0008498266159597344,5.869521402587368e-09,0.9987806081476049,1.9874744391388433e-06,0.0003051775675554039
5,mlp,3636,1,1,6.268377373409786e-10,0.9999953647310044,4.620129033983061e-06,5.172758803619678e-25,1.4513123991048942e-08,5.218208962269443e-17,2.4044553308679916e-32
5,mlp,5557,4,6,3.185205963045715e-05,2.419528112678722e-05,2.4096277654693255e-05,0.1778783536514547,0.3988238562919118,0.0003862383348374494,0.422831408103384
5,mlp,11693,3,3,6.24474351188016e-07,9.884305005430228e-06,2.8404452599297254e-07,0.9894106895777055,0.00045389685336025965,4.294238228170832e-05,0.010081678362769748
5,mlp,3898,2,6,0.005461552508919394,5.087272670128566e-06,0.016868807718718435,4.0979793573716656e-05,0.13522058613087962,0.02104949179041917,0.8213534947848196
5,mlp,82,5,5,2.612459914711415e-08,7.344541888655572e-10,5.92676367331124e-08,0.0002156462908527279,3.738900904165785e-07,0.9997831488411024,7.448512642779651e-07
5,mlp,233,5,5,3.3901308860803896e-08,2.7490851144584444e-09,1.8729243753134443e-07,0.0002253806391764018,7.019025372367846e-07,0.9997690212928132,4.672222641548801e-06
5,mlp,2296,0,0,0.9612818400098142,1.952457106786491e-06,0.03749450499598834,1.5100294012869036e-07,0.000813096421299492,3.667834787954638e-05,0.00037177676497167025
5,mlp,12453,3,3,1.0165620407268442e-07,2.963673339219514e-06,3.484077523718581e-07,0.9858968009358952,0.0003620641860319935,0.0019100843355684073,0.011827636805208533
5,mlp,7893,6,3,0.00026793636245204844,4.286775667367714e-05,5.97778125007787e-05,0.5372656957901815,0.007286108782051248,0.0045610995160941595,0.45051651398004666
5,mlp,12658,3,3,1.754656846423757e-07,4.505155050674823e-06,3.989365008526353e-07,0.9864389470422558,0.000465086909118192,0.0016274435055624217,0.01146344298582766
5,mlp,6397,4,4,1.538268891022373e-07,2.01415790806283e-09,2.036873344653565e-06,4.991845587777113e-07,0.9988441458728102,1.2028527573256996e-06,0.0011519593754820616
5,mlp,2842,0,0,0.9999624972056324,2.0161858003584944e-09,3.283431025109865e-05,1.7909723334551016e-11,4.649358657508055e-06,1.527769738776416e-08,1.8136661562853305e-09
5,mlp,12056,3,3,9.80233405049386e-08,6.773397466373124e-06,1.7598172497956012e-07,0.9955898823787334,0.0007073838895288983,0.00023068519419463154,0.0034650011350111564
5,mlp,4585,2,2,0.001167388298849032,1.6011945835461887e-07,0.9975280642486106,4.710366024747383e-13,0.0013042997736558792,3.177931703837872e-08,5.577963792021134e-08
5,mlp,5039,2,2,0.002049769013374019,2.0553504001680042e-06,0.9971734362692825,3.1651271760744935e-11,0.0007737154743003771,8.624850085035979e-07,1.6137598303229424e-07
5,mlp,921,5,5,9.74099341280153e-09,2.3425391827054903e-08,9.368230933094286e-07,0.000161596825416511,2.067480125833252e-06,0.9998238554952485,1.1510209730491571e-05
5,mlp,1993,5,5,0.0001532087374084369,3.97448075485529e-06,0.0012485698067322645,1.608980042709656e-05,4.5428206764018734e-05,0.9980062037287765,0.0005265252391367904
5,mlp,9533,6,6,0.044981776199022605,5.680200255721544e-05,0.027036252311877035,0.0018656046979029944,0.0016894097289877612,0.3194889037205576,0.6048812513390949
