seed,model_name,sample_id,true_label,predicted_label,class_0_probability,class_1_probability,class_2_probability,class_3_probability,class_4_probability,class_5_probability,class_6_probability
1,mlp,1223,5,5,7.233280716259645e-06,4.3833685994144454e-07,6.7337153961977356e-06,5.559663982085863e-05,2.7369791595120315e-06,0.9997038773906473,0.00022338365739986373
1,mlp,11769,3,3,1.1740326596751672e-07,1.6829061589468927e-08,9.867169322773374e-08,0.99699119863506,0.0003020044070421653,3.969502109427538e-05,0.0026668690327827614
1,mlp,12059,3,3,3.911284337251026e-06,2.206232124891758e-07,2.9705558360553907e-06,0.9596510230164097,0.00027723571891522257,0.0004917208377676494,0.03957291796352166
1,mlp,7126,4,4,2.5389957028774194e-06,4.2372321951041055e-09,0.0007025831496462745,6.524358504463514e-07,0.9992499391172431,6.750851564581483e-06,3.753121276051903e-05
1,mlp,638,5,5,3.4332259046843975e-06,1.0775716157904384e-06,7.552545729451069e-06,0.005003723311593001,3.448722202312883e-05,0.9940597098799075,0.0008900162432264126
1,mlp,13211,3,3,9.584039269773261e-05,6.591392141484952e-06,8.704869611906227e-05,0.6539258512735939,0.0014181784645528653,0.0072120761283699306,0.3372544136525249
1,mlp,12549,3,3,1.2299102517453264e-05,1.0693209604634453e-06,1.142803551817262e-05,0.889101816175843,0.00073725777042656,0.002055549880863523,0.10808057971387078
1,mlp,10682,3,3,7.09262649850061e-10,3.6000886697472367e-10,2.2553818096490282e-09,0.9998258251405439,1.5899686843375565e-05,5.778487127140511e-05,0.00010048697668813292
1,mlp,2639,0,0,0.9999439333768043,3.1634737416809855e-06,2.2783349720390585e-05,1.1687530552304181e-08,1.5983918165609355e-06,2.747873234834501e-05,1.0309880381899543e-06
1,mlp,11764,3,3,4.490429205050639e-08,1.0569735705311194e-08,3.511078265828757e-08,0.9959590519306227,0.0008221734655788473,4.476939684369425e-05,0.003173914622144334
1,mlp,10311,3,3,1.8736821344076556e-10,4.439789445761043e-11,1.139687257466747e-10,0.9999272374226804,3.401410434458386e-05,9.99450847735282e-07,3.774867639238491e-05
1,mlp,1606,5,5,7.048226523969463e-06,6.273783873811311e-07,7.156690749994536e-06,7.055100414577438e-06,2.1812757732072506e-06,0.999938105616969,3.7825711181797465e-05
1,mlp,10888,3,3,7.95649960126159e-09,1.3854428725724255e-09,6.8569090308269946e-09,0.9991658517396582,8.972200880747715e-05,1.2596807290616813e-05,0.000731813245392268
1,mlp,13206,3,3,7.864482613644746e-05,3.987618013086183e-06,5.117987647316463e-05,0.5504168517783126,0.0014613832522410901,0.0024497048189291914,0.4455382478298943
1,mlp,1755,5,5,9.286152864085642e-05,3.138031210592895e-05,0.0005892427228714436,0.001162567345112047,0.00017825732936772818,0.988921009549534,0.00902468121236796
1,mlp,8677,6,6,0.006010217001614515,1.8526874717629297e-05,0.0006009810228992824,0.008679670810907144,0.000984146973055937,0.003926388752406886,0.9797800685643987
1,mlp,6761,4,4,4.847725615958595e-06,1.007626814700875e-08,1.0552885323464975e-05,1.7415662832873773e-06,0.9987991265586875,3.126285848917858e-05,0.0011524583293323646
1,mlp,10611,3,3,3.600456028531219e-07,1.7649124137425488e-10,7.186762271142208e-09,0.999538855223078,2.7782489729817977e-05,7.733553774555348e-05,0.00035565934059029526
1,mlp,13061,3,3,2.519689570855001e-06,6.12456388979563e-07,3.7335083903510093e-06,0.9500773152636584,0.001196258697450141,0.002280564009233335,0.04643899637530797
1,mlp,9005,6,6,0.00352931764808412,0.00016366760908275547,0.00401116914445073,0.007664875945257836,0.0014011394522062456,0.28280697621538353,0.7004228539855348
1,mlp,10789,3,3,2.9268423948568678e-09,4.944527758431012e-10,1.6267531998539195e-09,0.9997084858374727,7.787679955940169e-05,3.2024307433723394e-06,0.0002104298841760606
1,mlp,7761,6,6,0.00011778282258019454,1.5349277643941876e-06,3.2173565409640716e-05,0.09494357641734305,0.23582101331248748,0.00046443489876934454,0.668619484055646
1,mlp,289,5,5,2.6712738719296533e-05,4.633245569347636e-07,1.0462185253881628e-05,0.04228897915999292,3.235732953028884e-05,0.9495511617934501,0.008089863468496432
1,mlp,12370,3,3,1.7435847862794506e-06,5.716868450711618e-07,4.316402346624069e-06,0.9621765863098665,0.00029889181262965863,0.02000364629042938,0.017514243913096424
1,mlp,6968,4,4,0.00011027803039860527,1.7047650907185025e-07,0.021015534919200978,1.3741650864228411e-05,0.9770285258049525,8.889259795118302e-05,0.0017428565201234258
1,mlp,1721,5,5,2.5025530227361256e-05,1.1521695318228091e-05,0.0001828165694632625,0.0004624444254439377,6.723843157503269e-05,0.9971908471689735,0.002060106178998587
1,mlp,6805,4,4,2.7526253091555766e-07,1.1794252665865887e-07,0.007161412121051241,3.411350644742934e-07,0.9928008861030134,8.329641400770225e-06,2.8637794412450106e-05
1,mlp,1890,5,5,1.883247737679873e-05,7.434246166980168e-06,0.000167577345767762,3.535099841689039e-05,1.9295994496220893e-05,0.9993407972844984,0.00041071165327693344
1,mlp,3758,1,1,3.875119142996393e-07,0.9999970936418788,2.51795473811303e-06,9.338507000831105e-22,5.835156806595384e-10,3.079529074311881e-10,4.470303424071957e-26
1,mlp,6354,4,4,5.008832824587521e-06,1.6495039684221362e-08,8.223148299613613e-05,1.3142449294563999e-05,0.9984741207628,2.417257837080196e-05,0.0014013073986744182
1,mlp,9741,6,6,0.005821376665128462,1.4211191961501812e-05,0.013293182805719414,0.0008226005707863924,0.011617177092300824,0.0010914165775090094,0.9673400350965944
1,mlp,5171,2,2,0.13948756977271515,0.0008011185185336472,0.8593700987288392,7.532527709692302e-08,0.00019048337867348154,0.00015040655009506432,2.4772586648587874e-07
1,mlp,2726,0,0,0.999969657599238,1.8685020278803574e-06,6.16692152234514e-06,7.161760773685207e-09,4.193119339381487e-06,1.7258719113257382e-05,8.479769982928565e-07
1,mlp,50,5,5,1.5693482727125804e-07,2.9254228315970485e-08,3.0846585278984165e-07,0.002720579340555918,2.147120153051279e-06,0.9971775939112125,9.91849731702038e-05
1,mlp,7845,6,6,0.00034908452328141586,5.8024993195378385e-06,0.0001543831808861863,0.0513166032760325,0.000973006052005029,0.0005162243269915052,0.9466848961414839
1,mlp,2257,0,0,0.9626917493918312,6.057865207756801e-06,0.00821763919153469,2.048453156147604e-05,0.026867050436153724,0.0003061754249776777,0.0018908431587334716
1,mlp,11131,3,3,2.7417078322416876e-08,6.543738480285437e-09,9.276139964101317e-08,0.9963152216299554,3.10985149680531e-05,0.002267208058695222,0.0013863450741648557
1,mlp,4829,2,2,0.00434112150401542,5.273476355241777e-06,0.993871746863164,3.2468754792410874e-07,0.0017685921144505337,1.0603657007872552e-05,2.33769745877933e-06
1,mlp,9577,6,6,0.004388186482488952,8.326421739900049e-06,0.005469875747094838,0.0011761038946780883,0.022476819149123452,0.0005166115191134135,0.9659640767857615
1,mlp,8329,6,6,0.00024943706461534544,2.4826137140532442e-06,8.551167110553154e-05,0.019209675933939387,0.0782446288973681,0.0007690252961895037,0.9014392385230681
1,mlp,6061,4,4,9.802370037079276e-06,2.446539495841105e-08,9.324394250687184e-05,3.2196629327810765e-05,0.9959378839987182,1.723090957757268e-05,0.003909617684437619
1,mlp,3405,1,1,0.0010319819622421123,0.9969097700004365,0.00205762894005378,1.3675373093486804e-15,1.1837571951225269e-07,5.007215467556427e-07,3.763777652134284e-18
1,mlp,1795,5,5,4.197478101689342e-05,1.2232098904465903e-05,0.0002702902942262782,0.00014936119624940253,4.732306265529668e-05,0.9975415457775133,0.0019372727894343116
1,mlp,6510,4,4,0.00023544348117816662,1.5269965532833912e-07,0.002114284819341587,4.323529002126984e-05,0.9899214525344774,4.1731093301950134e-05,0.00764370008202432
1,mlp,2322,0,0,0.999957914584577,2.7838682375157695e-08,7.931149923607484e-08,2.96230787348602e-09,1.6762567143216631e-07,4.1579410486025206e-05,2.282667763419248e-07
1,mlp,7750,6,6,0.0004712917460536009,5.006786749465011e-06,9.306981553206767e-05,0.13357656462153109,0.0017242352905797538,0.0014429171428613583,0.8626869145966928
1,mlp,6779,4,4,2.4661065356383415e-06,4.33291925996252e-09,4.360637680733434e-06,1.1594548667564703e-06,0.9993845139531509,1.2899393569668768e-05,0.0005945961212768719
1,mlp,8012,6,6,0.00028444420770660134,3.947805564807392e-06,0.0001316046412673553,0.025038250452706055,0.0017134290951731099,0.00039465602524532694,0.9724336677723368
1,mlp,1844,5,6,0.001405671571843674,1.1802385445741673e-05,0.00030407444689039946,0.0019980320053423106,0.000514209637359361,0.0031345269863477915,0.9926316829667706
1,mlp,8476,6,6,0.001592529893135428,4.913345258989887e-06,0.00024399103467909755,0.007619523686925902,0.0027282709275099387,0.0005698831861267998,0.9872408879263639
1,mlp,9209,6,6,0.0012888804253017143,5.180388431922172e-06,0.0004732634263232626,0.0018861276922847302,0.0016304757284743212,0.00018023005332925705,0.9945358422858547
1,mlp,2008,5,0,0.6289864690760811,0.0003528481556297619,0.07909622038328114,0.0006217246438923768,0.0012378715194341099,0.026680138570905815,0.2630247276507758
1,mlp,3792,1,1,5.32453791067079e-09,0.9999999320871031,6.256318078055637e-08,1.0060429346985305e-23,1.16488249452449e-11,1.3529143614484064e-11,3.1202596336977505e-28
1,mlp,1169,5,5,1.3680200138959274e-06,6.163495902709686e-07,9.599530411448955e-06,0.0003965499320257246,8.839617712660954e-06,0.9993491191227846,0.00023390742746144045
1,mlp,13514,3,6,0.0002879206947468524,4.2152425545908486e-06,0.0001677583263401625,0.0377753168372876,0.0030432566933261012,0.0008311444277778035,0.9578903877779669
1,mlp,6575,4,4,0.004507395987477911,8.950614638126615e-06,0.1349158630161302,0.0005528426424412559,0.5055403206442202,0.0013666606382377298,0.35310796645685466
1,mlp,9409,6,6,0.002119420311817319,1.400311432730822e-05,0.0004095696637675207,0.0012701970477777384,0.0007552792056111818,0.002092676946875989,0.9933388537098229
1,mlp,4500,2,2,0.0011771971375014215,7.625476456685306e-06,0.9982672270170324,5.848160427009423e-07,0.0005139756351844891,2.394251129467779e-05,9.447406487594374e-06
1,mlp,3558,1,1,4.270068458080566e-06,0.9999572799075114,3.844012079348222e-05,6.5180822403380975e-19,5.194465084689185e-09,4.708772151915464e-09,1.9982597633740272e-22
1,mlp,5069,2,2,0.0012186970057068388,3.893409702941724e-05,0.998616744094167,3.1820709527798817e-08,0.0001068122130098555,1.8626725378353047e-05,1.540439990891325e-07
1,mlp,12381,3,3,0.0001979935914785682,1.3099000934313627e-06,6.610437771144829e-05,0.7483898024035628,0.0003174358745159633,0.016036799129729894,0.23499055472290795
1,mlp,11994,3,3,1.5848524354004175e-06,1.099484948655373e-07,1.1272347103748484e-06,0.9659815429051999,0.0008875500139110989,0.0001486584312487064,0.03297942661399952
1,mlp,5312,2,2,0.003821998550641153,0.0006325517369254871,0.9953220141261047,3.915120320420462e-08,0.00018536712082208712,3.797017061161314e-05,5.9143691640741277e-08
1,mlp,2736,0,0,0.9813329321160527,2.912128543583752e-05,0.01805435068680566,8.933956764396911e-07,0.00048437517045910185,7.611548979438375e-05,2.221185577587066e-05
1,mlp,3509,1,1,6.600784070795273e-06,0.9999882377048465,5.1509167167845695e-06,3.896015549248602e-19,1.2257624055839463e-09,9.368603563714682e-09,3.6772342011070925e-22
1,mlp,6516,4,4,1.3621507768813308e-07,1.923375811008548e-08,0.00014459526871753102,8.519061608939004e-07,0.9996601739945574,3.167219098643041e-06,0.00019105616262974452
1,mlp,2591,0,2,0.031107731230820307,0.00010611738604247982,0.9666422352227392,1.0032653107262746e-05,0.0015288010058446366,0.00034578181218189837,0.0002593006892642385
1,mlp,5599,4,4,8.521280035800704e-05,8.643949088147842e-07,2.2048936039428164e-05,0.04957326719934649,0.5784192926125686,0.0002320856200121436,0.3716672284367664
1,mlp,3976,2,4,0.0011330635405111004,4.184878069511411e-07,0.378264157193618,7.965547949021866e-06,0.619443441355477,9.139909569381433e-05,0.0010595547789441048
1,mlp,4781,2,2,0.0372476860514133,3.9632473080855925e-05,0.9620926108201822,1.9080922293520215e-07,0.0005006305461274609,0.00011644025277902622,2.8090471941129696e-06
1,mlp,7684,6,6,9.554286786266665e-05,3.6466277643823294e-06,1.9087932193524038e-05,0.39680027884361263,0.07371260727148503,0.000979462586998208,0.5283893738700836
1,mlp,4534,2,2,0.05654503704405591,4.850389586569643e-05,0.9381805871889299,2.6524550201586907e-06,0.004848972885210877,0.0002778037310475783,9.644279986970973e-05
1,mlp,112,5,5,7.505887721789975e-07,9.913033405052287e-09,1.00065073576732e-07,8.533259589220602e-05,1.6139926491480705e-07,0.9998790822427258,3.456319523779361e-05
1,mlp,3984,2,2,0.00387993368292144,1.4175005329500046e-05,0.9865868458421125,2.427694464177789e-05,0.0075706656595756865,0.0001223846080538539,0.0018017182573651952
1,mlp,4000,2,2,0.009119917132419362,7.593248073425243e-06,0.9808554251641479,1.012114502906662e-05,0.00899117580498547,0.00012761997189949384,0.0008881475334452076
1,mlp,7209,4,4,0.02755630738926334,8.462775639726571e-06,0.01891424273106406,2.3059327262763652e-05,0.9253790080189945,0.006272263980535432,0.021846655777240064
1,mlp,6790,4,4,2.186241658544008e-06,2.756123819402642e-09,4.214570102207635e-06,7.595161149102049e-07,0.9995052133793685,8.287297193329019e-06,0.0004793362394387514
1,mlp,1276,5,5,0.0005895226466163045,1.545264607608892e-05,0.00026120168956032753,0.015447525298203726,0.00018754244280115562,0.9393853659766408,0.04411338930010163
1,mlp,3316,0,0,0.9999995747192313,2.4094393467261527e-07,1.0879207834537742e-07,3.974246443651945e-13,1.7774511976493825e-08,5.775805345072921e-08,1.1792574007971026e-11
1,mlp,12377,3,3,7.577854453463888e-07,1.556140083671677e-07,1.280923676565788e-06,0.9847831114128471,0.00033637961210106107,0.0011622161476135832,0.013716098504307874
1,mlp,10403,3,3,2.0709925685918046e-09,2.1131260969417418e-10,2.8995762675281314e-09,0.9996634175778285,1.4179638457733279e-05,1.3838186755994131e-05,0.000308559415076288
1,mlp,886,5,5,1.1896932463359643e-06,6.086552971275951e-07,5.37102857822648e-06,0.0006301142490199876,1.070737859228769e-05,0.9990909769381205,0.00026103205714553767
1,mlp,6246,4,4,1.5950192827599033e-05,7.706244390055176e-08,0.00031333345822387893,0.00010801882337223925,0.9908896199075629,0.00015977181619320543,0.008513228739376082
1,mlp,13071,3,3,4.8840330702299515e-05,2.508090825409061e-06,4.325235724157257e-05,0.5947591108179,0.0008581184883785085,0.008244319693378951,0.39604385022157335
1,mlp,11246,3,3,4.600331087395903e-08,1.4726404308642329e-08,1.537979831885576e-07,0.9963266463756527,4.7412750014933094e-05,0.0017699535240100755,0.0018557728226238333
1,mlp,3103,0,0,0.999760856707509,8.124423955151251e-05,0.00011573979383379148,1.296410714374707e-09,2.034039657045435e-06,4.008591118506697e-05,3.801185289524227e-08
1,mlp,12789,3,3,7.543214500394762e-06,1.8403389617063346e-06,1.5162812195448463e-05,0.9249018151362913,0.0005391333839556418,0.033163331904107175,0.04137117320998798
1,mlp,5647,4,4,2.030166998008715e-07,6.932521998461366e-10,8.216823364922985e-08,0.00012116635109693318,0.9996368227317091,9.364706520912709e-07,0.00024078856835618468
1,mlp,4532,2,2,0.09342044324657409,0.0001518525007390669,0.9056804533182299,2.515602102657464e-06,0.0005504205630870307,0.00017235388234517304,2.1960886922127348e-05
1,mlp,228,5,5,2.0801792995595515e-07,1.24627822879157e-07,1.353041647450427e-06,0.004583602175619705,7.473204718627582e-06,0.9952049763289856,0.000202262603275706
1,mlp,11230,3,3,3.172067743147623e-07,1.6468663919944784e-08,1.7939313891373215e-07,0.9876600086000619,0.00022726548910226836,3.831027610750347e-05,0.012073902566151096
1,mlp,12610,3,3,3.6697043851572253e-07,8.030596693603675e-08,2.0139410971585175e-07,0.9774240008669842,0.0026477899344781093,0.00025440560811415536,0.019673154919908446
1,mlp,1812,5,6,0.000854828763635743,9.08369902617073e-05,0.0032718786716638662,0.016547251352537012,0.0014127092105073113,0.48543684684294436,0.4923856481684499
1,mlp,7267,4,4,0.0005840491647364232,2.1716851813682417e-07,0.04817243292346104,4.105743472499685e-06,0.9508650896266517,0.00010595176224175421,0.00026815361091848266
1,mlp,6490,4,4,1.3747114762498376e-05,2.22469945141276e-08,4.746537790807197e-05,8.999236187716381e-06,0.9893030124407545,4.472640205159485e-05,0.01058202718134104
1,mlp,3497,1,1,3.609665612481766e-05,0.9997451488280937,0.00021871351560889788,1.6285607178520798e-17,2.6292184056957097e-08,1.4707988603525027e-08,6.697848680280654e-21
1,mlp,10529,3,3,1.960433755450443e-09,2.778584442791795e-10,2.7892772912962775e-09,0.9997044594185125,1.5743380390525886e-05,1.4725031917488697e-05,0.00026506714160998303
1,mlp,2832,0,0,0.9999371923105138,6.809025546850543e-07,4.3466766602969133e-07,2.543051360807788e-10,1.9527707502881264e-07,6.144261170388919e-05,5.3976181495596265e-08
1,mlp,875,5,5,1.0689929409227696e-06,1.9297892806853288e-07,3.421298281852797e-06,0.00014657222966630809,2.2105850217220747e-06,0.9997293058135114,0.00011722810164957568
1,mlp,8611,6,6,0.0019530311397609522,4.603320457579143e-06,0.0006117182883002836,0.007101926585429882,0.02551094963816454,0.00020642968713511752,0.9646113413407517
1,mlp,11553,3,3,1.2023672619159476e-07,1.337117725562597e-08,1.3442531728290583e-07,0.9955200557397119,0.00012927465375730932,7.311545242173738e-05,0.004277286120888256
1,mlp,2303,0,0,0.9958590720417639,9.12566057930473e-05,0.0027801798390168168,5.156266902567968e-06,0.00012299973834247656,0.0007083842742416588,0.0004329512339396237
1,mlp,5825,4,4,2.907240341049836e-05,9.09831570851575e-09,0.00024148530324967957,7.755718383004442e-05,0.9918402250191758,9.320839441992892e-06,0.007802330152576191
1,mlp,9570,6,6,0.0018992633447949096,2.790822379350542e-06,0.001802747266105773,0.0009628102852209877,0.12414225067264117,0.00042303539805406534,0.8707671022108038
1,mlp,10163,3,3,2.8333143714817557e-11,6.2247402753879874e-12,1.9540899604687497e-11,0.9999638418188915,2.4399825251099497e-05,3.261201369063743e-07,1.14321816216843e-05
1,mlp,4732,2,2,2.6669956973977955e-05,9.729192343583502e-06,0.999770798774614,7.81499224238315e-08,0.00018814500314240894,4.135349210871507e-06,4.435737926000589e-07
1,mlp,12784,3,3,1.556946714690613e-06,3.1124947160158813e-07,1.4618645436243772e-06,0.9495547372501388,0.0019348607228600507,0.0007387125577782218,0.04776835940849299
1,mlp,3970,2,2,0.07813280737785837,0.0001555091293483236,0.8685128150413155,9.24110009036908e-05,0.010074270782447372,0.012064290083216175,0.030967896584910542
1,mlp,3821,1,1,2.3203164772665533e-09,0.9999380728929034,6.191940494900463e-05,1.0728274442526605e-21,5.3394479633003045e-09,4.238303417543362e-11,2.8751496818975344e-27
1,mlp,8999,6,6,0.0007021181765545004,1.6873730515994534e-05,0.0014610361922010766,0.005244146021810565,0.00041950985150114416,0.014749805451848699,0.977406510575568
1,mlp,5087,2,2,3.460648212549615e-05,1.7904776549465567e-06,0.9990882708038844,3.1268652343762805e-08,0.0008741414849130517,1.0596608925940503e-06,9.982187712753221e-08
1,mlp,8917,6,5,0.012890176879984765,9.278723641050065e-05,0.003705625625850815,0.0039860766937783,0.0005535725578847189,0.7263806562637559,0.25239110474233484
1,mlp,12089,3,3,9.837667889930756e-07,6.255337001837221e-08,3.444738236499274e-07,0.9694767804114657,0.00838376216075973,3.108389017568249e-05,0.022106982743616478
1,mlp,2897,0,0,0.7342138507348982,0.0015467185666284675,0.26327645140996686,1.735166219142038e-06,0.00036677092406818383,0.0005824912401324937,1.1981958086606034e-05
1,mlp,8019,6,6,0.0021576954699324084,1.5080031759429924e-05,0.00046177784871248145,0.10164970312387382,0.0011495725658532499,0.0036963295580883927,0.8908698414017802
1,mlp,4834,2,2,8.140083396500804e-05,2.760857428301379e-06,0.9990975666288421,9.105208176178327e-08,0.0008106756562961873,6.6938210765864e-06,8.111503101896578e-07
1,mlp,11272,3,3,3.666798889402358e-08,5.205500094089492e-09,2.9435308530867895e-08,0.9982876760658379,0.00019671432136798904,1.82060839676124e-05,0.0014973322200286996
1,mlp,8362,6,6,0.00028680913395568477,8.834116373339032e-06,6.077982281217401e-05,0.046526146377406326,0.005768280656016738,0.0015487919636616432,0.9458003579297741
1,mlp,12012,3,3,4.02403907971153e-06,4.466332197406655e-07,3.7611603662416976e-06,0.9646880196551948,0.00033857169682848594,0.0036291032942239857,0.03133607352108702
1,mlp,8605,6,6,0.00028360100619942836,2.9710151276354123e-06,0.000158318405294457,0.0034436592598128223,0.00040665902708972166,0.0001345446244825652,0.9955702466619935
1,mlp,12760,3,3,6.168513071780458e-07,8.313069622019565e-08,6.76019378740393e-07,0.9700803808309442,0.009076301036232444,0.00024953280995229665,0.020592409321488998
1,mlp,5011,2,2,0.00117879251117783,5.61964145787065e-05,0.9986610426138631,3.9514269810627275e-08,7.052289343532756e-05,3.322758460128848e-05,1.7846807372004956e-07
1,mlp,12551,3,3,4.343007360338455e-06,6.847313708622764e-07,6.5319614487225735e-06,0.9636242022388842,0.00048692832497813866,0.0034559985498885,0.032421311186069134
1,mlp,10109,3,3,7.216242898761882e-10,7.58927267608436e-11,2.7579840637304827e-09,0.9997387682954386,2.7675798598063325e-06,0.0001904400317605933,6.802053744004168e-05
1,mlp,2310,0,0,0.9617007565160137,0.00014127479399001896,0.03601408372536979,7.160994457683442e-06,0.0002019602800218343,0.0014266452659049162,0.0005081184242423423
1,mlp,13491,3,6,0.003011268003429231,1.2478010743045833e-05,0.0005897869578054779,0.13967320971865022,0.0008659994596035991,0.007699556868408849,0.8481477009813596
1,mlp,2790,0,2,0.057925813193986764,0.0010738825411809932,0.9402727037813569,2.6609320263583107e-06,0.00045146391447690353,0.00025818495994614585,1.529067702611561e-05
1,mlp,2433,0,0,0.9999541405017924,1.3972561669680985e-06,4.171188065184999e-06,1.6318398438827817e-08,1.1960892872333231e-06,3.7287994258494435e-05,1.7906520312853997e-06
1,mlp,10036,3,3,1.1450505822946634e-11,2.6234513498438e-12,1.2911344426331008e-11,0.9999858448101983,6.576236688160078e-06,3.504074055428423e-07,7.228518722580851e-06
1,mlp,6497,4,4,2.9804224533767826e-06,1.864408155690128e-09,3.912635395659881e-05,1.7898529970894732e-06,0.999818110479785,1.2878785748666635e-06,0.00013670314782492036
1,mlp,6191,4,4,0.00024552201625447387,1.8325417372870377e-07,3.9822773980348866e-05,0.00010426551301487928,0.956769186121991,8.639669767288643e-05,0.04275462362291286
1,mlp,12253,3,3,4.3944435060456725e-07,7.518358901710648e-08,2.681062428692216e-07,0.9752093021640447,0.0011096985579162409,0.00020975754259386248,0.023470459001262756
1,mlp,8690,6,6,0.0016711741567365904,1.2489966748417436e-05,0.0006483703952156247,0.011083187283696597,0.0005103938984984842,0.0026393274330683775,0.9834350568660359
1,mlp,8795,6,6,0.00039330730063574527,2.2167016541672163e-06,0.00022264943635404006,0.002105108874701493,0.0030437719117390313,0.00015828491333521227,0.9940746608615803
1,mlp,9949,6,6,0.005216461080131702,2.4359538596976072e-05,0.003978707315171974,0.0006152144126313287,0.19902557010762684,0.01858274929060634,0.7725569382552347
1,mlp,10625,3,3,5.024018067512976e-10,1.6198474356897859e-10,6.4982901099811e-10,0.9998358319319066,3.651134921374645e-05,7.4808892498798895e-06,0.00012017451541406159
1,mlp,8144,6,6,0.00078292458672938,8.787708977935156e-06,0.00022698875496107935,0.01994054656875345,0.001362353044262467,0.0008787489597718234,0.9767996503765438
1,mlp,5982,4,4,2.9013097071469156e-07,8.646508531787688e-10,3.0138120333811865e-07,5.603609943703189e-06,0.9997700791830448,2.540336963191857e-06,0.00022118449322334482
1,mlp,12828,3,3,3.298119643210593e-06,7.051921080979741e-07,6.009276045704048e-06,0.9675859577129705,0.0009172757132527123,0.0032930495115879783,0.028193704474391748
1,mlp,6198,4,4,2.568945603073061e-08,2.7917877865712096e-11,1.2721864770095807e-08,3.3520745436265787e-07,0.9999589721570021,2.9472107421468263e-07,4.0359475230550656e-05
1,mlp,7633,6,6,3.992847366147404e-05,2.872458018426281e-06,1.6902064656835094e-05,0.4000000515597147,0.010086329653547343,0.0014234894608580362,0.5884304263295432
1,mlp,551,5,5,2.8679737919621854e-07,1.5941048004719246e-07,1.7892829934611362e-06,0.000569550719369452,4.123411685628312e-06,0.9993455486837514,7.854169434091916e-05
1,mlp,1658,5,5,0.00022913417366505958,4.063033430841218e-05,0.00033102835270218037,0.001910410980979104,0.00031986269241724373,0.9857796629426123,0.01138927052331552
1,mlp,2802,0,0,0.9887107620036134,7.3200013454767e-06,0.010186648314129486,4.6215536964697614e-07,0.0009319775198402395,0.00012538222254476053,3.7447783156855795e-05
1,mlp,8760,6,6,0.0005601220572104243,8.392730792930797e-06,0.0003986692702631741,0.004247817444227666,0.0006027623257269505,0.0015560475757122332,0.9926261885960665
1,mlp,10689,3,3,3.159510640003427e-09,5.28857420192409e-10,2.1577782162266054e-09,0.9990080909043169,0.00045461032026203053,3.227874721567015e-06,0.0005340650545530124
1,mlp,5571,4,4,2.396487005253634e-06,3.9679896193737963e-08,2.304249640593527e-07,0.048578465766910967,0.9227195803963052,7.649640200434459e-05,0.028622790842914105
1,mlp,12304,3,3,2.081698278316153e-08,8.378933125764474e-09,2.518429069761339e-08,0.9976068917165136,0.000624945306261553,9.43096798524449e-05,0.0016737989171657585
1,mlp,7923,6,6,0.0025957061012738167,2.7157047617473533e-05,0.00040471419358956937,0.2067718371226304,0.004463599609172929,0.010522460079743412,0.7752145258459725
1,mlp,5197,2,2,0.012989780817204954,0.00031143542856334474,0.9865804761372647,4.8886689129786196e-08,8.61998630805919e-05,3.1957545589202356e-05,1.013216081521399e-07
1,mlp,13409,3,6,0.00012843729556182658,5.747684974410021e-06,0.00013700911198053758,0.27381955814457604,0.0027994479551589012,0.0032130654723347245,0.7198967343354135
1,mlp,12169,3,3,1.307215530273856e-07,3.825404924642785e-08,2.5678374053480005e-07,0.9898970679967368,0.00026074327800054687,0.0006163757638723412,0.009225387202047462
1,mlp,6348,4,4,3.3311835815579427e-05,5.0521935454777326e-08,1.5321670164516242e-05,1.5144293346964688e-05,0.9943601573950043,5.424829073777871e-05,0.005521765992995289
1,mlp,3683,1,1,5.162260097578651e-08,0.9999008352082994,9.910983776254422e-05,1.5265941288873372e-19,2.531459968431093e-09,7.99876996396747e-10,3.706885395223357e-24
1,mlp,9767,6,6,0.09235256340883208,0.00024922865730481615,0.018812133774309556,0.0019042238006785372,0.002025509765412284,0.06144543562019921,0.8232109049732635
1,mlp,5295,2,2,0.010327283746377935,7.867616414845446e-05,0.9888101937168657,1.571758214724227e-08,0.0007643679297757576,1.9410608181305846e-05,5.2117068841331295e-08
1,mlp,8782,6,6,0.0005219097836071998,2.9086498165997216e-06,0.000274302812425482,0.002495011036782619,0.0016876994954316271,0.00011714752058886684,0.9949010207013476
1,mlp,5504,4,3,2.2470440205605574e-06,5.928847670450236e-08,4.2809171688768047e-07,0.7974081688768492,0.1844202716979695,2.3532346934660373e-05,0.018145292654032377
1,mlp,11688,3,3,1.9168285828882238e-07,2.013541056943752e-08,1.0023660502760782e-07,0.9891293617591472,0.0017181560184629273,2.719916412239442e-05,0.009124971003393493
1,mlp,13118,3,6,8.981186560476874e-05,2.798284337912173e-06,3.059910376586183e-05,0.24960371810361506,0.001747635388269719,0.0011655243055166947,0.7473599129488899
1,mlp,4152,2,2,0.007184279919137889,7.103568197490791e-06,0.9558876602934292,3.895627785372535e-06,0.03620615497469211,0.00020997271395751052,0.0005009329028006329
1,mlp,11042,3,3,3.26745034720551e-08,3.5508583868821035e-09,1.1438053768575028e-08,0.9969657418087329,0.0011160860343984798,4.079539254403622e-06,0.0019140449541985684
1,mlp,1685,5,5,1.8200582596067548e-05,2.2460188487504267e-06,1.6266296336312754e-05,2.4020521509656406e-05,1.043762940255064e-05,0.9998150154026958,0.00011381354861082225
1,mlp,9343,6,6,0.003750545933545292,8.307522069833657e-05,0.00442072814068546,0.0032905780372448085,0.001009613291718892,0.15168575163560016,0.835759707740507
1,mlp,4140,2,2,0.0031953093264835046,2.691839044741713e-05,0.9951416199272519,4.7273998716680895e-06,0.0014187649635612695,8.406946282387356e-05,0.00012859052956039788
1,mlp,7372,6,3,2.789276774821283e-06,4.283545319395716e-07,4.079341833190149e-06,0.9749328004842275,0.00028383803706417005,0.006646074446345955,0.018129990059222417
1,mlp,7595,6,3,5.533564405853777e-05,5.221807264064977e-06,5.553459511602599e-05,0.8410784473415573,0.0013173668906208938,0.01006529370514481,0.14742280001623828
1,mlp,7588,6,6,0.0001993303084091829,3.2930784858069552e-06,6.264806808720318e-05,0.1956083947706874,0.04522090834916107,0.0005070441869582364,0.7583983812382111
1,mlp,5721,4,4,2.8772925164785466e-07,7.976449833359667e-10,7.722647211918202e-08,3.973045490229845e-05,0.9994105461611251,1.521824749475067e-06,0.0005478358058545289
1,mlp,4761,2,2,0.07320103495688458,4.018674991736344e-05,0.9245461360406032,7.193596645802843e-07,0.0020507413606102956,0.00014885714085945728,1.2324391460498319e-05
1,mlp,8620,6,6,0.002850815179963412,1.0656321455164246e-05,0.0006946227267334969,0.01259599849164289,0.0010704845629937794,0.0007400615376244829,0.9820373611795867
1,mlp,848,5,5,1.4547719299067824e-06,6.521229020806023e-07,5.983270553981381e-06,0.0011707809693395266,1.3871825072828572e-05,0.998491280690029,0.00031597635017276376
1,mlp,5979,4,4,1.330802362163105e-05,5.545548325819748e-08,8.79258235364119e-06,0.00011670677996946009,0.9880886623394168,4.588763147058839e-05,0.011726587187684726
1,mlp,8874,6,6,0.0007715466047928736,3.408430436885349e-06,0.0005278719289332895,0.0036689170470510664,0.01612577660323437,0.0002385699850041476,0.9786639094005473
1,mlp,3437,1,1,8.293999379520944e-05,0.9998592968577138,5.7711033356571855e-05,1.4474177350710687e-17,2.177253512709404e-08,3.0342599323400326e-08,4.3067791563935094e-20
1,mlp,11773,3,3,4.3804147305993203e-08,1.0129641124674543e-08,3.789349952965544e-08,0.9967305500937391,0.00042952419571853776,5.065662921017466e-05,0.0027891772540444186
1,mlp,12214,3,3,1.2107678153308948e-06,3.838506909665784e-07,3.205275393339083e-06,0.9585275043438575,0.0002256361061792293,0.02538831922192917,0.015853740434134657
1,mlp,8649,6,6,0.0003527102942344095,2.8801851141796713e-06,0.00021112545289367593,0.01145177732536934,0.01018686150630443,0.0001903259378818956,0.9776043192982021
1,mlp,6668,4,4,6.787256287734063e-05,1.496697100922003e-07,0.0021118666646555155,4.551201878148174e-05,0.992637850776511,8.958977600876415e-05,0.005047158531455645
1,mlp,2862,0,0,0.9999992692847431,1.0951128064327363e-07,1.3882581442222243e-07,6.489483054800317e-11,1.2971002312269973e-07,3.461167610873918e-07,6.486482578719613e-09
1,mlp,4590,2,2,0.17824255417111667,1.9282061265898153e-05,0.7956127977097227,1.031213069873355e-06,0.025743308985330088,0.0003597820596571816,2.1243799837457127e-05
1,mlp,433,5,5,2.7023964503615492e-08,1.7952133606352145e-08,2.1099788947204944e-07,1.7619929997818503e-05,2.613900331134015e-07,0.9999767150223339,5.147683647690173e-06
1,mlp,13499,3,6,0.00011704198546074319,1.1694595237291114e-05,0.0002210037992366495,0.48637084626547133,0.002260229867952659,0.023409742909575836,0.4876094405770655
1,mlp,3563,1,1,6.281737134366758e-06,0.9999164576771404,7.72482977294168e-05,1.5157392559478886e-18,3.879034543645203e-09,8.408961313368058e-09,3.664363207141646e-22
1,mlp,10697,3,3,6.162600565047162e-08,1.6419778231493719e-09,4.609983750736467e-08,0.9971949229002753,4.8343498373281155e-05,2.4109742351211795e-05,0.0027325144911791205
1,mlp,241,5,5,3.425851731323818e-08,2.0528468932114598e-08,2.541591241698239e-07,0.00010299218013154677,5.21283855571596e-07,0.9998838259374367,1.2351652465815943e-05
1,mlp,9111,6,6,0.000644980283408403,1.1847475016905461e-05,0.0006319120326871957,0.0053375285713109745,0.0008621561068912117,0.005803821713177604,0.9867077538175076
1,mlp,3771,1,1,7.87051620608574e-08,0.999985623292496,1.4289981844190596e-05,3.506565634548774e-21,7.727674902613358e-09,2.928228550526231e-10,4.139611013738555e-26
1,mlp,788,5,5,0.0005165646495516825,2.4666952670730484e-08,5.636636775455867e-09,2.051909464061249e-05,8.316271275950877e-07,0.9993794694732684,8.258485182228031e-05
1,mlp,9385,6,6,0.0013413064145333387,2.423521339631621e-05,0.001453671474429735,0.0010947335910984196,0.0005134419295067013,0.02269571257455051,0.972876898802485
1,mlp,2918,0,2,0.3869785382794359,0.0006190075982344616,0.6106558135984835,1.5195587360374785e-06,0.0005207832581920451,0.0012048352715290098,1.9502435389021847e-05
1,mlp,2157,0,0,0.9981531266069411,7.842601702866213e-06,0.0010457278554201754,1.0881057980108109e-05,9.775232723171171e-05,0.0001270603925513908,0.0005576091581728204
1,mlp,2573,0,2,0.16859735377022678,0.0017749830192455632,0.8245958090625827,7.871283683829804e-06,0.0004764401039502304,0.0043929701753291335,0.00015457258498192036
1,mlp,12497,3,3,1.9138375436224973e-06,2.0060487282542424e-07,1.3492610253393668e-06,0.9649275573570182,0.0005380704369223398,0.00032129478338427625,0.034209613719233416
1,mlp,4787,2,2,0.001714641421200968,9.455566831958836e-06,0.9890064206128579,4.138538252193386e-07,0.009010049733568356,0.0002468201191134281,1.2198692602235274e-05
1,mlp,7074,4,4,5.915510418611698e-06,6.90835321206087e-10,7.151325563293995e-05,1.1792892134066592e-07,0.9999110841462461,4.49851648316498e-07,1.0918616297264383e-05
1,mlp,12321,3,3,8.97287191792662e-06,1.11771953643839e-06,1.4041746666302807e-05,0.9240804677340583,0.00036625014522553135,0.018760886290685477,0.05676826349191009
1,mlp,5274,2,2,0.00010859876534847458,4.427836059528386e-05,0.9997943999563844,1.3109354158191083e-08,5.114853515357804e-05,1.5475089556170836e-06,1.3764208685410037e-08
1,mlp,12656,3,3,5.8504917646964174e-05,2.2560626334304784e-06,2.866888825195747e-05,0.6507699667085194,0.001044719090116183,0.0024840624067177476,0.3456118219261143
1,mlp,6552,4,4,3.952744580759068e-05,1.0463687658829626e-07,2.9878539819648283e-05,1.7220267253003034e-05,0.9877613531423817,0.00018346728302806053,0.01196844868483371
1,mlp,323,5,5,9.203944918278312e-09,2.6126197318048525e-09,3.965166464070877e-08,1.0345497257233952e-06,2.2092642374453625e-08,0.9999982084401071,6.834492955875565e-07
1,mlp,7455,6,6,6.194057127869574e-05,1.929263986505353e-06,2.245472861545836e-05,0.36796731217725986,0.003359200695000907,0.0002357559485533408,0.6283514066153053
1,mlp,823,5,5,2.3110774257697605e-07,8.37187009401995e-08,1.1479805139052199e-06,3.6411898224455644e-05,8.465983967814618e-07,0.9999402588241892,2.1019872232253302e-05
1,mlp,12158,3,3,2.852523697279448e-06,2.3915788937748574e-07,3.847384439930581e-06,0.9551244554588602,0.0002609526785236099,0.0010304625461220005,0.04357719025046789
1,mlp,8119,6,6,0.001058515243515507,5.27722091145323e-06,0.000138130658606456,0.040515604266025095,0.005894468854111265,0.0004910734437993413,0.9518969303130309
1,mlp,4146,2,2,0.005771511342537108,9.368705515596549e-06,0.991102763277265,4.76892877952619e-06,0.0027962218057035553,8.810343187614141e-05,0.00022726250832305026
1,mlp,11600,3,3,1.0467245095420067e-07,1.9561913172985835e-08,1.7251363114277287e-07,0.9946686256567558,0.0001973357048837755,0.00018213344437088827,0.004951608445994129
1,mlp,266,5,5,4.360165382363893e-07,2.2309441269039928e-07,1.1109073723506315e-06,0.0035909371265306768,1.3174658566414135e-05,0.9962220930233977,0.00017202517318182052
1,mlp,11911,3,3,2.087880749556311e-07,4.2852195850919735e-08,3.9466975140218387e-07,0.9940721316577233,0.00020571313252386948,0.000374791001925091,0.005346717897805647
1,mlp,8319,6,6,0.0001517924588687963,1.0565455857938267e-05,9.286852230534965e-05,0.12503835539345945,0.006644412476726395,0.010265986028575595,0.8577960196642065
1,mlp,9860,6,6,0.02185445705058619,6.192229393755035e-05,0.00498009803327905,0.0010039434258810834,0.0012176089591518552,0.0037678556804210937,0.9671141145567432
1,mlp,12176,3,3,1.2893233237452064e-05,4.217040358438365e-07,5.533757850912636e-06,0.7218165614347862,0.002261146808317077,0.00032344721262926205,0.27557999584914317
1,mlp,12318,3,3,3.110783140127971e-06,3.158025203752698e-07,4.005429402888639e-06,0.9549428306642662,0.0005469039616114708,0.0013353367841416365,0.043167496574917315
1,mlp,550,5,5,3.7914727820295643e-07,4.381317762739139e-08,6.148775241462755e-07,6.468099669379706e-05,5.626278134345906e-07,0.999906404287337,2.7314250175771277e-05
1,mlp,8702,6,6,0.0009549590266462316,3.410054429316545e-06,0.000430277677868978,0.0039402732157194946,0.010610905165477738,0.00019211858792982352,0.9838680562719285
1,mlp,4021,2,2,0.07118159843607125,6.378501833214147e-05,0.8847167298511917,6.965633387648634e-05,0.029380709453610872,0.0014370957094433621,0.013150425197474155
1,mlp,12935,3,3,0.0001624885111804457,5.039443797620112e-07,1.65916946358566e-05,0.5355279874687576,0.05371532271490265,0.0007149989500419891,0.4098621067161017
1,mlp,7604,6,6,0.00037181573832551043,8.680935165662547e-06,0.00021587941556729071,0.24538470308444055,0.000973352318543227,0.011011946337255,0.7420336221707028
1,mlp,13412,3,5,0.00021345282189948536,2.79881428345422e-05,0.00033921276893905217,0.28098564152658667,0.0012945597128113454,0.5631258621231996,0.1540132829037293
1,mlp,2496,0,0,0.9998934968496578,1.2450539779548316e-07,5.003991373403933e-06,7.900072646617694e-08,8.214608951513406e-05,1.3337864912352738e-05,5.811698417085594e-06
1,mlp,11670,3,3,4.035505655037899e-07,8.27819399083273e-08,1.122340479768526e-06,0.9641619450850976,0.00010082516374848656,0.026090829713289795,0.009644791364878915
1,mlp,1336,5,5,5.920078707572373e-05,5.423518084872048e-06,8.646449910689526e-05,0.0030416552887549794,5.9692465281363734e-05,0.9925616288607031,0.004185934580992932
1,mlp,5411,2,2,0.023382899713829303,0.0023164715203513563,0.9741398484340412,4.395008028410867e-09,0.000118022724728116,4.274881540793023e-05,4.396633766571179e-09
1,mlp,11286,3,3,1.116884904303773e-07,1.218095716622747e-08,1.0550107267710183e-07,0.9942286648201751,0.00020754476517362077,6.166306374598e-05,0.005501897980385159
1,mlp,13213,3,3,0.00010607365290195959,2.3592891690154742e-05,0.0002180012098894005,0.5248705508142115,0.001527477282650377,0.34896468405345094,0.12428962009520567
1,mlp,1364,5,5,1.1831870363423666e-05,3.197556746139036e-06,3.9022158786911374e-05,0.0011018297416115527,3.55835376412355e-05,0.9974799948450886,0.0013285402897620419
1,mlp,699,5,5,1.5925714997273874e-07,3.661937639190562e-08,5.164288327158148e-07,1.9694732751116235e-05,3.535261113074312e-07,0.999968821236597,1.0418199181429743e-05
1,mlp,5880,4,4,8.32958656772889e-05,2.9040812078089204e-07,6.497253396502828e-05,0.00035509971853959913,0.9581864538173585,0.000106570182037181,0.04120331747430163
1,mlp,6278,4,4,0.07688725541780667,1.7987451910858966e-05,0.030183913860767096,0.001206327954148918,0.6863209982883623,0.0013159138460894207,0.20406760318091477
1,mlp,11064,3,3,1.7740071171969772e-07,5.239396406926394e-09,1.1130757639443432e-07,0.9883817987576684,8.302305905762742e-05,0.00010689048141236477,0.011427993754177027
1,mlp,9334,6,6,0.0010784927671580755,7.859203734807362e-06,0.0002426782351225723,0.0007595367351633926,0.0005442677065414035,0.0009735778979707478,0.996393587454309
1,mlp,7880,6,6,0.0002069479496977929,3.4055478800713717e-06,9.2269095870911e-05,0.04038113311358561,0.003327240328173358,0.00033992273869853413,0.9556490812260937
1,mlp,2577,0,0,0.999304144038147,3.63227696281648e-05,0.00011831637580035206,2.3153185143776394e-07,6.015007958155931e-06,0.0005231508273614435,1.181944925347053e-05
1,mlp,12434,3,3,3.602224706293194e-06,2.3239765734110505e-07,3.352648303209909e-06,0.9579514170448413,0.00029219658613765376,0.0009602988529161095,0.04078890024543834
1,mlp,13081,3,3,0.00044390322956140677,3.230913920540847e-06,0.00013802515268747167,0.49115901274455465,0.0005603320113446207,0.03667241584324692,0.47102308010468436
1,mlp,11805,3,3,2.27842181016158e-07,1.2434692284743646e-08,3.841229648548267e-08,0.9375178137331605,0.04370058390652836,5.695100135612399e-05,0.01872437266978524
1,mlp,10885,3,3,2.806325778451895e-09,1.0197761267024926e-09,8.865367984921087e-09,0.9996126226913793,2.1336707827129944e-05,0.0001117751144700601,0.000254252794853612
1,mlp,10948,3,3,1.8752114847415576e-08,2.2548590264386866e-09,8.57562586636591e-09,0.9980855089656031,0.0001455712013163735,1.2202672024863139e-05,0.0017566875784558633
1,mlp,3713,1,1,3.6084963217683e-07,0.999999457755337,1.8104375640549291e-07,1.9459848630135043e-22,6.75161231415618e-11,2.837581497969389e-10,4.886127573384965e-26
1,mlp,3273,0,0,0.9999475114572886,2.841696095272623e-05,1.0195486962752226e-06,9.257095703975631e-12,2.400384593417686e-07,2.281148907062899e-05,4.962755349469041e-10
1,mlp,12642,3,3,4.127105500907234e-06,7.257530613241186e-07,8.108963323412302e-06,0.9360425991002118,0.00034643182812277117,0.029359792873243678,0.03423821437653609
1,mlp,11736,3,3,6.267648496117375e-07,4.7508576069516724e-08,1.5487713670935206e-07,0.9626094970309134,0.0013754410780117696,3.3903082753011e-05,0.03598032965775966
1,mlp,822,5,5,1.0505029530075778e-07,3.630270296332957e-08,3.665783147012335e-07,5.028550985658477e-06,2.5218857609733447e-07,0.9999888204316812,5.390897444151322e-06
1,mlp,6775,4,4,7.362666714300905e-07,1.6618138709980684e-09,4.447753403109966e-06,5.748447527316295e-07,0.999894884406904,4.405338276756908e-06,9.494972817807707e-05
1,mlp,9171,6,6,0.00041908365830213427,2.039176568542049e-06,0.0006447398987165561,0.0009137990146923093,0.0037248190514936746,0.0001371743977730021,0.9941583448024538
1,mlp,1346,5,5,5.2733939825561814e-05,2.218744369671987e-05,0.0002592661542406894,0.07863014145974419,0.0008169196398155178,0.8649372670828736,0.05528148427980392
1,mlp,9903,6,6,0.004882184288821251,8.788252124336343e-06,0.03473742535944659,0.0013958713763542793,0.3890100712962744,0.0010310985876031645,0.568934560839376
1,mlp,3719,1,1,6.881544665407957e-08,0.9999954065323631,4.523562173503332e-06,4.2859200644864565e-21,9.021475954345904e-10,1.8786907660272596e-10,1.9072992676779662e-25
1,mlp,3181,0,0,0.9674650776760473,7.19876737425495e-05,0.03202823213611408,3.6106963408409256e-08,0.00037517663046821866,5.9140201555896694e-05,3.4957510875157337e-07
1,mlp,11410,3,3,6.688097216416385e-08,1.1626186586608853e-08,1.890244283376625e-07,0.9949447609302077,4.563301239901471e-05,0.002147556333290394,0.0028617821925156863
1,mlp,9114,6,6,7.580704783060708e-05,8.104818750907058e-07,4.058636199349216e-05,0.0030717183234646346,0.07860137189773131,0.0008351630344818036,0.9173745428526231
1,mlp,13039,3,3,3.842381254538389e-05,2.556774342901329e-06,2.940574729809188e-05,0.5954206261528066,0.0018028880747024498,0.00407009348266926,0.39863600595563536
1,mlp,4462,2,2,0.0019400533218380362,0.001879725555835942,0.8154133289371808,9.586559153458972e-07,0.1786699736674091,0.002076873985133979,1.9085876686824865e-05
1,mlp,1193,5,5,0.00011540002440780137,2.6409036287953453e-06,8.8033667602912e-06,0.0004604096487937047,3.488317162655068e-05,0.9985115152133359,0.0008663476714469992
1,mlp,600,5,5,3.467171331898286e-07,2.2562588112559434e-07,2.5872457412804083e-06,0.000538543192523253,4.957454347272994e-06,0.9993474697273721,0.00010587003700162037
1,mlp,3880,2,6,0.03122030467425994,3.980519458721409e-05,0.4421379853713119,0.001142900412339879,0.03398755237936231,0.001470174522603332,0.49000127744553557
1,mlp,4879,2,2,0.008664414982076256,1.042379411444174e-05,0.9904185543834674,1.4340651333506306e-07,0.0008596062280826803,4.488272774920407e-05,1.974477996647628e-06
1,mlp,2547,0,0,0.9998712877012715,2.936397964280203e-06,2.4444977879798534e-05,1.881110175682269e-08,1.1603811238066534e-06,9.782795033904483e-05,2.3237803198403206e-06
1,mlp,1623,5,5,7.137531010160404e-05,3.123386431318148e-05,0.0004379492923481273,0.004819033217097955,0.0002833666252760775,0.9819678991980265,0.01238914249283635
1,mlp,7441,6,3,4.2625489553401824e-05,1.936075713278258e-06,3.2310203732452526e-05,0.7562104804066231,0.0014079771505990525,0.0017860248751648824,0.24051864579861382
1,mlp,12503,3,3,3.4342350747502294e-06,3.4494052341834974e-07,1.084505706023661e-06,0.8777123333612213,0.005011303472018052,0.0003628611928027241,0.11690863829265397
1,mlp,1876,5,0,0.4971891652595647,7.366132674477998e-05,0.003765541413312684,0.0011507023666746184,0.0002105365064148497,0.4607514021287236,0.03685899099856472
1,mlp,6669,4,4,4.0203768504837085e-06,1.6291007380748912e-08,0.00013057522086813527,7.041644606062159e-06,0.9992239367044029,3.854659225419812e-05,0.0005958631700109825
1,mlp,10365,3,3,4.952881030137479e-09,4.1314273303675497e-10,3.6117498408230168e-09,0.999618699279575,2.7420501725650956e-05,5.038568395981632e-06,0.0003488326725295351
1,mlp,7906,6,6,9.326783988692308e-05,2.7827870911026643e-06,6.579659015296182e-05,0.2883385606972045,0.025763643373979416,0.001517406707765847,0.6842185420039193
1,mlp,3575,1,1,1.4123103726990332e-06,0.9999955751337132,3.01021724145761e-06,5.966353132104078e-20,1.373840627371777e-09,9.648319760157305e-10,2.0650474754158805e-23
1,mlp,6132,4,4,0.0004316735734693425,2.7336357565399e-07,0.0064637574591295596,0.00011928652253998511,0.9633393382346167,5.136460379851347e-05,0.029594306242870422
1,mlp,2650,0,0,0.9998895975690203,1.6654707760219359e-06,9.571490294979272e-05,2.7866707034250303e-08,5.017092162207039e-06,6.502725844603049e-06,1.4743725398493359e-06
1,mlp,6667,4,4,0.0037516782147051747,2.777246676568577e-06,0.05078028609384207,0.00020477634446925108,0.9046882680805877,0.000481571340695271,0.04009064267902398
1,mlp,2372,0,0,0.7272720779833174,9.278491362889072e-05,0.26469418917761306,1.5908396879565996e-05,0.004123415979197835,0.0021039213439489825,0.0016977022054143634
1,mlp,2890,0,0,0.9998841947776647,3.101382758586273e-06,0.00010419372421257572,3.9197694130340675e-09,1.4852986504569014e-06,6.8813494543999475e-06,1.3954748952921263e-07
1,mlp,6024,4,4,2.0731170742729653e-06,6.385093824421076e-09,1.529651582736478e-05,2.6496492823256594e-05,0.9992299275288935,1.013734781085131e-05,0.000716062612476757
1,mlp,9170,6,6,0.00135368119532751,2.9596230547808196e-05,0.0022698525621104634,0.0032039493993428203,0.0004931500936921127,0.040201710848915335,0.952448059670064
1,mlp,6568,4,4,1.3990141556964922e-07,5.743475514160123e-10,1.0099952610543251e-05,4.396345153050783e-07,0.9999056635050869,2.447999270288178e-06,8.120843275402615e-05
1,mlp,11085,3,3,2.400133386835357e-07,1.6618711674366405e-08,8.222821574036082e-08,0.9866330609970727,0.0006506379565109691,1.380467299765227e-05,0.012702157513152484
1,mlp,8002,6,6,7.836858698914397e-05,8.066389053970777e-06,8.05042742687982e-05,0.31393370694753114,0.004657126078175067,0.01364294023163864,0.6675992874923432
1,mlp,4026,2,2,0.003685060278757096,1.0768157299574117e-05,0.9912351730435108,1.8968067635210128e-05,0.003309251059293765,0.00014822218856472524,0.0015925572049388464
1,mlp,11059,3,3,6.398759516315374e-08,1.5516283548515305e-08,1.3812846011512166e-07,0.99389761142936,4.718386229667134e-05,0.00519898170866944,0.000856005367335113
1,mlp,9573,6,6,0.00416091512700457,6.309760838876688e-06,0.0012240840582919711,0.0009688049674107177,0.0046079662708289025,0.000309630010630137,0.9887222898049948
1,mlp,7638,6,6,0.00019912909376795917,5.544725229788154e-06,0.0001545720928926485,0.14617491353991832,0.0008606893885834249,0.004850768955401425,0.8477543822042064
1,mlp,4721,2,2,0.002371412128440066,3.923372036592874e-05,0.9974223175708478,2.172905881661926e-07,0.0001318880739687803,3.33533433169589e-05,1.5778724724463513e-06
1,mlp,9030,6,6,0.0002826115913092784,2.74086452367489e-06,0.0004105602623048075,0.002465210878677636,0.0018166715420716382,0.0008612934435000957,0.9941609114176129
1,mlp,10516,3,3,2.4215562339343527e-09,3.5254934611708484e-10,2.4511937639489068e-09,0.9998292898140642,2.2388880287099507e-05,4.999248621322905e-06,0.0001433168317281952
1,mlp,11120,3,3,1.9452675589725995e-08,1.3223862792595642e-09,7.670719388213111e-09,0.9831845117170744,0.014707343480924123,9.568498490224263e-06,0.002098547857729912
1,mlp,2796,0,0,0.99999826731062,7.692901501575333e-08,6.896588402366804e-07,4.372969934109865e-10,1.1966855424025476e-07,8.157698415199854e-07,3.0225831877678465e-08
1,mlp,2161,0,6,0.35352275510693343,0.0001746087126358804,0.04036072671323666,0.0004955814333352807,0.08295395891488448,0.01817249206378057,0.5043198770551937
1,mlp,83,5,5,1.8281920790015735e-07,6.129890619515369e-08,6.266093974472634e-07,0.005983078008808028,4.799035195840143e-06,0.9938476915330093,0.0001635606954753287
1,mlp,7742,6,6,0.00035419598200932246,9.826914219123773e-06,0.00016060315849817812,0.16533291795173402,0.0010601215345773247,0.010069032508159853,0.8230133019508021
1,mlp,1773,5,5,6.846399882280248e-06,1.3296887165221777e-06,2.3509424779174127e-05,8.5739209298054e-06,3.489068186429025e-06,0.9998925108093959,6.374068810990832e-05
1,mlp,10231,3,3,8.437887140432094e-11,2.4815409233408113e-11,7.661850953756007e-11,0.9999735543073925,1.4540960768063783e-05,8.439187817143851e-07,1.1060627244752797e-05
1,mlp,8006,6,6,0.00015586889134986228,6.297027419391049e-06,0.00016769445523924381,0.17508365405315834,0.0026601939650731,0.0020945317674217483,0.8198317598403383
1,mlp,652,5,5,1.068854615691703e-07,2.571617796402329e-08,2.6282822735890285e-07,5.979214680501241e-06,2.0802203812683414e-07,0.9999873951728656,6.022160548932307e-06
1,mlp,9336,6,6,0.0009921127933736472,2.704830970613087e-05,0.0027730903438858414,0.0012773985507720442,0.00035098730788380935,0.0331208746382029,0.9614584880561756
1,mlp,5466,2,2,2.8319400190728416e-05,0.00013664818445884572,0.999821247748629,6.983890653003907e-10,1.2450779009074806e-05,1.332926068581375e-06,2.632548344385542e-10
1,mlp,7144,4,2,0.014492704025336344,5.550591740565233e-06,0.6614927733923253,4.956380706077541e-05,0.31773081811189113,0.00025960902531297687,0.005968981046333004
1,mlp,6762,4,4,0.00028838264132890833,1.9430304015328186e-07,0.0032406573689852656,2.9998169853047273e-05,0.9737146916653896,0.00011494597929773746,0.022611129872105288
1,mlp,4234,2,2,9.944569121408211e-05,7.63647090004705e-06,0.9995891158682839,1.8854030541138813e-06,0.00026864721809457815,1.2977650138318889e-05,2.0291698314867926e-05
1,mlp,3697,1,1,1.794953251288937e-07,0.9999985077737193,1.3120741004960358e-06,2.3280846156809374e-21,5.045611936211138e-10,1.5229361868097828e-10,2.0764017993960318e-25
1,mlp,11360,3,3,2.57874225002634e-08,2.6602291340559764e-09,1.2574688213739842e-08,0.9923633188025065,0.006083890758178058,9.391705711879017e-06,0.001543357711263738
1,mlp,10869,3,3,8.346810315396686e-09,5.845399480206326e-10,6.587279040162061e-10,0.9936027821023327,0.00507195381841042,2.63712092561021e-06,0.001322617368253381
1,mlp,11486,3,3,4.306567039964283e-08,7.504717290002676e-09,2.217823818380923e-08,0.9967407016905901,0.00046426526734713906,2.6922747730258465e-05,0.002768037545706507
1,mlp,1309,5,5,9.078147604649505e-06,1.3015834107537896e-06,2.288128849794359e-05,0.0004695991495013135,1.3681070811115623e-05,0.9989023414727368,0.0005811172874373504
1,mlp,2619,0,2,0.01468131159629918,2.7307421252444847e-05,0.9840983915486228,4.979560121364875e-06,0.0008884545581341839,0.00015198778808555666,0.00014756752748449245
1,mlp,3207,0,0,0.9999991314526456,8.30568178292824e-09,4.0207780858382925e-08,2.851770813801457e-11,7.118178824102056e-07,1.0709098797741905e-07,1.0965039735763398e-09
1,mlp,5246,2,2,0.015963486243469598,0.00017188273775098535,0.9834398187062724,2.5134297524954126e-08,0.0004005529923780014,2.415831454667829e-05,7.587128464454233e-08
1,mlp,4845,2,2,2.534753322419306e-06,2.3882218183709077e-06,0.9994346228559396,1.4599076621880509e-08,0.0005565003121031595,3.844127013439566e-06,9.513072617492164e-08
1,mlp,6632,4,4,0.0001792718857517606,2.514562624910955e-07,0.00010627236988454095,2.3754884228748716e-05,0.9834124784065397,0.00020093752547650174,0.01607703347185626
1,mlp,3395,1,1,0.0001857205559044251,0.9992083201061303,0.0006057358941587059,5.42517268353451e-16,7.139295843712819e-08,1.520508476960034e-07,1.9097499218389345e-18
1,mlp,8840,6,6,0.001970226308970984,1.793070114050368e-05,0.0012753190595114938,0.0040245080284385245,0.0004681169712861547,0.008662612937076576,0.9835812859935759
1,mlp,5731,4,4,1.3741016071974714e-08,5.76322731414413e-12,1.9663919021808328e-09,1.6509117291152372e-06,0.999963022998881,3.83631410717631e-08,3.527201307747322e-05
1,mlp,1293,5,5,4.415399583435939e-07,6.565398856082074e-08,1.0718016981724164e-06,1.8513167392438854e-06,2.4482460428156007e-07,0.9999898129989873,6.5118640240205425e-06
1,mlp,5200,2,2,0.0064141817030737725,0.00037712881554324184,0.9931423157849962,6.786197667636777e-08,3.2882596796338484e-05,3.3340851682754916e-05,8.238593081476427e-08
1,mlp,3364,1,1,0.0075795963839737504,0.9753304152136044,0.017085584396167475,3.6228255378887475e-14,2.1544431029709364e-06,2.2495631149495365e-06,3.6416504068443694e-16
1,mlp,6197,4,4,3.0798624498404924e-07,4.5593541795129117e-10,1.4245336058042344e-07,1.5346500759670174e-06,0.9998355974126405,1.16796656079011e-06,0.00016124907518167298
1,mlp,5218,2,2,0.017316884329994522,0.00013774737406730303,0.9821827291643526,2.087473535296428e-08,0.0003148456853513474,4.7679085576256526e-05,9.34859224966266e-08
1,mlp,3485,1,1,5.853577079940581e-06,0.9996652595367936,0.0003288462877261504,2.7891914586561243e-17,2.9900827786304694e-08,1.0697572344298872e-08,1.0017409248512946e-20
1,mlp,6178,4,4,1.0778203690226498e-06,2.728365289245436e-09,5.833304724724292e-07,6.439140770963901e-06,0.9994780689335736,4.519866918490549e-06,0.0005093081795300429
1,mlp,320,5,5,2.0580599909221429e-07,5.753306163690644e-08,6.136104728665213e-07,0.00031844712493431666,1.4858089440641436e-06,0.9996360366589361,4.315345765206197e-05
1,mlp,7727,6,6,7.021812106948413e-05,4.089182134743122e-06,5.938002109088273e-05,0.4798122763918,0.0034285296740068126,0.0013745620903641191,0.515250944519534
1,mlp,4056,2,2,0.026224462036021016,1.0792945660749551e-05,0.9359524135384703,8.774692283352037e-06,0.0359651773122707,0.0008419514025071836,0.0009964280727868945
1,mlp,8116,6,5,0.0009146563781475402,8.044885704186177e-05,0.0013057489073152492,0.11561607412218979,0.0015020766019595332,0.5004437484075449,0.3801372467258011
1,mlp,1100,5,5,5.97873287967906e-08,2.1176672810007588e-08,2.6852154999769727e-07,6.137196043233465e-07,8.243448865827334e-08,0.999997601889761,1.352470594496551e-06
1,mlp,12185,3,3,8.532548523462666e-08,1.2048822522733536e-08,1.740211162194477e-08,0.9856573964311579,0.008463538287441147,4.5784858961208246e-05,0.005833165646020304
1,mlp,6656,4,4,4.2356535606498236e-08,3.8743381586502326e-11,4.336753263862159e-08,7.692536143799083e-08,0.9999804643409058,2.9073527222735653e-07,1.908223564900883e-05
1,mlp,93,5,5,1.3607883457639315e-07,8.15331131735758e-08,4.1616263563307154e-07,0.00303796026106063,6.104918832047496e-06,0.9968554805867674,9.982045875646865e-05
1,mlp,2177,0,0,0.9479926565696807,0.00013449448151896948,0.0354130996338714,5.930793311056592e-05,0.0003725987465545597,0.003977487394347145,0.012050355240916796
1,mlp,5123,2,2,0.15070922363364903,0.00942191743954353,0.8391502574728608,1.5719958653805532e-07,0.0005261797400558697,0.00019194404279516063,3.2047150903877085e-07
1,mlp,6738,4,4,8.411662441309162e-06,1.2472075232873014e-08,1.0890096712730786e-05,1.6984894382946626e-06,0.9982296056928028,4.1445136161461724e-05,0.0017079364503681481
1,mlp,5590,4,4,2.1917397202176473e-07,8.620626406272579e-10,2.7359137280082126e-08,0.0008937876524379304,0.9969399428334291,3.753443605523959e-06,0.0021622686753554705
1,mlp,7907,6,6,0.00026333935992770924,3.3110630110902477e-06,0.00011321231597444096,0.06921777751563735,0.01131363481144849,0.0006459091833600464,0.9184428157506409
1,mlp,5651,4,4,4.9557553560501473e-08,1.0119117209168909e-10,6.202021758061456e-09,4.129680853471371e-05,0.9996667271145292,2.5822677897602105e-07,0.0002916619893907666
1,mlp,874,5,5,1.65081009504377e-06,4.6841802832491374e-07,6.033887768276574e-06,0.000843208991528781,9.552874760271815e-06,0.9988561313504477,0.0002829536673715121
1,mlp,6509,4,4,9.082046643371605e-07,1.6958619755211653e-09,6.050654760141124e-07,1.5673704135760607e-06,0.9995470075057127,6.912794165673124e-06,0.0004429973637057561
1,mlp,1823,5,5,1.2573162194958659e-06,2.2866228002929008e-07,6.232232790692767e-07,1.3044181773782903e-07,2.7042213177104245e-07,0.9999962916794727,1.198254799081727e-06
1,mlp,2028,0,6,0.00020475507441358417,1.0192033349394886e-05,0.00011926606513132096,0.3112104716409431,0.002295994370904292,0.007205051420864239,0.6789542693943941
1,mlp,10184,3,3,1.5108020127870963e-11,5.1155958503764106e-12,1.3237449718041332e-11,0.9999520099245536,3.067019234540851e-05,5.597132519470978e-07,1.6760136388216173e-05
1,mlp,6463,4,4,4.528963263345844e-08,8.243145623497445e-11,1.3973804671331875e-07,1.5003455929152557e-07,0.9999742356835836,6.068991265136934e-07,2.4822272619695746e-05
1,mlp,8380,6,6,0.00025735751397774507,7.512162943215962e-06,0.0003324503634669871,0.02464837776027117,0.0005911693916454926,0.002627732851074927,0.9715353999566204
1,mlp,9757,6,6,0.023190749372120074,9.377954431717873e-05,0.012727572183336306,0.0015455295142491907,0.0013062286035974797,0.03018242999665519,0.9309537107857246
1,mlp,12406,3,3,2.554567656905517e-06,2.941667314747876e-07,4.358704390699567e-06,0.9509649524050253,0.0002979142689364501,0.004718231487389154,0.04401169439987019
1,mlp,7279,4,2,0.00014813851544555472,6.591752828200268e-07,0.918070713164564,3.5150733341221782e-06,0.081532998497322,3.295750614828265e-05,0.0002110180679033424
1,mlp,6879,4,4,8.814547218005427e-07,2.4854620323035433e-09,3.8631378997847284e-06,3.97116117641841e-07,0.9996534040924305,2.0284280685871583e-05,0.0003211674326823599
1,mlp,5350,2,2,0.09478118980849443,0.0021823586832373475,0.9028902645229556,6.488630786862537e-08,8.893106644910182e-05,5.715724923793744e-05,3.378331742375345e-08
1,mlp,10101,3,3,7.943221121902738e-12,3.076738493990922e-12,1.0801503563993286e-11,0.9999917158334546,5.193646541772515e-06,4.252137673418405e-07,2.6652844148909496e-06
1,mlp,5519,4,4,1.1302001874105961e-07,6.692829015245925e-10,2.5659934650798407e-08,0.007652513474348733,0.9920033615593254,5.268861470304008e-07,0.00034345873094269633
1,mlp,10424,3,3,3.518569944815234e-10,1.1542364500402143e-10,5.730054186932106e-10,0.9998927614780954,1.8049393823646975e-05,7.828081132106106e-06,8.1360006663036e-05
1,mlp,6770,4,4,2.2810627469891924e-07,3.504687479351057e-10,4.974717803772892e-07,1.901630499620727e-07,0.9999343043163499,1.8739064245283863e-06,6.290568565176239e-05
1,mlp,9200,6,6,0.0037535671207896853,1.1712214676213992e-05,0.0007963095708503038,0.002031397811127781,0.0010450426369684363,0.0003686512716486994,0.9919933193739389
1,mlp,3022,0,0,0.9981570070321867,0.0006321384339531969,0.0010930839867968232,1.548171945060072e-08,1.894846294285411e-05,9.86003915913724e-05,2.0621080956698373e-07
1,mlp,8183,6,6,0.0012470220008313066,1.2165569289660712e-05,0.0004018666239972774,0.038665920367702014,0.0012236452423510524,0.0018691976725956998,0.956580182523233
1,mlp,301,5,5,9.154438193305835e-07,1.975856434564602e-07,1.346675267659425e-06,0.001475189543431467,6.765071283211298e-06,0.9983145293278569,0.00020105635269801036
1,mlp,797,5,3,3.6503171065771174e-05,8.239152847200408e-06,7.58716236833216e-05,0.6144642664223244,0.0009898876681070598,0.2833398603675011,0.10108537159447133
1,mlp,1853,5,5,5.172716080217539e-05,7.517622018676635e-06,0.00018071971414493172,5.8228982145369575e-05,2.4367964270830283e-05,0.9988977386583127,0.0007796998983054768
1,mlp,3159,0,0,0.9784624977348483,0.00012884429332816926,0.021298448458241314,1.8153708491230032e-08,4.5282123556683566e-05,6.475250685753543e-05,1.567294594747387e-07
1,mlp,10212,3,3,2.011896270172801e-10,3.6829341226658575e-11,2.974776579541247e-10,0.999953378432227,6.972182434703178e-06,3.6108807679141694e-06,3.603796907370068e-05
1,mlp,7368,6,3,1.4428089752748265e-05,3.1080652150928575e-07,5.821160644316342e-06,0.8680994716500237,0.0007140714714925062,0.00014356978120103544,0.1310223270403642
1,mlp,3678,1,1,4.605990941152178e-08,0.9999482581153495,5.1692791186784686e-05,1.2989343670602932e-19,1.8069799284405987e-09,1.2265742122790157e-09,4.224350758689005e-24
1,mlp,4904,2,2,0.010689193586053799,1.917455220634295e-05,0.9886058824975785,9.506553162391374e-08,0.0006351258291866032,4.941741949229848e-05,1.111049950642704e-06
1,mlp,5754,4,4,5.390124148516123e-07,8.878942404447922e-10,8.971358295476529e-08,3.247491918045604e-05,0.9992995665402586,1.4363690891958953e-06,0.0006658925575794037
1,mlp,6692,4,4,2.9628358019821866e-05,2.664816859728231e-08,0.00105038580319921,7.425178972835851e-06,0.9980326472473627,1.6307996640287044e-05,0.0008635787676365427
1,mlp,7938,6,6,0.0008459197686265309,2.9208969865499027e-05,0.0006311058730403946,0.10949152999681444,0.0009431243254346662,0.04768827136389859,0.84037083970232
1,mlp,9254,6,6,0.0008270862124366298,1.1843327831897628e-05,0.0003848873977253084,0.001355024081227425,0.0005274527201076461,0.007262921134395357,0.9896307851262758
1,mlp,8943,6,6,0.0009535626188107676,1.7921828644572335e-05,0.0007499286842886313,0.004418370701179667,0.0006712421521663726,0.03050159803838421,0.9626873759765259
1,mlp,6304,4,4,4.934341467414783e-07,4.981987200540154e-10,6.778011807846799e-06,7.128884394291648e-07,0.9991454577419572,2.2906053960037047e-06,0.0008442668200543405
1,mlp,274,5,5,3.710070926254364e-07,1.9689161586708555e-07,2.2839181115020144e-06,0.0054379935504515935,1.0473505829486805e-05,0.9942256118896545,0.0003230692372445391
1,mlp,13256,3,3,1.5203508254033564e-05,1.8219067840039954e-06,1.3067735756127173e-05,0.7334448767663151,0.009078499230907935,0.001666572916235968,0.25577995793574687
1,mlp,8906,6,6,0.0005075727592882219,6.4903272672996526e-06,0.0005627812326668077,0.0028637934275298855,0.0003035451436684235,0.0023481330892528795,0.9934076840203264
1,mlp,12339,3,3,2.488098401041373e-06,4.720554399776044e-07,2.199910135456013e-06,0.9836561499899046,0.0005030840537355522,0.001556922280490467,0.014278683611892723
1,mlp,4557,2,2,0.05644270832842576,0.0009959604733140765,0.9318420601711139,2.4447778019253464e-06,0.0014329020239693235,0.009256618395453952,2.7305829920981598e-05
1,mlp,11589,3,3,1.5961236557677876e-07,2.3554515430234056e-08,1.9803843244109195e-07,0.9951120859424298,0.00017841424967253742,0.00013073990643087247,0.004578378696153416
1,mlp,1702,5,5,0.0003748622120581768,2.98425090540925e-05,0.00040236682922367803,0.0011386079610229392,0.00017616005169957035,0.9824023480713218,0.015475812365619727
1,mlp,9291,6,6,0.00030247677795550924,6.706900826834534e-06,0.0012339811459704665,0.005431017302447217,0.002154647228954121,0.007350807645558352,0.9835203629982874
1,mlp,8549,6,6,0.00030719057286209125,3.6063528207836883e-06,0.0001105477936622449,0.0358856267381214,0.10975081566065915,0.001157087601926717,0.8527851252799478
1,mlp,3043,0,0,0.999894077994582,7.210948356450259e-07,6.969990739202545e-05,2.8379008510946715e-09,2.8746118121676894e-05,6.579495122962791e-06,1.7255204479288345e-07
1,mlp,12691,3,3,6.348445816570196e-07,1.561870106322046e-07,5.315650240441104e-07,0.9769405409165466,0.0017775820261680493,0.0003954733147123238,0.020885081145956434
1,mlp,3078,0,0,0.8121423982636062,0.0005877479331182767,0.1869703637157609,1.4708208201662927e-07,0.00018897855275744652,0.00010952902657451374,8.354261005559314e-07
1,mlp,8909,6,6,0.002546532642621804,5.196514939683811e-06,0.0007871534790234733,0.0028688285608773063,0.004078700854144448,0.000269815898392405,0.9894437720500009
1,mlp,12204,3,3,1.2943368671663928e-07,3.106291123612618e-08,1.0727966275496189e-07,0.9950661298714017,0.0004509938143286344,0.00010922093981821502,0.0043733875981904514
1,mlp,6882,4,4,3.1109591441303155e-09,3.409940951998643e-12,1.0418093074119867e-08,5.8369348480791885e-09,0.9999978021956593,9.524281106542516e-08,2.0831921325777257e-06
1,mlp,12777,3,3,9.016538874703843e-05,2.6870042461198283e-06,5.6044712533587357e-05,0.7089740284042273,0.000757567935891812,0.006159421734470964,0.2839600848198832
1,mlp,2040,0,6,0.05877251966030224,4.878319781236853e-05,0.004140556997527951,0.0035826412724288595,0.0006978451621739576,0.004812868335625085,0.9279447853741295
1,mlp,10427,3,3,7.367990270724807e-10,1.586881674008833e-10,7.692655728165868e-10,0.9997224201507646,2.7995552924321186e-05,8.343361539065395e-06,0.00024123927001901596
1,mlp,1367,5,5,0.0014200282329686245,1.1798395972004644e-05,0.00022032337414783828,0.03529459066913503,0.0002545120008663673,0.9073481615563375,0.05545058577057265
1,mlp,6731,4,4,1.8599425701586916e-05,3.5436011813436604e-08,0.0002931719631840786,7.613732530556418e-06,0.9977842015431821,4.336011196949853e-05,0.0018530177874201063
1,mlp,3278,0,0,0.9978539865966878,0.0014346664145518247,0.00012025034021697187,2.0963792906398027e-10,3.7292795695099603e-06,0.0005873625819562092,4.57737988857704e-09
1,mlp,5545,4,4,1.610900523536173e-06,3.0377608971799984e-08,1.5643429491942133e-06,0.10432170723527517,0.8674737477554223,9.223986512124411e-05,0.02810909952309941
1,mlp,12383,3,3,8.396344861619253e-06,2.3987981702132598e-06,1.3337464238993706e-05,0.8808615579388581,0.0007230099036823798,0.0937529573895519,0.024638342160636748
1,mlp,4712,2,2,0.00021995042990968766,2.77303749346494e-06,0.9984635799553231,1.9036107855641977e-07,0.0013079481844317567,3.769002239903106e-06,1.7890295234531518e-06
1,mlp,2769,0,0,0.993070011139068,3.153527333150106e-06,0.0058626046910601635,4.6697447401163e-07,0.0009915263633661162,4.955909721003608e-05,2.2678207488275505e-05
1,mlp,3649,1,1,1.4486788350534438e-07,0.9999604436449024,3.9403899242421474e-05,9.605224351652089e-20,6.641435373332748e-09,9.465363193578434e-10,7.312308960339642e-24
1,mlp,10612,3,3,4.264960577022572e-08,1.2996025926863405e-09,1.6870329632600697e-08,0.9980497405169515,0.00019015926531660196,4.367828699031261e-06,0.0017556715694948888
1,mlp,5452,2,0,0.7317108022694951,0.01651889924338158,0.2514516003470581,2.1637213775364642e-09,0.00022991516959457606,8.87787903575521e-05,2.016391741489343e-09
1,mlp,10970,3,3,4.216303672349401e-08,7.088464524841591e-09,5.542136624161256e-08,0.9985234845573157,6.755585894209045e-05,8.011503438221645e-05,0.001328739876492389
1,mlp,12003,3,3,1.8141299512320385e-07,3.127662361217375e-08,1.0920257956722188e-07,0.9923044241424277,0.0005234917822179347,8.246129301624478e-05,0.007089300890139736
1,mlp,3039,0,2,0.4855524153303547,0.002428101711015693,0.5114174107153445,6.236257537862603e-07,0.00019909816607207404,0.0003999501138225111,2.4003376367483704e-06
1,mlp,11920,3,3,2.385807490501294e-07,3.2196802413983134e-08,1.0315520195382889e-07,0.9867965663333155,0.0006698422777464225,7.526697731451616e-05,0.012457950478870196
1,mlp,10925,3,3,1.1652310646879465e-07,5.047649624190223e-09,1.0828929649903867e-08,0.9705576482998183,0.017678727467710865,8.84956319988521e-06,0.011754642269585325
1,mlp,6044,4,4,1.0863449189408532e-07,2.0503139622650435e-10,4.989736724719727e-08,2.00234336239361e-06,0.9998584496051752,8.398019995648004e-07,0.00013854951257232198
1,mlp,7642,6,3,4.5172063004084325e-05,2.6969694565036855e-06,4.040924414433654e-05,0.8301327331690654,0.0009077987430627744,0.0034804747481700987,0.16539071506309677
1,mlp,5027,2,2,0.0019119493770119959,2.002941573466622e-05,0.9871938664726763,1.8361871539460967e-07,0.010738287758021109,0.00013176393330172203,3.919424538934025e-06
1,mlp,6641,4,4,1.0484301680951389e-07,1.0077958004729395e-10,1.2098616617600452e-07,1.1328035061958221e-07,0.9999586366892472,6.508819767481369e-07,4.037321846281253e-05
1,mlp,12075,3,3,2.2004064637566405e-06,1.460551381068352e-07,1.8525852385709069e-06,0.9704257372668887,0.00039025155403432605,0.00024353812845572586,0.028936274003780942
1,mlp,8184,6,6,0.0005547908551981072,4.470989545602946e-06,0.0001635687058671116,0.009450288194358867,0.0012135681471518527,0.00017018557332757132,0.9884431275345509
1,mlp,7832,6,3,0.00016241311341943617,1.4573688806578746e-05,0.00022580412946442328,0.49768806132037596,0.0032892681658892153,0.021942872749684296,0.4766770068323602
1,mlp,700,5,5,2.652803752594374e-07,1.1444579071744041e-07,1.1162892809792744e-06,8.658362211793401e-05,1.6690840607888706e-06,0.9998756202059066,3.4631072467684015e-05
1,mlp,10471,3,3,6.949189158934936e-10,1.2735252426202015e-10,3.326436927070344e-10,0.9997720184870984,9.968030554519427e-05,1.5882499039271506e-06,0.0001267118025373865
1,mlp,12825,3,3,1.2717539130565248e-05,9.87725921947045e-07,1.1782472070365271e-05,0.8589386717367965,0.0009571114981533782,0.0012298265101836935,0.1388489025177437
1,mlp,8730,6,6,0.00023815258008162132,2.437374654245606e-06,0.000289263491709283,0.006841006489442881,0.018595987139088978,0.000829112835919567,0.9732040400891034
1,mlp,9276,6,6,0.0010263045907991793,1.277290425457392e-05,0.0014756479948548312,0.0024368006987373508,0.0006400839552446525,0.00851877396150449,0.9858896158946049
1,mlp,9954,6,6,0.0380575181109662,0.00010697355610466509,0.14160355716521034,0.0004813437525424096,0.002463560980510211,0.03463098838567909,0.7826560580489871
1,mlp,1176,5,5,2.36120023294771e-06,5.46122924460769e-07,1.4454486886013705e-06,3.922044246898638e-05,6.792957637149385e-06,0.9999065332348429,4.310059320497262e-05
1,mlp,7967,6,6,0.0006839715316460201,6.372755747011444e-06,0.0002656567354242484,0.05676327178120089,0.0007748189545688331,0.000489030587469541,0.9410168776539435
1,mlp,10496,3,3,6.905820862962404e-10,1.4689552047942197e-10,6.256343963687154e-10,0.9997886651851857,3.100400054708838e-05,5.172113345340508e-06,0.000175157237809823
1,mlp,5986,4,4,3.13755458821497e-05,7.079742479025331e-08,7.3687021535219255e-06,0.00010819146812450137,0.9738491452461864,9.093941721854745e-05,0.025912908823009978
1,mlp,10208,3,3,2.3831821144254226e-09,1.690909388003561e-10,3.870090236648767e-09,0.9995842733764085,7.953644329138733e-06,6.387704595889893e-05,0.000343889510940164
1,mlp,5117,2,2,0.00012078001125754362,9.420801979548239e-06,0.9996132152129433,3.255424163440208e-08,0.0002502146329753155,6.1838072365855195e-06,1.5297936588243163e-07
1,mlp,8191,6,6,0.00020464879322261,4.328607048041492e-06,4.307305795698718e-05,0.0412545347715812,0.03399355505970813,0.0010082413027196137,0.9234916184077635
1,mlp,9054,6,5,0.0018283615368839005,0.00011138944441489955,0.0029076676256695006,0.01676460802498583,0.001841278107276955,0.5371027751527884,0.4394439201079805
1,mlp,5467,2,2,8.354196773383589e-05,0.00010662845377548749,0.9997450148662781,4.5598972374456887e-10,5.907064160756657e-05,5.743258458435259e-06,3.561567265131615e-10
1,mlp,5882,4,4,0.035483418014044595,4.952989155126892e-07,0.0005209468468077163,0.005287373086401875,0.6142309683386439,0.014212445642830068,0.3302643527723564
1,mlp,10677,3,3,1.8844875250336807e-09,4.126145820602221e-10,2.6916620855585776e-09,0.999712768472082,2.3293692921153787e-05,1.4440274106377465e-05,0.000249492572126123
1,mlp,12652,3,3,1.7841150712498899e-06,2.8735221448105587e-07,1.8649992980906397e-06,0.9470937137729015,0.0009963840076994477,0.0008731368041782914,0.05103282894863696
1,mlp,11346,3,3,4.446340019795341e-07,2.6197611103792048e-08,8.663807311551054e-08,0.9708139611104648,0.004486498044442959,1.0653938958051682e-05,0.024688329436447914
1,mlp,12649,3,3,1.0990135995413527e-05,4.921789388714289e-07,3.341553645152465e-06,0.8457694930358028,0.017343949036368433,0.00010929644077480845,0.1367624376184745
1,mlp,4622,2,2,0.014531375829541584,5.933040998927624e-05,0.9846374154256095,4.552253613345785e-07,0.0007178681868780883,4.722644734044553e-05,6.328475279785695e-06
1,mlp,10323,3,3,7.091501283850204e-11,4.402851077643618e-11,2.4971677539170595e-10,0.9999526750783789,7.551299270656012e-06,1.586501443415384e-05,2.390824325578895e-05
1,mlp,705,5,5,6.162371274552197e-05,6.337120510138098e-08,6.677484979132903e-07,2.4328438872923088e-05,2.9053333441392856e-07,0.9997877338785952,0.00012529231674891921
1,mlp,2824,0,0,0.7795827403640131,0.0006726734986773514,0.21916190267781163,8.850231566016779e-07,0.00027391810731404215,0.00029929757248000764,8.582756547265454e-06
1,mlp,7276,4,4,2.7418280028153674e-05,1.0323011469311116e-08,0.0006124020298384483,2.1232243980475255e-07,0.9993131470531098,1.5184469536354757e-05,3.162552203604361e-05
1,mlp,5252,2,2,0.0015053749863609234,5.396211804531778e-05,0.9982701790472184,7.329847047875901e-09,0.00012929573892625238,4.1144486148019286e-05,3.6293453868216005e-08
1,mlp,4448,2,2,6.639085749479366e-05,7.5070139266703726e-06,0.999668825468276,3.417909665215185e-07,0.00024702207084890043,7.309938046704375e-06,2.6028604403678873e-06
1,mlp,9905,6,6,0.047924000122690526,5.917716981413092e-05,0.006342917039776283,0.0005905295665557279,0.03349267411226785,0.0061406263303245565,0.9054500756585709
1,mlp,7870,6,6,0.00021918955382202804,1.244479649923149e-05,0.00026068115131474325,0.30073481680732606,0.0020716143104028946,0.013626956156775045,0.68307429722386
1,mlp,11096,3,3,1.6825880698467358e-08,2.811485111441563e-09,1.5588658857204233e-08,0.9987805261366465,0.00016367431297122285,1.6265432359444895e-05,0.0010394988919979994
1,mlp,3087,0,0,0.9987980259848778,0.0007763930359124849,0.0003045677441642094,5.022829493747443e-09,1.1462164491106698e-05,0.0001094576975539897,8.835017106337312e-08
1,mlp,4391,2,2,0.00012694397477307426,4.130174338852805e-06,0.9975639892386587,4.2566065982519874e-07,0.0022642116484563484,2.824469782874693e-05,1.2054605284278979e-05
1,mlp,2216,0,0,0.99995062379492,1.358110601481785e-08,2.448546131191286e-07,1.4689106036320598e-07,4.5446493325507276e-06,4.111068087995479e-05,3.315548087836718e-06
1,mlp,8668,6,6,0.00016780647908054222,1.7636892564712833e-05,0.0005150557769116391,0.044042107557271455,0.0021992092237662288,0.07736307639571066,0.8756951076746947
1,mlp,12735,3,3,2.022576177417858e-05,1.6886147082986067e-06,2.035277104332718e-05,0.8752554608160322,0.0007329403093960676,0.003407731747247295,0.12056159997979884
1,mlp,3052,0,0,0.9995024067364375,4.564134312579798e-06,0.0004286261223718373,1.2968045624826104e-08,4.881984418010615e-05,1.5133435748201845e-05,4.3675890401236223e-07
1,mlp,74,5,5,1.0692066185250607e-07,5.945461812390026e-08,5.56461305473836e-07,0.00745513107566889,5.531171829692875e-06,0.9924182904994919,0.00012032441642390928
1,mlp,1656,5,5,0.0007619996636997924,1.4836203874846597e-05,0.00025962252070521407,0.0005261440061069413,7.431939971170687e-05,0.991164288574213,0.007198789631688605
1,mlp,1343,5,5,3.8800152642116e-06,8.08727663500256e-07,5.588093407526368e-06,5.941853405873682e-05,6.650253603274241e-06,0.9998285233524873,9.513102351548942e-05
1,mlp,6685,4,4,2.219541916180025e-05,8.462270222913128e-09,0.00017271396270405163,3.907686870329786e-06,0.9994576053571004,3.460950752408845e-06,0.00034010816114101757
1,mlp,2170,0,0,0.9913086437018302,7.984227399316552e-06,0.0014359091381092484,2.1512840302370008e-05,0.0013536728351366799,0.001277352829198001,0.0045949244280236124
1,mlp,8355,6,6,0.0006511477985976968,8.342010476031998e-06,0.0002769992538802853,0.023448943524765203,0.0018115643020352402,0.0011933485275655868,0.9726096545826799
1,mlp,5961,4,4,4.155051129347633e-07,3.184644684799777e-10,6.021069830257518e-08,4.142774456520451e-06,0.9996698233805217,6.798466995249415e-07,0.00032487796404668634
1,mlp,339,5,5,7.950332280852129e-07,3.4020413156156065e-07,3.4595219772282196e-06,0.007312220200662392,1.6675157332924448e-05,0.992169005008975,0.0004975048736928809
1,mlp,2669,0,0,0.9999931732688049,8.175456523404103e-08,5.890277625375384e-07,5.7162656135502e-10,5.526704355812217e-08,6.019367762842089e-06,8.074243420086413e-08
1,mlp,4163,2,2,0.08888679334768489,4.353977738371532e-05,0.9054324395488991,3.4397023053155266e-06,0.0052420783089496045,0.0002736303023824265,0.00011807901239505172
1,mlp,11694,3,3,3.547391067489463e-07,4.561905112905823e-08,6.286751172258212e-07,0.9911731169172657,0.00011280320755839412,0.0005150187040027429,0.008198032137898183
1,mlp,688,5,5,4.3433726142936585e-06,6.469242493074813e-07,7.302916251109222e-06,0.002775561034315377,1.6084864851194536e-05,0.9965625059749837,0.000633554912734773
1,mlp,11101,3,3,1.3228766938057985e-08,2.750256361203228e-09,1.521357879615725e-08,0.9992278176873093,7.931888513268918e-05,2.305781193121137e-05,0.0006697744230246398
1,mlp,11387,3,3,1.4291971233270464e-07,1.0065171030639176e-08,6.102304170992192e-08,0.9933105963744241,0.0005840634527088369,1.634185249794904e-05,0.006088784312444181
1,mlp,5015,2,2,2.780083625538465e-06,1.2462237426160238e-05,0.999691150841066,1.4916501118917113e-08,0.0002868365341894502,6.682727905376039e-06,7.26592863915494e-08
1,mlp,8557,6,6,0.0004784584792405629,2.5828597546657753e-06,0.0001574465721583633,0.00484406741096411,0.0017576247996792553,0.000279508225138958,0.9924803116530642
1,mlp,467,5,5,7.989970729075838e-09,1.1313686366650232e-09,5.179717066842784e-09,7.150879737739174e-08,4.8760275841048765e-09,0.9999997820138453,1.2730027322436684e-07
1,mlp,4194,2,2,0.07682416511111748,0.00010375389387804521,0.9056314429200168,1.7919306593291268e-05,0.012873162803379416,0.002657850438460023,0.0018917055265549071
1,mlp,13158,3,3,1.8881852682563498e-06,2.9474542519774105e-07,8.124932003066167e-07,0.9346326934605911,0.03126278898472876,0.0007691055624359566,0.03333241656835021
1,mlp,8239,6,6,0.0005324027547330823,6.5599585660720034e-06,0.00012724124064748325,0.015791694114651148,0.000749652180954746,0.0020653366445030725,0.9807271131059443
1,mlp,7770,6,6,0.0006649766515108062,1.1640785581662418e-05,0.0003204102157525523,0.18962859653208092,0.0008720657605787107,0.02986099181233841,0.778641318242157
1,mlp,13351,3,3,0.0001052557285198803,5.589161608327536e-06,6.241545626878127e-05,0.5898420327918602,0.001962271573414327,0.0035560009045157315,0.4044664343838127
1,mlp,9316,6,6,0.0016876932278884838,2.6025122527595843e-05,0.0013443816951148931,0.0023198666458260396,0.0007403416547060395,0.031424717810094364,0.9624569738438427
1,mlp,454,5,5,1.169881226177008e-07,9.827172221312269e-08,1.279790960013779e-06,0.00046233885108076225,2.776222983136875e-06,0.9994778426127736,5.5547262357752495e-05
1,mlp,9732,6,6,0.037458107085619495,0.0001463826987009261,0.018092503771363497,0.0017426212572950847,0.0012598279877749881,0.04469478149917666,0.8966057757000693
1,mlp,2047,0,5,0.008294983960925408,0.00023282024987194105,0.008771727033183007,0.0025045455303139277,0.0009905054930019874,0.5483213728802826,0.4308840448524211
1,mlp,12892,3,3,4.249642163475465e-06,6.062699261593585e-07,4.769124671772208e-06,0.9410537651464794,0.0006674723535126132,0.0017326757404871108,0.056536461722759536
1,mlp,8901,6,6,0.00037349837630596403,5.547335388657895e-06,0.00035480847426357944,0.007871167926331678,0.0008876442496070759,0.0007811374316010117,0.9897261962065019
1,mlp,13127,3,3,3.0253522040779647e-05,5.017465338259232e-06,4.6472568257583016e-05,0.807670998790819,0.000990104353740167,0.05977670374623919,0.13148044955356497
1,mlp,9426,6,6,0.010620909529821124,3.2055845918718195e-05,0.0006075259731115174,0.0015570483145767738,0.0024613717271203027,0.0019351678674245935,0.982785920742027
1,mlp,5387,2,2,0.00015226735600317834,1.967021329643329e-05,0.9994843696389581,2.0102752961811155e-09,0.0003383964606240312,5.2892554252839025e-06,5.06541771123075e-09
1,mlp,6587,4,4,1.3156991551480823e-06,2.9628408716499284e-09,3.386553654323338e-05,2.735488153847095e-06,0.9998271865814182,5.525279454536877e-06,0.00012936845243396303
1,mlp,4297,2,2,0.0033324549254238616,0.00011843033309175683,0.9962635276565789,2.697245673191285e-06,0.00017625020111130881,8.570722414876831e-05,2.0932413972356536e-05
1,mlp,4842,2,2,0.05745460050176084,0.0005293061090355185,0.9414492619098778,2.953777787837393e-07,0.00017579368575351708,0.0003891588788988664,1.5835368948956596e-06
1,mlp,6356,4,4,1.395877631724475e-06,3.856003541949306e-09,1.6213862069747045e-06,3.3199419950284783e-06,0.9993925357814895,9.856974887704528e-06,0.0005912661817856617
1,mlp,7541,6,6,0.00019286193972688315,3.722863565724954e-06,3.7782505758005265e-05,0.26801063972409217,0.002204416034860279,0.0005245510695451786,0.7290260258624517
1,mlp,11743,3,3,9.646928145738545e-07,4.5936433990820096e-08,6.585513680138402e-07,0.9732703886327133,0.00034663152928183534,0.00014078205681135986,0.02624052860057694
1,mlp,2430,0,0,0.9978678370286458,3.442060689158275e-06,0.0014584215430660903,1.193614060123272e-06,0.00043181545139208706,9.858884693855271e-05,0.00013870145520821192
1,mlp,1726,5,5,0.05075950839754035,2.8043929517274525e-07,3.797571733814663e-06,0.00012794598246170652,9.986218618123825e-06,0.9447501932154768,0.004348288174874031
1,mlp,2668,0,2,0.2949476344166268,0.00045876484810696857,0.7012677267115339,5.087965083789352e-06,0.0009571430617207805,0.00223576626889263,0.0001278767280351906
1,mlp,325,5,5,2.9760406914091066e-07,1.3246907321993207e-07,8.122848159587473e-07,0.0011753036055049577,5.6122961512480525e-06,0.9987339164587127,8.392528167281728e-05
1,mlp,10976,3,3,4.468666253392415e-09,1.415339739191681e-09,1.0545867210060837e-08,0.9994528355424895,2.5803664555209863e-05,8.899640289053822e-05,0.0004323479601913153
1,mlp,9977,6,4,0.13878735821523344,3.424479381593436e-05,0.024296761095787267,0.00031471115924105184,0.44827433066236627,0.006008911725506286,0.38228368234804966
1,mlp,12747,3,3,0.00011039691166811527,3.994576217314611e-06,7.045507463683992e-05,0.6928114136119475,0.0008329057409198724,0.014634282010987973,0.2915365520736223
1,mlp,11073,3,3,2.124178723890211e-08,5.368893134341898e-09,6.945419924743242e-08,0.996530708883543,3.140883710108498e-05,0.001448395458137421,0.0019893907563386867
1,mlp,1320,5,5,7.386912123049873e-06,1.4527487653617386e-06,2.0708657630223432e-05,0.00033525831333636717,1.3481209997749121e-05,0.9990931191790824,0.0005285929790647975
1,mlp,3199,0,0,0.999662531330301,2.734985010660146e-06,0.00033006405105446835,8.53761653258545e-10,2.3315389110870913e-06,2.325668562930723e-06,1.1572398075709539e-08
1,mlp,13164,3,3,5.5668093915894263e-05,5.7238517401918955e-06,7.730766337526505e-05,0.5646527834541794,0.0011211178149305718,0.026706933589113177,0.40738046553274554
1,mlp,3065,0,2,0.2826076935298978,1.693082874247369e-05,0.600453510044054,1.824064736627508e-06,0.1167480251990184,0.0001473028196163484,2.4713513934421718e-05
1,mlp,2482,0,0,0.9711033171818729,0.00014274943111085119,0.028119937244474452,2.194370832178795e-06,0.00011074868963839742,0.00047938946914773416,4.1663612923437005e-05
1,mlp,3739,1,1,1.051413637539235e-07,0.9999981287229589,1.7655648460335788e-06,1.854821097016878e-21,3.487656197573243e-10,2.2206559133219238e-10,8.280360954850024e-26
1,mlp,5188,2,2,1.555489831789554e-05,1.1112524015015734e-06,0.9952408102868264,1.1065782299278885e-08,0.004736528859231945,5.90902145833968e-06,7.461598148969707e-08
1,mlp,2986,0,0,0.9982467639333683,1.245127743132088e-07,3.2067325721757735e-05,2.2379240232503697e-08,0.0017149803624784965,4.356829665657016e-06,1.6846567512481136e-06
1,mlp,11979,3,3,6.068902648513658e-07,6.617612172776164e-08,4.6967799621278155e-07,0.9739059366334973,0.0005106815199794232,0.00023109041516063003,0.02535114868697979
1,mlp,5946,4,4,6.947288556786553e-07,1.8279665587344797e-09,8.25920793181607e-06,8.06365814307575e-06,0.9996450329564471,1.1990898286133796e-06,0.00033674853082739224
1,mlp,12472,3,3,5.803500901625103e-06,7.679838001938403e-07,1.0988796495453348e-05,0.9322181718607119,0.0003990286109829059,0.008652345377009797,0.05871289387009802
1,mlp,4267,2,2,0.005551266014396779,2.9788243355956592e-05,0.9939638046501603,2.9542253417855925e-06,0.0002954477471802953,9.905923854328128e-05,5.7679881021767064e-05
1,mlp,400,5,5,3.940507247716166e-05,1.7585907185511082e-06,1.9315429900456732e-05,0.060234053734087044,9.731659967201148e-05,0.931052404870725,0.008555745702419645
1,mlp,593,5,5,1.5232666008037655e-06,8.440127336427265e-07,8.309425099944076e-06,0.003887416459474908,2.303420798382834e-05,0.9953693249778229,0.0007095476502840184
1,mlp,3826,1,1,2.086762372193076e-08,0.9999993379468344,6.409855722145876e-07,2.478794419718919e-23,1.6082508600086737e-10,3.914475284424806e-11,2.2695101839254083e-28
1,mlp,3047,0,0,0.9998797978913452,1.0840256302664686e-05,9.611497100844506e-05,3.767748523136474e-09,2.4564648871608824e-06,1.0693502112546227e-05,9.314659528180521e-08
1,mlp,11124,3,3,4.1140463320793173e-07,1.3176978309337738e-08,9.730757599117411e-08,0.9787168925852848,0.0004267069642094243,2.5046652426143676e-05,0.020830831908892237
1,mlp,9595,6,6,0.0041497171585645615,1.783414242763079e-05,0.005557777441767767,0.0024112034311229596,0.003382385686262523,0.0004333967054821738,0.9840476854343724
1,mlp,6926,4,4,3.0411640928906545e-07,5.958020940545728e-10,1.429024186997654e-06,1.4097467700210834e-07,0.9999125995465893,4.621608559615848e-06,8.090413377563786e-05
1,mlp,8594,6,6,0.0006370993815116662,3.641257328887212e-06,0.00031474130025202555,0.0020445175262001937,0.0006992948157556852,0.0005248326588738245,0.9957758730600776
1,mlp,11516,3,3,5.941260478576712e-09,1.7543910821860022e-09,4.568598607253233e-09,0.9992052050633965,0.0001625250143167636,1.977105523500149e-05,0.0006124866028013481
1,mlp,11819,3,3,3.81439293288738e-08,9.169018323229803e-09,1.9341139341857477e-08,0.9956647080139139,0.0016034970648377523,2.4431321406314043e-05,0.002707296945755055
1,mlp,9546,6,6,0.014976404110541217,6.829701768879058e-05,0.0032656717964369146,0.001709718721172859,0.0008848686681563975,0.020447645635176294,0.9586473940508276
1,mlp,614,5,5,2.975218809422115e-05,1.52272648379915e-06,2.4224122690502557e-05,0.016763885608718332,4.379152331011877e-05,0.976827510430288,0.006309313400414991
1,mlp,12597,3,5,5.126778466616874e-06,2.4742669982836426e-06,1.9390038372394257e-05,0.13428340262012134,0.00019265245261795621,0.8568062355925464,0.008690718250877057
1,mlp,5934,4,4,2.561217811064e-07,2.2171771497378896e-10,3.1893420794223806e-08,5.03067502958891e-06,0.9997450448323095,4.72563573981312e-07,0.00024916369216729906
1,mlp,10019,3,3,1.6677720916047227e-11,1.5895619869954474e-12,3.1444732070492353e-12,0.9999150725264703,5.7206819138073975e-05,6.889013014799045e-08,2.765174284971097e-05
1,mlp,11929,3,3,1.621393786268074e-06,1.413746299478028e-07,1.4845992731494657e-06,0.9655467674137457,0.0002966747179637297,0.00042711409505025,0.03372619640555108
1,mlp,10644,3,3,3.2544364705273655e-10,1.3849530937342408e-10,5.910921333867934e-10,0.9998874916204435,1.837257105129241e-05,1.2183810931742128e-05,8.195094254234994e-05
1,mlp,12921,3,3,1.2559595341314395e-05,1.5051616405699917e-06,2.0811442463145452e-05,0.8792588041097058,0.0010077669971554131,0.006029394108401302,0.11366915858529253
1,mlp,6625,4,4,7.521279613910713e-06,2.4888762563398958e-08,1.0115960506086865e-05,6.154778934945128e-06,0.997871880997264,6.03982873585454e-05,0.002043903807560142
1,mlp,1778,5,5,0.0009757513696313045,2.446890792988095e-05,0.0005256028406735081,0.0005254781672869736,9.96283513481076e-05,0.9856541649199996,0.012194905443130673
1,mlp,13073,3,3,1.7538623306101286e-05,1.5669485632155e-06,1.3510938329898728e-05,0.8388982365329627,0.001526507878125129,0.0010993275600101296,0.1584433115187028
1,mlp,966,5,5,1.914181655553124e-07,1.1704320638722036e-07,9.625386401128912e-07,2.6100002788675453e-05,1.2733368359207888e-06,0.9999566700003256,1.4685660037759227e-05
1,mlp,6362,4,4,3.7704406723076475e-06,7.30889130606172e-09,1.596501071726103e-06,6.402611998086722e-06,0.9980002403409792,1.568569066708194e-05,0.001972297105720094
1,mlp,5899,4,4,6.29947811997504e-07,2.3493975991040817e-09,1.1925651515898644e-06,1.214374156022876e-05,0.9995952111192697,4.022127430801236e-06,0.0003867981493780178
1,mlp,10108,3,3,1.4320312041652052e-11,7.4741614909772e-13,1.7428276292251063e-12,0.9974987071560439,0.0024620823457120124,1.1286661561047375e-07,3.9097614817987484e-05
1,mlp,691,5,5,1.6739199905752386e-06,6.545337161655966e-07,6.510709769427489e-06,0.001793000841610864,1.5010059653683803e-05,0.9976231206831029,0.0005600292521562774
1,mlp,2048,0,6,0.014755465313339806,2.672196843627537e-05,0.0035686701866960344,0.003070598616523827,0.000584443438290053,0.001198246572730762,0.9767958539039833
1,mlp,2091,0,0,0.9947706460452521,1.2059560902428232e-05,0.0012163231958770512,2.576139885343593e-05,1.9847844361771743e-05,0.002920513969711685,0.001034847985041486
1,mlp,9750,6,6,0.013321575333711623,6.456430607126661e-05,0.007968065516458999,0.0011645554341111707,0.0007688749607462525,0.011112247668510742,0.9656001167803899
1,mlp,4621,2,2,0.00024220194208663377,1.0854004034383133e-05,0.9984996605523052,1.2888194343301813e-07,0.0012141262899766424,3.073307414959007e-05,2.2952555040368453e-06
1,mlp,322,5,5,1.82421213752562e-06,1.6174534578407713e-06,9.205705932295625e-06,0.04817928734795965,0.0001000967589849361,0.9487267426316937,0.00298122588983417
1,mlp,6824,4,4,6.962504358929049e-06,1.8326854595675886e-08,3.8721284769449006e-05,2.774027549812986e-06,0.9989126712005061,3.926416895884862e-05,0.0009995884870023551
1,mlp,2818,0,0,0.999962547752613,3.5088221968173557e-06,1.4616225328369878e-05,5.325561872408485e-09,1.07696575461664e-06,1.7912234520496885e-05,3.3267402489682934e-07
1,mlp,6321,4,4,0.0001984844481283669,3.563810323801716e-07,7.796075721801544e-05,7.301458780972891e-05,0.9570029993278344,0.00021994608876804004,0.04242723840920915
1,mlp,13374,3,3,9.14669915889992e-05,8.454908861450018e-06,0.0001332506378195889,0.6446668027065765,0.0015572235837395037,0.01650183745250812,0.33704096371890596
1,mlp,1767,5,5,5.4778152578179654e-05,3.7849305605448906e-06,4.7431672007652575e-05,3.150289228296444e-05,1.3573154668433987e-05,0.9995558352326149,0.0002930939652871281
1,mlp,12000,3,3,3.3858409536893974e-07,6.845911833702453e-08,8.720167392817072e-07,0.9853494000361407,0.00011205852290246654,0.005877224151966207,0.008660038229037747
1,mlp,9749,6,6,0.005021688710783932,2.368921686485226e-05,0.0017852542998660309,0.0004458574037039598,0.0011799278269672,0.004587587901669902,0.986955994640144
1,mlp,8657,6,6,0.0035965042797656403,5.868295137273651e-05,0.0018033843989492886,0.02831735119226649,0.0008979124056306056,0.062487363752794636,0.9028388010192206
1,mlp,13523,3,6,0.00019100325912683417,2.3004185132796583e-05,0.00042780076816154803,0.4247815070789226,0.004068950705051994,0.05870987145474295,0.5117978625488613
1,mlp,9021,6,6,0.0005138013558796182,3.2641055827772602e-06,0.0006390036430478433,0.002830482231002078,0.007671205426598687,0.0008404554853629359,0.9875017877525261
1,mlp,13293,3,3,2.9382647485811787e-05,4.016228612724885e-06,4.936851973844037e-05,0.8040250182671638,0.0014168813838936654,0.011661417891180435,0.18281391506192493
1,mlp,820,5,5,5.07640044157731e-06,3.047663911182489e-07,3.659956708460471e-06,0.00022711243737872893,3.7093880560023186e-06,0.999515866459844,0.00024427059118012145
1,mlp,9814,6,6,0.0060153741100829935,1.0458861545559738e-05,0.013160073257756276,0.0010323420576893478,0.015065269597537071,0.0003958871820959191,0.9643205949332928
1,mlp,1648,5,5,2.4845127296194246e-05,3.8034335287389587e-06,2.263376975015692e-05,7.464474387715081e-05,2.5181838370171437e-05,0.9995728732562729,0.0002760178309047837
1,mlp,6604,4,4,5.487080715877862e-07,9.370686152035819e-10,5.868092813919095e-07,6.201533982249493e-07,0.9997174312077683,6.920663381171788e-06,0.0002738915210306662
1,mlp,5794,4,4,1.3798870583480515e-07,1.9783779022623122e-10,1.9078361902692494e-07,3.291493531974178e-06,0.9999537443779041,2.0694316815101274e-07,4.2428215233154285e-05
1,mlp,4757,2,2,0.007163668002835927,3.534194638997207e-05,0.9926396888580756,2.426608243134052e-07,0.00012257435893311462,3.675304685114265e-05,1.7311260899150926e-06
1,mlp,10868,3,3,1.5729206504037586e-07,9.600390500709129e-09,2.697410716315946e-07,0.9950485464952519,3.1902669394869356e-05,0.001039878808014148,0.003879235393812169
1,mlp,11626,3,3,1.3827617021774871e-07,6.843651220264065e-08,3.8000075201705373e-07,0.9918832814609236,0.00010388611584309182,0.0063168562079594336,0.0016953895018393024
1,mlp,4213,2,2,0.00015219738726379782,9.88685681353205e-07,0.9937363842114877,1.6479787160267533e-06,0.005988665646799765,3.271826531507539e-05,8.739782473604126e-05
1,mlp,8123,6,6,0.0001487077252051282,5.253403604728649e-06,3.401124175808806e-05,0.09776439455299517,0.030886037407104633,0.002325139425890366,0.8688364562434419
1,mlp,3724,1,1,3.5530409734724216e-07,0.9999990903138922,5.540334544547479e-07,5.496373144453969e-22,6.747635670491653e-11,2.8107947095635225e-10,7.578277082443067e-26
1,mlp,3827,1,1,1.891334735995202e-08,0.999999880970742,1.0007207976956414e-07,2.7516465043027675e-24,2.803252590157774e-11,1.5798543049436816e-11,6.586572351777304e-29
1,mlp,13542,3,6,0.00020470002012991026,5.701740716427089e-06,0.00019771128934910863,0.08470236200109556,0.0029350141475444607,0.002616065338098968,0.9093384454630656
1,mlp,461,5,5,1.668026546312782e-08,7.922523602391863e-09,1.4194795939124513e-07,5.247810062890466e-06,8.133635174676517e-08,0.9999919535001756,2.5508026613322517e-06
1,mlp,2883,0,2,0.15431167830623482,0.0033596503892753026,0.8412949022207885,3.0996071108855887e-06,0.0003629687973509237,0.0006547556653485423,1.2945013891184556e-05
1,mlp,3374,1,1,3.590555089912364e-05,0.6044058402210666,0.39550612403218216,5.525825051002929e-13,5.1473000915850945e-05,6.571943826340148e-07,1.242834968813832e-15
1,mlp,12933,3,3,2.974586372740143e-05,1.810361717895736e-06,2.897293794966765e-05,0.8215353332397315,0.0011171327867911247,0.0023802900770456886,0.17490671473303662
1,mlp,2289,0,0,0.9174413440936665,0.00010134065730201348,0.07402226176841104,4.687179479847582e-05,0.0014333207183836929,0.0014251440765435208,0.0055297168908946
1,mlp,48,5,5,1.3492381880735127e-06,2.068828737529782e-08,5.356696988898721e-07,0.004077444464765953,1.4619257423102082e-06,0.9956472471329562,0.00027194088036140425
1,mlp,9050,6,6,0.0010719150752921376,6.250840124794525e-06,0.0003788049109556076,0.0026679086647589294,0.0031242386466212254,0.000297112054092042,0.9924537698081551
1,mlp,5751,4,4,1.8290383780462182e-05,8.06860495247571e-08,6.211940745160959e-06,0.0012791658625336746,0.9826776881675113,2.8864663521685018e-05,0.015989698295858414
1,mlp,10039,3,3,2.3376600840634152e-11,3.127208581073568e-12,1.8200576418521494e-11,0.999992701321807,3.1842482459087295e-06,2.414569785792927e-07,3.8729282639359455e-06
1,mlp,3618,1,1,1.0429842056104278e-06,0.9999845276704735,1.4422156266060865e-05,8.209036690225421e-20,6.192707099089394e-09,9.963478716016998e-10,1.390856371257193e-23
1,mlp,4812,2,2,6.216680569715121e-05,4.066726317644963e-06,0.9994659667769746,9.251137591092277e-08,0.0004604764885745545,6.443895717102865e-06,7.867953432206695e-07
1,mlp,7509,6,3,0.00010103906726992226,4.790800867730773e-06,7.630172117475301e-05,0.5777370162805926,0.0011744488979380505,0.0051201348896490724,0.41578626834250804
1,mlp,11846,3,3,1.753418949862382e-07,5.615706413990593e-08,4.6014417371360576e-07,0.9941302802664869,0.00010357216397870714,0.0021860276383040902,0.003579428288097334
1,mlp,1102,5,5,1.7750786684941483e-06,1.1780360962690808e-06,1.3234913282042119e-05,0.0008373198930065386,1.743027827356255e-05,0.9988368809595631,0.0002921808411099777
1,mlp,3210,0,0,0.9795609760800353,0.011588726744002341,0.008570862233281672,2.074607108466501e-08,6.115570503973572e-05,0.00021819816087353608,6.033069642340837e-08
1,mlp,6052,4,4,1.802887571383703e-05,1.878558658940095e-08,0.00016383216095819912,2.6484523277497026e-05,0.9940309379461711,9.46022099512826e-06,0.005751237487297607
1,mlp,7235,4,4,2.9651972171574782e-06,3.856804853390464e-09,8.184844625720184e-05,2.0179693907384953e-07,0.9998584403293344,1.2073325804800578e-05,4.446704764243002e-05
1,mlp,6582,4,4,4.631815966242684e-06,1.1748334656346084e-08,0.0012418990113883927,4.112818802290526e-06,0.9974159590972168,1.255537582357119e-05,0.0013208301324678497
1,mlp,8180,6,6,0.0002557406416969994,7.196357075656617e-06,0.00025397638352133995,0.09193147385632545,0.001559574675463628,0.001857828764453766,0.9041342093214632
1,mlp,6677,4,4,0.00027255197323617205,4.0870872871274736e-07,0.0006833459450121687,3.819617009332259e-05,0.9695450814369362,0.0002841359071182078,0.02917627985887531
1,mlp,10286,3,3,7.239558365000452e-11,4.180843014701652e-11,2.642837129071112e-10,0.9999492493239264,6.609738001137715e-06,1.857643991126176e-05,2.556411967341835e-05
1,mlp,9117,6,6,0.002627784289149717,3.894008553908646e-05,0.0015701555037072777,0.003902712955832491,0.0006663536226559049,0.04084633230158607,0.9503477212415296
1,mlp,11079,3,3,6.072649950489628e-09,1.216055703462585e-09,2.283808897758933e-09,0.9980688857249919,0.000282484446486062,1.1350024873381566e-05,0.0016372702311341593
1,mlp,4451,2,2,0.0002897842170797477,7.462411105695045e-07,0.9731005734314762,7.689217474714117e-07,0.026557139530306535,2.683203985824432e-05,2.4155618421245062e-05
1,mlp,851,5,5,1.1256707014041663e-05,3.2205447473468253e-07,5.7292462272759915e-06,0.00044465316816843955,4.558077428490689e-06,0.9986685861823272,0.0008648945643598017
1,mlp,8076,6,6,0.0013588180484084434,1.3864557168916622e-05,0.000439438804879016,0.05412890538195477,0.0009260773324776126,0.0032337483170963364,0.9398991475580148
1,mlp,154,5,5,2.142163054606965e-07,7.079938620677499e-08,5.381799084493816e-07,0.0018085034806115164,3.7493247673992367e-06,0.9981060467417431,8.087725727796344e-05
1,mlp,12327,3,3,5.108622864868261e-08,2.516543957022436e-08,1.7842445108171068e-07,0.99372131207961,0.00022650494072547244,0.0015766371374403214,0.004475291166104989
1,mlp,2428,0,0,0.999989072613786,1.8939745785045602e-07,4.137083105917949e-06,1.0838022186755574e-08,6.708515000099352e-07,5.314376588867368e-06,6.048395393154318e-07
1,mlp,10274,3,3,1.5128724747017377e-07,1.1128203025762087e-09,6.591583387795846e-08,0.9944719055185698,1.5411059153079626e-05,0.003045579179490379,0.0024668859268853105
1,mlp,12456,3,3,1.1948972639959037e-05,5.892001829365981e-07,6.289205205555401e-06,0.8782659764320448,0.0016611355191047126,0.00029281048682162225,0.11976125018400054
1,mlp,7626,6,3,4.005575759960345e-05,2.4494141557938956e-06,3.67107477967402e-05,0.6791144582917417,0.0042344192168627835,0.001214173193837644,0.31535773337800577
1,mlp,6921,4,4,3.276719159764015e-08,9.793179275492544e-12,2.5191386718993307e-08,1.019482202664099e-08,0.999995663404358,5.4482645246514495e-08,4.21394980340466e-06
1,mlp,5192,2,2,0.0018779930737263754,4.017173055532302e-05,0.9978391221437756,1.1971992262771104e-08,0.00019991706857644205,4.2710019790266644e-05,7.399158382346919e-08
1,mlp,4168,2,2,0.004385071431940739,8.356560970105636e-06,0.9896163789601276,6.607188584510131e-06,0.005339460543151568,0.0001432357928351713,0.000500889522390203
1,mlp,2224,0,0,0.9976651397152274,1.0990290365321161e-05,0.0018263889354045784,3.6049443643023094e-06,9.557233715920531e-05,0.00017979283846150055,0.00021851093901799942
1,mlp,1209,5,5,4.037975878162504e-05,1.2943112050727368e-05,0.00013061684734504654,0.014308951752266154,0.00021600799436842136,0.9698278230318277,0.015463277503360425
1,mlp,13234,3,6,0.00016033938622563997,9.031663511212979e-06,0.00014195677213474356,0.48084997776002136,0.0012003937700492788,0.010268384181950287,0.5073699164661075
1,mlp,11177,3,3,9.569682710292323e-09,1.1468567752003313e-09,2.5112750101551157e-09,0.9953380277372423,0.002952984102269949,1.0980684450924841e-05,0.0016979942482222554
1,mlp,22,5,5,2.1601494622730153e-05,3.2857753929621663e-08,1.0416582959669518e-06,0.0064255717208725315,1.5568523715464654e-06,0.9924257318005245,0.0011244636155587605
1,mlp,4789,2,2,0.2665552253006963,0.0004175189432378413,0.7322792139224765,2.6802907013807533e-07,0.0004947328485700678,0.0002503437172675625,2.6972386815155223e-06
1,mlp,8855,6,5,0.0004406027522404998,8.207149495045265e-05,0.0018496415131108008,0.024236146676673592,0.0014722643769859145,0.7721851750734224,0.19973409811261622
1,mlp,12148,3,3,5.307954182711598e-07,5.248000911135337e-08,5.572532272650301e-07,0.9824979771274348,0.00023264305083128147,0.00029021318582113755,0.016978026107258078
1,mlp,5308,2,2,0.013851256650767071,0.00044143267856109486,0.9855099240614414,1.294810201140785e-08,0.00010915525926966155,8.818328316888906e-05,3.5118689537236624e-08
1,mlp,11984,3,3,1.396605736580072e-07,4.1240221086984525e-08,2.8521797993233487e-07,0.9954134159377703,0.00016696694426157667,0.00048095529144120616,0.003938195707751971
1,mlp,9159,6,6,0.0010199071317127325,8.782945278088643e-06,0.0002597996281049371,0.0015748104259272458,0.0005549488549756442,0.001023952327147724,0.9955577986868536
1,mlp,3192,0,0,0.9925882262572381,0.004885243965778978,0.0023537021854395583,1.28223861921343e-08,3.408927357769685e-05,0.0001386670789429519,5.841663632102302e-08
1,mlp,2511,0,0,0.9999460041218988,2.7043828824453185e-08,3.610308991246633e-06,2.4548676697912082e-08,4.503931226433951e-05,3.0334497443100205e-06,2.261214595604575e-06
1,mlp,5248,2,2,0.003699260922160383,0.00022307985541533307,0.9953334783258173,2.4471383711830935e-08,0.0004940822137799492,0.0002499124724535894,1.617389899286753e-07
1,mlp,11121,3,3,4.0752447564566425e-08,5.8657183432763515e-09,6.623960965775764e-08,0.9980588618840944,5.1101732701392605e-05,9.669545467224443e-05,0.0017932280707562672
1,mlp,6194,4,4,6.022460965000479e-07,2.1218138405388088e-09,9.315336525052292e-06,7.320493033396896e-06,0.9998289375179908,4.1758274622936144e-06,0.00014964645707809168
1,mlp,9148,6,6,0.0026743444548829234,3.54432355604186e-05,0.0023555249276770536,0.00664178354214672,0.0006407230819210824,0.022055442101602162,0.9655967386562097
1,mlp,9540,6,6,0.0003060573006039049,4.91621878541428e-06,0.00065102836039418,0.0007528038384857204,0.003425486239026675,0.0027896147131825405,0.9920700933295216
1,mlp,5697,4,4,2.3899854148941096e-06,1.5959585663645346e-08,6.170952645066548e-07,0.001872441781778303,0.9883312809153303,4.1915958219541516e-05,0.009751338304406785
1,mlp,1729,5,5,7.503315842322277e-06,1.4273982931900652e-06,1.565455325364907e-05,1.0845547276098375e-05,4.663947436963544e-06,0.9998984597415442,6.144549635358332e-05
1,mlp,712,5,5,0.011203962893546394,3.335928327052359e-06,0.0001942135626902274,0.052555732075603497,8.515072332290085e-05,0.8847577709006841,0.051199833915825846
1,mlp,10221,3,3,5.175999880040942e-10,2.375101730248935e-11,7.518160995362071e-11,0.9953966528737039,0.004275030353223003,4.24893083183662e-07,0.00032789126345726444
1,mlp,9893,6,6,0.0006939356165204705,2.7630061660239725e-06,0.0016022100856988453,0.0007483291969287711,0.12858159405538916,0.0006895253721060169,0.8676816426671907
1,mlp,12820,3,3,6.971818719357206e-07,1.3694110202964762e-07,4.7073626298524e-07,0.9563466310890506,0.007747742597477485,0.0006730132349251161,0.03523130821930994
1,mlp,1236,5,5,2.4693863409562422e-05,2.5335190998334587e-06,2.7159451727286215e-05,0.0012172204599894443,3.259493424906249e-05,0.9974090169149198,0.0012867808566050475
1,mlp,7995,6,6,0.0007705233416121162,2.8875891412649057e-06,0.00017893575223589192,0.05033252491088961,0.41215198681802895,0.00033997163551142826,0.5362231699525808
1,mlp,12445,3,3,1.3632134562627094e-06,1.743190146327281e-07,5.007428627381812e-07,0.9115613708075713,0.0027039159686254475,0.00017692009730423943,0.08555575485116526
1,mlp,988,5,5,4.0508658370477946e-05,1.6121746374899586e-06,2.393688431570835e-05,0.0030657282149503867,2.6115829729650922e-05,0.9936376746819082,0.003204423556088142
1,mlp,4182,2,2,0.0002680464716638505,1.0494177242803198e-05,0.9987656746246899,1.1852594587859778e-06,0.0009028447508268084,2.8391151645054847e-05,2.336356447276257e-05
1,mlp,6566,4,4,1.3366376485609624e-05,2.8351132278900156e-08,4.4360325623060425e-05,8.64643368510851e-06,0.9910228675887454,5.910579738911614e-05,0.008851625126939414
1,mlp,11623,3,3,1.0202045794888134e-08,2.6819307599285193e-09,5.788906107911461e-09,0.9975913098183397,0.0008709630653233429,2.7218585644671416e-05,0.0015104898578096374
1,mlp,2672,0,0,0.9999916664241966,2.805563788975693e-07,4.307927661291904e-06,3.3339775932842817e-09,4.809550692852479e-07,2.963864059225274e-06,2.969386571316038e-07
1,mlp,4983,2,2,0.0007901444533080876,1.8432426131309627e-05,0.9990851258510318,7.231190172299664e-08,9.62903340888367e-05,9.613262152639771e-06,3.213613855200251e-07
1,mlp,5100,2,2,0.003791934613757383,3.3866100561975296e-05,0.9959557777888954,2.964267532526767e-08,0.00019776014929647392,2.0480792174067646e-05,1.5091263940951193e-07
1,mlp,7702,6,3,9.222035774068746e-05,5.630636681370684e-06,0.00010995629168891176,0.5105003112471628,0.0013431349199601245,0.005910014028964011,0.48203873251780227
1,mlp,5592,4,4,9.997325030745683e-06,6.628986808372128e-08,3.884013269298765e-06,0.030878088885264342,0.9458369916837343,3.152227402825444e-05,0.023239449528804943
1,mlp,376,5,5,1.2888074441908447e-05,1.6267419289954379e-06,1.3687848388490675e-05,0.06699309098724607,0.00011238009005129374,0.9274654926428575,0.005400833615085793
1,mlp,10670,3,3,3.0488271752212907e-09,5.486182854818597e-10,2.889853520339289e-09,0.9997569922765217,3.362817499482703e-05,6.052673734013487e-06,0.00020332038745047074
1,mlp,2080,0,5,0.021894390232399957,0.000484990980727484,0.03354455663597442,0.0015780175916777722,0.0013878106153799492,0.6663326975950498,0.2747775363487906
1,mlp,12466,3,3,1.1263476082499957e-06,1.4437056435196696e-07,9.7638413623674e-07,0.9828532664143695,0.0004856980510052409,0.00020683636234561758,0.016451952069970716
1,mlp,11957,3,3,3.853352776722095e-08,1.7171651804921514e-08,1.1790609530657025e-07,0.9980797309101701,0.0001371675642130972,0.0004918353163374351,0.0012910925980047028
1,mlp,8190,6,6,0.0006555198692513323,9.361695899614115e-06,0.00023949690092122753,0.03086793093688236,0.0006294181198676994,0.006615270936507632,0.9609830015406701
1,mlp,4902,2,2,9.799864167391773e-05,9.407166059748885e-06,0.999776436097431,6.595053342050931e-08,0.00011225943802319603,3.5862805225014386e-06,2.464257562774465e-07
1,mlp,13494,3,6,0.0001258809577118935,5.303656195971333e-06,0.00013430858781586844,0.1847146727898514,0.0055714765635641265,0.0030632145246890373,0.8063851429201717
1,mlp,10671,3,3,2.827820764371309e-09,4.396160762884196e-10,1.86601845760985e-09,0.9995856507998133,0.0001814371965409456,2.193921619413308e-06,0.00023071294857126428
1,mlp,3531,1,1,8.510332523285459e-06,0.9999344827913403,5.698946303533161e-05,8.59109111817605e-19,9.037683690896066e-09,8.375417350165446e-09,5.485005577943519e-22
1,mlp,10354,3,3,1.3361223719893055e-08,2.75547886878295e-09,6.119901273346315e-08,0.8171981538136882,1.0050658080756235e-05,0.18255573263479963,0.0002359855777162515
1,mlp,9191,6,6,0.0005325650353025209,8.620516503999435e-06,0.0009000841072832674,0.0031371291029168194,0.000850029420076543,0.006586014702205228,0.9879855571157117
1,mlp,7631,6,6,0.00015428449531387133,4.493054556852509e-06,7.774943300082415e-05,0.1908055141544968,0.0015490748420687634,0.0007011976864043838,0.8067076863341586
1,mlp,11102,3,3,1.297521583027232e-07,8.437708347125795e-09,1.8679455985549133e-07,0.9964046913085464,3.916030858744855e-05,0.00021098426143697162,0.003344839137002687
1,mlp,8473,6,6,0.0017280076114707806,1.5036645598113653e-05,0.0007304663899518763,0.028646187800531995,0.0035254874160487236,0.001649537520881072,0.9637052766155175
1,mlp,1640,5,5,8.506117230256919e-07,1.090171860980144e-07,1.356991291567505e-06,3.243490984841619e-07,1.7342386303102955e-07,0.9999944997737076,2.6858331303010536e-06
1,mlp,1699,5,6,0.029302475417311992,0.00011243050562323297,0.0026711219510584493,0.019313157001507788,0.0015535982576888874,0.07996719349974325,0.8670800233670664
1,mlp,11290,3,3,1.1816148006607814e-08,3.560633963223411e-09,1.9802682815165268e-08,0.9992492206317847,6.710319228102605e-05,5.6836994703246816e-05,0.0006268040017661607
1,mlp,2012,5,5,0.0009637502784713597,0.00011992306956010426,0.0021442419113200358,1.5716946302687357e-05,9.859898259536311e-05,0.9959414348641217,0.0007163339476286893
1,mlp,996,5,5,1.3635731024906508e-05,4.207137178745306e-07,7.010607972648256e-06,0.0002802933880539174,4.135333580378761e-06,0.9991724877365642,0.0005220164890862688
1,mlp,9720,6,6,0.00282777941325408,7.979169670183888e-06,0.004208220682238745,0.0007046952862734425,0.0017019434921211026,0.0003264618907008553,0.9902229200657416
1,mlp,6695,4,4,3.704680683189949e-08,4.001690479699742e-11,2.240277113011678e-07,4.263999748447697e-08,0.999986488881322,3.0607794078045324e-07,1.2901286204510643e-05
1,mlp,6693,4,4,0.001628892412282049,3.25345276237686e-07,0.0016578829646281042,2.2061564271132167e-05,0.9921427414040166,0.00012859247894183863,0.004419503830583947
1,mlp,10661,3,3,1.9599020045073874e-09,2.689848243056529e-10,2.6434286488647337e-10,0.9986093367653394,0.0009175546684745652,1.592352322584147e-06,0.00047151372063385045
1,mlp,7452,6,4,1.3222612760676064e-05,7.94140591206249e-08,8.884800544102874e-06,0.09475662765682649,0.6011527449181998,4.452861987350102e-05,0.30402391197773637
1,mlp,5228,2,2,0.00016074232455168353,8.654457970181093e-06,0.9996994940196434,1.2848070460302846e-08,0.00012794180174844198,3.119917410619384e-06,3.4630605398457954e-08
1,mlp,12405,3,3,3.834840861211944e-06,6.015081846662125e-07,7.190225223504805e-06,0.9467899161747695,0.00025861598946336196,0.033792112468075834,0.0191477287934216
1,mlp,529,5,5,3.3128470087640436e-08,1.1621414430291028e-08,1.5541418301799905e-07,5.333071915955905e-06,1.0616210068306055e-07,0.9999915021712401,2.8584306755252113e-06
1,mlp,1943,5,5,0.00023792020220780803,6.5669528654505305e-06,0.00016830695368307363,5.854991878158678e-06,7.029470519910156e-06,0.9993736159469144,0.00020070548193117766
1,mlp,8378,6,6,0.0004883537293566545,6.905434210431601e-06,0.00020550074428788667,0.010253503030570594,0.0010722791464801555,0.001678320122027217,0.986295137793067
1,mlp,9444,6,6,0.005259751259756771,1.579276621946899e-05,0.0016882646775746365,0.001082430649250709,0.0003136189102043314,0.000705383685451448,0.9909347580515427
1,mlp,11585,3,3,2.220370525912851e-07,1.8935646629185332e-08,1.5912946982055848e-07,0.9933989169697435,0.0005257532417338973,3.8190473986938734e-05,0.006036739212366731
1,mlp,6245,4,4,5.486016322349251e-07,1.2935326890399289e-10,2.7291442571937022e-06,3.664226357954044e-07,0.9999749902456461,9.140835739484506e-08,2.127404811816313e-05
1,mlp,3666,1,1,8.243261021235746e-08,0.999883108521532,0.00011680549424271016,6.87109829652711e-19,2.517792595410801e-09,1.0338225070941334e-09,1.1413771824119658e-23
1,mlp,809,5,5,3.819323162799377e-05,1.1816471404459797e-06,1.953596899627806e-05,0.0032126919592938685,1.8722403402903517e-05,0.993669058710111,0.003040616079427499
1,mlp,7753,6,6,9.439726856507598e-05,5.065115194369397e-06,5.854260248107883e-05,0.3342655669539802,0.0030401391617988697,0.0013763059409911012,0.6611599829569894
1,mlp,2256,0,0,0.9999866076847668,1.0585401636878917e-07,2.9263656540292234e-07,7.735533726727429e-09,8.685240244168522e-07,1.1558280685579194e-05,5.592844079425137e-07
1,mlp,8618,6,6,0.0004174215432782725,3.124684428709393e-06,4.333662624724191e-05,0.005959974096033845,0.031232478611108,0.0006591269111728585,0.9616845375277311
1,mlp,13484,3,6,0.0002220452849495235,8.959651310126896e-06,0.0002424802020830749,0.1575438793657264,0.0019090446090454791,0.004222739578729459,0.835850851308156
1,mlp,2710,0,0,0.7026747562927984,0.00027867463278137474,0.29603264342072044,4.2361722064231535e-06,0.00032369355870052313,0.000617921687861609,6.807423493133538e-05
1,mlp,4364,2,2,0.0062379668740221135,6.975044933392647e-06,0.9122476559931021,3.0048101955315177e-06,0.08066546200605237,0.0005841033392757578,0.00025483193241880234
1,mlp,4501,2,2,9.71067681606003e-06,2.5930517011760344e-06,0.99942906469121,1.3148290084397515e-07,0.0005507784418538441,6.778456326913108e-06,9.431991911303227e-07
1,mlp,326,5,5,1.9163142282343504e-06,4.3650267705090736e-07,4.982159408513576e-06,0.010733441104584905,2.1032063049886775e-05,0.9883057781200999,0.0009324137359514416
1,mlp,5807,4,4,1.0079783047281198e-05,1.3991140913133887e-08,1.0723404861088475e-05,8.274743379339538e-05,0.9597310837885068,1.391092473314134e-05,0.04015144067391719
1,mlp,5057,2,2,0.00020191053272783003,1.2306715378351616e-05,0.998437042566761,7.415219204209989e-08,0.0013251918569748534,2.2719655849119822e-05,7.545201166862434e-07
1,mlp,8975,6,4,0.0005068658493204617,1.6800320663881629e-06,4.8602029862182686e-05,0.00473652595151868,0.6722146669751285,0.00032727265003875425,0.322164386512065
1,mlp,12724,3,3,1.5683807229073945e-06,2.9089129600508444e-07,1.069979130495119e-06,0.9354049515970344,0.0021439743814133504,0.0006312043716222622,0.06181694039878049
1,mlp,7898,6,6,0.0001871167437754162,9.924098266516394e-06,0.00017197521625583257,0.28653682286628007,0.0012465995646922963,0.02107886980228549,0.6907686917084443
1,mlp,9269,6,6,0.0005366333945027058,3.3190261322698137e-06,0.0013115626916340572,0.0020899971404802985,0.01818444195131547,0.000583356022678053,0.9772906897732571
1,mlp,7481,6,6,0.0001391743866209445,2.5341983066198496e-06,7.584639895085745e-05,0.48135636056395464,0.0006076457936385015,0.004663907240809462,0.5131545314177189
1,mlp,11749,3,3,2.697619931793613e-07,2.996397090782583e-08,2.5620901799909857e-07,0.9912101713904001,0.0003259581417309736,9.870423908651846e-05,0.008364610293800279
1,mlp,13122,3,3,9.775431337635543e-06,1.3064678907338608e-06,1.7448101124370043e-05,0.8814117310266723,0.0015835445327169973,0.003242145685702839,0.11373404875455527
1,mlp,12829,3,3,2.924899425960077e-07,7.261611972202452e-08,1.8708157558860717e-07,0.9842679250447611,0.004903392233088377,0.00031929590179368393,0.010508834632718842
1,mlp,9132,6,6,0.006016517058813481,3.0654490027495566e-05,0.0016349938305427042,0.0030904874403414996,0.0005543553759816047,0.004423349105791728,0.9842496426985016
1,mlp,6400,4,4,1.5320568721488312e-05,1.3390437575721918e-08,0.0001885934318443382,5.768900685894772e-06,0.9982929056549529,1.1061239039548582e-05,0.0014863368143181446
1,mlp,352,5,5,1.8364219435172788e-07,1.0527805187334815e-07,7.344504300954115e-07,0.0005817526273119641,3.6530812434941718e-06,0.9993591168554411,5.445406532698665e-05
1,mlp,4360,2,2,0.004197273157206301,2.690950622471058e-05,0.9945064170530581,8.893215319893927e-07,0.0011241130912884153,0.00010513611465907271,3.9261756031569274e-05
1,mlp,12604,3,3,2.364662753388773e-06,3.0276057991113024e-07,2.9070383866089803e-06,0.9630725417276959,0.0005582601014527661,0.0007309397997442755,0.03563268390938744
1,mlp,7628,6,5,0.0004243359373383088,3.040560890759225e-05,0.00030585227083705077,0.1470874324224171,0.0008019528877097278,0.7254184575624559,0.12593156331033437
1,mlp,4561,2,2,0.00011242779492693846,1.191647755843036e-06,0.9987786489525093,2.488515388337504e-07,0.001091024396903723,1.1828144254718011e-05,4.630212110652834e-06
1,mlp,1315,5,5,0.0002518421678568186,4.978424730077957e-05,0.0005301273127474609,0.1792943353037686,0.0013797138048011579,0.6988178358041603,0.11967636135936498
1,mlp,2537,0,0,0.9999129965801951,7.390150265821831e-07,7.902868582408551e-07,3.2546680667736525e-09,2.256628500847821e-07,8.48949604394901e-05,3.5023996249109886e-07
1,mlp,140,5,5,4.350828779701024e-08,2.2499993481946174e-08,2.044662472332486e-07,0.00022964125528714252,7.924805896338041e-07,0.9997501871848209,1.9108604773747277e-05
1,mlp,7054,4,4,0.00024243943471677386,1.148932702840442e-07,0.007481507142815662,5.673801576786514e-06,0.9916208127869984,9.203519793838002e-05,0.0005574167426838004
1,mlp,9636,6,6,0.012910716948423266,3.7577895309054036e-05,0.005486014330132377,0.0008788855237911929,0.0006613395989318285,0.006425211909217283,0.9736002537941949
1,mlp,11377,3,3,8.013404057084798e-09,2.138199286026447e-09,7.984022485573202e-09,0.9993118578723719,0.00012987656878576189,2.0388135572032975e-05,0.0005378592876445035
1,mlp,10943,3,3,2.8260294491144414e-09,1.38469202283223e-09,9.303829732145956e-09,0.9995639000611711,2.4058518560804237e-05,0.00019460511030488628,0.00021742279541203896
1,mlp,5072,2,2,0.014179631108529113,8.39188202919756e-05,0.9853764492368237,1.0993887803684831e-07,0.0003258214704527707,3.353891713515348e-05,5.305078892544517e-07
1,mlp,8026,6,6,0.00020226476033799822,3.167966179087743e-06,5.606723433865979e-05,0.01934774653518217,0.0019686178094653183,0.00018468645461363925,0.9782374492398831
1,mlp,8646,6,6,0.0006719164459186419,1.3165235700118813e-05,0.0006909993569988311,0.028023611476090237,0.0009705466951863796,0.004989447131197508,0.9646403136589082
1,mlp,7434,6,3,2.0687309954385214e-05,1.105964242714662e-06,1.0362918083506708e-05,0.5171679592438329,0.008081126241144427,0.0005361750541302783,0.47418258326861196
1,mlp,869,5,5,7.814336204121492e-06,1.163329133536331e-07,3.422344609854406e-06,6.534518028652961e-05,8.287464340771791e-07,0.999759877692458,0.00016259536709392782
1,mlp,7340,4,2,0.10850772905753718,6.4932526433519104e-06,0.8399582045664313,6.443416069217961e-06,0.05128498313945118,9.072992381901507e-05,0.00014541664404851669
1,mlp,13150,3,3,4.53244053332143e-06,7.568365364013948e-07,2.227984371020532e-06,0.8890802234936148,0.014792910693377634,0.001157019346086853,0.09496232920547998
1,mlp,9911,6,6,0.2860627208159694,0.00011160280328844605,0.16763531485066255,0.0011739810491365995,0.0548680166553482,0.003149402817300126,0.48699896100829476
1,mlp,9951,6,6,0.09607813406667776,0.00030825222065472454,0.10763290590779558,0.0010809980293802783,0.0019319636068883417,0.07982503143592058,0.7131427147326826
1,mlp,955,5,5,8.53482628406382e-07,1.5980982852071997e-07,2.56844257315819e-06,9.304837386104352e-05,1.7744280915067695e-06,0.9998210496828451,8.054578017207776e-05
1,mlp,5525,4,3,2.2718849147769125e-06,9.974939048576092e-08,3.2307921405514763e-07,0.5960504126197194,0.3722747095104985,0.00014673849432262373,0.03152544466194021
1,mlp,12632,3,3,6.57120435742614e-06,4.5240234382732146e-07,5.040723014779789e-06,0.8618253152153094,0.0007777722705174571,0.0013565068498557237,0.1360283413346015
1,mlp,4340,2,2,0.4815769379670643,0.00010533713796852266,0.5163365691796925,1.3615219119031819e-06,0.0010799684871096382,0.0008504863117277088,4.933939452543106e-05
1,mlp,6073,4,4,8.085753770527575e-08,8.456348715944458e-11,2.9583138279498915e-08,7.761498215760118e-07,0.9999108255103658,3.9522005225087437e-07,8.789259452088759e-05
1,mlp,6416,4,4,9.905259734451092e-07,3.181083083406698e-09,2.473854322130167e-06,2.6123526179795014e-06,0.9995340774701916,8.387984746105876e-06,0.00045145463106563595
1,mlp,1150,5,5,1.1728827381006882e-06,8.777923125354522e-07,8.892445067733397e-06,0.0003398979697266048,1.0876489438130187e-05,0.9994625608690005,0.00017572155171630927
1,mlp,10815,3,3,9.855575701906796e-09,4.908203298556598e-10,9.788773093128605e-10,0.9854860610401981,0.011725709439524005,4.040156707793712e-06,0.0027841780382966133
1,mlp,10655,3,3,1.0844052523819682e-09,2.1661311847843446e-10,3.9010011727873263e-10,0.9992182878316219,0.000352463131510677,3.5435151812919896e-06,0.00042570383056758616
1,mlp,8289,6,6,0.0015331322373164432,1.464441555134442e-05,0.0005076334913620574,0.0445760786685516,0.0006512912449902935,0.005284539068624448,0.9474326808736037
1,mlp,10909,3,3,4.267799839935952e-09,8.513721422068009e-10,2.1734590001077276e-09,0.9985262276219685,0.00024299123947797339,1.0941719280359812e-05,0.001219832126641948
1,mlp,11461,3,3,3.14075006396455e-08,4.140939776337274e-09,4.051790130603594e-09,0.9926233965707374,0.0044788999316275465,9.87304056821819e-06,0.0028877908568363643
1,mlp,5187,2,2,0.00012566341990019348,1.7561750117358263e-05,0.9997198748513153,2.404904740526004e-08,0.00013143883164031344,5.359933881490508e-06,7.716409780574068e-08
1,mlp,1013,5,5,6.211245624077375e-08,4.240819970800143e-08,9.213728204852174e-07,8.104226331920837e-06,3.326666230897597e-07,0.999984024412398,6.512801170523927e-06
1,mlp,8798,6,6,0.001389867843276247,6.487781803336953e-06,0.0004848842353497196,0.004294678817901375,0.000540450548581603,0.0001866459669785407,0.9930969848061091
1,mlp,7125,4,4,2.757852818870136e-06,4.608675627789521e-09,3.5205311406364554e-05,2.1517624596573629e-07,0.999663581655822,2.7143399379741637e-05,0.0002710919956513863
1,mlp,7505,6,3,5.8406849103173036e-05,2.337837630566025e-06,3.060074085136309e-05,0.5064699125311277,0.006871877193900211,0.0006850746935579743,0.485881790153829
1,mlp,4906,2,2,0.011666021548270239,5.3530878025299904e-05,0.9879789748148388,2.0799924365372305e-07,0.00027988969749707617,2.032709965510183e-05,1.0479624697225757e-06
1,mlp,1067,5,5,0.0001811824653017591,1.5987892220387745e-05,0.00020103534250566398,0.19352465404892275,0.0006350688594556353,0.7273444809253936,0.07809759046620014
1,mlp,9245,6,6,0.0012712676710052088,7.995819209208428e-06,0.0003717088706560445,0.0016182103073122752,0.0020003124593293386,0.0008106603243727562,0.9939198445481152
1,mlp,7457,6,3,0.023324450864463046,6.2495698924987905e-06,0.00044203319600081035,0.7547836703379986,0.0011363417757387006,0.07296086972956985,0.14734638452633655
1,mlp,2464,0,0,0.9674280045753065,7.742535923780586e-05,0.03206801825253333,2.1128550026037593e-06,0.0001943875019845711,0.00017374215855463685,5.6309297380533304e-05
1,mlp,2978,0,0,0.9998975457321219,1.2822981289318324e-05,2.5638928285214186e-06,1.1579913273825437e-09,1.0085942760182878e-06,8.59787402038376e-05,7.8901289018198e-08
1,mlp,13396,3,6,0.002530503190436355,1.5216236991522555e-05,0.0004648054324940055,0.2609247959086078,0.0012162079009492665,0.018141638355831546,0.7167068329746896
1,mlp,12758,3,3,1.122916575314554e-05,7.802259357872083e-07,1.9376042042975626e-06,0.7790594380926896,0.017384096550048942,0.00023183618602052114,0.2033106821753476
1,mlp,7659,6,6,7.062482596253018e-05,4.442327246217717e-06,6.98193129470578e-05,0.2633177680289763,0.001066052150089266,0.01404725204874127,0.7214240413060374
1,mlp,9199,6,6,0.003393532293183309,8.807807624471771e-05,0.003611802845971649,0.016758961650007943,0.0013756064657787417,0.0808911464041612,0.8938808722646525
1,mlp,5656,4,4,7.604127536892049e-08,1.2598164729523905e-10,8.911781170019273e-09,3.272615956937053e-05,0.9998493738526685,1.6744760778409634e-07,0.0001176474611161791
1,mlp,8471,6,6,0.00026268864836107947,1.847306522078502e-05,0.0006757212901219139,0.06821694904782091,0.0017411484427822025,0.050729574252516965,0.8783554452531761
1,mlp,7518,6,6,0.00014089189276855212,3.1664655431285814e-06,5.189815706710152e-05,0.3153359387461457,0.02714645501535681,0.0006548447508207161,0.6566668049722981
1,mlp,9204,6,6,0.012460343254031217,2.3086253012752194e-05,0.002008551579583036,0.0013101989958679739,0.0004796526235553905,0.0016845234292318656,0.9820336438647178
1,mlp,375,5,5,2.2402694852498934e-05,2.4487834783575925e-06,3.390537419783008e-05,0.2988182993685623,0.000250246334185063,0.6673574892296049,0.03351520821511908
1,mlp,414,5,5,4.532268205888168e-07,2.3348700582399878e-07,1.8668276325750673e-06,0.0016615216616157845,8.66235332635159e-06,0.9981605824995546,0.00016667994404422572
1,mlp,9342,6,6,0.010132094021204883,2.8262545778170563e-05,0.0023207257169625115,0.0016562467202140788,0.0007609951301665295,0.00401403249732155,0.9810876433683522
1,mlp,9197,6,6,0.0007042184757437148,6.591416449189318e-06,0.0006541710373848569,0.0015964603442371955,0.0017389586901984193,0.003981066778295844,0.9913185332576907
1,mlp,1269,5,5,1.5964689328214764e-05,7.784104254846103e-06,6.987011875550044e-05,0.004561872534013832,0.0001132094062164117,0.9925012741789716,0.0027300249684597535
1,mlp,2983,0,0,0.9999851359151984,9.445471348038027e-08,9.761919235069858e-06,1.6968489030456712e-09,4.122440963160732e-06,8.334680997691688e-07,5.010494108726771e-08
1,mlp,8392,6,6,0.0007458969093337868,1.2192575339246805e-05,0.00031819906263360004,0.0336346698399272,0.0006704794791917127,0.007077971694581578,0.9575405904389929
1,mlp,2468,0,0,0.9971503997418936,6.177588189721338e-05,0.0008304510167642308,3.0297046312956963e-07,1.870832726754769e-05,0.0019054357066388154,3.2926355075705054e-05
1,mlp,9089,6,6,0.0011435608238134578,2.5959022827862486e-06,0.0005649250715018525,0.0018650834523340188,0.005959333671439814,8.232700041447481e-05,0.9903821740782136
1,mlp,9162,6,6,0.0021140186252251226,2.5339467371561272e-05,0.0011652908534004272,0.004014046346055767,0.00045959100223795155,0.01006191403976919,0.98215979966594
1,mlp,3157,0,0,0.999998389382704,3.1284276193810847e-07,1.3418837553892373e-07,8.741440894377558e-12,4.302346685596828e-08,1.119689275869779e-06,8.646746709179508e-10
1,mlp,4205,2,2,0.002399602660240376,1.909222649116872e-05,0.7139795359978156,2.0182950268354542e-05,0.2773145620845629,0.002927674218843989,0.0033393498617777686
1,mlp,1386,5,5,3.185452583906041e-05,4.105461937522126e-06,7.94539295576498e-05,0.0020431763181879828,4.984231510125869e-05,0.9945869609388622,0.0032046065105141904
1,mlp,9509,6,6,0.0021432641050768836,7.0925294069327624e-06,0.00213048523018673,0.0008118071518006912,0.002145378456547051,0.0008262538508024274,0.9919357186761794
1,mlp,9309,6,6,0.0006981023867150689,1.7588504671658676e-05,0.0008748082488884142,0.0019916114792971986,0.0009932821627858415,0.0331830585593918,0.96224154865825
1,mlp,1963,5,5,0.0007289078018595112,2.52756197299948e-05,0.0007215366256460962,2.257882133723255e-05,3.8722683491577266e-05,0.9976604051208747,0.0008025733270607988
1,mlp,10859,3,3,4.643778295722752e-09,9.399579750115205e-10,1.0762033494266096e-08,0.9995567259401147,2.2971516131806118e-05,4.610377453232964e-05,0.0003741824234510509
1,mlp,3236,0,0,0.9999892697834696,7.116753199001799e-06,2.499969412450894e-06,1.925219485575476e-11,2.0737128534006103e-07,9.05564999256198e-07,5.38381998584435e-10
1,mlp,9469,6,6,0.0011493522018896224,1.0091734123467446e-05,0.0004078993030888418,0.0011433852718749434,0.007485452591943516,0.007063785048042561,0.9827400338490371
1,mlp,4686,2,2,0.06820604664563426,0.0003533490621948334,0.9309531420223385,4.174249721309807e-07,0.00030809661387843403,0.0001758073420222091,3.140888959805911e-06
1,mlp,11672,3,3,4.146899617517396e-08,1.0743854701108023e-08,7.385530496105995e-08,0.9977457192323135,9.755932946665717e-05,0.00014962679600584943,0.002006968574058096
1,mlp,9226,6,6,0.0007017252724068309,3.6955750845416594e-06,0.00019361642144680654,0.002479836209941575,0.08767488344621878,0.0012913180859765064,0.907654924988925
1,mlp,11211,3,3,6.609579593519265e-08,5.6135463593236465e-09,4.7736366319523554e-08,0.9966359093321444,0.0003550238075364799,1.7053737239163612e-05,0.0029918936773711494
1,mlp,626,5,5,2.1318268479064186e-06,1.8576784376754629e-06,1.614632287360375e-05,0.03873405721382244,9.986337797327845e-05,0.9587371497470776,0.002408793832967651
1,mlp,453,5,5,3.8923734477179854e-07,1.1722778028804465e-07,1.4400289653248733e-06,0.00050736389786605,2.769769143331035e-06,0.999391955294009,9.596454489126636e-05
1,mlp,9255,6,6,0.011130967294389596,2.5268021515031658e-05,0.0019674422185565815,0.0032651262995647304,0.0005775892887746174,0.00133865231324619,0.9816949545639534
1,mlp,7063,4,4,0.00017411589013697698,2.8591403424062625e-07,0.007117419699453784,1.349780041463058e-05,0.990110054221935,0.00023024207491917036,0.0023543843991062864
1,mlp,2020,5,5,0.08766551084533912,0.0014845085974448966,0.250458250945964,0.001070683448887546,0.0026238494714967745,0.4754408750621701,0.1812563216286978
1,mlp,8568,6,6,0.0003808688799857437,1.042577563724897e-05,8.717571769113131e-05,0.03330895114354587,0.006338426408560954,0.001514688565882114,0.9583594635086968
1,mlp,4880,2,2,0.0012799260694780195,3.981529466290262e-05,0.998533438802682,1.9697032745946364e-07,0.00013317911673258316,1.2545951780524131e-05,8.977943363492429e-07
1,mlp,4707,2,2,0.0006604953541399346,2.6822140723391163e-05,0.998114659626185,3.9370554827142794e-07,0.0011539227286379045,3.865459205039127e-05,5.051852714883395e-06
1,mlp,10857,3,3,2.1734102981350026e-08,1.5593147022395463e-09,2.96877524897846e-09,0.9907691970598264,0.006843317896749684,3.7981598658607857e-06,0.0023836606213653412
1,mlp,13519,3,6,0.00045021947547276226,2.980894890383298e-06,3.8830461863974284e-05,0.03743443282591043,0.05728636625466521,0.0003749838510226531,0.9044121862361745
1,mlp,9223,6,6,0.0017321362529658139,5.6289042230330285e-06,0.0011432873449855351,0.001482375263856858,0.0069060068820065235,0.0009134113060273963,0.9878171540459347
1,mlp,12676,3,3,4.5493996853841355e-05,1.7414623258689707e-06,3.931319195623106e-05,0.7464278492642936,0.0005787059556824638,0.004844950271907581,0.24806194585698024
1,mlp,7955,6,6,0.0001922786026135992,6.375106960452776e-06,6.862591651579383e-05,0.09463390758687125,0.003012400533055554,0.000994450342346658,0.9010919619116367
1,mlp,5402,2,2,0.0010316829576806177,0.0001609624801928161,0.9987194658473715,5.659588381220895e-09,8.327420736919707e-05,4.60441126228446e-06,4.436535012070195e-09
1,mlp,6993,4,4,0.0001063315827495138,6.610422309563233e-07,0.016035615442169342,3.142762031134677e-05,0.9648996206584448,0.0002043258518119672,0.01872201780228197
1,mlp,9006,6,6,0.0006869307665129721,3.8562669569951805e-06,0.00030898006227647053,0.0016775599774639675,0.0005294322848532582,0.00014676464753299946,0.9966464759944033
1,mlp,1627,5,5,0.0007743971774329318,4.148311564302099e-05,0.0005288796512634859,0.002710966706831493,0.000280619977056658,0.9715600910556722,0.02410356231610005
1,mlp,9583,6,6,0.0010363510122999673,7.830746393122862e-06,0.00027450104280468066,0.0009953234306825077,0.000905446626768426,0.000619150780785498,0.9961613963602658
1,mlp,1651,5,5,0.0017581834613205236,0.00014540412116515082,0.0025696126931697718,0.023785657592283935,0.0016264955223564397,0.49715023447541007,0.47296441213429413
1,mlp,6486,4,4,3.2837845409674027e-06,2.9557672443735075e-09,1.0725165579988885e-06,1.8690472357177509e-06,0.999102317937132,7.016039208228745e-06,0.0008844377195579575
1,mlp,5922,4,4,7.053886934605036e-07,1.6688131412394332e-09,2.0125925095205688e-07,1.6213295339664853e-05,0.9993570152025542,2.4281787169624918e-06,0.0006234350066316452
1,mlp,9556,6,6,0.0011155750786298508,1.1718659880582216e-05,0.0005687541412353939,0.001255288490629491,0.0032588139098877035,0.0025258166159456796,0.9912640331037914
1,mlp,511,5,5,4.1131114975046646e-07,2.1142522552896416e-07,1.2498038168839648e-06,0.0005520959283295514,6.117868472164335e-06,0.9993609889349965,7.892472800962083e-05
1,mlp,4651,2,2,0.0018922438236686479,5.749439299474891e-06,0.9754720690140981,7.051286234253208e-07,0.02251762385400743,8.517151563494497e-05,2.6437224667971653e-05
1,mlp,1558,5,5,2.0725758549418247e-07,6.780188328193627e-08,1.003404412680439e-06,2.8443441712096625e-07,1.2497631845396197e-07,0.9999967485532257,1.5635721573440608e-06
1,mlp,4368,2,2,0.00098725499973191,7.130421858298335e-06,0.9985382746662128,7.592546301104164e-07,0.0004076042984278526,3.985567774439148e-05,1.9120681394367284e-05
1,mlp,7218,4,2,0.10335836750180173,9.175374427187607e-06,0.5475813185008813,3.5838426173711404e-05,0.34559934292730654,0.0006324423065598276,0.002783514962849747
1,mlp,8977,6,4,0.0003222075183794399,8.146513156842144e-07,0.00013915619971523,0.0019436625759536087,0.7007594691620345,0.00014030232333936643,0.2966943875692623
1,mlp,7284,4,4,1.1087906467365572e-06,1.7455446007204503e-09,0.00020675125147851214,5.1622494392183894e-08,0.9997694628130813,5.6188740946774484e-06,1.700490265982885e-05
1,mlp,13474,3,3,1.9605734687368752e-05,4.051477235460651e-06,3.5407768658982244e-05,0.6012429504964362,0.00788051988299526,0.014988100309448527,0.3758293643305383
1,mlp,13316,3,6,0.0009615772017236259,1.6355252284480892e-05,0.0003403500657842415,0.2155463158189526,0.0012198564166025446,0.013999220303547858,0.7679163249411046
1,mlp,4374,2,2,0.0019349735022940917,3.253412430357152e-06,0.9958384576994855,5.88375111124973e-07,0.002125384468818361,7.242077725660085e-05,2.4921764604181816e-05
1,mlp,6599,4,4,0.05970721022427869,3.234490908568124e-06,0.046007097756476274,0.00024924827049841705,0.8358571840948871,0.0007579717769514096,0.05741805338599951
1,mlp,6745,4,4,5.4342798658908324e-05,3.656826486083593e-08,0.02716380952540608,5.800189452809532e-06,0.9724530758843166,5.043838372726318e-06,0.0003178911955278832
1,mlp,9437,6,6,0.004240114822995647,9.780548556199813e-06,0.001930899536712026,0.000617047132011956,0.0006236153391323907,0.0008547269889609034,0.9917238156316309
1,mlp,3382,1,1,0.00017366928157029211,0.9998204903870811,5.319535453343008e-06,4.4786984124325325e-17,4.083174381694086e-08,4.799641514996708e-07,4.248587788638101e-19
1,mlp,11806,3,3,7.09715762707016e-08,1.2625437807903388e-08,8.713825871184144e-08,0.9966904785762963,0.00012945894929111186,9.384377943276805e-05,0.0030860479597069517
1,mlp,13440,3,6,0.00012685591312341522,6.549811559226381e-06,0.00014410619574455646,0.2743118061178316,0.0022520455803883522,0.004934579410750322,0.7182240569706025
1,mlp,12581,3,3,2.4376918438885124e-05,1.0129898700263988e-06,1.614045867412793e-05,0.6780110137777006,0.001584795629854961,0.0007268033107007035,0.3196358569147608
1,mlp,3676,1,1,8.643702644832653e-07,0.9999592150337595,3.990992143355756e-05,7.5601416691055e-20,8.893615735322147e-09,1.780926927051529e-09,4.374466999744905e-24
1,mlp,9755,6,6,0.0013277859552060201,2.112723097247763e-05,0.0012092072086491166,0.0014476472532034363,0.006662143474638482,0.02456052237419417,0.9647715665031362
1,mlp,9457,6,6,0.0017932065268141545,7.750820976589174e-06,0.0008368821564230384,0.0005776824490724601,0.0016883432667434248,0.0005989050924469986,0.9944972296875234
1,mlp,10114,3,3,2.1976746852616314e-07,1.5827497294111654e-10,9.274863343843256e-09,0.943846194579109,2.62563792762579e-06,0.05514931064243546,0.0010016399399210348
1,mlp,12915,3,3,2.2229195875992435e-05,1.304561159809226e-06,4.588510093709198e-06,0.4993600363227558,0.015412468398436607,0.0008093348082763406,0.48439003820340176
1,mlp,12955,3,3,2.5796180702254272e-05,2.354460146980131e-06,2.9329226593681427e-05,0.8682232565158348,0.0010288150659003774,0.0049613024657885136,0.12572914608503344
1,mlp,8706,6,6,0.0006104489113114174,3.4240823059976736e-06,0.00033204978518892316,0.0026191461201684613,0.001279201769996797,0.0002703712222964668,0.9948853581087319
1,mlp,12746,3,3,2.2337817100703376e-05,1.2551347413134653e-06,9.735475093152067e-06,0.6020138424156076,0.0019284633247048809,0.00041973243069849214,0.395604633402054
1,mlp,6988,4,4,0.02332834849509663,2.2278792559160065e-06,0.0032747508452481405,1.769313315742788e-05,0.9651530877737062,0.0007928962120753916,0.007430995661460204
1,mlp,13301,3,3,8.3231623513419e-05,6.4944177549065335e-06,8.934610618356465e-05,0.6937418796581867,0.001786434216778153,0.006577310661758929,0.2977153033158244
1,mlp,8021,6,6,0.0005493931028115506,6.368565425805771e-06,0.000200860550131531,0.02654917279503892,0.0012154906581702217,0.0008731875540476066,0.9706055267743743
1,mlp,176,5,5,2.208711261995621e-06,1.7074892672327951e-07,2.7186657589327366e-06,0.02654180156826993,1.5967738285876876e-05,0.9722648389632859,0.0011722936042107318
1,mlp,8122,6,6,0.0010811925603293785,6.649520170915284e-06,0.00031894585919509973,0.03236657796016778,0.0008009991156627687,0.0006639695186951803,0.9647616654657789
1,mlp,6116,4,4,5.185539315341415e-07,1.2347873747413855e-09,4.907057734717661e-06,3.81805309197769e-06,0.9998611437699921,2.9144077137817647e-06,0.0001266969227484339
1,mlp,3869,1,1,1.0120990927306256e-11,0.9999999997959856,1.9384576500897146e-10,2.116777232042733e-29,9.16082678964662e-15,3.845068650219602e-14,1.7448488972779346e-35
1,mlp,7207,4,4,1.759000344755493e-05,1.7704797121362967e-08,0.015460531144495512,1.3247276241649313e-06,0.9844220049225969,7.197597979018815e-06,9.133389905975705e-05
1,mlp,13460,3,5,0.007400080762290219,6.289825751982086e-05,0.0006888629593801124,0.12241625549559405,0.0014422827315619727,0.5901960802800152,0.27779353951363855
1,mlp,9651,6,6,0.013978842698209417,3.449838640131748e-05,0.0025798407761450136,0.0028304805985228925,0.0012267346690021368,0.0023986687206373294,0.9769509341510818
1,mlp,7327,4,4,0.0015306981112805356,2.616998513267639e-07,0.10595576989854275,2.768772885838012e-06,0.8923652113171554,5.222159708263134e-05,9.306860320172717e-05
1,mlp,7833,6,6,0.00016145895311966323,4.0381340237416915e-06,4.8238418394220895e-05,0.06272115561917344,0.0013844212225279375,0.00047034870550888844,0.9352103389472523
1,mlp,5114,2,2,5.9086535102807804e-05,6.661839480196414e-05,0.9997750616593736,3.089177450641363e-08,9.325599125839678e-05,5.852129021152948e-06,9.439866741231702e-08
1,mlp,7815,6,6,0.00013525019135886057,1.982416142192268e-06,2.4430014291084275e-05,0.04144887086844419,0.015083230756028757,0.00017211328720706634,0.9431341224665278
1,mlp,2774,0,0,0.9943768434584126,4.298773638394447e-05,0.005493930333907776,1.3042216724573212e-07,1.3085201787323617e-05,7.087200586861635e-05,2.1508414726939117e-06
1,mlp,183,5,5,2.435656224149784e-08,6.039613846362125e-09,6.789298102377138e-08,1.72595337074809e-05,1.0952543431734634e-07,0.9999794302425621,3.102409138978249e-06
1,mlp,12201,3,3,2.3203210161902784e-06,1.476410676687244e-07,1.1865129824430032e-06,0.9572748856001738,0.0023879856427782573,9.111258407566726e-05,0.04024236169790581
1,mlp,4581,2,2,0.0320093369677366,1.0877138351098731e-05,0.9643018795024471,1.0846178411131274e-06,0.0035675052412785747,8.583934318266076e-05,2.347718916318863e-05
1,mlp,8121,6,6,0.00011603945549245127,7.500270541577256e-06,0.0002592228229761942,0.15090485995022201,0.003045863782983736,0.006159608537877837,0.8395069051799061
1,mlp,2370,0,0,0.999866123500501,1.3926451495968332e-06,7.815649866037428e-05,2.4345754664082296e-07,2.158727910156457e-05,1.3469724706268055e-05,1.9026894334453506e-05
1,mlp,5145,2,2,0.0005685177067466738,1.0509377115204496e-05,0.9991485135151795,3.502694687564322e-08,0.00026961171272401176,2.693418404195698e-06,1.1924288364997778e-07
1,mlp,12957,3,3,1.1834102488682528e-05,4.938681543579214e-07,2.8198899848415687e-06,0.6067950842353165,0.22941616928384778,0.0003296023983401881,0.16344399622186753
1,mlp,9076,6,6,0.0016492567506489898,3.896916531767186e-06,0.0008661166864773039,0.0015637196555605335,0.0027337000752606574,0.00011194193175017448,0.9930713679837705
1,mlp,4243,2,2,0.008259230879515687,1.3670347438862585e-05,0.9906354189826496,3.0215150298274224e-06,0.0009120060956829776,8.793963048859266e-05,8.871254919433197e-05
1,mlp,5396,2,2,5.727397864212059e-06,1.0583312422230036e-05,0.9999215572553378,1.90127698653846e-09,6.0670536747907324e-05,1.4570603028468254e-06,2.5360480604867083e-09
1,mlp,4400,2,2,0.001245405028580644,1.1211552344051185e-06,0.9721759900501638,1.9993173969572028e-06,0.026497033785125815,2.0797083344087475e-05,5.765358015449183e-05
1,mlp,12880,3,5,5.159356553590034e-06,4.270137848458477e-06,2.8588749172832293e-05,0.06538194165878274,0.00019472708040949626,0.9277682828198082,0.006617030197424731
1,mlp,8822,6,6,0.029093812257156418,7.324350548472872e-05,0.003408037535164563,0.016953091800859296,0.001070504563820668,0.15240805631506119,0.796993254022453
1,mlp,2654,0,0,0.999997233261306,8.018309991359039e-08,1.2396192583763746e-06,1.5469763689763352e-09,2.0896664764524843e-07,1.1402359026114338e-06,9.618680924590561e-08
1,mlp,5135,2,2,5.1450793236626134e-05,9.678199213009832e-06,0.999790022670978,2.4210622938709884e-08,0.00014731600128519158,1.452077678051225e-06,5.60469861156934e-08
1,mlp,2406,0,0,0.9999629099106235,2.2570160811574673e-08,2.3953405024744663e-06,3.6893280785411533e-08,2.7354193674129278e-05,4.628916492546811e-06,2.6521752657620782e-06
1,mlp,7453,6,3,3.804804667744035e-05,1.8089296702718078e-06,2.5488255587252027e-05,0.5024823056770962,0.0016557179875663088,0.0015610240693648349,0.4942356070340378
1,mlp,5933,4,4,8.904897328493231e-06,1.732682737465562e-08,6.760726200962857e-06,2.8714108696683524e-05,0.996144295495843,1.2060222590406715e-05,0.0037992472225129715
1,mlp,10798,3,3,1.7431922470610955e-08,2.06171902748471e-09,1.6083070521772664e-08,0.9992502583311962,5.1714138684057565e-05,1.4477438455290064e-05,0.0006835145149523516
1,mlp,716,5,5,9.63820937384931e-06,6.004731525041532e-06,2.59424404235304e-05,0.02835208629504753,0.000240185153705073,0.9672438831321443,0.004122260037780688
1,mlp,12137,3,3,5.381785321922741e-07,6.611455742664356e-08,3.749857519565681e-07,0.9792032680919132,0.0004296581740502083,0.00020542368422839512,0.020160670770966522
1,mlp,889,5,5,5.760086662277604e-08,1.0998075395972788e-08,1.104134804092307e-07,3.905834648192546e-07,4.591770877847581e-08,0.9999984947317432,8.897546609668229e-07
1,mlp,12419,3,3,5.115331597775499e-07,1.0088703434660244e-07,9.155785181269203e-07,0.9868828763349103,0.0005912809219118803,0.0005078853647973575,0.012016429379667976
1,mlp,9756,6,6,0.03321232994313933,0.00010080952091727677,0.012097416042743761,0.0014253380347684402,0.0015499031667911254,0.03225891779657441,0.9193552854950656
1,mlp,2178,0,0,0.9995011302204074,2.487375401643073e-06,0.00015106057432987254,1.0922599768094302e-06,3.7422322587540942e-06,0.00027915793167731243,6.132940594797487e-05
1,mlp,9819,6,6,0.0024827933043074708,7.4279158750149626e-06,0.003952585268433737,0.0005503640991217702,0.003722109354964268,0.0004876263281747209,0.9887970937291231
1,mlp,1763,5,5,0.0012027525208205673,5.127677977463e-06,0.00012856791144689542,8.715609016305744e-05,1.2398714655465427e-05,0.9973553733528396,0.0012086237320968476
1,mlp,6783,4,4,8.140239056594525e-06,5.3578812327439115e-09,0.0002834127870416971,1.2483139922433347e-06,0.999435829861112,5.855072403334052e-06,0.0002655083685127031
1,mlp,3184,0,0,0.9852137275573969,4.574421975877352e-06,0.013893095207863424,3.327637371217984e-08,0.0008744739866206715,1.3762624815973179e-05,3.3292495342239327e-07
1,mlp,9467,6,6,0.0049700586860936735,1.0103485015405481e-05,0.0028179106343194905,0.0006120838130443393,0.0011922668553707814,0.0004648108359430296,0.9899327656902134
1,mlp,8610,6,6,0.0005294561726955538,1.6099225357832872e-05,0.00035015634140057373,0.04581711732143748,0.0012892037659310504,0.010454941801511583,0.941543025371666
1,mlp,4348,2,2,0.0019384806110734178,9.797294374336877e-07,0.926647267812514,3.0813733058416012e-06,0.07127723984630961,2.9365866972584887e-05,0.0001035847603868048
1,mlp,11421,3,3,1.965351684916651e-08,7.583869079356272e-09,5.023796310142602e-08,0.9988059015389952,6.126931459898006e-05,0.0002596299122262557,0.0008731217588306575
1,mlp,133,5,5,6.122869007678178e-08,1.3806818859242172e-08,2.3057145300329515e-07,0.0002716429678885639,5.056616698185463e-07,0.9997039931642013,2.3552599278436548e-05
1,mlp,11702,3,3,1.2739216971803657e-06,6.601981445157924e-08,6.167158067433263e-07,0.9723127722310985,0.0004709744985987145,4.995475153004816e-05,0.027164341861454503
1,mlp,446,5,5,1.4077152341355214e-07,1.1766936660652213e-07,1.2333541732729898e-06,0.000528686305781172,3.4097527705300363e-06,0.9994016838884543,6.472825793063637e-05
1,mlp,11621,3,3,9.343061948528281e-08,1.4131521241460145e-08,1.9647414824416873e-07,0.9962193277099554,6.898705782313324e-05,0.000484522568071122,0.0032268586278616056
1,mlp,12221,3,3,2.8223304879089348e-06,5.708150831901082e-07,5.3405959800638065e-06,0.96102145545426,0.0002943477547640486,0.009163654893678107,0.02951180815574684
1,mlp,11853,3,3,8.189578958777376e-07,6.513747107644372e-08,8.076300188838861e-07,0.9735437314829175,0.0003089286526586608,0.00023962956728267363,0.02590601857175541
1,mlp,9674,6,6,0.0036842619012386465,2.8036645219177468e-05,0.0011855763672934355,0.0008492352459922389,0.0017752407845180894,0.010842316548520777,0.9816353325072176
1,mlp,6799,4,4,2.3542851358061065e-05,4.9265214658792825e-08,0.0003123063744934418,7.82717807166733e-06,0.997474759795629,6.492904496242731e-05,0.002116585490270742
1,mlp,5682,4,4,1.3372850153303138e-05,2.635531731047945e-08,9.682113753774806e-07,0.0007540590941745658,0.9864443001241805,1.3372323912317082e-05,0.012773901040886559
1,mlp,5194,2,2,0.0006862559629056559,0.0002165860956660963,0.9984748296825209,2.535075584979988e-08,0.0006091835968307778,1.302538238559593e-05,9.392893519168004e-08
1,mlp,10870,3,3,1.2296927969880381e-08,1.679859224908952e-09,6.313631261854453e-09,0.9993755143927223,0.00013820749215562062,3.5837653516859985e-06,0.00048267405935206335
1,mlp,11655,3,3,6.984117244203002e-08,2.4716562736054384e-08,2.256497736906825e-07,0.9939293741203794,7.12260636329671e-05,0.0026028506386428837,0.0033962289698356595
1,mlp,10716,3,3,2.1460971032988688e-08,3.887005075264096e-09,2.1094284077180194e-08,0.9992554775951106,5.165124954890348e-05,5.5337328288983206e-05,0.0006374873847914063
1,mlp,13091,3,3,3.0897697795335937e-06,6.067549036784877e-07,2.1838446956984407e-06,0.9449187504738771,0.006211015757258175,0.0007229762322647473,0.04814137716722102
1,mlp,7487,6,6,6.506410560518643e-05,2.035753348705892e-06,8.848213613275837e-06,0.3284846367131736,0.014712303163864685,0.0002865286209904689,0.656440583429404
1,mlp,6424,4,4,7.1874089429386575e-09,6.650837385321176e-12,1.1335268786770742e-08,3.0168181596590296e-08,0.9999914580218762,1.258557166072179e-07,8.367424897132428e-06
1,mlp,7085,4,4,0.0003034686228049703,7.308188029044365e-08,0.003686643878199915,3.3673945076070984e-06,0.9956786321812837,4.528836316755685e-05,0.00028252647815603295
1,mlp,1707,5,5,0.003511611623956748,2.1623616623540934e-05,0.00012574885449448633,0.0004309920642931133,0.00013338245741169801,0.9889278647746105,0.006848776608609805
1,mlp,3524,1,1,2.293196945414828e-05,0.9992026368275819,0.0007743171272026941,1.875031525973439e-17,9.850891331967987e-08,1.55668476800009e-08,4.331441401086881e-21
1,mlp,605,5,5,4.4058649905444116e-08,1.4533317445024384e-08,2.0741173625690438e-07,5.8752930012005035e-06,1.2350285851758526e-07,0.9999902214705265,3.5137299100993042e-06
1,mlp,7152,4,4,3.889793308018527e-07,3.066528426290999e-10,2.2017638173145908e-06,2.233904509423852e-08,0.9999699332540799,2.9477080159061793e-06,2.450564905814282e-05
1,mlp,8564,6,6,0.001962409560574189,1.8224802396558357e-05,0.0004684206770182658,0.017232358911402682,0.001012653446557544,0.003616997334949275,0.9756889352671015
1,mlp,1670,5,5,1.5645301808740614e-05,8.704912051383393e-06,9.060848806194325e-05,0.00029102491439958505,5.403553370351407e-05,0.9987459817233119,0.000793999126663139
1,mlp,8051,6,6,0.002126400636798636,1.4510828394108094e-05,0.0005182160445405726,0.04344429438737213,0.0008756207805548143,0.0020516733316342595,0.9509692839907056
1,mlp,12480,3,3,5.012703065641548e-07,1.0014405948042608e-07,7.143624296239303e-07,0.985756768441874,0.0007895224611313676,0.0004029069940398532,0.013049486326159196
1,mlp,2551,0,0,0.918680016843566,2.5772240476718647e-05,0.07915828132733994,6.2280722216842515e-06,0.001716954153876829,0.0002040619227533207,0.00020868543976552232
1,mlp,12233,3,3,3.7199239972567537e-07,4.672164024872259e-08,2.037513488573175e-07,0.9915945239027084,0.0004097245969285562,9.473650740808455e-05,0.007900392527566054
1,mlp,13488,3,6,0.00012121009612924253,8.519303575765792e-06,8.79344520191972e-05,0.2655546348741646,0.0028767725846920627,0.006471707517338916,0.7248792211720801
1,mlp,4174,2,2,0.004031416936209821,2.4583218416965332e-05,0.995511733724864,4.102259784935923e-06,0.0002705096041749369,7.232631317386364e-05,8.532794337554057e-05
1,mlp,7571,6,6,3.244980413659573e-05,2.228886058124684e-06,5.1662093308643385e-05,0.4955877412378446,0.0018609822881337226,0.003205952515759573,0.4992589831747588
1,mlp,3392,1,1,5.782338126310847e-05,0.9998083136828811,0.00013353907765100676,9.828638886695609e-17,2.870408520458428e-08,2.9515411964339236e-07,5.280444715655802e-19
1,mlp,9027,6,6,0.000922224460831239,7.858665225046712e-06,0.0006477755813125964,0.0017860612884338842,0.00024050016229381263,0.0009895259685684865,0.9954060538733349
1,mlp,3134,0,0,0.9998828440061301,2.6378722727719612e-06,0.00010903457479663288,9.57336505150856e-10,3.5148217670577466e-06,1.950048226935651e-06,1.7719469780488188e-08
1,mlp,11947,3,3,9.919149063950364e-06,1.1141916723218234e-07,1.71565759286572e-06,0.9092104361357118,0.008018104932317447,0.0001635872754589784,0.08259612543068749
1,mlp,12521,3,3,8.612835891918023e-07,1.208611951370783e-07,1.0897982826236816e-06,0.9797319054676041,0.0012402946144401835,0.0003180614617033522,0.018707666513185284
1,mlp,13327,3,3,2.1466221376575146e-05,2.689220958568624e-06,1.0998541663444265e-05,0.7757639021312445,0.013171677843944603,0.0025022581382325546,0.20852700790257986
1,mlp,10990,3,3,3.787937858285105e-08,3.0398518730539536e-09,3.0005185701976026e-08,0.9979666694451743,0.00018508179466241562,1.427054101388107e-05,0.001833907294733217
1,mlp,6090,4,4,4.35480370342186e-07,6.200649345885733e-10,9.28011335836164e-06,2.1055213424369743e-06,0.9998433122191122,5.421242737223694e-07,0.00014432392147815205
1,mlp,2493,0,0,0.9998632028952078,2.3014842217608047e-06,0.00010581954332644194,8.305376590627092e-08,2.3584221660746417e-06,2.095038748810538e-05,5.284213823624388e-06
1,mlp,3083,0,2,0.20583211706194304,0.00030556961998301924,0.6323080032036059,7.424067014013704e-07,0.16006222121111166,0.00146106187911167,3.0284617543142067e-05
1,mlp,10940,3,3,1.755181961895332e-08,2.6866924582185807e-09,1.8034476084199092e-08,0.9991356102992969,5.6436656839551594e-05,1.84368878761603e-05,0.0007894778829992818
1,mlp,7323,4,4,0.000521450135633717,8.267893685979472e-07,0.23214471527001249,2.894290023458964e-06,0.7666247700485944,0.0004901520370141563,0.0002151914293533161
1,mlp,5782,4,4,2.089990764374212e-06,1.0689140045995794e-08,8.7230359854406e-06,0.00014998469420093416,0.9977690460464467,1.423979102864339e-05,0.0020559057524339175
1,mlp,4514,2,2,8.432426875739836e-06,2.618908782467047e-05,0.9899941287768065,6.702139996920168e-08,0.009951041245370459,1.9660672599427436e-05,4.807691234528066e-07
1,mlp,13418,3,6,0.00018337445208743434,9.667460406631638e-06,0.0001902779190340303,0.4640804451239447,0.001668656216447225,0.011840138299808295,0.5220274405282717
1,mlp,3621,1,1,2.0403491260971037e-06,0.999980606940648,1.734912824925797e-05,1.9967250102906782e-19,2.2076483187558367e-09,1.3743283072257624e-09,1.940297994287656e-23
1,mlp,5115,2,2,5.845668340373518e-06,1.554841711557868e-06,0.9995717766840229,1.46423146103685e-08,0.00041931098051049576,1.4517056188576008e-06,4.5477481304658615e-08
1,mlp,3330,0,0,0.6070056121624391,0.007860214087827888,0.3849297922531508,4.852305499163306e-09,6.394190084208648e-05,0.000140430793523934,3.949910623596046e-09
1,mlp,6460,4,4,1.2109863522185322e-07,1.2335425288387923e-10,9.998755718836029e-08,2.2461314773276506e-07,0.9999491098334056,5.644976853603863e-07,4.987984621451587e-05
1,mlp,5585,4,4,2.7481710952562966e-09,5.755483013348208e-12,2.3092615000172786e-10,3.569163825170069e-05,0.9999405829376163,3.097234802234266e-08,2.3691466931108593e-05
1,mlp,4454,2,2,0.0767654415781079,0.00014110690351368984,0.9221736363938334,8.90545884749705e-07,0.0006829627085498717,0.00021894942393803045,1.7012446172410374e-05
1,mlp,1484,5,5,7.134998051825208e-06,1.7547894070369026e-06,1.0524910518692582e-05,8.296180025890223e-05,1.540703201365905e-05,0.9997215994162756,0.00016061705347438494
1,mlp,8652,6,6,0.00041100370829851967,7.184396000782591e-06,0.00033960297946148256,0.013034930695704288,0.0004899215420734221,0.002133749283720093,0.9835836073947415
1,mlp,5112,2,2,0.01552506209043338,5.656263715362116e-05,0.9840590740888903,4.0038161328795114e-08,0.0003139305035390697,4.5079123050683256e-05,2.5151877189092774e-07
1,mlp,7131,4,4,0.000687282054159494,8.962800929784248e-07,0.0017806081728316669,6.9425408878437285e-06,0.9868605531826643,0.001681629523757362,0.00898208824560636
1,mlp,5836,4,4,8.404966377926287e-07,1.0678442402896445e-09,7.663118900864415e-08,3.9628872823415235e-05,0.9985971256631965,2.2340488391982764e-06,0.0013600932194697503
1,mlp,2429,0,0,0.9999631885526016,1.3164835029836154e-06,1.2551246433302803e-05,1.7455408800920177e-08,1.3389217570832608e-06,1.9919042231150733e-05,1.6682980651040153e-06
1,mlp,6782,4,4,0.006352647058849566,4.4609792984155326e-06,0.20965487344254255,0.000114995864747372,0.7413541497383997,0.000877827417251314,0.041641045498910956
1,mlp,1141,5,5,1.4835446766527383e-05,4.444302335617853e-07,1.0305122333390388e-05,0.00014232916826290503,3.218261677762026e-06,0.9993942222321782,0.0004346453385475802
1,mlp,6411,4,4,6.907954899830583e-08,9.859484035137236e-11,2.511448584303397e-07,1.4395054187477224e-07,0.9999770325146294,3.825132842025729e-07,2.2120698542158506e-05
1,mlp,314,5,5,1.335443236993803e-07,6.409621854316966e-08,7.313057088990843e-07,0.0006904458153389171,2.266186580317382e-06,0.9992421150904562,6.424396137355795e-05
1,mlp,10973,3,3,1.0399738221114258e-08,2.399184038772776e-09,1.460659500144852e-08,0.9992515410543292,4.994467191182622e-05,3.3501767035362306e-05,0.0006649851012061666
1,mlp,8647,6,6,0.00045350009580384513,9.05908967588818e-06,0.00018405425969223938,0.008739516537562358,0.0008201262880037851,0.0033579612185323992,0.9864357825107295
1,mlp,4953,2,2,0.00018711651661067617,7.67796520782369e-06,0.9945065203731599,1.4332974530221913e-07,0.005252680061179056,4.302363941447445e-05,2.838114682841276e-06
1,mlp,804,5,5,1.3435867296582206e-07,8.13767822723761e-08,1.072256046214419e-06,4.7164137613073874e-05,1.0166527185638168e-06,0.9999308113346328,1.971988353414303e-05
1,mlp,5800,4,4,1.6436267252909805e-08,5.4905193144209884e-11,2.252691564289563e-08,2.2594303137582636e-06,0.9999640465469748,3.329322497381612e-07,3.3322072373772574e-05
1,mlp,6934,4,2,0.0007003131259188735,2.800779375702537e-06,0.8984280711659411,2.2214380912595575e-05,0.09801958737485665,0.0001382223159755899,0.002688790857019212
1,mlp,10489,3,3,1.0520757973966437e-09,1.7630913738053443e-10,3.5824917685996454e-10,0.9996868708278446,8.860865131682627e-05,1.4515666050717842e-06,0.00022306736759938742
1,mlp,5479,2,2,0.005847561966909092,0.005762701910458923,0.9883279373507824,4.200461654945716e-10,3.296333581347806e-05,2.8834857906962056e-05,1.5808280163001634e-10
1,mlp,465,5,5,1.198330977335891e-05,5.687469312501053e-07,7.167833448386294e-06,0.0050058216380894595,1.4650584093057274e-05,0.993341143260549,0.0016186646271155762
1,mlp,4183,2,2,0.0011997542150815864,2.0456088595231576e-06,0.9746860038948459,5.5705549340839315e-06,0.023842971182783335,2.6923332776210616e-05,0.00023673121071942084
1,mlp,2233,0,0,0.9970384493500265,9.034032054739072e-06,0.002311882507502262,5.284012224048112e-06,0.00018118478850884885,0.00014759253163444604,0.0003065727780492291
1,mlp,248,5,5,6.832035288666131e-07,7.391698358425781e-08,7.726480818233807e-07,0.0007946833550111047,2.2310325342001246e-06,0.9990909817320086,0.00011057411185167373
1,mlp,13078,3,3,7.057857722262723e-05,4.3373470188061205e-06,7.616946381243098e-05,0.7453231083314653,0.0008737284603469336,0.00917564411138383,0.24447643370875027
1,mlp,4215,2,2,0.025755551168957308,2.118408103243342e-05,0.9720442183748095,1.5578117059888876e-06,0.0016561411188520429,0.0004332169480520679,8.813049659074931e-05
1,mlp,13423,3,5,7.050484367659312e-05,2.2234761946204438e-05,0.00021860475511329907,0.3535905330881351,0.001628918121381688,0.5028487946404974,0.14162040978924975
1,mlp,10416,3,3,1.2965533205157735e-09,8.560859104893019e-11,3.0144386334654676e-10,0.9939755607472585,0.005772436401592643,6.091865975283583e-07,0.00025139198094558865
1,mlp,10448,3,3,3.7376773813648374e-09,2.2904123365497464e-10,1.678393257369232e-09,0.9996997085772575,2.7224465117558108e-05,1.9892958250442005e-06,0.0002710720166881428
1,mlp,6612,4,4,0.0008383638408095756,5.785907087431068e-07,0.01125662206310356,5.118774863308073e-05,0.9644127919806831,0.00017358539874451023,0.023266870377317544
1,mlp,8751,6,6,0.0004144525664845967,4.8487266914439115e-06,7.273399947841284e-05,0.004835079505774582,0.0033965153387746304,0.00025626078063229173,0.9910201090821641
1,mlp,10664,3,3,1.99020340096194e-09,3.692143804915145e-10,1.0824741450207563e-09,0.9996049977235175,0.00017099590975818378,1.9396816372600645e-06,0.0002220632431950841
1,mlp,9858,6,6,0.008473286343159173,1.4147859374769489e-05,0.014363359598721656,0.0006668406465920148,0.005762782969878746,0.0006908836262703985,0.9700286989560032
1,mlp,7190,4,4,0.0012873031854921696,1.3695514553952727e-07,0.03966998577242386,4.0623440820162195e-06,0.9584673196947934,2.5866810279111202e-05,0.000545325237783872
1,mlp,10133,3,3,2.537217342710841e-11,1.0253153724215696e-11,4.954675060709285e-11,0.9999819906487564,5.608837076187812e-06,2.3255855887611667e-06,1.0074843406586802e-05
1,mlp,8860,6,6,0.03051049623710359,5.220950743836525e-05,0.002054302519689475,0.007085531828480728,0.0009374001621559148,0.009524503211634347,0.9498355565334976
1,mlp,6938,4,4,6.826961326288568e-06,2.757130448459726e-08,0.00023990708424769522,3.4302007089898463e-06,0.9950028483878547,8.901039115245376e-05,0.004657949403405488
1,mlp,2139,0,0,0.9878979247148648,1.4016989387877579e-05,0.007099192212773484,3.2858749559803944e-05,0.0017687808307468755,0.00031799554340404144,0.002869230959263235
1,mlp,12435,3,3,4.1580510581407346e-07,8.757637815996926e-08,4.4888710791749093e-07,0.9894011118458816,0.00034918824268488516,0.00031071219654817437,0.00993803544629349
1,mlp,1428,5,5,2.2845769096556527e-05,1.1809522581679476e-05,0.0001490335361591331,0.010063610906924475,0.0002257343302318587,0.9799188223756443,0.009608143559362016
1,mlp,5747,4,4,6.978093782116141e-06,7.868012428987251e-09,1.126775396432224e-05,4.2517228440592736e-05,0.9981013977273271,2.5727335294525493e-06,0.0018352585949440018
1,mlp,12599,3,3,6.497122646213381e-07,1.302352884535478e-07,3.9560960757557587e-07,0.9810165161970161,0.0016388358897769294,0.00020800115641535582,0.017135471199630985
1,mlp,11108,3,3,5.967350556897722e-08,7.874103315533168e-09,4.827154917412227e-08,0.9986148213101013,7.812257090124279e-05,4.6647294038777324e-05,0.0012602930058005146
1,mlp,1616,5,5,1.1306439895799673e-06,2.60622719801135e-07,2.3800938763774422e-06,1.6185889122204376e-06,8.072721583770531e-07,0.9999880243295498,5.778448793822866e-06
1,mlp,5220,2,2,0.003730098877964463,4.910592447138276e-05,0.9960142287900928,8.764211924778612e-09,0.0001455121814691235,6.0995229913102806e-05,5.023187731544515e-08
1,mlp,7426,6,3,5.584148207849485e-06,5.806716832593165e-07,2.0827160217011882e-06,0.8008260958091208,0.006346883712863083,0.0007354081985405822,0.19208336474356263
1,mlp,4737,2,2,0.0017274314763187873,9.652853273586135e-06,0.9978978256812474,2.5970152643138785e-07,0.0003480805065332983,1.4125983982749577e-05,2.623797117889552e-06
1,mlp,7828,6,6,0.00039979005548212954,1.733759866354892e-05,0.00030531297661145395,0.3414799664770126,0.0013380013843462034,0.086997139971966,0.569462451535918
1,mlp,682,5,5,3.1807840787416775e-07,1.4460210087346096e-07,2.317778314523996e-06,0.0003462157372488495,3.0881610015803673e-06,0.9995586401281751,8.927551475112565e-05
1,mlp,11479,3,3,9.897208364043956e-07,5.466249391256314e-08,7.229830377753171e-07,0.9808007464635334,0.00014520990368517588,0.00022377543871629062,0.018828500827696836
1,mlp,8259,6,6,0.00050170947671073,4.9395584756655014e-06,0.00021375026962503345,0.012055104058125946,0.0010678363092399383,0.00034338249568832636,0.9858132778321343
1,mlp,10149,3,3,3.577646502847568e-10,4.824967739039564e-11,3.001616520348208e-10,0.999903864785793,1.6054060060456434e-05,2.1067102138717343e-06,7.79737377566494e-05
1,mlp,6554,4,4,0.04169788485478794,5.1114192324815105e-06,0.06360574718885433,0.0003078867802298945,0.8451402266776377,0.0003188206022128084,0.04892432247704487
1,mlp,6705,4,4,0.00023411616821726613,4.897859760586721e-07,0.019728902912786485,4.3681615392151216e-05,0.9607587854418876,0.00024370527615006957,0.0189903187995904
1,mlp,10521,3,3,4.2509555070688703e-10,1.8924041556401956e-10,1.7917575436345156e-09,0.9998115118190358,7.0223260445462944e-06,0.0001035301104759057,7.793333835030254e-05
1,mlp,12371,3,3,1.6226887053094583e-06,1.8128489397687471e-07,2.3828375848872122e-06,0.9667255918353023,0.0002654080054460261,0.001442523292342442,0.031562290055725015
1,mlp,8793,6,6,0.0022731146417324997,4.742336084371735e-05,0.0016010488740564532,0.024108701080762306,0.0009415436145989102,0.049568778071485964,0.9214593903565201
1,mlp,12913,3,3,6.673127178348465e-06,9.28528570061501e-07,8.633920208572697e-06,0.9382527169289928,0.0005921974764049805,0.0032437852253135043,0.05789506479333156
1,mlp,12667,3,3,3.163796544632713e-07,5.9085694329667856e-08,9.844385874284122e-08,0.9819729584582018,0.006670125426395195,0.000135134898319006,0.011221307307876356
1,mlp,1930,5,5,0.04887274240725695,9.566662079153232e-06,6.535036321623822e-05,1.1745718488705951e-05,1.1723681305901938e-05,0.9505277068954099,0.0005011642722431029
1,mlp,11720,3,3,8.247601131761547e-07,3.926040333565438e-07,2.44973895324553e-06,0.7761323560435769,0.00020415647208395723,0.2200421686801483,0.00361765170109103
1,mlp,10309,3,3,5.339549886268991e-10,1.829184127856653e-10,1.8371269399784406e-09,0.9998777991645108,7.4590658038032685e-06,5.334964669459792e-05,6.138956899040849e-05
1,mlp,7446,6,6,0.0001491580758640197,3.485632821323342e-06,2.6717566235170136e-05,0.47905686649727647,0.002631052106666041,0.0016688880624976092,0.5164638320586394
1,mlp,2590,0,2,0.07036074408996533,7.110061408956954e-05,0.9274072371836724,2.4047015434795564e-06,0.0009375507641248658,0.001057509829472819,0.0001634528171315066
1,mlp,12891,3,3,5.545867392486256e-06,7.254991922359079e-07,2.6643820223299245e-06,0.889603068718823,0.0051258869785052825,0.0008049469608631583,0.10445716159320131
1,mlp,13397,3,5,1.804917538584627e-05,9.537668316279783e-06,0.00010943709974332444,0.013877587995513889,0.00018854294975127414,0.9737930619667508,0.012003783144538836
1,mlp,10006,3,3,6.35313983346701e-12,1.0202507687334777e-12,2.4866209374868023e-11,0.9999940127246177,6.292582030129527e-07,2.3917840196848014e-06,2.9662009199793087e-06
1,mlp,9176,6,6,0.0010210429039259063,7.051680938458542e-06,0.0010059386038676224,0.0008550099668936075,0.00030844455691276504,0.0018992759496658693,0.9949032363377958
1,mlp,3653,1,1,8.569234906114554e-08,0.9997226573318898,0.00027724476317004973,1.143433503634303e-18,1.1403274935505726e-08,8.09316075547757e-10,2.5614927110673517e-23
1,mlp,12980,3,3,1.5199740064144662e-05,2.532767920958151e-06,2.4780955171103863e-05,0.8589321805937281,0.0007408529946509117,0.03774440673441414,0.10254004621405063
1,mlp,12780,3,3,4.00700392231535e-05,5.6670003776047655e-06,6.634661427590704e-05,0.5770031720596768,0.0005868563796336598,0.3363181557867361,0.08597973212007685
1,mlp,4863,2,2,0.0019397336959011467,5.48419667842105e-06,0.997498620721401,1.0614859498155875e-07,0.0005361380426886696,1.8533911814029846e-05,1.3832829215903317e-06
1,mlp,3536,1,1,2.0876610134027784e-06,0.9999688774836804,2.902222016220347e-05,6.361787572801038e-19,1.034527835027565e-08,2.289865529569224e-09,2.202020924509408e-22
1,mlp,12368,3,3,1.8846225384670158e-06,1.5688650431828602e-07,1.2732492164024105e-06,0.9665069647193356,0.0021457982204237808,0.0001319545200813893,0.031211967781900104
1,mlp,11313,3,3,6.535149097588245e-09,1.1764303377240081e-09,2.8616457770176497e-09,0.9968781735819183,0.002311037582414123,1.0755994093291252e-05,0.0008000222683491784
1,mlp,6863,4,4,7.356980726660864e-07,1.2938688854514354e-09,1.0152197255799795e-05,3.0410381748501123e-07,0.9996335787003094,7.551700786277272e-06,0.00034767630588935144
1,mlp,2627,0,0,0.9999324932661172,2.059354201011314e-06,3.4882955041513364e-05,9.489886457408038e-09,8.891905442633531e-07,2.8717843592448737e-05,9.479006169475277e-07
1,mlp,4112,2,2,0.06442085675662954,2.6517523727148513e-05,0.9298658450545927,6.115164065741286e-06,0.005092179056578497,0.00022576520006505928,0.00036272124434127994
1,mlp,2515,0,0,0.9999908825713454,1.2126812992223744e-07,1.3508988860580938e-06,3.2629224149912326e-09,2.2077156989705396e-07,7.102411561138108e-06,3.188155853062208e-07
1,mlp,6345,4,4,1.1250859066190486e-07,2.8004424485372235e-10,4.027355533700838e-07,5.705439246643976e-07,0.9999593524578512,1.0371549813887465e-06,3.8524319054425606e-05
1,mlp,8571,6,6,0.001000218573445647,7.665947886684261e-06,0.00032874371573179414,0.004975684649190063,0.00039227099515610825,0.0007110188323458821,0.9925843972862438
1,mlp,1980,5,5,0.00019422660958137716,2.8907500685982803e-05,0.0007166309389879827,2.1942791381258486e-05,4.792721298676199e-05,0.9982387242492944,0.0007516406970821456
1,mlp,11235,3,3,2.3942794861080326e-08,4.550793211447185e-09,4.382178086921013e-08,0.9983696098754897,4.551265111203409e-05,0.0001188337151919672,0.0014659714428374325
1,mlp,5416,2,2,0.051974825937771946,0.006976881534176577,0.9409312732406047,1.4050547047531369e-08,8.701907455586206e-05,2.9980611812056862e-05,5.55053182637714e-09
1,mlp,12515,3,3,7.731598293749346e-07,1.7942791552829855e-07,1.5599683715562864e-06,0.9833532567308596,0.0004568703250635312,0.0011427326869497946,0.015044627701010694
1,mlp,5066,2,2,0.14827292749687415,3.154058099305236e-05,0.8458068230326778,2.59137588793672e-07,0.005828879350455014,5.777710854091501e-05,1.793292870232742e-06
1,mlp,588,5,5,1.7930966879574295e-06,5.38712825863172e-07,4.4755272498109525e-06,0.002889864569944744,1.6831447852202028e-05,0.9965323304217538,0.0005541662236854299
1,mlp,1175,5,5,0.00017092160512135118,5.898845003033126e-06,4.673022416924041e-05,0.005127461656869771,0.00011129528749627281,0.9891054557277593,0.005432236653581054
1,mlp,11719,3,3,7.050543865729829e-08,1.7827920567508276e-08,1.4193275410048594e-07,0.9970326574150676,0.00018487045709185767,0.00020360694130843121,0.002578634920418548
1,mlp,1880,5,5,0.0001228883082419495,8.755140986004531e-06,0.0001531021762823523,3.031057256387669e-05,2.4648906176051695e-05,0.9991136405099521,0.0005466543857977053
1,mlp,127,5,5,8.326792966361844e-08,6.788837375154087e-08,6.484245733989025e-07,0.0029553150957953678,4.535557176846252e-06,0.9969532721347373,8.607763141365116e-05
1,mlp,8931,6,6,0.000298973223371142,1.7010995628622114e-05,0.00033966865488770114,0.046079712094911095,0.007071812167220852,0.02232568169940923,0.9238671411645714
1,mlp,4178,2,2,0.3647020657146716,2.1999405301214005e-05,0.6160726026869808,1.1373964528520519e-05,0.018766304416105037,0.0001379038968917371,0.00028774991552112024
1,mlp,2898,0,0,0.9999977426147789,2.8975092554030414e-07,2.8010237205550337e-07,3.544650743707659e-10,4.901079790342279e-07,1.1611972694789426e-06,3.5872210208927565e-08
1,mlp,10578,3,3,4.28092393239026e-08,1.3408110633439908e-10,1.2306021473270499e-08,0.9997027096307239,8.954151593304396e-05,2.242396473116017e-06,0.0002054512075278822
1,mlp,4698,2,2,3.4270700833912194e-05,2.4910859494744193e-06,0.9997635896114953,7.63802299797404e-08,0.00019527674927664887,3.692290976452819e-06,6.031812384389289e-07
1,mlp,4068,2,2,0.0024270422048758822,4.961452138892807e-06,0.972678663073281,1.1182226710573804e-05,0.023541637520804095,0.00018659826075088194,0.0011499152614385878
1,mlp,13087,3,3,2.4545874642310977e-06,6.227322503170072e-07,3.821913165621028e-06,0.9539939360308959,0.0011653276401134031,0.0027146853776420688,0.04211915171846841
1,mlp,5516,4,6,2.561318245270924e-05,5.545457396808458e-07,2.121562749491771e-06,0.4300739044811803,0.04981110607674672,0.00012428505344001014,0.5199624150976909
1,mlp,2414,0,0,0.9999457654740901,1.3933482448434576e-06,1.869676242046777e-05,2.709415588867424e-08,1.0976010628380314e-06,3.0090972159602888e-05,2.9287478661181135e-06
1,mlp,480,5,5,2.4407269234776763e-06,1.2891378663899456e-07,3.0370167348315664e-06,0.0010741045660502577,2.90742196696786e-06,0.9984988315404738,0.0004185498140638392
1,mlp,5053,2,2,0.003701317927334421,2.5109628469497143e-05,0.9959612575208165,4.1682793719332315e-08,0.00029114629153215263,2.0854445971120517e-05,2.7250308228421777e-07
1,mlp,12533,3,3,1.4108247032355968e-06,1.511208076004959e-07,1.1687397848426115e-06,0.9701992827492538,0.002721678552043128,0.00016234634576045508,0.026913961667646875
1,mlp,3173,0,0,0.999996987889718,7.675048847472737e-09,6.749586329582686e-08,3.1786688207130635e-11,2.9011728784376534e-06,3.515607541679247e-08,5.786294431538031e-10
1,mlp,604,5,5,0.0001128569504373555,1.325479689826686e-06,3.1430657637285404e-05,0.06897090127532429,7.074788715075757e-05,0.9170144268765283,0.013798310873232243
1,mlp,557,5,5,1.2626541364401587e-07,5.688968395273749e-08,8.106623607281472e-07,8.05433372540099e-05,8.815313213507759e-07,0.9998887784218985,2.880289206785683e-05
1,mlp,7824,6,6,7.080659307635689e-05,5.2254093404991535e-06,4.635502392886488e-05,0.3376610142682598,0.003239896408227516,0.002764051392809126,0.656212650904358
1,mlp,8163,6,6,0.00014124696196137547,3.044942835877886e-06,0.00011336700860469595,0.049748713668426744,0.0074481306582876924,0.0007878433073719317,0.9417576534525116
1,mlp,6902,4,4,3.714231247583965e-07,9.96774591652653e-10,3.3948531062459064e-05,4.527425470588355e-07,0.9999395065604073,3.1844848394389582e-06,2.253526124436198e-05
1,mlp,9648,6,6,0.0014156379213702342,5.010761677521852e-06,0.0003290406046401312,0.0006275483133119744,0.04422082424533573,0.0009717457935127556,0.9524301923601517
1,mlp,1720,5,5,0.05886173234860851,3.125535083898229e-06,4.789322642404373e-05,7.166028312904892e-05,7.5822894942323086e-06,0.9395093089017963,0.0014986974154637984
1,mlp,1066,5,5,3.552664983032099e-06,7.731976419473903e-07,1.3708119915847554e-05,0.00045939873511674864,9.416612539209766e-06,0.9989881196060882,0.0005250310637150907
1,mlp,8911,6,6,0.0006684350960251311,1.2389764923368215e-05,0.00037751049064030124,0.0047751423612772135,0.0005106033522623821,0.008550268848594354,0.9851056500862774
1,mlp,8232,6,6,0.0002852028512338708,1.3560174300994315e-05,0.00023774389707825682,0.11931763103218153,0.0013008195654486997,0.015344037418367597,0.863501005061389
1,mlp,2479,0,0,0.9842464856192756,9.353686924335339e-06,6.058996056771755e-06,2.591952048482908e-08,2.496266538937721e-06,0.01573124797446169,4.331537221897602e-06
1,mlp,7992,6,6,0.00030581717765431195,8.014109037411344e-06,0.000252246060229156,0.08707728006414901,0.001376139638252275,0.004414416266350498,0.9065660866843274
1,mlp,12608,3,3,2.2323000654041697e-06,3.4274883581335204e-07,3.208476926506029e-06,0.9707178154589298,0.0006718970453602989,0.0011757708612419268,0.027428733108640215
1,mlp,12772,3,3,5.7724095940542455e-06,1.2110282860846875e-06,1.3449455346867313e-05,0.889848047541259,0.0005558210121522713,0.04044673365787775,0.06912896489548397
1,mlp,13452,3,6,0.0001319865550783102,4.398253642008849e-06,4.2664630930489206e-05,0.06230635231121038,0.002700185240783508,0.0006859040854721342,0.9341285089228831
1,mlp,9046,6,6,0.0009138507295894471,1.2730191182447701e-05,0.000691192915287582,0.006979384729391636,0.00046537114836538336,0.0032657986921594893,0.9876716715940241
1,mlp,10061,3,3,2.8199419262741928e-11,4.256911506565378e-12,1.207861284942623e-10,0.9999750838143333,1.1973062774952953e-06,9.98290150482114e-06,1.373582464187997e-05
1,mlp,6283,4,4,9.520441318278369e-07,8.46042210119735e-09,0.0003762457446251072,2.0953632204281513e-06,0.9990331525984687,4.32137483525327e-06,0.000583224414296669
1,mlp,13451,3,6,9.764786838687499e-05,7.1493823387686695e-06,4.3704103487199415e-05,0.4046737687729012,0.01256217961238485,0.0023996781684621498,0.580215872092039
1,mlp,1478,5,5,0.0001551183046781668,1.3306836990809161e-05,0.00023872818239558226,0.0037764139068762873,0.00012245046794073403,0.9818779329311828,0.013816049369935792
1,mlp,12770,3,3,1.9628336717102428e-05,1.5125759268081868e-06,2.19466042227324e-05,0.8642943002092469,0.0008902695045784482,0.003840145354370201,0.13093219741493783
1,mlp,1666,5,5,0.0017241836607983815,5.2291187700166075e-06,6.618897425863611e-05,7.443235160668986e-05,1.3754534928240271e-05,0.997170991747584,0.0009452196120540303
1,mlp,10302,3,3,2.0413418558146318e-11,9.023983972812196e-12,2.2146324653028145e-11,0.9999472557400917,3.246996021759921e-05,1.1905053594278452e-06,1.9083742747438535e-05
1,mlp,476,5,5,4.81502745832159e-07,3.05967602375853e-07,2.150918619305399e-06,0.0017858339170656607,1.1299517287669459e-05,0.9980364458619171,0.00016348231476206313
1,mlp,13170,3,3,2.2182147188806775e-06,6.310456698095842e-07,3.4613368814056725e-06,0.9582224504817372,0.0014054369576880473,0.0024770914273864295,0.03788871053591808
1,mlp,4359,2,2,0.0021475875642779497,6.385094877503513e-05,0.9975684973619066,1.8361204288335106e-06,0.0001446070491261641,5.441132998998275e-05,1.920962549548241e-05
1,mlp,10681,3,3,1.486523455049188e-10,5.82570849780479e-11,1.5474781320473015e-10,0.9998227365371866,7.130371093760648e-05,4.735151166052052e-06,0.0001012242390526093
1,mlp,5157,2,2,0.01088882990035759,1.711854556397162e-05,0.9877571232922041,4.284214608325697e-08,0.001316744183837457,1.9895618731592998e-05,2.456171591863302e-07
1,mlp,1235,5,5,5.956399501140928e-06,1.967318273504293e-06,1.1081302767011574e-05,0.00047987991898445267,2.713285546649375e-05,0.9990866768398144,0.0003873053651930634
1,mlp,1644,5,5,4.2047979108409455e-06,2.686354770444161e-07,2.1423793493814727e-06,1.0090771593264972e-06,5.936600478819251e-07,0.9999840854952163,7.695954839223759e-06
1,mlp,2213,0,0,0.9756354382022867,9.103962526665603e-05,0.01724032229627848,4.3455901840179605e-05,0.0002741214521928711,0.0021477161114282243,0.004567906410706964
1,mlp,12584,3,3,1.0465281037525448e-05,6.120138020508012e-07,1.5724492378662373e-06,0.7576115162769826,0.015735223672054162,0.00015090257720100077,0.22648970772968469
1,mlp,10821,3,3,5.268133640294603e-09,7.825533125247178e-10,8.776170413806628e-10,0.998028174170797,0.0011370592607042038,2.897664393813956e-06,0.000831861975801102
1,mlp,2118,0,0,0.9898720239650743,1.0696863598767817e-05,0.00042011315705421697,1.110670803464963e-05,1.0441343990382237e-05,0.009086517669239354,0.0005891002930082805
1,mlp,6391,4,4,3.909587406739341e-06,1.2312036537999591e-09,1.725882416897677e-05,1.5850217399655691e-06,0.9998650855105972,6.668297316958172e-07,0.00011149299515189545
1,mlp,1796,5,5,0.05012355894001209,3.289601394355886e-05,0.00033918775143268833,0.0006603899819159857,0.00015846929466093042,0.9252649713367642,0.023420526681270523
1,mlp,4875,2,2,0.005462243050838719,7.459934335111755e-05,0.9931195321259176,2.785328087220909e-07,0.0010750281852628229,0.00026343695365119526,4.881808169766325e-06
1,mlp,11543,3,3,1.1395257418352759e-08,5.43238867114401e-09,3.166765732460552e-08,0.9990936019805526,6.160090925607968e-05,0.00024846330567889,0.0005962853092090644
1,mlp,4684,2,2,0.005765067700441615,0.0001406832815241286,0.9939403796496182,3.6066186323476633e-07,0.00011785934447898232,3.3745046209055906e-05,1.904315864759803e-06
1,mlp,2714,0,0,0.9885476551999262,8.933611965653488e-05,0.011232907125509273,2.9293208033764675e-07,4.1435165016384345e-05,8.449534740802562e-05,3.878110403209109e-06
1,mlp,4396,2,2,0.00012522444233045116,8.550666105292144e-07,0.996501999852953,5.058640439029966e-07,0.003346335806746823,1.1158683628567264e-05,1.3920283686869713e-05
1,mlp,12607,3,3,7.555778134818817e-06,1.1346393434070292e-06,8.113499779613836e-06,0.9565598891449515,0.0005636944831438921,0.0034957500789573933,0.039363862375689236
1,mlp,11789,3,3,1.732575477468369e-07,2.4631433844409792e-08,3.808820444310045e-07,0.9941534590477866,7.246766590875711e-05,0.0009470654979146764,0.00482642901736408
1,mlp,10022,3,3,1.4125394553398867e-11,7.145308687377413e-13,2.117557993201228e-12,0.9988841348741077,0.0010979366409731523,2.7492683024531287e-08,1.7900975278710816e-05
1,mlp,12009,3,3,9.783022574679403e-06,2.1069889551267332e-07,6.156038329402072e-06,0.9287852869647604,0.0003155188339410548,0.0011025763185965821,0.0697804681229022
1,mlp,4996,2,2,0.20844810520291468,0.00040688806441233354,0.7905837607244482,1.3599769596454083e-07,0.0003211505296253022,0.00023897639457611715,9.830863272078928e-07
1,mlp,447,5,5,2.549362251556329e-07,6.782072012609278e-08,5.523861000990427e-07,0.00013420082083007406,1.3475303482102952e-06,0.9998322786756129,3.1297830163389856e-05
1,mlp,12654,3,3,1.6788342734171062e-06,1.8154908065769663e-07,2.727278538894058e-07,0.9391635299586062,0.02799902879504816,0.0001698531017091972,0.03266545503342844
1,mlp,12532,3,3,1.5651904980456272e-06,2.1458200960123255e-07,1.3613854736801077e-06,0.95112464207311,0.0008508848896368727,0.0006164667766329149,0.04740486510263884
1,mlp,11478,3,3,2.1496191986974313e-07,1.9211568571792e-08,5.712752436603439e-08,0.9836691961866779,0.0021879890694266185,2.7351106889305525e-05,0.014115172335993494
1,mlp,8520,6,6,0.008163815841135923,2.8037409457033193e-05,0.0007384716235533745,0.012573373894128954,0.0013560618137386864,0.005105272609467912,0.9720349668085181
1,mlp,1684,5,5,0.00021591474364678298,1.0486642745401598e-05,0.00014308964808794523,0.00031593146355037146,6.057248692514745e-05,0.9965112292697944,0.002742775745250133
1,mlp,7835,6,6,9.037988949934181e-05,2.050447558787782e-06,1.6717778928312156e-05,0.027237690009979873,0.0025808497689223235,0.00019134061465980767,0.9698809714904515
1,mlp,11225,3,3,2.7649031114405827e-08,8.813041365972578e-09,7.118733203513387e-08,0.9984414761485366,5.77575476286581e-05,0.00030834055926286984,0.0011923180951672143
1,mlp,267,5,5,1.2398543656490056e-08,3.6783271412360785e-09,7.869123393489154e-08,5.348095668345964e-06,4.6119606516380235e-08,0.9999925330724495,1.9779441708262794e-06
1,mlp,6976,4,4,0.003585028683687431,1.2017808875736475e-07,0.0007202906538930026,4.852461625263576e-06,0.9949005484137016,3.5521158902720484e-05,0.0007536384501012188
1,mlp,5580,4,4,1.2514124131158099e-07,6.139086232231293e-10,8.281547269160845e-09,0.001108445698959176,0.9983283467493422,9.596424233829221e-07,0.0005621138725779086
1,mlp,1253,5,5,6.334622931128581e-06,4.54759632537365e-07,5.939464351189398e-06,4.3823388819082634e-05,2.6833765905366123e-06,0.9997846060702702,0.00015615831740523224
1,mlp,9851,6,6,0.007169451985247702,2.0868790723863195e-05,0.015030522697488823,0.0003743415104853211,0.0012402862917757814,0.005273360183780396,0.9708911685404981
1,mlp,3546,1,1,1.3259436723316046e-06,0.9999704568312447,2.8211166017478097e-05,6.980669349184919e-19,3.154595062745087e-09,2.904470321369091e-09,1.7703507790286864e-22
1,mlp,6060,4,4,2.1909780100386822e-06,6.3194021706036655e-09,8.46330046175373e-07,2.317035066857035e-05,0.9988606881392988,9.100953952902672e-06,0.0011039969286212252
1,mlp,6893,4,4,3.766638659568514e-08,8.629128015868868e-11,5.347272393555877e-07,4.832821501609229e-08,0.999991311026942,6.147109797325761e-07,7.453453945997316e-06
1,mlp,9739,6,6,0.0002651260487831539,2.638741088760022e-06,0.011980030479264618,0.0008470118570794964,0.42767753815354803,0.002394309607098168,0.5568333451131378
1,mlp,8419,6,6,0.0009177914247739,4.124348080714934e-06,0.00020378491982368617,0.009157353793637534,0.001977976349561369,0.0003691717610253247,0.9873697974030974
1,mlp,12902,3,3,0.00013240837080032272,4.3746798670971e-06,8.309916447727574e-05,0.5719198388662958,0.0009459209534013779,0.007266608613370042,0.41964774935178795
1,mlp,1136,5,5,7.681026530842575e-07,4.533286318943805e-07,6.4064348707594996e-06,0.0001348705939669746,4.7110429538272875e-06,0.9997618032880122,9.098720891127572e-05
1,mlp,686,5,5,4.631065636492347e-06,4.1309398015559613e-07,4.315095904879792e-06,0.0005011922637001262,6.305998718241866e-06,0.9990277840945161,0.00045535838754395667
1,mlp,11148,3,3,1.6260439359115515e-09,4.86757402892996e-10,1.0643401380465545e-09,0.999207637935135,0.00029992310961727,1.0023034266129117e-05,0.0004824127438402251
1,mlp,3839,1,1,1.86322869264136e-09,0.9999999411737847,5.695229159745807e-08,8.817644056729357e-25,7.771513928694237e-12,2.923528990928383e-12,7.077482802877916e-30
1,mlp,11008,3,3,6.253778689404437e-09,1.0620037799992429e-09,3.369337994959425e-09,0.9990106643824878,0.00014194275648291035,1.0182281142783889e-05,0.0008371998947658359
1,mlp,13490,3,6,0.00257699995011528,3.224386299349211e-05,0.00038087299279916366,0.0771283854949777,0.0021541655151241196,0.01547627334253648,0.9022510588414537
1,mlp,864,5,5,1.7647345663837518e-08,2.0006143623450493e-09,3.4490895123314807e-09,1.3979386974485781e-08,4.09083687694199e-09,0.9999999037751338,5.5057592697395675e-08
1,mlp,10306,3,3,2.055996629179615e-09,1.0500091522513101e-10,1.5432582914936332e-10,0.9954618854811923,0.0035125045010899686,1.0622686987769146e-06,0.001024545433695799
1,mlp,10167,3,3,5.186171319739628e-10,5.6607592439194045e-11,4.558849906243459e-10,0.9999018005458801,1.1724331537330048e-05,2.668704289477874e-06,8.38053871834822e-05
1,mlp,197,5,3,9.336678740278286e-06,1.1661927051361318e-06,1.2222745504857236e-05,0.937753978571107,0.00039801749274779165,0.02795590620561048,0.033869372113584435
1,mlp,6933,4,4,1.0573596621850584e-05,1.8086470808621722e-08,0.00016201185067860638,2.2970279509743777e-06,0.9991408904367438,2.986519286685659e-05,0.000654343808666853
1,mlp,2708,0,0,0.9999992977657479,2.3126764717528965e-08,4.317703991350706e-08,1.7432772274144143e-10,3.9344341441323006e-07,2.3215272204925086e-07,1.0159983337685612e-08
1,mlp,4779,2,2,0.0029809020224191903,1.4759888934303898e-05,0.9963785387020778,2.700420401761489e-07,0.0005931415844859377,2.935994996507613e-05,3.0278100775915564e-06
1,mlp,1057,5,5,0.003778761669374488,1.6040408154106882e-05,0.0004526072498616523,0.04790087101106334,0.000275114212425626,0.8050035580860877,0.142573047363033
1,mlp,10891,3,3,2.094183801257236e-09,3.838483335807568e-10,5.131842546892017e-10,0.9988974750618049,0.0006930600521150108,3.3487248076670555e-06,0.00040611317005588717
1,mlp,3242,0,0,0.977430682266089,0.00013383330345075598,0.02232082938452606,6.713747570285641e-09,6.573612786296655e-05,4.886312668382346e-05,4.9077639812308956e-08
1,mlp,13411,3,6,0.00037423820119740806,7.739189798784423e-06,0.00018393223955150018,0.08888246901359671,0.0014411715364788427,0.00134888811933212,0.9077615617000446
1,mlp,5455,2,2,1.1393554211648928e-06,2.4705381956969916e-05,0.9998413751053261,5.014173621972295e-10,0.0001315783852417644,1.2008613742098595e-06,4.09262741714433e-10
1,mlp,5468,2,2,0.00016691868092222106,5.9835564460300345e-05,0.9995818691396637,4.800574294988794e-10,0.0001823594171160635,9.01619055029272e-06,5.272298970127057e-10
1,mlp,4838,2,2,0.019414575752208896,0.001394658840100783,0.9788857071673526,3.2803186427452644e-07,0.0001440842377378917,0.00015974849620883363,8.974745267087384e-07
1,mlp,1427,5,5,1.0570973417267209e-05,8.3850272945951e-07,1.6041275985358354e-05,8.395840480040274e-05,5.138297932841415e-06,0.9996096636011493,0.00027378894398549347
1,mlp,3271,0,0,0.9999997781888813,1.168288321192978e-07,1.711083468417566e-08,6.812736479922433e-13,1.999118840552097e-08,6.784609475123011e-08,3.348716724176014e-11
1,mlp,7165,4,4,0.0006274372111870316,2.0297695058682356e-07,0.03635336773302234,8.110547138245093e-06,0.9622147936898942,4.601786050856869e-05,0.0007500699812990876
1,mlp,2016,5,6,0.023727526355532644,0.00011258402804361766,0.12584229193771568,0.0010241926392689183,0.0034724325576864852,0.07329098729790323,0.7725299851838494
1,mlp,13487,3,6,0.00016687523515243561,7.825086136309577e-06,0.00019541031591784663,0.2815085229603481,0.0028937540881583527,0.0064312686449287644,0.7087963436693583
1,mlp,5323,2,2,0.00088067935312791,8.559665894114257e-06,0.9985822764030216,8.059244309475635e-09,0.0005109898830846458,1.7456517927119056e-05,3.011769994202198e-08
1,mlp,6417,4,4,3.4168683741114463e-06,7.697438480627826e-09,1.879064417537154e-06,5.187516855806976e-06,0.9984543428135008,2.55498186205864e-05,0.0015096162207928828
1,mlp,9620,6,6,0.009365796672276909,3.437431805859183e-05,0.0013824365035079776,0.0009354139720683352,0.000984718089587527,0.0041801936937279835,0.9831170667507727
1,mlp,9919,6,6,0.06919486853724931,8.459642441065979e-05,0.010266587476748017,0.0007221811028264392,0.016631401218495264,0.00647185446708023,0.8966285107731902
1,mlp,7523,6,6,0.000129988958015732,2.449853280316738e-06,2.4523962246063532e-05,0.3763801192654117,0.07911271312187106,0.00028690128141393035,0.5440633035577611
1,mlp,8996,6,6,0.0005270092703359545,6.059740841420479e-06,9.913462990807739e-05,0.01018241823078399,0.05167766749662448,0.0026984097707616036,0.9348093008607444
1,mlp,7657,6,3,0.03697140964231485,2.2782060944222982e-05,0.000916824102256561,0.5150799242866305,0.008814601390915566,0.013937126718462818,0.4242573317984755
1,mlp,7217,4,4,4.931498076548145e-06,1.545467478735457e-08,0.05733008320713445,1.0134557333343344e-06,0.9425996635105732,5.367400225693347e-06,5.89254735820051e-05
1,mlp,10554,3,3,5.4825341088407754e-09,6.17109097873536e-10,1.2249425180812397e-08,0.9994418958362625,1.148509249198484e-05,0.0001453738429156582,0.00040122687926156007
1,mlp,10453,3,3,4.752586909435007e-10,1.4180497121591187e-10,8.114573659463128e-10,0.9998519977234629,1.6447135384635577e-05,1.0588318998679854e-05,0.00012096539363276778
1,mlp,6436,4,4,2.612114978583732e-07,2.8036063997061633e-10,3.3970960382226126e-05,3.3849521460228735e-07,0.9998734517949737,8.932539659663427e-07,9.108400360513302e-05
1,mlp,1088,5,5,1.7201337194317216e-07,1.0838131459236295e-07,1.3467473514045506e-06,1.8671160126246418e-05,9.353896637786173e-07,0.9999653898469939,1.3376461178194258e-05
1,mlp,7421,6,6,5.709955336589193e-05,1.9342710485827628e-06,2.606460184934961e-05,0.44994253882663915,0.0027551129734300953,0.0004818813578540331,0.5467353684158128
1,mlp,7244,4,4,0.00028824151177385583,2.969255268655307e-07,0.3929306228211557,4.969692265332198e-06,0.6063216094072669,4.6668199393139736e-05,0.000407591442618218
1,mlp,2907,0,0,0.9999916481012566,1.0436761127152922e-09,1.60935797997766e-10,5.640002276330794e-12,1.5303584671324812e-08,8.334859583555434e-06,5.253230785713206e-10
1,mlp,5464,2,2,0.05123316603317107,0.0016350616492399933,0.9468762300600376,1.4876991100186907e-09,0.00020416588949219436,5.1373463158663065e-05,1.4172012151186555e-09
1,mlp,6363,4,4,5.344725901172248e-06,1.624156080055717e-08,5.64147056173438e-06,1.1148167593740263e-05,0.9956945550669105,3.404408935277955e-05,0.004249250238119325
1,mlp,4616,2,2,0.0001363338674505898,7.582478081823256e-07,0.9963412464837488,1.777473505049508e-07,0.003510232303814113,7.785800411022349e-06,3.4655494167781033e-06
1,mlp,7769,6,6,0.00022790470583209884,5.653277319014752e-06,0.00013411701219949863,0.10486894775959295,0.000953761283227111,0.0009997213639819796,0.8928098945978474
1,mlp,12198,3,3,1.1319278807767026e-06,9.817361029398939e-08,8.223604579125056e-07,0.9723864197530029,0.0003202833904324178,0.00021513050913508545,0.027076113885480733
1,mlp,6517,4,4,1.4519551273572035e-07,1.297439769574718e-10,8.377233341609525e-08,2.3251762331845787e-07,0.999924839081052,7.395998496282719e-07,7.395970388482968e-05
1,mlp,7287,4,4,2.5410453682672657e-07,8.765379683713964e-10,3.4511686542378824e-05,2.0670789342755336e-08,0.9999486940291785,4.888931221983105e-06,1.162970119283649e-05
1,mlp,5921,4,4,1.1008043355037546e-05,2.314078149990083e-08,3.301102554840415e-05,5.999033267823957e-05,0.9966417270515391,1.003509862575324e-05,0.003244205307471969
1,mlp,8858,6,6,0.0006585660813038635,4.252575405810092e-06,0.00037439909179184564,0.002997138063370727,0.0008187647626613758,0.0002580087076985438,0.9948888707177679
1,mlp,6366,4,4,1.2519541996605826e-06,3.857235514853337e-09,2.5360218989836466e-06,2.7656086189971055e-06,0.9994873175659418,1.288913515046873e-05,0.0004932358569546654
1,mlp,1926,5,5,6.316689566763648e-05,1.148186509620206e-05,0.00013182571491548181,2.0527740348989405e-05,3.276597406935321e-05,0.9994574136997678,0.00028281811013454564
1,mlp,12975,3,3,1.8430788589292724e-05,1.4161654638424277e-06,1.1699944395913535e-05,0.6867745518991002,0.0018453376429022304,0.0008624081209609678,0.3104861554385875
1,mlp,11756,3,3,8.247417574238852e-07,4.902748630636652e-08,1.1748364790266352e-06,0.9832182788688594,8.737933772285342e-05,0.0023382079074051165,0.014354085280289895
1,mlp,3500,1,1,0.0004036768388838436,0.9995943346492082,1.9554641247340227e-06,4.937874383480372e-19,3.734938646712544e-09,2.931284461034141e-08,1.9678945362262148e-21
1,mlp,3228,0,0,0.9999020713036028,7.6021923559370185e-06,8.531048034514206e-05,2.685620751806292e-10,3.3805267795196157e-06,1.6319105596223652e-06,3.317794730623478e-09
1,mlp,2904,0,2,0.17167123355804337,0.0030277492653362657,0.8236699938269044,1.302370150011594e-06,0.00017364262386785473,0.0014510756819704456,5.002673727517656e-06
1,mlp,3465,1,1,7.813347190722996e-06,0.9994467803767427,0.0005453211812392565,4.838364119418404e-17,6.624145430699932e-08,1.8853372810581844e-08,2.7124858582598947e-20
1,mlp,554,5,5,1.9061368452168497e-05,3.899422430392645e-06,3.697990343195182e-05,0.11534119881424372,0.00021935326657584274,0.8708319773393399,0.013547529885525846
1,mlp,2501,0,0,0.9999912041281046,6.022792192638801e-09,2.8884226896343683e-08,5.468831320901872e-10,4.669189379173354e-08,8.681169032745844e-06,3.255706658869408e-08
1,mlp,7224,4,4,6.007634173448214e-06,1.2161865863937243e-08,0.031649294528312014,4.951224135894634e-07,0.9683008762231128,6.973945941912165e-06,3.634038418048575e-05
1,mlp,3211,0,0,0.9996890202627632,0.00012719753816468475,0.0001452961053047515,3.9303302654574716e-10,1.0759892406713927e-06,3.7400113617225316e-05,9.597876633493302e-09
1,mlp,11921,3,3,1.0810853896993209e-07,1.9888894233652764e-08,1.1849190438698426e-07,0.9961183173754228,0.0003592805559642411,8.455050235535884e-05,0.003437605076919842
1,mlp,13370,3,3,5.675639378062817e-05,5.016995733274791e-06,9.224622184806928e-05,0.5305022271986264,0.004538008985418548,0.006055885163185918,0.45874985904140725
1,mlp,8499,6,6,0.0003401389526656749,1.2421980874722623e-05,0.0002486631603094042,0.039980047885984894,0.0012513246333098998,0.010688478310195629,0.9474789250766598
1,mlp,11531,3,3,3.784241593048928e-08,7.470038301913271e-09,6.180921301976469e-08,0.9974959754098524,7.360717078465167e-05,0.00011316775124371807,0.002317142546451876
1,mlp,9613,6,6,0.0011364230340984835,1.6184009555111672e-05,0.0033401804001870743,0.0019527680455820639,0.0009704457645558245,0.018072885943537544,0.9745111128024838
1,mlp,1850,5,5,1.890474341791094e-05,3.1279344975103024e-06,4.1295383631476816e-05,1.0978260365176661e-05,6.653498353080514e-06,0.9997941807161218,0.00012485946361303428
1,mlp,8506,6,6,0.0002650256324613271,4.3052310470380965e-06,0.0002793600657448418,0.01088077898575444,0.0009368007128578104,0.0011045689080166616,0.986529160464118
1,mlp,2214,0,0,0.8068731734373352,0.00033665478570653535,0.07185741280016243,0.0002539379818065905,0.0056871756422625696,0.025299052701388575,0.08969259265133818
1,mlp,5131,2,2,0.0002242165259489601,2.049133273777838e-05,0.9996905218562472,3.3903957276939275e-08,5.960377235683445e-05,5.038880249164957e-06,9.372850270268223e-08
1,mlp,12366,3,3,2.1853038793240094e-06,1.5393109948745078e-07,1.8321909728874697e-06,0.9427509657850466,0.00040062469318291057,0.0006072619311732958,0.0562369761646455
1,mlp,9961,6,6,0.06334402273813684,7.260702631409936e-05,0.03469760293921951,0.0005814352703670193,0.016756829926556128,0.004841622160940826,0.8797058799384656
1,mlp,10543,3,3,1.6126658225501776e-08,6.09322247369238e-10,9.586707500894142e-09,0.998837646202463,3.85894706055582e-05,9.806999618889143e-06,0.0011139310046249414
1,mlp,1441,5,5,0.017186564779441745,1.7772614783017553e-05,0.000565290893017554,0.0036177004432280603,0.00010274824318792588,0.9436449900299336,0.03486493299640798
1,mlp,3272,0,0,0.9999571840591874,7.0847106976046395e-06,3.366817430429817e-05,1.1383596993305624e-10,1.1710258320889092e-06,8.90873442789707e-07,1.0426994657437116e-09
1,mlp,6836,4,4,8.982099869406125e-08,1.216760114495551e-10,1.5996558452074566e-07,8.122185932902967e-08,0.9999649476211797,1.159177603334137e-06,3.356207109842158e-05
1,mlp,3114,0,0,0.944903144894574,0.0016170816256717328,0.05325691271923282,8.93842037138088e-08,0.00010972328728831558,0.00011274017883831922,3.079101913188336e-07
1,mlp,2342,0,0,0.9442700377422549,0.00014810850759354916,0.053992916838039494,1.4599691481689833e-05,0.0002801922353144673,0.0007932042034780788,0.0005009407818378211
1,mlp,702,5,5,2.5648825853407555e-06,9.751374087298175e-07,8.56781473966728e-06,0.003177850667805855,2.552326571862994e-05,0.9961833568694138,0.000601161362327991
1,mlp,1352,5,5,0.00896008576991861,1.72107029138042e-07,2.244067967694234e-06,0.0009488645236217726,1.4676167862574718e-05,0.98268820404797,0.007385753315630341
1,mlp,9203,6,6,0.0018175408582878408,6.944611828067994e-06,0.0006182414943512002,0.001943355996474391,0.004788511313822822,0.0003069046508321667,0.9905185010744035
1,mlp,8479,6,6,0.0027888616049625723,0.00011179840969851463,0.0012948557172770727,0.05195134601022429,0.002345421428227129,0.16315526353777254,0.7783524532918379
1,mlp,7332,4,2,0.0061413417372801656,2.8032508670582074e-05,0.990875288584697,3.212690888043568e-06,0.002770062770414922,9.282556442293866e-05,8.923614362646856e-05
1,mlp,11491,3,3,3.360426413331907e-07,6.853323156006339e-08,3.8705254253473473e-07,0.9946807800303319,0.00015062084734579416,0.00212058366676101,0.003047223827145607
1,mlp,10512,3,3,2.2889575834438138e-09,4.185519176372981e-10,6.559885111980584e-09,0.9994966173162623,1.1586016716799402e-05,0.00010980151461783709,0.0003819858850082532
1,mlp,10866,3,3,2.5249297227219065e-08,1.9820213631837748e-09,3.3951122589912486e-08,0.9969762292713505,3.391428776200597e-05,0.00016621370676991488,0.0028235815516760633
1,mlp,11,5,5,9.836388274347125e-09,2.1489232200178095e-09,1.8343587473717826e-08,5.9174884263094055e-05,9.09215769792927e-08,0.9999378105131334,2.8933521276095984e-06
1,mlp,11161,3,3,5.864434336080517e-09,1.3508792272970553e-09,2.8682931901001527e-09,0.998603565040477,0.0003972828783191993,9.037516051782236e-06,0.0009901044815452445
1,mlp,7854,6,6,0.00017622566881531011,4.62652446479337e-06,0.00011947575102599349,0.09583289961066495,0.0011168613118310623,0.0008549608824183669,0.9018949502507795
1,mlp,10188,3,3,4.671579144057429e-10,1.345106178328744e-10,2.83005462724687e-09,0.99894047449678,3.5206143628603847e-06,0.0009997315952647173,5.6269861869330806e-05
1,mlp,9196,6,6,0.000215550883304226,4.183076400037714e-06,0.0007460654524507376,0.003123216962703078,0.002599305735636419,0.0032288692045337707,0.9900828086849717
1,mlp,12977,3,3,2.103648753217805e-06,6.103699438294682e-07,4.5814785692572276e-06,0.9598125522507248,0.0006461485272818748,0.006959374644018152,0.032574629080708954
1,mlp,4692,2,2,0.0019893147309259012,1.8586175405614724e-05,0.9975572469029644,2.2895470751278316e-07,0.00036663265739369616,6.475333590713912e-05,3.2372426957250726e-06
1,mlp,5569,4,6,2.1407830735422113e-05,1.3821645433175144e-07,3.217111683693419e-05,0.015511708858041316,0.4149119088072011,5.0503806854525996e-05,0.5694721613638764
1,mlp,8738,6,6,0.0036723641556920318,6.557120663023492e-05,0.0018288800831923991,0.01841303673127819,0.0009329965313560182,0.05837849542022124,0.91670865587163
1,mlp,8126,6,6,0.005287272850660038,1.9885612107259468e-05,0.0007222110045693043,0.041884694664646845,0.0009022273201139496,0.0055109888144549,0.9456727197334478
1,mlp,8562,6,6,0.00047505905440348276,1.7011616927194863e-05,0.0003951746538808775,0.05035001688984009,0.0010013791989708812,0.013639124915539133,0.9341222336704383
1,mlp,7787,6,6,0.00044548231077493105,4.363216772411799e-06,0.00012658057953820315,0.05708813905633342,0.015075880153491853,0.00031890994561229813,0.9269406447374768
1,mlp,5446,2,2,0.0011086293251827012,0.001987100640888152,0.9967744566422461,1.5611613575947067e-09,0.0001208040816059279,9.006763189514429e-06,9.8572621019301e-10
1,mlp,3712,1,1,3.0542521778719713e-07,0.9999962872772585,3.406139171642732e-06,2.6649295212723834e-21,8.423548769524889e-10,3.1599708890894444e-10,2.2747330268789275e-25
1,mlp,4269,2,0,0.728552482520644,0.00012960832773204365,0.27084006040567093,4.054611880306849e-06,0.00023493946751852965,0.00019168262759904385,4.717203895506286e-05
1,mlp,5894,4,4,4.892231400964643e-06,1.5448739564007553e-08,3.2846103803581533e-06,5.9446340172648344e-05,0.9984201631723982,1.0042978479364956e-05,0.0015021552184288013
1,mlp,10705,3,3,3.1002692990042237e-09,6.624775969496318e-10,3.5572874531070482e-09,0.99973720800831,5.462711869409883e-05,9.396802919228992e-06,0.0001987607500421969
1,mlp,7690,6,6,0.00011331870226264323,4.93640170470052e-06,9.536022524608587e-05,0.42552495715062755,0.0024106136543877656,0.0017696251913111639,0.5700811886744601
1,mlp,4171,2,2,0.010916856826183657,3.057667767880221e-05,0.9867475468433609,6.79715896740596e-06,0.00182062434220016,0.00022222805581998819,0.0002553700957890882
1,mlp,10793,3,3,5.395128652981102e-09,7.686484582924925e-10,1.1700673301315864e-09,0.997185299431564,0.0006023787849887623,5.421328815054784e-06,0.0022068931207878235
1,mlp,3687,1,1,6.030359223193775e-08,0.9982479550823352,0.0017519337141406138,1.4865915831077852e-18,5.004318759702866e-08,8.567444856654566e-10,1.8547010662443582e-23
1,mlp,3749,1,1,3.0612380784004145e-08,0.9999986348835087,1.3341926577997895e-06,6.103920278636676e-22,1.0625598158604387e-10,2.0519669713478955e-10,3.1990450166738483e-26
1,mlp,9107,6,6,0.00016568178792112943,2.0163903056184617e-06,0.0005284731528742527,0.0014991227597867664,0.001175707084907393,0.0004873386316264653,0.9961416601925783
1,mlp,4614,2,2,0.00015468981073105573,1.0993973048148373e-05,0.9997389942322101,2.8517371223626753e-07,8.966899501130865e-05,4.040155634399042e-06,1.3276596524357362e-06
1,mlp,4490,2,2,0.00950018441903028,0.0001415816342148844,0.9901040043680746,1.543847266953664e-06,0.00017378490775870047,6.790430540658515e-05,1.099651824792021e-05
1,mlp,4131,2,2,0.05156836589272857,5.904559236650401e-05,0.9476833427797114,3.3491800556831094e-06,0.0004117423687546021,0.0001966702976467788,7.748388873669493e-05
1,mlp,3002,0,0,0.9999995702583505,3.87716352269788e-08,6.721602457734858e-09,1.7628306481229026e-11,1.8928605198810175e-07,1.9315667847253367e-07,1.7880528813454364e-09
1,mlp,8807,6,6,0.0021742516333090153,3.84761951655975e-05,0.0019029019768564903,0.0091536701415365,0.0005489804661124668,0.0452477891906571,0.9409339303963627
1,mlp,12773,3,3,5.431547444876309e-06,9.179760993902195e-07,8.744750464272327e-06,0.9587924586478546,0.000574990176579488,0.0037283755665354695,0.03688908133502174
1,mlp,2776,0,0,0.9995062364661959,0.0001703070683110975,0.00017397920709185432,4.857047115206207e-08,1.9917210805745363e-05,0.00012794171447401545,1.5697626501198457e-06
1,mlp,13398,3,3,8.463446653949947e-05,8.082773987288448e-06,9.717731264686645e-05,0.6866096850425413,0.0015884775978834485,0.022691801342023924,0.2889201414643778
1,mlp,3612,1,1,4.573008006215614e-07,0.9999979929595092,1.5461611178498932e-06,8.33378101595102e-21,2.120366444144547e-10,3.3665356633939394e-09,3.2626219308572512e-24
1,mlp,5865,4,4,4.862615789912435e-07,8.547393349536818e-10,1.1898440107676525e-07,1.3776735259258564e-05,0.9992128445516423,2.3364798088847268e-06,0.0007704361325700387
1,mlp,56,5,5,1.8406364742968725e-06,1.8740947961441812e-08,6.855983297053989e-07,0.0014598379286506974,6.846355264455407e-07,0.9981487485421752,0.00038818391789584164
1,mlp,13358,3,6,0.00035781623513490125,5.705257162921391e-06,0.00016818247754959962,0.12336779727737884,0.0007982580804417219,0.0012401924964642822,0.8740620481758677
1,mlp,4563,2,2,0.0007701557345963467,1.579598408156978e-05,0.9989124955329893,3.54093871896282e-07,0.0002622012930030059,3.521560101888137e-05,3.7817604390129385e-06
1,mlp,6415,4,4,3.2015465238598106e-07,9.032679760480922e-10,7.638925300805414e-06,1.4920123680962444e-06,0.9999393135630179,2.1613588743964244e-06,4.9073082518372604e-05
1,mlp,8723,6,6,0.0007126695593694766,3.2537993872306353e-06,0.00035834042138910873,0.0025865510412878116,0.003976817446000708,0.00024392584909749967,0.9921184418834681
1,mlp,5235,2,2,0.00026134598043703176,7.582472841381266e-06,0.9995061429548681,4.373942027597258e-09,0.00021059559585745688,1.4306798141157158e-05,2.1823912834969325e-08
1,mlp,6094,4,4,0.00023396786624203559,5.473615385312154e-07,0.003274084587542524,0.00030420494764232234,0.9069781936457281,0.00013651980344212488,0.08907248178786442
1,mlp,12907,3,3,2.72615524227354e-05,2.7896420514083416e-06,3.66869054538288e-05,0.8519551748983571,0.0006898524422657324,0.013476479015116519,0.13381175554433256
1,mlp,9313,6,6,0.0010032675530329566,5.656843699367132e-06,0.0011831864558502765,0.0005434337443142308,0.00038571148092056884,0.0017279667168769903,0.9951507772053055
1,mlp,11587,3,3,8.752136128227319e-08,1.532145398769836e-08,1.1367496601492794e-07,0.9971260921067907,0.0001585233745888449,9.05971449404498e-05,0.0026245708558988103
1,mlp,4653,2,0,0.8547288020506315,0.0004207551552308524,0.14386302001037496,3.361860569042408e-07,0.00030917536567765566,0.0006725159939039918,5.395238124033067e-06
1,mlp,7493,6,6,0.00014392403725979768,3.85662997771473e-06,7.66647736438971e-05,0.295512024578842,0.0014458807908129558,0.0019421362400177209,0.7008755129494458
1,mlp,6168,4,4,1.6911450919182851e-06,7.577819136063399e-09,1.2089358688579287e-05,9.061950252979416e-06,0.998244283141247,1.5718535658870813e-05,0.0017171482912415458
1,mlp,4365,2,2,0.0007962307060245683,6.547747597195633e-05,0.9989746669136734,1.6412096452433551e-06,0.00012030807640784868,3.063098895642377e-05,1.1044629320592848e-05
1,mlp,4897,2,2,0.0008180874639750289,3.457013836935975e-05,0.9987103752913681,8.239826469478846e-08,0.00042095770284288596,1.5259789340571557e-05,6.672158392991414e-07
1,mlp,3846,1,1,7.535042743531654e-10,0.999999941410583,5.7824801193869896e-08,4.039954804780474e-25,8.096693609586315e-12,3.014990237221228e-12,3.0581995724936487e-30
1,mlp,4817,2,2,0.00013206538751247518,4.033225924397388e-06,0.998694601663247,1.386749182953131e-07,0.0011587644425931545,8.899626690232227e-06,1.4969791145758294e-06
1,mlp,837,5,5,9.416270139943826e-05,9.186119528245232e-06,7.290072919074222e-05,0.06288287593711346,0.00031627292362808643,0.9082469752277177,0.028377626361422263
1,mlp,8030,6,6,0.00024117756147701551,6.838656574796934e-06,0.00021074798077147394,0.08515536012963426,0.000799378900288956,0.0026390032386463284,0.9109474935326071
1,mlp,2535,0,0,0.9999949260457097,2.593074045956077e-07,1.0082703987577774e-06,2.4899386677826277e-09,2.0856955335762297e-06,1.5214253683559712e-06,1.9676564666313316e-07
1,mlp,6593,4,4,0.0015298657851972597,8.614981118157541e-07,0.0018854333054130817,7.907551832442259e-05,0.9736664898049321,0.00034474301456046997,0.022493531073460738
1,mlp,2752,0,0,0.9999920661296726,2.8527505379332044e-07,2.9244584564313826e-06,9.281582147424238e-10,1.4442814845559193e-07,4.475992865911872e-06,1.0278764470017228e-07
1,mlp,3451,1,1,1.291791112440822e-05,0.9999585395374607,2.8521881228179495e-05,9.4567854647224e-18,8.650681905959926e-09,1.2019504833481302e-08,9.781001608125863e-21
1,mlp,3663,1,1,5.735183647252998e-07,0.9999424692963854,5.694844676170134e-05,1.3860633465941035e-19,7.82216445166439e-09,9.163234922180843e-10,5.982846663999269e-24
1,mlp,13360,3,3,4.5991865376124994e-05,4.513714535637225e-06,3.519992168313813e-05,0.7170946624828496,0.002609424757967109,0.005070587993131455,0.2751396192644569
1,mlp,11881,3,3,2.8802596629603605e-07,3.726847853402888e-08,2.9277641362757774e-07,0.9893452106402202,0.00020841329705194366,0.00014643333385926452,0.010299324658010164
1,mlp,7652,6,3,2.9131208296006897e-05,2.871121097181006e-06,3.124095885980434e-05,0.7894039013089447,0.0018289457886799783,0.003222827234413125,0.2054810823797093
1,mlp,7497,6,3,3.659089417079485e-05,1.9880682799662485e-06,2.675303386756845e-05,0.738495710255978,0.001109958721734067,0.0014172584446197692,0.25891174058134986
1,mlp,10519,3,3,1.2929919552021042e-09,1.9183069599731762e-10,8.63007208796181e-10,0.9998763245053386,4.815247247564262e-05,1.1175761677497848e-06,7.440309818815552e-05
1,mlp,5568,4,4,3.317613782798851e-06,1.4334620260758896e-08,1.3380302188136663e-06,0.004674038704169029,0.9900117858602405,5.755727768433233e-06,0.005303749729200117
1,mlp,4659,2,2,0.00016343149842684777,4.8623966119060965e-06,0.9982985112771441,6.744399897801721e-08,0.001517128249059711,1.4769033394935131e-05,1.2301013637678964e-06
1,mlp,6939,4,4,7.364946164514231e-06,8.798409049296232e-09,0.0026794683263982313,2.442957622731817e-06,0.9970343947772098,5.262974942882793e-06,0.0002710572192526859
1,mlp,9576,6,6,0.0013794246505620068,1.0707270235596317e-05,0.0010425753054727428,0.00044545171145471895,0.0004323204403366941,0.0024874155666682863,0.99420210505527
1,mlp,7310,4,4,9.37319586785712e-05,2.9483278605883907e-08,0.01785749204364822,7.121359618856735e-07,0.9820038389054985,1.4764298456086305e-05,2.9431174478038188e-05
1,mlp,12968,3,3,1.9456652206596353e-06,4.345108497692139e-07,1.6712756001006519e-06,0.9555246810771585,0.0017379414961428317,0.0008837347254801061,0.0418495912495481
1,mlp,8332,6,6,0.0009986248556073097,9.133431208321688e-05,0.0008685604800296015,0.06746534724494982,0.0032560028525247526,0.11424537946712413,0.8130747507876811
1,mlp,10865,3,3,3.439281838497268e-08,3.230479045023728e-09,1.3963721233510758e-08,0.9986448978553133,0.0001649346445613247,4.061195758001354e-06,0.0011860547173486989
1,mlp,7789,6,6,0.0002095866625401787,4.3104539798105475e-06,3.88190936240966e-05,0.07061722058109893,0.0022962773835318584,0.0006816758843175152,0.9261521099409076
1,mlp,10350,3,3,1.8696782789304057e-09,1.913896183719003e-10,3.9553770591700635e-10,0.9994514568376646,0.0001316724718370244,8.942013729723544e-07,0.00041597403251985817
1,mlp,5665,4,4,2.1555053990656482e-05,7.993393734803618e-08,2.4254262519478444e-05,0.0011814313242577783,0.9799894353614212,2.3693827637418274e-05,0.01875955023623603
1,mlp,1496,5,5,1.070131688188646e-05,5.269649066339557e-06,7.259678439855903e-05,0.0007911798196725744,4.772251659271959e-05,0.9978917331337289,0.0011807967796589886
1,mlp,3757,1,1,6.369491569861721e-07,0.9999991673258853,1.9551710079912038e-07,1.033653157427456e-22,6.819050951519166e-11,1.3966648452762716e-10,1.5478637602158772e-26
1,mlp,4895,2,2,7.218494776478369e-05,1.4127922026117752e-05,0.9995834358431911,8.702918089439458e-08,0.0003266107206529234,3.1799961888928174e-06,3.7354099491491147e-07
1,mlp,1131,5,5,0.0019336077868605547,1.2517335001742071e-05,0.0002735604079467851,0.05817870372927224,0.00029163848367172993,0.8256708716533929,0.11363910060385406
1,mlp,1226,5,5,6.829690962295972e-06,1.933133531482961e-08,1.6248392549133422e-08,1.3415788507332109e-07,3.962216562031722e-08,0.9999917317343826,1.229214876430546e-06
1,mlp,2486,0,0,0.94983101425052,5.31105964926182e-05,0.04812633557087217,8.37465950234167e-06,0.0010779985976829309,0.0004892682109965884,0.00041389811393333667
1,mlp,1772,5,5,3.0703721124055456e-05,6.351467626795344e-06,5.7824241484055646e-05,6.333134022856164e-05,3.253700328599452e-05,0.9994429161718937,0.0003663360543568699
1,mlp,9401,6,6,0.005154096659250006,1.389565168792614e-05,0.0016392471587244708,0.0010752513534105967,0.0004924123438778225,0.0006625900702714643,0.9909625067627776
1,mlp,8606,6,6,0.0002953049256806947,3.4733611369040566e-06,5.938126982539732e-05,0.007588745212431056,0.019088836679788456,0.0004960716908393255,0.9724681868602981
1,mlp,7763,6,6,0.00017635265064160421,3.6677873847309317e-06,6.742563574535234e-05,0.15631891751467789,0.014348526489517803,0.00032044127191788044,0.8287646686501148
1,mlp,91,5,5,8.674497497703354e-08,3.313736350246e-08,3.9462478698792154e-07,0.002351149687832199,2.247196623918921e-06,0.9975748747454806,7.121386293790651e-05
1,mlp,5549,4,4,5.365668360586108e-05,2.0855115305944938e-07,1.2532005609472218e-05,0.037439034051015056,0.8374759607539676,2.6756082653680977e-05,0.1249918518719952
1,mlp,12751,3,3,8.246352180006836e-06,9.053441002612319e-07,1.2718664674329364e-05,0.9174264893350157,0.00046078466356780286,0.007180602407889456,0.07491025323257237
1,mlp,1691,5,5,7.648172370348769e-06,2.566408302281603e-06,2.5002612680006144e-05,3.3624432405839794e-05,1.1363535435598729e-05,0.9997556464520577,0.00016414838674839495
1,mlp,3113,0,0,0.9999961231206742,7.851101260314412e-07,1.5603534834588952e-06,8.822529279811908e-11,2.8590322776051646e-07,1.2408962374037769e-06,4.528025871393164e-09
1,mlp,12118,3,3,1.9727255531780586e-06,1.3435628443894472e-07,1.3153288457174749e-06,0.9681702802776005,0.0008523207622574868,0.0001356950065240042,0.03083828154293479
1,mlp,5892,4,4,9.25380667501877e-06,3.347241487890429e-08,5.334937754664982e-05,0.00021412309840019122,0.9913880594458508,3.042478829925813e-05,0.008304756010813338
1,mlp,11132,3,3,2.1416074885706574e-08,4.316909379206048e-09,3.108745438574044e-08,0.99868956394105,5.711151926047587e-05,5.6943647476855226e-05,0.001196324071773972
1,mlp,4854,2,2,0.005681147829258552,4.9680183038929064e-05,0.9939072390482218,7.812089244480959e-08,0.0002951329254767204,6.592377817692356e-05,7.981149343627218e-07
1,mlp,4729,2,2,0.00043364585301671816,2.5895812416389866e-06,0.9966421570044753,2.178354705077098e-07,0.002913333729802556,5.671885366561302e-06,2.3841106270276195e-06
1,mlp,5038,2,2,0.0003376873332572741,9.936568459601332e-06,0.9994428174203265,5.0362900862343856e-08,0.00020614662037350042,3.181156466199735e-06,1.8053821596263511e-07
1,mlp,3170,0,0,0.9999896069058424,1.1334336871520961e-06,3.634186954329823e-07,3.4725657779043276e-11,6.459405534963519e-08,8.828583924282624e-06,3.029069441462171e-09
1,mlp,5343,2,2,8.872006773788123e-06,1.96949423426205e-05,0.9998042727061576,6.097224611965785e-09,0.00016152221283048074,5.619856572003031e-06,1.2178099073755136e-08
1,mlp,5275,2,2,0.0007056154761746357,4.132151664350798e-05,0.9990550024597848,9.688912826982827e-09,0.0001938294162254605,4.20156275527031e-06,1.987950354449248e-08
1,mlp,11904,3,3,2.3138696276538568e-08,1.102712756078463e-08,7.351134929023069e-08,0.9975347809352039,7.068761357556317e-05,0.0010255890756727258,0.0013688346983746133
1,mlp,2775,0,0,0.9983331996982736,2.5771010518864847e-05,0.00160291434931325,4.4501270590907815e-08,8.921678458501092e-06,2.8295476136428193e-05,8.53286028621568e-07
1,mlp,10371,3,3,1.3493585874697177e-09,1.386658888146584e-10,9.428542127807457e-10,0.9997199208284239,3.173318005560373e-05,3.929209953347805e-06,0.0002444143506886385
1,mlp,5689,4,4,2.4804917169201396e-07,1.6875466796992687e-09,1.1565485636541595e-06,0.0001543113298670332,0.9994097342625173,2.0549297705655925e-06,0.00043249319256319634
1,mlp,9764,6,6,0.0014177897955884994,7.656739705768688e-06,0.00045120955083412023,0.000660815257412038,0.019467827482829703,0.0019033180082097803,0.97609138316542
1,mlp,4857,2,2,0.17356080069628982,0.0002467381151478694,0.8249324163189957,2.486086565600708e-07,0.0006243152549549465,0.0006321612643952592,3.31974155981868e-06
1,mlp,4558,2,2,7.60319347788213e-05,6.756095084569325e-06,0.9987238894167682,3.7756829269047533e-07,0.0011595868743052174,2.7673894231814476e-05,5.684216538973616e-06
1,mlp,6717,4,4,1.0242750528418207e-06,2.3093657162474482e-09,1.2433209566204206e-05,1.8572194669044417e-06,0.998754468071395,8.192908405483987e-06,0.0012220220067481078
1,mlp,10253,3,3,1.2721306430918688e-10,3.3534286628330256e-11,1.7419190493089098e-10,0.9999480097842874,9.389980836077925e-06,3.3186527526224263e-06,3.928124718450882e-05
1,mlp,4251,2,2,0.0014730202890894785,1.4241727756172565e-06,0.9644301593351853,2.6860327336319758e-06,0.03390590150390545,5.180701043851756e-05,0.00013500165587219547
1,mlp,4206,2,2,6.592611613550023e-06,5.509823567745805e-06,0.9942473025020915,3.9628631403489207e-07,0.005705851353703009,2.737695414848799e-05,6.9704685616878765e-06
1,mlp,10736,3,3,1.0155850699870593e-08,1.1733447846436983e-09,4.870425600764596e-09,0.9988542067887577,0.0003411952827785414,2.8780043176601933e-06,0.0008017037245248871
1,mlp,1029,5,5,1.7424211107500417e-07,7.754121916354808e-08,9.545099712750814e-07,1.2490455835077364e-05,5.79740630598857e-07,0.9999750856227279,1.0637887505074694e-05
1,mlp,10846,3,3,1.0879834305462203e-08,1.2191186181597015e-09,3.251713502617719e-09,0.9977860774912872,0.00042821134994004304,7.0005957869533145e-06,0.001778695212319386
1,mlp,1179,5,5,1.3594779117630152e-06,4.7527509463741616e-07,7.324986814045206e-06,0.00015566235934780926,5.061363724100217e-06,0.9997032427922655,0.00012687374484205455
1,mlp,737,5,5,7.932681807968316e-05,5.95215098896008e-06,7.24161658008328e-05,0.05341611728127131,0.00017444327765509044,0.9181919535071504,0.02805979079905377
1,mlp,5463,2,2,0.0001251722995830241,6.932625429514114e-05,0.9996932819452561,1.1703836550642642e-09,0.00010769271592820922,4.524597861808653e-06,1.0166918307083994e-09
1,mlp,4871,2,2,0.00035864061003061117,0.0001338614412162166,0.9994273348190144,2.0993616202132372e-07,6.170795997287863e-05,1.7701269878344226e-05,5.43963725568347e-07
1,mlp,3921,2,4,0.0025674497613867578,1.8856357887822608e-06,0.0025736344409140956,2.254364339081903e-05,0.9808100689615888,0.0017683092578748415,0.012256108299055964
1,mlp,12868,3,3,8.850352445714688e-06,8.021266850091533e-07,1.1228951862959155e-05,0.9444961420788516,0.0004544612546122296,0.002906022854540121,0.05212249238100215
1,mlp,1151,5,5,4.7621042185723846e-08,9.678552993490682e-09,2.055565280908843e-07,1.9930720328181257e-07,2.9898879875713185e-08,0.9999988267679747,6.81169818881457e-07
1,mlp,9302,6,6,0.000637578013635585,4.7734781719194736e-06,0.0005923917929039382,0.0015254609475820397,0.005315925951512039,0.0004955629819422906,0.9914283068342522
1,mlp,8007,6,6,0.0003057504171016401,4.8157745203378124e-06,0.000170235975117431,0.06095168328438039,0.003690458051916713,0.0015438280675962235,0.9333332284293672
1,mlp,4539,2,2,0.0034690530993402523,0.00016014547135679763,0.9962435728964582,1.2282717837834203e-06,7.202007294871852e-05,5.028891921073737e-05,3.6912689014814564e-06
1,mlp,9225,6,6,0.0004917353386863561,9.159323785748664e-06,0.00021840587962131683,0.004748051913302506,0.0014957365925836294,0.0021811347537418566,0.9908557761982786
1,mlp,4663,2,2,0.012107927153336145,0.0002322896267305505,0.9872338823633071,3.069857498213414e-07,0.0003080950501986431,0.0001144861076215944,3.0127130559594465e-06
1,mlp,12016,3,3,2.0735966886691957e-08,7.293801712557936e-09,2.5909786806650932e-08,0.9966380865912647,0.0005497629070367497,0.00011148626178659382,0.002700610300356389
1,mlp,5903,4,4,3.277607209793054e-05,8.95628920956045e-08,1.6115486365321912e-05,0.000173141122006129,0.9742459146169687,4.700725885508144e-05,0.025484955880814668
1,mlp,1161,5,5,1.8340203512117959e-06,8.089215003899248e-07,7.801297540364287e-06,0.00018984715771179573,8.428096978848401e-06,0.9996181876462652,0.0001730928596522284
1,mlp,13307,3,3,4.039544623994901e-05,3.7728650643686586e-06,3.3108685818485913e-05,0.6635573816375909,0.002769708850874292,0.003057031323051943,0.33053860119136014
1,mlp,13364,3,3,5.3037807972626806e-05,5.312498023477377e-06,6.0701785638461595e-05,0.7397976252744004,0.0015173850054664498,0.011090245932583773,0.24747569169591468
1,mlp,8625,6,6,0.00028532267432253365,2.316805124168826e-06,0.0002337619869753751,0.0021835256843794233,0.0011158298144179231,0.00027234425837121764,0.9959068987764095
1,mlp,830,5,5,2.861722019019037e-07,7.544187340365982e-08,6.885873315990047e-07,2.112573749013122e-05,7.084877679844205e-07,0.9999627454537904,1.4370119544816469e-05
1,mlp,4022,2,2,0.012428682678747785,1.489521106367373e-05,0.9780815348012198,2.6992339603508596e-05,0.00618088741578879,0.0002631453112884811,0.0030038622422881908
1,mlp,2713,0,0,0.9991586888291105,3.6752527840683864e-05,0.0007232910548588409,7.418724150966125e-08,7.555375125632497e-06,7.11886071669819e-05,2.449418656044433e-06
1,mlp,3250,0,0,0.9998662265635788,8.036169990420569e-05,4.7197914750078916e-05,2.066356748890649e-10,8.019157963304499e-07,5.409749268300193e-06,1.9500664604322796e-09
1,mlp,2280,0,0,0.9998751939687148,9.406927409392728e-07,2.683901395846906e-05,8.963328115010662e-08,1.0648634193413989e-06,8.67518423087269e-05,9.119985576079889e-06
1,mlp,10487,3,3,8.556107628096862e-08,6.367234973422357e-10,4.4328208979308364e-08,0.9958914074498415,0.00012195513687350187,0.0001508453758183964,0.0038356615114579634
1,mlp,6491,4,4,7.199321982719459e-05,2.074852068123461e-07,0.010225522091809904,2.7722533304233907e-05,0.9782834310076902,7.793682320635319e-05,0.01131318683895506
1,mlp,10996,3,3,2.9290850566184255e-09,1.0364066806901375e-09,5.975846930253528e-09,0.999710070958639,2.4713080154293768e-05,5.2785251335171436e-05,0.00021242076853273035
1,mlp,11503,3,3,2.5698481716231367e-08,6.288163152548391e-09,4.360029019216095e-08,0.9984760372486208,8.078492377614812e-05,9.060746272698544e-05,0.0013524947779409045
1,mlp,11887,3,3,1.1493135925850546e-07,1.9733676853356355e-08,4.150967809975872e-08,0.9851662236363882,0.0015726939365880057,5.3283607496914994e-05,0.013207622644812783
1,mlp,3955,2,2,0.0010594383992709154,7.531535512669277e-06,0.9823994052544122,2.5427314316262832e-05,0.012239804628112392,0.00033350852303854476,0.003934884345336851
1,mlp,2604,0,0,0.9999635092521388,1.5106562584517681e-06,2.1280928879490665e-05,6.312736644189481e-09,8.948627878331545e-07,1.2226710046946549e-05,5.712771516707349e-07
1,mlp,9463,6,6,0.17117370197283455,0.00011421084223711383,0.004248951129642617,0.005077766398501139,0.0033673201508574086,0.007030565048425693,0.8089874844575016
1,mlp,5511,4,4,1.1061637301740613e-08,5.489953971566653e-11,8.36462937270076e-10,0.0029546394930205977,0.9969377215626807,7.742984782608165e-08,0.00010754956145107531
1,mlp,8131,6,6,0.00022769915440811457,3.1436913605932077e-06,9.05193224574371e-05,0.014148494866887514,0.0009940811924971336,0.00013115734409264732,0.9844049044282966
1,mlp,3989,2,2,0.005495392254674601,1.250641478627153e-05,0.9869976989793671,2.265458120795484e-05,0.00490301264899384,0.00016718906343575994,0.0024015460575343003
1,mlp,7673,6,6,2.4255689498564842e-05,1.874089234432393e-06,2.948901312397589e-05,0.49543392324879265,0.00289194956173426,0.0019810515118732245,0.4996374568857428
1,mlp,11677,3,3,4.365948994416482e-09,1.5663391254966863e-09,3.6466724599575917e-09,0.9991057051240642,0.0002436271821614022,2.357531780675818e-05,0.000627082797007105
1,mlp,4423,2,2,0.02485416246742706,1.170029900419412e-05,0.9705915515908303,1.642921377840001e-06,0.0044369094309490344,5.9919638623881465e-05,4.4113651787595754e-05
1,mlp,9742,6,6,0.003698646848936014,1.887255446480068e-05,0.0011979129789880599,0.0005210509135419696,0.0008058707845780347,0.002183984685000858,0.9915736612344902
1,mlp,10074,3,3,1.4486781821268114e-11,3.387131914840521e-12,1.2062142237258671e-11,0.9999844135575138,6.595871926394675e-06,3.9430845732224045e-07,8.596232166493867e-06
1,mlp,1382,5,5,4.694944193343264e-07,1.7772876198413317e-07,2.287458478517389e-06,7.284787969832077e-06,9.191503389316826e-07,0.9999763462743059,1.2515105725430838e-05
1,mlp,7397,6,3,7.659374957650812e-06,4.1031757578473836e-07,4.214260017633176e-06,0.8761530825293404,0.005639462133929081,0.0002548971256122554,0.11794027425856711
1,mlp,3373,1,1,0.0007567241241296362,0.9960100860235596,0.0032322004850008643,5.259401745938453e-15,4.949916786101313e-07,4.94375626207962e-07,3.154221726448501e-17
1,mlp,6803,4,4,1.2845230554464293e-05,9.60574759044008e-09,1.3360341198420377e-05,1.8671063267532592e-06,0.9989861620057406,1.2897994371330983e-05,0.0009728577160607867
1,mlp,6498,4,4,8.595678313921158e-05,3.1104921161977477e-07,0.003298208693561896,7.075705267068684e-05,0.9758229200279978,0.0002604752036406085,0.020461371189778043
1,mlp,7527,6,6,0.00014418911049679306,4.121168066829714e-06,7.275681608027053e-05,0.3277836549705715,0.0022242490868467145,0.0007592889242332368,0.6690117399237047
1,mlp,7805,6,6,0.00029232671270052363,2.2614171482102868e-05,0.00016239527551744766,0.2971014078317006,0.004279725263008374,0.011945595930015806,0.6861959348155752
1,mlp,6774,4,4,0.0037919036864339692,1.928058164920066e-06,0.03505042714566036,8.071365794055181e-05,0.9161035749156808,0.0004550811338611645,0.044516371402258254
1,mlp,8757,6,6,0.0007389296635753748,8.112663581520155e-06,0.00038578735438679233,0.009527364309238484,0.0012086955586010954,0.0015220955190712309,0.9866090149315455
1,mlp,10696,3,3,5.160707053586721e-09,9.496897375061186e-10,4.02538467560805e-09,0.999726343794853,5.4453740467459594e-05,6.615608787445648e-06,0.00021257672011063613
1,mlp,6241,4,4,1.8254358500791634e-06,3.5612609630258088e-09,3.9093567685482e-06,4.481458053958149e-06,0.9986754117561882,6.760195764315322e-06,0.0013076082361138048
1,mlp,13113,3,3,1.1675716236691295e-05,1.4136894622137104e-06,7.963853955278294e-06,0.8659579495639773,0.0037912079164648363,0.0008062577319916595,0.12942353152791197
1,mlp,7957,6,6,0.0002365200845497917,4.93021206379708e-06,0.00012329916041839498,0.05754792016669238,0.0014981597766959532,0.0004563073462838937,0.9401328632532958
1,mlp,11917,3,3,7.557125973166227e-07,6.662091777792149e-08,6.398968895932654e-07,0.9793858996376242,0.00027523441954797195,0.0001329456825810733,0.020204458029841995
1,mlp,8876,6,6,0.0005336099399478152,1.6490036643547246e-05,0.0012754421601757302,0.008701945277492039,0.0006337625056391758,0.01524155566476493,0.9735971944153368
1,mlp,5928,4,4,9.192793242966496e-07,2.19640576849231e-09,9.272988938861201e-07,1.0623521162506203e-05,0.9995179731239408,4.890999141732726e-06,0.00046466358113086173
1,mlp,1674,5,5,1.5189343955402913e-06,5.413789727450502e-07,6.5620370833267395e-06,3.7845777463191905e-06,1.6862935116161844e-06,0.9999682560671197,1.7650711170671058e-05
1,mlp,1376,5,5,5.522627917237531e-07,2.055161952918616e-07,1.897898557711716e-06,7.5244784434831285e-06,1.2030863936593847e-06,0.9999770193997711,1.1597357847024627e-05
1,mlp,9708,6,6,0.006885933783759993,1.8955143775942805e-05,0.0013976107354907504,0.0007938470800876852,0.0007566261233402797,0.0007667499066982023,0.9893802772268471
1,mlp,466,5,5,4.703085875243293e-07,1.3158736361927856e-07,1.6907290879896224e-06,0.000499727801056902,2.891279740354516e-06,0.9993726878297904,0.00012240046437323466
1,mlp,910,5,5,6.064171838828775e-09,2.8470476862207134e-09,8.242789450026716e-08,7.672363371673225e-08,8.33194073180114e-09,0.9999996125921586,2.1101315284582408e-07
1,mlp,13165,3,3,8.255305299639397e-05,3.7392628318354183e-06,5.806716201096113e-05,0.5609936311834733,0.0012472426694163693,0.0017213599824052572,0.4358934066868659
1,mlp,7935,6,6,0.018042459483440663,3.7759893700378664e-05,0.001325104808355588,0.07408976933404811,0.002228360328922356,0.01037450820064049,0.8939020379508924
1,mlp,3755,1,1,1.832338322644345e-07,0.9999983316492193,1.4846709928372175e-06,4.134698740257612e-22,1.5129320965215471e-10,2.9466271623504754e-10,3.1590949692680503e-26
1,mlp,2910,0,0,0.9720183168309556,7.016990061051829e-05,0.027732293743098255,1.6751149189978722e-07,7.993842720639696e-05,9.67505791251669e-05,2.3630075122059262e-06
1,mlp,6960,4,4,0.00011343484191549137,1.836775814622375e-07,0.001686202740653804,7.526087449203533e-06,0.9953403677978626,0.00028428306742698286,0.0025680017871105407
1,mlp,3352,1,1,0.0047186641456856155,0.9726099149998995,0.02266516506828541,1.8760176143216805e-13,3.1614040400646013e-06,3.0943818988822654e-06,2.8228948587906383e-15
1,mlp,5255,2,2,6.739118997931595e-05,7.882851921506482e-06,0.9990122902478226,7.943993501390126e-09,0.000907229266962027,5.157124042841979e-06,4.1375278246025895e-08
1,mlp,1462,5,5,5.6515456534415574e-05,2.050366351335625e-05,0.0002900807251421923,0.02575442441140035,0.0005247387130802805,0.9379673474239703,0.03538638960635937
1,mlp,6820,4,4,2.449049483312426e-05,1.7902918301949738e-08,0.0009198713155403026,2.936130878294672e-06,0.9979746762626976,1.4646844479704139e-05,0.0010633610486527325
1,mlp,3564,1,1,2.25289265745075e-06,0.999979478038145,1.826090950258694e-05,2.754693724042749e-19,6.317080081448079e-09,1.842615135806639e-09,8.822999299019058e-23
1,mlp,11522,3,3,7.153760470351533e-08,1.831224795957864e-08,1.2784536328306394e-07,0.9978295745906014,9.878415206791858e-05,0.00022259139211468549,0.001848832170000021
1,mlp,1596,5,5,0.00020285706093065543,4.361883687340919e-05,0.000391658384041811,0.003966832642443039,0.0003666473333047583,0.9786022327221586,0.01642615302024763
1,mlp,891,5,3,0.0005396680031361755,4.311536426763013e-05,0.00030546681733180353,0.40966723531019117,0.002312730578728556,0.329460527536863,0.2576712563894817
1,mlp,2666,0,0,0.986698129414805,2.4390619575851062e-05,0.013127131947333245,6.835160195611893e-07,7.842641145011691e-05,5.826927326602527e-05,1.2968817550147674e-05
1,mlp,3362,1,1,0.005875182877641922,0.9939202301341752,0.00020091880148748631,2.273823150700904e-15,1.4537843148596741e-07,3.5228082615439626e-06,6.41688030675015e-17
1,mlp,3131,0,0,0.9995896764113661,3.2265906934592504e-06,0.00036944887174635547,2.6117880018227586e-09,3.521563296547572e-05,2.396831143061461e-06,3.305029763316995e-08
1,mlp,8920,6,6,0.0005107828152938506,8.267254336444631e-06,0.00016808442143638835,0.0041424313149582975,0.0017526051139924487,0.0027973237115409416,0.9906205053684416
1,mlp,7414,6,3,8.171153031847258e-06,6.454704471752826e-07,2.5087142970789044e-06,0.7510547072129236,0.010266239845000446,0.00040875734051771644,0.23825897026378232
1,mlp,4970,2,2,0.0016168355985324045,1.0877994016380462e-05,0.9472620884351397,3.0060276414830816e-07,0.050848118037036885,0.0002507291678616702,1.1050164648649353e-05
1,mlp,768,5,5,1.186311638557996e-06,7.646556306245989e-07,1.026605002812337e-05,0.002363474691614055,1.867685414507983e-05,0.9968620029224512,0.0007436285144923207
1,mlp,3720,1,1,5.724443960617251e-07,0.9999981287289819,1.29835758564129e-06,2.8975479756231256e-21,2.1910182151153894e-10,2.499343846085862e-10,1.8359121250274685e-25
1,mlp,12452,3,3,6.4767076504659145e-06,4.3732118139530884e-07,3.288597808018863e-06,0.871614473502452,0.0016089161689588098,0.0002952933913617274,0.1264711143105876
1,mlp,6115,4,4,0.0001503213976211024,5.931446900039102e-07,0.0013373874947672645,0.0001939583052373706,0.9178442922286333,0.0004744165602130727,0.07999903086883789
1,mlp,2148,0,0,0.9786547503549413,1.0524366480826766e-05,0.008240926184053685,4.2166485955713227e-05,0.0071189311040031,0.00023519365513250922,0.005697507849432929
1,mlp,9222,6,6,0.0010933747194332457,1.2611347913162105e-05,0.0011262134247114052,0.0018781759982772496,0.0002726572341890176,0.003416072406962637,0.9922008948685133
1,mlp,8074,6,6,0.005101474085143613,9.172472741173757e-05,0.0009294687080843147,0.11758181505883285,0.0028911146694420094,0.13197277205785118,0.7414316306932343
1,mlp,5361,2,2,0.0002471217276142319,0.00016966012276661732,0.9994323846708226,4.46393173947481e-09,0.00014728234384938868,3.540867250844187e-06,5.8037645652199814e-09
1,mlp,4822,2,2,2.6552903290818282e-05,1.2985608453040216e-06,0.9994282529974705,7.368589662267168e-08,0.0005369742961526794,6.244256843214881e-06,6.032995010024559e-07
1,mlp,10485,3,3,5.012506346241843e-08,4.428159998072995e-09,5.388090055168037e-08,0.9979939310805115,3.07893745025815e-05,0.0011274554647775182,0.0008477156460842043
1,mlp,8099,6,6,0.0005366135383562375,4.293833947357587e-06,0.00019427007726254342,0.05152337139864715,0.024189822009059146,0.0005259709318185046,0.923025658210909
1,mlp,665,5,5,9.510661693213587e-06,6.489188166363384e-08,6.342766648614955e-07,2.9980463739516603e-05,3.9322713011999445e-07,0.9998492468566573,0.00011016962223323181
1,mlp,8470,6,6,0.0004321150352048866,5.607558693035296e-06,0.00023691320319558641,0.037958363485331645,0.0035548768674764143,0.0002862137947739833,0.9575259100553245
1,mlp,2019,5,5,0.2012645608447902,0.0015498095014569112,0.1491373299280755,0.0007699010434400133,0.002672307976766401,0.5530134052090008,0.09159268549647018
1,mlp,4355,2,2,0.00012028755835712061,1.4622055586386006e-06,0.9973954095418184,7.772419327964592e-07,0.0024605446381578064,7.317726567808534e-06,1.4201087607475218e-05
1,mlp,270,5,5,9.533115054088272e-08,3.47142216113299e-08,4.4212348177249677e-07,0.00024948609047299123,9.786734874948556e-07,0.9997206495047352,2.8313562450254412e-05
1,mlp,11906,3,3,5.334510613153912e-07,1.4044060747936018e-07,1.2097817135508305e-06,0.9881477044786686,0.00014538005884939272,0.006994539712975297,0.004710492076124304
1,mlp,3891,2,4,0.0003826590595088995,6.747459972143295e-07,0.07775613421936606,8.472875602377996e-05,0.8993801539316604,0.00017364077571688474,0.022222008511726836
1,mlp,3920,2,2,0.011728338355352166,3.424441341754477e-05,0.8449227448792976,0.00017192451685769299,0.06343270798669745,0.0018533950968599023,0.0778566447515177
1,mlp,5726,4,4,1.366913832679792e-08,1.1020365062178227e-11,5.90038242046675e-07,1.3425396077839276e-06,0.999982881131712,1.926724383725316e-08,1.5153343035693806e-05
1,mlp,5120,2,2,0.0019030097296048399,0.0008373207443520673,0.9972048766881665,9.028416087347936e-08,2.8452815329597858e-05,2.6171562919094185e-05,7.817546726334787e-08
1,mlp,6835,4,4,5.050735270840796e-07,1.6394417547473178e-09,2.4593938834501107e-05,5.688395527067892e-07,0.9999021676857621,6.001729822718163e-06,6.616109305921164e-05
1,mlp,1216,5,5,6.236326801094873e-05,9.758939016964745e-08,2.666308855250983e-07,5.3170146533720116e-06,3.664148927108372e-07,0.9998797409220882,5.1848160078952964e-05
1,mlp,995,5,5,5.9469259929734315e-06,3.733828105162648e-07,8.813685924585418e-06,0.0002093639615309638,3.5163543878938833e-06,0.9993323179468074,0.0004396677425455667
1,mlp,2364,0,0,0.997909062964087,2.957621812324428e-05,0.0017759347539735956,7.232844148367408e-07,4.4992991694910576e-05,0.0001890838431167283,5.062594458964021e-05
1,mlp,11419,3,3,8.939935621895717e-08,2.033126193619114e-08,2.561191750151687e-07,0.9964234958474566,6.0815139732530966e-05,0.000977305252843137,0.0025380179101744896
1,mlp,6830,4,4,4.3806496965484254e-05,7.06584869329028e-08,0.0003153817978454634,4.824065772728351e-06,0.9956923117315394,0.00012885178636330556,0.003814753463026945
1,mlp,5601,4,4,7.006806014715156e-05,7.772816192806707e-07,2.9189334936244454e-05,0.0812226672757763,0.5654944091926535,0.00043763437947486115,0.35274525447539273
1,mlp,11673,3,3,3.972461778976e-05,3.4118054935146464e-07,1.0035225541442498e-05,0.937573878740242,0.00023539084653265404,0.00811632317211036,0.0540243062172345
1,mlp,714,5,5,2.4844882778213954e-07,1.26883171062153e-07,2.061722101152626e-06,0.00017908412210736622,2.178600555959227e-06,0.999740410074113,7.589014912367964e-05
1,mlp,11748,3,3,1.4640068790170394e-07,2.1433646065089365e-08,1.4031063817663562e-07,0.9876357592755501,0.000375774687576052,0.0001578300890298631,0.011830327802871925
1,mlp,6595,4,4,3.754873909717106e-05,1.2496313905199196e-06,0.01706618839184729,2.8677201870638126e-05,0.9762723660478683,0.00012202547527879845,0.006471944512647364
1,mlp,10258,3,3,2.407557944980936e-10,5.0060300888785714e-11,1.747594644522622e-10,0.9999397433107469,2.4165112454541488e-05,9.841611192944567e-07,3.51069501037216e-05
1,mlp,7064,4,4,0.014236318247890607,9.264966869904025e-06,0.4370267410760759,8.912724038390903e-05,0.5214453540176033,0.002096922208775297,0.025096272242401067
1,mlp,3548,1,1,7.85859581965958e-06,0.9999608875355896,3.1245384239794126e-05,7.348755687050219e-19,2.41301672148591e-09,6.071334269530784e-09,2.881354042819498e-22
1,mlp,9341,6,6,0.0017194382710808839,5.730893727576713e-06,0.0012823329073146444,0.0014318626151855938,0.019712775147926097,0.00037319985685765666,0.9754746603079075
1,mlp,13145,3,3,2.562766732600243e-05,1.7225669175292558e-06,2.7481878338819815e-05,0.6492925960111424,0.0052688534658239805,0.001559171125064073,0.34382454728538697
1,mlp,10080,3,3,6.500555940589606e-11,8.540563940093969e-12,2.2055509850361633e-11,0.9999266871724564,2.5122719189309012e-05,3.925163977781677e-07,4.779749635477135e-05
1,mlp,10183,3,3,1.1229510279202147e-10,1.4850572082347032e-11,2.770207985319062e-11,0.9996038125092339,0.0003329811069271362,3.2348046641759866e-07,6.288274852469984e-05
1,mlp,4290,2,2,0.07921801552777263,4.428777179617184e-05,0.9188109009193736,1.8673855714987757e-06,0.00163497115113796,0.0002279435481113437,6.20136962368774e-05
1,mlp,5640,4,4,1.777501024706198e-07,6.496811607212605e-10,3.03278660607343e-07,5.7216914590827743e-05,0.9997847210041672,3.5893623578068826e-07,0.00015722146656210354
1,mlp,10880,3,3,6.69168557612236e-10,2.2440514560512275e-10,5.772298948171611e-10,0.9998392921041058,5.0659468002173166e-05,5.470171719386708e-06,0.00010457678536896079
1,mlp,5098,2,2,0.00045156535994879507,1.060506239307699e-05,0.9941364218946473,7.556958797983954e-08,0.005367551868179799,3.277655235581493e-05,1.003692887124587e-06
1,mlp,1659,5,5,0.0007305501651979853,8.051723408727005e-05,0.0012429620498738856,0.005699484604010844,0.0005069238222109682,0.9397194857040679,0.052020076420551065
1,mlp,5332,2,2,0.012004567245258604,0.002240646652632757,0.9855822075600564,2.247729205231882e-08,9.667470191100855e-05,7.585494447839378e-05,2.641837083284093e-08
1,mlp,1356,5,5,0.0004010553550236776,3.7590479571050708e-06,5.2612714143458864e-05,0.0008023287892431869,2.7227450872831883e-05,0.9949777405533348,0.00373527608942485
1,mlp,10492,3,3,5.739345400832145e-10,1.0018240042891374e-10,1.6073331338943344e-10,0.9997502231463362,8.68438206418258e-05,1.248076762182654e-06,0.00016168412140945903
1,mlp,2064,0,5,0.3865947554689091,4.348816953230436e-05,0.00017825467694989887,3.703668353209033e-05,7.349484012442962e-05,0.6110871576273367,0.0019858125336154452
1,mlp,10082,3,3,6.691945359375172e-11,8.879384303767473e-12,9.966651234899e-11,0.9999546378118598,5.6862715373278505e-06,1.988254388359716e-06,3.7687486748881795e-05
1,mlp,157,5,5,1.8933395203527038e-06,5.847464397991393e-07,6.064531658588347e-06,0.13930260093985256,8.370166393485813e-05,0.8575681045114354,0.003037050267158469
1,mlp,5230,2,2,0.00035354970752944707,2.7133278428057695e-05,0.998916398381612,3.035414333460233e-08,0.0006789047879780397,2.3801394340367904e-05,1.8209596874293231e-07
1,mlp,2411,0,0,0.99998431773767,2.219007045441463e-07,3.6390726004919196e-06,1.2324123667254566e-08,8.88463273652183e-07,9.973679145723658e-06,9.468224818078523e-07
1,mlp,9356,6,6,0.0005708870819881944,4.4549882946923205e-06,0.00011810866646860982,0.0021909049770260634,0.012162564659645849,0.000532494474564161,0.9844205851520124
1,mlp,10656,3,3,6.574160856148451e-08,1.6381940320470469e-09,2.9548181359871635e-08,0.9979220399876556,0.00015584818003629654,6.777675365755082e-06,0.0019152372289583477
1,mlp,6614,4,4,0.00047886512389500236,1.3100837801667837e-06,0.0014797861511723456,0.00010595350117298582,0.9017448879921656,0.0008491640568150367,0.09534003309099913
1,mlp,11874,3,3,1.5917451578070564e-07,2.3045737623692593e-08,1.2014049139045905e-07,0.9950117709354365,0.00046136080470125486,5.5065147968324377e-05,0.004471500751149175
1,mlp,783,5,5,3.6723640811622244e-07,1.7277721813851065e-07,3.0143646334460884e-06,0.00035450031726352496,3.6792255997261318e-06,0.9995378751055662,0.00010039097331076748
1,mlp,13101,3,3,8.892662481914188e-06,1.3084511868840955e-06,1.0707251043074892e-05,0.8869833352939115,0.001315641662953725,0.00342328641172272,0.10825682826670031
1,mlp,3651,1,1,4.3278022071407455e-07,0.9999953644969294,4.201132757974569e-06,1.136997605099411e-20,9.900255849466655e-10,6.000662817021978e-10,1.996163810554329e-24
1,mlp,11280,3,3,1.6946454882586134e-08,4.98124681135632e-09,3.842415730586153e-08,0.9987720586921323,4.5397862039095365e-05,0.00017367597903371332,0.001008807114935953
1,mlp,11988,3,3,2.147363240343475e-06,1.9230376630490917e-07,3.144756688618613e-06,0.9489981998988819,0.00015625000571371133,0.035187388934824905,0.015652676736884426
1,mlp,810,5,5,1.3170596275699067e-07,2.015546150111486e-08,1.201538527709185e-07,1.3606064674074582e-06,1.269906270599236e-07,0.9999965576637272,1.6827239012176294e-06
1,mlp,1986,5,5,0.0009081983165222942,8.326704568318505e-05,0.0034011152573642676,9.094177694011935e-05,0.00013633888988995115,0.9894669246820236,0.0059132140315766605
1,mlp,6457,4,4,0.0004325403247185513,1.800806321249438e-05,0.11328650862261605,0.0007981380087867091,0.5611799109572431,0.0009363735390909242,0.3233485204843322
1,mlp,729,5,5,3.207053664900539e-07,7.003414597948034e-08,1.0646484341985425e-06,4.570051398389168e-05,7.476453530761706e-07,0.9999186044637094,3.34919890068986e-05
1,mlp,627,5,5,6.681518628300668e-07,8.679198549076877e-08,1.488726760443543e-06,0.00018531489164350809,1.3073923810053371e-06,0.9997376737881905,7.346025717613436e-05
1,mlp,4455,2,2,0.002174624403703152,5.023801901037908e-06,0.9963983112299554,4.1301230108631536e-07,0.001400398088796939,1.4744819164207883e-05,6.484644178093971e-06
1,mlp,11591,3,3,1.7275077169391395e-08,5.627592178838408e-09,2.8404787136213923e-08,0.9986929907827398,0.00011118314933452872,8.765741584408182e-05,0.0011081173446252624
1,mlp,3456,1,1,6.23229317180868e-05,0.9999035635100636,3.408161575625689e-05,5.9764000323343316e-18,1.466504644556107e-08,1.727741549752351e-08,1.3004336327357791e-20
1,mlp,10394,3,3,4.471245203391886e-10,8.650119928859477e-11,3.774299625702495e-10,0.9998635164074079,2.5125853931135476e-05,3.126939586509733e-06,0.00010822988801865653
1,mlp,10446,3,3,3.8851950073170625e-10,1.1870088318099008e-10,6.727041916724687e-10,0.9999197047415143,1.259968427767776e-05,8.396824692032111e-06,5.929756959137786e-05
1,mlp,10155,3,3,1.6215750134278503e-11,1.7590988720472936e-12,4.205589619022924e-12,0.9994742917546156,0.0004940417288884353,1.9676153633005815e-07,3.1469732779427916e-05
1,mlp,7568,6,6,8.195791339890053e-05,2.699913639232449e-06,3.0115055438020008e-05,0.42057948796395184,0.0016730045271314802,0.0017976657467271083,0.5758350688797135
1,mlp,4595,2,2,8.714591443074309e-05,4.415772060992223e-06,0.9995385272751189,1.739008899134017e-07,0.00035417968063160336,1.3709599617257524e-05,1.8478572505718648e-06
1,mlp,11352,3,3,9.787011632910356e-07,3.078724853408543e-08,1.0572852845356679e-06,0.9879374853183553,5.5178485903877734e-05,0.001237845449177844,0.010767423972866555
1,mlp,11324,3,3,4.0653556311032337e-08,5.15429422761265e-09,3.985185655508857e-08,0.9979832078332279,0.00030560814789134334,2.6116490612888686e-05,0.001684981868560856
1,mlp,2867,0,0,0.9989593976366008,3.3662129519888396e-05,0.0009672272060774778,2.9380883825129197e-08,8.36551661949321e-06,3.0791926054646944e-05,5.262042436366653e-07
1,mlp,9503,6,6,0.00031368737851157716,7.481602455676925e-06,0.0005759170885944065,0.00356198583283076,0.007372377406643321,0.002536502400511145,0.9856320482904531
1,mlp,5477,2,2,2.3776799716283904e-05,4.7077846164561145e-05,0.9998899247113654,3.0025141724601934e-10,3.77288864115365e-05,1.491332530338302e-06,1.2356042411689644e-10
1,mlp,5974,4,4,6.769309175203746e-05,8.36645001281532e-08,0.0006535535200435779,0.00011519499759683722,0.9053110941546569,7.54389604320875e-05,0.09377694161101834
1,mlp,3855,1,1,1.6029842267317056e-09,0.9999999926079823,5.786197024541223e-09,2.5167614756395916e-26,8.744179966454348e-13,1.9619686815087833e-12,2.2590075482715376e-31
1,mlp,9924,6,6,0.1456146742154442,0.0002137971421098499,0.028497207337407175,0.0007778088277167703,0.0026312096039755872,0.02206691852955698,0.8001983843437895
1,mlp,2858,0,0,0.9937110878121822,9.872372017560498e-06,0.00610124665902655,9.160504246564612e-08,0.00015518051655582387,2.0860251092144384e-05,1.6607840832562925e-06
1,mlp,6638,4,4,4.216165150232491e-06,2.4343183924510213e-09,1.4241963226610254e-06,1.035787030669952e-06,0.9996109773251808,3.3566864997104767e-06,0.00037898740549753546
1,mlp,3430,1,1,6.0423331187055496e-05,0.9996373098014365,0.00030213757761735934,8.033824739687172e-17,9.732385826653834e-08,3.196590087332903e-08,1.2052386674106413e-19
1,mlp,3247,0,0,0.9999986146754978,8.253203769888926e-08,5.764501194047706e-07,1.2382966089252205e-11,6.393371915779453e-07,8.671779646627992e-08,2.749741898346723e-10
1,mlp,12375,3,3,7.762415341542834e-07,1.0696824212543168e-07,5.047153940076175e-07,0.9843077858005075,0.0008880717360585195,0.00014241117929099172,0.014660343358972728
1,mlp,6109,4,4,2.1026996193519056e-05,3.8653419507837684e-08,9.701838057363177e-06,2.678052450797965e-05,0.995791852891761,2.864424745804606e-05,0.004121954848602412
1,mlp,7123,4,4,0.0004927425693656848,7.074654085611606e-09,0.0003183498387265687,6.336563248464179e-07,0.9991289459217566,1.3677397910360733e-06,5.795319938127551e-05
1,mlp,10902,3,3,2.3179254482571768e-07,7.576679195958848e-09,1.2017073049619462e-07,0.9953897669903841,6.638545517500052e-05,3.5924478744145086e-05,0.004507563535742263
1,mlp,1353,5,5,0.0006251730831532872,3.87380506948704e-05,0.0005950906843421264,0.08288983609006864,0.0007025324398720095,0.8097572890399091,0.10539134061196005
1,mlp,8720,6,6,0.0005233581861186681,4.7544418313890545e-06,0.000329706864969232,0.010863148722732956,0.003990960991616277,0.00041644046384260795,0.9838716303288888
1,mlp,261,5,5,9.476095535368088e-09,4.515552804527096e-09,8.437764867762053e-08,7.383712293312489e-06,6.446403494325767e-08,0.9999903815395311,2.0719148436131805e-06
1,mlp,4959,2,2,2.3632430121154758e-05,2.3631607163016114e-05,0.9991505112959058,6.823904838663165e-08,0.0007831904156856712,1.8504133310630527e-05,4.618787650682566e-07
1,mlp,9239,6,0,0.7633478796903903,8.578417572988783e-05,0.005831100645964822,0.0048295685414663165,0.0018689360680156713,0.02652086575328188,0.19751586512515099
1,mlp,4330,2,2,0.0006289058880844468,4.072229518333331e-06,0.9978076822973763,6.168740851620514e-07,0.0015348783102909634,1.0153014492757062e-05,1.3691386152104084e-05
1,mlp,2114,0,0,0.7032725151045425,0.00023814180003971518,0.016149094240058656,0.0004923444040791525,0.01062991741022345,0.009134132810502724,0.2600838542305539
1,mlp,7526,6,6,0.00014455860557987716,3.4918282188172617e-06,5.861105103454878e-05,0.2625389486164259,0.0050540383385404035,0.0005636932710263495,0.7316366582891741
1,mlp,9220,6,6,0.0013161849044039547,4.276531806714868e-06,0.000477156494501061,0.001090357099183519,0.0015078662686883498,0.00016077230751751696,0.9954433863938988
1,mlp,11088,3,3,8.224189565616548e-09,1.4921846448562472e-09,1.3696088513926617e-08,0.9993933736892365,3.387574274916984e-05,3.2564760482996775e-05,0.0005401623950686568
1,mlp,5985,4,4,3.7808938733585684e-07,5.04516230437939e-10,1.487011014567649e-07,3.317314829475723e-06,0.9995735142345615,1.936298810713485e-06,0.00042070485679335305
1,mlp,7701,6,6,0.00016757966078654774,4.1165266862863945e-06,9.371484590151122e-05,0.1666430800482128,0.006365938191564876,0.00119060396692936,0.8255349667599187
1,mlp,6256,4,4,7.530514733953897e-07,1.0525854027568027e-09,2.781329025125517e-07,2.508329061500365e-06,0.9995275840508948,3.547847730542036e-06,0.00046532753535191327
1,mlp,12243,3,3,2.9005552609948863e-08,1.1986116984867584e-08,5.0261313972609704e-08,0.9980066661832331,0.00021910529180663534,0.00017395719750009899,0.001600180074476728
1,mlp,7202,4,4,2.768666719229802e-05,1.4168490246074846e-05,0.30791605364103974,3.3229692707082313e-06,0.691627187927491,0.00027605176914740747,0.0001355285356127578
1,mlp,6911,4,4,6.458944212165578e-06,7.524076940629277e-09,9.720902473789557e-06,6.965201055460004e-07,0.999472413982977,2.1673089685362314e-05,0.0004890290364691
1,mlp,13197,3,6,0.00020356155548590166,3.119462105994356e-06,3.374338962021422e-05,0.10246914334177479,0.007391847125300774,0.0006489045427348605,0.8892496805829776
1,mlp,3387,1,1,0.0018408126649266572,0.993569269647385,0.004588490219987063,3.25901073229305e-15,9.44947597034366e-07,4.825201010913924e-07,1.6630713581068672e-17
1,mlp,6949,4,4,3.226255960386858e-05,6.982132272502545e-09,0.0012615506705146717,8.743237855101059e-07,0.9986068589255244,4.089963808412898e-06,9.435657463089283e-05
1,mlp,8207,6,6,0.00022332369137881343,2.6335884077066424e-06,2.9694933259255182e-05,0.02946808440793391,0.1376198078929352,0.0008238514772555742,0.8318326040088295
1,mlp,3138,0,0,0.9994079265716468,5.639556535525306e-05,0.0005224205806032276,2.8355532085983927e-09,5.888218564287925e-06,7.339960541013071e-06,2.626773616972297e-08
1,mlp,1075,5,5,4.334039569239682e-06,1.0104179786919093e-06,4.319651358063677e-06,0.0003018406317198981,1.580572757848074e-05,0.9994690747242483,0.00020361480754734556
1,mlp,10410,3,3,3.29821033970823e-09,1.6063736124767793e-10,4.4854370544251846e-10,0.997387735798777,0.0019991687063395753,9.506278993810322e-07,0.0006121409595927494
1,mlp,3996,2,2,0.047821521173559034,4.05276931731928e-05,0.9460412672962145,1.9413965515934123e-05,0.0045700835590487335,0.0003779456765978467,0.001129240635890515
1,mlp,4507,2,2,0.008190155389567912,2.010235030253056e-05,0.9913027370198532,7.107182643393438e-07,0.00045708125213722546,2.080014942659913e-05,8.413120448161921e-06
1,mlp,11831,3,3,1.167876710299943e-06,6.194531701614256e-08,3.331255216132668e-07,0.9552352990851615,0.009578916985903973,2.9225935816989322e-05,0.03515499504556839
1,mlp,12271,3,3,2.7933810564276255e-06,1.9394592821141038e-07,1.0384979241039796e-06,0.9226113731422352,0.0011283506759117723,0.00013715690479717922,0.07611909345214728
1,mlp,3109,0,0,0.9999533865783875,3.042566357456835e-05,4.761997502840717e-06,2.2790555310190028e-10,1.2863644609786893e-06,1.0128933481306729e-05,1.0234687492365116e-08
1,mlp,1810,5,5,0.00010987053187996507,3.4615475055011414e-05,0.0007113850962861527,0.001596041767708841,0.00023729314285830135,0.9869028463171681,0.01040794766904353
1,mlp,11143,3,3,2.4580364341107175e-08,2.3031672195340265e-09,1.020483555439252e-08,0.9915638499138526,0.006461126098938811,7.822547157151241e-06,0.001967164351684128
1,mlp,5041,2,2,0.052819138429629424,0.0003304431898835068,0.9430286687884415,2.642829864476295e-07,0.0032637215480337736,0.000554063503162779,3.7002578626363494e-06
1,mlp,6025,4,4,8.75557804385599e-05,1.4594674355259699e-07,8.780626618550793e-05,9.463961695107924e-05,0.9857274314346399,7.016497830349349e-05,0.013932255976737756
1,mlp,8897,6,6,0.0009672692212128061,1.3417941294009957e-05,0.0004242821561552864,0.014992786357248924,0.000743168177545004,0.0029463274253025574,0.9799127487212415
1,mlp,11261,3,3,1.79170060912459e-08,2.8636520460117937e-09,8.879675160300022e-09,0.9974401432985823,0.0012663527739687486,6.340177469636219e-06,0.0012871340896458082
1,mlp,7852,6,6,0.00016963831815512353,7.899922967514641e-06,0.0001214481549362249,0.38914990334517774,0.001978806271104073,0.0033165599963065353,0.6052557439913528
1,mlp,2982,0,0,0.9982643756443297,0.00012847421302838045,0.0015512237720597866,1.597315031678291e-08,8.344054218202687e-06,4.73311143941245e-05,2.3522881943296028e-07
1,mlp,3614,1,1,5.679652834394178e-07,0.999998788026654,6.432256497290043e-07,1.0808799415292093e-20,4.0635486317104593e-10,3.7605805147515615e-10,3.275167832553006e-24
1,mlp,12705,3,3,3.868267900030323e-06,4.0821410294378823e-07,3.983343307124347e-06,0.9215219426123101,0.0005325826135281022,0.0015136047631077029,0.07642361018574403
1,mlp,12917,3,3,1.7499021890603116e-05,1.2314507038505422e-06,1.1193595372227658e-05,0.7715395523268854,0.005483510388728762,0.0006631470773521617,0.22228386613906703
1,mlp,175,5,5,2.1826748838650894e-08,6.950145301065089e-09,1.13458301559109e-07,3.726334410955293e-05,1.5708239375704118e-07,0.9999569338796614,5.503458639532796e-06
1,mlp,5078,2,2,0.0004445265955630136,1.7739735549461e-05,0.9994263016888695,4.517471020279959e-08,0.00010646586190581194,4.77169862207058e-06,1.4924478010698985e-07
1,mlp,4029,2,2,0.002567330512803245,1.7533863613271197e-05,0.9937183562887812,1.9722381479863515e-05,0.0018964849091034016,0.0002540873216550456,0.0015264847225638877
1,mlp,1695,5,5,3.411397685932709e-06,2.5155828460522165e-06,3.846196068761463e-05,4.6712723618954155e-05,9.834535076421685e-06,0.9996831452690026,0.00021591853108231962
1,mlp,1263,5,5,1.0337742527424067e-06,8.692706500653939e-07,6.209759498042291e-06,0.00014492845994883616,1.0172612979027988e-05,0.9997609661230145,7.58199996567773e-05
1,mlp,2445,0,0,0.9994262926996031,1.963790374369278e-06,0.0004990868817941065,4.213035279763665e-07,2.4653073794422256e-05,2.5282230232518156e-05,2.2300020673475877e-05
1,mlp,4446,2,2,6.978492439927851e-05,1.6021121020753353e-06,0.9996839890620657,1.8987696949255823e-07,0.0002389827318366572,3.3564631094337104e-06,2.094829517305037e-06
1,mlp,6469,4,4,0.0005578303885361194,9.211562542502026e-07,0.0012147280236623763,7.98664620340463e-05,0.9223375337166313,0.0006021025778244421,0.07520701767505754
1,mlp,160,5,5,9.919321441000983e-09,4.186025700400784e-09,7.874697621693451e-08,1.3067118140396602e-05,7.371509512597771e-08,0.9999833964672475,3.3698471935032035e-06
1,mlp,13136,3,3,1.0016315651989713e-05,1.1960031134061966e-06,1.1638741700157673e-05,0.8743183474963756,0.0040635003085519854,0.001388751965852401,0.12020654916875466
1,mlp,10179,3,3,2.0502651016165294e-10,2.254446971560596e-11,7.555553407862065e-11,0.9999503358262603,1.940001836346484e-05,2.900200630397244e-07,2.9973832186842856e-05
1,mlp,9154,6,6,0.002506164226674297,5.535202937493255e-06,0.0009740741835380277,0.0016956760872838762,0.0029603848590558433,0.00016486616188899952,0.9916932992786215
1,mlp,931,5,5,4.665188106483727e-07,3.1415731272712897e-07,2.55760258295811e-06,0.00019502655656251268,5.265141899036843e-06,0.999739330075145,5.703994768709608e-05
1,mlp,10241,3,3,1.4346570897627936e-11,3.948937404654589e-12,1.0430236616439039e-11,0.9999088678957309,7.686096668186114e-05,3.753160105175763e-07,1.389579285115971e-05
1,mlp,6208,4,4,3.8003339155629357e-06,6.7860747891683315e-09,5.233705335575054e-06,5.684215373720166e-06,0.9988801745788005,8.789706941654479e-06,0.0010963106735580842
1,mlp,12800,3,3,5.40783688947631e-07,1.5496772407702626e-07,6.388980549705875e-07,0.9736889342802696,0.0014592210919015716,0.0007083684894441453,0.024142141488916607
1,mlp,2848,0,0,0.9987538805001704,1.544226926314533e-05,9.01146232170014e-07,1.9294439837924588e-09,2.2695107143256987e-06,0.0012273493054817046,1.5533869402632662e-07
1,mlp,9770,6,6,0.00271001089901234,1.8592078533039888e-05,0.006702601519146305,0.0008663408669430974,0.0008242396729544441,0.009215964444684692,0.979662250518726
1,mlp,13224,3,3,1.6737480844787377e-05,1.893783628729594e-06,6.2995953915087395e-06,0.7563580314595085,0.008834972954173426,0.0008465127145106792,0.23393555201194216
1,mlp,11569,3,3,3.435543659015785e-07,3.2473207353732174e-08,2.748714731134315e-07,0.9931176099395532,0.00023724958652025953,8.926832645447375e-05,0.0065552212484259334
1,mlp,5627,4,4,7.535382630396234e-07,2.3614502417262413e-09,2.6039782556128794e-07,0.00034078721991124216,0.9985252293992362,3.542508515904784e-06,0.0011294245747979774
1,mlp,7046,4,4,1.1711238162737822e-05,1.1712982788493109e-08,5.990821810063354e-05,9.045142557763862e-07,0.9995397452046578,2.468088894275666e-05,0.00036303822289740994
1,mlp,10,5,5,2.4059794578658465e-08,3.818040070471419e-09,6.144833763840103e-08,0.0005861380458954222,2.828825841096942e-07,0.9993976050794025,1.5884665945596298e-05
1,mlp,1929,5,5,8.102056385786935e-05,2.187696907281722e-05,0.0006784762418179009,8.732644886206934e-05,5.330697665253264e-05,0.9974029643217802,0.001675028477956458
1,mlp,10352,3,3,5.380319551451013e-09,1.323969772709923e-09,2.383102167565938e-08,0.9966911821147464,1.0859001809504429e-05,0.003015930177819904,0.00028199817031307933
1,mlp,8196,6,6,0.0003847968827737576,5.767817160867489e-06,0.00010259785866508734,0.026383152395187705,0.004893135589827596,0.00038789785551287967,0.967842651600872
1,mlp,7532,6,6,7.226397579204563e-05,2.36428247124418e-06,3.84432111606589e-05,0.39176743729450997,0.017949481218940178,0.001148729142902917,0.5890212808742229
1,mlp,8695,6,6,0.00037627415847559024,4.502226021912482e-06,0.00027853902472593805,0.009135187593016573,0.002152322332935239,0.0009327070415401228,0.9871204676232845
1,mlp,8497,6,6,9.37688653270417e-05,1.3172432836834606e-06,4.030251833883381e-05,0.0029110897399594942,0.002695127889575465,0.0003401080034228337,0.9939182857400926
1,mlp,2173,0,0,0.9985015827187524,9.231972314656296e-06,0.000895448760529323,4.714846111928099e-06,1.4291112978927858e-05,0.0003165991614085967,0.00025813142790419064
1,mlp,227,5,5,1.138117573604012e-07,3.02531739533596e-08,4.3920360537792007e-07,0.0002926717390553129,8.991232272420956e-07,0.9996629973561871,4.284851299345789e-05
1,mlp,3641,1,1,9.519408351857492e-07,0.9999887845073112,1.0260481819322995e-05,2.997283102461112e-20,1.7540699076609695e-09,1.3159643585042302e-09,5.361740842684716e-24
1,mlp,7112,4,4,2.527052137503793e-06,2.7474809950125873e-09,5.1442685660217825e-05,3.107841731112936e-07,0.9996731881181471,6.473813304293026e-06,0.00026605479909655206
1,mlp,8310,6,6,0.0009979486411534758,7.351778524472532e-05,0.0007546215507665747,0.06955624028480398,0.002736883653017863,0.06656849191477551,0.859312296170238
1,mlp,2685,0,0,0.9997784967244345,1.1734289449004434e-05,7.632989772316033e-06,1.0143543256878201e-08,3.055255839080969e-06,0.00019805780355523683,1.0127934067035145e-06
1,mlp,7321,4,4,4.7822335962684265e-05,1.3361064342072645e-08,0.012228799658148319,3.772888138151653e-07,0.9876979139360985,6.851369928515083e-06,1.8222049983641557e-05
1,mlp,13195,3,3,0.00012940823867054824,1.4287526709965987e-05,0.00017658391416857565,0.5030167392191087,0.0009942953085514516,0.3595798237468223,0.1360888620459684
1,mlp,965,5,5,9.007203232736671e-07,3.998077921872336e-07,6.318185842827699e-06,0.0002832589225546189,5.477050474631464e-06,0.999509595008817,0.00019405030419531472
1,mlp,4841,2,2,0.0004925953819657483,2.371018928198816e-05,0.9992800136571168,6.701914198211839e-08,0.00016825810421751611,3.474141064209775e-05,6.14237633742304e-07
1,mlp,1363,5,5,2.6857611414440618e-08,4.67411563368488e-09,2.3385886826531e-08,1.2434169354525557e-08,6.027183781918039e-09,0.9999998425226776,8.409835530813819e-08
1,mlp,4657,2,2,0.0005559783213684816,2.3149463531554955e-05,0.9993184879203667,2.966749656708331e-07,9.106663611487383e-05,9.645331371667222e-06,1.3756522810899617e-06
1,mlp,4277,2,2,0.0013338967376473206,5.441657703281612e-06,0.9846060464008837,1.6372283635952846e-06,0.013517550008635899,0.0004292933619533091,0.00010613460481302633
1,mlp,9311,6,6,0.0007998778644984848,6.174857794431664e-06,0.0010027413914601945,0.002823411114075284,0.0024964483813524523,0.0009907863909272617,0.9918805599998919
1,mlp,8073,6,6,0.0006031031320451413,1.8993783941839323e-05,0.0004642626214104469,0.06576913607566202,0.0011035648953188965,0.01453102680118602,0.9175099126904357
1,mlp,6985,4,4,2.8617439964201825e-07,4.93496319546259e-10,5.920165220119621e-07,1.1757479666895931e-07,0.9999197983102506,4.7552994317575865e-06,7.445013110302189e-05
1,mlp,11310,3,3,8.329339832555872e-09,2.7703773654086635e-09,1.7534642590490093e-08,0.9991114458409531,4.637404669162159e-05,9.11982994536563e-05,0.0007509531785416955
1,mlp,8025,6,6,0.00046824363273633216,4.474314454059526e-06,0.00014037339752671836,0.0402926405572214,0.006935983565419235,0.00021619142866399264,0.9519420931039783
1,mlp,3294,0,0,0.9935312009402298,0.00040938818607899103,0.006027118239740207,2.2948239108872074e-09,1.24527368350479e-05,1.9832934643318306e-05,4.667648543833681e-09
1,mlp,7838,6,6,0.0006476385060318887,5.7418810516143666e-06,0.00019461137179412587,0.06076526943761932,0.0010677985253881763,0.0007739989338268902,0.9365449413442881
1,mlp,3355,1,1,0.0010784843157912098,0.9975699173172174,0.0013500767902528642,2.5894063116595053e-14,2.3134117347635968e-07,1.290235538804097e-06,2.7683660924453103e-16
1,mlp,1103,5,5,5.658223495905091e-07,2.1559317416902523e-07,3.3899284708685074e-06,6.04476468731457e-05,2.021748318053634e-06,0.9998868575802232,4.650168059114262e-05
1,mlp,1445,5,5,0.0008765180164469446,2.3101297418584787e-05,0.0005749793839906142,0.017623835225396317,0.00030970185170199095,0.8824854228709383,0.09810644135410722
1,mlp,12045,3,3,1.070038625904523e-05,2.851430138268674e-07,2.2064289778098026e-06,0.8727817153726857,0.005743381609745938,5.510988257529886e-05,0.12140660117674247
1,mlp,4727,2,2,0.0019225388371966535,8.364119406371147e-06,0.9978476656895509,2.0342026306017958e-07,0.00020977112489711452,9.832902606978327e-06,1.6239060790065225e-06
1,mlp,87,5,5,4.196859412701404e-06,5.0454498032730143e-08,1.5372212293709095e-06,0.005922054336192095,2.8910304491157832e-06,0.9931215056177429,0.0009477644804756232
1,mlp,1105,5,5,3.5511261120031387e-06,1.9684123407212777e-06,2.0310343490256163e-05,0.0021412164864424,3.429256555177736e-05,0.9970170315998401,0.0007816294662227044
1,mlp,9661,6,6,0.034959319438063303,0.00014850339138331107,0.013605300808528288,0.0016518422521119385,0.0011684068367256333,0.04280983101807628,0.9056567962551112
1,mlp,1313,5,5,6.709444662086439e-06,3.897375898137337e-06,3.052924525201547e-05,0.000892212391542464,4.3380446541634115e-05,0.9982125507146942,0.0008107203814094489
1,mlp,11328,3,3,1.4683622581920447e-07,1.0739186772569491e-08,7.442612267462457e-08,0.9928627201623704,0.0009094764149694837,1.471332022414252e-05,0.006212858100900725
1,mlp,4204,2,2,0.004297792450121163,1.6477605267759742e-05,0.7944264740425494,9.771555546528206e-06,0.19694217146151147,0.0027656885601606146,0.001541624324842994
1,mlp,10004,3,3,3.5741955151261148e-12,1.1068467490388428e-12,1.3511695854047595e-11,0.9999940927342966,1.0897235322089412e-06,1.803831956404253e-06,3.0136920219698305e-06
1,mlp,356,5,5,3.015590482731251e-07,1.5481986668612276e-07,1.678955963621851e-06,0.0015315052345635277,5.669130453075028e-06,0.9983250868011047,0.0001356034990003654
1,mlp,4762,2,2,0.00010686145842866228,3.884127797656464e-06,0.9996750224895313,9.327118455989522e-08,0.00021032679587359965,3.0956008578516036e-06,7.16256326226548e-07
1,mlp,7041,4,4,1.526211700104096e-05,4.2683858245806276e-08,0.04979564329724641,3.718304924335704e-06,0.9495484186700145,3.178673659473091e-05,0.0006051281903607991
1,mlp,9059,6,6,0.00014498929331816315,1.1712300217663438e-06,7.133385026978283e-05,0.0018521171082698444,0.028396462009288508,0.0004283013233620481,0.9691056251854699
1,mlp,994,5,5,1.0912938273353492e-06,2.937742782158382e-07,5.233266422728471e-06,0.0002597904978428798,4.2424798456864915e-06,0.9995870781000664,0.00014227058771662881
1,mlp,3577,1,1,6.368808173630618e-06,0.9999451256851756,4.849236535696702e-05,1.857520797993604e-19,2.4103558407321595e-09,1.0730938222469075e-08,9.911069658620133e-23
1,mlp,5494,2,2,0.004926328897246929,0.013537897834580743,0.9814606586128534,1.19495647166402e-10,6.101475294061974e-05,1.4099762770458395e-05,2.0112259401468838e-11
1,mlp,5238,2,2,1.2273212468181542e-05,6.676791760332632e-06,0.9998653549632559,9.1004455143823e-09,0.00011447241934561578,1.1954706452461988e-06,1.8042079286109134e-08
1,mlp,7806,6,6,0.00010520733762865948,2.1361750783751716e-06,1.8639532971933492e-05,0.03014707275317134,0.009632996027453185,0.00021102732602633846,0.9598829208476701
1,mlp,6080,4,4,4.1949975355631474e-05,9.381958149958864e-08,7.472841417039346e-05,6.306313404954955e-05,0.9760370399385804,5.614975669260746e-05,0.02372697496157001
1,mlp,6070,4,4,2.8063432131127084e-07,7.762684866912725e-10,1.1414472645168385e-06,1.9618662652900577e-06,0.9997841276790541,1.9416974568409263e-06,0.00021054589936940469
1,mlp,7088,4,4,0.0017507647782601904,4.79540750649522e-06,0.30606591734832733,9.08193031798475e-06,0.691456980531974,0.00010814630599972247,0.0006043136976142718
1,mlp,4885,2,2,0.008709757545335865,0.00017560373679547075,0.990816630286091,4.325977759260014e-07,0.00021652284009686192,7.887368769546729e-05,2.1793062095208715e-06
1,mlp,2268,0,0,0.9995259454261725,1.9524831083536723e-06,0.0003510521126813539,1.1572639358700511e-06,4.273120890308882e-05,2.7630071182773354e-05,4.953143401612607e-05
1,mlp,13509,3,6,6.991085239873733e-05,6.457236618315504e-06,0.00012514784370247929,0.42246776795378466,0.004387190994184575,0.009884984751856719,0.5630585403674544
1,mlp,10158,3,3,8.955442320327906e-10,9.320484750304075e-11,8.009687340567434e-10,0.9998787867996338,1.6938955581841302e-05,3.192093677181601e-06,0.00010108036138920501
1,mlp,8445,6,6,0.016896826850122587,4.183401430299357e-05,0.0017033154252321322,0.024643943658944793,0.0010767233886303975,0.030933685060733195,0.9247036716020338
1,mlp,8301,6,6,0.00042609418157610416,4.885051249048974e-06,0.0001666932127890555,0.012753974081432735,0.003140107656243249,0.0004262280772143155,0.9830820177394954
1,mlp,1152,5,5,4.713894422603814e-06,1.3416776773266458e-06,1.2944889304881902e-05,0.000327177549190475,1.2691644226275022e-05,0.9989134666746078,0.0007276636705706932
1,mlp,13536,3,6,0.0002002864176997471,6.740780584469981e-06,0.00016732502266225897,0.1254229951880407,0.0019482631051130342,0.0014189211063981438,0.8708354683795015
1,mlp,12237,3,3,4.174816287468837e-07,8.345902302458338e-08,6.056281184498616e-07,0.984410819144643,0.0002400135910923073,0.0006915003049584106,0.014656560390536102
1,mlp,9513,6,6,0.004482167174478642,3.199119823993763e-05,0.0015136299503628729,0.0010409572758706023,0.0013853788432553473,0.018930949798261026,0.9726149257595317
1,mlp,4101,2,2,0.07851267402053662,0.00032029579342904703,0.9187126303609693,8.782007279899097e-06,0.0007785414672310984,0.001239542708220581,0.0004275336423333081
1,mlp,9763,6,0,0.9490667609623962,5.019809724422656e-06,0.0005933965780477599,0.0003685295941365895,0.033105969910608206,0.0005227137088074395,0.01633760943627964
1,mlp,1581,5,5,0.00010140308474588421,4.667308151889257e-06,4.427225085505239e-05,0.00023204741450918702,3.202115943780453e-05,0.9986112618507285,0.0009743269315717389
1,mlp,6944,4,4,5.8429116087903e-06,2.3466595269487343e-07,0.06336603725468168,2.3107990335332227e-06,0.9363475920070233,2.4656082595768782e-05,0.00025332627910419403
1,mlp,9231,6,6,0.000657064565335142,3.6301624704364723e-06,0.0007695610938341174,0.0012309187151106186,0.0012419959685628702,0.0002461962551896576,0.9958506332394971
1,mlp,5605,4,4,4.2045111398098e-06,2.363999365524404e-08,3.672015616003182e-07,0.004516835142210448,0.9591753550836076,2.867766794506342e-05,0.03627453675354175
1,mlp,11573,3,3,1.8036563032715018e-06,5.964483916570622e-08,1.0905463616888996e-06,0.9737166553243769,0.00017457170036228032,0.00014524760537308745,0.025960571522383773
1,mlp,1808,5,5,0.00012098931932749576,2.2610544983407566e-05,0.0003351716009996136,0.0003092355844519514,9.08056948094898e-05,0.9945949966794819,0.004526190575946077
1,mlp,6268,4,4,3.312043857835471e-05,5.030887848088193e-08,0.00018572504681064605,1.973578037603076e-05,0.9930230402610881,3.678548387426894e-05,0.006701542680394168
1,mlp,3913,2,2,0.01768576819632246,2.0993055159587025e-05,0.7447982913425009,0.00023916271031424073,0.17473209546675064,0.0010090812589085946,0.06151460797004339
1,mlp,9975,6,6,0.15235110368708563,3.4788856559224814e-05,0.2908302620407402,0.0005545860434586596,0.22584491926284564,0.0027632424649824813,0.3276210976443283
1,mlp,4625,2,2,0.002408246750078411,1.8049849591067808e-06,0.9728862164635554,4.588996682894991e-07,0.024650123015485078,4.31050706422532e-05,1.0044815611671126e-05
1,mlp,5198,2,2,2.8617737070869735e-07,5.955307139962811e-07,0.999104858423448,1.5671449433410798e-09,0.0008937342257552628,5.212910215981641e-07,2.7845455403332428e-09
1,mlp,3450,1,1,1.3234286051725305e-05,0.9998997680547784,8.69569554979502e-05,1.0247961895364902e-17,2.630923781950549e-08,1.4394433937716561e-08,1.3646927140367905e-20
1,mlp,9295,6,6,0.0027321973099733985,1.1147795720470614e-05,0.001187186313470076,0.0011528477447390122,0.0004360019824554642,0.0010175834368221742,0.9934630354168195
1,mlp,3283,0,0,0.9999970080447459,7.847486624679431e-08,5.558527206070605e-07,1.3502949153213907e-11,2.2563716209139054e-06,1.0098051639171937e-07,2.6202688016952444e-10
1,mlp,3268,0,0,0.9999988210019444,2.4707041463803966e-07,5.760026677806033e-07,1.051512622315493e-11,1.1236880334770199e-07,2.4324538190489545e-07,3.00272853281811e-10
1,mlp,5289,2,2,0.0006331247544522062,5.994052262897584e-05,0.9992335760134035,1.8178210640036703e-08,6.356775233310499e-05,9.742419303183699e-06,3.0359668440815694e-08
1,mlp,1942,5,5,9.111818229623173e-05,1.3920343589628155e-05,0.00023256623360591575,1.859340294442547e-05,2.8633331659151797e-05,0.9992451562037206,0.0003700123021841107
1,mlp,9881,6,6,0.007309526930299351,1.6131548246927845e-05,0.020685672888071965,0.0008492470733476008,0.006029901033611529,0.0007097791316011388,0.9643997413948215
1,mlp,195,5,5,3.2223833682501396e-07,2.1822766025383473e-07,8.320589950317908e-07,0.0029615843387935945,1.37048308286241e-05,0.9968652977276712,0.00015804057771460716
1,mlp,317,5,5,9.007899091151686e-07,2.090205620190812e-07,2.3957910030106723e-06,0.004535696290474777,9.622790316849186e-06,0.9950507906907619,0.00040038462697258886
1,mlp,4499,2,2,0.012209742327349537,0.00028012071520560944,0.9871329869285443,9.545318204164763e-07,0.00016046361635272394,0.00020831217628742267,7.41970443993156e-06
1,mlp,9244,6,6,0.002604060814199017,1.0771834882308958e-05,0.0011132625062972624,0.0018132654387967783,0.0005868165623984242,0.001321758590141838,0.9925500642532845
1,mlp,410,5,5,1.900342126448383e-06,6.669472822971991e-07,6.285061529002051e-06,0.010558179916761444,2.8913639345564852e-05,0.9884365706706596,0.000967483422295705
1,mlp,2061,0,0,0.9788649613983667,3.6285887039263774e-05,0.002744988315761142,0.0002858322657837627,0.00022655377756034586,0.005663288234930134,0.012178090120558947
1,mlp,3139,0,0,0.9998327028007202,5.641417861741022e-07,0.00012901989836703413,2.452105063219894e-09,3.381176856117327e-05,3.8137035590618977e-06,8.523490117867189e-08
1,mlp,12227,3,3,2.1134352197711698e-07,4.4687647441488626e-08,1.0068980523099641e-07,0.9861037564329665,0.0011876010820700716,0.00011341313153294637,0.012594872632455822
1,mlp,3290,0,0,0.9999984576266662,7.071823577599279e-07,5.154196630993093e-07,2.5139755750566845e-12,8.733054205765397e-08,2.3236294896085279e-07,7.530799905614031e-11
1,mlp,4383,2,2,0.009358887444020305,1.9503400484703993e-05,0.9895974618068354,8.016154305537724e-07,0.0008374246882240664,0.00016012100493463483,2.580004007022247e-05
1,mlp,7799,6,3,2.906784346488566e-05,3.6867784328371266e-06,1.9378827532745494e-05,0.6604004559451996,0.007156874054091882,0.0037762433374692156,0.3286142932138089
1,mlp,631,5,5,3.1364652111374947e-06,2.8318881699645254e-06,2.144315719654763e-05,0.027437062924908117,0.00010568079001209276,0.9686961638218798,0.003733680952622293
1,mlp,2940,0,0,0.9993484322552525,4.6270000896305236e-05,0.0005778162498384255,1.091360632804199e-08,1.2561886408211416e-05,1.4722585127273181e-05,1.8610887100166524e-07
1,mlp,2149,0,0,0.9997547898829068,5.573690327949196e-07,3.0633796818976594e-05,1.322163052154966e-06,0.00011357802042738739,2.7021956146060735e-05,7.209681161573454e-05
1,mlp,8215,6,6,0.0004178460248169112,9.000153803592287e-06,0.00027323256350052287,0.0309600283408235,0.0007483789412073792,0.0020144900174028273,0.9655770239584451
1,mlp,3237,0,0,0.9999057850147774,6.245975519241712e-06,8.374925797810215e-05,2.181812450523617e-10,2.189627710029123e-06,2.0269672967230783e-06,2.9385369567154517e-09
1,mlp,1904,5,6,0.1306624813914856,0.0003836976803630332,0.01703569695863569,0.002509026403783349,0.0017397206596278417,0.4207378734307633,0.4269315034753412
1,mlp,355,5,5,1.1035336054941149e-07,3.447380899448111e-08,2.299530479018972e-07,6.122255383983465e-05,6.319025263541775e-07,0.999924309465438,1.3461297978252431e-05
1,mlp,4531,2,2,0.00222636809445595,4.418065206919671e-05,0.9967573126373513,3.2713276591908704e-07,0.00039750573648428446,0.0005669623309784977,7.343415894849128e-06
1,mlp,13005,3,6,0.00043386753001238196,4.348001878849632e-06,0.0001362201251869768,0.32423094336539143,0.0007833967324621806,0.006270832293376656,0.6681403919516915
1,mlp,4188,2,2,0.03598634722389334,4.8933647771951896e-05,0.9550104495660409,9.087968218654592e-06,0.007621855694570685,0.0007283205402897482,0.0005950053592148299
1,mlp,3884,2,2,0.006574433905634816,3.564789036258234e-05,0.6216871848677673,0.0009760013000233013,0.08036874379459163,0.0010770161299742454,0.289280972111646
1,mlp,12494,3,3,3.49595506042612e-06,3.260660661233518e-07,2.571120228042323e-06,0.9281421286159234,0.0010951785239725845,0.00044968138838533096,0.07030661833036396
1,mlp,2320,0,0,0.9998829685847586,1.6469876108437528e-06,6.885665894036559e-05,2.2912691862004803e-07,3.7702123068152615e-06,2.952188912434851e-05,1.3006540340106308e-05
1,mlp,1402,5,6,0.03337656539512003,5.560667994366517e-05,0.0030042366420337096,0.05695585605432199,0.0011374396970327408,0.05433841605580829,0.8511318794757396
1,mlp,11622,3,3,3.824160907129001e-07,6.974163192461209e-08,7.399755497267865e-07,0.9909629503437095,0.00013534939448203685,0.00099835724021059,0.007902150888325557
1,mlp,2881,0,2,0.29497065506971815,0.00211091851056239,0.70201923462243,1.4859527589972498e-06,0.00021094300608146677,0.0006803125222935081,6.450316155574968e-06
1,mlp,1907,5,5,3.216085797681874e-05,6.40432887360079e-06,8.442446679060124e-05,1.2230321556614558e-05,1.666408052442268e-05,0.9997076505046861,0.00014046543959165146
1,mlp,7330,4,4,8.327926101938546e-06,5.540906054517296e-09,0.00012339540391014152,4.065969453951686e-08,0.9998337653908521,2.3386815733032882e-05,1.1078262802300439e-05
1,mlp,13202,3,6,0.0004918997972444026,5.5246570535866285e-06,6.418065695298326e-05,0.27021429945582337,0.002929579651610258,0.0032498730629505943,0.7230446427183648
1,mlp,6889,4,4,2.9777177034933174e-05,1.5158100590255136e-08,0.0008301478035754675,3.923138690095139e-06,0.9987862938001689,5.86772187752843e-06,0.00034397520055256945
1,mlp,2667,0,0,0.999840725801482,2.651746748506539e-06,2.8298242920643677e-06,3.319378648547883e-09,6.524135150690135e-07,0.00015264635167499852,4.905429084219693e-07
1,mlp,3872,2,5,0.0002188533820944972,9.412069713577202e-06,0.00028778272380100935,0.00010469688436596566,3.111158386689127e-05,0.996571080575987,0.00277706278017115
1,mlp,5537,4,3,7.585876536886e-06,8.320372680674722e-07,3.4886877562989126e-06,0.8775040182378787,0.017199983450460712,0.0005163102931497992,0.1047677814169495
1,mlp,2544,0,2,0.2998722143626585,0.00041091086898021136,0.6981681922463908,8.054338632773984e-06,0.00045716204238700927,0.0009441755888523109,0.00013929055209830108
1,mlp,526,5,5,5.709512184092544e-08,2.442120177377514e-08,2.1224601447973117e-07,1.457582098155168e-05,2.740989219727815e-07,0.9999793067031347,5.549614623508324e-06
1,mlp,3956,2,2,0.2628636098830518,0.0016173571127179945,0.5360399560000141,8.186218511018079e-05,0.0011562728653507928,0.1945129804443961,0.0037279615093589727
1,mlp,6581,4,4,1.5836698253236043e-05,1.7649990789421726e-08,2.914257463250372e-05,3.963458805219644e-06,0.9984249047413419,2.556849089637311e-05,0.001500566386079779
1,mlp,4844,2,2,0.00015149809061652686,1.6899808276094924e-06,0.9919538914188061,1.7624116671825227e-07,0.007879639026062762,1.086932661194594e-05,2.235915908608239e-06
1,mlp,11061,3,3,6.671584676904886e-08,5.748534576444404e-09,2.9096110496666467e-08,0.9967061157859423,0.0005815501737679597,7.136712197475588e-06,0.002705095767600221
1,mlp,4667,2,2,0.001446638199257832,1.6621097335349076e-05,0.9947528730265296,3.6726756162575806e-07,0.003745639632913766,3.1345083195238756e-05,6.515693206795051e-06
1,mlp,1079,5,5,2.664277993892264e-05,1.1787133571866027e-05,0.00011276734650584825,0.04427899901522299,0.0003319813252342453,0.9405766460796303,0.01466117631989586
1,mlp,1866,5,6,0.001514992216191066,9.251776475405763e-05,0.0033381526452809103,0.015607416255781664,0.0019127790801961382,0.33539618675822575,0.6421379552795704
1,mlp,11256,3,3,2.2723767350421837e-09,7.173046436151108e-10,1.7319917135771272e-09,0.9990037087085053,0.0003335758527385443,1.609270451273299e-05,0.0006466180125702373
1,mlp,2675,0,0,0.9997595416741404,6.3798758340572254e-06,0.00018963403839233786,7.823994105188426e-08,2.1872661474681402e-05,1.7805453558735572e-05,4.688056658727344e-06
1,mlp,11020,3,3,2.7688857937227437e-09,4.170398198443263e-10,1.2324810363786752e-09,0.9974235484787997,0.0021574011595184264,4.5906000732187466e-06,0.00041445534320219544
1,mlp,11159,3,3,9.512950900148379e-08,1.0093843671831839e-08,1.3921078049780924e-07,0.9966279681625698,6.637415527130152e-05,0.00011810879593443796,0.003187304452091448
1,mlp,6443,4,4,2.6375029947029347e-06,7.281788901471186e-09,2.4617813622034076e-06,4.327352143374776e-06,0.9988357972516329,2.463178634732837e-05,0.0011301370437307278
1,mlp,11678,3,3,2.5813574310902427e-06,9.84275989446045e-08,6.720504443361196e-07,0.9577648388382145,0.000854210627579619,2.430270912173421e-05,0.04135329598960967
1,mlp,6537,4,4,7.69624137409757e-06,1.7658193356393695e-08,4.403838751000528e-05,6.282389970550135e-06,0.9985841711347687,2.7353896251662797e-05,0.0013304402919315055
1,mlp,9290,6,6,0.0003342010368718611,2.44384989384136e-06,0.0001928616782212399,0.0013818878371066917,0.012312031823327501,0.00030142240872402113,0.9854751513658547
1,mlp,11711,3,3,4.4021850375159545e-07,5.0876317522391844e-08,5.869193034570253e-07,0.9930528483898932,0.00012151479400921568,0.0003521611595305389,0.0064723976424424555
1,mlp,4920,2,0,0.6289965023162348,0.0005210799872369356,0.36997048394762694,1.1444318065411895e-07,0.0002592405400605455,0.0002516745732816387,9.041923784147348e-07
1,mlp,5829,4,4,8.897204216832278e-08,2.733594416974686e-10,5.722689449729998e-08,7.64342925151584e-06,0.9997239107824167,1.6430167385033808e-06,0.00026665629929712294
1,mlp,11796,3,3,1.1380119129673186e-07,4.100711994912307e-08,3.0722880923249636e-07,0.9941688644764582,9.007557719688021e-05,0.0019383638972223973,0.0038022340120018963
1,mlp,5505,4,3,2.866869892475812e-07,4.3683481578574615e-08,2.5220962288459246e-07,0.9836865243797999,0.002790350049676432,0.0001451786257635236,0.013377364364666437
1,mlp,4011,2,2,0.007708337358831424,3.701432370837117e-05,0.9893104219177841,1.5712135576939925e-05,0.0015134567247346825,0.0003365393903816687,0.0010785181489827676
1,mlp,1129,5,5,6.917988066205807e-07,2.224508579337652e-07,3.1944699958758107e-06,4.6228927842597626e-05,1.801124143249192e-06,0.9998949259071427,5.2935321211235406e-05
1,mlp,13007,3,3,7.861708841321504e-06,3.1294060031667386e-07,2.017194868454762e-06,0.6131963579189575,0.2831647960236426,0.0004232481640023896,0.10320540604908737
1,mlp,8735,6,6,0.00959111718984065,1.3865263846091722e-05,0.0008770485932642942,0.004484311857718172,0.003136293282279203,0.00037143687463888817,0.9815259269384127
1,mlp,11633,3,3,1.4582870836928567e-07,2.2447250684866573e-08,3.376941223302807e-07,0.9937098985661714,6.964893734400152e-05,0.0012190699999982358,0.005000876526404908
1,mlp,1339,5,5,7.0324458602732e-05,9.554401345698585e-06,7.607770883100622e-05,0.0022937447249034948,0.00010700413102888136,0.9900976009234373,0.0073456936518509295
1,mlp,6992,4,4,3.207681859667917e-08,3.985667316402971e-11,1.3774056825756563e-06,2.2131516539305537e-08,0.9999885316311456,2.8362610125471927e-07,9.753088878850387e-06
1,mlp,4543,2,2,8.546236531327086e-06,3.872833459332595e-06,0.9998640750590418,9.021881318464582e-08,0.00011847482598232653,4.439640224585858e-06,5.011859473621065e-07
1,mlp,12548,3,3,3.0498341711681237e-05,8.076550514260928e-07,2.3008801607230048e-05,0.881467028754991,0.0003134192353359143,0.015878350859929835,0.10228688635137279
1,mlp,6163,4,4,5.8874442299689625e-06,1.4425865829163756e-08,2.704637488183347e-06,1.5475199439316665e-05,0.9969607080618413,2.214834818019819e-05,0.002993061882955126
1,mlp,11534,3,3,1.0430771580931412e-08,2.6285691106771715e-09,3.3234061856540952e-09,0.9986043414312312,0.0006133611067281822,8.631327845191108e-06,0.0007736497514485321
1,mlp,5920,4,4,1.3598254505819634e-09,4.36083115374747e-12,1.7079547178095202e-07,5.31399456072645e-08,0.9999903043596174,2.76373453565679e-08,9.442703433628348e-06
1,mlp,3750,1,1,5.785334442259205e-08,0.9999983808199963,1.5609658963436471e-06,8.657487903043097e-22,2.0490110984252928e-10,1.558619295932894e-10,3.1881056698600556e-26
1,mlp,12173,3,3,1.2866250756338988e-06,1.3893192746471787e-07,2.043057376577043e-06,0.9724323175724052,0.00021245262641622482,0.0020443876285450497,0.02530737355825378
1,mlp,6531,4,4,2.6794147968138947e-05,1.27157365558928e-07,0.0005787761175696499,2.9080532764540234e-05,0.9810287706704488,0.0001771022727427758,0.01815934910114043
1,mlp,9071,6,6,0.0002123995844032743,4.614440694174021e-06,0.00031569803203957054,0.005008848876991261,0.006246827104462445,0.002946535192470132,0.985265076768939
1,mlp,12357,3,3,1.6833595781393494e-06,2.627413659071162e-07,2.4080790499651657e-06,0.9703533397453121,0.0005449439312340311,0.0012002950748015435,0.027897067068658375
1,mlp,10209,3,3,9.414712744411212e-12,3.7261036947307724e-12,7.102403122506298e-12,0.9999772099060183,1.4570978867691459e-05,4.705534462087095e-07,7.748541424507825e-06
1,mlp,6118,4,4,1.032879542213118e-05,6.441304888449192e-08,6.660896368460734e-05,6.239957757995488e-05,0.9925370397645514,8.333976282727885e-05,0.007240218722885785
1,mlp,1476,5,5,7.808379707873754e-06,2.6063142638657804e-06,2.8208518890543175e-05,0.00021579736280834646,1.9343551850712474e-05,0.9993081105579606,0.0004181253145178413
1,mlp,12785,3,3,2.5077798220630737e-06,6.412632975710385e-07,5.458839018499318e-06,0.9748919291438851,0.0005458485606437728,0.0043217996117601324,0.020231814801573163
1,mlp,3312,0,0,0.9999753016076564,1.8684611108300654e-05,4.759875450201511e-06,7.36336641008356e-12,1.813657845045667e-07,1.072450568951235e-06,8.206826947034848e-11
1,mlp,7614,6,6,0.00017709674857631185,2.3834980462412337e-06,4.713984433056798e-05,0.08149244798940425,0.005975460822645359,0.00017807022317997443,0.9121274008738172
1,mlp,10049,3,3,9.074272965710561e-10,1.6833178983311558e-11,7.956637417516228e-10,0.9998896049438165,5.432282582210597e-06,1.9203181200121754e-06,0.00010304073555700364
1,mlp,12127,3,3,1.0420000215666173e-06,1.0369486676391744e-07,6.29506632405902e-07,0.9682992874615658,0.00045970804774632086,0.0001752609444905415,0.031063968344676878
1,mlp,7422,6,3,2.9947523087534726e-06,3.902763505808567e-07,2.22177780400521e-06,0.9416047208878686,0.0012550519589375087,0.0005005450196347027,0.056634075327095676
1,mlp,10663,3,3,2.9662066714083595e-08,1.293084098546273e-09,1.2500647664086097e-08,0.9980704295258809,4.373538162468429e-05,9.035076946665462e-06,0.0018767565597493801
1,mlp,750,5,5,3.988777239648529e-05,6.962609911488192e-06,8.303632801850932e-05,0.11858873404422642,0.00031822549956927044,0.8494571811120155,0.03150597263386226
1,mlp,11934,3,3,4.88800268741454e-06,1.3246059208041475e-07,2.4592281185267925e-06,0.9414630228746573,0.0004269613390574534,0.00010692338887166555,0.05799561270601567
1,mlp,1637,5,5,6.804494030962013e-05,3.608686193466738e-05,0.0003891997700693696,0.005575793375627626,0.00038075600920112787,0.9824013366678823,0.011148782374975307
1,mlp,7092,4,4,3.9339290294713726e-07,7.540560019365718e-10,2.1032672231525808e-06,1.1129276844029987e-07,0.9999333505138522,4.951778162890547e-06,5.9089001034184805e-05
1,mlp,12834,3,6,2.993416809106977e-05,7.947483853141264e-07,1.1790901386424203e-05,0.28412491132733836,0.043635693639506645,0.00032663991323215644,0.67187023530206
1,mlp,3772,1,1,2.014915692559721e-08,0.9999973335086257,2.645722271883707e-06,4.968386388328193e-22,5.24748349190533e-10,9.519703911783711e-11,1.0530646032425473e-26
1,mlp,5755,4,4,0.0002451938663617413,6.58287468155577e-08,5.3463324468181415e-05,0.00028832895843143645,0.9896725252931793,8.280513038584558e-06,0.009732142215773844
1,mlp,908,5,5,0.007198823233091455,1.4884120116009546e-05,0.000468405705319948,0.09611638314856172,0.0003391699129442071,0.7884001253392168,0.10746220854074996
1,mlp,10755,3,3,3.1655310917541552e-09,4.919621466409459e-10,1.7090453624414027e-09,0.9993621531904622,0.00027927486642302885,2.888549094023275e-06,0.0003556780274821726
1,mlp,6472,4,4,2.5933398088377594e-06,2.1178609394358488e-09,6.443165396637352e-05,1.3945314642949245e-06,0.999773914807211,3.4294094599822023e-06,0.0001542341402286517
1,mlp,3329,0,0,0.9850712957445654,0.009749231973307394,0.00513041500643155,3.9755536742364126e-10,1.9099781477035977e-05,2.9956560468309105e-05,5.361947853708461e-10
1,mlp,8629,6,6,0.001196354937001741,1.0038447538369495e-05,0.0005303484666925911,0.008133109294696123,0.0004383132476411952,0.0017531244717762294,0.9879387111346538
1,mlp,10191,3,3,7.847115258420661e-10,1.1206007989388643e-11,1.0993663699679367e-10,0.9644199784924302,0.034993752848420184,4.780728750963318e-07,0.0005857896804202022
1,mlp,11110,3,3,5.9307882877460435e-08,6.1395695405490735e-09,9.06799123847905e-09,0.9860153036348961,0.005059226966513714,8.32876504520513e-06,0.008917066118101462
1,mlp,5050,2,2,0.009814992402073803,0.0001986519886793701,0.9897159060937152,4.982425087686012e-08,0.0002085636509316617,6.155895499739129e-05,2.7708535206335613e-07
1,mlp,6833,4,4,2.2025335489086674e-07,8.226276798717529e-11,1.712556172770165e-07,4.687934194818842e-08,0.9999772071374056,2.847087786825116e-07,2.206968323877626e-05
1,mlp,11985,3,3,3.2198941412968633e-07,5.4657524679547785e-08,5.241849157921827e-07,0.9921197911513516,0.00024969915085290936,0.0003467847974928946,0.007282824068447861
1,mlp,138,5,5,2.1930116580180434e-09,1.0605459998862341e-09,1.1972885831208744e-08,1.056083172698025e-06,1.3112874921663377e-08,0.9999986744894759,2.410880330496218e-07
1,mlp,13319,3,6,8.081462734564958e-05,4.880969149763468e-06,9.504107345607593e-05,0.48353490278187394,0.0014205841151995497,0.00537376391028665,0.5094900125226884
1,mlp,13381,3,6,0.00032150320542298326,8.857225988226234e-06,0.0002490848688498154,0.18756505245033062,0.0008822328461525102,0.007496100166914496,0.8034771692363413
1,mlp,6763,4,4,1.8461935058973844e-06,5.743662400077763e-09,0.00010270042273639605,1.796292286413031e-06,0.999594378116149,1.3065032667042875e-05,0.0002862081989928965
1,mlp,10657,3,3,1.670555642749762e-10,5.056395318357262e-11,7.983151115747392e-11,0.9998034095440937,0.00013001665887406763,1.5125716764557684e-06,6.506092790478559e-05
1,mlp,6629,4,4,1.3334892278006088e-05,5.492884164756115e-09,1.6445619315846114e-05,1.2444159678929098e-06,0.9995460205190447,6.416528244584258e-06,0.0004165325322647169
1,mlp,6860,4,4,0.0018300095468744757,5.243546060266551e-07,0.014334440583470555,3.6102995369954165e-05,0.978495665103949,0.00012073475605070423,0.005182522659679172
1,mlp,2686,0,0,0.9999974300615292,7.177774136423699e-08,7.314233526583154e-07,8.203986336557379e-10,1.0725741798074444e-07,1.5870336526834265e-06,7.16259075752136e-08
1,mlp,2746,0,0,0.9825422700555675,5.1878646160599596e-05,0.01729121048020571,3.7767859890401855e-07,3.506947848471811e-05,7.456850671193616e-05,4.625154270461511e-06
1,mlp,9185,6,6,0.0006059344726436635,3.4287596003095174e-06,0.00013369348768563392,0.0006396903741232045,0.0007649731339526879,0.00016670769589407234,0.9976855720761005
1,mlp,4963,2,2,0.00013968608574935066,1.680179165596405e-05,0.9996786451351541,4.027913374158021e-08,0.00015087439669968323,1.3759061559072677e-05,1.9325004809868728e-07
1,mlp,203,5,5,3.04399819055844e-07,7.0572185360592845e-09,8.193857697520117e-08,1.7763721604233455e-05,8.343408466694567e-08,0.9999711337348721,1.06257138244773e-05
1,mlp,6398,4,4,1.0525541621028575e-07,3.7220205298543597e-10,3.1336425359920456e-06,5.576523205948089e-07,0.9998971749044487,1.6319939065676374e-06,9.739617916994817e-05
1,mlp,6821,4,4,2.004191029734259e-05,2.1902001616130366e-08,0.0019765083317232917,3.759155397240416e-06,0.997458564278393,2.3360988276411265e-05,0.0005177434339109632
1,mlp,9273,6,6,0.0003347707148492589,3.4549164864613615e-06,0.000679234542214403,0.00312528309745191,0.0154107080371402,0.001821085247206465,0.9786254634446512
1,mlp,11144,3,3,2.0499328927959096e-08,6.826877205582786e-09,5.328814531036035e-08,0.9987290906586839,4.1817783752591455e-05,0.0003435992058012087,0.0008854117374110802
1,mlp,4035,2,2,0.00368373933696591,4.964762329343335e-06,0.9793159442705299,1.2425649141226656e-05,0.015526806118909414,0.00013440741618033262,0.0013217124459438982
1,mlp,9488,6,6,0.0013559053897509,5.4127979175436385e-06,0.00019320285624486948,0.0008881341915514962,0.01131455827765584,0.0004739529125888797,0.9857688335742906
1,mlp,1985,5,0,0.8733703922670665,3.352849154920719e-05,0.0028973572791465623,8.81387954041507e-05,4.878145422066068e-05,0.1177769154342356,0.005784886278377155
1,mlp,470,5,5,5.657000097772689e-08,5.6591900683309296e-08,6.281397069947724e-07,0.0001488499522345131,1.4094206716868107e-06,0.9998291355919833,1.9863733502045723e-05
1,mlp,13204,3,6,0.00032147277486101926,1.2545674248535618e-05,0.00025778539482964984,0.44499054255407705,0.0009949373637371162,0.05856227726839263,0.49486043896985393
1,mlp,1688,5,5,7.07552433138514e-06,4.357767973598033e-06,6.214189769238688e-05,0.00011913726317382698,2.1509684039861914e-05,0.9994417250001518,0.00034405286263731083
1,mlp,13322,3,6,0.00017596907501385978,4.356600684195448e-06,8.556546857181794e-05,0.20569823367222242,0.0016487366762111334,0.000489278019423675,0.7918978604878728
1,mlp,11852,3,3,1.8083188278658456e-07,1.951650020814719e-08,3.350206047731845e-08,0.9773564180314984,0.014516837345775274,2.74928712123333e-05,0.00809901790107049
1,mlp,5110,2,2,0.0028704768244009575,3.497466813548482e-05,0.996719803692684,6.930341785144943e-08,0.00034478031285751446,2.9508274827217813e-05,3.8692367687006443e-07
1,mlp,6272,4,4,8.463897240549963e-05,2.2145815000633817e-07,0.00018342734713861218,6.898203715810172e-05,0.9833205752839239,0.00015168880844715663,0.016190466092776634
1,mlp,11099,3,3,5.417792611263013e-10,3.2143683837815924e-10,1.4356206792246327e-09,0.9998126220713549,3.360896024054405e-05,3.814721185026649e-05,0.00011561945771738237
1,mlp,12811,3,3,3.487692639655139e-07,1.1880321010019626e-07,6.06403628716802e-07,0.9794199108016037,0.0020362740390900505,0.0008907017807302899,0.01765203940247331
1,mlp,8778,6,6,0.0004901047471258384,3.3385052349827133e-06,0.0003802526580811859,0.007814820914101446,0.013606440449105387,0.00045227257963463877,0.9772527701467166
1,mlp,13461,3,6,8.942667725138545e-05,2.471336967865188e-06,6.681301928711379e-05,0.14764718760003476,0.024742327080968064,0.0008274013405548417,0.8266243729449358
1,mlp,3446,1,1,1.9661688712812783e-05,0.9999688838794112,1.1432992441597773e-05,3.570091584647315e-18,5.961250437233063e-09,1.547818377723715e-08,7.064728279472241e-21
1,mlp,1526,5,5,4.120943216515367e-06,1.306217131844463e-06,2.0515875763365228e-05,9.145396365443038e-05,8.779525511180067e-06,0.9996720468589788,0.00020177661574379363
1,mlp,4254,2,2,0.2620132193199061,0.0007926815043776898,0.7342399680279034,2.4650510395318235e-06,0.0004564396492792905,0.0024407582873162527,5.4468160177878124e-05
1,mlp,1310,5,5,6.294955644781206e-07,1.226681324789939e-07,1.4786953151887172e-06,4.895075592927049e-06,5.624233032616086e-07,0.9999826881197963,9.623522295365566e-06
1,mlp,10229,3,3,3.9894406503587744e-10,1.5264610478841162e-10,2.5780901720768184e-09,0.9993189966206201,3.6341312787096394e-06,0.0006300379024673741,4.7328215953772265e-05
1,mlp,5853,4,4,0.0006317025358029664,5.126809764370345e-07,0.00038326942975871504,0.00047699139794954757,0.9448053160897831,8.180310050773014e-05,0.05362040476522131
1,mlp,10270,3,3,2.950304041092219e-10,6.734360100072159e-11,6.248540100297721e-10,0.9998783893764671,1.0404322181391523e-05,1.1398823982559647e-05,9.980649014112513e-05
1,mlp,6292,4,4,1.0232035644670396e-06,2.274530626776049e-09,1.2455639562291998e-06,2.5530068358361798e-06,0.9994636018168396,8.639468389646496e-06,0.0005229346658836248
1,mlp,3152,0,0,0.999955695271698,8.71146111594704e-06,3.0424033432394787e-05,6.840748473071864e-10,6.425053675900793e-07,4.513737922924067e-06,1.2306388310957782e-08
1,mlp,358,5,5,3.371221549001289e-08,7.628249355528048e-09,1.196739833859721e-07,8.314733069279225e-06,8.465681578723997e-08,0.9999877121830465,3.7274126202850653e-06
1,mlp,13062,3,3,3.980211636162799e-05,2.5432592979281714e-06,2.12858097846729e-05,0.5028886309457918,0.004477722129296439,0.0012449362522805652,0.49132507948718696
1,mlp,2419,0,0,0.9997775684297072,2.918896548431073e-06,1.1812515757676506e-05,3.89642198384627e-08,2.098264934429914e-06,0.00020092557879121942,4.637350040945418e-06
1,mlp,13183,3,3,1.1153915661614692e-05,1.8144363116124633e-06,1.8271092596983773e-05,0.8762514215860473,0.0014860562654962905,0.0062302700312052,0.11600101267268097
1,mlp,7261,4,4,4.198513806576097e-05,1.153906837647884e-07,0.017741634676012287,1.306006290973602e-06,0.9819335127136626,3.972247526373964e-05,0.00024172360002084435
1,mlp,8058,6,6,9.006014293467632e-05,3.6133065259099866e-06,2.5025386444666433e-05,0.14440214161384657,0.035875927360234844,0.0008180718212394702,0.8187851603687739
1,mlp,13395,3,6,0.0011736685199746416,2.371210168105495e-05,0.00032885788046600956,0.221723169240941,0.0016842067999575992,0.030439201805734145,0.7446271836512456
1,mlp,11954,3,3,2.670966646311932e-08,1.0476994331117188e-08,6.134232151068749e-08,0.9974836155273902,0.00020624312020153335,0.00023772069560634802,0.002072322127819673
1,mlp,2613,0,0,0.99960993503192,2.0256928625250867e-05,0.0002496850702561112,4.5789958795143075e-08,3.8322223018997496e-06,0.00011244493608988753,3.8000208479508508e-06
1,mlp,3783,1,1,6.308183837326323e-08,0.999999598897881,3.3790545991507847e-07,6.034402411075424e-23,6.23292620550419e-11,5.249141040224855e-11,2.0937002619683677e-27
1,mlp,6189,4,4,6.212351433467581e-08,2.5981337462958836e-10,4.105461295839311e-06,7.32086243118761e-07,0.9999552985681359,1.3770275233857595e-06,3.8424473474143156e-05
1,mlp,13172,3,3,3.743580162402992e-06,7.401811016794332e-07,1.8892747990433438e-06,0.9495587631135693,0.006098047225949825,0.0007749342945489926,0.04356188232986874
1,mlp,7119,4,4,1.4794219342723647e-05,5.56850803234911e-09,0.0026575754469482966,9.847634292733232e-07,0.9972402158301963,2.2327866896009533e-06,8.41913848855244e-05
1,mlp,2035,0,6,0.006933658190971763,3.720985446267016e-05,0.0016401159890683384,0.007597526818306032,0.0005760322092831055,0.014361575311042906,0.9688538816268651
1,mlp,11095,3,3,2.3047884347102986e-08,3.2720496940404925e-09,1.2550440661144921e-08,0.9977567098827556,0.00021046133177122782,1.0368423688619167e-05,0.0020224214914099357
1,mlp,3156,0,0,0.9999940599745888,8.216579105470477e-08,5.443577384537484e-07,5.8089393066581876e-11,4.9597941629750596e-06,3.518621604760375e-07,1.7874686046318278e-09
1,mlp,6364,4,4,1.2921878625127273e-07,2.2344820291754945e-10,3.424893179935247e-07,3.2433778784093084e-07,0.9999562946394874,7.811325453938574e-07,4.212795862680405e-05
1,mlp,5259,2,2,0.00018731919740371254,6.281626973394379e-05,0.9996986002309032,1.782057901025571e-08,4.905686161491509e-05,2.1691548737789904e-06,2.046489159856402e-08
1,mlp,11580,3,3,5.985908712503659e-08,1.0510579107402734e-08,2.162921659001543e-08,0.9947632745701267,0.0008347980102050988,1.53379707911598e-05,0.004386497449993996
1,mlp,7550,6,6,0.00013766978092088182,3.8064007714067097e-06,6.1026053454145585e-05,0.25674780032498057,0.0023448737838467296,0.0005778521498183629,0.7401269715062079
1,mlp,11519,3,3,4.4597947410403907e-07,4.968348300409831e-08,8.445147539821072e-07,0.9839601575619416,9.333662598749412e-05,0.004363444844833291,0.01158172078952655
1,mlp,8374,6,6,0.0005304237736126364,1.2034942547340766e-05,0.0004793296795605659,0.0787732012959087,0.0012264411841830859,0.005350083574432335,0.9136284855497553
1,mlp,2232,0,0,0.9995833421733636,2.543039883493505e-06,0.0002816183174975332,1.039399579354333e-06,2.7185840265334225e-05,4.898654421182264e-05,5.528468519879481e-05
1,mlp,9559,6,6,0.000454869655602423,3.409473553813598e-06,0.0003961240497888671,0.000699432516255532,0.01781915516861446,0.0008252817730006676,0.9798017273631842
1,mlp,13404,3,5,0.002427282888542012,2.2295879157024398e-05,0.0005151634773253072,0.15838755029326662,0.0007040373679359239,0.4956615416470179,0.3422821284467552
1,mlp,5719,4,4,9.378653625149792e-09,7.980733978824433e-12,8.940091480760272e-09,7.066870527644638e-07,0.9999959741762147,1.1157679741082263e-08,3.2896523269770124e-06
1,mlp,10926,3,3,1.326735263906695e-08,3.1802160533628916e-09,2.7919105443125035e-08,0.9991651905248692,3.71476460437455e-05,9.701630487399334e-05,0.0007006011575388789
1,mlp,10100,3,3,4.679427280643426e-10,4.337831784299094e-13,3.663906551250379e-11,0.9999792839126069,1.1554176588394969e-05,3.360294229747173e-07,8.82537636616726e-06
1,mlp,12098,3,3,6.024112809741319e-07,9.770300052315717e-08,9.754996802795068e-07,0.9861644775709419,0.0002524966393516066,0.0005554705117352853,0.013025879664009303
1,mlp,3221,0,0,0.9999852765997423,6.829541831643448e-06,5.248168655628538e-06,2.974422746698928e-11,2.0526417864362245e-07,2.43923471587887e-06,1.161131893949315e-09
1,mlp,310,5,5,4.864957377392823e-06,1.784823413920271e-08,1.359280665570946e-07,2.4928594043718658e-05,1.2725786866506445e-07,0.9999248804782237,4.504493618596806e-05
1,mlp,9099,6,6,0.00037824265377153104,2.686594461135373e-05,0.0011539855161426457,0.01910818488086116,0.0017405675241241574,0.06589513982386874,0.9116970136566204
1,mlp,5866,4,4,0.00072815597396706,1.1051550647649547e-06,0.0007090350886304957,0.0010346056437167265,0.8476388500117941,0.00019436078235178937,0.14969388734447509
1,mlp,2503,0,0,0.9999351017263945,1.0240907110534198e-06,5.136149419412006e-05,2.736765996444717e-08,2.248460407630898e-06,8.934068299408228e-06,1.3027923333249372e-06
1,mlp,5857,4,6,0.0010545616362237162,4.101611641231913e-06,0.0015160731952025708,0.0018698365543336878,0.23427212880000817,0.0007473070333445641,0.7605359911692462
1,mlp,6003,4,4,1.6113223912999595e-05,3.050767400972825e-08,6.807986108673848e-06,3.96942905162821e-05,0.9927831776709137,2.7116807944636544e-05,0.007127059512929562
1,mlp,8750,6,6,0.00019286379770100745,9.816611644533995e-06,0.00018521617637797446,0.06158354179235319,0.00721343258918556,0.005672593619829787,0.925142535412908
1,mlp,2021,5,0,0.9813041829605511,3.7484397202344897e-06,2.913421172464033e-05,5.006614142466629e-07,2.7577431567925515e-06,0.01858785111245058,7.182487098254284e-05
1,mlp,5555,4,4,2.7590666665924982e-06,1.9090273454437198e-08,6.615777477192008e-07,0.00875474976278791,0.9843714796402399,8.354316233151214e-06,0.0068619765460511345
1,mlp,12099,3,3,1.2513489274267398e-07,2.5018292412127497e-08,7.055912793170427e-08,0.9958046064094367,0.0004782167099507642,5.035983124870385e-05,0.0036665963370509187
1,mlp,4714,2,2,0.00019218110104950972,1.5682204615973228e-06,0.9988510355754666,1.0043736235635328e-07,0.0009467293089818196,6.803878178506995e-06,1.5814784994367449e-06
1,mlp,9535,6,6,0.0035325650018267875,1.0706183525034886e-05,0.0010952328652906508,0.001221529363355131,0.0006921004732037964,0.0004556202256677187,0.9929922458871309
1,mlp,5181,2,2,0.001464992158852461,3.59868786432111e-05,0.9981556509831585,4.159155987449961e-08,0.0003271880067498966,1.597837079348496e-05,1.620102426495023e-07
1,mlp,939,5,5,4.5141265156659155e-05,4.217450318462684e-06,6.119243506408353e-05,0.014393018282037944,8.747287647007077e-05,0.9755129565124963,0.009896001178456404
1,mlp,6728,4,4,5.830022014235416e-07,2.9614693375352335e-09,2.1638172227926604e-05,1.553669045541585e-06,0.99985632669281,1.1414397014722062e-05,0.00010848110523108934
1,mlp,9520,6,6,0.007404116002890329,1.829705260704865e-05,0.0011210424935359,0.000899222339670962,0.001081672743115394,0.0005983401963607314,0.9888773091718197
1,mlp,2234,0,0,0.9997867518938885,2.42288016496173e-07,1.4863077569938853e-05,9.610764749621443e-07,0.00011016586142721463,5.118420892723839e-05,3.5831593695563905e-05
1,mlp,5451,2,2,0.021634153908997467,0.0014764643809332858,0.9766135894974053,5.02146015091189e-09,0.00019445811380742025,8.132377660825984e-05,5.300788204135245e-09
1,mlp,1974,5,5,0.010522349589020919,0.00029589741238118843,0.018804349937117493,0.001104573199083549,0.0010030629964664654,0.783157741719306,0.1851120251466244
1,mlp,3745,1,1,1.213978753739365e-07,0.9999993329107231,5.455108516747399e-07,8.827651294836806e-22,1.0220132095990701e-10,7.834858548397501e-11,3.5027620824807705e-26
1,mlp,2756,0,0,0.9999074982753255,1.3835091522610269e-06,5.520239015283335e-07,3.2714494191774485e-09,5.551462459413132e-07,8.980694548971598e-05,2.0082843535099456e-07
1,mlp,4671,2,2,0.012645847638235171,1.7958410358073947e-05,0.986452949299107,4.297843595979141e-07,0.000854525836521361,2.3004219683947234e-05,5.28481173472954e-06
1,mlp,1629,5,5,0.000553872525898211,6.1009268154356404e-05,0.001169227936495434,0.010844638436992486,0.0005112211399958058,0.9250981819248041,0.06176184876765953
1,mlp,10772,3,3,3.433537789382183e-09,5.983548199730219e-10,2.0842710197833183e-09,0.9996219177862048,0.00016549764877388264,2.277432634534927e-06,0.00021030101622322337
1,mlp,2024,5,0,0.40452574273976877,0.0007426048574863897,0.36384428141205793,0.0002098793666532232,0.0019928355429845754,0.1694686385912014,0.05921601748984774
1,mlp,9051,6,6,0.0006620703141353992,2.7216240812982275e-06,0.00011286879585425776,0.0027279298623144083,0.07974854379056695,0.0003709596765146668,0.9163749059365329
1,mlp,6702,4,4,0.08892109416728287,7.872066325058936e-07,0.0008792331697117857,4.750644393600889e-05,0.882749522604806,0.0013649585938223913,0.026036897813808343
1,mlp,4016,2,2,0.0350380430529987,2.1275938224025633e-05,0.9620528476211537,1.6162422911759115e-05,0.0021124176221662613,0.00013561931976692568,0.0006236340227785929
1,mlp,28,5,5,6.882702808862796e-07,6.184386474314746e-08,8.263202564364829e-07,0.03179326403545748,1.0475809269202121e-05,0.9676731329452851,0.000521550775586117
1,mlp,12097,3,3,1.0314010825922095e-06,9.503506054876447e-08,5.947580123812383e-07,0.9703545983877447,0.001358988328042305,9.1951983782629e-05,0.02819274010627476
1,mlp,8346,6,6,0.0018012768580634485,9.59436396238737e-05,0.0016711361994797005,0.05757931519999638,0.001593120567617759,0.1778233261929034,0.7594358813423154
1,mlp,701,5,5,9.096525864935098e-07,4.589836401397974e-08,6.840205942523706e-07,1.9776956640280414e-05,3.720181412076093e-07,0.9999492148036649,2.8996650008849312e-05
1,mlp,5715,4,4,4.54114865114066e-07,2.539011803020428e-09,4.1427288204359466e-07,8.413072952905369e-05,0.9990630075376048,4.655805735787995e-06,0.0008473350003714711
1,mlp,5162,2,2,4.917777768847252e-05,2.1349034389544715e-06,0.9978846942907081,2.9691538065745242e-08,0.002060976737577139,2.844390169103779e-06,1.422088799675642e-07
1,mlp,2187,0,0,0.9995187308419082,6.161642058103594e-07,1.026167989394713e-05,2.888503153894931e-07,2.8659803838277463e-06,0.0004452087421380139,2.2027741154644084e-05
1,mlp,8143,6,6,0.00036270494526315273,9.376131523170999e-06,0.0002895869846403565,0.1104952305477585,0.0009280950521392892,0.002557529401333629,0.8853574769373419
1,mlp,7693,6,6,5.768919291237489e-05,2.7783875012078037e-06,1.9791128243496837e-05,0.15023953111927466,0.005802837870017291,0.0013383762473370996,0.8425389960547138
1,mlp,1080,5,5,5.3932412472332916e-08,1.6498755594978212e-08,1.40388245808634e-07,4.5146250082789494e-07,7.414348786437793e-08,0.9999986154715845,6.48103013081635e-07
1,mlp,474,5,5,5.918712754260185e-07,3.743335462490462e-07,2.7317515211648615e-06,0.0031508128745959853,1.5054123216641832e-05,0.9965726647767732,0.0002577702690714649
1,mlp,3091,0,0,0.9999925604913383,1.5208977657857924e-06,1.5632529159342804e-06,2.2411607651692035e-10,2.0342663430002588e-07,4.139765887837343e-06,1.1941341669846708e-08
1,mlp,12603,3,3,6.309042530545902e-06,4.0000906183474803e-07,1.2662007214690566e-06,0.7138647392410775,0.02965276204785485,0.00031965305535048075,0.2561548704034033
1,mlp,12590,3,3,1.724643839372302e-05,7.118999887700385e-07,4.18531629573841e-06,0.6293823937403908,0.004480043042052376,0.0007271911534327774,0.36538822840944585
1,mlp,2821,0,0,0.9999806771330699,1.8370028696478742e-06,1.0780137289759043e-05,2.255808930049614e-09,1.0972105922477283e-06,5.441927044204369e-06,1.64333325465324e-07
1,mlp,8418,6,4,7.787543652079336e-06,1.3701181883489678e-08,1.9979727078112408e-05,0.00044703456530576223,0.9840370367243919,4.012059338938169e-06,0.01548413567905117
1,mlp,1045,5,5,2.01690980765344e-06,1.9852752753884614e-07,1.83122125565791e-06,3.822978221401394e-05,1.6820290102116902e-06,0.999910419004231,4.5622525953966446e-05
1,mlp,5710,4,6,0.0001350836152703934,1.4343677254721854e-06,0.0003553726427382421,0.02562734098063198,0.37646290175034525,0.0020369598256118346,0.5953809068176767
1,mlp,748,5,5,7.869639430918188e-05,8.387622037409589e-06,9.47526031559041e-05,0.09818514668676018,0.00029562040719103904,0.8639974067778027,0.0373399895087436
1,mlp,9377,6,6,0.0007924641649609874,7.768471698062043e-06,0.0016477401482809754,0.0024750033980575985,0.0021031869940914285,0.006485061470805317,0.9864887753521056
1,mlp,11441,3,3,8.43918894951568e-08,1.1213976036440353e-08,6.209114786890708e-08,0.9947826421998328,0.0003471789889840294,4.889750900976125e-05,0.00482112360515989
1,mlp,3428,1,1,0.00013910372728401466,0.999786084357531,7.47373173539562e-05,2.3940314334294857e-17,4.003305139721465e-08,3.4564779626257156e-08,8.276248284776096e-20
1,mlp,2955,0,0,0.9999824669347844,1.080669721337218e-06,1.3427484004543542e-05,9.617172968935927e-10,1.4219000386715366e-06,1.5615972326063616e-06,4.045250079838951e-08
1,mlp,6471,4,4,8.545671741048913e-07,2.4248841375458153e-09,1.2325278929370914e-06,1.7502078570793632e-06,0.9995251863143526,1.2476149554073573e-05,0.00045849780828538023
1,mlp,5877,4,4,1.5224133112330312e-05,2.9127805370491148e-08,9.472320242122705e-06,9.006010421737082e-05,0.9846999356869607,1.5009856489637253e-05,0.015170268771172512
1,mlp,12637,3,3,4.227263850337724e-05,3.1121625314765977e-06,5.18192301366078e-05,0.8144444266890767,0.000532620870265241,0.05219463977416569,0.132731108635321
1,mlp,8804,6,6,0.0002076012127822006,2.0380490721260312e-06,0.00011156959763574612,0.002204047305767861,0.0010279731188884127,0.00010355779471513957,0.9963432129211385
1,mlp,389,5,5,2.786446077609085e-06,1.0019419005324324e-07,2.526175542335013e-06,0.0010268634635616427,2.1180208218478147e-06,0.9985588227030625,0.0004067829967440885
1,mlp,3519,1,1,2.086931254895903e-06,0.9985620727715914,0.0014356963315261824,3.2200580766430464e-17,1.1802219452394688e-07,2.5943432990426855e-08,9.05055487791699e-21
1,mlp,7157,4,4,1.9943668948712154e-05,8.07181313128401e-09,0.00020486231706743306,5.477020265237168e-07,0.9996816884416714,1.0149370274442154e-05,8.28004281984205e-05
1,mlp,7667,6,5,0.0010623448603978669,3.796875346600405e-05,0.00035650005946963217,0.2552888572352457,0.0013870662636075635,0.5463625899438445,0.1955046728839688
1,mlp,8633,6,6,0.0035881260651322838,4.413474647091818e-06,0.0023650006347059457,0.01686904913688939,0.019469862228047294,0.0003607177535420499,0.957342830707036
1,mlp,5001,2,2,1.1109302928815621e-05,3.0478701243478867e-06,0.9999061932626118,2.644627762159421e-08,7.773305796224526e-05,1.7943520867371098e-06,9.570800830611956e-08
1,mlp,6317,4,4,9.719732892506623e-09,1.7900179488466864e-11,6.026466190527077e-07,1.0459820324974232e-07,0.999996786879241,3.339222342230575e-08,2.4627460803821004e-06
1,mlp,11398,3,3,5.961775739535118e-08,7.840646694166587e-09,6.02485366717043e-08,0.997426154317962,0.00014543233698536927,4.079949824175847e-05,0.0023874861398702845
1,mlp,6712,4,4,5.5425798640453644e-06,4.7938113699705264e-09,5.575045353965929e-06,1.1649735887570797e-06,0.999508016594015,7.903198338777634e-06,0.0004717928150281856
1,mlp,12035,3,3,4.7448622820204344e-07,9.835462108918522e-08,1.0269528475992168e-06,0.9827759641267485,0.0001815876245099976,0.0018302295491269714,0.015210618905917734
1,mlp,8413,6,6,0.0013839571741601213,2.072134184256789e-05,0.000530252964247643,0.021109055678763523,0.001043654619026482,0.006058231040858702,0.9698541271811009
1,mlp,10575,3,3,2.3981150679764644e-10,6.768953000415979e-11,2.5708059587991893e-10,0.999922455897191,4.759493018999767e-05,1.91398250515176e-06,2.80346255322536e-05
1,mlp,10275,3,3,3.7618322820466523e-10,3.717219218355495e-11,9.203787109290622e-11,0.9988017237197678,0.0009775227947830857,7.200296483778303e-07,0.0002200329504072936
1,mlp,8701,6,6,0.0004593538399057998,7.230557926271994e-06,0.0004429572556780094,0.016018222372300432,0.0015306602305559837,0.0024364737635716193,0.979105101980062
1,mlp,3276,0,0,0.9996410599965104,0.00033137468156024905,9.445093469876494e-06,3.911787595707972e-11,1.8495071173106827e-06,1.6269936493492315e-05,7.457304017423672e-10
1,mlp,1932,5,5,9.964850610258387e-06,2.1931349296498536e-06,4.383200074410416e-05,1.7158641246754267e-06,2.8635359275012624e-06,0.9999109055995291,2.852501413479312e-05
1,mlp,11050,3,3,1.3863729639497541e-09,7.1930130503521e-10,4.564071894562473e-09,0.9996785825030409,2.0469083005535805e-05,0.00011310901217752841,0.00018783273202981217
1,mlp,1033,5,5,5.138535078075593e-05,1.491643614822655e-05,0.00015620684030272463,0.03313740312363301,0.0002919820068711406,0.9408872257460918,0.02546088049617234
1,mlp,13309,3,3,8.674250284807063e-05,7.851060873821702e-06,0.00012621086679897903,0.7027822202617834,0.0014474459168234094,0.02074319955213952,0.2748063298387329
1,mlp,5316,2,2,0.10187096487713053,0.00018091775618549484,0.8961417988561818,3.644774738035535e-08,0.0016825108264171716,0.00012358679464470214,1.8444169306678328e-07
1,mlp,11945,3,3,4.969581035653865e-07,4.047472055170304e-08,2.983401774562732e-07,0.983322932389297,0.002564947881341476,5.9163169073998125e-05,0.014052120787285814
1,mlp,6368,4,4,7.414261046462439e-05,1.3698413505230277e-07,0.0013063204877276642,3.7495458190363044e-05,0.9853072454883599,9.096973530114232e-05,0.013183689235821174
1,mlp,13082,3,3,8.978581046172358e-05,1.0705166028090988e-05,0.0001095846242735186,0.7876760802106794,0.001241758964179879,0.05699767358622006,0.15387441163815752
1,mlp,3240,0,0,0.9999986183176838,3.978194633721809e-07,1.0990591123084361e-07,9.684253404102611e-12,8.427127830179443e-08,7.891688399527118e-07,5.071392327307708e-10
1,mlp,7419,6,3,1.7666409651030203e-05,9.145643340917812e-07,3.4212564794815255e-06,0.5820064234688261,0.008259284038346002,0.0006084636441536886,0.40910382661820965
1,mlp,12912,3,3,4.3308960477289214e-05,6.246700381341718e-06,5.3458157326700525e-05,0.8557187454102761,0.0011345008416426888,0.03156792015850503,0.11147581977139069
1,mlp,10137,3,3,6.341931405551688e-11,2.1571435998378592e-11,1.0397257266368158e-10,0.9999794420012064,6.866221310983741e-06,2.2962333863951514e-06,1.139535513284181e-05
1,mlp,11545,3,3,1.671569638208147e-07,3.6978069310303176e-08,4.4343476519675773e-07,0.9944163572687331,7.842906073045848e-05,0.0013798803173518668,0.00412468578338621
1,mlp,11048,3,3,1.0217395976702877e-08,1.9182726820449573e-09,1.1310971642657916e-08,0.9994873410360302,5.8035118390581914e-05,1.5318312851968085e-05,0.00043928208608694496
1,mlp,12668,3,3,4.115186967943335e-06,3.5834708569008096e-07,3.391682572127894e-06,0.9460047272509148,0.0017577411888225988,0.000311385956097438,0.051918280387539234
1,mlp,9035,6,6,0.0006258279745194647,2.293723840407473e-06,0.0001839173841283738,0.0021997582853302534,0.009452608158481448,0.0001684079233298832,0.9873671865503701
1,mlp,9547,6,6,0.006480987951170172,3.419430287677039e-05,0.004736561312654417,0.0014085210806151888,0.000660464208501751,0.01082807120991282,0.9758511999342688
1,mlp,201,5,5,1.7221155794332116e-05,8.715096663697051e-07,4.761820868502825e-06,0.03506764397091973,6.681775307954867e-05,0.960895830206886,0.003946853582785579
1,mlp,2243,0,0,0.9997088923474626,3.0787677050352854e-06,0.00016056502848887182,9.178358246952417e-07,1.2931969107400894e-05,5.756893365661171e-05,5.60451177548741e-05
1,mlp,993,5,5,2.1390523637943455e-05,4.54672167966667e-06,4.3761398990734986e-05,0.010625346032223225,9.838545717179032e-05,0.9851148012732067,0.004091768593089968
1,mlp,1405,5,5,1.194771973272306e-07,4.325009869205622e-08,5.913988881414942e-07,4.538157998025795e-07,1.2805665808936838e-07,0.999997355412135,1.308589222891159e-06
1,mlp,1797,5,5,6.465256399330993e-06,1.1744277944075304e-06,2.3970980197160793e-05,5.970954321018671e-06,2.852263642716135e-06,0.9999055938061983,5.397231144725744e-05
1,mlp,2956,0,0,0.9998503555852385,1.087622780174984e-06,0.00011963957819710007,5.716751112275756e-09,2.2912660203849892e-05,5.778211103900792e-06,2.206257255841688e-07
1,mlp,3315,0,0,0.9952219918087155,0.004046142000096597,0.0006971725080682899,5.102359976985901e-10,6.430105338408601e-06,2.8262030943702656e-05,1.0366015080365257e-09
1,mlp,8453,6,6,0.00020977346905683505,3.2063727902672487e-06,0.00017372397797911848,0.024694321256871928,0.007242681318478905,0.0010416125051527535,0.9666346810996702
1,mlp,10537,3,3,6.972832704191563e-08,1.6041646088701917e-09,4.601630825707357e-08,0.9982352974211953,2.5389773555583975e-05,3.836755215627551e-05,0.001700827904293076
1,mlp,11142,3,3,1.7848133878257702e-09,6.269406544448242e-10,2.2618312882493016e-09,0.9996104378448059,9.582901615312172e-05,1.6276700154167877e-05,0.00027745176530134395
1,mlp,10156,3,3,8.243204110357067e-11,1.2423917123484999e-11,3.831398136944987e-11,0.9999773071892077,1.0842932479738372e-05,2.3677938953115714e-07,1.1612965753041553e-05
1,mlp,6694,4,4,2.2037110685365498e-05,5.175236068335078e-08,5.0816338218492434e-05,5.692920097933169e-06,0.9959669201713065,0.00010415811629512837,0.0038503235910357842
1,mlp,5996,4,4,1.0921070907607077e-07,4.0372229707714385e-10,9.828555648831901e-07,2.0548089900157366e-06,0.9999021253223392,1.794545103468479e-06,9.293285357097251e-05
1,mlp,6045,4,4,2.3226361400337172e-06,3.5041083408741383e-09,5.922382402886896e-07,1.1376641766160734e-05,0.9985340898041801,6.19145120699745e-06,0.0014454237243582211
1,mlp,10647,3,3,4.378310315663189e-09,1.3641535085474973e-09,9.351007346984274e-09,0.9996582915635929,2.6748996007036072e-05,8.867456660886562e-05,0.0002262697803199282
1,mlp,5612,4,4,3.964795473288445e-06,9.65187501589071e-09,3.6815842474514095e-07,0.0011518788968156626,0.9924710162699303,5.309795249705858e-06,0.006367452432231
1,mlp,9093,6,6,0.004381505635975046,1.7741025063932644e-05,0.00032258608950936095,0.0020568273113612365,0.0022914445022235454,0.005259089710214279,0.9856708057256525
1,mlp,1900,5,5,0.3656991217684148,1.5803030629018136e-06,2.78912705288689e-05,6.107864631975252e-05,1.2598937232937139e-05,0.6308583609733488,0.0033393681010919414
1,mlp,11812,3,3,9.117086678873945e-06,8.667751987306103e-08,3.578917970502916e-06,0.9464029638167158,0.00013897087941015915,0.0008672428491385265,0.052578039772566164
1,mlp,10616,3,3,3.6094634353722463e-09,5.498837381549462e-10,3.5901773960961754e-09,0.9996009058137086,5.559323057649623e-05,7.106830603965641e-06,0.00033638637558622595
1,mlp,13338,3,3,1.3579677781566992e-05,2.3211770511236234e-06,1.3396116513315643e-05,0.8406288425607626,0.0026335359157529936,0.0036907149181632714,0.1530176096339749
1,mlp,2344,0,2,0.2682232467676075,0.0006092691745547492,0.7110802318188405,8.231011318826248e-05,0.0024080653541829217,0.009153396125928694,0.008443480645697325
1,mlp,8937,6,6,0.0007694903019589063,1.9726686591262533e-05,0.00048106875062270117,0.016282136057193263,0.001134090614987545,0.019085539154213238,0.962227948434433
1,mlp,3055,0,0,0.9993652476854527,9.728171645941964e-06,0.0003918527342001675,1.551461541907086e-08,0.0002267848143362875,5.9765918455940255e-06,3.9448790391553435e-07
1,mlp,2418,0,0,0.9907769983827862,3.837882929966178e-05,0.00020565025571302696,2.624991491553966e-07,1.3708711660549155e-05,0.008923650639939173,4.1350681452447845e-05
1,mlp,498,5,5,6.254168935235523e-09,2.3502577492669854e-09,5.3841915515498755e-08,3.7046662267227045e-07,1.1734092423110487e-08,0.9999989674121619,5.879407810041985e-07
1,mlp,2246,0,0,0.9921805775209984,2.2571890451428617e-05,0.0068913477547401175,1.054094121274349e-05,0.00010441802807507796,0.0002624392288167217,0.0005281046357057467
1,mlp,10597,3,3,7.132816083752477e-10,1.500892696254671e-10,3.166718857668669e-10,0.9998436277383966,6.644790832678607e-05,1.5757083042521e-06,8.834746492971143e-05
1,mlp,5559,4,4,4.255021215716204e-08,6.205981329507667e-11,2.881324191789986e-09,0.00014745786189766566,0.9991354768642409,1.4846313805073227e-07,0.0007168713171270512
1,mlp,11784,3,3,9.644725170014134e-08,1.5962189744798292e-08,1.8451407989585034e-07,0.996123677498712,7.867895722452753e-05,0.000280807352462891,0.003516539268079387
1,mlp,2831,0,0,0.9999780682893976,1.8396347465678127e-06,1.086601486354051e-05,2.8627757982119426e-09,1.2276867471465092e-06,7.77014064322227e-06,2.253708260389561e-07
1,mlp,2130,0,0,0.8447595915471324,6.647597389107517e-06,0.00880341491357114,0.00019552875867564882,0.11908661250114266,0.0002828271559683356,0.0268653775261208
1,mlp,10303,3,3,1.090371137083087e-09,1.651587674282604e-10,1.5651092186334393e-09,0.9998407585476823,1.3574262300075647e-05,8.824581307816552e-06,0.00013683978807101376
1,mlp,10615,3,3,3.3846438751117256e-10,3.185251317667206e-11,5.6618303779699176e-11,0.9972532165301684,0.00254971940647864,1.285854125687785e-06,0.00019577778229199334
1,mlp,8160,6,6,0.00022068831445990554,2.5988763142768375e-06,9.81908632941991e-05,0.008407449870773616,0.0010172033396672608,0.0001143425406085016,0.9901395261948822
1,mlp,11578,3,3,2.1994133581564428e-08,5.860714658871548e-09,2.9661806295848123e-08,0.99797897913425,0.00018405031789521888,6.84620936590636e-05,0.0017684509375411738
1,mlp,6724,4,4,1.302433377901201e-06,1.6914334429465723e-09,0.00010088461148529173,9.025378350791829e-07,0.9998238484075573,2.5523572531068673e-06,7.050796105797114e-05
1,mlp,11494,3,3,5.363713659293967e-09,2.445499819509883e-09,1.207971940691757e-08,0.9994505977216801,5.5970457233840465e-05,9.143806193812297e-05,0.0004019738702150172
1,mlp,9361,6,6,0.00020534819737477391,3.084979586611713e-06,0.00022802565700447348,0.0005740942510379275,0.001440070621939091,0.0014848897157290844,0.996064486577328
1,mlp,12289,3,3,1.1114182755815548e-07,1.0563940547453888e-08,2.020692273900315e-08,0.9603615683232062,0.031567202893161186,6.608031215128043e-05,0.008005006558790679
1,mlp,3793,1,1,4.6778111540258375e-09,0.9999716500773885,2.8341786021527378e-05,1.3378325625301399e-21,3.4000271699009897e-09,5.875148715381494e-11,7.993222703358846e-27
1,mlp,3960,2,2,0.008101919031569881,2.9934329353619174e-05,0.9875746137207718,4.229354766217704e-05,0.0013938695564960917,0.0002022721711143874,0.002655097643032086
1,mlp,536,5,5,8.17899828934273e-06,8.032365210448315e-07,7.720617588316878e-06,0.010408830417002836,3.018319609731559e-05,0.9880355194188172,0.0015087641156838131
1,mlp,8094,6,6,0.0003579762134919755,4.238663451845988e-06,5.877221404276883e-05,0.014788880453666525,0.002455712890119916,0.0003551523138871509,0.9819792672513399
1,mlp,8117,6,6,0.0006821749537302161,1.878802898994459e-05,0.00044887400915942407,0.15376409643732653,0.0010672118940234917,0.023985925259420973,0.8200329294173494
1,mlp,7692,6,3,4.3397558857723544e-05,3.942126651188429e-06,3.960488467565024e-05,0.6021243209498596,0.0028576041604122743,0.0034574315110798668,0.3914736988084638
1,mlp,6320,4,4,7.827981341918529e-06,8.167025892755777e-09,5.5633065392520474e-05,9.222990335656765e-06,0.9992647738578394,5.996423478731864e-06,0.0006565375145857539
1,mlp,6896,4,4,3.365306843758082e-08,3.571989699011479e-11,2.4252738202493848e-05,3.8338782364769544e-08,0.999973685732043,6.825761775955538e-08,1.9212445660179253e-06
1,mlp,6419,4,4,3.624717546068347e-06,1.3231982125682452e-08,8.004017862717223e-05,1.3807573195519869e-05,0.9900450655971941,3.6717675620587716e-05,0.009820731025834388
1,mlp,3179,0,0,0.9563976932128445,0.0012724574699105565,0.04215539532016583,5.0785339978503644e-08,4.3799789637953425e-05,0.0001304679398630373,1.3548223813771526e-07
1,mlp,2252,0,0,0.9995710049698416,2.259063092102526e-06,0.00031003568947891375,1.1807573117456897e-06,1.93633743534738e-05,3.428493910595958e-05,6.187120681641438e-05
1,mlp,13533,3,6,0.000519613350734079,6.045218179373316e-06,0.0002198923545401398,0.017705530485996976,0.0008879438976205807,0.0012961337525843638,0.9793648409403444
1,mlp,395,5,5,2.5105792210407067e-08,1.706592108070481e-08,1.8228081103756442e-07,2.520040686956026e-05,2.877429212802224e-07,0.9999694368080974,4.850589587457323e-06
1,mlp,9153,6,6,0.0006289419921649659,5.7894046926459885e-06,0.0001610699397700925,0.0018730152184523168,0.0030409217438871197,0.0005532510940157325,0.993737010607017
1,mlp,12369,3,3,1.545660969875601e-07,4.7659179024513614e-08,2.6079536345793806e-07,0.9924873430348435,0.0003003166003388325,0.0004984236723479979,0.006713453671830212
1,mlp,1793,5,5,2.6422462216203014e-05,4.5007596410052565e-06,3.259399152898082e-05,2.95837296860773e-05,2.068224059121788e-05,0.9996888638408603,0.00019735297547641807
1,mlp,10627,3,3,1.5479046907325074e-08,1.7808361634250376e-09,1.2135880404106252e-08,0.9994523782772954,3.805487377598038e-05,2.0001803714431888e-05,0.0004895356494507505
1,mlp,11238,3,3,2.288214304492436e-07,4.498828618697864e-08,4.2086516809880087e-07,0.9846376422588534,7.851143035155236e-05,0.01315815773217695,0.0021249939037332397
1,mlp,5245,2,0,0.9661499481062503,1.3160080817445443e-05,0.022054826572042375,2.6297170727944908e-08,0.011747789759079254,3.4025760530018133e-05,2.2342410968227464e-07
1,mlp,3507,1,1,0.00011180591382255793,0.9998776775333945,1.0500358328449594e-05,6.969895872281811e-19,6.831256772385398e-09,9.363197733524286e-09,1.6456587891728479e-21
1,mlp,9967,6,6,0.06986270536606735,6.495302815612703e-05,0.0153305289577565,0.0006072448183177062,0.009800486367705467,0.003365073795558014,0.9009690076664388
1,mlp,8036,6,6,0.00018940440940002002,4.519282772363439e-06,6.276498082127934e-05,0.025206754171190112,0.003523601166629519,0.0008451114989979154,0.9701678444901889
1,mlp,362,5,5,1.4819843261678934e-06,6.666204843108388e-07,5.198983597039163e-06,0.017457910255071873,3.780458500934043e-05,0.9816535046152826,0.0008434329562287043
1,mlp,12564,3,3,1.0833139352001853e-05,4.707894764738767e-07,7.038546381455653e-06,0.8440281782720975,0.0005122960232050246,0.0013042813787107978,0.1541369018507768
1,mlp,10882,3,3,1.2346937326726786e-07,5.002898712232357e-09,4.31380138249797e-08,0.9901931594158169,0.00012098932047054783,2.9201264188352398e-05,0.009656478389238388
1,mlp,3041,0,0,0.9995912517390579,0.00020210959254313577,8.194922607529345e-05,9.37174128399962e-09,7.040611768737015e-06,0.00011746775965514266,1.7169915842275938e-07
1,mlp,9053,6,6,0.0014054342865320358,1.5275097416591218e-05,0.0014150258024385697,0.0032025896720144346,0.0004551455682301298,0.01087446204850946,0.9826320675248589
1,mlp,12835,3,3,1.1763432907488368e-05,1.2264335116326853e-06,1.705060656474446e-05,0.8720355568306112,0.0005895869578457125,0.008732236136112754,0.11861257960244616
1,mlp,1069,5,5,0.0010527940171975185,3.0814106797032382e-06,0.0001101534649284814,0.005577686081901911,2.8840805568103663e-05,0.9795533697449208,0.013674074474803403
1,mlp,10223,3,3,1.2949623968489768e-09,8.888050216342505e-11,2.960844464486394e-10,0.9993201146070386,0.00025771591887987697,1.1456486434879709e-06,0.00042102214551063675
1,mlp,8538,6,6,0.00041567185603426566,4.8819060745831555e-06,0.00027072833491544507,0.00858514657367066,0.0005526799215410732,0.0006544691849481166,0.989516422222816
1,mlp,6426,4,4,0.0071854078497672995,9.723055877156971e-06,0.08850214650575694,0.0007792685381621733,0.6347479282958393,0.0013492841658943214,0.26742624158870276
1,mlp,8111,6,6,0.0013296495071651343,2.7089160642420496e-05,0.0007479415723257221,0.06663797646442683,0.0006895393325946144,0.03880532458097189,0.8917624793818733
1,mlp,6427,4,4,2.342278333124367e-05,2.7328269048229382e-08,2.06443409250934e-05,1.0545032513782326e-05,0.9938376337531856,2.9884829295860275e-05,0.006077841932479548
1,mlp,8410,6,6,0.0004873476150733297,1.7495579414944373e-05,0.0004912928159030676,0.0514214548123753,0.0009347739156588674,0.006690004341877333,0.9399576309196973
1,mlp,13162,3,3,4.376763335012664e-06,9.162034493295346e-07,5.238126677505352e-06,0.92421337319195,0.00441164343526314,0.0016712356282672987,0.06969321665105749
1,mlp,12093,3,3,1.7632982591906335e-06,6.951510744277235e-08,4.3870176129501725e-07,0.9292808900035625,0.04089835863299921,2.6005244231397397e-05,0.029792474604079015
1,mlp,5061,2,2,3.023549761726523e-05,5.069831470585345e-05,0.9998385413088166,1.112449245892459e-08,7.299246739395702e-05,7.475136536623535e-06,4.6150437225641785e-08
1,mlp,2427,0,0,0.999931529043551,7.221086616662785e-07,2.8771837977887383e-05,1.132393202620932e-07,1.1875942543014485e-05,1.805317717302924e-05,8.934650773391578e-06
1,mlp,5170,2,2,0.007345407209291409,0.0003474592322219051,0.9922225765385417,5.911313483455865e-08,5.207866215429828e-05,3.232122065935514e-05,9.802399655375294e-08
1,mlp,983,5,5,1.3433203079729914e-06,4.987777809419576e-07,7.391385097999578e-06,0.0003914528961851895,7.239387088726469e-06,0.9993615392325522,0.00023053500098693132
1,mlp,1554,5,5,0.0004706389271667643,3.6540733838043045e-05,0.000708999563408614,0.004981159545163374,0.00023814538130991335,0.957038077628134,0.03652643822097927
1,mlp,1957,5,5,0.0018365659121260991,4.2617664271156366e-05,0.001420567066080447,5.5766455141392885e-05,6.067921401545842e-05,0.9937947709483094,0.0027890327400561777
1,mlp,4401,2,2,0.0012321986425423564,5.60195264173688e-06,0.9947777759293875,1.1928800424306907e-06,0.0038864412688368564,5.1466235488549164e-05,4.5323091060306e-05
1,mlp,4220,2,2,0.027261889365676535,6.550606673430751e-06,0.9434843493971136,3.6260468870809823e-06,0.028662007290572666,0.00038463453495273035,0.00019694275812402257
1,mlp,8276,6,6,0.0006275834402423788,3.152087346649658e-06,0.00020804077290391458,0.008218744439092499,0.00843451574463752,0.00019533940272950786,0.9823126241130476
1,mlp,11129,3,3,9.399809659580662e-09,2.4406693246080374e-09,2.1454451468474845e-08,0.9993661590107816,3.0227466275031715e-05,0.00010629671545229631,0.0004972835125604744
1,mlp,7615,6,6,0.00010096530998061605,1.2018289112111584e-06,1.2342377497804578e-05,0.19005913008026992,0.22451526885201217,0.00023807023537002965,0.5850730213159583
1,mlp,9270,6,6,0.0024099504350524976,7.335416668527513e-06,0.0018164345473302124,0.0010667092293052088,0.004541608038682909,0.0011296432674650179,0.9890283190654957
1,mlp,7355,4,2,0.0009295141274134357,1.0114086268201919e-06,0.5722813646654908,9.649025286799065e-07,0.4264925542704838,0.00024500174220430285,4.9588883252135304e-05
1,mlp,7725,6,6,0.00011902392077165374,3.933336649435333e-06,9.487512147757906e-05,0.1485742391419672,0.003003851492415177,0.0014771882942860603,0.8467268886924328
1,mlp,8584,6,6,0.0018910279017152513,9.566401349323695e-06,0.0002395493274019181,0.00754099892142218,0.0008658551871242107,0.002103964896325067,0.987349037364662
1,mlp,7776,6,6,0.00039962290146973716,5.890217306638339e-06,6.690046310692519e-05,0.08015911154567383,0.015438302856090522,0.0005991990761047584,0.9033309729402474
1,mlp,343,5,5,4.4195682633633354e-07,1.6595735810917342e-07,2.2248223823336907e-06,0.004143967211160832,8.808097536916197e-06,0.9955451667945747,0.00029922516016078873
1,mlp,10327,3,3,2.4489462623648087e-09,2.458527880228036e-10,2.709136716395237e-09,0.9997339618909965,2.0253723637629054e-05,7.51709157446183e-06,0.00023826188985561628
1,mlp,4157,2,2,0.0026060524567150106,7.927248296183876e-06,0.9957739725107054,4.286629667507045e-06,0.0012961565105225786,0.00010975951127728981,0.00020184513281594892
1,mlp,11992,3,3,9.7276448582784e-07,2.1796378958841082e-07,2.3784446590924696e-06,0.9675592166439413,0.0001556190212333369,0.023294534976170008,0.008987060185720801
1,mlp,70,5,5,7.746504122894234e-09,1.8576652812127972e-09,1.2974164916860871e-08,4.676151293903694e-06,3.88074840101509e-08,0.9999944490776183,8.133852695392015e-07
1,mlp,7031,4,4,0.002210493272171821,0.00012221842368685635,0.2821698024240552,5.0007522574146076e-05,0.7084570224363661,0.0029038343220373643,0.004086621599108469
1,mlp,4248,2,2,0.030340412574628224,4.783790912410974e-05,0.968482460041603,3.2299380551935e-06,0.00068569328464943,0.00032010811302319306,0.00012025813891705084
1,mlp,6260,4,4,5.5383400788322724e-06,4.0425208812892735e-08,2.891917069724516e-05,3.815030030050817e-05,0.9966736717550894,0.00012444161269956031,0.00312923839592578
1,mlp,9194,6,6,0.0018103549678270985,1.2895653206424625e-05,0.0008605174197802461,0.00146075380756846,0.00036618217772273627,0.003634044052452761,0.9918552519214423
1,mlp,11535,3,3,7.52077627644266e-08,8.737464549802407e-09,5.963403326260268e-08,0.9977696609789705,0.00012850845859781686,2.487417032534914e-05,0.0020768128128458466
1,mlp,535,5,5,7.293455107914285e-05,4.561663774726563e-06,7.036573710929073e-05,0.24057496225178962,0.0002912228106338661,0.7039209647938142,0.05506498819179929
1,mlp,1692,5,5,4.713373490679602e-06,1.1344382447701045e-06,1.4052609870686704e-05,1.0851831818013304e-05,4.109662343100964e-06,0.999908495403189,5.664268104387267e-05
1,mlp,6135,4,4,0.0007482100102652055,1.1458467590372517e-06,0.000196793050477858,0.00031223340178985576,0.8725247518201741,0.00033796475668489324,0.12587890111384908
1,mlp,5972,4,4,6.354949067413035e-05,9.3639903930891e-08,0.0001644235808093437,0.00010817320763961184,0.9868227571928302,5.181755165415765e-05,0.012789185336488531
1,mlp,11991,3,3,4.338584305623905e-06,6.110384424994045e-07,5.560315314818752e-06,0.9083679816768183,0.00028774215608504534,0.06418499919695991,0.02714876703207384
1,mlp,12002,3,3,2.8117772307898813e-07,6.261414150280285e-08,5.356556040263275e-07,0.9915530577511223,0.00021430282128268998,0.0005621162859621993,0.007669643694164336
1,mlp,2179,0,5,0.09284453205912568,2.1001965222571508e-05,6.762637819081721e-06,3.3326526762558196e-07,7.748233358968255e-06,0.9071055280448718,1.409379433442624e-05
1,mlp,789,5,5,5.455894361007828e-05,3.616525583354308e-06,2.9193298230784272e-05,0.01628573135860458,9.993758462447099e-05,0.974908802066291,0.008618160223055569
1,mlp,13321,3,6,0.0002747555958976083,5.086112209447321e-06,0.0001244681033108935,0.08187769977656437,0.0013529616862025524,0.0005674316473558682,0.9157975970784592
1,mlp,3048,0,0,0.9999977408002482,3.2076397849955997e-07,1.0997700664580332e-06,8.167480282570183e-11,4.937607451314104e-07,3.413262697941476e-07,3.4970172451837714e-09
1,mlp,11658,3,3,3.76044300346454e-07,2.634538800712744e-08,4.2451618666554194e-08,0.9640538707780962,0.012549014971860928,3.3917607711049534e-05,0.023362751801024793
1,mlp,8218,6,6,0.0013840889957179125,9.123450131097981e-06,0.00035755049980228337,0.011081295477270955,0.0007748000697538044,0.0006947557368475623,0.9856983857704765
1,mlp,3165,0,0,0.9954199650322003,1.7546403960583626e-05,0.004494780594237194,1.0615363067950473e-08,6.117829143806299e-05,6.431469227850479e-06,8.759357309965582e-08
1,mlp,4574,2,2,0.030834788020856128,5.945044432063705e-05,0.9682114304576732,3.43519698513981e-07,0.0007342588500954604,0.00015271942312281467,7.009284233171159e-06
1,mlp,12854,3,3,1.0426963299328061e-05,7.917374810194248e-07,1.0556122269452755e-05,0.8784499055306915,0.0007086295913149314,0.0021728925612814597,0.1186467974936624
1,mlp,826,5,5,1.8974005698006792e-05,7.976062841970786e-06,7.284914404617192e-05,0.10691370718306074,0.0003701984380555888,0.8751460341197327,0.017470261046564704
1,mlp,2043,0,0,0.9277195172992175,3.057421955316855e-05,0.0015073225555424538,0.0010398126033574996,0.0007992561633539829,0.005386173293790971,0.06351734386518437
1,mlp,13021,3,3,0.0001603093089147646,1.40730510959907e-05,0.0001722581846040295,0.5230051661735279,0.0010011195542401169,0.25900312219507804,0.21664395153253932
1,mlp,10640,3,3,5.518658737411126e-09,1.894096776545618e-09,2.098368284109322e-08,0.9991194370449007,1.9954082998589713e-05,0.0004399246236124018,0.0004206558520500425
1,mlp,12076,3,3,3.562416280264818e-07,6.855465039846808e-08,4.550994047688092e-07,0.9935776604808222,0.0003377591650416117,0.0003283561630482407,0.005755344295404615
1,mlp,6854,4,4,0.0012056246827045496,2.7515690631055667e-06,0.14775721394108246,0.00012850610756719053,0.8177234681374925,0.0009448235195046601,0.03223761204258537
1,mlp,12740,3,3,1.187890082865074e-05,1.0614181640661208e-06,1.4759128568832281e-05,0.8855000855216114,0.0005424498347426155,0.0030839056583778952,0.11084585953770645
1,mlp,3189,0,0,0.9999791194255354,2.8704765416946994e-07,1.0905434086910333e-05,5.321454902487468e-10,8.43406217577781e-06,1.2356033896789627e-06,1.789501256694388e-08
1,mlp,2778,0,0,0.9999462472198936,1.409182061656872e-05,1.3383288406020062e-06,4.637717796112836e-09,4.688185476839504e-06,3.335714997409034e-05,2.7265748073067754e-07
1,mlp,3326,0,0,0.9963608755342029,0.0002710895701643299,0.0033433181174995956,3.127211142290004e-10,1.9286753394522483e-05,5.429068412445686e-06,6.436047155818309e-10
1,mlp,7037,4,4,9.218548431863007e-06,1.2140310802853587e-08,4.5367085554281204e-05,1.0014491895276493e-06,0.9996580788060866,2.3231887181240078e-05,0.0002630900832455933
1,mlp,1585,5,5,0.00017745319070285392,5.9567059941664e-05,0.0005635134977724693,0.013859709491605261,0.0006701312736750347,0.9604972529517088,0.02417237253459379
1,mlp,2806,0,0,0.9998912445075893,2.31383165596423e-08,1.5429966436962175e-07,2.0290476532470266e-09,0.00010790333424872282,6.072236844241766e-07,6.546744906412717e-08
1,mlp,9599,6,6,0.009636341570819235,5.7413043125271794e-05,0.00335679301062805,0.001641772276111556,0.0010998498526226883,0.021674776035394208,0.962533054211299
1,mlp,5012,2,2,4.0047157147688704e-06,6.432816368244422e-06,0.997074557061257,6.372851969284479e-09,0.0029110017700863656,3.969328267776686e-06,2.7935453684278267e-08
1,mlp,6750,4,4,2.822119795507999e-07,3.723497593962645e-10,1.7706631527409266e-06,1.621096737645844e-07,0.9998808267152229,2.6105755701867074e-06,0.00011434735205091564
1,mlp,12942,3,3,1.6107387392917143e-05,1.5999140830716474e-06,1.9980924673795427e-05,0.8057951622605295,0.0009648510187483183,0.005696431783588734,0.1875058667109837
1,mlp,11998,3,3,8.395136215297752e-06,3.5790611705540263e-07,4.57446024261175e-06,0.9454147527845396,0.00031073139452784607,0.014111372317246108,0.04014981600111164
1,mlp,3571,1,1,1.0160833663317772e-05,0.999989774710342,5.923313870767325e-08,5.1042813136597304e-21,5.870386107263826e-10,4.635817368506163e-09,6.765296607722043e-24
1,mlp,1148,5,5,1.5510976604984372e-06,2.2556978081463833e-07,3.2089826188143366e-06,3.571510116237308e-05,1.5256702450733495e-06,0.9998930373186068,6.473625992581787e-05
1,mlp,6184,4,4,1.5044994831350402e-08,4.826735993857816e-11,2.4799102665002987e-07,2.0958199164960876e-07,0.9999823077555875,3.685313406294736e-07,1.685104679129267e-05
1,mlp,8957,6,6,0.0020939893250635556,7.965073635759633e-05,0.0031590072344302883,0.013834040615799499,0.001081810512265715,0.16371601624557325,0.8160354853305102
1,mlp,6104,4,4,0.00010078704025972143,2.1179198678674418e-07,4.4448578416544206e-05,0.00014247126463495235,0.9321887500694328,0.00012977226083474598,0.06739355899443453
1,mlp,1167,5,5,4.082074779244273e-07,2.5218440554443034e-07,4.212445764352443e-06,5.143415181648557e-05,2.2561006202279662e-06,0.9998955531035753,4.588380634022647e-05
1,mlp,3153,0,0,0.9989399474812916,0.000821237736500044,0.0001413696548862513,1.8822753727868555e-09,9.482680486038298e-06,8.79272380802096e-05,3.332648056593355e-08
1,mlp,10576,3,3,4.0924185840261527e-10,1.6182929730965253e-10,1.2065470023809983e-09,0.9998729961884133,1.0573580647359563e-05,3.0173595813225706e-05,8.625485750811765e-05
1,mlp,5406,2,2,0.00010398598341588089,6.338435802123472e-05,0.9997627770501095,1.55246665119503e-09,6.623179795452202e-05,3.6175250147193597e-06,1.7330176187699688e-09
1,mlp,5762,4,4,2.4778970389010724e-08,3.7495131128611496e-11,2.0616114064767431e-07,1.019257291764301e-06,0.9999756851488526,4.0095497953053407e-08,2.3024520751726102e-05
1,mlp,12580,3,3,2.969400419663012e-06,3.1594843911628716e-07,2.3350132808210633e-06,0.9333922293182855,0.0015371790022507858,0.00034661653447242915,0.06471835478285154
1,mlp,7110,4,4,5.828898675281558e-07,2.415973723922357e-10,6.375369904049107e-06,6.012609586409966e-08,0.9999848091138237,4.5483770477294647e-07,7.71742100677144e-06
1,mlp,7535,6,3,6.050425739283543e-05,3.973874610108301e-06,7.982162102314798e-05,0.6187883428732879,0.0012630560263787209,0.010806607681418943,0.3689976936658884
1,mlp,11549,3,3,1.07009082882191e-07,1.0659996090890657e-08,6.445553419634164e-08,0.99169634904581,0.0018611192441506355,3.157959490755944e-05,0.006410769990518502
1,mlp,148,5,5,7.328976827700145e-08,2.1335164217320866e-08,3.305067670027675e-07,0.0002575535431932543,6.579294845056318e-07,0.9997098849145719,3.1478481050759894e-05
1,mlp,8953,6,6,0.001108533632068762,1.665975084162647e-05,0.0010421576938769446,0.011026868401680783,0.00045464305580479765,0.004221009738403469,0.9821301277273237
1,mlp,5953,4,4,5.385252507638278e-06,2.2627080873161165e-08,3.408846750261579e-05,6.093408990611432e-05,0.9965773158209729,1.9118277977369546e-05,0.003303135464052456
1,mlp,2999,0,0,0.9917484915068542,6.6035813415987775e-06,0.008004251386539976,6.609259261964765e-08,0.00022791167374064384,1.185477714865982e-05,8.20981782176392e-07
1,mlp,2567,0,0,0.999959533289325,1.6057572046433473e-06,1.1745101846243004e-05,2.2819296647090416e-08,1.897744209228679e-06,2.3409606780927e-05,1.7856813372893865e-06
1,mlp,11414,3,3,2.7148756960183287e-07,3.922126809829923e-08,6.206042255197908e-07,0.9917145707210038,6.811607035223644e-05,0.003273293444692051,0.004943088450888666
1,mlp,8251,6,6,0.0004056184557497545,5.999333510125176e-06,0.00023213924727368115,0.02193396813864942,0.0005622850983323721,0.0007025577142182299,0.9761574320122663
1,mlp,5079,2,2,0.0007886728170295003,4.541957630145199e-06,0.9982140420574471,1.2457320609283885e-08,0.000936536244303185,5.607835198029013e-05,1.1611428918330839e-07
1,mlp,1418,5,5,5.503753496953414e-09,2.380795211027613e-09,1.921196210257707e-09,7.435267013912003e-10,1.6960257914345506e-09,0.9999999824574074,5.297295271238212e-09
1,mlp,4933,2,2,0.000305548800108153,1.6024112971710184e-05,0.999459536270325,1.1182945585741032e-07,0.00020798359586126435,1.0136584026976593e-05,6.588072511284173e-07
1,mlp,8592,6,6,0.006660241498116286,1.689026386259647e-05,0.0010737411100318385,0.009516310847985869,0.001793988738112012,0.0009793866375996383,0.9799594409042918
1,mlp,4458,2,2,9.003979420065298e-05,3.669735843012932e-06,0.9997985236447314,2.1080074344833422e-07,9.975166558085959e-05,5.945292929462216e-06,1.8590659712864333e-06
1,mlp,11458,3,3,1.4321081182604985e-07,1.605191035529716e-08,2.554313047603383e-08,0.9830547371061306,0.0024667155252469783,2.172471631946987e-05,0.014456637846450425
1,mlp,9140,6,6,0.0005103981320203965,1.645361472282601e-06,0.001775498666965358,0.0008770187151041199,0.07909426072387761,0.00027008463108413235,0.9174710937694761
1,mlp,12588,3,3,6.332267133090864e-08,2.5705338436487237e-08,1.2150507197084446e-07,0.9944153274241332,0.0005137883684206031,0.0004065735398813995,0.00466410013448297
1,mlp,12094,3,3,3.585722276535464e-07,4.850703750233231e-08,3.6365942819069714e-07,0.9838179344202673,0.0012849634597635626,0.00013597034508281274,0.014760361036193128
1,mlp,8452,6,6,0.0006962788754739469,5.427219655534774e-06,0.00019871582015626224,0.007645374187276817,0.0005468034569863044,0.0003088665759298101,0.9905985338645213
1,mlp,943,5,5,7.002878792822045e-05,1.9323369033026056e-05,0.00015938571671415285,0.06200113470038987,0.0004659860501248985,0.9048207288556194,0.03246341252019058
1,mlp,13504,3,6,0.0005150857261797933,6.051608572441158e-05,0.0008061820840833562,0.17863358060730514,0.0017550064937174586,0.37970723819075847,0.4385223908122314
1,mlp,6450,4,4,0.0004129890404498683,2.3365317943925784e-07,0.006020688460905088,4.5187627088669945e-05,0.985221753677838,6.147439801941109e-05,0.008237673142519546
1,mlp,11047,3,3,3.029788549439371e-09,7.360232893508551e-10,1.874090165771654e-09,0.999573138593351,0.00011909232614051533,7.005277733119212e-06,0.0003007581628734593
1,mlp,5419,2,2,1.731665485174527e-06,1.9857265581321383e-05,0.9998970777767181,9.832835975721968e-10,8.023781334396119e-05,1.0935504509086347e-06,9.451373428255998e-10
1,mlp,3008,0,0,0.9970956092884001,3.3710049104079026e-05,0.0027358688272495096,5.716710266412812e-08,0.00011915503781427548,1.4767147180862053e-05,8.324831484074769e-07
1,mlp,8467,6,6,0.0002023765529040907,3.641605939899345e-06,0.00010234669194682944,0.011880863567972733,0.0021296218075446275,0.00045360034324690363,0.985227549430445
1,mlp,6834,4,4,1.6920335374771734e-05,1.1594723779314332e-08,0.0004434103483338916,3.248031784800504e-06,0.9992926911192304,6.981430495404388e-06,0.00023673714005688852
1,mlp,11301,3,3,2.4422280761918327e-07,6.160246645960237e-08,3.43481578638995e-07,0.9932880783038228,0.0001241013625841421,0.0037075782578133965,0.0028795927689267854
1,mlp,9857,6,6,0.005029456090518098,1.5057739170086792e-05,0.007734397159422513,0.0006847406977683726,0.0006049221874545074,0.0006459851447441873,0.9852854409809222
1,mlp,8929,6,6,0.002494483930112769,6.374362180382682e-06,0.0008104262528091516,0.003084373144397127,0.0038336526580769,0.0002064023674965292,0.9895642872849272
1,mlp,8496,6,6,0.00023567366198456126,2.6059682794419813e-06,2.9241768797908524e-05,0.006720895133735121,0.015102925888474259,0.0004676272601103881,0.9774410303186183
1,mlp,7034,4,4,0.00021260255272715674,1.1729733651044767e-07,0.0839312282628689,6.5673230204133325e-06,0.9146640522088012,4.0379906073158086e-05,0.0011450524491728776
1,mlp,3882,2,5,0.05393767944529477,0.00017847983566940458,0.00987572355204716,3.935351291367567e-05,0.0001401286194557872,0.9322555995354038,0.0035730354992155257
1,mlp,6254,4,4,1.017840819637534e-07,1.472664488745445e-10,8.69819049950597e-08,4.775869817230898e-07,0.9999170182700484,7.984111989453903e-07,8.151681851762748e-05
1,mlp,12797,3,3,7.1038070937687255e-06,5.88165956547042e-07,1.6979716729048063e-06,0.8722515691696692,0.004909207025873817,0.0001660696177924048,0.12266376424194145
1,mlp,8962,6,6,0.0032500792032092818,6.562489545456631e-06,0.0010075016711901454,0.002930894611382677,0.0027855709520693897,0.0002862004126504552,0.9897331906599525
1,mlp,10401,3,3,1.847721761406746e-10,4.5530852159042906e-11,1.265276706166094e-10,0.9998380178417552,0.00010090970500612369,1.0277735751929536e-06,6.004432283289222e-05
1,mlp,12657,3,3,1.0416325273935077e-05,6.053954606359221e-07,6.339475002598774e-06,0.8798564597666715,0.000972176995038356,0.000505034379770047,0.11864896766278295
1,mlp,10548,3,3,8.203705301573422e-09,1.1598539128913475e-09,2.4448010066750314e-08,0.9990326098135779,1.22670073925152e-05,0.00048286656321658435,0.0004722228042434063
1,mlp,12672,3,3,3.8176104625166864e-06,2.6355778491493134e-07,2.331768082044581e-06,0.8975842051130674,0.015192360277550962,0.00027057299388606255,0.08694644867916587
1,mlp,6028,4,4,1.1808565148204189e-08,4.832950836903663e-12,8.909192390478074e-08,7.810271151161329e-08,0.9999978803868531,5.091204824430937e-09,1.9355139084148517e-06
1,mlp,9167,6,6,0.0008187169285315296,1.0563678513542642e-05,0.0004755580683766001,0.0029443388659043525,0.00048189472954848295,0.0030351241419245734,0.9922338035872008
1,mlp,4173,2,2,0.003584051449504778,7.722145918103238e-06,0.9947867343958381,3.4668820107061353e-06,0.0013284327497910266,8.860995301013206e-05,0.00020098242392721378
1,mlp,10267,3,3,6.554427463622731e-10,7.021149428221382e-11,3.046402982921923e-10,0.9998482225579983,7.201094946835088e-05,4.5141053304248666e-07,7.931405170565226e-05
1,mlp,1392,5,5,6.999045122126519e-07,3.156572636665113e-07,5.614520132392516e-06,2.3164059805130222e-05,1.8651214085304435e-06,0.9999254077584354,4.2932978442594776e-05
1,mlp,857,5,5,1.1393662265771602e-05,1.1452726951220151e-06,1.4375752170832816e-05,0.0024483819052939925,2.070177193274645e-05,0.9962813941119947,0.0012226075236468482
1,mlp,8526,6,6,0.00018910288765031682,3.2866161498663585e-06,4.001970818722162e-05,0.012645588391142283,0.012055443781649655,0.00039291955573011864,0.9746736390594904
1,mlp,7386,6,3,1.3291515842425514e-05,5.94288405882996e-07,1.2650778114925512e-05,0.8623041609167555,0.0003954727419610621,0.0013325502313434846,0.1359412795275765
1,mlp,12948,3,4,1.818212046218055e-05,4.3316708047885187e-07,2.5690793511914323e-06,0.3465242258935327,0.350003968638715,8.360911221975285e-05,0.30336701198863864
1,mlp,9034,6,6,0.002135943396653651,7.330526279052137e-06,0.0006211899024243793,0.002113912815981972,0.0005498596967656091,0.0002338294731567376,0.9943379341887385
1,mlp,10194,3,3,2.3200208372455996e-10,4.875031261341305e-11,5.143593838396667e-10,0.9999550363752943,4.71115796161129e-06,9.328602892608034e-06,3.092306873983704e-05
1,mlp,5225,2,2,3.5924849271729904e-05,1.3779695576572026e-05,0.999747394040341,1.730916404814002e-08,0.00019683596318413707,5.989325767317406e-06,5.881669510393595e-08
1,mlp,7803,6,6,0.0001503775187993856,2.28663998674348e-06,4.8874015045135866e-05,0.0790710056073572,0.07300847415944327,0.0003809600731416404,0.8473380219862267
1,mlp,9258,6,6,0.004103699949466016,2.861762526942586e-05,0.0008471013258321993,0.00379578396415586,0.0010394626141411946,0.009647307193161177,0.9805380273279741
1,mlp,1318,5,5,1.1929698412031044e-05,6.623667261564391e-06,7.203881920529959e-05,0.0024609442743529133,7.663545181294357e-05,0.9952223516996617,0.002149476389293545
1,mlp,7921,6,6,0.0005814920409724755,5.044744113856014e-06,5.162400869818711e-05,0.057020358189930564,0.02209447226016621,0.0007080902891432864,0.9195389184669756
1,mlp,11690,3,3,1.1110859043802079e-07,1.6641568261718522e-08,1.5383329377365343e-07,0.9895800129363943,0.0001691966393825176,0.00023648304767112871,0.010014025793099821
1,mlp,8382,6,6,0.0009896878021500976,2.021059524316101e-06,0.0003449693045593625,0.014941355305283685,0.18915448959563003,0.0001933788580448984,0.7943740980748075
1,mlp,5395,2,2,0.0006640291914595307,3.709026341230504e-05,0.999200874495261,4.705563139174197e-09,9.263838428028743e-05,5.3560954052248834e-06,6.864618686028892e-09
1,mlp,12049,3,3,5.44860309699452e-08,1.758323714812466e-08,9.072081698657497e-08,0.9963530656389267,0.00021537431351796734,0.00022001921953000445,0.0032113780379401484
1,mlp,10430,3,3,7.628227406147595e-10,1.1912213147963917e-10,5.537609329489371e-10,0.9997677965780614,0.00012132717471240493,1.2345793550011682e-06,0.00010964023216539029
1,mlp,3407,1,1,0.00023898160644911877,0.9995545876766054,0.00020627497998140874,1.6284179228667707e-16,6.901842690882385e-08,8.671853702726288e-08,5.607330573337312e-19
1,mlp,11388,3,3,8.95359725300692e-08,9.824251464499001e-09,3.9115154077935984e-08,0.9891240943520344,0.0004716820382919213,5.2863439257785586e-05,0.01035122169503782
1,mlp,10759,3,3,6.864995585501692e-10,2.640010402074564e-10,1.1112576245800981e-09,0.9998050018605684,3.5083068171069e-05,1.4073356314813806e-05,0.00014583965318760715
1,mlp,3336,0,0,0.9999992150254535,6.842658423754494e-07,3.781530297724561e-08,8.150400414477813e-14,3.17899584980671e-08,3.110192025295358e-08,1.4408433825551867e-12
1,mlp,2924,0,0,0.993524695500818,2.284640390309844e-05,0.006187876805628234,4.255603677490513e-08,0.00021929027494443711,4.434268939689941e-05,9.057692720970229e-07
1,mlp,11910,3,3,7.474673148571239e-07,7.018700766107858e-08,7.0199049130767e-07,0.9761603400916501,0.00022793401868494582,0.0002352238866187135,0.023374982358232495
1,mlp,1983,5,6,0.03152180707151865,3.143548918547727e-05,0.012354036025193518,0.000682565306267022,0.0015871211657181147,0.003966487443775418,0.9498565474983417
1,mlp,7619,6,6,0.00034766828834653825,1.630323411592796e-05,0.00020984312900301162,0.4060173224121442,0.001630566331549312,0.025016989598972146,0.5667613070058688
1,mlp,1815,5,5,5.525684595438716e-06,2.046932215511048e-06,3.704567015001905e-05,1.2227492228262604e-05,5.93789033454153e-06,0.9998594412067763,7.777512370006367e-05
1,mlp,2499,0,0,0.9999076539318197,2.9502862764114016e-07,1.7793638702096575e-06,2.2662799250191452e-09,1.653566258486702e-07,8.965527703955068e-05,4.4877573706989395e-07
1,mlp,12762,3,3,1.3349586105503903e-05,1.2184628540894306e-06,1.3579455736868907e-05,0.914291387168596,0.0005655356631389614,0.003687017139308277,0.08142791252426032
1,mlp,3163,0,0,0.9999919090736911,2.417634689247274e-07,6.476002794769424e-06,1.720583768301665e-10,6.200044272992586e-07,7.47285882148374e-07,5.697677566622539e-09
1,mlp,12262,3,3,9.277984367101397e-06,3.627755018860096e-07,8.240108533715737e-06,0.885122387687249,0.00039582531325586513,0.0014503109517390509,0.11301359517935336
1,mlp,1243,5,5,2.5513968484784937e-05,1.2731464512257e-06,2.5357903922583836e-05,0.0005267633408913703,1.3041001354281803e-05,0.997887717081253,0.0015203335576426244
1,mlp,1020,5,5,1.0769281195427083e-06,1.021462006379503e-06,1.1830425890113566e-05,0.0007524406833182945,1.4643990643991437e-05,0.9989073237635382,0.0003116627464836099
1,mlp,13023,3,3,6.738165842084118e-06,1.6700457836078754e-06,1.5087512297020828e-05,0.9219444092536938,0.0008033469652430006,0.015672569159370656,0.06155617889776985
1,mlp,9888,6,6,0.00331120557980059,1.1506728311322383e-05,0.002089054321538593,0.00032026753974051476,0.002389905592099875,0.0015127115046017871,0.9903653487339074
1,mlp,11538,3,3,4.7795836559450175e-08,9.310778595342315e-09,8.987244502392982e-08,0.99744508315303,6.438212132046878e-05,0.00018214991795791828,0.002308237828631655
1,mlp,4325,2,2,0.00029528527360826246,1.7548080064531592e-05,0.9982538455673724,9.87182534384893e-07,0.0013288099272160334,6.889112974319815e-05,3.463283946124017e-05
1,mlp,7008,4,4,2.6876536609333796e-05,2.882662695801888e-05,0.2331385189694592,3.2602336822378545e-05,0.7633478380383629,0.0003698250560305169,0.0030555124357576837
1,mlp,8416,6,6,0.0006196208961093912,6.405281269696911e-06,0.0002637736339695339,0.012807272320558796,0.0006311392299206006,0.00046054448140787435,0.9852112441567642
1,mlp,13222,3,6,0.0002452769462691797,6.9873631983361034e-06,0.00016421237468749848,0.2535166208725154,0.0012757586222805098,0.005266889942454162,0.7395242538785949
1,mlp,1901,5,5,0.00012243807171270483,1.9905817969124068e-05,0.00042533727130064544,7.207649325629321e-05,5.19641251124956e-05,0.9977191573990536,0.0015891208215951464
1,mlp,3122,0,2,0.2267885926579704,0.00011754481473032227,0.772593626334004,1.518778912276095e-07,0.0003580303346984946,0.0001406577537016529,1.3962270041464486e-06
1,mlp,2053,0,0,0.894790288835109,4.2142828675303986e-05,0.007743655380511779,0.001611329905144689,0.012660954861893411,0.0017716143173983655,0.08138001387126746
1,mlp,3150,0,0,0.6799134972879856,0.0018151929734843571,0.31785321462467064,9.473782824133353e-08,0.00022675442828503004,0.00019090238420573766,3.435635405152301e-07
1,mlp,7961,6,6,0.0062147350083190805,6.523614582558954e-05,0.001173690536395017,0.12884391557983782,0.0015215588840094137,0.14180635653698254,0.7203745073086305
1,mlp,4606,2,2,0.0008347150591020291,6.290132766371958e-06,0.9983806455504365,2.23375290247126e-07,0.0007592326731466188,1.482930620532358e-05,4.063903052870798e-06
1,mlp,7636,6,6,0.001023949870110157,9.226553176218456e-06,0.00021716558064713268,0.19682439478308378,0.0027036365735965268,0.0008954937720615513,0.7983261328673246
1,mlp,7506,6,3,4.174248712531893e-06,7.227039681391976e-07,2.8619252169964704e-06,0.913857366596312,0.0023730038409389715,0.0010916485430337262,0.08267022214181752
1,mlp,1760,5,5,0.11282436834826641,2.8246050381003863e-05,2.0658880933099072e-05,0.0006836786250827957,0.00012960724244608036,0.8804231016775191,0.005890339175371355
1,mlp,6920,4,0,0.5060020591849053,4.477016862540969e-05,0.24675010985080412,0.00017769457620602026,0.1960837072102371,0.0032503753958447452,0.047691283613377315
1,mlp,7663,6,6,0.00017790016635453238,5.84078592375244e-06,0.00013808191459914164,0.38569609781545416,0.0009228992352070582,0.003543009417089834,0.6095161706653716
1,mlp,10202,3,3,4.3388179297762383e-11,1.2101907392683654e-11,3.712839620996848e-11,0.9999704133582992,1.1755480080623503e-05,9.716629496800788e-07,1.6859406051970082e-05
1,mlp,5978,4,4,4.6533346584089574e-07,6.288597149660642e-10,7.136044669092906e-08,6.749028682463505e-06,0.9997672973378142,6.876868491814928e-07,0.00022472862388192794
1,mlp,8326,6,6,0.00018744787419317915,1.5121587536284449e-05,0.00041497599751491067,0.2623075463815109,0.0028938086272841737,0.024953208788571043,0.7092278907433895
1,mlp,12990,3,3,9.860520660883913e-06,9.11177493917575e-07,9.027578725082872e-06,0.9340349420890381,0.0007312625684523005,0.001078765718141815,0.06413523034748796
1,mlp,11431,3,3,3.4944124625467137e-06,2.451378112463907e-08,7.541241522952315e-07,0.9860442651845417,0.00047686610335637917,4.139891116210305e-05,0.01343319675054384
1,mlp,3429,1,1,2.0779215682956208e-05,0.9941145454389322,0.005864395621002463,1.226086499955689e-15,1.435533279241193e-07,1.361710531389123e-07,7.936743045607887e-19
1,mlp,9040,6,6,0.0005217521513860432,3.7807982406549583e-06,7.120332735271787e-05,0.002670678843607504,0.014067290492964988,0.00040473369582168874,0.9822605606906264
1,mlp,3616,1,1,3.1371194531155675e-07,0.9999963302092254,3.3545085726893667e-06,1.5741167524971365e-20,3.624341861282387e-10,1.2078224797069423e-09,4.42407659654122e-24
1,mlp,4175,2,2,0.014190411013903857,1.3665064632357443e-05,0.9842342562893918,2.3477138958405397e-06,0.0012291201300298467,0.00019163732336239272,0.00013856246478400076
1,mlp,499,5,5,1.3224477467130308e-07,7.430426503095916e-08,6.061713750945872e-07,0.00017359701675633707,1.7449180850444172e-06,0.9997973592030049,2.6486141738871796e-05
1,mlp,8635,6,6,0.020264696780992058,1.9424538582604126e-05,0.0006401313687416469,0.03314923141079919,0.047044556236134676,0.0036495327811554264,0.8952324268835944
1,mlp,12346,3,3,1.3173653683488202e-07,3.704447010346515e-08,1.8235968659011883e-07,0.9949511031199552,0.00036638775061944933,0.00019990031349806213,0.0044822576752337594
1,mlp,3812,1,1,2.7888385133490734e-09,0.9999999718344136,2.536276022259952e-08,2.1551909945359884e-24,5.32431210943795e-12,8.663237890300689e-12,5.989758699684759e-29
1,mlp,4087,2,2,0.02968893307947858,6.230415883655734e-05,0.9687446585193052,1.4460484501959132e-05,0.0009135612587791639,0.00021686570590190432,0.00035921679319677447
1,mlp,9629,6,6,0.0014650883214007864,6.452037701962943e-06,0.0006020480372872165,0.00042356665050558793,0.0013974083756843965,0.0004763364886007403,0.9956291000888193
1,mlp,11476,3,3,5.0318679078918955e-08,1.432023936813936e-08,1.1216582921228595e-07,0.9980055394865744,8.965717185164972e-05,0.00028146296910699383,0.0016231635677193014
1,mlp,547,5,5,0.003399464283410763,2.5767452792852645e-06,0.00014340712489713112,0.05308029221282799,7.488162833932704e-05,0.8961793520415968,0.04712002596364856
1,mlp,838,5,5,3.5603459955938045e-06,1.264417238823614e-06,1.6787230001951397e-05,0.004780303794088191,3.375444219129607e-05,0.9933346913300022,0.001829638440481868
1,mlp,7707,6,6,8.467722066586327e-05,4.279330245944156e-06,1.2341664671992237e-05,0.4439196328130732,0.03126395710707676,0.00128071059690629,0.52343440126736
1,mlp,8088,6,6,0.00043464273142204197,5.666095929114508e-06,0.00020028206516424827,0.04235671823233698,0.004417813604304712,0.0005729227688572402,0.9520119545019856
1,mlp,7930,6,6,0.0001431516237876396,2.4033044728999023e-06,5.317663332050581e-05,0.029049946054647984,0.0028328715605083327,0.00017909820095596244,0.9677393526223067
1,mlp,8132,6,6,0.00014829321327314057,1.4844058441959218e-06,7.290267785620502e-05,0.004673749710915147,0.00141329478168705,0.00012837155188198118,0.9935619036585422
1,mlp,2188,0,0,0.999690284517113,2.7384829512014602e-06,0.00016187430722308275,1.5880174698218022e-06,1.4319594144649585e-05,6.597609951155757e-05,6.321898158685962e-05
1,mlp,5542,4,4,1.2984171866637325e-06,2.579764974726141e-10,1.9555740035117188e-08,0.007753425932930958,0.9884449163277151,1.0897685143187284e-05,0.0037894418233077294
1,mlp,11943,3,3,3.109274053499658e-07,3.8148419207022234e-08,2.5354888314881163e-07,0.9920314787922363,0.00047948513571258124,7.626732214638553e-05,0.0074121661251972
1,mlp,11193,3,3,2.4633502053947476e-07,1.504910165549499e-08,1.7026173208789979e-07,0.9937731801886055,0.0001257214946429824,4.68543454667222e-05,0.006053812325430313
1,mlp,8084,6,6,0.001393135847176719,7.741233101619877e-05,0.001527611915476597,0.08373995833761873,0.0011741098494173045,0.38998532701483146,0.522102444704463
1,mlp,6077,4,4,0.005630646353706809,3.175465609654975e-10,4.157794221018447e-07,6.256496042132105e-05,0.9936530653049017,5.683432012423481e-06,0.0006476238519892477
1,mlp,798,5,5,7.932785036924631e-06,2.6170837688380234e-06,2.597727961384585e-05,0.01849535829932374,9.177181721716618e-05,0.9775779324791388,0.003798410255900611
1,mlp,6139,4,4,3.740812493841465e-07,7.860546227667871e-10,4.342851756791106e-06,1.7901302100924832e-06,0.999846656153308,1.1929241969456652e-06,0.0001456430732241135
1,mlp,11548,3,3,1.742659742020474e-07,1.853974008210629e-08,1.9371634625643747e-07,0.9902085115296818,0.0004008047837303752,0.00010711877287825323,0.00928317839164917
1,mlp,12228,3,3,1.7236352147166689e-07,3.832133593288275e-08,1.9437908786547528e-07,0.9945145066431821,0.00039743118907621433,0.00014439734644394546,0.0049432597573524145
1,mlp,9804,6,6,0.013363831522623666,3.252411324729144e-05,0.012632086209613919,0.00040094829161781836,0.0005609320782180163,0.003551612550484645,0.9694580652341946
1,mlp,385,5,5,2.4208795662352314e-06,1.9495791017660418e-07,2.6809292583474665e-06,0.003825479713465638,6.853479974756543e-06,0.995702901082589,0.0004594689572358513
1,mlp,2592,0,0,0.9999802887065263,1.201948120812378e-06,1.0798819991439414e-05,4.9423183589563645e-09,8.900467246395928e-07,6.339469087031567e-06,4.760672312820909e-07
1,mlp,13299,3,3,5.6210071889449104e-05,2.2445440363722887e-06,2.971588392486189e-05,0.4918538265404635,0.043901083066193856,0.0006950443069282307,0.46346187558656377
1,mlp,2887,0,0,0.9996705006553477,0.0001007871962538178,0.00011206776442524638,1.296091102785925e-08,6.362081352503812e-06,0.00010971097311139163,5.58368598060746e-07
1,mlp,2793,0,0,0.9999884004904462,2.9109253309913443e-07,8.574028455417125e-06,2.1542530915051953e-09,1.7886804466530657e-06,8.380160039647719e-07,1.0553786165577267e-07
1,mlp,12609,3,3,2.901867682797952e-06,2.67780939218514e-07,3.903292800204291e-06,0.9628853850982815,0.0002834885926747246,0.0018738483472613308,0.03495020502036023
1,mlp,1566,5,5,0.020873047788710325,1.6928406252925558e-05,0.00046090065067914824,0.003684173442878378,9.734863890171638e-05,0.9408021411405544,0.03406545993202318
1,mlp,4552,2,2,0.006740742194601599,2.6286301018583315e-05,0.9927987520277941,6.557004938773291e-07,0.0003824121391754474,4.370730348492535e-05,7.444333431407885e-06
1,mlp,224,5,5,1.8665218594402164e-07,7.669985116767706e-08,8.055322456115303e-07,0.0012011351185328542,3.150087657028395e-06,0.9987163904670645,7.825544246303171e-05
1,mlp,8762,6,6,0.0002774442489661478,9.928966264109832e-07,5.407675881194832e-05,0.0037766708070246374,0.12858208601886492,0.00015425475170527888,0.8671544745180008
1,mlp,12665,3,3,1.1556117327390021e-06,1.5328124584279802e-07,3.409038077875846e-07,0.9480408181209545,0.02144496097725967,0.00020697099035568202,0.030305600114643703
1,mlp,6908,4,4,3.503541348235633e-05,5.142017257412989e-08,7.583993591742508e-05,3.5566664039473026e-06,0.9959216250387527,9.926271141401828e-05,0.00386462881385705
1,mlp,1171,5,5,6.05679875695829e-07,3.8147416478605304e-07,5.710239631348317e-06,9.003509597938415e-05,3.6161584940453707e-06,0.9998260177223123,7.363362954252272e-05
1,mlp,913,5,5,5.321634708325612e-08,3.773017447525512e-08,6.258838408591621e-07,7.374980140070437e-06,2.979005267412767e-07,0.9999859350700511,5.6752189197779e-06
1,mlp,2357,0,0,0.9998905388833356,1.2707949453892825e-06,8.16903453458583e-05,1.350479422213623e-07,6.17947879760452e-06,1.3504592610500953e-05,6.68085702318788e-06
1,mlp,10987,3,3,7.190916835598113e-09,1.413640795126347e-09,4.875673836869546e-09,0.9992871987687878,0.00016185080496258482,6.547675335610209e-06,0.0005443892706824679
1,mlp,2987,0,0,0.9999970682902353,3.6444476764683187e-07,6.468218654238144e-07,9.971853312467676e-11,7.632436440789574e-08,1.8340468865347842e-06,9.972162102439212e-09
1,mlp,9939,6,6,0.02283633061341246,6.738970677866983e-05,0.006405941221650551,0.0005377124388799911,0.022158305819424733,0.03558580966233726,0.9124085105375164
1,mlp,7045,4,4,2.7113147661556047e-05,1.7258510594175357e-08,4.0434723297004036e-05,9.123173829896517e-07,0.9989696805584672,4.035585146593804e-05,0.0009214861432146918
1,mlp,5441,2,2,0.0070202334042513545,0.00041372464369694365,0.992252096966571,1.711791678356223e-09,0.0002958647611500276,1.8076569860800327e-05,1.9426781427526058e-09
1,mlp,1508,5,5,3.621661532753357e-05,2.1177658383796233e-05,0.0002856235101942392,0.010252543147300052,0.00028355489829852106,0.9768809319290662,0.012239952241429637
1,mlp,3906,2,2,0.0240371596225066,6.271733563096763e-05,0.870562755555216,0.000205518161124956,0.01376530358995469,0.002255429232811481,0.08911111650275513
1,mlp,6674,4,4,3.0874953866017723e-05,7.058901731731446e-08,4.540550221123408e-05,9.899526230940084e-06,0.9926365277888753,0.00011495817771590957,0.007162263462083097
1,mlp,6210,4,4,9.226750240022194e-06,1.1033393602707008e-08,3.7758741422040525e-06,9.993245323609716e-06,0.9969111696042052,1.3230234597515888e-05,0.0030525932580978275
1,mlp,9275,6,6,0.0004905411648475909,5.7550376261563494e-06,0.00014580691499735317,0.0017068532371749166,0.0021679707784334726,0.0009007933124785583,0.994582279554442
1,mlp,9988,6,2,0.15619712262717667,0.0006275272789187834,0.46542709928610804,0.0005177969879872858,0.002498011735448143,0.14227702533591394,0.23245541674844722
1,mlp,8145,6,6,0.0002634140802361378,4.3706862121139275e-06,0.00012605685901564756,0.03328161837894546,0.0013264242430464195,0.00028476355693511917,0.9647133521956092
1,mlp,2279,0,0,0.9993802415080578,5.236956375818807e-07,8.251177969673046e-05,8.483532343447559e-07,0.00047283463389398114,1.710201312521593e-05,4.593801635430709e-05
1,mlp,12509,3,3,1.3694264254468836e-06,1.9569397299104333e-07,8.660676928637026e-07,0.92139812788068,0.0012786046749787225,0.00047683994817944556,0.07684399630807044
1,mlp,13096,3,3,9.59845423814448e-06,1.279871864577398e-06,7.866730554220431e-06,0.8712232775293832,0.0019559034701637067,0.0018568492698592368,0.12494522467393701
1,mlp,6492,4,4,3.9414352379433486e-05,3.457548593701832e-07,0.041693107008327686,2.7480434201157194e-05,0.9533280694397128,2.1436928839422537e-05,0.004890146081680034
1,mlp,9817,6,6,0.00589740690531749,1.6979690476655582e-05,0.00645986390543609,0.0004959691848393388,0.0007652452655766112,0.0016343403626900839,0.9847301946856637
1,mlp,3098,0,0,0.9999916441285205,1.1306294231480611e-07,5.919886983633297e-06,5.65483626295818e-10,1.5012232385550718e-06,8.006006479663885e-07,2.0532183162147008e-08
1,mlp,10217,3,3,2.6058584208153308e-11,5.022746347771942e-12,7.425514366209594e-12,0.9998026674449199,0.00015549751911198391,4.245281877972342e-07,4.141046927333671e-05
1,mlp,1347,5,5,5.986436091499152e-05,2.3517330733725717e-05,0.00025574332662147667,0.03420840443567219,0.000494079546823541,0.9390926232441332,0.025865767755100827
1,mlp,8003,6,6,0.0011809876249931257,6.356050248892264e-05,0.001052868210186379,0.21776967543917208,0.0016904608944843843,0.18243060872738967,0.5958118386012854
1,mlp,1612,5,5,4.337796588050308e-05,6.631489795676106e-06,0.00012123492851405854,0.0002806054171387731,3.366219271321043e-05,0.9978425498861417,0.0016719381198159534
1,mlp,11293,3,3,1.3652491199712574e-08,2.088826549710284e-09,8.029855231016075e-09,0.9963832626779662,0.0024412349669920806,9.525395495258614e-06,0.0011659531883735385
1,mlp,11103,3,3,9.47489218902116e-09,2.5473703209077904e-09,1.6739477034317753e-08,0.9989902991312126,6.089402663209777e-05,5.7652561685272833e-05,0.0008911255187303311
1,mlp,6046,4,4,1.6336614002401602e-06,5.88464696148277e-11,4.667021838672742e-08,2.17162869289176e-06,0.9997890790870075,2.0055034528377874e-07,0.00020686834348930205
1,mlp,5178,2,2,0.0014646217980998542,3.807256579221872e-05,0.9983786741561068,3.2359515657847074e-08,0.0001085892054022224,9.909222691278018e-06,1.0069239173107394e-07
1,mlp,12011,3,3,6.868905454626768e-07,6.039657079185599e-08,8.141363961219521e-07,0.9681685559021685,0.000220557218252743,0.0006182033676879556,0.03099112208837806
1,mlp,8871,6,6,0.0003496311175899115,5.1868997939110354e-06,7.920324008947049e-05,0.0028007146561929027,0.0011568527084963901,0.0008179008247728067,0.9947905105530646
1,mlp,13457,3,6,0.00013901101248244382,6.22568162009821e-06,0.0001704644092820298,0.14223203044580005,0.0010777887963889735,0.004499445444304485,0.8518750342101219
1,mlp,3219,0,0,0.9999921123106111,5.1312653757841515e-06,3.5589492698980593e-07,2.7547232532875382e-11,1.4085993227978085e-06,9.904301651208654e-07,1.472050830065635e-09
1,mlp,1937,5,5,2.4973445752390605e-05,2.7470315743110653e-06,4.068277479438602e-05,1.9178248239813042e-06,3.6926877862203084e-06,0.999883105126063,4.288110920571788e-05
1,mlp,5707,4,4,1.9376530034092925e-08,8.96238252322458e-11,4.344286153684984e-08,2.0092003931726415e-05,0.9999324693152332,7.591562357327186e-07,4.661661558379941e-05
1,mlp,6504,4,4,3.34185634789475e-07,4.861938877818663e-10,5.113334974225523e-07,4.6036024921737605e-07,0.9999191935066167,1.3717050756242682e-06,7.812842273236068e-05
1,mlp,10268,3,3,1.054339891515046e-09,1.9567044186644163e-10,3.563666706613844e-09,0.9997544863732859,5.709100949102836e-06,0.00010278142302377504,0.00013701828906422994
1,mlp,7913,6,6,0.0021462602719075625,8.093981323641973e-05,0.0009389846863623076,0.20765442897427422,0.0021861001451017204,0.21205418887805663,0.5749390972310612
1,mlp,3598,1,1,2.7588456624392255e-06,0.999994425291433,2.8135569462124616e-06,2.7818250667100105e-20,8.484456163054938e-10,1.457512729460277e-09,1.3587911095488845e-23
1,mlp,3520,1,1,1.3539693953389266e-06,0.9999912973474318,7.342323475238242e-06,1.9505331747974159e-19,1.0370463052109836e-09,5.322651539990532e-09,1.3496798811068012e-22
1,mlp,8154,6,6,0.00034010098997041166,3.944630696079708e-06,0.00016935115951893898,0.012483518413332213,0.0009546479629024424,0.000596801485917521,0.9854516353576623
1,mlp,3229,0,0,0.9981364800693614,3.71618701987518e-05,0.0017355396317659173,3.362138269891563e-09,8.473783564969968e-05,6.049283197107681e-06,2.7947689007871444e-08
1,mlp,11069,3,3,4.251435127057681e-08,5.956875875924099e-09,1.2141725604013447e-07,0.9964643167342814,2.5476683686318918e-05,0.0023645425854140296,0.00114549410813488
1,mlp,11424,3,3,8.975647621499331e-09,2.9343302277433257e-09,1.8608616156782478e-08,0.9992857998615128,5.129525658244008e-05,8.117267387979337e-05,0.0005817016894310708
1,mlp,13385,3,6,0.0002727824076779712,4.037078980086889e-06,0.0001072534499746162,0.03259017692278731,0.0009753237519955541,0.000544908595916443,0.9655055177926681
1,mlp,10629,3,3,8.774230147955082e-11,3.9065769205312685e-11,7.889640162498711e-11,0.9999435705965244,2.9854484894350156e-05,2.1513478098870173e-06,2.4423365066741336e-05
1,mlp,10938,3,3,4.36231682027858e-09,8.020618162597489e-10,2.662486235275654e-09,0.9996831567714166,7.611958654871977e-05,3.791214361954733e-06,0.0002369246008077525
1,mlp,10353,3,3,5.679501859819777e-11,1.846558955373653e-11,3.874122988721045e-11,0.9999647868907802,2.05855601874849e-05,8.028346809954366e-07,1.3824600349408397e-05
1,mlp,10591,3,3,4.0601530113956144e-09,6.035042731370437e-10,3.6743546549730153e-09,0.9997754859572429,3.266538117935111e-05,5.758175081643318e-06,0.00018608214848433782
1,mlp,4664,2,2,0.00018643428640852463,2.9937609704351413e-06,0.996929137096502,2.315071534129969e-07,0.0028593034832730185,1.7678218291962454e-05,4.221647400531886e-06
1,mlp,9947,6,6,0.06307207712566981,6.215664301978257e-05,0.07997449696823515,0.0005619050737342201,0.03005384429471311,0.011812717870163678,0.8144628020244643
1,mlp,9837,6,6,0.002616066192815124,7.585437481233364e-06,0.0018269942341230712,0.00035889995474232245,0.0066093329673134055,0.0008965612619909593,0.9876845599515339
1,mlp,1342,5,5,0.020774615354219327,3.171063378329223e-05,0.0012503853790384694,0.09090854977876192,0.000730329776360367,0.5165227731135762,0.36978163596426034
1,mlp,9602,6,6,0.0036249554403568075,4.433474659723747e-05,0.0028651879323684662,0.001581686726234087,0.0016526252104071722,0.06588449554292107,0.9243467144011152
1,mlp,9766,6,6,0.003534403361366157,1.437522550218947e-05,0.00622839498442843,0.000519163672703187,0.0004940498135712904,0.0030156621299796535,0.9861939508124492
1,mlp,6171,4,4,3.82316163416062e-06,5.20841443193498e-09,0.000127366568345346,5.535177635667371e-06,0.9982318499879982,4.819270960106629e-06,0.0016266006250119308
1,mlp,4814,2,2,5.317218398900389e-05,7.121392957253821e-06,0.9998227420228618,7.535885545953754e-08,0.0001142806616779497,2.2416768232233244e-06,3.667028352684054e-07
1,mlp,1965,5,5,0.0007778636373600705,2.895161953012552e-05,0.0007701881466576824,2.584026032119065e-05,4.3935932421264946e-05,0.997174155854277,0.0011790645494327372
1,mlp,12490,3,3,7.557170196681652e-07,1.5502040780282764e-07,1.3142837556086212e-06,0.9815032669546273,0.00028061912705223605,0.0016863681579638943,0.016527520739173414
1,mlp,1587,5,5,0.0005096174817728593,1.9991581635545695e-05,0.00023747621347031545,0.0016569952546957778,0.00014971816325093826,0.9840235899406485,0.013402611364526015
1,mlp,4445,2,2,1.6917242831567928e-05,2.83788843724488e-06,0.9874947390818091,3.27873925811412e-07,0.012479989665503623,2.9472429629242647e-06,2.241004529591125e-06
1,mlp,10447,3,3,4.0567714912677873e-10,1.0429073965155053e-10,5.292229341932806e-10,0.9999274973431491,1.4942151478982744e-05,4.3811496862390025e-06,5.3178316494622026e-05
1,mlp,7683,6,3,2.8021470692569358e-05,2.3692649672626725e-06,3.2695449301520594e-05,0.6670254714352585,0.004743670676898726,0.0015860767521411337,0.3265816949507404
1,mlp,11900,3,3,4.1146194085095334e-07,4.130220027531697e-08,2.770979524518599e-07,0.9934235435067928,0.0002914542942488924,4.869721534996485e-05,0.006235575121514822
1,mlp,8868,6,6,0.0009356151230607145,1.8533529882966024e-05,0.000982833619408023,0.0110595013404285,0.00047250191187340237,0.007301601548575503,0.9792294129267708
1,mlp,12995,3,5,0.00022092740972987966,1.0506195674780736e-05,0.00017147111339635177,0.3480763667423679,0.0005435704654202542,0.4908928583540969,0.1600842997193139
1,mlp,3866,1,1,3.8484639605758137e-10,0.9999999931740742,6.439070611561417e-09,2.5459728282757612e-27,1.3494848049213e-12,6.593305863330908e-13,5.416925733253551e-33
1,mlp,11639,3,3,2.008922362882914e-08,5.8949640713106675e-09,2.6276134267946124e-08,0.998926667040815,8.574427672926717e-05,6.312897879298791e-05,0.0009244074433407717
1,mlp,8989,6,6,0.0011512186500374868,1.789918044707066e-06,0.0008454100099628226,0.004324097498133784,0.07357002398350139,0.0002537872150718243,0.9198536727252479
1,mlp,13433,3,6,0.0017023126971707075,2.373233259547812e-05,0.0007585744022295477,0.13421388970999712,0.0007602906256936274,0.048663486699688216,0.8138777135326254
1,mlp,8648,6,6,0.00020266539586392786,8.520697990641737e-06,0.0001272638141022676,0.018714276108544644,0.0024234085846413234,0.008160649439830841,0.9703632159590263
1,mlp,7134,4,4,7.354954690374725e-06,8.995821099885494e-09,0.002801944447289045,9.871987225931296e-07,0.9971127821964132,8.447517751223277e-06,6.847468931260162e-05
1,mlp,11473,3,3,9.229003617658108e-08,3.0285884534841696e-08,1.388999574747464e-07,0.9979258524292266,0.00010077646794536881,0.0007909590264775451,0.0011821506004723076
1,mlp,10887,3,3,6.1360378608296115e-09,1.1048564380649178e-09,4.133183187490324e-09,0.9993886556320957,0.00013685697549741427,4.654818187907183e-06,0.00046982120014138907
1,mlp,10393,3,3,2.037422549596998e-10,4.046283071247277e-11,1.3595175211403926e-10,0.9998390832392167,0.00011202654675165873,7.115610725665304e-07,4.817827280196101e-05
1,mlp,3999,2,0,0.781369205307996,5.185836373058405e-05,0.19238310963140273,2.9513358180875e-05,0.020432480150251137,0.0017179228288622575,0.0040159103595764165
1,mlp,10936,3,3,8.240760465393512e-09,1.0489157020719685e-09,1.1323401698262226e-09,0.9964943883449289,0.001423220531695163,4.922199229469318e-06,0.0020774585021302154
1,mlp,3044,0,0,0.9999929161310702,2.1067392416295094e-06,9.778771740950106e-07,9.077502127504293e-11,2.8370694755544364e-07,3.7080431347500035e-06,7.411657041498322e-09
1,mlp,10458,3,3,2.0172131801933427e-09,1.7568584505135656e-10,4.950436807063917e-10,0.9996478992088572,5.609404752633914e-05,1.3592623990852305e-06,0.0002946447932746657
1,mlp,10433,3,3,5.956761013167561e-10,2.278403817616329e-10,2.553020186306958e-09,0.9997448363888894,9.59882290675239e-06,0.00011067737710405425,0.0001348840345633393
1,mlp,1407,5,5,2.250591848597928e-06,1.3019011482729836e-06,1.6412200139422513e-05,0.00015019652829573743,9.878473765374126e-06,0.9996186360472321,0.00020132425757063888
1,mlp,12143,3,3,3.887512308432339e-06,5.599119161188302e-07,6.567393738261637e-06,0.949540585685274,0.0002640194248145313,0.018177698316113763,0.03200668175583507
1,mlp,11835,3,3,1.730461850878737e-06,7.732946097322045e-08,1.394350835727059e-06,0.9772475650154875,0.0001615002302151469,0.0002244414083454038,0.022363291203804567
1,mlp,10836,3,3,6.437034497855524e-09,9.631473865764606e-10,6.861617317036306e-09,0.9992891177834003,4.906986575833465e-05,1.6853613917567942e-05,0.0006449444751244739
1,mlp,7557,6,6,6.106728362760043e-05,2.980153317146353e-06,2.2666500092605195e-05,0.3092307622174445,0.009785180414457867,0.001370435781704133,0.6795269076493562
1,mlp,1920,5,5,0.0002749639780407172,3.827739867040426e-05,0.0011295721334209196,0.0001356716182844751,9.608976675530276e-05,0.9938114165996126,0.004514008505215682
1,mlp,9666,6,6,0.0022495376170325013,2.0471491970653544e-05,0.006675974040770621,0.0014518077689356303,0.0012487329350436129,0.034143126529814015,0.9542103496164328
1,mlp,12798,3,3,5.2576773354653326e-05,1.550081536985447e-06,3.489988017247698e-05,0.695155441231102,0.000842077051507641,0.0017190253334101867,0.30219442964891613
1,mlp,302,5,5,1.3513297423574744e-08,1.2272933364631792e-08,1.4882252859091042e-07,3.0876120939903864e-05,2.658009507904078e-07,0.99996471018048,3.973288869989908e-06
1,mlp,7011,4,4,0.0014193780893730556,8.934717099896888e-07,0.22766404022105732,2.123285090119832e-05,0.7693741373352923,3.836902986494436e-05,0.001481949001801211
1,mlp,8824,6,6,0.002556250503790577,7.142571612435015e-06,0.0011868876335793057,0.0179877693528697,0.002920486283084041,0.001639363674863862,0.9737020999802001
1,mlp,4802,2,2,0.003884982760380141,1.466357670542263e-05,0.9954485473390543,7.639954401069148e-08,0.0005855027617151907,6.49622503646012e-05,1.2649122362823403e-06
1,mlp,11733,3,3,7.79506704995491e-08,1.4128010544002793e-08,5.804730628087958e-08,0.9929974307317355,0.0002921706258770278,7.605978254037284e-05,0.006634188733859893
1,mlp,10150,3,3,2.350370571563427e-10,6.3366292823260505e-12,4.533219672253822e-11,0.9935360338602002,0.006162644599579793,3.216296106262543e-07,0.0003009996239036922
1,mlp,7442,6,3,4.633462362900945e-05,2.6104458235575958e-06,5.014035257681698e-05,0.8001314375678863,0.0006085787723677465,0.009706806578975895,0.18945409165874072
1,mlp,11466,3,3,2.849268850257905e-07,2.0896615165941978e-08,1.8072918448625312e-07,0.9927392476139746,0.00021265208619102694,3.267069632974731e-05,0.007014943050820088
1,mlp,8512,6,6,0.00040557931634778243,9.37174830265283e-06,0.00023449884827680414,0.023802084748385174,0.0007671056955600334,0.0023718924271970564,0.9724094672159305
1,mlp,9845,6,6,0.006170572427533856,3.809225906735864e-05,0.005703232629838656,0.0006591245817072135,0.0012802343353320836,0.01178331724891875,0.9743654265176022
1,mlp,7843,6,6,0.0001280186957440781,5.1230012093228885e-06,0.0001551556877825502,0.14189904716786225,0.001307736409522119,0.0034119590350284276,0.8530929600028512
1,mlp,5868,4,4,0.00011586396375652214,2.7592608834163825e-07,8.947908712945201e-05,0.00026224306515761417,0.9346088844473618,0.00012136308932806992,0.06480189042117823
1,mlp,9677,6,6,0.0008355233051509805,7.3386792322291425e-06,0.0006063903547226697,0.000740088117140084,0.009216923011268181,0.0021873711225337826,0.986406365409952
1,mlp,12552,3,3,4.166985823884436e-06,4.688242872645895e-07,3.757149085933316e-06,0.967411958417505,0.0007666492055626817,0.0008742442692969101,0.030938755148438503
1,mlp,10115,3,3,4.067808831713514e-11,8.398024748202346e-12,3.366958667853033e-11,0.9999812994250024,9.76344792865532e-06,4.2527013581112167e-07,8.511774187766814e-06
1,mlp,12500,3,3,5.458286357953482e-06,4.650194990487605e-07,5.75470792720907e-06,0.8512732616604557,0.0012498400758866278,0.0011184887312934877,0.14634673151857977
1,mlp,2490,0,0,0.9999333359452113,2.4024565504626795e-06,3.205505576880859e-05,3.903633226099745e-08,2.056415748385479e-06,2.6369587250562795e-05,3.741503138561737e-06
1,mlp,7814,6,5,0.0004920959942233414,1.3488148016245677e-05,0.000227225029302427,0.028572692176932177,0.00022005597615718008,0.9206580511199064,0.049816391555462136
1,mlp,1077,5,5,9.525385613537541e-07,6.690174161964657e-08,8.976074677771688e-07,7.134019969055736e-06,3.6526534642831205e-07,0.9999769431664083,1.3640500505493655e-05
1,mlp,4596,2,2,0.008476003602215131,1.531343111522304e-05,0.9897030844654948,7.928619274837474e-07,0.0016618445400667363,0.00012289418736960065,2.0066911810981215e-05
1,mlp,7603,6,6,0.00022968212274002077,7.75671421023914e-06,0.00011396531021144294,0.3456757575145131,0.0018170819934987155,0.0031409909142444967,0.649014765430582
1,mlp,8969,6,6,0.0025165048313978886,1.0881432604654701e-05,0.0017764716532965791,0.0076486966456995546,0.0029613563765402136,0.00048513908379616715,0.9846009499766649
1,mlp,2315,0,0,0.7756283133627758,0.001085637082043396,0.21178122888585338,5.06150857730108e-05,0.0011480398954117595,0.005205993799717934,0.0051001718884247
1,mlp,164,5,5,7.727361296993214e-08,5.8475841088120516e-08,5.744882745441124e-07,0.0020316767491274745,3.6587369552814103e-06,0.9979070760199145,5.6878256274208384e-05
1,mlp,4878,2,2,3.746771167130471e-05,2.555134710068672e-06,0.9996736545624869,6.423858409153866e-08,0.00028022978731135137,5.580845563764541e-06,4.4771967223775343e-07
1,mlp,10380,3,3,6.691708414803992e-10,8.315925760014777e-11,1.1963271909988527e-10,0.9992374970112817,0.0004541414217790326,1.1144039730619177e-06,0.0003072462910035816
1,mlp,3659,1,1,3.239385966696231e-07,0.9999889699106377,1.0704044155396724e-05,2.731198080327667e-20,8.927880405059914e-10,1.2138222726211768e-09,2.77518970521946e-24
1,mlp,1533,5,5,6.060280515555055e-06,9.21267613192252e-08,6.293669986708483e-07,4.7103189557754406e-07,1.3828959851881816e-07,0.9999877975755108,4.811328719588825e-06
1,mlp,12742,3,3,5.792209929031884e-05,1.4535482353950256e-06,2.95083681709354e-05,0.6594997339954226,0.002037647864214836,0.0006525550563530982,0.3377211790683127
1,mlp,6482,4,4,6.425659113109728e-06,1.399822289591766e-08,9.157696670304804e-06,6.004768314097322e-06,0.998893558839771,1.868304937820548e-05,0.0010661559885305092
1,mlp,778,5,5,2.350573201256182e-06,7.156932507102361e-07,8.679852084855339e-06,0.0024890977970435384,1.87351115715548e-05,0.9968673072899745,0.0006131136828737245
1,mlp,717,5,5,4.967196525962826e-09,3.1146938657700053e-09,5.721021607978536e-08,2.204589640293445e-07,1.4370923213030706e-08,0.9999994755907321,2.2428727418750675e-07
1,mlp,10898,3,3,1.2589117589603944e-09,3.3341368286120507e-10,8.785836716492694e-10,0.9996758138516789,0.00017056453919271291,3.310556143555112e-06,0.00015030858207567971
1,mlp,715,5,5,1.2230835759712756e-07,6.788774106256669e-08,7.781163428237996e-07,5.92569240062375e-05,9.909817396596841e-07,0.9999224497978205,1.6333983991959404e-05
1,mlp,3434,1,1,0.00013135204182757246,0.98603238818429,0.013835243488164846,1.4080932734047895e-15,7.59793283106449e-07,2.5649243307197363e-07,1.2378211275818084e-18
1,mlp,2125,0,0,0.9945754727595294,2.5130463307384565e-05,0.0026411843019160204,2.6869044844992187e-05,7.179736693712617e-05,0.0008721627504910493,0.0017873833129737132
1,mlp,2306,0,0,0.7197367066966426,3.992425409568887e-05,0.2743522220787988,4.820445819410929e-05,0.0031795806386823436,0.0004114846345820882,0.0022318772390046027
1,mlp,2405,0,0,0.9994077593261103,7.716652667252912e-06,0.0004254093481510641,2.5429676108382354e-07,3.7049591970641727e-06,0.00013471417063332062,2.0441246480038612e-05
1,mlp,7703,6,3,3.416607479198049e-05,3.872018135928564e-06,5.614723390126949e-05,0.7048753377323758,0.0017734599059991663,0.009193263587177364,0.28406375344761836
1,mlp,8819,6,6,0.0009426472483666282,0.00010670977267911509,0.0026579384910124437,0.04273332384533416,0.002620036625218834,0.282602465183127,0.6683368788342618
1,mlp,599,5,5,1.575282586803649e-06,1.5750112948830213e-06,1.4305756235061795e-05,0.014797555027478737,5.7042461883078266e-05,0.9835850766122141,0.0015428698483073858
1,mlp,10818,3,3,3.924186072081716e-09,1.0026966971972818e-09,1.0779244895622215e-08,0.9993434132777325,2.2360257847146198e-05,9.857388356309074e-05,0.0005356368747296305
1,mlp,11635,3,3,1.243600309864598e-07,1.944118123788742e-08,1.521407589072789e-07,0.9960352899337789,0.00010717633172623671,0.00010628833009079768,0.0037509494624329504
1,mlp,6378,4,4,4.3063969763523443e-07,7.202350714627292e-10,3.3974895810964374e-07,1.036933691257263e-06,0.9997426913663828,3.287644375338737e-06,0.00025221294665973306
1,mlp,10457,3,3,4.826008253209717e-10,7.150065002172056e-11,8.044786432768298e-11,0.9992285643050803,0.0005241745781762454,1.2076916285988673e-06,0.0002460527905657354
1,mlp,8423,6,6,0.0006225116699715193,5.728962114760347e-06,0.0003186996994995706,0.007335810493977551,0.0003405567349549273,0.000478159276920853,0.9908985331625609
1,mlp,6929,4,4,3.305998182623005e-06,3.483063302791845e-09,0.0006934362028263826,6.399911132183009e-07,0.9991497988794034,5.303254342524411e-06,0.00014751219106862705
1,mlp,8566,6,6,0.006449041008729133,1.3288220803115084e-05,0.00123337370812523,0.029231681958303325,0.04896640668396435,0.0006097852545749562,0.9134964231654998
1,mlp,10906,3,3,7.083317052737423e-09,1.3526707099854244e-09,5.758641834752843e-09,0.9995578819436226,9.803319618129934e-05,8.440572956350667e-06,0.0003356300926101072
1,mlp,3791,1,1,2.4488999927686122e-08,0.9999994056856788,5.697110819417002e-07,7.977887840288241e-23,3.010640400205614e-11,8.413304870116792e-11,1.4832419868719288e-27
1,mlp,1164,5,5,0.000120696413976284,2.8012871972733712e-05,0.00032732799432536963,0.11322711605394958,0.0007762527907538588,0.808468797680106,0.07705179619491616
1,mlp,3479,1,1,3.476656970755032e-05,0.9995374480669414,0.0004277206132819095,2.610569476936288e-17,2.768308256924109e-08,3.706698667141265e-08,1.8801036807030547e-20
1,mlp,4198,2,2,0.17413305368281415,4.80450371280682e-05,0.8229760391650356,7.86964601158834e-06,0.0022328316414034627,0.0003158940484412309,0.00028626677916599954
1,mlp,3936,2,4,0.00023107329498737303,3.328711053499144e-07,0.4325969532855295,1.124091691230432e-05,0.5661081499350927,4.821537640349075e-05,0.0010040343199691638
1,mlp,4165,2,2,0.0014901957640851527,7.256774747509641e-06,0.994585660472928,1.2076758898675983e-06,0.0038280844836630907,4.126527427225837e-05,4.6329554414458085e-05
1,mlp,5322,2,2,0.05012842046533654,0.001354714694488766,0.9483077519218562,2.941708913737229e-08,0.0001670103300690281,4.2032209678410926e-05,4.096148176300456e-08
1,mlp,2412,0,0,0.9998234576358699,3.334154523088726e-06,9.594170592423093e-05,1.1811824468739488e-07,3.187682600282818e-06,6.403770741556968e-05,9.922995421957258e-06
1,mlp,9955,6,6,0.12398066996888447,0.0001897698311352324,0.029225122662298292,0.0008987491642638055,0.006657366540348066,0.024091564499827658,0.8149567573332426
1,mlp,519,5,5,8.836178820837951e-08,3.233501684489057e-08,4.4681723552155223e-07,4.070788337068544e-05,4.517164477727087e-07,0.9999445343272798,1.3738558861285599e-05
1,mlp,8591,6,6,0.00011194039179848489,8.427345087215342e-06,0.00012569773352249044,0.05266917392988547,0.007159524415612249,0.015196773076090783,0.9247284631080034
1,mlp,3365,1,1,0.0008973156024411815,0.9985984695129868,0.0005031367003505738,1.7668456878770048e-15,1.646293756181914e-07,9.135548439073728e-07,2.4669792934563085e-17
1,mlp,8832,6,6,0.0007729898222768944,1.8982109876977385e-05,0.0006300976188430818,0.0136556995935214,0.000732660268481857,0.023165418529002873,0.9610241520579968
1,mlp,5161,2,2,1.7129106060193002e-05,6.611610680367522e-07,0.9969695705958849,1.878345984771104e-08,0.0030107631759914064,1.7922306871024772e-06,6.494684852663064e-08
1,mlp,9024,6,6,0.0016874141602490492,5.4626742902254953e-05,0.0027561625381621224,0.0071149608626496896,0.0006778802418766482,0.05774954804760539,0.9299594074065549
1,mlp,13328,3,6,5.1623052043655115e-05,1.524323564572058e-06,6.14466976831717e-06,0.22982706045571769,0.08665498158201684,0.00023599336384458623,0.6832226725530443
1,mlp,10021,3,3,1.935809728715186e-12,8.386154201575729e-13,5.946724498561277e-12,0.9999963169880307,1.1319141939580676e-06,1.0022433405119353e-06,1.548845713563498e-06
1,mlp,3547,1,1,1.056533332769012e-06,0.9858640483874725,0.014134769586229811,1.627853877585439e-16,1.1258591180807784e-07,1.2907052854062435e-08,1.0551948541895116e-20
1,mlp,12447,3,3,4.0077793557151504e-07,6.174547651070444e-08,1.1303236106356233e-07,0.9751468495300729,0.011054442300453366,0.00012862668335658156,0.013669505930343925
1,mlp,1532,5,5,1.8334329568539357e-05,3.9701808709995615e-06,5.9523345230560094e-05,0.0003565022761971582,2.641472684345111e-05,0.998614991050957,0.0009202640903324429
1,mlp,9697,6,6,0.0005224891868950189,3.2832884725651913e-06,0.00035156538714678704,0.0005471321548175109,0.016117956199574967,0.0007957258750944838,0.9816618479079986
1,mlp,8865,6,6,0.0012727893516633647,7.300433252061408e-05,0.0025402702139893187,0.016743665460863966,0.0011248593598167736,0.10187888887818447,0.8763665224029614
1,mlp,5018,2,2,0.0005388728690094781,1.4752110608161373e-05,0.9964640785895631,1.1329659253879316e-07,0.002949918424519496,3.088277769225134e-05,1.3819320150522713e-06
1,mlp,7625,6,6,0.0002321861299244433,3.5208785703107684e-06,6.821469004206164e-05,0.10920456698087141,0.003981799880258174,0.0003010047734823711,0.8862087066668513
1,mlp,6336,4,4,1.2366221364145838e-05,2.3080873286013548e-08,9.418101607541992e-05,8.860692657029659e-06,0.9951505701837232,2.850233823897394e-05,0.004705496467067899
1,mlp,13093,3,3,3.057409915752124e-05,2.779488773032857e-06,3.87611804991162e-05,0.8201304664714013,0.0008325453720970985,0.013829429289823867,0.1651354440982482
1,mlp,12984,3,6,0.0001587831870459445,2.636235142933828e-06,6.759775860301204e-05,0.38636008461250326,0.0007810452602293298,0.007192535490316683,0.6054373174561588
1,mlp,5737,4,4,1.617172820516165e-07,4.9364870078232e-10,7.953928686637201e-08,3.2796129714260636e-05,0.9997565544133533,1.2301780026769163e-06,0.00020917752871235743
1,mlp,1395,5,5,2.326563559313864e-06,3.844274767334166e-07,4.676649158919605e-06,1.7244517212275476e-05,2.124628432663237e-06,0.9999235112779061,4.9731936253832304e-05
1,mlp,7809,6,6,0.000359229109204332,1.045973699557887e-05,0.0002876904155137272,0.19452572059668827,0.0009821482214242736,0.010195615552480374,0.7936391363676933
1,mlp,7318,4,2,0.00016702826713887737,4.467135201613445e-07,0.9156831958267219,2.3166769400113117e-06,0.08399822716160127,3.137297782460698e-05,0.00011741237625332746
1,mlp,12563,3,3,6.101327025092601e-07,1.7741719464833738e-07,1.27344210854742e-06,0.9867491380477516,0.0002592616039017595,0.0035671820938304464,0.009422357262510719
1,mlp,6706,4,4,3.8789289588729974e-05,4.128710966814939e-06,0.1010522343141535,6.0814114803205656e-05,0.8850190879301796,0.0002068029229096228,0.013618142717398335
1,mlp,488,5,5,7.1374249181135935e-06,3.4094471933569667e-06,2.9321547862086866e-05,0.3251555666229661,0.0003725786534708326,0.6536435813873832,0.020788404916206413
1,mlp,11897,3,3,2.0042542880946647e-07,2.3723784356436482e-08,2.0135802258281253e-07,0.9903964711174557,0.00023116398408336777,0.0001545761557285228,0.00921736323549656
1,mlp,7589,6,3,2.779050981114756e-05,1.676950345203599e-06,4.165797134187091e-06,0.5734567212910292,0.061817760426977106,0.0005171918590593074,0.36417469316564394
1,mlp,6089,4,4,8.364948489404944e-08,8.789437401355361e-11,1.0242981425996524e-06,4.6408693399002165e-07,0.9999832391615384,1.1102925969604183e-07,1.5077686745826545e-05
1,mlp,13448,3,6,0.00013479997296424493,6.036823932002655e-06,0.00011024195852297344,0.2882251843165505,0.0016048694351127695,0.0024417824767055557,0.707477085016212
1,mlp,9499,6,6,0.004655307233924357,2.705689072560932e-05,0.0009646337240079766,0.001446651784751217,0.0013002985395683922,0.005799891877349045,0.9858061599496734
1,mlp,5496,2,2,0.0531347157838714,0.011034056479509563,0.9356244746456829,2.898310953795639e-10,0.0001362369343994968,7.051578896809295e-05,7.773757077651505e-11
1,mlp,9944,6,4,0.0011436785262883904,3.824896226625564e-06,0.0007698963232782096,0.0002095470090318788,0.8304870642103347,0.0024628934247996983,0.16492309561004068
1,mlp,7668,6,3,2.6714417719910056e-05,2.2311064658267628e-06,1.6195238014934415e-05,0.6100580300820162,0.02258964445437456,0.0015718301960331762,0.3657353545053755
1,mlp,6374,4,4,3.4203867431724286e-06,5.4175643219947476e-09,5.164018217828274e-05,5.901342174749237e-06,0.9995344820223977,4.67858481296366e-06,0.0003998720641289039
1,mlp,10389,3,3,1.9948432480031273e-08,2.6080080168748605e-10,1.0375458320895245e-08,0.99890837627011,0.00027851454972095864,1.192953171525586e-05,0.0008011490637622118
1,mlp,513,5,5,2.4825329595763476e-07,1.6962130420062224e-07,2.430176562336598e-06,0.0009148270101515231,5.0001943887362855e-06,0.9989521661727245,0.0001251585715727581
1,mlp,9052,6,6,0.006223385646075803,0.0001394009350068116,0.00489944210472719,0.009419511682873511,0.0011743766839439587,0.2796500482043775,0.6984938347429951
1,mlp,6970,4,4,3.404278906583891e-05,1.953902758335706e-08,0.000906856633615052,2.4202267649342534e-06,0.9987689199571691,1.8593394133742224e-05,0.0002691474602236355
1,mlp,3046,0,0,0.999984404494113,4.77980544157672e-07,1.239494367311171e-05,6.418225370558697e-10,1.0617121303655088e-06,1.6344186449801186e-06,2.5809072024383825e-08
1,mlp,8022,6,6,6.426755493367672e-05,3.719120712918715e-06,4.100274537523203e-05,0.14955097374918128,0.006414598236374663,0.0015649754427938779,0.8423604631506283
1,mlp,6652,4,4,1.940409910669317e-06,2.6187815502087932e-09,1.8186250576978332e-06,9.607472606659215e-07,0.99952407395157,8.244595681041073e-06,0.00046295905173834303
1,mlp,11113,3,3,1.1942471512949888e-08,3.2973560717696917e-09,2.3114309033378038e-08,0.99866625927178,3.4537965119656514e-05,0.00018725760951330642,0.0011119067994503984
1,mlp,7773,6,6,0.0009715613465095533,7.578264320561615e-06,0.00021182868480961261,0.10893401860572154,0.0012798570955654296,0.001328950384915286,0.8872662056181579
1,mlp,1680,5,5,8.404319481885242e-05,3.218291183029971e-05,0.000508019337725531,0.0026413283528983612,0.00023600813261283443,0.9830013866762903,0.01349703139382379
1,mlp,12326,3,3,3.2676769631050604e-07,7.45339487975168e-08,5.560998322142758e-07,0.9923220168829068,0.0003521456669287153,0.00038382839900788344,0.006941051649679531
1,mlp,10505,3,3,2.8307797821662395e-10,6.831772551178537e-11,2.0786940817749096e-10,0.9998896281962177,5.340439749864551e-05,1.2930332799488174e-06,5.567381373851942e-05
1,mlp,9031,6,6,0.0011767309197424343,5.0490196320412254e-06,0.0006098742461033831,0.0016573380815285196,0.0010527213380533093,0.0004385242050690049,0.9950597621898712
1,mlp,572,5,5,8.317757135279465e-08,4.7590868168568745e-08,6.996846939279099e-07,7.337110422754734e-05,8.024298016657687e-07,0.9999060322612705,1.896375156678347e-05
1,mlp,7889,6,6,0.00011647364973726037,4.85660838662167e-06,0.0001122113851785164,0.24043705427809806,0.003762758953079582,0.00175804083699992,0.7538086042885201
1,mlp,5414,2,2,0.0006489378299161521,0.00202677707314785,0.9971794499649048,7.065997679129775e-09,0.00013381893078634428,1.1002722230712163e-05,6.413016458923818e-09
1,mlp,5706,4,4,1.2240534259386624e-08,1.6048674323552465e-11,2.1607408024085088e-09,5.143047934006166e-06,0.9999160894567772,1.0300424772450553e-07,7.86500737173382e-05
1,mlp,2690,0,0,0.9991834605784554,8.974260481286508e-05,1.9211145265466986e-05,5.289288256406952e-08,1.7388155580114676e-05,0.0006875666671575291,2.577955846000459e-06
1,mlp,11213,3,3,6.978869555332288e-08,2.4636947363188147e-08,1.4554347422901422e-07,0.9970753974370162,6.981565946427566e-05,0.001447128039337813,0.0014074188950644107
1,mlp,2725,0,0,0.9996583416157637,1.4332862196240246e-06,0.0002846606880400584,5.570047324920149e-08,3.3384657953463804e-05,1.8101896326425308e-05,4.022155223365493e-06
1,mlp,5096,2,2,0.0003913338925573968,6.366574046310012e-06,0.9992683435231764,1.2669130747473379e-08,0.00032149722231717917,1.2351480870658641e-05,9.4637901266884e-08
1,mlp,8745,6,6,0.0007557760466896889,7.27474205191981e-06,0.00041569681219342044,0.005362499544167205,0.0006887695343058196,0.0010673438465431612,0.9917026394740487
1,mlp,6439,4,4,1.7641373850780869e-06,2.4467219913443724e-09,3.4352547477305866e-05,2.9450262750477476e-06,0.9997882575874628,2.100411299341226e-06,0.00017057784337821974
1,mlp,12465,3,3,2.460325759372829e-06,2.4565197548039865e-07,2.6365118029932295e-06,0.9594705614047153,0.0008242437461153109,0.0004718610023193442,0.0392279913573122
1,mlp,12398,3,3,1.1333479266808792e-06,1.608413866955353e-07,1.8144140824418954e-06,0.9707011860553975,0.00032748645256634826,0.001703214245187185,0.027265004643453314
1,mlp,11472,3,3,3.46539894556026e-07,4.3367516270236835e-08,4.1293094673828373e-07,0.9929605093266677,0.00013123203694390137,0.0002979035628582795,0.006609552235172684
1,mlp,13276,3,6,5.2666653509507875e-05,2.5281764143960442e-06,2.46151795051747e-05,0.2362164268741173,0.012090226329693265,0.0009184303404216891,0.7506951064463387
1,mlp,7311,4,4,0.00043486939826718426,5.330891786675743e-09,0.00127594214032447,1.7971059327124805e-07,0.9982768159652101,7.509903412836883e-07,1.1436464372054231e-05
1,mlp,3630,1,1,1.1919853662572137e-06,0.9999939081094206,4.896986021596155e-06,1.5737928731775982e-20,3.768660488886379e-10,2.5423254446944127e-09,5.5040282573478365e-24
1,mlp,13372,3,6,8.686680686827217e-05,2.6036924803509185e-06,1.0349554970166138e-05,0.2911579865187981,0.12888011808365446,0.0003419662462579238,0.5795201090969707
1,mlp,5173,2,2,0.0017561546730723403,4.5469182699194696e-05,0.9979880242281841,4.144557753755195e-08,0.00019777237301881818,1.2394249028940332e-05,1.4384841888617104e-07
1,mlp,9418,6,6,0.02775019493303093,4.319142243528014e-05,0.0022921903274204336,0.0019773967483611653,0.0009613654888085684,0.003158356328049297,0.9638173047518943
1,mlp,4489,2,2,3.23895981925187e-05,3.635109816102654e-06,0.9998083731466381,2.6395387594596047e-07,0.00014815555761433385,5.302177417361339e-06,1.880456445657842e-06
1,mlp,1848,5,5,9.750829295274995e-05,1.7499985402879708e-06,4.000685307569707e-05,4.253125356351349e-06,2.110554240239023e-06,0.9997670891478811,8.728202795364359e-05
1,mlp,5002,2,2,0.0003145182344968758,8.559819118993604e-05,0.998730536265171,5.482586211539913e-08,0.000816693913781607,5.2211338395756104e-05,3.8723110277557945e-07
1,mlp,11378,3,3,1.4089448107453362e-08,4.244846610997604e-09,2.4343356129814082e-08,0.9992101313039884,7.412834205189433e-05,6.449654214618983e-05,0.0006512011341625228
1,mlp,11375,3,3,3.246891817973155e-08,5.455327656039013e-09,2.8965551108431634e-08,0.9978400173069865,0.0003113584797154641,2.3255093222060964e-05,0.0018253022302789248
1,mlp,10969,3,3,4.2173846613170044e-08,4.624559510718036e-09,7.539142828473697e-08,0.9981630238639152,3.524464414675771e-05,0.00015647520328534802,0.0016451340988183974
1,mlp,12877,3,6,0.00017995022675922634,2.266786699854856e-06,4.8367299342343196e-05,0.3353320166295648,0.002847048139769065,0.0004985411332310087,0.6610918097846337
1,mlp,3870,1,1,1.1104359186381825e-11,0.9999999997503903,2.384571767516111e-10,2.7201509492103375e-29,1.5599996265470342e-14,3.236671261874593e-14,1.352215764145114e-35
1,mlp,12316,3,3,8.171009861068408e-07,8.92960322694483e-08,1.1853759004754364e-07,0.9586956962475119,0.011932358213515317,0.00010019489245930886,0.02927072571190495
1,mlp,3518,1,1,1.4544557280218237e-06,0.9996883639405059,0.0003101149998907423,4.44671274554696e-18,6.139840629877264e-08,5.2054692135957e-09,1.3277290572028869e-21
1,mlp,8480,6,6,0.00010471582973177675,4.8830644692554165e-06,0.00012506803932150877,0.10815287033767751,0.02030525945510937,0.0043129223936418356,0.8669942808800487
1,mlp,10879,3,3,1.5229346730696563e-08,1.8202557640045518e-09,1.417734654985737e-08,0.9988063459895301,0.00012814359830500035,1.3392873706290015e-05,0.0010520863115095688
1,mlp,11188,3,3,9.880356853816678e-09,3.4291230883346283e-09,2.168030291575915e-08,0.9991980278835615,5.583114195205062e-05,9.439046712551051e-05,0.0006517155175779939
1,mlp,6751,4,4,0.020848648031723607,4.635983028566781e-09,5.4488375555453895e-06,5.078971233563148e-06,0.9788346178373305,8.481778966909277e-06,0.0002977199072068912
1,mlp,9215,6,6,0.00029121557371731,9.550894868147592e-07,0.00026504168004337273,0.001936781128335709,0.3739378112709493,0.00019895306674651386,0.6233692421907209
1,mlp,2589,0,0,0.9999925571061424,6.100427248360994e-07,7.629022726165977e-07,2.0842634787043074e-09,8.350808317210491e-07,5.015117751394375e-06,2.1766601364810888e-07
1,mlp,5151,2,2,0.3739405744748465,0.019538464954198656,0.6059574949269334,1.8195790243938607e-07,0.00022806944072320905,0.0003349344049833005,2.798404124940218e-07
1,mlp,2273,0,0,0.9726016762465131,2.2127266349398083e-05,0.022557491716078053,1.2158526963628191e-05,0.0028496156659354307,0.0005956962395888075,0.0013612343385714276
1,mlp,4013,2,2,0.013259587285124967,1.1633553948579443e-05,0.9590414572427037,1.5956182410536726e-05,0.02564391757219901,0.00023946455825324322,0.0017879836053600912
1,mlp,11844,3,3,8.632038958831895e-08,2.945479820725845e-08,2.689586361000749e-07,0.9928373183788718,7.351391071399559e-05,0.004045950361757164,0.003042832614833171
1,mlp,10029,3,3,1.207593920592235e-11,2.4232019058573648e-12,1.1775555008981661e-11,0.9999942025735499,2.7115510549012957e-06,3.305809871147443e-07,2.7552681332277426e-06
1,mlp,3889,2,0,0.8013923854994811,0.0001509866043045304,0.06433383695548077,0.00023265029295281944,0.008554071190703371,0.005037840790975686,0.1202982286661016
1,mlp,6983,4,4,0.00010807210537527726,1.0896696771327729e-10,2.128554248075817e-07,7.195090874298226e-08,0.9998862130740971,2.8741658132172995e-07,5.142488645766058e-06
1,mlp,7679,6,3,5.607826539864902e-05,4.97236040689695e-06,5.10983820243064e-05,0.6963824754042764,0.0014439731380270144,0.008733386821682072,0.29332801562818483
1,mlp,9675,6,6,0.003068532366854302,3.217855238850341e-05,0.0052403151884271035,0.0009793533683412033,0.0005674602422840279,0.015429129654263457,0.9746830306274413
1,mlp,7555,6,6,0.0007227279110056481,4.454304931920414e-06,6.821371695560607e-05,0.4237115060790218,0.002400635099499561,0.0026335545769905354,0.570458908311595
1,mlp,13445,3,6,0.00019301134113443687,9.463567109198886e-06,0.00017567715411193418,0.32819080834541836,0.0013209771394562413,0.009321878641703675,0.6607881838110661
1,mlp,3858,1,1,1.307128048594971e-10,0.9999999957785288,4.089715191387424e-09,1.0709288285630738e-26,4.263933354582267e-13,6.168030500465659e-13,5.540517592848918e-32
1,mlp,448,5,5,1.20952088518301e-06,2.578870549478872e-07,1.8869161620695182e-06,0.0013228197885373216,7.793686416076061e-06,0.9984720813971377,0.00019395080380655026
1,mlp,871,5,5,5.309511125842983e-06,1.3637760851776122e-06,1.6052711283727146e-05,0.0028954412903938248,2.729035458579662e-05,0.9959682340545357,0.0010863083019899147
1,mlp,9818,6,6,0.004834437181379621,1.1390767502991677e-05,0.010315192559326194,0.0006233418134146945,0.004731521607223318,0.001407433856079185,0.9780766822150739
1,mlp,5279,2,2,0.019357293455404195,0.001556785159526811,0.9790054428076356,4.638026126864164e-08,3.160469800942499e-05,4.879165137085049e-05,3.5847791733276555e-08
1,mlp,5376,2,2,0.004041237699624938,0.00014049802582820795,0.995654159389987,4.850543611308099e-09,0.00014967731230030405,1.4414231671312938e-05,8.490044452473165e-09
1,mlp,412,5,3,4.7619578987873595e-05,4.053696142731773e-06,4.4842253271343455e-05,0.8214536258711627,0.0006636014463506672,0.10559269424896593,0.07219356290511883
1,mlp,6508,4,4,2.4459424823836038e-06,1.0228579697544124e-08,1.2587683354898695e-05,3.9019204973123205e-06,0.999226361554164,2.8951362054305893e-05,0.0007257413088675897
1,mlp,597,5,5,1.2555731208871427e-07,3.467300337510422e-08,5.315318777345838e-07,3.166481026726434e-05,4.0878791552151173e-07,0.9999531668069849,1.406783263910485e-05
1,mlp,8365,6,6,0.0014196506651079476,3.631816525061515e-05,0.0005852683742330828,0.05711704011485629,0.0018588232904694364,0.01186412822146916,0.9271187711686135
1,mlp,5699,4,4,2.5055605529254117e-08,2.3078232472839783e-11,7.863739825292387e-09,2.7825316528090673e-06,0.9998719979572208,5.94765293459584e-08,0.00012512709217365334
1,mlp,192,5,5,1.1862455135385089e-07,4.44168596083483e-08,3.5999983647866005e-07,0.000534031909609163,1.7375917478677386e-06,0.9994271274880958,3.657996929956774e-05
1,mlp,9803,6,6,0.04961096119586212,5.384034788680137e-05,0.010030957918969415,0.002614487534100662,0.0015641847896610875,0.001774539695024524,0.9343510285184955
1,mlp,3845,1,1,1.98895072617004e-09,0.9999984193394,1.5784872979166542e-06,1.049056926578209e-23,1.7653627761387432e-10,7.815004313635833e-12,2.806897328372145e-29
1,mlp,6381,4,4,2.371825000929716e-05,4.8273874354826766e-08,4.1485429496867454e-05,1.5477521183329632e-05,0.9930440926842736,5.502003491311713e-05,0.006820157806249476
1,mlp,5562,4,6,0.00013946936175482415,1.5927270408574149e-06,1.718797836577609e-05,0.07437653562090196,0.06620784296464026,0.00019554231022117583,0.8590618290370751
1,mlp,1018,5,5,7.547673861206543e-07,1.1522891696132811e-07,5.062351197113758e-07,5.504613613718733e-06,7.82774040010115e-07,0.9999808943347682,1.1442046155286363e-05
1,mlp,218,5,5,1.4413966018363472e-08,7.503297380017571e-09,8.043203999845481e-08,1.8856647143457383e-05,1.447681103417861e-07,0.9999780726089668,2.8236264761990263e-06
1,mlp,6891,4,4,0.0002450118230851323,1.4014967686892176e-06,0.06909514188524947,7.789713824908826e-05,0.9108448795233819,0.0013355243844849606,0.01840014374878084
1,mlp,11564,3,3,1.3297803537746619e-07,1.530147560342588e-08,8.287328352254652e-08,0.9921172578371485,0.000384469679527157,6.357122233535091e-05,0.0074344701081945855
1,mlp,594,5,5,3.7658594980480234e-06,9.768259185332059e-07,1.2179592707354976e-05,0.01891440251069791,4.95366521140405e-05,0.9772102499147498,0.003808888644314378
1,mlp,12061,3,3,4.84663572460291e-07,6.084049720371035e-08,3.392758497392844e-07,0.9807324291295707,0.0011844425830374802,0.00012680862581974117,0.01795543488165278
1,mlp,12274,3,3,4.117188290027702e-07,1.0366493690935364e-07,7.378888279516275e-07,0.9933882023519157,0.00026659806928307905,0.0006772728444504648,0.005666673461756752
1,mlp,13196,3,3,0.00020242210471240634,9.679045727999968e-06,0.0001314562678519856,0.5012582876791837,0.0017800453352720543,0.010771755312644411,0.4858463542546076
1,mlp,386,5,5,2.328237997212645e-07,7.271833617655591e-08,3.4503061762416627e-07,0.00011749375997248058,1.7146073755293001e-06,0.9998544714417241,2.566961817442241e-05
1,mlp,11003,3,3,2.55295242013484e-09,6.407623774004672e-10,3.510439226018296e-09,0.9995045448400235,0.00015653042130804262,1.4313309734275693e-05,0.0003246047247801423
1,mlp,8580,6,6,0.0011936716357353586,1.1071896013439915e-05,0.0003409930618795149,0.007040502971654027,0.00045946003295153123,0.0022655019807303538,0.9886887984210357
1,mlp,11584,3,3,5.563999609073053e-08,2.138329519337388e-08,1.59258350852446e-07,0.9964427527848497,6.746497039923948e-05,0.0012572076637206676,0.0022323382993883123
1,mlp,4810,2,2,0.007274241621213192,0.000580193180050943,0.9919471753656945,2.7469644197289733e-07,8.282702011797417e-05,0.00011448537989989947,8.027365815370027e-07
1,mlp,13531,3,5,0.00027321247402819804,8.992808887306959e-05,0.0006946771315091254,0.11206186462054656,0.001966473643925495,0.7811468375917149,0.10376700644940268
1,mlp,11754,3,3,1.82318273609302e-07,4.0165693186261065e-08,4.504585343435667e-07,0.9928949218176413,9.763720657154858e-05,0.0012940164423726052,0.005712751590913522
1,mlp,7857,6,6,0.00014046927192900012,2.90209886787271e-06,1.6573459203525e-05,0.09476839104025998,0.07133943294200537,0.000955948915185744,0.8327762822725484
1,mlp,13253,3,3,0.00020977263152745378,1.112945198281779e-05,0.000190959458895969,0.5056250007708775,0.0010675113007390393,0.07799419650489312,0.4149014298810842
1,mlp,6691,4,4,1.6061801812917123e-07,1.4838681889802651e-09,3.861597389242527e-05,1.0190874820404598e-06,0.9998859234000876,7.830285697823822e-06,6.644915095382228e-05
1,mlp,8118,6,6,0.00042246554029169844,1.3608220815340633e-05,0.0002433511127581257,0.10678376223873465,0.0011854528914663277,0.011598825713164384,0.8797525342827696
1,mlp,9880,6,6,0.0023387282995433185,4.625167038383924e-06,0.0013094349067307703,0.0006816545623417608,0.04604573564851631,0.0005655742497703838,0.9490542471660591
1,mlp,1349,5,5,1.5151466086489802e-05,9.539851150879034e-06,8.142358186430111e-05,0.003683066437845207,0.00012029392825873619,0.9928525510524296,0.0032379736823648446
1,mlp,3363,1,1,0.0006910465222036808,0.9841602914759653,0.015146733696919058,3.6061995178796984e-14,6.529600596794605e-07,1.2753448160065196e-06,2.2913899134063237e-16
1,mlp,10814,3,3,5.686595848294872e-09,1.3407071691775269e-09,1.9436808689599515e-08,0.9991018499855174,1.6385051737401672e-05,0.0003330727235336707,0.0005486657750999591
1,mlp,1232,5,5,8.816007008002678e-07,4.2731535640217477e-07,5.608844981902419e-06,7.36249124622333e-05,3.6519997180373986e-06,0.9998326724793982,8.313284738248181e-05
1,mlp,2827,0,0,0.987173531978252,1.876772628188294e-06,0.006646533975372718,5.825334405918768e-07,0.006145850904034113,1.4959148277969517e-05,1.666468799442921e-05
1,mlp,6483,4,4,0.0002530854133133326,3.554822415799543e-07,0.00297809969230483,0.00010163169988037759,0.9811890016310147,0.00014685593118051664,0.015330970150064507
1,mlp,4832,2,2,0.005478900890150619,0.00019073192654758123,0.9940721928922044,1.9428934685932732e-07,0.00014336333840578484,0.0001134734396887232,1.143223655943855e-06
1,mlp,2635,0,0,0.9999487627224005,6.45116007278325e-07,2.1910130162952145e-05,2.041158945168723e-08,1.5107031407970096e-05,1.1898659982820336e-05,1.655928448967124e-06
1,mlp,8830,6,6,0.0003462581909559917,9.61254059205427e-06,0.00029795530512947364,0.005478706573218253,0.0008039389835854043,0.011767692372685922,0.9812958360338329
1,mlp,1448,5,5,8.419265972542924e-07,1.0638716418346332e-07,2.1685185559007363e-06,2.014018882607958e-06,3.256009281574053e-07,0.9999845479531024,9.995594769574112e-06
1,mlp,11824,3,3,1.2978494618320303e-08,3.796520295532133e-09,1.3960459584360013e-08,0.996315670565294,0.0009399821339512709,7.308145257841387e-05,0.0026712351127019768
1,mlp,11267,3,3,2.2407529116785959e-07,1.6351488983652538e-08,9.447836691805299e-08,0.9942462429227288,0.00027797785565226036,1.5082094046556708e-05,0.005460362222425233
1,mlp,4381,2,2,0.0007746447045557642,1.1121779068880641e-05,0.9959613379162662,6.370230735570232e-07,0.0031696911055487885,6.141876232661786e-05,2.1148709160343643e-05
1,mlp,10171,3,3,2.949940978471102e-11,2.37045495846989e-12,1.9409316620098977e-11,0.9982241834115515,0.0017555092317144345,1.630795278282387e-07,2.0144225927305485e-05
1,mlp,3072,0,0,0.7849277295490287,0.0005133982371512106,0.2140409805269544,2.271669415789028e-07,0.00016862530369830413,0.000347105154097141,1.9340621287447436e-06
1,mlp,1725,5,5,0.19340636192317798,1.647035430334623e-05,0.0002350956027865924,0.0003022279060686588,6.435767287878364e-05,0.7959841400942346,0.00999134644655001
1,mlp,1730,5,5,7.546589401948517e-06,7.384357368140312e-07,1.0491949788736494e-05,4.109128009771121e-06,1.6803873763107988e-06,0.9999409313006998,3.450220898662586e-05
1,mlp,1840,5,5,7.667281908175605e-05,1.7569128915879942e-05,0.00028041959556632826,0.00016684022282129228,6.084564687466787e-05,0.9969872505810948,0.0024104020056453725
1,mlp,4429,2,2,0.000928485875373306,5.166343132767032e-06,0.9985159427441563,7.464730998733227e-07,0.0005009927520022085,3.2103141018490106e-05,1.6562671217079935e-05
1,mlp,2659,0,2,0.08367537719363094,8.245516258441896e-05,0.9029191691697084,8.067353185106963e-06,0.009557402247833987,0.002886101607154879,0.0008714272659021536
1,mlp,12838,3,3,1.7059829295539204e-06,3.398515587927494e-07,1.140194055910642e-06,0.9432051711721539,0.0018574105662923796,0.0007106803557971171,0.054223551877212374
1,mlp,7943,6,6,0.0007448313219552233,1.1555693937413705e-05,0.0003363054543380779,0.12091435953956592,0.0007490198148865333,0.007194377304730336,0.8700495508705866
1,mlp,8176,6,6,0.00028435246576293216,4.699009093299209e-06,0.0001028218722601829,0.013132458440345796,0.0007490272762969915,0.0004998857265532484,0.9852267552096875
1,mlp,9118,6,6,0.00041323425506867783,7.3811105992194836e-06,0.0009369847817686971,0.003456116702900288,0.0006537120839665631,0.0035281577024199938,0.9910044133632766
1,mlp,2673,0,0,0.9985983098315967,1.8154144794507157e-05,0.0013235842368335509,6.717759887732465e-08,1.366394768971033e-05,4.439087374045095e-05,1.8297877460389439e-06
1,mlp,7825,6,6,0.00019181893886676137,2.4370602306323184e-06,7.08990463658809e-05,0.09536528807094619,0.03699215557409882,0.0002925985978852467,0.8670848027116065
1,mlp,12292,3,3,9.130515096170571e-07,1.373447671158328e-07,1.4304612726030676e-06,0.9777084538370256,0.0004381548516687865,0.000647290815483151,0.021203619638273045
1,mlp,7986,6,6,0.00017280656174974832,3.3220663518136153e-06,4.352447023192517e-05,0.09134492971933408,0.07383110781340113,0.0018406446311576225,0.8327636647377737
1,mlp,11033,3,3,1.8176239499216176e-08,2.380436007834121e-09,1.3343126229079814e-08,0.999097779916205,0.0001335760399202192,8.511535669826986e-06,0.0007600986084033707
1,mlp,4756,2,2,0.0024671925829133985,1.5897976273567522e-05,0.997043368949623,1.5918644978521322e-07,0.00045234903104468814,1.9147208545873338e-05,1.8850651497194097e-06
1,mlp,5595,4,4,8.465946728479783e-08,4.42657927157551e-10,8.334927794683727e-09,0.0008538221391805015,0.9986256545918738,1.3208064242816435e-06,0.0005191090254686122
1,mlp,2193,0,0,0.6355817926647611,1.0283395991597965e-05,0.012238900187599109,8.120940530695132e-05,0.34103479963971256,0.0007449654754870208,0.010308049231141531
1,mlp,10480,3,3,1.3760580164087645e-09,2.380702836764632e-10,7.809140427352218e-10,0.999806004811009,6.873391406308417e-05,1.308741374675339e-06,0.00012395013851068462
1,mlp,12206,3,3,3.839722625950118e-06,4.5001535285518085e-07,6.760756430943509e-06,0.9582284225959325,0.00022685687061260918,0.011978301739657938,0.02955536829938719
1,mlp,5264,2,2,0.00018718262449690502,1.3911072227032226e-05,0.9995824821957345,1.5120560207718133e-08,0.0002099339531448977,6.422020836788382e-06,5.301299966085249e-08
1,mlp,12254,3,3,2.8306292246357113e-07,1.1025257129990098e-07,7.515262318510324e-07,0.9935786213973992,0.0002272119623613548,0.0019878477162346936,0.004205174082279012
1,mlp,8787,6,6,0.00017697807293544645,6.796720057876072e-06,9.06560686653972e-05,0.025141629771014126,0.009894761424901317,0.0042804060736409645,0.9604087718687849
1,mlp,9640,6,6,0.000556920182508608,4.421494539354537e-06,0.0007123395072590864,0.00025719267885629653,0.00031630738976329477,0.0007521488691450637,0.9974006698779283
1,mlp,252,5,5,9.423948628550157e-07,2.1137679440745574e-08,2.616030202184174e-07,7.591858378518621e-05,3.6519134213283435e-07,0.9998869977544577,3.5493334852473854e-05
1,mlp,440,5,5,2.302839181605663e-08,2.445923108151628e-09,5.9584319414755215e-09,1.6550673079263337e-07,1.0637157800017204e-08,0.9999994550178603,3.3740550424718316e-07
1,mlp,9906,6,6,0.01043892981557613,1.2465115209705388e-05,0.008884751516607507,0.0008373589952316634,0.02857762731069988,0.0008982980630073488,0.9503505691836678
1,mlp,4785,2,2,0.000136039840643671,1.5346781519267414e-05,0.999785914549929,1.399323348426435e-07,5.5036063121749885e-05,6.910790319984298e-06,6.120421317545415e-07
1,mlp,10197,3,3,2.3059434744792059e-10,2.865547622228874e-11,1.2024583448696493e-10,0.9999287014226983,1.87299585922291e-05,8.192775750259817e-07,5.174896163859674e-05
1,mlp,4708,2,2,0.004896769952286341,8.54297902625665e-06,0.9944985685259161,1.7495856285054506e-07,0.0005300123005782008,6.253161117635996e-05,3.3996724540606476e-06
1,mlp,9789,6,6,0.01024461575873911,2.2783936308599953e-05,0.008909124641114268,0.0005626300348875448,0.0038040554722434524,0.0015807131077864738,0.9748760770489205
1,mlp,9186,6,0,0.6622903939295155,3.803793224434896e-05,0.003329568015654263,0.007846875025585127,0.009423891499440442,0.009338244107550499,0.3077329894900098
1,mlp,7639,6,6,0.00022645703222649508,3.5709369097246993e-06,3.765339317699385e-05,0.11757548954235081,0.002562395489664967,0.0014852634295112565,0.8781091701761599
1,mlp,603,5,5,2.7032280452050205e-08,4.1213508115524684e-09,1.934741806964859e-08,2.5784469781293344e-07,2.2215346916849325e-08,0.9999993030316529,3.6640725289539175e-07
1,mlp,3972,2,2,0.049559051589224655,1.386420744169463e-05,0.8666430780849871,5.799849237078218e-05,0.07560715573640231,0.00048296567093222175,0.00763588621864112
1,mlp,7187,4,4,9.671107844702343e-06,7.0270925931033225e-09,0.003635311624051902,6.775357972205303e-07,0.9963066203988826,4.2698035943784826e-06,4.3442502736737895e-05
1,mlp,13333,3,3,1.7948664267628643e-05,2.3691092834635365e-06,1.5938405555151235e-05,0.8597925997399075,0.0031052942581784675,0.0020729886597563962,0.13499286116305143
1,mlp,938,5,5,1.3288163615101832e-06,7.186474284987315e-07,8.647466126941467e-06,0.0011117433936087724,1.3973529512916092e-05,0.9985409802251293,0.0003226079218321373
1,mlp,10439,3,3,1.382437260287257e-09,3.530529972891219e-10,2.6984038045799813e-09,0.999818434449656,2.1016746639622602e-05,1.4483174738327007e-05,0.00014606119507200652
1,mlp,5013,2,2,2.7602499856165137e-05,3.0334389001644506e-05,0.9996855880487666,5.4033739116976665e-08,0.0002537464858917545,2.567262632165696e-06,1.0728011252484047e-07
1,mlp,1417,5,5,7.120271197903801e-05,2.0340863332712e-05,0.00028231302029090504,0.012752750940166285,0.0003124459898560861,0.9656464114161976,0.020914535058177468
1,mlp,13379,3,3,9.140922091062254e-05,9.036964672071699e-06,0.00015113396783024777,0.577703308554092,0.0017712065623674165,0.01623097529500057,0.40404292943512704
1,mlp,1535,5,5,3.9906167307213585e-06,2.705016762439079e-06,3.738240724349587e-05,0.00021525309457563098,1.9490509762926994e-05,0.9993642195549476,0.00035695879997706706
1,mlp,3814,1,1,1.2754596366305866e-08,0.9999998914232555,9.578892925511014e-08,6.932003814862834e-24,1.3629346939080909e-11,1.9589510587247698e-11,1.3813353423661572e-28
1,mlp,5261,2,2,0.007223184426121017,4.22593148003091e-06,0.9731287053373825,9.517984941663324e-08,0.019628081718842384,1.5441577332399657e-05,2.658289920585966e-07
1,mlp,11475,3,3,7.045765992375281e-08,1.3483412459518196e-08,1.694805121197212e-07,0.9960654873842444,5.457223519121802e-05,0.000930190318913419,0.0029494966400665603
1,mlp,5140,2,2,7.750484562277923e-05,9.349195096327843e-07,0.9968307716764784,1.3397009210965249e-08,0.003087176201046301,3.529837547541006e-06,6.912278625750614e-08
1,mlp,10536,3,3,2.216086556215735e-09,3.072009167679805e-10,2.943763442584469e-09,0.9995821290463556,2.713212489931722e-05,1.4269856068210887e-05,0.0003764635056260482
1,mlp,13217,3,3,3.675484692655124e-05,3.0766195679149466e-06,1.466495893017037e-05,0.6129165438488421,0.006980223204692407,0.001261677232453147,0.37878705928858764
1,mlp,11032,3,3,8.78427926784348e-08,3.4597355347321456e-09,5.643926648349492e-08,0.9967389894133534,4.2478979270653244e-05,0.00013064788531028175,0.003087735980271004
1,mlp,738,5,5,1.1007218456377024e-06,4.675250206450624e-07,2.441250240156789e-06,0.0005772583400519489,1.1071485078481866e-05,0.99927555689868,0.00013210377908333897
1,mlp,3265,0,0,0.9999968267940609,2.527196933058694e-06,2.9175983978930973e-07,3.85147150006769e-12,7.207471630079366e-08,2.820637605225097e-07,1.0683798729778018e-10
1,mlp,10517,3,3,4.781662351951058e-09,6.537248586288136e-10,9.453223689000058e-09,0.9995218734741477,1.6877930225091347e-05,4.83160365610085e-05,0.00041291767045547364
1,mlp,2583,0,0,0.9999011463628237,8.230432731230255e-07,8.107342964247222e-05,3.049161828585217e-08,1.2658101712362894e-05,2.974016782598927e-06,1.2945541471604518e-06
1,mlp,1446,5,5,2.4897254685369015e-05,9.530537126087956e-07,1.201749066915549e-05,5.400759965684547e-05,5.055266829294531e-06,0.9996792767974149,0.00022379253703205365
1,mlp,13027,3,3,2.4089134364271854e-06,5.786721547843213e-07,3.512249565244934e-06,0.9470192129365697,0.0016060681636210267,0.0021304183954444895,0.049237800669208485
1,mlp,2822,0,2,0.02358175725298802,2.378811006214058e-05,0.9756869599012128,6.076818683774741e-07,0.0005603038795383995,0.0001312659395192073,1.5317234811076408e-05
1,mlp,7075,4,4,0.001356417684933759,7.372671858918636e-06,0.3370087401722435,0.0001185303416929616,0.6118821233801605,0.0016558355606168225,0.047970980188493516
1,mlp,5929,4,4,1.000137149699104e-08,2.230410977692749e-12,1.2781663645914784e-09,1.7814166033469167e-07,0.9999901363603689,1.0265425608477347e-08,9.663950776995465e-06
1,mlp,13426,3,3,0.00010646420446887463,1.1411104610592327e-05,0.00014849123938867663,0.4660447664728273,0.001622453931901468,0.07007814317107093,0.46198826987573227
1,mlp,8273,6,6,0.0002027429745629996,4.518976002880654e-06,0.0001609237848600422,0.02224234733635259,0.0005629406798536451,0.0009674963544653876,0.9758590298939024
1,mlp,2536,0,0,0.5851806753787717,3.2567769981240844e-05,0.4079819402083997,1.1152136361893685e-05,0.006255088454032435,0.0001449715073727642,0.0003936045450802581
1,mlp,2227,0,0,0.9798648953590818,6.1766427429153755e-06,0.012685407157941544,2.2193399518713497e-05,0.0055712091179246906,0.0001423029835690024,0.001707815339221604
1,mlp,2529,0,0,0.9995181334804352,4.044816599634118e-06,0.00044256598603484727,8.068361081582981e-08,7.964275609235255e-06,2.3773692344925718e-05,3.4370653653437964e-06
1,mlp,10112,3,3,7.62213681746772e-11,8.190218428449888e-12,5.565276356316282e-11,0.9999644575317304,7.2432968844922726e-06,7.276255835246077e-07,2.7571405737374058e-05
1,mlp,5391,2,2,0.00198657054277292,0.00027710203316966546,0.9976644369247367,6.84394606706596e-09,6.651606179191083e-05,5.362254751457068e-06,5.338831385129679e-09
1,mlp,11875,3,3,3.599159497931882e-07,9.134500368047734e-08,1.020785307910903e-06,0.9761557990714647,0.00011146153405533466,0.014783831986750113,0.008947435361468272
1,mlp,5784,4,4,1.6161197956531155e-05,3.260859058484334e-08,1.5026693905907123e-05,0.0001236459394630978,0.9908123511927208,1.0951925264127796e-05,0.00902183044209891
1,mlp,2803,0,0,0.9996700470006532,3.669620770663215e-07,8.533415499216055e-05,4.4741004208997616e-08,0.00022789669356571216,1.1212337577468219e-05,5.098110130380763e-06
1,mlp,9910,6,6,0.007071798455992226,3.435856459793235e-05,0.0038646578724257077,0.0005106571609262696,0.0035643265188107696,0.010460424009528034,0.9744937774177189
1,mlp,10628,3,3,1.0877131212867847e-08,1.1759138584598997e-09,1.288620598045395e-08,0.9994566367972315,2.3995554947371988e-05,2.51970171340385e-05,0.0004941456914359898
1,mlp,12007,3,3,7.140795283673944e-08,1.6889030830853956e-08,4.436386576835193e-08,0.9950690321717347,0.0004452858412252792,7.014046922791828e-05,0.0044154088569626875
1,mlp,10467,3,3,3.86470901339048e-09,3.1786214642897195e-10,1.0446070433029177e-09,0.9989087382434827,0.00014914708026147748,3.904080752636602e-06,0.0009382053683249894
1,mlp,10345,3,3,1.9496388327510788e-10,9.357206123455447e-11,5.805785044550403e-10,0.9999423994773852,9.950333572358572e-06,1.8524886773866842e-05,2.912443315410442e-05
1,mlp,7263,4,4,7.817502569481745e-09,1.1254388689068046e-11,1.370781293287935e-07,1.9371719779126333e-09,0.9999980210061243,3.473128045898637e-07,1.4848370128338717e-06
1,mlp,4315,2,2,0.00413047147484503,1.8928720370127508e-05,0.9956007412787994,1.7674592205807411e-06,0.00020312943096327163,2.6606702460432598e-05,1.8354933341096434e-05
1,mlp,2228,0,0,0.9992718155595675,5.795592766875331e-06,0.0003452143678229758,9.327571836018371e-07,4.89637936374506e-06,0.000292003026798373,7.934231649706728e-05
1,mlp,13246,3,3,3.2868033595060827e-05,2.9408490041509334e-06,1.567899733769638e-05,0.7476735657481308,0.008667009148967694,0.0010005655837022035,0.24260737163926233
1,mlp,11086,3,3,1.1594857076264555e-09,3.319698109994165e-10,7.185210772874128e-10,0.9994069354469238,0.00040783241701579414,4.780145023392739e-06,0.00018044978106035748
1,mlp,8101,6,6,0.000400744630310221,5.892077112329807e-06,0.00020577921083116054,0.019466808749122207,0.0005148239160009608,0.0007303169462912863,0.9786756344703318
1,mlp,971,5,5,7.519705297763277e-05,2.006278557757034e-05,0.00018053144696825375,0.2043083508276755,0.000797098183462262,0.742250412515702,0.052368347187636784
1,mlp,7865,6,6,0.0001287354532032388,9.052703536775115e-07,1.6340018799658722e-05,0.02493021581374854,0.10171146145345049,0.000133223399546618,0.8730791185908977
1,mlp,13250,3,6,0.0005408284455566296,9.21627491172987e-06,0.00027542937401689476,0.36957178124460577,0.0008684695092073906,0.012455310478850998,0.6162789646728506
1,mlp,8636,6,6,0.00034093132408934997,5.04828950667955e-06,0.0002606343815150181,0.008995324078493702,0.001288236577316881,0.0007039300952713148,0.9884058952538071
1,mlp,3491,1,1,1.0300810638418597e-05,0.9990045141123745,0.0009851066798694371,3.2316797572757483e-17,4.2025373137970805e-08,3.637174452825658e-08,1.6060013386146656e-20
1,mlp,2984,0,0,0.9491389169170925,4.899492932043429e-05,0.05052657950256409,3.2663589326181693e-07,0.00016275892917616758,0.00011840899004559577,4.014095907812656e-06
1,mlp,6564,4,4,3.0239437009752407e-05,1.5605845828948272e-07,0.0008040607523202748,3.2516468512742245e-05,0.9866319323773627,0.00018346116025268707,0.012317633746083455
1,mlp,6454,4,4,1.290780361573421e-07,1.4991052402552516e-10,2.520512491066588e-07,1.6648601085879854e-07,0.999969367168549,4.5149394535142777e-07,2.9633572299226102e-05
1,mlp,7341,4,4,5.603494145208817e-06,1.1848160869676571e-08,0.00013201993890705815,4.0348047439175416e-08,0.9996970073309456,0.00014103275881735853,2.4284280976564908e-05
1,mlp,9978,6,6,0.023795499853112724,8.602851505116957e-05,0.2586050098650988,0.0006718700183562692,0.026339408685447985,0.07763309645032376,0.6128690866126093
1,mlp,13168,3,6,0.00010826246051431932,5.636114418065878e-06,0.00010279266682551467,0.4816529937621295,0.001071689311121892,0.005479173832111968,0.5115794518528787
1,mlp,4839,2,2,0.004411570817755977,5.732904011847139e-05,0.9948854729887407,2.525520934932863e-07,0.000631740799483253,1.189996550550931e-05,1.7338363028062216e-06
1,mlp,10177,3,3,1.1386317409366461e-10,1.5012468211332105e-11,4.997959446445314e-11,0.9998926887164813,6.673617608687588e-05,3.345424093623971e-07,4.024038616709099e-05
1,mlp,12238,3,3,6.182184306793739e-05,4.4097669102478533e-07,1.5714430567611806e-05,0.8687078425612484,0.0003767113681552946,0.0022745905281212025,0.12856287829214835
1,mlp,4535,2,2,3.605321058010271e-05,1.5448422179567196e-06,0.9992006202159797,2.8576400944031443e-07,0.0007524148007680553,6.251751368896113e-06,2.829415075765305e-06
1,mlp,1694,5,5,0.40177883446680995,3.743791698180978e-05,0.0012190014792106982,0.0019368885960459742,0.00015715815775327462,0.5618268054256919,0.03304387395750658
1,mlp,12338,3,3,1.1701562114211445e-06,1.5379004597428356e-07,1.677402342986722e-06,0.9779900636075975,0.00026469178072024524,0.0008504039486335958,0.020891839314448577
1,mlp,2981,0,0,0.9992254955469334,3.578801307906927e-06,0.000665143682345275,2.4302632812677742e-08,9.854183487703383e-05,6.598774339330579e-06,6.170575641977917e-07
1,mlp,2184,0,0,0.9984504352894444,7.239779947052461e-06,0.0009643020219877207,3.474080542058239e-06,9.79991256487462e-05,0.00012570460464581354,0.0003508450977838698
1,mlp,4161,2,2,0.00893348606877086,8.55975817856573e-06,0.9897339627641505,3.907676246527169e-06,0.0011176211000541866,6.207640282537406e-05,0.00014038622977359609
1,mlp,6359,4,4,0.0011925580149846884,7.139071686650609e-07,0.00611655694043403,0.00018776800978263444,0.9445061686821712,9.610284581059338e-05,0.047900131599648295
1,mlp,12417,3,3,4.2812010001052676e-06,3.172839831069219e-07,3.4040522704592033e-06,0.9277436038709749,0.0016478437875031954,0.00035530713176931347,0.07024524267249893
1,mlp,8916,6,6,0.0004143288336200158,2.9293293192530545e-05,0.0007789354779193578,0.07955876323431015,0.00301655134159343,0.051666470369998385,0.8645356574493662
1,mlp,5144,2,2,0.00046000693753200515,1.0775427759155263e-05,0.9994635753850126,2.6471502620350966e-08,5.9821819189294736e-05,5.708581983943099e-06,8.53770203644089e-08
1,mlp,4947,2,2,0.00013630797460895556,4.636299293886407e-06,0.9990562178173852,3.036312037657091e-08,0.0007962855952614645,6.24522280103817e-06,2.767275293247388e-07
1,mlp,8033,6,6,0.0004706419188575648,7.350061276910036e-06,0.00013626508047168872,0.030554964399173205,0.0013723308613188888,0.0008689527138895848,0.9665894949650121
1,mlp,10386,3,3,5.623131911743748e-10,8.354311320332925e-11,2.4936535971619567e-10,0.9998048005914327,5.7391600617260035e-05,1.569786753645107e-06,0.00013623712597464404
1,mlp,12963,3,3,2.2343179889716136e-05,1.2422142271423405e-06,1.2550935719917921e-05,0.7469483961112963,0.0010705336956930444,0.001527914418507986,0.250417019444666
1,mlp,5914,4,4,2.3077950187052175e-09,2.5085879023905903e-12,1.1173314435393089e-09,4.289352393614294e-07,0.9999925198865841,3.1466357760170006e-08,7.016284183796077e-06
1,mlp,11821,3,3,3.405809816379631e-08,7.928282060483247e-09,2.572490495636845e-08,0.9958838932838218,0.0016642896265148942,3.376987731014927e-05,0.0024179795010680597
1,mlp,6333,4,4,4.22086363737038e-06,1.2605421827177303e-08,4.800763989996721e-05,1.1921552271715322e-05,0.9990982418229495,2.0236729062165613e-05,0.0008173587867574406
1,mlp,6182,4,4,0.000303755343354234,1.0246334352032798e-07,0.0007206105077259983,4.3110633221343916e-05,0.9925945319433218,2.1881949519769105e-05,0.006316007159513496
1,mlp,313,5,5,3.3369142074785273e-07,2.6237448450952663e-07,2.9821472768321126e-06,0.008033814579753357,1.524486404030361e-05,0.9915690397160493,0.00037832262697506426
1,mlp,8617,6,6,0.00041506197766355167,1.648427311517998e-05,0.0008355749658440767,0.032839617753749516,0.001332677437827877,0.01591199019583072,0.9486485933959691
1,mlp,1475,5,5,2.5890731330617523e-05,1.859884802545189e-05,0.00016446628090657526,0.007186228760130216,0.0002590225564963761,0.9865033840497377,0.005842408773372982
1,mlp,12621,3,3,9.481769484553674e-07,1.5165071898909395e-07,5.643513514717035e-07,0.9759557661557378,0.0014199651568827549,0.0003104172149358461,0.022312187293424816
1,mlp,8451,6,6,0.001928981563873651,6.33140902070631e-06,0.0005972485428946486,0.009939644111857413,0.002126650867142273,0.00019468398293678762,0.9852064595222745
1,mlp,9330,6,6,0.0003858870473032056,3.573345445291143e-06,0.0009451853452958229,0.0011749218082122187,0.0008351754725187045,0.0005238880190015364,0.9961313689622231
1,mlp,7239,4,4,8.699586624594357e-06,6.702149574871687e-11,2.93533454138216e-07,7.740013654494217e-09,0.9999903582103653,6.178168303338173e-08,5.790808377921914e-07
1,mlp,34,5,5,1.3303289290901355e-09,8.911614131657419e-10,1.6607397396632305e-08,8.287316402505311e-06,2.3904780749932515e-08,0.9999909694510148,7.004989140822783e-07
1,mlp,12013,3,3,1.8992742043171058e-06,1.966855387358303e-07,1.8256452665602355e-06,0.9800035278678291,0.00029583992951180634,0.0006288660773337003,0.01906784452031584
1,mlp,4324,2,2,0.0015428613043338279,8.99449136115428e-06,0.9962977163469495,1.6527358445050509e-06,0.002020201583574313,7.470287556488061e-05,5.387066237178335e-05
1,mlp,12117,3,3,9.07804939746925e-07,1.0326226339465761e-07,4.874217217693112e-07,0.9180585766324018,0.002124019460091142,0.00017635309084623017,0.07963955232773591
1,mlp,11840,3,3,1.2783609570167363e-07,4.107206691724372e-08,3.313618152726033e-07,0.9959385799182805,0.00012668556455444792,0.0008663504958802352,0.0030678837513068683
1,mlp,4914,2,2,6.568263104042121e-05,5.969201120588209e-06,0.9996683068482408,6.207836798839898e-08,0.00025728016193113303,2.4551138088213404e-06,2.4396549002222236e-07
1,mlp,4943,2,2,0.00019138192601320282,6.282043454366825e-06,0.9995579756407709,7.581266248810505e-08,0.00023414371882614273,9.56498749342248e-06,5.758707794899023e-07
1,mlp,3071,0,0,0.999488615570685,6.014770803989757e-05,0.0004302267479065534,3.919752203118161e-09,3.184353720479449e-06,1.776670481071258e-05,5.4995085013858837e-08
1,mlp,1419,5,5,0.00018161104940361868,5.2470732595947546e-05,0.0005479512359493165,0.18276869725984565,0.0016639422286226864,0.6590414832383025,0.15574384425528043
1,mlp,6675,4,2,0.011482029017331353,2.0885143606419813e-05,0.3984680609782534,0.0005823125701735509,0.3386557029816462,0.003878459908084051,0.24691254940090512
1,mlp,5833,4,4,1.2556556517128437e-06,1.333495072214519e-09,7.486853524952156e-07,7.053675699852084e-06,0.9997395150063553,8.838938888862193e-07,0.00025054174955680086
1,mlp,12215,3,3,1.513518699881486e-06,1.1356588989426286e-07,7.294425049190643e-07,0.9585015759973219,0.004625978831380689,8.29752674321429e-05,0.03678711337677051
1,mlp,4954,2,2,0.0005257292087024533,2.0185703128495868e-05,0.9993072910160857,9.892117115034889e-08,0.0001377313645804892,8.489169504090151e-06,4.746168276215966e-07
1,mlp,10989,3,3,6.5103287504802145e-09,2.2287505747329306e-09,1.508988978240967e-08,0.9993025425201895,3.633450983991909e-05,9.782187610249766e-05,0.0005632772648989644
1,mlp,8001,6,6,0.00015120932498816205,2.624882352633691e-06,9.913315042849849e-05,0.06682360841222285,0.015778602064048113,0.0013527312334997406,0.91579209093246
1,mlp,5526,4,4,1.0179499327148448e-07,1.3813533395487734e-09,1.4476310933272136e-08,0.05308708154373842,0.9420336186976833,2.1898277009339193e-05,0.004857283828911451
1,mlp,2923,0,0,0.9998608418887055,2.35629240939909e-05,4.787293943220606e-05,2.8274436483131718e-09,2.247242805927168e-06,6.529800024852598e-05,1.7417727028821155e-07
1,mlp,6207,4,4,3.625117121928163e-06,1.2667497631526728e-08,1.01302471988311e-05,1.3041232238349693e-05,0.9941437998365454,3.089404390742328e-05,0.005798496855490587
1,mlp,3722,1,1,4.01664964257785e-07,0.9999976815979887,1.916133221543495e-06,3.900749795713436e-21,2.799898285327345e-10,3.2383571437269464e-10,2.0775263039041446e-25
1,mlp,5380,2,2,1.50918841067615e-05,4.55434977980031e-06,0.9927074157874153,5.576524605290441e-09,0.007264565055351998,8.346509247191929e-06,2.0837574276162302e-08
1,mlp,1225,5,5,2.1030374801384967e-06,9.275796105291875e-07,1.2284425684955221e-05,0.00020379828744498181,8.41832010510836e-06,0.9995545996254143,0.00021786872426017218
1,mlp,215,5,5,1.1912614253561291e-06,3.484483276798451e-07,2.3079837698465155e-06,0.01258802645325912,2.353157779642509e-05,0.98681097202052,0.0005736222549014649
1,mlp,4387,2,2,0.00028777058861417315,7.464544978268268e-06,0.9840080369810941,2.1509322130216213e-07,0.01566213090246486,2.96814042969586e-05,4.700485330208473e-06
1,mlp,10383,3,3,4.6173495183065e-09,2.566137600759948e-10,4.110430752371239e-09,0.9994330106445866,4.355609331359924e-05,7.043093149073569e-06,0.0005163811845567609
1,mlp,3360,1,1,0.0001265183828828794,0.9864245327343312,0.013447334926887388,5.536630203636763e-14,3.4116846530690806e-07,1.2727873776223373e-06,2.1816136778126885e-16
1,mlp,3623,1,1,4.467306700687787e-08,0.9999026202090594,9.732720845138549e-05,4.6778152362848e-19,6.759241623687456e-09,1.1501805879810089e-09,3.500025835822327e-23
1,mlp,7415,6,3,3.077976838618076e-07,9.89072682182808e-08,4.209285647476297e-07,0.9876411309818941,0.001511346753789622,0.00039522956969429747,0.010451465061105206
1,mlp,1312,5,5,1.1267938133554238e-06,1.338336625677379e-07,1.017459467738464e-06,3.2438886857253324e-06,6.06809210443987e-07,0.9999859681423466,7.90307281345602e-06
1,mlp,7049,4,4,2.4699947441972257e-05,3.152642400030803e-06,0.06683836386896544,1.1629968809034591e-05,0.9315811930547536,0.00012079696229370835,0.0014201635553360984
1,mlp,3449,1,1,0.00011062172462723435,0.9979636062621668,0.001925393913394346,3.61457909018391e-16,1.7241695296142894e-07,2.0568285808685398e-07,2.936054978831357e-19
1,mlp,3833,1,1,3.386161023837344e-09,0.9999999790529179,1.755243395406132e-08,5.711928275596608e-25,3.122005184899578e-12,5.365056382104457e-12,1.3222857028764883e-29
1,mlp,4181,2,2,0.01103871132324214,4.751244548377501e-05,0.9877574045224422,2.8348765976910284e-06,0.00060429561757487,0.00040809706745989645,0.0001411441471994811
1,mlp,10840,3,3,1.7432122175330023e-09,4.2093120338286806e-10,1.7540856030369797e-09,0.9996812064669275,5.0661096329925165e-05,9.392775046385443e-06,0.00025873574346705887
1,mlp,442,5,3,1.1389704893538767e-05,4.44625777862056e-06,3.646168973510322e-05,0.751659386575381,0.000669229230024857,0.21138129445114934,0.03623779209103758
1,mlp,8079,6,6,0.0005162753168661223,3.5471890672121283e-06,5.682685009180436e-05,0.0412115102701585,0.19344259005117528,0.001029011896768532,0.7637402384258725
1,mlp,44,5,5,8.177216433979544e-08,3.780395368276545e-08,4.5105418480991484e-07,0.00574615034588798,3.43234046780612e-06,0.9941258788585314,0.00012396782481003142
1,mlp,4003,2,0,0.5880579169427594,2.28027883239053e-05,0.3482242393324012,5.0787568866081065e-05,0.05924240380364122,0.0004262596642612211,0.003975589899747085
1,mlp,12232,3,3,3.1890222056007283e-06,1.761064918449905e-07,1.145994190485355e-06,0.9432005704344643,0.0037070962254837293,7.477168765070773e-05,0.05301305052951336
1,mlp,3851,1,1,3.3390612413129565e-09,0.9999998478842662,1.4873965432806884e-07,9.365942482362086e-25,2.5305074714498545e-11,1.171316678513368e-11,3.37721870411249e-30
1,mlp,868,5,5,4.2704801337294013e-07,2.369753749457589e-07,2.0872997066449837e-06,0.0001284138196073098,3.4606819787107197e-06,0.9998137512268485,5.1622948470482846e-05
1,mlp,10325,3,3,6.703233634276902e-11,1.896974678645131e-11,3.798311391890417e-11,0.9999192051063135,4.0232779080561705e-05,9.462757414463373e-07,3.9615714879203156e-05
1,mlp,10491,3,3,1.5740618712280411e-09,2.665323077425317e-10,8.986332524457766e-10,0.9998022923819158,6.367619397093144e-05,1.4273983747349871e-06,0.0001326012865110269
1,mlp,9579,6,6,0.0004628291487117434,6.290681634460028e-06,0.000348476030041219,0.0018626590251639515,0.01217870390453981,0.0017853617908829078,0.9833556794190258
1,mlp,4475,2,2,0.0017508622633910379,2.387384024826208e-06,0.9935317069424267,7.117760718140152e-07,0.004670094886782199,2.275039753867175e-05,2.1486349764691355e-05
1,mlp,807,5,5,3.59691438867155e-06,1.4561350521517392e-06,1.7223328509461906e-05,0.006433866673570061,4.150345308369115e-05,0.9916063462252495,0.0018960072701464182
1,mlp,7313,4,4,0.00010934831559345078,1.5872364553245324e-07,0.002841424876415945,7.624979476437073e-07,0.9961908583576135,0.00042925128594078224,0.0004281959428431272
1,mlp,2041,0,0,0.7687915328589486,5.296621612776328e-05,0.003914979570369885,0.004507733773565212,0.0007185842456686217,0.06941045792321716,0.15260374541210256
1,mlp,1967,5,5,0.027484488447535656,0.0002818987552604936,0.009606830348831207,0.0004999362286083856,0.0006346596691370966,0.9100772496115657,0.05141493693906146
1,mlp,12477,3,3,5.336143719798686e-06,7.464757341305829e-07,9.855021675155875e-06,0.9323570622304426,0.0005492876018286769,0.006084972738162422,0.06099273978843728
1,mlp,877,5,5,0.0001365747092900857,9.992173767067565e-06,0.00010014291743553103,0.042393438182433726,0.00024055756284989914,0.9314945580799007,0.025624736374322877
1,mlp,3136,0,0,0.9999215143906124,6.209710767787839e-06,6.203381865121833e-05,1.355879831074871e-09,6.589299497538095e-06,3.6226048618461237e-06,2.8819729261734447e-08
1,mlp,132,5,5,5.774010842089512e-07,1.0175260267351499e-07,1.4044586924725857e-06,0.008310900891993845,7.462136270349343e-06,0.9910890378490781,0.0005905155102783405
1,mlp,961,5,5,0.000128729843338502,1.0596805902231676e-05,0.00015453060491117941,0.06408258305057435,0.00029079028865335423,0.8679894263127484,0.06734334309387204
1,mlp,11586,3,3,1.3081890682113246e-07,1.878431824750959e-08,1.427509278013642e-07,0.993574086439665,0.00020927003669453758,9.94175248599466e-05,0.006116933644627551
1,mlp,11602,3,3,1.1928457298388582e-07,1.572802450304353e-08,9.416216973284327e-08,0.9966459628944764,0.0003007810095690958,3.8902799021444354e-05,0.0030141241221658243
1,mlp,2729,0,0,0.9965747346607766,1.5821014314394276e-06,0.002346265304627495,3.798542883293573e-07,0.0010446469069235412,1.7214229634719305e-05,1.5176942317981347e-05
1,mlp,5055,2,2,0.0003797240991095669,1.6268107630138303e-05,0.9993981540755204,2.3134937453496138e-08,0.0001967332931764875,8.96671712833662e-06,1.3057249779419113e-07
1,mlp,7379,6,5,0.0025292077757545304,3.3757698418256864e-07,4.25818107593992e-06,0.3665112012135494,0.0014573737898352106,0.5497350874328563,0.07976253402994453
1,mlp,5318,2,2,0.028919615411212626,0.00014228055243340474,0.9660505987914919,3.620288072387836e-08,0.004846357787015234,4.09646545611589e-05,1.4660040487809207e-07
1,mlp,3124,0,0,0.9999990530061245,2.3436842949195172e-08,5.6646531077844515e-08,4.2908829686499666e-11,7.718590552533258e-07,9.321761634612326e-08,1.7909211564678092e-09
1,mlp,10645,3,3,4.959996736496482e-10,9.617380805015066e-11,3.8678049656616383e-10,0.9996234596606745,0.00027863264647551994,1.5986511563965235e-06,9.630806273987204e-05
1,mlp,8048,6,6,0.0004127045471754009,3.3930418811735674e-05,0.0005720298387637763,0.0958261600080038,0.0013335261603510797,0.05572475258976036,0.8460968964371338
1,mlp,5265,2,2,5.988433720683095e-06,1.4214898599645758e-05,0.9998427000718997,6.945661862805362e-09,0.0001331819127192984,3.890616203590613e-06,1.7121195109542474e-08
1,mlp,12795,3,3,1.2336350495128777e-06,6.046986604794077e-07,5.055660177760268e-06,0.966854466492274,0.00042054691503538985,0.01830525705195844,0.014412835546844567
1,mlp,8262,6,6,0.0002521257362759813,1.719830488686448e-05,0.0001903789642518655,0.26686046248728346,0.0033426831507256767,0.023545787888157445,0.7057913634684188
1,mlp,7562,6,6,0.00018500249471719158,4.684870623106705e-06,0.00010069074006105802,0.174625173038363,0.0015593932678647537,0.0012490058665721923,0.8222760497217987
1,mlp,1561,5,5,1.951216764948875e-05,4.7464002372978633e-07,1.12510508180895e-05,8.839549413549965e-06,1.240035674036516e-06,0.9998715088684014,8.717368801977219e-05
1,mlp,12155,3,3,1.2543321599392154e-06,2.0108551152586667e-07,2.317071555573987e-06,0.9802013040630924,0.00019719398818763298,0.0019275391490747903,0.01767019031041812
1,mlp,8330,6,6,0.00031081680724815943,2.8550730192948836e-06,0.00013924584176844374,0.00811254185981517,0.0021221022017585004,0.00016812407260422915,0.9891443141437861
1,mlp,7775,6,6,0.00017790243187722874,5.4634615860053444e-06,0.00011497991079375603,0.1152713756375209,0.002071206856786804,0.0012187073166847588,0.8811403643847505
1,mlp,10338,3,3,1.3081054724858264e-08,5.687002598130637e-10,4.0905569500906774e-09,0.9988822047034174,0.0001760681096188336,1.9136307419149783e-06,0.0009397958159097305
1,mlp,13142,3,3,6.491368732886668e-05,3.628539366945406e-06,5.670894887536004e-05,0.61663070502741,0.001633392092277421,0.0037559876089987144,0.3778546640957426
1,mlp,4245,2,4,0.039638536099350405,4.72323270897948e-06,0.3649470367416749,7.9554702224615e-06,0.5941265413956914,0.0006549163153068854,0.0006202907450449929
1,mlp,180,5,5,1.4794269391395455e-07,5.511154722057282e-08,6.855536138657422e-07,0.0011278152650421557,2.3171697896642598e-06,0.9987675763258873,0.00010140263142586403
1,mlp,3321,0,0,0.9999593112911324,3.3175545433215186e-06,3.2801848838458825e-05,3.183047159821307e-11,3.231686153130356e-06,1.337243780733244e-06,3.4372118770848683e-10
1,mlp,6022,4,4,1.0833603486945571e-07,2.56462591718085e-10,1.456545078250649e-07,1.4917398532171537e-06,0.9999394192420794,5.474085717784572e-07,5.828736249038079e-05
1,mlp,1945,5,5,0.01279667251921592,2.146891699851113e-05,0.0003291173188996103,2.4542644751924234e-05,2.5534165740687457e-05,0.9856696465787679,0.0011330178556254547
1,mlp,4827,2,2,0.047523868938880456,2.4947232469519512e-05,0.909213871783618,1.0736445899324423e-06,0.04275279626513038,0.0004321588901051417,5.128324520657695e-05
1,mlp,269,5,5,1.038379041766438e-07,6.6134056642745e-08,7.853506972228596e-07,0.0011095733715953515,2.968563500189206e-06,0.9988324543104277,5.404843181890945e-05
1,mlp,9010,6,6,0.0007020074459238298,2.6092927437261375e-05,0.0010489693800814156,0.014283328593899119,0.0009741659691375744,0.03782461875700819,0.9451408169265126
1,mlp,292,5,5,2.340915562054448e-07,2.59732807481176e-08,2.548893369442248e-07,6.777138506896624e-05,4.7568287068729425e-07,0.9999107941739969,2.044380388959462e-05
1,mlp,2002,5,5,0.0015332793440905497,8.274527435710308e-05,0.0032561692520765863,2.3298817695346227e-05,7.118717924624551e-05,0.9936012371079639,0.0014320830245701333
1,mlp,12153,3,3,1.729472865294104e-07,3.686837339678243e-08,2.193598649159742e-07,0.9915591819944574,0.0003035344574663103,0.00023361584809786326,0.00790323852445348
1,mlp,6514,4,4,9.189885917440578e-07,8.513894021960446e-10,3.705892143353732e-06,4.6471759207417843e-07,0.9999148635647903,1.6156427508677405e-06,7.843034274219742e-05
1,mlp,2519,0,0,0.9539795739059416,3.640778465695866e-05,0.04556492016415847,2.019290960674429e-06,0.00018250058970866855,0.00017306483647159772,6.151342810197557e-05
1,mlp,9840,6,6,0.15035575456402023,8.867242012751887e-05,0.03179684401663789,0.000688085608413016,0.0017528512451504945,0.010107743896189828,0.805210048249461
1,mlp,12365,3,3,9.50282141139219e-08,3.086180134246471e-08,1.5554711607545248e-07,0.9961156428814877,0.00029057912887509946,0.00023573889532759306,0.003357757657178067
1,mlp,4929,2,2,4.285327279162559e-05,1.7021012376028986e-05,0.9998057705684428,5.215019663404382e-08,0.00013097667280018125,3.111304055281706e-06,2.1501933741796804e-07
1,mlp,12047,3,3,3.4977994865744178e-06,3.4942624088793357e-07,4.366518062291347e-06,0.9664683328692178,0.0002491736298190628,0.002820098357196226,0.030454181399977166
1,mlp,5756,4,4,0.0011848933893268685,3.566917478667835e-07,0.00019065135161552786,0.0009797284084207454,0.9599482541146698,5.645050401314774e-05,0.037639665540206056
1,mlp,3086,0,0,0.9859433436571938,5.972214839181189e-05,0.013930769130481841,2.1190663648437354e-08,2.519698167412394e-05,4.07321154784808e-05,2.147761161729825e-07
1,mlp,13485,3,6,9.488780131130937e-05,6.721430735838233e-06,3.841374794271207e-05,0.29457186365771737,0.017313938905686506,0.0032139808318790435,0.6847601936247272
1,mlp,1035,5,6,0.0007312719478981633,7.003511479087987e-06,0.0001891761273006617,0.34244040820182897,0.0010070522159607244,0.01763692591711011,0.6379881620784223
1,mlp,2067,0,0,0.8725436728218271,1.0270279972100456e-06,3.279257403082589e-05,0.00042137813215479793,0.11790977740269307,0.0009005401169147529,0.008190811924382368
1,mlp,10538,3,3,2.0008097367217554e-09,2.859802812604561e-10,1.1858438027885932e-09,0.9996999989949957,0.00011573733792683352,1.498462494498709e-06,0.00018276173194888798
1,mlp,4459,2,2,2.5025464489599644e-05,2.8859896913894407e-06,0.9997061124539811,2.5732538878510583e-07,0.0002551094719896712,8.366402439577945e-06,2.2428920195041588e-06
1,mlp,9612,6,6,0.0064955668452329925,2.42827176194828e-05,0.003073081986531761,0.0008257695060006717,0.0002867353227557326,0.0018561489070408606,0.9874384147148185
1,mlp,8848,6,6,0.003778799177841778,1.3456048808823207e-05,0.0007978410352075929,0.0027165124784625655,0.0004512214699668203,0.0010692918428865659,0.9911728779468258
1,mlp,23,5,3,3.80743854173005e-06,1.8528281564670155e-07,4.4748477838516985e-06,0.8597161122211877,0.00010292796452655758,0.12930043388985799,0.010872058355286797
1,mlp,7942,6,6,4.541167274386588e-05,4.264872186084542e-06,3.760955175341316e-05,0.3277965165660935,0.006945442150843591,0.004340194196691009,0.6608305609896885
1,mlp,202,5,5,3.021645284365134e-07,2.5052988377855743e-07,1.9196590701749445e-06,0.00973766248130596,1.704452128234711e-05,0.9899658003560229,0.00027702028790637214
1,mlp,6158,4,4,1.5063382125685147e-06,1.5708529989064624e-09,9.299540998991658e-06,3.6472794847247683e-06,0.9998036617108627,1.141897075108037e-06,0.00018074166251280652
1,mlp,6950,4,4,0.0006941835279225404,6.983410685174928e-07,0.04295495524064018,4.161124024544365e-05,0.9502823570431141,0.0001602136774465472,0.005865980929562498
1,mlp,12311,3,3,5.986801967546379e-07,1.140539035923999e-07,8.836390614684306e-07,0.9850265187053623,0.0003169915655129259,0.0005595808912105674,0.014095312464752503
1,mlp,4540,2,2,0.0004920798416340885,7.714236660855553e-06,0.9991675767499522,4.681108960877069e-07,0.0003189764835557862,8.01878692583014e-06,5.165790375001571e-06
1,mlp,11521,3,3,9.269078842019328e-08,1.8328742170224984e-08,2.2584866064049477e-07,0.994733616608164,6.719891021223649e-05,0.000885525398801856,0.004313322214630504
1,mlp,6847,4,4,2.5785431341539863e-06,3.2111278645849143e-09,1.579285871239637e-05,7.084065267140799e-07,0.9998040204451057,6.721136818223547e-06,0.00017017539857476843
1,mlp,4231,2,2,0.012314017030101411,1.2236531066650294e-05,0.986570502507766,2.088447903060827e-06,0.0009441180232139824,7.71499546735976e-05,7.988750527538604e-05
1,mlp,8700,6,6,0.00015492506730878906,4.359013065281525e-06,0.00015309973951989554,0.004495831699707412,0.0005413092526503398,0.001909591452449064,0.9927408837752992
1,mlp,9530,6,6,0.0014282879219100725,4.962069451901941e-06,0.002603282394368554,0.001240357889213933,0.009227955652735736,0.0018746258734529955,0.9836205281988668
1,mlp,8384,6,6,0.0013677289701036171,3.0644137810820213e-06,8.292971911353426e-05,0.02672904676765242,0.31356144021946114,0.0009098371325761762,0.657345952777312
1,mlp,8886,6,6,0.0006398695514082581,7.566282012802129e-06,0.00017194582265251662,0.003726795577453197,0.0013158953430158773,0.0009702331674269684,0.9931676942560304
1,mlp,7488,6,6,6.055728050767017e-05,2.1118053987001068e-06,9.705216946573749e-06,0.4113199973483531,0.03943804357644626,0.0007419668428027647,0.5484276179295449
1,mlp,8477,6,6,0.0008610835400019323,1.232076451478817e-05,0.00021961153966075004,0.020579789642224455,0.0010990084448571098,0.003019575485732174,0.9742086105830087
1,mlp,10847,3,3,2.6954982756874333e-08,2.5063992850031515e-09,1.6758954283797707e-08,0.9980124388095332,0.00011455859591406524,1.0972924125015328e-05,0.0018619834500916389
1,mlp,1009,5,5,4.419388205040527e-06,1.728763699480123e-07,2.59613008152507e-06,3.753900091144105e-05,1.1521265149194833e-06,0.9998465812721937,0.00010753920572334544
1,mlp,2424,0,0,0.9992927010846583,5.332342725193557e-06,0.0006330993052657455,4.558044083232936e-07,8.720836748241155e-06,3.9922139983827056e-05,1.9768486210326687e-05
1,mlp,9695,6,6,0.0021863402925081637,1.754733783628132e-05,0.0016388275201624273,0.0011372263932095407,0.0021651320915661164,0.004118094939599787,0.9887368314251176
1,mlp,15,5,5,8.949769456766383e-09,2.500669437497222e-09,3.9860487234860585e-08,0.00021171010259324127,1.5690056911001238e-07,0.9997813580341214,6.7236517900443925e-06
1,mlp,1114,5,5,0.00010907747971437718,3.879047492873017e-06,6.581575551357039e-05,0.006673745916334742,6.342877088187236e-05,0.9821682912869906,0.010915761743072027
1,mlp,12522,3,3,1.1609275851376888e-06,2.2200826849174665e-07,1.83737206324317e-06,0.9720616779702552,0.0004949742172048225,0.0015699387747076766,0.025870188729915373
1,mlp,9808,6,0,0.5231927313173892,0.00017207478091975264,0.017798032584197012,0.0010574390589173299,0.0013621012294655224,0.007004466669047168,0.44941315436006396
1,mlp,7680,6,3,5.4271830254564524e-05,4.272018527331902e-06,6.529075774896228e-05,0.7243774482483273,0.00161621814106621,0.005944688537345604,0.26793781046673015
1,mlp,10557,3,3,4.882575486471111e-10,1.8700288910236702e-10,1.7007889432018936e-09,0.9998470795482723,1.008648909418938e-05,4.400785831994749e-05,9.882372826413448e-05
1,mlp,6969,4,4,0.00017303851595563177,1.906912455157381e-07,0.008458842210224578,1.3905544954018607e-05,0.9893212928016161,0.0001360638438643621,0.00189666639213986
1,mlp,9877,6,6,0.018693297397215536,2.89417054259402e-05,0.0022755367815339694,0.0005625738062068806,0.007670047826386181,0.0016935812452690204,0.9690760212379624
1,mlp,10250,3,3,1.0492602536916416e-10,2.0435769765928033e-11,5.225555649512745e-11,0.9998560662750543,9.203520467003817e-05,6.632971010341867e-07,5.123504555718314e-05
1,mlp,6602,4,4,1.0212698381578817e-08,1.1391759304966673e-11,2.936207399740096e-08,2.5532255476888888e-08,0.9999947105617444,1.2392703500266272e-07,5.100392800734356e-06
1,mlp,12355,3,3,9.194956851264079e-07,2.3029010127216958e-07,2.0317039524583756e-06,0.9837326398905714,0.00024947790468855303,0.003631750740772956,0.012382949974228386
1,mlp,10577,3,3,1.7992947437884995e-10,7.638001961624305e-11,2.4603079023741927e-10,0.9999309555351168,2.2379848711272455e-05,4.9388925764261385e-06,4.172522125523133e-05
1,mlp,872,5,5,2.6538153722110207e-06,1.189225325426951e-06,1.328734232242224e-05,0.0019320415325233525,2.2548536850786033e-05,0.9971938797936816,0.0008343997539242082
1,mlp,8283,6,6,0.0006311369261534555,4.487921647518748e-06,0.00010900606682267164,0.05593989565502826,0.295218118669356,0.0005276190018251871,0.647569735759167
1,mlp,1922,5,0,0.7308497677737238,2.102896478251634e-06,6.714901760064404e-05,0.00010363954162698313,1.1685977116621588e-05,0.2661428577467121,0.0028227970467416203
1,mlp,6886,4,4,2.1646282457006758e-08,4.899825165847947e-09,0.0026204349871102543,4.862728195866655e-08,0.9973771515570095,3.272801846212925e-07,2.011002306070765e-06
1,mlp,4736,2,2,0.00013499555809489482,7.497702761871398e-07,0.9959761943978229,1.7522344247129042e-07,0.0038777305104678098,7.62738626713058e-06,2.5271536285933225e-06
1,mlp,12448,3,3,1.3228402662283487e-06,3.5399017596127224e-07,2.8958180965789833e-06,0.9811464144394714,0.0002612234430073619,0.00584887892489528,0.012738910544087226
1,mlp,2122,0,0,0.5453964564626451,0.00036489410768787527,0.11204000905978205,0.0004465885226123629,0.0012769287910816308,0.03196102189075425,0.30851410116543676
1,mlp,656,5,5,2.0151029866175455e-06,8.131702996799477e-07,3.6155329232845315e-06,0.0014323432301395292,2.2642523991293902e-05,0.9981126394649824,0.0004259309746772159
1,mlp,12219,3,3,1.4205456104842533e-07,4.209599976373255e-08,2.4054997680468764e-07,0.9949603441330024,0.00019710781326642946,0.0004048916304793753,0.0044372317227143136
1,mlp,8240,6,6,0.00012242949437651595,1.4615496502422027e-06,2.6912490412057662e-05,0.013089000886715914,0.0540778924145444,0.00039201112324267745,0.9322902920410581
1,mlp,7946,6,6,0.00014098585216999082,3.881518715306999e-06,9.539249941400508e-05,0.08254498252472364,0.0021391663564936186,0.000520594904547524,0.9145549963439358
1,mlp,5777,4,4,1.8810100330284033e-06,4.924128672708518e-09,4.099958797044726e-06,5.2487575405670926e-05,0.9991102282604897,2.2919324150907837e-06,0.0008290063387308402
1,mlp,4353,2,2,0.03605421152419625,3.599255345612908e-05,0.9633387643923947,2.9552643782971837e-06,0.000473416600075432,5.986998542637375e-05,3.478968007277246e-05
1,mlp,4478,2,2,0.0510179100567121,2.9569422306390877e-05,0.9479717777968034,1.0983262127702902e-06,0.0008777556656832292,7.882493555011141e-05,2.30637967321677e-05
1,mlp,9450,6,6,0.001360216430600269,8.958434494310198e-06,0.0010928491819528672,0.0009181563459243477,0.00036382449947387513,0.0010224994562866288,0.9952334956512677
1,mlp,1569,5,5,6.625045848296253e-06,3.433529784588858e-06,3.272356397276354e-05,0.00018182176809568076,2.4690095459480726e-05,0.9994117692156316,0.0003389367812074605
1,mlp,3730,1,1,2.1249508016956128e-08,0.9999983513988145,1.6268022951970889e-06,1.1221194612692995e-21,4.578075092597749e-10,9.157481199305039e-11,7.14552474387061e-26
1,mlp,1089,5,5,1.1177464371317286e-06,3.761871167934862e-07,5.851470171636453e-06,0.00020810119007002803,4.803949563757207e-06,0.9996577764885901,0.00012197296805049928
1,mlp,5048,2,2,0.2129966120403351,0.0016786270571696284,0.7845956528351102,6.67874146165709e-08,0.00016423249470628675,0.0005646260120876053,1.8277317666554396e-07
1,mlp,5916,4,4,2.6443690704908088e-05,2.689701226949527e-08,5.6939342075688784e-05,5.393856361713384e-05,0.9945025982375284,8.570361614306452e-06,0.005351482907447225
1,mlp,2674,0,0,0.9999624183339596,2.682610642618671e-07,3.079424264178746e-05,1.0126788455634964e-08,4.064468230640057e-06,2.084713296929022e-06,3.5985401826137743e-07
1,mlp,7003,4,4,4.048162733973529e-08,2.403559410486834e-10,3.877335722871334e-05,1.0265768642000166e-07,0.9999537058494428,1.149660256341782e-06,6.227753402344969e-06
1,mlp,6088,4,4,1.1107237959534985e-07,1.431685274315494e-10,1.2001510795632436e-07,4.4228841907782217e-07,0.9999620596802552,3.0274654323241063e-07,3.696405412641473e-05
1,mlp,7940,6,6,0.0002719484547160637,3.741592392712297e-06,0.00014189950665960142,0.01305199364471377,0.0006217230299671069,0.0005654743408336194,0.985343219430717
1,mlp,1583,5,6,0.0009056178804159178,6.113241668871688e-05,0.001183108884077905,0.07216856752017199,0.0016743081303757824,0.430510598036494,0.49349666713177587
1,mlp,2229,0,0,0.9991470648829649,7.226061637467845e-06,0.0005376092879756633,2.087958472243302e-06,9.20316351989599e-06,0.00016866447030547914,0.0001281441751244219
1,mlp,6608,4,4,1.751847665765397e-05,4.894733106315036e-09,7.470465697940388e-06,1.224359348179501e-06,0.9995609238730219,4.173711988292259e-06,0.00040868421855306375
1,mlp,2905,0,0,0.9999521210246501,6.512217378867223e-06,3.098217844058555e-05,4.877132049738093e-09,5.084094428221311e-06,5.067282724889012e-06,2.2832524503348214e-07
1,mlp,13298,3,3,2.4412051827380945e-05,4.41097586969942e-06,4.043203312402742e-05,0.8324683386415334,0.0014322147988800771,0.03550145486501978,0.13052873663374592
1,mlp,7499,6,3,0.00029295386108066064,3.302591817017976e-06,0.00012456276156734498,0.5744065420513735,0.000580914050913308,0.015481550151509342,0.40911017453173865
1,mlp,6155,4,4,3.2665571344410004e-06,1.4420196731698154e-09,9.287738909386497e-06,2.3669566845918147e-06,0.9998494188386474,1.0191631162657443e-06,0.00013463930348805268
1,mlp,7910,6,6,7.156195276875221e-05,4.250825408853718e-06,0.0001026110512091845,0.18788722120453205,0.00374386826480514,0.0038763975799091842,0.8043140891213668
1,mlp,4978,2,2,0.006985719831805881,8.432331862747124e-05,0.992417268478788,2.0701301536222176e-07,0.00045034397527365786,6.073603333271227e-05,1.4013491567065174e-06
1,mlp,10986,3,3,8.441214574595666e-08,6.8115302630855804e-09,3.004685429778235e-08,0.9902707750353293,0.001489397322215997,8.730963723762257e-06,0.008230975408200517
1,mlp,9061,6,6,0.00048036667875187385,4.87418167531377e-06,0.0003275801692972546,0.001306739232721395,0.0006234478296906725,0.0011889045753204588,0.9960680873325432
1,mlp,7264,4,4,0.00013131240585072878,6.783986564411769e-08,0.000873079147397795,7.851650594896804e-07,0.9980700255166003,0.00015637587150150984,0.0007683540537245568
1,mlp,3636,1,1,8.404718207712511e-07,0.9994053178675124,0.0005938202421941062,1.8181118944979774e-18,1.7400638652892468e-08,4.017834037601114e-09,9.06038889236499e-23
1,mlp,5557,4,4,3.308652925487355e-05,7.989337989128624e-07,6.454312800375589e-06,0.1573268012156868,0.4304717545880735,0.00050633614268627,0.41165476827769926
1,mlp,11693,3,3,7.108090468738205e-07,4.51915884529428e-08,5.085717275171641e-07,0.981242520931393,0.00027556324729553696,7.716286031430849e-05,0.01840348838863442
1,mlp,3898,2,6,0.005539546680479002,1.9152623185196476e-05,0.012180804422849335,0.0005389909832529944,0.08879372651520168,0.006507881584856059,0.8864198971901757
1,mlp,82,5,5,1.9613871324856682e-07,5.62416286586466e-09,6.492157496634644e-08,5.859568675218843e-05,1.2028301473911845e-07,0.9999266196301803,1.4397715601873291e-05
1,mlp,233,5,5,2.584546105021823e-07,3.5450858477747426e-08,1.8138653126694744e-07,8.448054146483517e-05,8.231854841191312e-07,0.9998941131426708,2.010783837986914e-05
1,mlp,2296,0,0,0.9736775593320369,3.2601596429373475e-05,0.023522355225176136,2.367852310967456e-05,0.000540811880781802,0.0005129197937923851,0.001690073648673636
1,mlp,12453,3,3,9.624910562064573e-07,2.2106941607209114e-07,2.117855294826723e-06,0.9695266544007427,0.00029169548598642473,0.005030225949628573,0.02514812274787538
1,mlp,7893,6,6,0.00013372792550670948,8.31804454352027e-06,5.40648955565809e-05,0.3816089367827501,0.006770365466284402,0.004327996736770264,0.6070965901485884
1,mlp,12658,3,3,1.4227766753675879e-06,2.8732011740694984e-07,2.559129913612698e-06,0.9746552359245667,0.0003052134205106866,0.003921195878249231,0.021114085549966792
1,mlp,6397,4,4,1.4661063575540482e-06,2.7246544288310666e-09,1.2899716261341577e-06,2.5087506967807326e-06,0.9991908620014396,7.064851903423216e-06,0.0007968055933219408
1,mlp,2842,0,0,0.9998888278197569,5.460169699146823e-07,9.881309711911365e-05,1.2107693389937859e-08,6.1169897275761244e-06,5.071128297897363e-06,6.128404353937245e-07
1,mlp,12056,3,3,1.3118590663195087e-07,2.5806363042443907e-08,1.9598804372512775e-07,0.99405546030933,0.00042948159826499934,0.00015215759811372637,0.005362547513977958
1,mlp,4585,2,2,0.00015735610283966649,5.384456872562484e-06,0.9985466842594495,8.309950508701869e-08,0.0012735438561910285,1.5430766658470526e-05,1.5174584834803832e-06
1,mlp,5039,2,2,0.002952042972223301,1.6806377119157433e-05,0.9965192796206549,2.974686165961811e-08,0.00047891793843524486,3.263238381504609e-05,2.909608906533328e-07
1,mlp,921,5,5,4.2371480888672565e-07,3.696666180723277e-07,2.963656889049803e-06,0.00024017819122946143,6.2168083345678436e-06,0.9996743812007535,7.546676136664505e-05
1,mlp,1993,5,5,0.0003632426858825322,5.92066095445275e-05,0.002043838979768082,3.6697014654003784e-05,6.910028737418085e-05,0.995788356127827,0.0016395582949497245
1,mlp,9533,6,6,0.04003137776494057,0.00029374204771453116,0.018048297881638663,0.0029198030654527013,0.0013288153126754924,0.31710575032201055,0.6202722136055674
